Position_m,Temperature_t=0.00000000s,Temperature_t=1.48148148s,Temperature_t=2.96296296s,Temperature_t=4.44444444s,Temperature_t=5.92592593s,Temperature_t=7.40740741s,Temperature_t=8.88888889s,Temperature_t=10.37037037s,Temperature_t=11.85185185s,Temperature_t=13.33333333s,Temperature_t=14.81481481s,Temperature_t=16.29629630s,Temperature_t=17.77777778s,Temperature_t=19.25925926s
-0.12,40.0,40.0,40.00000000000121,40.000000001891024,40.00000011973095,40.00000169211681,40.00001054113089,40.00004001473704,40.00011010731482,40.000243039701544,40.000458339330365,40.00076959941658,40.00118336282105,40.001699590353816
-0.11975999999999999,40.0,40.0,40.000000000001215,40.00000000189699,40.00000011996062,40.00000169428731,40.00001055076558,40.000040042012195,40.0001101652357,40.00024314103763,40.00045849408207,40.00076981355174,40.00118363815896,40.001699925159144
-0.11951999999999999,40.0,40.0,40.000000000001236,40.000000001914884,40.000000120649624,40.00000170079882,40.000010579669656,40.00004012383766,40.000110338998326,40.00024344504588,40.00045895833718,40.00077045595723,40.00118446417269,40.00170092957512
-0.11927999999999998,40.0,40.0,40.00000000000127,40.00000000194483,40.000000121801214,40.00000171167439,40.000010627926066,40.0000402604141,40.00011062898104,40.00024395233054,40.00045973295549,40.000771527758694,40.00118584224751,40.001702605228196
-0.11903999999999999,40.0,40.0,40.00000000000132,40.000000001987026,40.00000012342018,40.000001726946465,40.00001069564621,40.00004045199977,40.00011103565236,40.00024466361493,40.00046081893639,40.0007730302319,40.0011877739201,40.00170495389
-0.11879999999999999,40.0,40.0,40.00000000000139,40.00000000204173,40.00000012551287,40.000001746656885,40.00001078297015,40.00004069891087,40.00011155957148,40.000245579742014,40.000462217419475,40.000774964803455,40.00119026087921,40.00170797747798
-0.11855999999999998,40.0,40.0,40.00000000000148,40.000000002109275,40.00000012808719,40.00000177085707,40.00001089006683,40.000041001521915,40.00011220138881,40.00024670167508,40.00046392968533,40.000777333051516,40.00119330496638,40.00171167805606
-0.11832,40.0,40.0,40.00000000000158,40.00000000219008,40.000000131152674,40.00000179960806,40.00001101713435,40.0000413602662,40.00011296184657,40.000248030498426,40.00046595715621,40.00078013670652,40.00119690817662,40.001716057835296
-0.11807999999999999,40.0,40.0,40.0000000000017,40.00000000228461,40.000000134720466,40.000001832980665,40.000011164400235,40.000041775636255,40.0001138417794,40.00024956741806,40.00046830139678,40.000783377651906,40.00120107265908,40.00172111917447
-0.11783999999999999,40.0,40.0,40.00000000000184,40.00000000239343,40.0000001388034,40.00000187105565,40.000011332121794,40.000042248184386,40.000114842115046,40.00025131376244,40.000470964114946,40.0007870579249,40.00120580071782,40.001726864580725
-0.1176,40.0,40.0,40.000000000002004,40.00000000251718,40.000000143415996,40.000001913923825,40.00001152058646,40.00004277852318,40.00011596387503,40.000253270983286,40.00047394716258,40.000791179717254,40.00121109481242,40.0017332967102
-0.11735999999999999,40.0,40.0,40.000000000002196,40.000000002656584,40.000000148574536,40.00000196168628,40.00001173011218,40.00004336732618,40.000117208175425,40.000255440656375,40.0004772525364,40.000795745376,40.00121695755873,40.00174041836862
-0.11711999999999999,40.0,40.0,40.00000000000241,40.00000000281244,40.0000001542971,40.00000201445456,40.00001196104782,40.000044015328434,40.000118576227635,40.0002578244824,40.000480882378774,40.00080075740428,40.00122339172956,40.0017482325119
-0.11687999999999998,40.0,40.0,40.00000000000265,40.00000000298566,40.000000160603626,40.000002072350874,40.000012213773644,40.00004472332727,40.00012006933923,40.00026042428785,40.00048483897859,40.00080621846209,40.00123040025535,40.001756742246734
-0.11664,40.0,40.0,40.00000000000292,40.000000003177234,40.00000016751597,40.000002135508346,40.0000124887018,40.00004549218296,40.00012168891484,40.00026324202595,40.00048912477216,40.00081213136712,40.001237986224915,40.001765950831214
-0.11639999999999999,40.0,40.0,40.000000000003226,40.000000003388266,40.00000017505796,40.00000220407122,40.00001278627683,40.000046322819514,40.000123436457,40.0002662797776,40.00049374234411,40.00081849909556,40.00124615288612,40.00177586167536
-0.11615999999999999,40.0,40.0,40.000000000003574,40.00000000361995,40.000000183255466,40.00000227819519,40.000013106976205,40.00004721622547,40.000125313567224,40.00026953975236,40.00049869442833,40.00082532478293,40.001254903646554,40.001786478341735
-0.11592,40.0,40.0,40.00000000000396,40.00000000387361,40.0000001921365,40.00000235804764,40.00001345131097,40.00004817345477,40.00012732194689,40.000273024289484,40.000503983908935,40.0008326117249,40.00126424207429,40.00179780454598
-0.11567999999999999,40.0,40.0,40.00000000000439,40.000000004150685,40.000000201731254,40.000002443807944,40.00001381982633,40.000049195627675,40.00012946339839,40.00027673585901,40.00050961382122,40.00084036337818,40.001274171898544,40.001809844157385
-0.11543999999999999,40.0,40.0,40.00000000000487,40.00000000445273,40.00000021207223,40.000002535667846,40.00001421310228,40.000050283931664,40.00013173982613,40.0002806770628,40.0005155873527,40.00084858336133,40.00128469701038,40.00182260119945
-0.1152,40.0,40.0,40.00000000000541,40.00000000478145,40.00000022319431,40.00000263383174,40.0000146317544,40.00005143962245,40.00013415323774,40.0002848506357,40.000521907844096,40.000857275455665,40.0012958214634,40.00183607985038
-0.11495999999999999,40.0,40.0,40.000000000006004,40.00000000513867,40.00000023513486,40.000002738517075,40.00001507643446,40.00005266402504,40.000136705745206,40.000289259446745,40.000528578790416,40.000866443606114,40.0013075494745,40.00185028444367
-0.11471999999999999,40.0,40.0,40.000000000006665,40.0000000055264,40.00000024793385,40.000002849954726,40.00001554783128,40.00005395853476,40.000139399566116,40.00029390650028,40.00053560384202,40.00087609192214,40.001319885424486,40.0018652194686
-0.11447999999999998,40.0,40.0,40.000000000007404,40.00000000594679,40.00000026163391,40.00000296838941,40.00001604667154,40.000055324618415,40.000142237024924,40.00029879493728,40.00054298680571,40.0008862246786,40.00133283385885,40.001880889570735
-0.11424,40.0,40.0,40.00000000000823,40.00000000640215,40.000000276280524,40.00000309408011,40.000016573720536,40.00005676381547,40.00014522055424,40.00030392803656,40.00055073164586,40.00089684631671,40.00134639948841,40.001897299552475
-0.11399999999999999,40.0,40.0,40.000000000009145,40.00000000689501,40.000000291922134,40.00000322730053,40.00001712978318,40.00005827773927,40.00014835269623,40.00030930921612,40.00055884248553,40.000907961444895,40.00136058719005,40.001914454373505
-0.11375999999999999,40.0,40.0,40.00000000001016,40.00000000742806,40.00000030861025,40.00000336833957,40.00001771570483,40.000059868078274,40.000151636103986,40.00031494203449,40.00056732360767,40.00091957483979,40.0013754020074,40.00193235915132
-0.11352,40.0,40.0,40.00000000001129,40.00000000800422,40.000000326399594,40.00000351750183,40.0000183323723,40.00006153659741,40.000155073543,40.0003208301921,40.00057617945626,40.00093169144716,40.001390849151505,40.00195101916166
-0.11327999999999999,40.0,40.0,40.00000000001254,40.00000000862662,40.0000003453483,40.00000367510811,40.00001898071486,40.00006328513941,40.00015866789262,40.00032697753269,40.00058541463756,40.00094431638279,40.00140693400157,40.00197043983903
-0.11303999999999999,40.0,40.0,40.00000000001393,40.000000009298645,40.000000365518,40.000003841495996,40.00001966170528,40.00006511562628,40.00016242214765,40.000333388044766,40.000595033921314,40.000957454933555,40.00142366210562,40.00199062677712
-0.11279999999999998,40.0,40.0,40.00000000001547,40.0000000100239,40.00000038697405,40.000004017020395,40.0000203763609,40.00006703006067,40.000166339419884,40.00034006586311,40.00060504224202,40.000971112558275,40.00144103918119,40.002011585729264
-0.11256,40.0,40.0,40.00000000001718,40.00000001080631,40.00000040978569,40.000004202054164,40.00002112574478,40.00006903052749,40.00017042293975,40.00034701527025,40.000615444700195,40.000985294888785,40.001459071116,40.00203332260889
-0.11231999999999999,40.0,40.0,40.00000000001907,40.000000011650044,40.00000043402623,40.00000439698873,40.00002191096687,40.000071119195404,40.00017467605802,40.00035424069809,40.00062624656364,40.00100000773084,40.001477763968694,40.002055843489906
-0.11207999999999999,40.0,40.0,40.000000000021174,40.0000000125596,40.00000045977321,40.000004602234725,40.00002273318522,40.000073298318455,40.000179102247515,40.000361746729425,40.00063745326883,40.001015257065156,40.00149712396944,40.00207915460718
-0.11184,40.0,40.0,40.0000000000235,40.00000001353981,40.00000048710868,40.00000481822269,40.000023593607246,40.000075570237755,40.00018370510486,40.00036953809965,40.00064907042217,40.0010310490484,40.001517157520695,40.002103262356904
-0.11159999999999999,40.0,40.0,40.00000000002608,40.000000014595855,40.000000516119364,40.00000504540378,40.000024493491054,40.0000779373832,40.00018848835233,40.00037761969833,40.00066110380142,40.00104739001419,40.00153787119779,40.002128173296974
-0.11135999999999999,40.0,40.0,40.000000000028926,40.00000001573327,40.000000546896906,40.00000528425051,40.00002543414677,40.00008040227522,40.00019345583972,40.00038599657098,40.000673559357026,40.00106428647411,40.00155927174968,40.00215389414741
-0.11112,40.0,40.0,40.00000000003209,40.00000001695803,40.00000057953811,40.00000553525752,40.00002641693796,40.000082967526616,40.000198611546246,40.00039467392076,40.000686443213546,40.00108174511874,40.00158136609956,40.00218043179071
-0.11087999999999999,40.0,40.0,40.000000000035584,40.000000018276516,40.00000061414517,40.000005798942375,40.000027443283074,40.00008563584443,40.00020395958249,40.00040365711025,40.00069976167106,40.00109977281866,40.001604161345554,40.0022077932722
-0.11063999999999999,40.0,40.0,40.000000000039456,40.00000001969556,40.000000650826,40.00000607584641,40.00002851465694,40.00008841003188,40.00020950419246,40.000412951663236,40.00071352120659,40.00111837662552,40.001627664761365,40.0022359858004
-0.11039999999999998,40.0,40.0,40.00000000004374,40.000000021222505,40.00000068969444,40.00000636653561,40.00002963259233,40.000091292990355,40.0002152497556,40.00042256326657,40.00072772847561,40.001137563773035,40.00165188379691,40.00226501674731
-0.11016,40.0,40.0,40.00000000004848,40.000000022865194,40.00000073087058,40.0000066716015,40.00003079868156,40.000094287721446,40.000221200788914,40.00043249777203,40.00074239031346,40.00115734167806,40.001676826079,40.00229489364881
-0.10991999999999999,40.0,40.0,40.00000000005372,40.000000024632044,40.00000077448109,40.000006991662076,40.00003201457812,40.000097397329036,40.0002273619491,40.00044276119822,40.00075751373688,40.00117771794162,40.00170249941194,40.00232562420487
-0.10967999999999999,40.0,40.0,40.00000000005951,40.000000026532064,40.00000082065949,40.000007327362816,40.0000332819984,40.000100625021446,40.0002337380348,40.0004533597325,40.00077310594549,40.001198700349995,40.0017289117782,40.002357216279925
-0.10944,40.0,40.0,40.00000000006591,40.00000002857488,40.000000869546525,40.000007679377646,40.000034602723446,40.000103974113685,40.00024033398877,40.000464299732975,40.00078917432338,40.001220296875715,40.001756071339024,40.0023896779031
-0.10919999999999999,40.0,40.0,40.00000000007299,40.00000003077081,40.00000092129053,40.000008048410045,40.00003597860077,40.00010744802965,40.00024715490025,40.000475587730485,40.000805726440575,40.00124251567869,40.00178398643505,40.002423017268505
-0.10895999999999999,40.0,40.0,40.00000000008081,40.0000000331309,40.00000097604776,40.0000084351941,40.00003741154622,40.00011105030451,40.00025420600727,40.00048723043064,40.00082277005467,40.001265365107216,40.001812665586925,40.00245724273545
-0.10872,40.0,40.0,40.00000000008944,40.00000003566696,40.00000103398281,40.000008840495624,40.00003890354589,40.00011478458704,40.000261492699025,40.0004992347159,40.00084031311237,40.00128885369907,40.001842117495904,40.00249236282871
-0.10848,40.0,40.0,40.000000000098986,40.000000038391605,40.00000109526903,40.0000092651134,40.000040456658155,40.000118654642094,40.00026902051835,40.00051160764766,40.00085836375109,40.00131299018257,40.00187235104446,40.00252838623873
-0.10823999999999999,40.0,40.0,40.000000000109516,40.000000041318344,40.000001160088885,40.00000970988031,40.00004207301563,40.00012266435308,40.00027679516422,40.0005243564684,40.0008769303006,40.001337783477645,40.001903375296855,40.00256532182183
-0.10799999999999998,40.0,40.0,40.00000000012114,40.00000004446162,40.00000122863452,40.00001017566468,40.00004375482735,40.00012681772453,40.00028482249421,40.00053748860381,40.00089602128458,40.00136324269689,40.00193519949973,40.002603178600374
-0.10776,40.0,40.0,40.00000000013397,40.00000004783687,40.000001301108085,40.000010663371505,40.0000455043809,40.00013111888472,40.00029310852717,40.000551011665046,40.00091564542235,40.00138937714665,40.00196783308264,40.00264196576296
-0.10751999999999999,40.0,40.0,40.000000000148134,40.00000005146059,40.000001377722356,40.00001117394388,40.00004732404461,40.00013557208832,40.00030165944577,40.000564933450896,40.000935811630455,40.0014161963281,40.00200128565867,40.002681692664574
-0.10727999999999999,40.0,40.0,40.00000000016375,40.00000005535039,40.00000145870116,40.000011708364354,40.0000492162699,40.00014018171918,40.000310481599264,40.000579261950065,40.00095652902435,40.001443709938286,40.00203556702494,40.002722368826696
-0.10704,40.0,40.0,40.000000000180975,40.000000059525114,40.00000154427994,40.00001226765639,40.000051183593584,40.00014495229311,40.00031958150615,40.00059400534345,40.00097780692008,40.001471927871194,40.00207068716312,40.002764003937436
-0.10679999999999999,40.0,40.0,40.000000000199975,40.00000006400487,40.0000016347063,40.000012852885874,40.000053228640304,40.00014988846071,40.00032896585696,40.00060917200645,40.00099965483601,40.00150086021884,40.00210665624,40.00280660785164
-0.10655999999999999,40.0,40.0,40.000000000220915,40.00000006881114,40.00000173024062,40.00001346516266,40.00005535412502,40.00015499501035,40.000338641517104,40.00062477051132,40.00102208249444,40.001530517272315,40.00214348460797,40.00285019059095
-0.10631999999999998,40.0,40.0,40.000000000244,40.00000007396686,40.00000183115663,40.00001410564221,40.00005756285552,40.000160276871114,40.00034861552972,40.000640809629544,40.00104509982339,40.00156090952283,40.002181182805536,40.00289476234386
-0.10608,40.0,40.0,40.00000000026943,40.00000007949651,40.00000193774208,40.000014775527184,40.00005985773509,40.000165739115886,40.00035889511858,40.00065729833419,40.00106871695832,40.0015920476628,40.00221976155777,40.00294033346577
-0.10583999999999999,40.0,40.0,40.000000000297455,40.000000085426215,40.000002050299365,40.00001547606926,40.000062241765164,40.00017138696444,40.00036948769107,40.000674245802394,40.00109294424382,40.00162394258687,40.002259231776804,40.00298691447903
-0.10559999999999999,40.0,40.0,40.00000000032831,40.000000091783875,40.000002169146285,40.00001620857082,40.0000647180481,40.000177225786615,40.00038040084118,40.000691661417775,40.00111779223537,40.00165660539296,40.002299604562296,40.00303451607288
-0.10536,40.0,40.0,40.000000000362306,40.00000009859923,40.000002294616706,40.00001697438684,40.00006728979,40.00018326110559,40.000391642352604,40.000709554772925,40.0011432717011,40.001690047383335,40.002340891201825,40.00308314910346
-0.10511999999999999,40.0,40.0,40.00000000039972,40.00000010590404,40.000002427061354,40.00001777492677,40.000069960303605,40.00018949860117,40.00040322020177,40.00072793567189,40.001169393623535,40.00172428006559,40.00238310317136,40.00313282459378
-0.10487999999999999,40.0,40.0,40.000000000440906,40.000000113732156,40.000002566848615,40.00001861165651,40.00007273301128,40.00019594411315,40.000415142561046,40.000746814132725,40.00119616920135,40.001759315153706,40.002426252135635,40.003183553733635
-0.10464,40.0,40.0,40.000000000486224,40.000000122119665,40.00000271436534,40.000019486100406,40.00007561144808,40.00020260364479,40.00042741780191,40.00076620039004,40.001223609851145,40.001795164569046,40.002470349948545,40.003235347879524
-0.10439999999999999,40.0,40.0,40.00000000053609,40.00000013110508,40.00000287001771,40.00002039984338,40.000078599264846,40.00020948336628,40.00044005449819,40.00078610489754,40.001251727209215,40.00183184044139,40.00251540865352,40.00328821855453
-0.10415999999999999,40.0,40.0,40.000000000590944,40.000000140729426,40.00000303423217,40.00002135453307,40.00008170023143,40.00021658961833,40.00045306142934,40.00080653833068,40.00128053313331,40.00186935510989,40.00256144048388,40.00334217744821
-0.10391999999999998,40.0,40.0,40.00000000065126,40.00000015103643,40.000003207456324,40.00002235188205,40.00008491823999,40.000223928915844,40.0004664475838,40.00082751158922,40.001310039704435,40.001907721124105,40.002608457863154,40.003397236416404
-0.10368,40.0,40.00000000000001,40.00000000071758,40.00000016207271,40.00000339015995,40.00002339367016,40.00008825730835,40.000231507951554,40.0004802221623,40.00084903579991,40.00134025922863,40.00194695124493,40.002656473405416,40.00345340748108
-0.10343999999999999,40.0,40.00000000000001,40.00000000079048,40.00000017388791,40.00000358283598,40.00002448174687,40.0000917215834,40.00023933359985,40.000494394581374,40.000871122319126,40.001371204238716,40.00198705844559,40.00270549991556,40.00351070283012
-0.10319999999999999,40.0,40.00000000000001,40.00000000087059,40.000000186534926,40.000003786001635,40.0000256180337,40.00009531534471,40.00024741292062,40.00050897447672,40.00089378273555,40.00140288749611,40.00202805591258,40.00275555038955,40.00356913481708
-0.10296,40.0,40.00000000000001,40.00000000095862,40.0000002000701,40.00000400019946,40.00002680452682,40.00009904300808,40.000255753163124,40.00052397170676,40.000917028872884,40.001435321992616,40.00206995704661,40.00280663801473,40.00362871596092
-0.10271999999999999,40.0,40.00000000000001,40.00000000105531,40.0000002145534,40.00000422599853,40.00002804329956,40.00010290912924,40.00026436176999,40.00053939635619,40.00094087279253,40.00146852095215,40.00211277546348,40.00285877617001,40.003689458945765
-0.10247999999999999,40.0,40.00000000000001,40.00000000116151,40.000000230048705,40.00000446399564,40.000029336505186,40.00010691840768,40.00027324638129,40.0005552587395,40.00096532679637,40.00150249783257,40.00215652499508,40.002911978426056,40.00375137662055
-0.10224,40.0,40.00000000000001,40.00000000127811,40.000000246624005,40.000004714816555,40.00003068637963,40.00011107569047,40.00028241483859,40.0005715694047,40.000990403429455,40.001537266327425,40.00220121969017,40.002966258545506,40.003814481998695
-0.102,40.0,40.000000000000014,40.00000000140611,40.00000026435164,40.00000497911734,40.00003209524435,40.00011538597626,40.000291875189184,40.0005883391369,40.00101611548281,40.00157284036773,40.00224687381533,40.003021630483104,40.00387878825774
-0.10175999999999999,40.0,40.000000000000014,40.00000000154658,40.000000283308616,40.000005257585705,40.00003356550929,40.00011985441928,40.00030163569035,40.00060557896205,40.001042475996215,40.0016092341237,40.002293501855796,40.003078108385836,40.00394430873893
-0.10151999999999999,40.0,40.000000000000014,40.00000000170072,40.00000030357683,40.00000555094243,40.00003509967588,40.000124486333554,40.000311704813626,40.000623300150714,40.00106949826095,40.00164646200657,40.00234111851626,40.00313570659303,40.004011056946844
-0.10128,40.0,40.000000000000014,40.000000001869815,40.000000325243434,40.00000585994284,40.00003670034019,40.00012928719706,40.00032209124923,40.00064151422181,40.00109719582261,40.00168453867027,40.00238973872173,40.003194439636445,40.00407904654888
-0.10103999999999999,40.0,40.00000000000002,40.00000000205527,40.00000034840107,40.00000618537834,40.00003837019616,40.00013426265611,40.00033280391053,40.000660232946466,40.001125582483944,40.00172347901321,40.0024393776183,40.0032543222403,40.004148291374804
-0.10079999999999999,40.0,40.00000000000002,40.00000000225862,40.00000037314829,40.00000652807803,40.00004011203887,40.00013941852975,40.000343851938545,40.00067946835186,40.00115467230767,40.001763298179995,40.00249005057393,40.00331536932133,40.00421880541622
-0.10056,40.0,40.00000000000003,40.000000002481556,40.00000039958984,40.000006888910356,40.000041928768,40.00014476081425,40.00035524470655,40.000699232725125,40.001184479619255,40.00180401156315,40.002541773179175,40.00337759598871,40.004290602826046
-0.10031999999999999,40.0,40.000000000000036,40.0000000027259,40.000000427837065,40.00000726878485,40.0000438233913,40.00015029568778,40.000366991824755,40.00071953861729,40.001215019009805,40.00184563480481,40.00259456124794,40.00344101754411,40.00436369791791
-0.10007999999999999,40.0,40.000000000000036,40.00000000299364,40.00000045800831,40.00000766865391,40.000045799028264,40.00015602951508,40.00037910314502,40.000740398847235,40.001246305338896,40.00188818379842,40.00264843081815,40.00350564948155,40.00443810516556
-0.09983999999999998,40.0,40.00000000000004,40.00000000328696,40.000000490229304,40.00000808951471,40.00004785891378,40.000161968852275,40.00039158876568,40.00076182650568,40.001278353737405,40.00193167469043,40.00270339815245,40.00357150748735,40.00451383920222
-0.0996,40.0,40.00000000000005,40.00000000360822,40.000000524633634,40.00000853241112,40.00005000640202,40.00016812045179,40.000404459036396,40.00078383495927,40.001311179610376,40.00197612388193,40.00275947973883,40.00363860743996,40.00459091481989
-0.09935999999999999,40.0,40.00000000000006,40.00000000396002,40.00000056136318,40.00000899843575,40.00005224497035,40.000174491267366,40.0004177245631,40.000806437854564,40.00134479863985,40.00202154803032,40.002816692291255,40.00370696540981,40.004669346968676
-0.09911999999999999,40.0,40.00000000000007,40.00000000434517,40.00000060056862,40.00000948873203,40.00005457822336,40.00018108845918,40.000431396213024,40.0008296491222,40.00137922678777,40.0020679640509,40.00287505275025,40.00377659765914,40.00474915075602
-0.09888,40.0,40.00000000000008,40.000000004766726,40.00000064240996,40.00001000449642,40.00005700989709,40.00018791939904,40.00044548511974,40.00085348298098,40.001414480298784,40.00211538911852,40.00293457828345,40.00384752064172,40.004830341445924
-0.09863999999999999,40.0,40.00000000000009,40.00000000522804,40.000000687057025,40.00001054698065,40.00005954386326,40.00019499167575,40.00046000268835,40.00087795394203,40.00145057570311,40.002163840669155,40.00299528628616,40.00391975100261,40.00491293445813
-0.09839999999999999,40.0,40.00000000000011,40.00000000573274,40.000000734690104,40.00001111749412,40.000062184133675,40.00020231310048,40.000474960600634,40.00090307681301,40.00148752981942,40.00221333640143,40.0030571943818,40.00399330557784,40.004996945367296
-0.09816,40.0,40.00000000000012,40.000000006284786,40.000000785500504,40.00001171740634,40.00006493486478,40.00020989171238,40.0004903708204,40.00092886670227,40.001525359757636,40.00226389427824,40.00312032042243,40.0040682013941,40.00508238990208
-0.09792,40.0,40.00000000000014,40.00000000688848,40.00000083969121,40.00001234814944,40.000067800362295,40.00021773578413,40.00050624559878,40.00095533902313,40.0015640829218,40.00231553252816,40.00318468248911,40.00414445566831,40.00516928394421
-0.09767999999999999,40.0,40.00000000000016,40.0000000075485,40.000000897477555,40.00001301122086,40.00007078508595,40.00022585382778,40.000522597479645,40.00098250949813,40.00160371701292,40.002368269647036,40.00325029889235,40.00422208580726,40.00525764352758
-0.09743999999999998,40.0,40.00000000000019,40.00000000826995,40.00000095908792,40.00001370818604,40.00007389365448,40.00023425460052,40.00053943930509,40.00101039416327,40.00164428003175,40.00242212439939,40.00331718817241,40.00430110940709,40.005347484837166
-0.0972,40.0,40.00000000000022,40.00000000905837,40.000001024764494,40.000014440681326,40.000077130850556,40.00024294711074,40.00055678422098,40.00103900937238,40.001685790281634,40.00247711581987,40.00338536909969,40.00438154425286,40.00543882420804
-0.09695999999999999,40.0,40.000000000000256,40.00000000991977,40.000001094764066,40.00001521041686,40.000080501626044,40.00025194062405,40.00057464568253,40.001068371801345,40.00172826637131,40.00253326321465,40.00345486067494,40.00446340831795,40.0055316781243
-0.09671999999999999,40.0,40.0000000000003,40.0000000108607,40.00000116935883,40.00001601917969,40.00008401110726,40.000261244669474,40.00059303746001,40.00109849845255,40.00177172721769,40.00259058616279,40.00352568212954,40.004546719763546,40.00562606321789
-0.09648,40.0,40.00000000000034,40.00000001188828,40.000001248837286,40.00001686883692,40.00008766460046,40.0002708690458,40.00061197364441,40.00112940665915,40.00181619204862,40.0026491045176,40.00359785292567,40.00463149693793,40.00572199626752
-0.09623999999999999,40.0,40.00000000000039,40.00000001301022,40.00000133350514,40.000017761339,40.00009146759738,40.00028082382793,40.0006314686533,40.0011611140895,40.001861680405675,40.00270883840791,40.00367139275649,40.00471775837591,40.00581949419739
-0.09599999999999999,40.0,40.000000000000455,40.000000014234914,40.000001423686285,40.000018698723174,40.00009542578105,40.00029111937348,40.00065153723666,40.00119363875147,40.00190821214685,40.002769808239364,40.003746321546224,40.00480552279802,40.00591857407603
-0.09576,40.0,40.000000000000526,40.00000001557147,40.0000015197238,40.00001968311695,40.000099545031595,40.00030176632936,40.000672194482746,40.00122699899691,40.001955807449306,40.00283203469564,40.00382265945027,40.00489480910984,40.00601925311493
-0.09552,40.0,40.000000000000604,40.000000017029784,40.000001621981056,40.00002071674187,40.000103831432334,40.000312775638584,40.000693455824134,40.00126121352603,40.002004486812055,40.00289553873964,40.00390042685518,40.00498563640115,40.00612154866727
-0.09527999999999999,40.0,40.000000000000696,40.000000018620575,40.0000017308428,40.0000218019172,40.000108291275936,40.00032415854711,40.00071533704368,40.001296301391804,40.00205427105864,40.00296034161461,40.00397964437864,40.005078023945075,40.00622547822654
-0.09503999999999999,40.0,40.00000000000081,40.00000002035549,40.00000184671636,40.000022941063946,40.00011293107078,40.000335926610866,40.000737854280665,40.00133228200439,40.00210518133978,40.003026464845306,40.00406033286941,40.00517199119724,40.00633105942511
-0.0948,40.0,40.00000000000093,40.000000022247164,40.00000197003292,40.000024136708895,40.00011775754745,40.000348091702804,40.000761024036876,40.001369175135586,40.00215723913596,40.003093930239004,40.004142513407196,40.005267557794745,40.006438310032784
-0.09455999999999999,40.0,40.00000000000107,40.000000024309294,40.000002101248775,40.00002539148884,40.0001227776654,40.000360666020164,40.00078486318285,40.001407000923216,40.00221046626008,40.00316275988654,40.004226207302466,40.005364743555255,40.006547247955304
-0.09431999999999999,40.0,40.000000000001236,40.00000002655672,40.00000224084674,40.00002670815496,40.0001279986198,40.00037366209181,40.000809388964086,40.001445779875596,40.002264884859954,40.00323297616327,40.00431143609624,40.00546356847591,40.00665789123278
-0.09408,40.0,40.00000000000142,40.00000002900555,40.000002389337595,40.00002808957735,40.00013342784851,40.000387092785665,40.00083461900736,40.00148553287594,40.002320517420856,40.00330460173,40.00439822155979,40.00556405273221,40.006770258038124
-0.09383999999999999,40.0,40.000000000001634,40.00000003167322,40.000002547261616,40.00002953874968,40.000139073039236,40.00040097131629,40.00086057132706,40.00152628118679,40.00237738676801,40.003377659533854,40.00448658569432,40.00566621667693,40.00688436667538
-0.09359999999999999,40.0,40.00000000000188,40.00000003457863,40.00000271519012,40.000031058794065,40.00014494213689,40.000415311252574,40.0008872643316,40.001568046454466,40.002435516069056,40.00345217280907,40.00457655073058,40.00577008083885,40.00700023557806
-0.09336,40.0,40.00000000000217,40.000000037742254,40.0000028937272,40.000032652966055,40.000151043351096,40.00043012652556,40.00091471682986,40.00161085071343,40.002494928836434,40.00352816507782,40.0046681391284,40.00587566592156,40.007117883307416
-0.09312,40.0,40.000000000002494,40.00000004118626,40.000003083511466,40.00003432465985,40.00015738516386,40.00044543143631,40.00094294803765,40.001654716390725,40.00255564892978,40.00360566015084,40.0047613735762,40.00598299280212,40.00723732855061
-0.09287999999999999,40.0,40.00000000000286,40.000000044934644,40.000003285217865,40.00003607741362,40.00016397633744,40.00046124066404,40.00097197758427,40.00169966631035,40.00261770055822,40.003684682128146,40.00485627699043,40.00609208252969,40.00735859011894
-0.09263999999999999,40.0,40.00000000000329,40.00000004901339,40.000003499559654,40.00003791491508,40.00017082592241,40.00047756927415,40.001001825519076,40.00174572369766,40.0026811082827,40.00376525539962,40.00495287251495,40.00620295632416,40.00748168694593
-0.0924,40.0,40.00000000000378,40.000000053450584,40.00000372729042,40.000039841007215,40.00017794326586,40.000494432726626,40.001032512318076,40.0017929121837,40.00274589701819,40.0038474046455,40.005051183520315,40.0063156355746,40.007606638085406
-0.09215999999999999,40.0,40.00000000000434,40.000000058276655,40.00000396920619,40.00004185969418,40.00018533801985,40.000511846884315,40.0010640588906,40.00184125580959,40.00281209203585,40.003931154836884,40.00515123360305,40.00643014183779,40.00773346270953
-0.09191999999999999,40.0,40.00000000000498,40.00000006352448,40.00000422614771,40.000043975147435,40.00019302014998,40.0005298280215,40.00109648658598,40.001890779030774,40.00287971896522,40.00401653123614,40.00525304658486,40.006546496836606,40.007862180106734
-0.09168,40.0,40.00000000000572,40.000000069229635,40.000004499002756,40.000046191712066,40.00020099994423,40.00054839283247,40.001129817200265,40.00194150672141,40.00294880379622,40.00410355939724,40.00535664651169,40.00666472245835,40.007992809679706
-0.09144,40.0,40.00000000000656,40.000000075430556,40.00000478870859,40.0000485139133,40.00020928802189,40.00056755844031,40.001164072982974,40.00199346417857,40.003019372881255,40.004192265166,40.00546205765284,40.00678484075309,40.00812537094317
-0.09119999999999999,40.0,40.000000000007525,40.00000008216879,40.00000509625456,40.000050946463254,40.00021789534283,40.00058734240565,40.00119927664387,40.002046677126515,40.0030914529371,40.00428267468034,40.00556930449993,40.006906873931825,40.0082598835218
-0.09095999999999999,40.0,40.000000000008626,40.000000089489234,40.00000542268477,40.00005349426788,40.0002268332168,40.00060776273572,40.00123545135977,40.0021011717209,40.00316507104684,40.00437481437039,40.00567841176579,40.0070308443647,40.00839636714791
-0.09072,40.0,40.000000000009884,40.000000097440385,40.00000576910094,40.00005616243416,40.000236113313086,40.00062883789333,40.00127262078138,40.00215697455297,40.00324025466171,40.00446871095853,40.00578940438337,40.007156774579094,40.0085348416592
-0.09047999999999999,40.0,40.00000000001132,40.00000010607462,40.00000613666531,40.00005895627751,40.00024574767026,40.00065058680613,40.00131080904012,40.00221411265363,40.003317031602855,40.004564391459404,40.00590230750446,40.00728468725765,40.00867532699642
-0.09023999999999999,40.0,40.00000000001296,40.00000011544849,40.00000652660379,40.00006188132943,40.00025574870618,40.0006730288758,40.001350040755035,40.00227261349767,40.00339543006301,40.00466188317982,40.00601714649843,40.007414605236285,40.00881784320096
-0.09,40.0,40.000000000014836,40.000000125623046,40.00000694020919,40.00006494334537,40.00026612922818,40.000696183987536,40.00139034103964,40.002332505007665,40.00347547860817,40.00476121371858,40.00613394695083,40.00754655150207,40.008962410412416
-0.08975999999999999,40.0,40.00000000001698,40.000000136664156,40.00000737884458,40.00006814831289,40.00027690244351,40.00072007251947,40.00143173550883,40.00239381555813,40.003557206179124,40.00486241096622,40.006252734661985,40.00768054919109,40.00910904886609
-0.08951999999999999,40.0,40.00000000001942,40.0000001486429,40.00000784394689,40.00007150246003,40.000288081969906,40.00074471535231,40.001474250285796,40.002456573979394,40.00364064209294,40.004965503104685,40.00637353564543,40.00781662158626,40.00925777889042
-0.08928,40.0,40.00000000002221,40.00000016163594,40.00000833703061,40.000075012263956,40.00029968184646,40.00077013387906,40.00151791200892,40.002520809561524,40.003725816044366,40.005070518606935,40.00649637612633,40.00795479211497,40.009408620904395
-0.08904,40.0,40.00000000002539,40.000000175725944,40.000008859691626,40.00007868445986,40.00031171654462,40.000796350014774,40.001562747838726,40.002586552058204,40.00381275810715,40.00517748623642,40.00662128253982,40.0080950843468,40.00956159541486
-0.08879999999999999,40.0,40.000000000029004,40.000000191002066,40.00000941361136,40.00008252605016,40.00032420097952,40.00082338620652,40.00160878546476,40.00265383169051,40.00390149873529,40.00528643504647,40.00674828152921,40.008237521991056,40.00971672301383
-0.08855999999999999,40.0,40.00000000003313,40.00000020756036,40.00001000056095,40.00008654431392,40.00033715052135,40.00085126544334,40.00165605311254,40.002722679150644,40.00399206876417,40.00539739437969,40.00687739994419,40.00838212889432,40.00987402437568
-0.08832,40.0,40.000000000037836,40.00000022550436,40.00001062240573,40.00009074681664,40.00035058100712,40.000880011266354,40.001704579550434,40.00279312560563,40.004084499411626,40.00551039386711,40.00700866483886,40.00852892903786,40.010033520254325
-0.08807999999999999,40.0,40.00000000004319,40.00000024494558,40.000011281109835,40.0000951414202,40.000364508752554,40.000909647778975,40.00175439409657,40.00286520270085,40.00417882227893,40.005625463427386,40.00714210346976,40.008677946535,40.01019523148036
-0.08783999999999999,40.0,40.000000000049276,40.000000266004164,40.00001197874106,40.00009973629327,40.000378950564205,40.000940199657144,40.00180552662576,40.00293894256368,40.00427506935166,40.0057426332658,40.00727774329379,40.00882920562848,40.01035917895806
-0.0876,40.0,40.00000000005621,40.00000028880944,40.0000127174759,40.000104539921885,40.000393923751815,40.00097169215974,40.001858007576296,40.00301437780682,40.00437327300046,40.00586193387324,40.00741561196599,40.008982730687585,40.01052538366244
-0.08736,40.0,40.00000000006409,40.00000031350066,40.00001349960483,40.000109561120375,40.00040944614088,40.00100415113899,40.001911867956856,40.00309154153176,40.00447346598178,40.00598339602504,40.00755573733733,40.00913854620541,40.01069386663614
-0.08711999999999999,40.0,40.00000000007305,40.000000340227665,40.00001432753787,40.00011480904263,40.000425536085444,40.00103760305105,40.00196713935332,40.00317046733205,40.00457568143839,40.00610705077972,40.00769814745231,40.00929667679586,40.01086464898633
-0.08688,40.0,40.00000000008324,40.0000003691517,40.00001520381023,40.000120293193625,40.00044221248112,40.001072074966565,40.002023853935526,40.00325118929648,40.00467995289987,40.00623292947764,40.007842870546575,40.00945714719073,40.01103775188155
-0.08664,40.0,40.00000000009481,40.000000400446226,40.00001613108841,40.000126023441375,40.000459494778326,40.00110759458138,40.00208204446408,40.00333374201224,40.004786314283024,40.00636106373954,40.007989935044336,40.009619982236586,40.011213196548475
-0.08639999999999999,40.0,40.00000000010795,40.000000434297775,40.00001711217639,40.00013201002911,40.00047740299574,40.00114419022731,40.002141744297056,40.00341816056791,40.004894799892085,40.006491485465006,40.00813936955578,40.00978520689167,40.01139100426859
-0.08615999999999999,40.0,40.000000000122874,40.00000047090688,40.00001815002219,40.00013826358784,40.000495957733996,40.00118189088295,40.00220298739668,40.003504480556416,40.00500544441886,40.006624226830745,40.008291202874354,40.00995284622267,40.01157119637489
-0.08592,40.0,40.000000000139806,40.00000051048915,40.000019247724694,40.0001447951493,40.00051518018959,40.00122072618457,40.002265808335956,40.00359273807784,40.00511828294282,40.006759320288865,40.008445463973956,40.01012292540143,40.01175379424842
-0.08567999999999999,40.0,40.00000000015902,40.00000055327624,40.000020408540664,40.000151616159165,40.000535092168995,40.001260726437074,40.00233024230527,40.00368296974214,40.005233350930915,40.006896798564945,40.00860218200602,40.01029546970164,40.011938819314885
-0.08543999999999999,40.0,40.000000000180805,40.00000059951703,40.0000216358922,40.00015873849072,40.00055571610305,40.001301922625004,40.00239632511891,40.003775212671776,40.00535068423745,40.00703669465605,40.008761386296555,40.01047050449531,40.01212629304104
-0.0852,40.0,40.0000000002055,40.00000064947887,40.00002293337444,40.0001661744588,40.00057707506152,40.0013443464236,40.00246409322154,40.00386950450422,40.005470319103694,40.00717904182862,40.00892310634301,40.01064805524933,40.01231623693116
-0.08496,40.0,40.00000000023349,40.000000703448826,40.000024304763514,40.00017393683416,40.00059919276788,40.00138803020994,40.00253358369461,40.00396588339432,40.00559229215744,40.00732387361622,40.00908737181112,40.010828147521835,40.01250867252341
-0.08471999999999999,40.0,40.0000000002652,40.00000076173509,40.00002575402497,40.00018203885824,40.00062209361436,40.00143300707405,40.00260483426267,40.00406438801658,40.00571664041242,40.00747122381721,40.009254212531616,40.01101080695857,40.01270362138607
-0.08448,40.0,40.00000000030111,40.000000824668426,40.0000272853224,40.000190494258234,40.00064580267715,40.001479310830135,40.002677883299654,40.00416505756729,40.00584340126757,40.00762112649226,40.00942365849679,40.01119605928912,40.012901105113876
-0.08424,40.0,40.00000000034176,40.00000089260377,40.00002890302656,40.00019931726261,40.000670345731905,40.00152697602779,40.00275276983505,40.00426793176658,40.00597261250615,40.00777361596175,40.00959573985709,40.011383930323085,40.013101145324114
-0.08399999999999999,40.0,40.00000000038775,40.00000096592186,40.00003061172469,40.00020852261705,40.00069574926936,40.001576037963275,40.00282953356,40.00437305086021,40.006104312294795,40.00792872680309,40.00977048691746,40.01157444594619,40.01330376365279
-0.08375999999999999,40.0,40.00000000043978,40.00000104503105,40.0000324162304,40.000218125600675,40.000722040511256,40.001626532690786,40.002908214833305,40.00448045562143,40.00623853918235,40.00808649384783,40.009947930133684,40.01176763211627,40.01350898175068
-0.08352,40.0,40.000000000498616,40.00000113036914,40.00003432159377,40.00022814204282,40.00074924742642,40.00167849703374,40.00298885468731,40.00459018735249,40.00637533209856,40.00824695217874,40.010128100108574,40.011963514859254,40.01371682127934
-0.08327999999999999,40.0,40.00000000056512,40.00000122240546,40.00003633311202,40.000238588340146,40.00077739874708,40.00173196859613,40.00307149483375,40.00470228788614,40.00651473035269,40.008410137126695,40.0103110275881,40.012162120264996,40.01392730390703
-0.08303999999999999,40.0,40.00000000064028,40.00000132164296,40.00003845634045,40.00024948147414,40.00080652398538,40.001786985773826,40.003156177669425,40.004816799586926,40.00665677363194,40.008576084267446,40.01049674345737,40.01236347448304,40.01414045130463
-0.0828,40.0,40.00000000072516,40.00000142862049,40.00004069710389,40.00026083902914,40.00083665345008,40.00184358776588,40.00324294628179,40.004933765352355,40.006801501999675,40.008744829418276,40.01068527873652,40.01256760371833,40.014356285141425
-0.08256,40.0,40.000000000821004,40.00000154391525,40.00004306150861,40.00027267921067,40.000867818263515,40.00190181458588,40.003331844454415,40.00505322861388,40.00694895589359,40.00891640863449,40.01087666457651,40.01277453422686,40.01457482708092
-0.08231999999999999,40.0,40.00000000092919,40.0000016681453,40.00004555595466,40.0002850208643,40.00090005037866,40.001961707073214,40.003422916672356,40.00517523333773,40.007099176123624,40.00909085820584,40.01107093225481,40.012984292311124,40.01479609877652
-0.08207999999999999,40.0,40.000000001051255,40.000001801972346,40.00004818714862,40.00029788349491,40.0009333825965,40.00202330690441,40.003516208127316,40.0052998240256,40.0072522038698,40.00926821465269,40.011268113170956,40.01319690431568,40.01502012186718
-0.08184,40.0,40.00000000118894,40.0000019461046,40.000050962116994,40.000311287286415,40.00096784858348,40.00208665660435,40.00361176472277,40.005427045715095,40.00740808067982,40.00944851472221,40.01146823884203,40.01341239662243,40.015246917973016
-0.08159999999999999,40.0,40.00000000134417,40.00000210129988,40.000053888219966,40.000325253121886,40.001003482889224,40.00215179955753,40.00370963307886,40.005556943980125,40.00756684846656,40.00963179538425,40.01167134089801,40.01363079564596,40.015476508690796
-0.08135999999999999,40.0,40.000000001519126,40.000002268368874,40.00005697316573,40.00033980260421,40.00104032096441,40.00221878001925,40.00380986053721,40.00568956493097,40.00772854950535,40.00981809382723,40.011877451077034,40.01385212782876,40.01570891558947
-0.08112,40.0,40.00000000171625,40.0000024481786,40.00006022502535,40.00035495807711,40.00107839917877,40.00228764312675,40.00391249516551,40.00582495521427,40.00789322643113,40.01000744745378,40.01208660122049,40.01407641963632,40.01594416020556
-0.08088,40.0,40.00000000193826,40.00000264165609,40.000063652248194,40.000370742646744,40.00111775483937,40.00235843491032,40.00401758576199,40.00596316201282,40.00806092223536,40.010199893876326,40.01229882326809,40.0143036975522,40.01618226403849
-0.08063999999999999,40.0,40.000000002188216,40.000002849792274,40.00006726367787,40.000387180203646,40.001158426208946,40.0024312023043,40.004125181859756,40.00610423304504,40.00823168026284,40.010395470912414,40.01251414925278,40.01453398807299,40.01642324854595
-0.0804,40.0,40.00000000246953,40.000003073646155,40.00007106856882,40.00040429544523,40.001200452524465,40.00250599315808,40.00423533373084,40.006248216564494,40.00840554420828,40.01059421658002,40.01273261129551,40.01476731770321,40.016667135139095
-0.08016,40.0,40.00000000278601,40.000003314349144,40.00007507660346,40.00042211389869,40.00124387401582,40.00258285624695,40.004348092390174,40.0063951613589,40.00858255811272,40.010796169092615,40.01295424159997,40.0150037129501,40.01691394517774
-0.07991999999999999,40.0,40.00000000314193,40.00000357310974,40.00007929790995,40.00044066194449,40.001288731924674,40.0026618412829,40.00446350959933,40.006545116749244,40.00876276635978,40.01100136685414,40.01317907244713,40.01524320031833,40.017163699965515
-0.07967999999999999,40.0,40.00000000354206,40.00000385121843,40.0000837430806,40.000459966840154,40.001335068523446,40.00274299892535,40.00458163787006,40.006698132588404,40.00894621367168,40.01120984845377,40.013407136189734,40.015485806304696,40.0174164207449
-0.07944,40.0,40.00000000399173,40.00000415005291,40.00008842319096,40.000480056744735,40.00138292713442,40.00282638079169,40.00470253046764,40.00685425925976,40.00913294510509,40.01142165266061,40.01363846524664,40.01573155739261,40.01767212869229
-0.07919999999999999,40.0,40.00000000449688,40.000004471083585,40.00009334981948,40.00050096074362,40.00143235214902,40.00291203946784,40.004826241414015,40.0070135476755,40.009323006046806,40.011636818418154,40.01387309209707,40.01598048004665,40.01793084491292
-0.07895999999999999,40.0,40.00000000506416,40.00000481587943,40.000098535067984,40.00052270887387,40.00148338904711,40.00300002851852,40.0049528254907,40.00717604927467,40.009516442209225,40.011855384838654,40.01411104927472,40.01623260070688,40.018192590435795
-0.07872,40.0,40.00000000570097,40.00000518611413,40.00010399158274,40.00054533215006,40.001536084416536,40.00309040249757,40.00508233824147,40.007341816021054,40.00971329962559,40.01207739119731,40.014352369361774,40.01648794578326,40.01845738620855
-0.07848,40.0,40.000000006415576,40.00000558357264,40.000109732576306,40.00056886259059,40.00159048597266,40.003183216957964,40.00521483597485,40.00751090040081,40.009913624645066,40.01230287692628,40.01459708498283,40.016746541649816,40.018725253092235
-0.07823999999999999,40.0,40.00000000721718,40.000006010158074,40.000115771850105,40.00059333324445,40.00164664257803,40.003278528461784,40.00535037576629,40.00768335541983,40.01011746392761,40.01253188160858,40.01484522879866,40.01700841463883,40.018996211856056
-0.078,40.0,40.000000008116054,40.000006467899006,40.000122123817754,40.00061877821855,40.001704604262116,40.00337639459,40.00548901546016,40.007859234600886,40.01032486443864,40.01276444497181,40.01509683349987,40.01727359103491,40.01927028317211
-0.07776,40.0,40.00000000912363,40.00000695895717,40.00012880352917,40.00064523270546,40.00176442224115,40.00347687395204,40.00563081367146,40.00803859198053,40.01053587344346,40.01300060688169,40.01535193180047,40.017542097069,40.01954748760999
-0.07751999999999999,40.0,40.00000001025265,40.00000748563565,40.00013582669549,40.000672733011655,40.001826148938,40.00358002619522,40.00577582978729,40.008221482105704,40.01075053850156,40.01324040733547,40.01561055643131,40.01781395891227,40.019827845631376
-0.07727999999999999,40.0,40.00000001151727,40.0000080503874,40.00014320971473,40.00070131658628,40.001889838002086,40.003685912014014,40.00592412396801,40.00840796003016,40.010968907460594,40.01348388645523,40.01587274013342,40.018089202670026,40.020111377584584
-0.07704,40.0,40.00000001293327,40.0000086558244,40.0001509696984,40.00073102205034,40.00195554432938,40.003794593159,40.00607575714816,40.00859808131055,40.011191028450234,40.013731084480845,40.016138515651186,40.0183678543754,40.02039810369907
-0.0768,40.0,40.000000014518186,40.00000930472721,40.00015912449887,40.00076188922641,40.00202332408237,40.003906132445735,40.00623079103709,40.008791902002294,40.01141694987576,40.013982041763036,40.01640791572548,40.018649939983085,40.02068804407984
-0.07655999999999999,40.0,40.00000001629152,40.00001000005504,40.00016769273764,40.00079395916883,40.00209323471014,40.0040205937633,40.006389288119294,40.00898947865514,40.011646720411456,40.01423679875602,40.01668097308662,40.018935485362924,40.02098121870185
-0.07632,40.0,40.000000018274946,40.000010744956505,40.000176693834476,40.000827274194314,40.002165334968296,40.004138042082666,40.0065513116544,40.00919086830849,40.01188038899378,40.0144953960102,40.016957720447266,40.01922451629345,40.021277647404354
-0.07608,40.0,40.00000002049254,40.000011542780754,40.00018614803753,40.00086187791308,40.002239684939084,40.00425854346476,40.00671692567693,40.009396128486436,40.012118004814305,40.01475787416451,40.01723819049513,40.01951705845536,40.0215773498852
-0.07583999999999999,40.0,40.00000002297105,40.000012397089414,40.00019607645426,40.00089781526043,40.002316346051316,40.004382165068314,40.00688619499571,40.009605317192474,40.012359617312434,40.01502427393875,40.017522415885644,40.01981313742487,40.02188034569504
-0.07559999999999999,40.0,40.00000002574015,40.000013311669,40.000206501083426,40.00093513252881,40.00239538110034,40.004508975157435,40.00705918519291,40.00981849290399,40.01260527616791,40.01529463612566,40.01781042923451,40.020112778667034,40.02218665423159
-0.07536,40.0,40.000000028832766,40.0000142905441,40.000217444847955,40.000973877400256,40.002476854267954,40.00463904310886,40.00723596262283,40.0100357145664,40.012855031293086,40.01556900158287,40.01810226311006,40.02041600752901,40.02249629473374
-0.07511999999999999,40.0,40.00000003228545,40.00001533799122,40.00022893162883,40.001014098979354,40.00256083114225,40.004772439418936,40.00741659441029,40.01025704158702,40.01310893282494,40.01584741122467,40.018397950025594,40.02072284923317,40.02280928627567
-0.07487999999999999,40.0,40.000000036138694,40.00001645855333,40.00024098629996,40.001055847826635,40.00264737873735,40.004909235710294,40.0076011484487,40.010482533828664,40.013367031116935,40.01612990601364,40.018697522431566,40.02103332887021,40.02312564776092
-0.07464,40.0,40.0000000404374,40.00001765705524,40.00025363476408,40.00109917599233,40.002736565513125,40.00504950473817,40.007789693397754,40.01071225160287,40.01362937673055,40.01641652695206,40.019001012707655,40.02134747139221,40.023445397916426
-0.0744,40.0,40.000000045231296,40.00001893861967,40.00026690398972,40.00114413705064,40.0028284613947,40.00519332039642,40.00798229868079,40.01094625566287,40.013896020426635,40.01670731507321,40.019308453154736,40.0216653016055,40.02376855528649
-0.07415999999999999,40.0,40.00000005057547,40.00002030868427,40.00028082204913,40.00119078613435,40.002923137791896,40.00534075772321,40.00817903448175,40.01118460719623,40.014167013156545,40.01700231143252,40.019619875986734,40.02198684416362,40.024095138226706
-0.07392,40.0,40.00000005653091,40.000021773019434,40.000295418157386,40.001239179969886,40.00302066761855,40.00549189290624,40.00837997174176,40.011427367817184,40.01444240605299,40.01730155709845,40.01993531332237,40.02231212356008,40.0244251648979
-0.07368,40.0,40.00000006316508,40.00002333774702,40.00031072271253,40.00128937691272,40.00312112531157,40.00564680328772,40.00858518215536,40.01167459955863,40.014722250420675,40.017605093143324,40.020254797176804,40.0226411641211,40.02475865325995
-0.07343999999999999,40.0,40.000000070552616,40.000025009360044,40.00032676733677,40.00134143698322,40.003224586849946,40.00580556736886,40.008794738166294,40.01192636486382,40.015006597726696,40.017912960633936,40.020578359453175,40.02297398999831,40.02509562106564
-0.07319999999999999,40.0,40.00000007877606,40.00002679474336,40.000343584918944,40.001395421902764,40.00333112977344,40.00596826481402,40.009008712962924,40.01218272657771,40.0152954995907,40.018225200622005,40.02090603193399,40.02331062516137,40.025436085854416
-0.07296,40.0,40.00000008792662,40.000028701195376,40.00036120965791,40.00145139513033,40.00344083320116,40.00613497645442,40.009227180473225,40.012443747937986,40.0155890077748,40.018541854134455,40.02123784627248,40.02365109339047,40.02578006494618
-0.07271999999999999,40.0,40.00000009810508,40.00003073645079,40.0003796771073,40.00150942189933,40.0035537778498,40.00630578429138,40.009450215359344,40.012709492565776,40.01588717417324,40.01886296216357,40.02157383398379,40.02399541826884,40.02612757543497
-0.07247999999999999,40.0,40.00000010942274,40.000032908704526,40.00039902422127,40.00156956925476,40.00367004605172,40.006480771499184,40.00967789301179,40.01298002445595,40.016190050801846,40.019188565656904,40.021914026436086,40.024343623175156,40.02647863418266
-0.07224,40.0,40.000000122002476,40.00003522663678,40.000419289401535,40.00163190609078,40.003789721772655,40.00666002242746,40.009910289543114,40.013255407967186,40.01649768978719,40.01951870550714,40.02225845484158,40.02469573127592,40.0268332578126
-0.072,40.0,40.000000135979874,40.00003769943929,40.000440512545545,40.0016965031884,40.00391289062924,40.006843622603064,40.0101474817812,40.013535707811634,40.01681014335554,40.019853422541686,40.022607150247374,40.02505176551774,40.02719146270325
-0.07175999999999999,40.0,40.0000001515045,40.00004033684288,40.00046273509589,40.00176343325359,40.00403963990608,40.00703165873147,40.01038954726209,40.01382098904419,40.01712746382159,40.02019275751216,40.02296014352634,40.02541174861957,40.02755326498177
-0.07152,40.0,40.00000016874129,40.000043149146286,40.00048600009087,40.00183277095557,40.004170058572626,40.007224218697736,40.01063656422237,40.01411131705152,40.01744970357684,40.02053675108371,40.023317465367754,40.02577570306489,40.027918680517566
-0.07128,40.0,40.000000187872,40.000046147246415,40.000510352216416,40.00190459296532,40.00430423729955,40.00742139156684,40.010888611591014,40.01440675754064,40.017776915077874,40.020885443824135,40.02367914626794,40.02614365109384,40.02828772491584
-0.07103999999999999,40.0,40.00000020909691,40.00004934266994,40.000535837859054,40.00197897799431,40.004442268474826,40.007623267583575,40.0111457689809,40.01470737652722,40.0181091508343,40.021238876192925,40.02404521652074,40.0265156146953,40.028660413511076
-0.07079999999999999,40.0,40.0000002326366,40.000052747606404,40.0005625051603,40.00205600683349,40.0045842462194,40.007829938171874,40.01140811667973,40.01501324032342,40.01844646339643,40.021597088530065,40.02441570620795,40.026891615598885,40.029036761360565
-0.07056,40.0,40.000000258733884,40.000056374942886,40.000590404072206,40.00213576239232,40.004730266402376,40.008041495933526,40.01167573564048,40.01532441552552,40.01878890534282,40.0219601210447,40.0247906451896,40.02727167526693,40.02941678323782
-0.07032,40.0,40.00000028765597,40.000060238300186,40.00061958641417,40.00221832973802,40.004880426655795,40.00825803464642,40.01194870747138,40.01564096900101,40.019136529267406,40.022328013803694,40.02517006309423,40.027655814886394,40.029800493626034
-0.07007999999999999,40.0,40.0000003196968,40.00006435207073,40.00065010593107,40.00230379613491,40.005034826388915,40.00847964926205,40.01222711442544,40.01596296787549,40.019489387766576,40.02270080671995,40.02555398930896,40.028044055360745,40.0301879067115
-0.06984,40.0,40.000000355179566,40.00006873145812,40.00068201835261,40.00239225108383,40.00519356680199,40.00870643590259,40.01251103938935,40.01629047951904,40.0198475334258,40.02307853954068,40.025942452969566,40.028436417301776,40.030579036377006
-0.0696,40.0,40.00000039445951,40.000073392518495,40.000715381453944,40.00248378636166,40.00535675089953,40.008938491857215,40.01280056587199,40.01662357153236,40.02021101880622,40.02346125183537,40.02633548295043,40.028832921021376,40.03097389619523
-0.06935999999999999,40.0,40.00000043792692,40.0000783522037,40.000750255117616,40.002578496060806,40.00552448350298,40.00917591557782,40.01309577799234,40.0169623117324,40.02057989643081,40.02384898298381,40.026733107854376,40.02923358652327,40.03137249942207
-0.06911999999999999,40.0,40.00000048601044,40.000083628406365,40.000786701396734,40.00267647662872,40.00569687126286,40.009418806674155,40.01339676046689,40.01730676813779,40.02095421877039,40.02424177216372,40.02713535600248,40.029638433494696,40.031774858990026
-0.06888,40.0,40.000000539180625,40.00008924000696,40.00082478457943,40.002777826907426,40.00587402267026,40.00966726590819,40.01370359859652,40.01765700895371,40.02133403822943,40.02463965833848,40.02754225542378,40.03004748129809,40.03218098750155
-0.06863999999999999,40.0,40.00000059795385,40.00009520692284,40.00086457125462,40.00288264817288,40.00605604806774,40.00992139518789,40.01401637825285,40.01801310255652,40.02171940713151,40.02504268024451,40.027953833844855,40.03046074896266,40.0325908972223
-0.06839999999999999,40.0,40.000000662896525,40.00010155015944,40.00090613037896,40.00299104417436,40.00624305965951,40.01018129756024,40.014335185864,40.018375117477945,40.0221103777046,40.02545087637864,40.02837011867939,40.03087825517599,40.03300460007456
-0.06816,40.0,40.00000073462973,40.0001082918636,40.000949533345164,40.00310312117361,40.00643517152099,40.0104470772036,40.014660108399866,40.01874312238889,40.02250700206609,40.02586428498527,40.02879113701763,40.03130001827557,40.033422107630464
-0.06792,40.0,40.000000813834156,40.000115455379145,40.00099485405149,40.003218987983914,40.006632499607626,40.01071883941933,40.014991233356795,40.01911718608292,40.0229093322076,40.02628294404338,40.02921691561576,40.03172605624033,40.033843431105346
-0.06767999999999999,40.0,40.00000090125559,40.00012306530478,40.00104216897251,40.00333875600887,40.00683516176294,40.01099669062263,40.01532864874168,40.019497377459295,40.02331741997951,40.02670689125349,40.029647480885274,40.03215638668208,40.03426858135099
-0.06744,40.0,40.000000997710764,40.00013114755436,40.00109155723109,40.00346253928102,40.00704327772588,40.01128073833271,40.01567244305556,40.019883765505654,40.02373131707529,40.027136164024384,40.03008285888213,40.03259102683698,40.03469756884899
-0.0672,40.0,40.00000110409376,40.000139729419665,40.001143100671655,40.00359045450007,40.00725696913723,40.01157109116211,40.01602270527654,40.020276419280336,40.024151075015574,40.02757079945974,40.03052307529601,40.033029993557,40.035130403703974
-0.06695999999999999,40.0,40.00000122138294,40.00014883963561,40.00119688393453,40.00372262107095,40.0074763595454,40.01186785880531,40.01637952484227,40.020675407894295,40.024576745132,40.028010834344634,40.030968155439375,40.03347330330124,40.03556709563695
-0.06671999999999999,40.0,40.00000135064844,40.00015850844815,40.001252994531626,40.003859161141364,40.00770157441113,40.01217115202652,40.016742991631716,40.02108080049264,40.025008378550865,40.02845630513193,40.031418124236566,40.033920972127405,40.03600765397856
-0.06648,40.00000000000001,40.00000149306033,40.0001687676849,40.00131152292314,40.004000199638995,40.007932741111496,40.0124810826466,40.01711319594638,40.02149266623577,40.02544602617646,40.028907247928494,40.03187300621274,40.03437301568309,40.03645208766239
-0.06624,40.00000000000001,40.000001649897406,40.00017965082836,40.00137256259551,40.00414586430824,40.008169988942875,40.0127977635293,40.017490228490985,40.021911074280204,40.02588973867428,40.029363698481326,40.032332825482854,40.03482944919713,40.036900405218304
-0.06599999999999999,40.00000000000001,40.000001822556726,40.000191193092185,40.00143621014047,40.00429628574648,40.008413449123005,40.01312130856649,40.017874180353516,40.02233609375892,40.026339566453935,40.02982569216358,40.0327976057405,40.035290287470986,40.037352614765716
-0.06576,40.00000000000001,40.00000201256394,40.000203431500225,40.001502565335095,40.004451597439726,40.008663254792104,40.0134518326627,40.01826514298464,40.02276779376143,40.02679555965187,40.030293263960395,40.03326737024673,40.03575554486996,40.03780872400691
-0.06552,40.000000000000014,40.0000022215844,40.00021640496864,40.00157173122307,40.00461193579777,40.00891954101292,40.01378945171868,40.01866320817656,40.02320624331336,40.02725776811388,40.03076644845472,40.03374214181888,40.03622523531458,40.0382687402204
-0.06527999999999999,40.000000000000014,40.00000245143529,40.000230154391026,40.001643814196896,40.00477744018861,40.009182444769756,40.01413428261414,40.01906846804128,40.023651511355745,40.02772624137734,40.031245279812936,40.03422194281921,40.03669937227184,40.03873267025428
-0.06504,40.000000000000014,40.00000270409858,40.00024472272678,40.00171892408104,40.00494825297222,40.009452104966485,40.01448644318958,40.01948101498822,40.02410366672393,40.028201028653335,40.0317297917704,40.03470679514366,40.03717796874651,40.039200520519515
-0.0648,40.00000000000002,40.0000029817351,40.00026015509263,40.00179717421617,40.005124519533545,40.00972866242337,40.01484605222727,40.019900941701216,40.02456277812603,40.02868217880849,40.03222001761691,40.03519672021047,40.03766103727241,40.03967229698341
-0.06455999999999999,40.00000000000003,40.000003286699766,40.00027649885752,40.00187868154424,40.005306388314736,40.01001225987286,40.01521322943122,40.02032834111493,40.02502891412112,40.02916974034658,40.032715990182,40.035691738948756,40.03814858990367,40.040148005162955
-0.06431999999999999,40.000000000000036,40.00000362155789,40.00029380374081,40.0019635666944,40.0054940108465,40.0103030419541,40.015588095406315,40.02076330639069,40.025502143096965,40.02966376139005,40.03321774182023,40.036191871787096,40.038640638206054,40.04062765011824
-0.06408,40.00000000000005,40.00000398910288,40.00031212191408,40.00205195406981,40.00568754177853,40.01060115520641,40.015970771636454,40.021205930891576,40.02598253324743,40.03016428966117,40.0337253043963,40.036697138642076,40.039137193248216,40.04111123644591
-0.06384,40.00000000000006,40.00000439237522,40.000331508106306,40.00214397193523,40.005887138909024,40.01090674806137,40.016361380461795,40.02165630815703,40.02647015254951,40.030671372463175,40.0342387092701,40.03720755890676,40.03963826559297,40.04159876827262
-0.06359999999999999,40.00000000000008,40.00000483468301,40.00035201971282,40.00223975250523,40.00609296321309,40.01121997083379,40.01676004505496,40.02211453187675,40.02696506874,40.03118505666104,40.03475798728168,40.03772315143919,40.04014386528865,40.04209024924855
-0.06336,40.00000000000009,40.00000531962401,40.00037371690783,40.002339432033224,40.006305178870186,40.01154097571133,40.01716688939636,40.022580695864036,40.027467349291804,40.03170538866217,40.03528316873614,40.038243934550856,40.04065400186035,40.04258568254089
-0.06312,40.00000000000012,40.00000585110936,40.000396662760785,40.00244315090096,40.00652395329027,40.011869916742775,40.01758203824846,40.02305489402841,40.02797706138988,40.0322324143969,40.035814283388426,40.0387699259951,40.04116868430129,40.04308507082741
-0.06287999999999999,40.000000000000156,40.00000643338916,40.00042092335655,40.00255105370864,40.006749457138895,40.01220694982507,40.01800561712913,40.02353722034774,40.02849427190683,40.032766179298775,40.03635136042803,40.039301142955544,40.04168792106417,40.04358841629005
-0.06264,40.00000000000019,40.000007071079914,40.0004465679195,40.00266328936553,40.00698186436094,40.0125522326889,40.018437752283894,40.024027768839645,40.029019047378156,40.033306728284664,40.036894428463654,40.03983760203451,40.04221172005248,40.044095720608524
-0.0624,40.00000000000025,40.000007769194035,40.00047366894154,40.0027800111809,40.00722135220303,40.01290592488284,40.01887857065728,40.024526633532304,40.02955145397714,40.033854105734704,40.03744351550782,40.0403793192414,40.042740088611914,40.044606984954
-0.06215999999999999,40.00000000000031,40.00000853317152,40.00050230231425,40.00290137695538,40.007468101234615,40.01326818775616,40.01932819986306,40.025033908434644,40.03009155748942,40.03440835547212,40.03799864896134,40.04092630998111,40.043273033521785,40.045122209982786
-0.061919999999999996,40.00000000000039,40.000009368913986,40.00053254746508,40.00302754907252,40.00772229536749,40.0136391844401,40.01978676815354,40.02554968750595,40.030639423287205,40.0349695207428,40.03855985559782,40.041478589042384,40.043810560986444,40.04564139583005
-0.06167999999999999,40.0000000000005,40.00001028282117,40.00056448749768,40.00315869459053,40.00798412187391,40.014019079827655,40.0202544043877,40.02607406462476,40.03119511630314,40.035537644194775,40.03912716154802,40.04203617058623,40.044352676626744,40.046164542103654
-0.061439999999999995,40.000000000000625,40.00001128183008,40.000598209336495,40.00329498533417,40.00825377140301,40.01440804055185,40.02073123799847,40.02660713355724,40.03175870100387,40.036112767857546,40.03970059228425,40.04259906813431,40.04489938547154,40.046691647877914
-0.0612,40.00000000000078,40.00001237345693,40.000633803875644,40.003436597986536,40.00853143799564,40.01480623496248,40.021217398958754,40.027148987924875,40.03233024136326,40.03669493312121,40.04028017260463,40.04316729455732,40.04545069194922,40.04722271168754
-0.06095999999999999,40.00000000000099,40.0000135658421,40.00067136613207,40.00358371418086,40.00881731909744,40.0152138331012,40.02171301774653,40.02769972117159,40.032909800835355,40.03728418071551,40.040865926617414,40.04374086206346,40.0460065998793,40.047757731521514
-0.060719999999999996,40.000000000001236,40.000014867798285,40.000710995403054,40.003736520592064,40.009111615570106,40.015631006675086,40.02221822530886,40.028259426530234,40.033497442326905,40.037880550688705,40.04145787772516,40.044319782186804,40.046567112464004,40.04829670481711
-0.06047999999999999,40.000000000001556,40.00001628886199,40.00075279542821,40.00389520902805,40.00941453170083,40.01605792902851,40.02273315302483,40.02882819698847,40.0340932281697,40.038484082386326,40.042056048608956,40.04490406577578,40.047132232279964,40.048839628453905
-0.060239999999999995,40.00000000000195,40.000017839348665,40.000796874555874,40.00405997652059,40.009726275209765,40.01649477511337,40.02325793266735,40.02940612525408,40.03469722009258,40.03909481442982,40.0426604612126,40.04549372298167,40.04770196126989,40.04938649874788
-0.06,40.000000000002444,40.00001953041158,40.00084334591391,40.004231025415706,40.01004705725553,40.0169417214576,40.023792696364005,40.0299933037196,40.035309479193074,40.03971278469506,40.04327113672672,40.04608876324705,40.04827630073434,40.049937311445554
-0.059759999999999994,40.000000000003055,40.00002137410483,40.000892327585134,40.00440856346349,40.01037709243855,40.01739894613199,40.02433757655673,40.03058982442649,40.03593006590887,40.04033803029072,40.043888095572946,40.04668919529439,40.04885525132355,40.05049206171823
-0.059519999999999997,40.00000000000382,40.00002338345057,40.000943942787195,40.00459280390712,40.01071659880238,40.01786662871525,40.02489270596041,40.03119577902856,40.036559039988894,40.04097058753661,40.044511357388,40.0472950271146,40.0494388130293,40.05105074415624
-0.05927999999999999,40.000000000004775,40.000025572510744,40.00099832005697,40.00478396557109,40.011065797832664,40.01834495025731,40.02545821752043,40.031811258754956,40.03719646046421,40.04161049194185,40.0451409410078,40.04790626595563,40.050026985176814,40.05161335276331
-0.059039999999999995,40.00000000000596,40.000027956463775,40.00105559343956,40.00498227294844,40.011424914453876,40.01883409324082,40.02603424436911,40.03243635437245,40.037842385618575,40.04225777818298,40.04577686445163,40.04852291831114,40.050619766416794,40.05217988095095
-0.0588,40.00000000000743,40.00003055168614,40.00111590268174,40.00518795628687,40.011794177023695,40.01933424154083,40.026620919781045,40.03307115614727,40.038496872958774,40.04291248008196,40.04641914490621,40.0491449899092,40.05121715471745,40.052750321532955
-0.058559999999999994,40.000000000009265,40.000033375839465,40.00117939343007,40.005401251673675,40.0121738173249,40.01984558038264,40.02721837712739,40.03371575380627,40.03915997918473,40.04357463058417,40.047067798709826,40.04977248570105,40.05181914735664,40.05332466671994
-0.05832,40.00000000001153,40.00003644796327,40.00124621743341,40.00562240111925,40.01256407055479,40.02036829629777,40.02782674982902,40.03437023649759,40.03983176015931,40.044244261736196,40.047722841336515,40.05040540984991,40.05242574091407,40.05390290811399
-0.05807999999999999,40.000000000014346,40.000039788573616,40.001316532749975,40.005851652639095,40.012965175311955,40.02090257707804,40.02844617130859,40.03503469275076,40.04051227087791,40.044921404663725,40.04838428738021,40.051043765719854,40.053036931263556,40.054485036703355
-0.057839999999999996,40.00000000001783,40.00004341976826,40.00139050395889,40.00608926033419,40.01337737358046,40.021448611727806,40.02907677494156,40.035709210436295,40.041201565437916,40.04560608954922,40.04905215053891,40.05168755586475,40.05365271356541,40.055071042857236
-0.0576,40.00000000002214,40.00004736533829,40.00146830237609,40.00633548446957,40.01380091071122,40.02200659041417,40.0297186940061,40.03639387672468,40.041899697007764,40.046298345609664,40.04972644359898,40.05233678201727,40.05427308225887,40.055660916320655
-0.057359999999999994,40.00000000002746,40.00005165088693,40.00155010627469,40.00659059155084,40.01423603540062,40.022576704415336,40.030372061631894,40.037088778044904,40.04260671779598,40.0469982010742,40.05040717841932,40.05299144507797,40.054898031054556,40.05625464620941
-0.05712,40.00000000003404,40.00005630395571,40.0016361011096,40.00685485439874,40.014682999666206,40.02315914606695,40.031037010747916,40.037794000042474,40.04332267901989,40.04770568316178,40.05109436591579,40.05365154510446,40.055527552927195,40.05685222100511
-0.05687999999999999,40.00000000004215,40.000061354158376,40.001726479746374,40.007128552221296,40.01514205881946,40.02375410870648,40.03171367402908,40.03850962753686,40.04404763087421,40.04842081805875,40.05178801604547,40.05431708130064,40.05616164010823,40.057453628550306
-0.056639999999999996,40.00000000005215,40.00006683332312,40.001821442694315,40.00741197068358,40.01561347143549,40.02436178661558,40.03240218384185,40.03923574447856,40.04478162249945,40.04914363089642,40.05248813779116,40.054988052006024,40.05680028407865,40.058058856043715
-0.05639999999999999,40.00000000006446,40.000072775643275,40.001921198343545,40.00770540197485,40.016097499319706,40.024982374960516,40.03310267218881,40.03997243390555,40.045524701950114,40.049874145728666,40.05319473914582,40.05566445468519,40.05744347556188,40.05866789003552
-0.056159999999999995,40.00000000007961,40.00007921783721,40.00202596320608,40.00800914487295,40.01659440747121,40.02561606973046,40.03381527065212,40.04071977789939,40.04627691616281,40.050612385509496,40.05390782709717,40.056346285917286,40.058091204516785,40.0592807164228
-0.05592,40.000000000098225,40.00008619931758,40.00213596216079,40.00832350480565,40.017104464043044,40.02626306767382,40.03454011033596,40.0414778575408,40.04703831092415,40.051358372070624,40.05462740761225,40.05703354138562,40.05874346013074,40.05989732044498
-0.05567999999999999,40.00000000012109,40.000093762370625,40.00225142870202,40.00864879390897,40.01762794029905,40.02692356623252,40.035277321807946,40.04224675286478,40.04780893083854,40.05211212609908,40.05535348562221,40.05772621586745,40.059400230812884,40.06051768667953
-0.055439999999999996,40.000000000149136,40.00010195234589,40.00237260519181,40.00898533108207,40.018165110567395,40.027597763474205,40.0360270350395,40.043026542815355,40.04858881929589,40.05287366711484,40.05608606500707,40.05842430322374,40.06006150418738,40.06114179903759
-0.05519999999999999,40.00000000018352,40.000110817856815,40.00249974311558,40.00933344203873,40.01871625219062,40.02828585802237,40.0367893793452,40.04381730519987,40.04937801843911,40.053643013448436,40.05682514858065,40.059127796389184,40.06072726708688,40.06176964075982
-0.054959999999999995,40.000000000225626,40.00012041099285,40.00263310334099,40.00969345935504,40.01928164547218,40.02898804898445,40.03756448332112,40.04461911664288,40.05017656913162,40.05442018221875,40.05757073807551,40.05983668736225,40.06139750554609,40.06240119441231
-0.05472,40.00000000027714,40.00013078754341,40.00277295637992,40.01006572251328,40.01986157361938,40.02970453587782,40.0383524747822,40.04543205253961,40.05098451092473,40.05520518931067,40.05832283412815,40.06055096719534,40.06207220479538,40.06303644188263
-0.054479999999999994,40.00000000034011,40.00014200723442,40.00291958265333,40.010450577941675,40.020456322682676,40.030435518553666,40.039153480698616,40.04625618700916,40.051801882024876,40.055998049352986,40.05908143626414,40.06127062598516,40.06275134925462,40.06367536437594
-0.05424,40.00000000041701,40.00015413397782,40.00307327275869,40.01084837904984,40.02106618149129,40.03118119711885,40.03996762713114,40.0470915928472,40.05262871926093,40.05679877569623,40.05984654288353,40.06199565286314,40.06343492252711,40.06431794241125
-0.05399999999999999,40.000000000510845,40.0001672361347,40.00323432773998,40.01125948625979,40.02169144158498,40.03194177185562,40.04079503916567,40.04793834147843,40.05346505805135,40.05760738039065,40.060618151246295,40.06272603598605,40.06412290739357,40.064964155817826
-0.053759999999999995,40.00000000062523,40.00018138679259,40.003403059359705,40.01168426703224,40.02233239714202,40.03271744313929,40.04163584084666,40.04879650290865,40.05431093237134,40.0584238741643,40.06139625745798,40.06346176252672,40.06481528580639,40.06561398373163
-0.05352,40.00000000076453,40.00019666405751,40.00357979037295,40.012123095888,40.022989344903316,40.03350841135376,40.04249015510976,40.04966614567659,40.05516637471997,40.059248266401156,40.06218085645539,40.06420281866493,40.06551203888389,40.06626740459194
-0.053279999999999994,40.00000000093404,40.00021315136134,40.003764854802995,40.01257635442429,40.02366258409248,40.034314876805006,40.043358103713494,40.05054733680533,40.056031416087315,40.060080565119414,40.062971941992544,40.06494918957842,40.06621314690481,40.066924396138106
-0.05304,40.000000001140094,40.0002309377852,40.003958598218304,40.01304443132568,40.02435241633197,40.0351370396325,40.04423980717007,40.05144014175359,40.05690608592157,40.06092077694987,40.063769506626706,40.06570085943411,40.06691858930291,40.06758493540639
-0.05279999999999999,40.000000001390354,40.000250118399315,40.00416137801055,40.013527722369616,40.0250591455552,40.03597509971852,40.045135384675326,40.05234462436665,40.05779041209619,40.06176890711442,40.06457354170461,40.06645781137944,40.067628344661685,40.06824899872691
-0.052559999999999996,40.00000000169403,40.00027079462016,40.004373563673255,40.014026630426066,40.02578307791439,40.036829256595425,40.0460449540378,40.053260846827065,40.05868442087707,40.06262495940475,40.06538403734884,40.067220027533885,40.0683423907093,40.06891656172082
-0.05232,40.00000000206217,40.00029307458536,40.004595537080874,40.01454156545135,40.026524521684436,40.03769970935083,40.04696863160704,40.054188869605206,40.0595881368898,40.06348893616111,40.066200982444414,40.06798748898063,40.06906070431361,40.0695875992975
-0.052079999999999994,40.00000000250806,40.000317073547066,40.004827692767776,40.01507294447572,40.02728378716246,40.038586656530846,40.04790653220107,40.05512875140952,40.06050158308689,40.0643608382513,40.06702436462549,40.06876017575843,40.069783261477355,40.07026208565193
-0.05184,40.00000000304762,40.000342914284474,40.005070438206815,40.01562119158452,40.028061186563164,40.03949029604114,40.048858769033096,40.056080549136695,40.061424780715186,40.065240665049785,40.06785417026235,40.06953806685369,40.07051003733356,40.07093999426225
-0.05159999999999999,40.00000000369992,40.000370727536,40.005324194087095,40.01618673789288,40.028857033909844,40.040410825046095,40.04982545363745,40.05704431782161,40.06235774928332,40.06612841441706,40.0686903844485,40.07032114019263,40.07124100614101,40.07162129788732
-0.051359999999999996,40.00000000448779,40.000400652451916,40.00558939459047,40.01677002151344,40.02967164492114,40.04134843986597,40.050806695794826,40.058020110587144,40.06330050652926,40.067024082679076,40.06953299098802,40.07110937263375,40.07197614127995,40.07230596856457
-0.05112,40.00000000543854,40.00043283706794,40.00586648766635,40.0173714875171,40.03050533689335,40.04230333587199,40.05180260345677,40.059007978593954,40.064253068387984,40.06792766460703,40.07038197238313,40.07190273996041,40.07271541524794,40.07299397760791
-0.050879999999999995,40.00000000658478,40.00046743880059,40.00615593530431,40.01799158788657,40.03135842857843,40.04327570737961,40.05281328266959,40.06000797099003,40.06521544895935,40.06883915339725,40.07123730982191,40.07270121687363,40.07345879965591,40.07368529560578
-0.05064,40.000000007965426,40.00050462496472,40.00645821380407,40.01863078146232,40.03223124005748,40.044265747539725,40.05383883749753,40.06102013486029,40.066187660476025,40.069758540651314,40.07209898316634,40.07350477698512,40.074206265224284,40.07437989241938
-0.05039999999999999,40.00000000962689,40.000544573314095,40.00677381404236,40.01928953388097,40.033124092609846,40.045273648228076,40.05487936994538,40.062044515176105,40.06716971327169,40.07068581635649,40.07296697094049,40.07431339281047,40.07495778177942,40.07507773718103
-0.050159999999999996,40.000000011624444,40.000587472605424,40.00710324173598,40.01996831750571,40.03403730857772,40.04629959993269,40.05593497988048,40.06308115474472,40.06816161574931,40.071620968866284,40.073841250319006,40.0751270357626,40.07571331825014,40.07577879829266
-0.04991999999999999,40.00000001402386,40.00063352318659,40.00744701770077,40.0206676113486,40.03497121122624,40.04734379163955,40.057005764954205,40.064130094158784,40.06916337434975,40.07256398488137,40.07472179711581,40.07594567614538,40.07647284266443,40.07648304342449
-0.049679999999999995,40.00000001690332,40.000682937609625,40.00780567810566,40.02138790098461,40.03592612459909,40.04840641071637,40.05809182052289,40.065191371745854,40.07017499352045,40.07351484943071,40.07560858577305,40.07676928314752,40.07723632214643,40.0771904395138
-0.04944,40.000000020355685,40.000735941268935,40.00817977472141,40.022129678457034,40.03690237336958,40.04948764279465,40.059193239568295,40.06626502351793,40.071196475684516,40.07447354585297,40.07650158935033,40.07759782483663,40.07800372291348,40.07790095276396
-0.049199999999999994,40.00000002449111,40.00079277306548,40.00856987516338,40.02289344217426,40.03790028268718,40.05058767164993,40.06031011261761,40.06735108312111,40.07222782120987,40.075440055778216,40.07740077951421,40.07843126815355,40.078775010273425,40.07861454864349
-0.04896,40.00000002944017,40.00085368609725,40.00897656312757,40.023679696797515,40.03892017801956,40.051706679080354,40.06144252766306,40.06844958178531,40.07326902837885,40.076414359109954,40.07830612652795,40.079269578906896,40.079550148622154,40.07933119188537
-0.04871999999999999,40.00000003535749,40.000918948376665,40.00940043861954,40.02448895311954,40.039962384990034,40.05284484478359,40.0625905700811,40.06956054827411,40.074320093357954,40.07739643400739,40.07921759924155,40.080112721767875,40.080329101441215,40.08005084648646
-0.048479999999999995,40.00000004242595,40.000988843575314,40.00984211817533,40.02532172793383,40.04102722921052,40.05400234623205,40.06375432255128,40.07068400883477,40.07538101016797,40.078386256868086,40.08013516508211,40.08096066026527,40.08111183129577,40.08077347570709
-0.04824,40.0000000508617,40.00106367179648,40.01030223507378,40.02617854389447,40.042115036109955,40.05517935854659,40.06493386497484,40.071819987148416,40.07645177065444,40.07938380231093,40.081058790044416,40.081813356780756,40.08189829983262,40.08149904207086
-0.047999999999999994,40.000000060919916,40.0011437503758,40.010781439539564,40.02705992936614,40.04322613075821,40.05637605436863,40.06612927439297,40.07296850428042,40.07753236445833,40.08038904315943,40.08198843868186,40.08267077254443,40.08268846777856,40.082227507364514
-0.04776,40.00000007290157,40.00122941471046,40.011280398936165,40.02796641826429,40.044360837685495,40.05759260373082,40.067340624904915,40.07412957863103,40.07862277898726,40.081401950425345,40.08292407409773,40.08353286763057,40.08348229493881,40.08295883263808
-0.04751999999999999,40.00000008716128,40.001321019117164,40.01179979794814,40.02889854988519,40.045519480697344,40.05882917392621,40.06856798758584,40.07530322588625,40.079722999386945,40.082422493292746,40.08386565793669,40.08439960095371,40.08427974019577,40.08369297820505
-0.047279999999999996,40.000000104116474,40.00141893771921,40.012340338751834,40.029856868725766,40.04670238268505,40.06008592937611,40.069811430404606,40.076489458968986,40.08083300851307,40.083450639102395,40.0848131503767,40.08527093026489,40.085080761507925,40.08442990364291
-0.04704,40.000000124258015,40.00152356536274,40.012902741173754,40.03084192429299,40.04790986543179,40.061363031496505,40.07107101814139,40.077688287990576,40.08195278690359,40.08448635333649,40.08576651012115,40.08614681214833,40.085885315908975,40.08516956779365
-0.046799999999999994,40.000000148162584,40.00163531856237,40.013487742836006,40.03185427090274,40.04914224941432,40.062660638563344,40.0723468123053,40.07889972020256,40.0830823127515,40.085529599603866,40.08672569439146,40.08702720201817,40.08669335950717,40.08591192876455
-0.04656,40.00000017650694,40.00175463647624,40.014096099287705,40.03289446746786,40.05039985360032,40.06397890557648,40.07363887105193,40.08012375994891,40.084221561877904,40.08658033962559,40.08769065891991,40.087912054115655,40.08750484748492,40.08665694392916
-0.04631999999999999,40.00000021008458,40.00188198191048,40.0147285841218,40.03396307727542,40.05168299524148,40.065317984122494,40.07494724910098,40.08136040861865,40.08537050770571,40.087638533220925,40.088661357942854,40.08880132150653,40.08831973409853,40.087404569928346
-0.046079999999999996,40.00000024982488,40.00201784235291,40.01538598907631,40.03506066775295,40.052991989662324,40.066678022236516,40.07627199765397,40.082609664598834,40.08652912123371,40.088704138293764,40.08963774419431,40.08969495607869,40.089137972678245,40.08815476267166
-0.04584,40.000000296815344,40.00216273103598,40.016069124119234,40.03618781022348,40.054327150044834,40.06805916426288,40.07761316431203,40.08387152322808,40.087697371011174,40.08977711081948,40.09061976889988,40.090592908540174,40.08995951562847,40.08890747733872
-0.045599999999999995,40.00000035232717,40.00231718802846,40.016778817516276,40.03734507964943,40.05568878720897,40.06946155071493,40.078970792993886,40.085145976750546,40.088875223112964,40.09085740483228,40.09160738177105,40.09149512841743,40.09078431442827,40.08966266838093
-0.04536,40.00000041784485,40.00248178135568,40.01751591588036,40.038533054365026,40.057077209389156,40.0708853181339,40.08034492385412,40.0864330142704,40.090062641115175,40.09194497241292,40.09260053099984,40.09240156405385,40.091612319632006,40.090420289523244
-0.04511999999999999,40.00000049510022,40.002657108147815,40.018281284202374,40.03975231579736,40.0584927220067,40.07233059894701,40.08173559320161,40.08773262170689,40.09125958607135,40.09303976367697,40.0935991632539,40.09331216260863,40.0924434808703,40.091180293766215
-0.044879999999999996,40.00000058611159,40.002843795815664,40.01907580586192,40.041003448175765,40.05993562743837,40.073797521324785,40.08314283341834,40.089044781750005,40.092466016489226,40.09414172676357,40.09460322367189,40.09422687005593,40.0932777468512,40.09194263338813
-0.04464,40.00000069322886,40.00304250325311,40.019900382617415,40.042287038229674,40.061406224781166,40.075286209037735,40.08456667287862,40.09036947381666,40.093681888308076,40.09525080782455,40.09561265585931,40.095145631184295,40.09411506536154,40.09270725994743
-0.044399999999999995,40.00000081918521,40.00325392206574,40.02075593457456,40.04360367487469,40.062904809613265,40.0767967813125,40.08600713586864,40.09170667400759,40.09490715487667,40.09636695101425,40.09662740188477,40.09606838959647,40.094955383268605,40.09347412428522
-0.04416,40.00000096715638,40.0034787778244,40.021643400132305,40.04495394888692,40.064431673751415,40.078329352687405,40.08746424250657,40.09305635506493,40.096141766931865,40.097490098479646,40.097647402276515,40.09699508770942,40.095798646521985,40.09424317652802
-0.043919999999999994,40.00000114082869,40.00371783134287,40.022563735905315,40.04633845256553,40.06598710500472,40.079884032867675,40.08893800866318,40.09441848633045,40.09738567257778,40.09862019035116,40.09867259601954,40.097925666754755,40.09664480015567,40.09501436609066
-0.04368,40.00000134447677,40.00397187997834,40.02351791662224,40.047757779383396,40.06757138692505,40.081460926580306,40.09042844588297,40.09579303370452,40.09863881726568,40.099757164733894,40.099702920552986,40.098860066779416,40.09749378829046,40.095787641679436
-0.04344,40.00000158305246,40.004241758953405,40.02450693499861,40.049212523625926,40.06918479855407,40.08306013342866,40.09193556130606,40.09717995960589,40.099901143774524,40.100900957699466,40.100738311768005,40.0997982266467,40.09834555413647,40.096562951295326
-0.043199999999999995,40.00000186228629,40.00452834269815,40.02553180158375,40.05070328001802,40.07082761416709,40.08468174774696,40.09345935759064,40.0985792229322,40.10117259219217,40.10205150327835,40.10177870400604,40.100740084037604,40.09920003999608,40.09734024223754
-0.04296,40.00000218880322,40.00483254621057,40.02659354458051,40.052230643339136,40.07250010301383,40.08632585845467,40.09499983283626,40.09999077902139,40.10245309989733,40.103208733452824,40.102824030057526,40.101685575452514,40.10005718726692,40.098119461107125
-0.042719999999999994,40.000002570254495,40.00515532643374,40.0276932096372,40.05379520802653,40.07420252905622,40.08799254891094,40.09655698050783,40.10141457961387,40.10374260154225,40.104372578150425,40.10387422116106,40.10263463621316,40.100916936445294,40.09890055381086
-0.04248,40.00000301546763,40.00549768364754,40.02883185961067,40.05539756776667,40.07593515070342,40.08968189676919,40.09813078936056,40.1028505728157,40.10504102903606,40.10554296523806,40.10492920700294,40.10358720046499,40.101779227129704,40.09968346556526
-0.04224,40.000003534616894,40.00586066287311,40.0300105742997,40.057038315074905,40.077698220544065,40.09139397383187,40.09972124336577,40.104298703062504,40.10634831152898,40.10671982051661,40.105988915717255,40.10454320117983,40.10264399802471,40.10046814090087
-0.041999999999999996,40.000004139416845,40.00624535528748,40.031230450147845,40.05871804086342,40.07949198507608,40.09312884590558,40.10132832163763,40.10575891108458,40.107664375397235,40.10790306771624,40.10705327388628,40.10550257015885,40.103511186945035,40.10125452366661
-0.04176,40.00000484334171,40.00665289964604,40.032492599914875,40.060437333997555,40.081316684434086,40.09488657265662,40.102951998360986,40.10723113387276,40.10898914422879,40.10909262849219,40.10812220654146,40.1064652380359,40.10438073081986,40.10204255703443
-0.041519999999999994,40.00000566187392,40.00708448371022,40.03379815231603,40.06219678084066,40.08317255211453,40.096667207467014,40.104592242720216,40.108715304645386,40.11032253880988,40.110288422421306,40.109195637164774,40.107431134281235,40.10525256569748,40.1028321835041
-0.04128,40.00000661278515,40.00754134567747,40.035148251628115,40.06399696478744,40.08505981469884,40.09847079729122,40.10624901882925,40.11021135281636,40.11166447711238,40.11149036699907,40.11027348769058,40.10840018720549,40.10612662675008,40.10362334490822
-0.04103999999999999,40.0000077164539,40.00802477561051,40.036544057261835,40.06583846578616,40.08697869157457,40.100297382513546,40.10792228566278,40.11171920396414,40.113014874281966,40.11269837763736,40.11135567850792,40.10937232396404,40.10700284827891,40.104415982417386
-0.040799999999999996,40.00000899622387,40.00853611686279,40.03798674329946,40.06772185984952,40.08892939465504,40.1021469968064,40.1096119969887,40.113238779802,40.114373642627214,40.113912367662785,40.11244212846333,40.11034747056173,40.1078811637196,40.10521003654555
-0.04056,40.000010478807866,40.00907676749647,40.03947749799708,40.069647718554755,40.09091212809717,40.10401966698949,40.111318101301855,40.11476999814927,40.115740691609496,40.115132248315696,40.113532754864046,40.11132555185792,40.108761505647784,40.10600544715563
-0.040319999999999995,40.00001219474253,40.00964818168947,40.04101752325078,40.07161660853281,40.09292708801822,40.10591541289013,40.11304054175923,40.1163127729038,40.117115927833794,40.116357928749835,40.11462747348177,40.112306491571864,40.10964380578499,40.106802153465225
-0.04008,40.00001417889965,40.010251871127885,40.04260803402598,40.07362909094692,40.094974462211226,40.1078342472046,40.11477925611644,40.11786701401566,40.1184992550404,40.117589316032664,40.11572619855687,40.11329021228853,40.110527995004766,40.10760009405257
-0.039839999999999993,40.00001647106029,40.01088940637938,40.04425025774931,40.07568572096094,40.097054429859504,40.10977617536095,40.11653417666579,40.11943262746197,40.11989057409755,40.11882631514632,40.11682884280309,40.114276635464634,40.11141400333904,40.10839920686272
-0.039599999999999996,40.00001911655893,40.01156241824374,40.045945433662325,40.077787047197326,40.09916716125046,40.11174119538301,40.11830523017584,40.12100951522303,40.12128978299499,40.120068828989304,40.1179353174127,40.11526568143514,40.11230175998484,40.10919942921381
-0.03936,40.000022167004936,40.012272599075864,40.04769481213657,40.079933611185375,40.101312817488804,40.11372929775607,40.120092337832624,40.122597575259725,40.122696776838445,40.1213167583788,40.119045532062216,40.11625726942007,40.11319119331111,40.11000069780361
-0.039119999999999995,40.00002568108989,40.013021704076685,40.04949965394933,40.08212594679983,40.10349155020942,40.115740465294095,40.121895415182394,40.124196701492224,40.12411144784509,40.12257000205371,40.120159394918524,40.117251317531675,40.11408223086594,40.11080294871626
-0.03888,40.00002972548977,40.01381155254717,40.0513612295196,40.084364579690046,40.105703501290186,40.11777467300869,40.123714372076236,40.12580678377999,40.125533685339974,40.12382845667838,40.12127681264556,40.11824774278196,40.11497479938398,40.11160611742913
-0.038639999999999994,40.00003437587187,40.01464402910031,40.053280818103765,40.08665002670027,40.107948802564856,40.119831887979934,40.12554911261637,40.12742770790322,40.12696337575344,40.12509201684701,40.122397690411496,40.11924646109056,40.1158688247941,40.112410138819925
-0.0384,40.00003971801722,40.01552108482595,40.05525970695064,40.08898279528112,40.11022757553627,40.12191206922919,40.12739953510423,40.129059355545586,40.12840040261952,40.12636057508878,40.123521931896356,40.12024738729301,40.11676423222737,40.113214947173965
-0.03816,40.00004584907019,40.016444738402875,40.05729919041539,40.09136338289277,40.112539931090204,40.12401516759397,40.129265531990576,40.13070160427844,40.12984464657534,40.12763402187372,40.12464943930021,40.121250435149314,40.11766094602521,40.11402047619166
-0.037919999999999995,40.00005287892779,40.017417077152714,40.059400569032036,40.09379227640016,40.11488596920994,40.12614112560507,40.131146989827386,40.1323543275465,40.131295985361604,40.12891224561922,40.125780113351844,40.12225551735293,40.11855888974791,40.11482665899617
-0.03768,40.00006093178252,40.01844025802972,40.06156514854433,40.09626995146054,40.117265778691994,40.128289877365994,40.13304378922183,40.134017394654876,40.132754293824014,40.13019513269735,40.12691385331794,40.12326254554007,40.1194579861833,40.115633428141216
-0.037439999999999994,40.00007014783328,40.01951650854043,40.06379423889473,40.09879687190397,40.119679436863,40.130461348434785,40.13495580479233,40.135690670757725,40.13421944391583,40.131482567442866,40.128050557012735,40.12427143029942,40.12035815735574,40.11644071561914
-0.0372,40.00008068518031,40.02064812758715,40.06608915317123,40.10137348910687,40.12212700929833,40.132655455708544,40.13688290512659,40.13737401684837,40.1356913047014,40.1327744321619,40.12919012080827,40.12528208118212,40.12125932453536,40.117248452869134
-0.03696,40.000092721921185,40.021837486228804,40.06845120651216,40.104000241359415,40.12460854954234,40.13487210731052,40.13882495274198,40.13906728975092,40.13716974236086,40.1340706071415,40.13033243964504,40.126294406712205,40.12216140824754,40.11805657078559
-0.036719999999999996,40.000106458466064,40.023087028352776,40.070881714968685,40.106677553226966,40.127124098830755,40.137111202480064,40.14078180404795,40.140770342113534,40.138654620195794,40.135370970659785,40.13147740704325,40.127308314397375,40.123064328282645,40.118864999726725
-0.03648,40.00012212009174,40.024399271250964,40.07338199432523,40.1094058349062,40.12967368581545,40.139372631465484,40.142753309310834,40.14248302240321,40.14014579863607,40.13667539899695,40.13262491511454,40.128323710740055,40.12396800370604,40.11967366952336
-0.036239999999999994,40.000139959755295,40.025776806093475,40.07595335887773,40.1121854815763,40.132257326291636,40.14165627542002,40.14473931262093,40.14420517490224,40.14164313524773,40.137983766446915,40.133774854574234,40.12934050124894,40.12487235286833,40.120482509487815
-0.036,40.00016026118957,40.02722229829292,40.07859712017011,40.11501687274585,40.13487502292812,40.143962006300846,40.146739651861964,40.14593663970624,40.14314648474202,40.13929594532985,40.1349271147541,40.13035859045079,40.12577729341587,40.121291448423094
-0.03576,40.00018334230396,40.0287384877523,40.081314585689,40.11790037159591,40.137526765000516,40.146289686771546,40.148754158682976,40.14767725272391,40.14465569898545,40.14061180600531,40.13608158361562,40.131377881902615,40.12668274230152,40.12210041463218
-0.035519999999999996,40.00020955891544,40.03032818898954,40.084107057517194,40.120836324319825,40.14021252812795,40.14863917010782,40.15078265847271,40.149426845678384,40.146170627011124,40.141931216886235,40.137238147763796,40.132398278204256,40.12758861579564,40.1229093359275
-0.03528,40.000239308836115,40.03199429113129,40.08697583094613,40.123825059460344,40.14293227401344,40.15101030010685,40.15282497033645,40.151185246110366,40.14769111503103,40.14325404445367,40.13839669246144,40.13341968101126,40.128494829497356,40.12371813964063
-0.035039999999999995,40.00027303634524,40.03373975776891,40.089922193047876,40.12686688724471,40.14568595018821,40.15340291100019,40.15488090707552,40.1529522773829,40.1492170064496,40.14458015327221,40.139557101644016,40.13444199104815,40.12940129834608,40.124526752632114
-0.0348,40.00031123707446,40.03556762666924,40.09294742120725,40.12996209891824,40.148473489760256,40.155816827370565,40.1569502751694,40.154727758687976,40.15074814187831,40.145909406006275,40.14071925793494,40.13546510812201,40.13030793663322,40.12533510130148
-0.034559999999999994,40.00035446333706,40.037481009332915,40.09605278161462,40.133110966077055,40.151294811167425,40.1582518640724,40.1590328747604,40.15651150505475,40.15228435915156,40.147241663437086,40.141883042661455,40.1364889311365,40.131214658014194,40.12614311159743
-0.034319999999999996,40.00040332993291,40.03948309039284,40.09923952772011,40.13631374000067,40.15414981793532,40.160707826156404,40.161128499641215,40.15830332735969,40.15382549334353,40.14857678448042,40.14304833587098,40.13751335810609,40.13212137552067,40.12695070902821
-0.03408,40.00045852046211,40.04157712684554,40.102508898650164,40.13957065098499,40.15703839844028,40.1631845087983,40.163236937245095,40.160103032338384,40.15537137678638,40.14991462620515,40.14421501634797,40.13853828617079,40.13302800157303,40.12775781867213
-0.033839999999999995,40.00052079418175,40.043766447108055,40.1058621175871,40.1428819076765,40.15996042567774,40.1656816972317,40.16535796863891,40.16191042259925,40.15692183908946,40.15125504385253,40.1453829616313,40.13956361161111,40.133934447993106,40.12856436518827
-0.0336,40.00059099344093,40.04605444989325,40.10930039011287,40.14624769640825,40.16291575703626,40.16819916668533,40.167491368518995,40.163725296638944,40.15847670715982,40.152597890856235,40.146552048032156,40.14058922986341,40.1348406260171,40.129370272827316
-0.033359999999999994,40.00067005173049,40.048444602896254,40.112824902518,40.14966818053849,40.165904234077516,40.17073668232476,40.16963690520995,40.16554744885975,40.16003580522377,40.15394301886317,40.147722150652406,40.141615035535594,40.1357464463088,40.13017546544265
-0.03312,40.00075900238455,40.05094044128516,40.11643682007686,40.15314349979243,40.168925682322495,40.17329399919854,40.17179434066629,40.16737666958869,40.16159895484971,40.15529027775504,40.14889314340351,40.142640922423155,40.13665181897299,40.13097986650147
-0.03288,40.00085898797159,40.053545565988834,40.120137285290554,40.156673769608155,40.171979911044296,40.17587086218918,40.17396343047709,40.16921274509855,40.16316597497209,40.15663951567072,40.15006489902592,40.14366678352551,40.1375566535691,40.13178339909617
-0.032639999999999995,40.000971270413366,40.056263641775395,40.123927416098745,40.1602590804872,40.17506671306765,40.178467005968706,40.176143923873674,40.17105545763076,40.16473668191655,40.15799057902929,40.15123728910894,40.14469251106273,40.13846085912508,40.13258598595587
-0.0324,40.00109724186997,40.05909839511448,40.127808304061936,40.16389949735075,40.17818586457559,40.1810821549592,40.178335563740255,40.17290458542017,40.16631088942626,40.159343312553915,40.15241018411115,40.145717996492515,40.13936434415152,40.13338754945806
-0.032159999999999994,40.00123843642962,40.06205361181715,40.13178101251559,40.167595058902016,40.18133712492355,40.18371602329824,40.18053808662772,40.17475990272168,40.16788840868945,40.16069755929645,40.15358345338125,40.14674313052763,40.14026701665595,40.13418801164039
-0.03192,40.00139654264096,40.065133134447215,40.13584657469788,40.17134577699583,40.18452023646104,40.186368314809435,40.18275122277045,40.1766211798388,40.16946904836805,40.16205316066277,40.15475696517949,40.14776780315352,40.14116878415742,40.13498729421272
-0.03168,40.00157341692545,40.06834085949822,40.14000599185271,40.17515163601603,40.187734924361344,40.18903872297812,40.18497469610633,40.1784881831541,40.17105261462759,40.163409956438905,40.155930586699434,40.148791903646355,40.142069553701255,40.13578531856916
-0.031439999999999996,40.00177109790589,40.071680734330435,40.14426023130978,40.17901259226159,40.19098089645942,40.19172693093223,40.18720822429989,40.18036067516158,40.17263891116828,40.16476778481786,40.1571041840904,40.149815320591344,40.14296923187402,40.13658200580039
-0.0312,40.00199182168601,40.07515675386276,40.148610224543724,40.18292857334223,40.19425784309835,40.19443261142863,40.18945151876864,40.182238414500944,40.174227739257184,40.166126482427224,40.1582776224802,40.15083794190136,40.14386772481874,40.137377276706054
-0.030959999999999998,40.00223803811394,40.07877295701462,40.153056865214246,40.18689947758433,40.1975654369845,40.1971554268448,40.19170428471262,40.1841211559938,40.175818897761665,40.16748588435748,40.15945076599847,40.15185965483592,40.14476493825027,40.13817105180733
-0.030719999999999997,40.00251242805991,40.08253342289346,40.15760100718935,40.19092517344811,40.200903333051805,40.19989502917602,40.19396622114719,40.1860086506818,40.17741218318394,40.16884582419109,40.16062347780042,40.15288034602043,40.14566077747095,40.13896325135961
-0.030479999999999997,40.00281792173572,40.08644226672378,40.1622434625539,40.19500549895664,40.20427116833535,40.20265106003824,40.19623702093909,40.18790064586668,40.17900738969684,40.170206134032256,40.16179562009106,40.15389990146575,40.14655514738636,40.139753795365344
-0.030239999999999996,40.00315771807983,40.09050363551411,40.16698499960576,40.19914026113784,40.20766856185456,40.20542315067653,40.19851637084573,40.18979688515226,40.180604309180715,40.17156664453745,40.162967054149895,40.15491820658806,40.147447952521375,40.14054260358701
-0.03,40.00353530522774,40.09472170345903,40.17182634084186,40.20332923548007,40.2110951145062,40.20821092197935,40.20080395155789,40.19169710848834,40.18220273126149,40.17292718494664,40.16413764035604,40.15593514622901,40.14833909703635,40.141329595560215
-0.029759999999999998,40.0039544820827,40.0991006670734,40.17676816093669,40.207572165402254,40.21455040896752,40.21101398449862,40.20309943774559,40.19360105221655,40.183802443349904,40.174287583115216,40.16530723821385,40.15695060467619,40.149228484743524,40.14211469060693
-0.029519999999999998,40.004419380995884,40.10364474005711,40.181811084715775,40.21186876173944,40.21803400960973,40.2138319384757,40.20540249810743,40.1955084491181,40.185403230681885,40.17564766554667,40.16647570637893,40.15796446568385,40.150116019123594,40.14289780784884
-0.029279999999999997,40.00493449155941,40.10835814788872,40.18695568512669,40.21621870224451,40.221545462422114,40.216664373873314,40.20771279542315,40.197419028463514,40.18700487636006,40.177007257425885,40.16764290268461,40.15897661249393,40.15100160334252,40.14367886622082
-0.029039999999999996,40.00550468550794,40.11324512214732,40.192202481210394,40.220621631107015,40.22508429494693,40.219510870413544,40.210029986609655,40.19933251606417,40.18860716139638,40.17836618265322,40.16880868416887,40.15998692785735,40.151885140268455,40.144457784484544
-0.0288,40.0061352427173,40.118309894562444,40.19755193607562,40.22507715848993,40.22865001622546,40.222370997621844,40.212353722780314,40.20124863432587,40.19020986475593,40.1797242638792,40.169972907101666,40.16099529405559,40.15276653248886,40.14523448124222
-0.02856,40.00683187827955,40.12355669079254,40.20300445487928,40.22958486008516,40.23224211675528,40.225244314877244,40.21468364930768,40.203167102304285,40.1918127634018,40.181081322539924,40.171135427012665,40.16200159292252,40.15364568232786,40.1460088749504
-0.028319999999999998,40.00760077062442,40.12898972393336,40.208560382815676,40.234144276688696,40.23586006845913,40.228130371468765,40.21701940588956,40.20508763576222,40.19341563234109,40.18243717889311,40.17229609871946,40.16300570586651,40.15452249186369,40.14678088393394
-0.028079999999999997,40.008448590646836,40.13461318775804,40.2142200031177,40.238754913796186,40.239503324665506,40.23102870665799,40.21936062661845,40.20700994722888,40.195018244672006,40.18379165205484,40.173454776356074,40.16400751389278,40.15539686294632,40.14755042640006
-0.027839999999999997,40.00938253178867,40.14043124969188,40.219983535072934,40.24341624121981,40.243171320101176,40.233938849748,40.22170694005441,40.208933746060985,40.19662037163205,40.18514456003691,40.17461131340202,40.165006897625986,40.156268697215275,40.14831742045247
-0.027599999999999996,40.0104103410109,40.14644804352516,40.225851132057976,40.24812769272727,40.24686347089587,40.2368603201586,40.22405796930118,40.210858738505685,40.198221782647266,40.18649571978484,40.17576556271161,40.166003737333135,40.15713789611763,40.149081784105704
-0.02736,40.01154035057924,40.152667661868406,40.23182287959399,40.25288866570367,40.250579174599316,40.23979262750789,40.22641333208582,40.21278462776543,40.19982224538259,40.18784494721654,40.17691737654371,40.16699791294661,40.15800436092607,40.1498434352994
-0.02712,40.0127815105722,40.159094148355344,40.23789879342698,40.25769852083717,40.25431781021078,40.242735271700234,40.22877264084159,40.21471111406464,40.20142152579322,40.18919205726155,40.178066606591905,40.167989304087584,40.158867992757166,40.15060229191283
-0.026879999999999998,40.01414342200603,40.165731489599494,40.244078817635845,40.262556581829095,40.25807873822133,40.24568774302066,40.23113550279426,40.2166378947182,40.20301938817704,40.19053686390093,40.17921310401496,40.16897779008947,40.15972869258981,40.151358271779394
-0.026639999999999997,40.01563637045518,40.17258360691143,40.25036282277179,40.26746213512945,40.26186130066895,40.24864952223565,40.233501520051696,40.21856466420175,40.20461559522805,40.191879180207735,40.18035671946771,40.16996325002182,40.16058636128374,40.1521112927013
-0.026399999999999996,40.017271360030534,40.179654347784385,40.25675060403235,40.272414429698394,40.265664821206656,40.25162008070041,40.23587028969684,40.22049111422386,40.20620990809084,40.193218818388075,40.18149730313226,40.17094556271424,40.161440899598226,40.152861272464264
-0.02616,40.01906014756073,40.18694747715714,40.26324187947358,40.2774126767946,40.26948860518389,40.25459888047262,40.238241403883954,40.22241693379988,40.20780208641603,40.19455558982277,40.182634704749546,40.17192460678064,40.16229220821089,40.153608128852355
-0.02592,40.02101527680394,40.194466668463704,40.269836288263804,40.28245604979118,40.27333193974105,40.25758537443258,40.24061444993818,40.224341809327576,40.20939188841672,40.195889305109525,40.183768773651245,40.17290026064365,40.16314018773665,40.15435177966283
-0.025679999999999998,40.023150112499316,40.202215494480434,40.27653338898245,40.28754368401987,40.27719409391759,40.26057900640993,40.24298901045834,40.226265424664575,40.210979070925866,40.197219774105754,40.18489935879198,40.17387240255921,40.16398473874676,40.155092142721145
-0.025439999999999997,40.02547887404834,40.21019741798218,40.283332657967506,40.29267467664419,40.28107431877367,40.263579211316724,40.245364663423054,40.22818746120743,40.212563389454644,40.19854680597183,40.18602630878187,40.1748409106414,40.16482576178803,40.15582913589597
-0.025199999999999997,40.02801666859745,40.218415782219914,40.29023348771514,40.29784808656226,40.284971847525334,40.26658541528707,40.247740982299995,40.23010759797244,40.21414459825171,40.199870209214936,40.187149471919376,40.17580566288739,40.16566315740206,40.15656267711428
-0.024959999999999996,40.03077952327355,40.22687380123335,40.297235185335,40.30306293433998,40.2888858956936,40.26959703582314,40.25011753615841,40.23202551167811,40.21572245036339,40.20118979173342,40.18826869622446,40.17676653720265,40.16649682614467,40.15729268437655
-0.02472,40.033784416304904,40.23557455001293,40.30433697106476,40.308318202175066,40.29281566126731,40.27261348194764,40.25249388978479,40.23394087682926,40.217296697694756,40.20250536086163,40.18938382947202,40.17772341142626,40.16732666860542,40.158019075771946
-0.02448,40.03704930674022,40.24452095452659,40.31153797684751,40.31361283389275,40.29676032487986,40.275634154362656,40.25486960380159,40.23585336580279,40.21886709107159,40.20381672341527,40.1904947192256,40.178676163356386,40.16815258542715,40.15874176949365
-0.024239999999999998,40.0405931624597,40.2537157816277,40.31883724497544,40.31894573497351,40.30071904999994,40.27865844561494,40.25724423478921,40.23776264893497,40.220433380303156,40.20512368573719,40.19160121287136,40.17962467077599,40.16897447732569,40.15946068385416
-0.023999999999999997,40.04443598615297,40.26316162886127,40.32623372680344,40.324315772613616,40.30469098313631,40.28168574026745,40.2596173354109,40.23966839461032,40.22199531424588,40.20642605374366,40.19270315765239,40.180568811478594,40.16979224510965,40.1601757373007
-0.023759999999999996,40.048598838920775,40.272860914186914,40.33372628153598,40.32972177581882,40.30867525405653,40.284715415077265,40.26198845454073,40.241570269352074,40.22355264086775,40.20772363297112,40.193800400703125,40.18150846329421,40.170605789700225,40.16088684843064
-0.02352,40.05310386113983,40.28281586563744,40.34131367509098,40.33516253553179,40.312670976019895,40.28774683917974,40.26435713739454,40.24346793791403,40.22510510731359,40.20901622862324,40.19489278908414,40.18244350411547,40.17141501215118,40.161593936007
-0.02328,40.057974290214126,40.2930285109333,40.34899457904381,40.340636804793796,40.31667724602432,40.290779374278806,40.26672292566382,40.245361063373984,40.22665245997105,40.21030364561858,40.1959801698171,40.18337381192378,40.1722198136688,40.162296918973915
-0.023039999999999998,40.063234474820966,40.30350066707367,40.35676756965506,40.34614329894091,40.320693145067395,40.29381237484353,40.26908535765249,40.2472493072285,40.228194444537344,40.211585688638486,40.1970623899199,40.184299264815685,40.17302009563197,40.162995716472224
-0.022799999999999997,40.06890988524654,40.314233929926104,40.36463112698529,40.35168069583539,40.32471773842145,40.296845188310684,40.271443968416484,40.249132329489164,40.22973080608674,40.212862162175426,40.19813929644211,40.18521974102928,40.173815759612296,40.163690247855016
-0.022559999999999997,40.07502711939433,40.325229663837135,40.372583634100025,40.357247636132364,40.32875007592269,40.299877155293345,40.27379828990615,40.25100978878014,40.231261289138715,40.21413287058171,40.199210736500525,40.18613511897076,40.1746067073943,40.164380432703254
-0.02232,40.081613904040005,40.33648899128744,40.38062337636839,40.362842723582304,40.33278919227428,40.302907609795504,40.27614785111137,40.25288134243708,40.232785637726785,40.21539761811855,40.20027655731494,40.187045277241054,40.175392840995585,40.165066190841415
-0.02208,40.08869909089942,40.3480127826156,40.38874854085826,40.368464525369475,40.33683410736335,40.30593587943251,40.27849217820932,40.25474664660732,40.23430359546799,40.216656209005436,40.201336606244084,40.18795009466256,40.176174062687174,40.16574744235309
-0.02184,40.096312647071386,40.35980164583533,40.39695721583118,40.37411157248679,40.34088382659196,40.30896128565727,40.280830794714916,40.25660535635133,40.23581490563302,40.21790844746983,40.20239073082171,40.188849450305916,40.17695027501378,40.16642410759669
-0.021599999999999998,40.10448563941567,40.37185591657176,40.40524739034003,40.37978236014707,40.34493734122167,40.31198314399224,40.283163221633764,40.25845712574535,40.23731931121689,40.21915413779719,40.203438778792865,40.18974322351692,40.17772138081413,40.167096107221106
-0.021359999999999997,40.11325021242763,40.38417564814293,40.413616953932156,40.38547534823107,40.34899362873193,40.31500076426696,40.28548897761759,40.260301607985234,40.238816555010246,40.22039308438124,40.20448059815026,40.19063129394346,40.17848728324135,40.167763362181375
-0.02112,40.12263955917603,40.39676060181327,40.42206369646091,40.391188961772336,40.353051653191976,40.31801345086116,40.28780757912214,40.26213845549138,40.24030637967111,40.22162509177453,40.20551603717081,40.19151354156249,40.17924788578337,40.16842579375439
-0.02088,40.13268788487903,40.409610237246355,40.43058530800816,40.396921591479,40.35711036564612,40.32102050295317,40.29011854056739,40.26396732001479,40.24178852779731,40.222849964739176,40.20654494445222,40.19238984670711,40.18000309228328,40.16908332355456
-0.02064,40.14343036270566,40.42272370318462,40.43917937892037,40.40267159429253,40.36116870451241,40.32402121477376,40.29242137450007,40.265787852744126,40.243262741999196,40.22406750829796,40.20756716894974,40.19326009009362,40.180752806959774,40.16973587354951
-0.020399999999999998,40.15490308140666,40.43609982838425,40.447843399960576,40.408437293983525,40.36522559599431,40.32701487586506,40.29471559175839,40.26759970441375,40.244728764972955,40.225277527785494,40.20858256001296,40.194124152848666,40.18149693442756,40.17038336607575
-0.020159999999999997,40.16714298439972,40.44973711283368,40.45657476257866,40.414216981784506,40.369279954505444,40.33000077134457,40.297000701638886,40.26940252541279,40.24618633957429,40.226479828899656,40.20959096742274,40.19498191653637,40.182235379717746,40.171025723854314
-0.019919999999999997,40.18018779995899,40.46363371928448,40.465370759301976,40.42000891705955,40.373330683107056,40.33297818217414,40.29927621206536,40.271195965895,40.24763520889251,40.227674217753155,40.21059224142814,40.19583326318548,40.1829680482983,40.17166287000645
-0.01968,40.194075962189416,40.47778746512357,40.4742285842483,40.42581132801071,40.37737667395803,40.335946385433665,40.30154162975974,40.27297967588954,40.24907511632503,40.2288605009253,40.211586232783404,40.196678075316534,40.1836948460944,40.17229472806919
-0.01944,40.20884652250078,40.49219581461579,40.48314533376305,40.43162241242111,40.381416808777296,40.33890465459954,40.303796460414944,40.27475330541255,40.2505058056521,40.23003848551384,40.21257279278506,40.197516235969026,40.18441567950882,40.172921222011006
-0.0192,40.224539051336535,40.50685587154604,40.49211800718228,40.43744033843435,40.38544995931832,40.341852259827576,40.306040208869426,40.276516504579476,40.25192702111196,40.231207979186934,40.21355177330897,40.19834762872855,40.18513045544229,40.17354227624737
-0.018959999999999998,40.24119352995684,40.52176437228982,40.50114350772312,40.44326324537006,40.38947498785552,40.34478846824032,40.30827237928355,40.27826892371803,40.253338507476194,40.23236879023526,40.21452302684739,40.19917213775395,40.18583908131383,40.17415781565628
-0.018719999999999997,40.25885023212491,40.53691767934151,40.51021864350284,40.44908924457533,40.39349074768224,40.34771254421856,40.310492475317574,40.28001021348191,40.25474001012537,40.23352072762412,40.215486406546106,40.199989647804394,40.18654146508103,40.174767765593806
-0.01848,40.27754959560047,40.552311775328555,40.51934012868777,40.45491642031153,40.39749608362014,40.350623749696965,40.31270000031115,40.28174002496505,40.25613127512486,40.23466360104564,40.21644176624147,40.20080004426648,40.18723751526027,40.17537205190958
-0.01824,40.297332083403155,40.56794225754061,40.528504584773,40.46074283067619,40.40148983253954,40.35352134446352,40.31489445746436,40.283458009816435,40.25751204930084,40.23579722097101,40.21738896049747,40.201603213181215,40.187927140947,40.17597060096217
-0.018,40.31823803487291,40.58380433300106,40.53770854199358,40.466566508559545,40.40547082389061,40.35640458646281,40.31707535002003,40.285163820355336,40.25888208031648,40.23692139870271,40.21832784464273,40.20239904127105,40.18861025183579,40.17656333963456
-0.017759999999999998,40.34030750662273,40.59989281410896,40.546948440867816,40.4723854626351,40.409437880244944,40.35927273210277,40.319242181447386,40.28685710968712,40.26024111674818,40.238035946426734,40.21925827480749,40.20318741596675,40.18928675824055,40.17715019534947
-0.017519999999999997,40.363580103552,40.61620211487792,40.55622063387299,40.47819767838376,40.41338981784723,40.36212503656487,40.32139445562682,40.28853753181927,40.26158890816193,40.23914067726479,40.220180107960445,40.20396822543425,40.18995657111447,40.17773109608461
-0.017279999999999997,40.38809480016515,40.63272624779851,40.56552138725364,40.48400111915085,40.417325447176694,40.3649607541175,40.32353167703578,40.29020474177787,40.262925205189696,40.24023540532645,40.22109320194566,40.204741358601446,40.19061960207005,40.17830597038801
-0.01704,40.413889752520525,40.649458821349455,40.57484688296231,40.48979372723548,40.42124357351792,40.367779138432326,40.3256533509356,40.29185839572425,40.264249759605825,40.24131994576121,40.221997415519205,40.205506705184845,40.19127576339898,40.17887474739318
-0.0168,40.44100210121794,40.666393038182335,40.58419322073247,40.495573425011436,40.42514299754068,40.37057944290351,40.327758983559214,40.29349815107186,40.26556232440343,40.242394114810466,40.22289260838582,40.206264155716184,40.191924968091975,40.17943735683424
-0.01656,40.469467765919106,40.6835216940033,40.5935564202831,40.50133811607892,40.429022515888484,40.37336092096956,40.329848082299605,40.29512366660333,40.26686265387071,40.2434577298594,40.22377864123543,40.207013601568946,40.192567129858546,40.17999372906103
-0.016319999999999998,40.49932123198333,40.70083717717438,40.60293242365408,40.50708568644625,40.4328809217752,40.37612282643754,40.33192015589894,40.296734602587584,40.26815050366714,40.24451060948871,40.224655375779506,40.20775493498469,40.193202163146644,40.18054379505413
-0.016079999999999997,40.53059532989074,40.71833146905564,40.612317097671564,40.51281400574082,40.43671700558967,40.37886441380958,40.333974714638266,40.29833062089695,40.26942563089961,40.24555257352615,40.22552267478732,40.20848804909938,40.19382998316226,40.18108748643981
-0.01584,40.56332100821537,40.73599614510839,40.62170623654187,40.51852092844819,40.440529555507545,40.38158493861135,40.33601127052756,40.29991138512425,40.270687794198345,40.24658344309795,40.22638040212202,40.2092128379695,40.194450505888895,40.18162473550493
-0.0156,40.597527101001674,40.753822376777784,40.63109556457261,40.524204295178585,40.444317358110176,40.38428365772227,40.338029337496174,40.30147656069981,40.27193675379258,40.24760304068,40.22722842277652,40.20992919659809,40.19506364810698,40.1821554752118
-0.015359999999999999,40.63324009048775,40.771800934172276,40.64048073901927,40.52986193395963,40.44807919900992,40.386959829707415,40.34002843158348,40.30302581500828,40.27317227158609,40.24861119014881,40.22806660290927,40.2106370209606,40.19566932741315,40.18267963921292
-0.015119999999999998,40.6704838662076,40.78992218955529,40.64985735305517,40.53549166155437,40.45181386348148,40.3896127151506,40.342008071129534,40.30455881750518,40.27439411123236,40.24960771683222,40.22889480987976,40.21133620803065,40.196267462239454,40.183197161865685
-0.014879999999999999,40.70927948159119,40.808176121663045,40.659220938862795,40.54109128480339,40.45552013709883,40.39224157698871,40.3439677769658,40.306075239833234,40.275602038209456,40.25059244755989,40.22971291228385,40.212026655805616,40.19685797187244,40.18370797824705
-0.014639999999999999,40.749644909264916,40.826552320860586,40.6685669708439,40.54665860199004,40.45919680637701,40.394845680846835,40.34590707260564,40.30757475593824,40.27679581989458,40.251565210713395,40.23052077998887,40.21270826333202,40.19744077647212,40.184212024168076
-0.0144,40.79159479633446,40.84503999514633,40.67789086894561,40.552191404227294,40.46284265941865,40.39742429537406,40.34782548443459,40.30905704218459,40.277975225638166,40.25252583627611,40.23131828416853,40.21338093073082,40.198015797090875,40.18470923618844
-0.014159999999999999,40.83514022100702,40.86362797701324,40.68718800209978,40.55768747686534,40.466456486564326,40.39997669257963,40.34972254190015,40.310521777470214,40.27914002683758,40.2534741558827,40.23210529733748,40.214044559222486,40.1985829556922,40.18519955163091
-0.013919999999999998,40.88028845197918,40.88230473117291,40.69645369177218,40.56314460091832,40.47003708104647,40.402502148169255,40.35159777770116,40.311968643341004,40.280289997010335,40.254410002868276,40.232881693385735,40.21469905115192,40.199142175169364,40.1856829085957
-0.01368,40.92704271207899,40.90105836314667,40.70568321561808,40.568560554509034,40.47358323964613,40.40499994188133,40.353450727976366,40.31339732410454,40.28142491186678,40.25533321231717,40.23364734761273,40.21534431001316,40.199693379363936,40.18615924597483
-0.013439999999999999,40.9754019477061,40.91987662872543,40.714871811240656,40.573933114330174,40.477093763352116,40.40746935782272,40.355280932492306,40.314807506943126,40.28254454938223,40.256243621111224,40.234402136761155,40.215980240473954,40.20023649308425,40.18662850346638
-0.013199999999999998,41.025360605660296,40.93874694429797,40.72401468004799,40.57926005712064,40.48056745802184,40.40990968480389,40.357087934830176,40.316198882026015,40.283648689868514,40.257141067977784,40.235145939050454,40.21660674840011,40.200771442123674,40.18709062158877
-0.01296,41.0769084189864,40.95765639804472,40.73310699120469,40.58453916115545,40.48400313504336,40.412320216673194,40.35887128257165,40.317571142620736,40.284737116044816,40.25802539353714,40.23587863421004,40.21722374087962,40.20129815327889,40.1875455416949
-0.012719999999999999,41.13003020349072,40.97659176199207,40.74214388567346,40.589768207747724,40.48739961199798,40.41470025264978,40.36063052748346,40.31892398520349,40.28580961310791,40.25889644034946,40.236600103512174,40.217831126246665,40.20181655436795,40.18799320598637
-0.012479999999999998,41.18470566660107,40.99553950491918,40.75112048034192,40.594944982761156,40.49075571332269,40.41704909765518,40.362365225700586,40.32025710956849,40.28686596880155,40.259754052961334,40.23731022980452,40.218428814105344,40.202326574248325,40.18843355752759
-0.01224,41.24090923024742,41.014485806107295,40.76003187222978,40.60006727813128,40.49407027097196,40.419366062642936,40.3640749379079,40.321570218936145,40.28790597348517,40.260598077951684,40.23800889754237,40.219016715353256,40.20282814283479,40.18886654025992
-0.011999999999999999,41.2986098694334,41.03341656991863,40.76887314277101,40.6051328933939,40.49734212507801,40.42165046492616,40.36575922952014,40.322863020060076,40.28892942020164,40.2614283639771,40.238695992820475,40.21959474220485,40.2033211911173,40.18929209901586
-0.01176,41.357770968149154,41.05231744118937,40.77763936216551,40.610139637218914,40.50057012460911,40.423901628502655,40.36741767085996,40.32413522333275,40.28993610474426,40.262244761816724,40.239371403404554,40.22016280821456,40.203805651178726,40.18971017953313
-0.011519999999999999,41.418350194243594,41.07117382141866,40.786325593794615,40.61508532894768,40.503753128024925,40.426118884377225,40.369049837333954,40.32538654288975,40.29092582572262,40.26304712441632,40.24003501876241,40.22072082829983,40.204281456212556,40.190120728468955
-0.011279999999999998,41.480299394827696,41.089970885732555,40.794926898694285,40.619967800132116,40.50689000392838,40.42830157088085,40.370655309606455,40.32661669671249,40.29189838462764,40.263835306931874,40.24068673009468,40.221268718763845,40.204748540540564,40.190523693414306
-0.01104,41.543564513720874,41.10869360059947,40.80343834007971,40.62478489607351,40.50997963171313,40.43044903398629,40.372233673770836,40.32782540672929,40.29285358589544,40.26460916677242,40.24132643036511,40.221806397318105,40.2052068396304,40.19091902290824
-0.010799999999999999,41.60808553237862,41.12732674227057,40.81185498791473,40.62953447735903,40.51302090220583,40.43256062761984,40.373784521518196,40.32901239891472,40.29379123697,40.26536856364217,40.24195401433055,40.22233378310484,40.20565629011324,40.19130666645244
-0.01056,41.67379643565214,41.145854915915805,40.820171923519275,40.634214421393885,40.516012718302406,40.43463571396866,40.375307450303076,40.33017740338699,40.29471114836476,40.266113359581865,40.242569378570444,40.22285079671924,40.206096829801375,40.19168657452581
-0.01032,41.74062520362943,41.16426257542368,40.82838424420756,40.63882262392683,40.51895399559734,40.43667366378336,40.37680206350615,40.33132015450335,40.295613133722775,40.26684341900943,40.24317242151588,40.223357360231546,40.2065283977059,40.19205869859934
-0.010079999999999999,41.808493830692335,41.182534043829556,40.83648706794958,40.64335700056676,40.52184366300508,40.43867385667524,40.378267970593335,40.33244039095329,40.29649700987559,40.2675586087597,40.243763043478296,40.22385339720894,40.20695093405448,40.192422991151226
-0.00984,41.87731837279644,41.20065353433476,40.84447553804803,40.647815488288,40.52468066337243,40.440635681407755,40.37970478727135,40.33353785584931,40.29736259690054,40.2682587981233,40.24434114667766,40.224338832737416,40.2073643803092,40.19277940568227
-0.0096,41.94700902383989,41.21860517187556,40.85234482782261,40.652196046921574,40.52746395408089,40.442558536181544,40.38111213563904,40.334612296815195,40.29820971817654,40.26894385888463,40.24490663527027,40.22481359344343,40.20776867918465,40.19312789673174
-0.009359999999999999,42.01747022183488,41.23637301519816,40.860090145292844,40.65649666062978,40.530192507637736,40.44444182891236,40.382489644334434,40.33566346607145,40.299038200438076,40.26961366535885,40.245459415376,40.225277607515615,40.2081637746662,40.19346841989357
-0.00912,42.08860078543192,41.253941079392824,40.867706737850426,40.66071533936116,40.53286531225436,40.446284977501314,40.383836948676816,40.33669112051773,40.29984787382743,40.2702680944278,40.24599939510522,40.225730804726396,40.208549612028605,40.19380093183331
-0.008879999999999999,42.160294081173014,41.271293358836864,40.875189896911564,40.664850120282566,40.535481372410565,40.44808741009641,40.38515369080353,40.337695021811875,40.30063857194481,40.27090702557484,40.246526484585175,40.226173116453644,40.20892613785502,40.19412539030564
-0.008639999999999998,42.23243822166673,41.28841385049323,40.88253496253896,40.668899069184775,40.53803970940306,40.449848565344645,40.38643951980087,40.33867493644538,40.301410131896326,40.27153034091852,40.24704059598587,40.22660447570241,40.20929330005652,40.19444175417283
-0.0084,42.3049162946872,41.30528657750754,40.88973732802244,40.672860281858,40.54053936187623,40.45156789263345,40.387694091828436,40.33963063581476,40.30216239433953,40.27213792524484,40.247541643545574,40.227024817126825,40.20965104789221,40.19474998342408
-0.008159999999999999,42.37760662300087,41.321895613043054,40.896792444406465,40.67673188543274,40.54297938633316,40.45324485232034,40.38891707023624,40.340561896288406,40.30289520352632,40.27272966603832,40.248029543595784,40.22743407705223,40.20999933199018,40.19505003919625
-0.00792,42.45038305452191,41.338225104288725,40.903695824951626,40.68051203968127,40.54535885762432,40.4548789159493,40.39010812567355,40.34146849926847,40.303608407342814,40.27330545351136,40.24850421458578,40.22783219349763,40.210338104369434,40.195341883796
-0.007679999999999999,42.523115282189714,41.35425929657106,40.91044304951583,40.684198938274214,40.547676869411106,40.45646956645215,40.39126693618861,40.342350231246996,40.30430185734598,40.273865180632015,40.24896557710669,40.22821910619867,40.210667318462946,40.195625480723656
-0.0074399999999999996,42.59566919275292,41.369982557495405,40.91702976883949,40.68779080998571,40.54993253460068,40.45801629833287,40.39239318731779,40.343206883855665,40.30497540879645,40.27440874314994,40.24941355391511,40.22859475663119,40.210986929142315,40.19590079469943
-0.0072,42.667907243433895,41.385379401036275,40.923451708716925,40.69128591983983,40.55212498574827,40.459518617832515,40.39348657216276,40.34403825390806,40.305628920687084,40.2749360396202,40.24984806995633,40.228959088035616,40.21129689274416,40.1961677916921
-0.006959999999999999,42.73968886523901,41.4004345114894,40.929704674033495,40.69468257018924,40.55425337542174,40.460976043071476,40.394546791453664,40.34484414343353,40.30626225576659,40.27544697142476,40.2502690523871,40.2293120454425,40.21159716709882,40.19642643895103
-0.006719999999999999,42.81087089147359,41.41513276718956,40.935784552645124,40.69797910171564,40.55631687652265,40.462388104165754,40.39557355359614,40.345624359700906,40.30687528055744,40.27594144279138,40.25067643059802,40.229653575699324,40.211887711561864,40.19667670504212
-0.00648,42.88130800981902,41.429459263887644,40.94168731907229,40.7011738943389,40.5583146825563,40.46375434331229,40.396566574699186,40.346378715230664,40.3074678653671,40.27641936080928,40.25107013623562,40.22998362749919,40.212168487049,40.19691855988861
-0.006239999999999999,42.95085323613414,41.44339933766707,40.94740903797527,40.70426536801903,40.56024600784158,40.465074314837956,40.39752557858026,40.34710702779295,40.30803988429127,40.27688063544137,40.25145010322407,40.2303021514117,40.21243945607539,40.19715197481784
-0.005999999999999999,43.01935840795603,41.45693858726238,40.95294586737029,40.70725198343114,40.56211008764897,40.46634758520468,40.39845029674302,40.34780912038887,40.30859121520758,40.27732517953214,40.2518162677867,40.23060909991673,40.21270058280032,40.19737692261561
-0.0057599999999999995,43.086674695498104,41.47006289562071,40.958294061536584,40.71013224248826,40.56390617825198,40.4675737329616,40.39934046832185,40.348484821211336,40.30912173975775,40.27775290881045,40.2521685684673,40.230904427441914,40.21295183307869,40.19759337758976
-0.00552,43.15265312777781,41.482758450516485,40.96344997355179,40.71290468867987,40.565633556872854,40.468752348632165,40.40019583998541,40.349133963580705,40.309631343315544,40.27816374188616,40.252506946151385,40.23118809040487,40.21319317452105,40.19780131564564
-0.00528,43.217145131353895,41.495011763989936,40.9684100573754,40.71556790718464,40.56729152149777,40.469883034520564,40.40101616578937,40.349756385849126,40.31011991493702,40.278557600239225,40.25283134408756,40.23146004726149,40.21342457656472,40.19800071437651
-0.005039999999999999,43.280003079015636,41.50680969032459,40.973170869376524,40.71812052470241,40.56887939052872,40.47096540441669,40.401801206965075,40.350351931265386,40.310587347288624,40.27893440819918,40.253141707909016,40.231720258562184,40.21364601055894,40.19819155317328
-0.0048,43.34108084564509,41.518139442202326,40.97772906916855,40.720561208932594,40.570396502228114,40.471999083171994,40.40255073162636,40.35092044778935,40.311033536546965,40.27929409291271,40.25343798565568,40.23196868701849,40.21385744986844,40.198373813359126
-0.00456,43.40023436836979,41.52898860456663,40.982081419566626,40.72288866760025,40.57184221389669,40.47298370610844,40.40326451437057,40.35146178784107,40.311458382261904,40.27963658429577,40.253720127797074,40.232205297583356,40.21405887000104,40.198547478356815
-0.004319999999999999,43.45732220803834,41.53934514556928,40.98622478541647,40.72510164689421,40.57321590070284,40.47391891820871,40.403942335740524,40.35197580796417,40.31186178717159,40.27996181496554,40.25398808725649,40.23243005754965,40.21425024876729,40.19871253389943
-0.004079999999999999,43.51220610898646,41.549197423749774,40.99015613094457,40.72719892912782,40.57451695404875,40.474804373015196,40.40458398150126,40.35246236837478,40.31224365695338,40.28026972014548,40.25424181943707,40.232642936673294,40.214431566483086,40.19886896829933
-0.0038399999999999997,43.56475155401674,41.55853419025974,40.993872515134186,40.72917932935323,40.57574477931044,40.4756397311341,40.40518924166526,40.35292133235516,40.31260389988772,40.28056023753439,40.25448128225074,40.232843907330164,40.21460280623116,40.199016772796696
-0.0036,43.614828311492786,41.567344584433755,40.99737108440952,40.73104169053836,40.57689879271519,40.476424658194986,40.405757909170504,40.3533525654328,40.31294242640201,40.28083330712523,40.254706436151125,40.23303294471982,40.21476395420419,40.199155942018535
-0.0033599999999999997,43.66231097144791,41.575618120213605,41.000649061566925,40.73278487672834,40.5779784170056,40.47715882204291,40.406289778068995,40.35375593425704,40.31325914844498,40.28108887095393,40.25491724417266,40.23321002713582,40.214915000163415,40.19928647459386
-0.0031199999999999995,43.70707946763022,41.58334465966667,41.003703729343286,40.73440776331254,40.57898307535795,40.477841888825566,40.40678464100999,40.35413130503957,40.3135539786171,40.281326872746824,40.255113671978386,40.233375136332086,40.21505593806437,40.19940837399454
-0.0028799999999999997,43.749019582450714,41.5905143677602,41.00653240611261,40.73590922302741,40.57991218272404,40.478473517448066,40.40724228568091,40.354478541350616,40.31382682894028,40.28154725741871,40.255295687921276,40.233528258031754,40.21518676692963,40.19952164971019
-0.00264,43.78802343186794,41.59711763902511,41.00913240967563,40.737288105490435,40.5807651332601,40.47905335154722,40.407662489663785,40.35479750093523,40.31407760907906,40.28174997034376,40.25546326312594,40.233669382652835,40.215307492098056,40.19962631893151
-0.0024,43.8239899273324,41.60314498052264,41.011501002418115,40.738543206591125,40.58154128161472,40.47958100757126,40.40804501280365,40.35508803099088,40.31430622370063,40.28193495626974,40.255616371602706,40.23379850637472,40.21541812706515,40.199722409032354
-0.0021599999999999996,43.856825212024944,41.6085868240618,41.01363530615753,40.73967322135589,40.58223991420534,40.48005605650871,40.408389585518634,40.355349960935044,40.314512568429755,40.28210215765035,40.255754990414495,40.23391563276065,40.21551869628819,40.199809961355314
-0.0019199999999999998,43.88644306875649,41.6134332183487,41.01553216537512,40.74067666864528,40.582860203424374,40.480477994786085,40.40869589018854,40.35558309089134,40.3146965234069,40.282251511984995,40.25587909993351,40.23402077532861,40.21560923963681,40.19988903722035
-0.0016799999999999999,43.91276529704895,41.61767330571149,41.01718791763875,40.74155176517117,40.58340113112442,40.48084619567129,40.40896353008436,40.355787172468794,40.31485794253176,40.28238294737108,40.25598868425918,40.23411396182866,40.21568981980496,40.199959727934846
-0.0014399999999999999,43.93572205709003,41.6212943853087,41.01859798563801,40.742296202068566,40.583861353026684,40.48115982318629,40.40919197433639,40.35596187471816,40.314996634407485,40.2824963746177,40.25608373194492,40.23419524180101,40.21576053541693,40.20002217249768
-0.0012,43.95525217844493,41.62428011248103,41.01975609628983,40.74290671771655,40.58423893959659,40.481417667622054,40.4093804527944,40.35610671908958,40.3151123259279,40.28259167216596,40.25616423736775,40.23426470099144,40.215821546037255,40.2000765913893
-0.0009599999999999999,43.971303431615254,41.62660668302775,41.02065262964524,40.7433781950919,40.58453082864014,40.48161779810046,40.409527733951336,40.3562209420467,40.315204585354635,40.28266865421678,40.256230203591706,40.23432249176193,40.21587312495171,40.20012335789184
-0.0007199999999999999,43.983832760758055,41.62823354775572,41.02127060549876,40.74370146838151,40.5847314953168,40.48175671847718,40.40963158541883,40.356303161284366,40.31527263541216,40.28272699325884,40.2562816492694,40.2343689069038,40.21591578731657,40.20016317126784
-0.00047999999999999996,43.99280647611375,41.62907552625856,41.021573636771016,40.7438567404036,40.58482896099511,40.48182683437412,40.40968715492539,40.356350374090404,40.31531479236342,40.28276598749561,40.25631862922556,40.234404600980604,40.21595067452762,40.200197576230615
-0.00023999999999999998,43.998200404939254,41.628881894527964,41.021453709854214,40.743785051016566,40.584787494680306,40.4818054748624,40.409679953271024,40.356353615967016,40.31532603465145,40.282783552511006,40.2563413232484,40.23443154915745,40.215981219554656,40.200231213762294
0.00023999999999999998,43.998200404939254,41.628881894527964,41.021453709854214,40.743785051016566,40.584787494680306,40.4818054748624,40.409679953271024,40.356353615967016,40.31532603465145,40.282783552511006,40.2563413232484,40.23443154915745,40.215981219554656,40.200231213762294
0.00047999999999999996,43.99280647611375,41.628881894527964,41.021453709854214,40.743785051016566,40.584787494680306,40.4818054748624,40.409679953271024,40.356353615967016,40.31532603465145,40.282783552511006,40.2563413232484,40.23443154915745,40.215981219554656,40.200231213762294
0.0007199999999999999,43.983832760758055,41.62792390203463,41.0210788174023,40.74358682047618,40.58466518420686,40.48172256715208,40.40962008001685,40.35630836128087,40.31529063320508,40.28275510540778,40.25631796637347,40.23441202956743,40.21596466411046,40.20021699542256
0.0009599999999999999,43.971303431615254,41.62621445914351,41.02040967729792,40.743232958267406,40.5844468320171,40.48157455125754,40.40951318439183,40.356227563267396,40.315227426106276,40.2827043141441,40.2562762630496,40.23437717732401,40.21593510411629,40.20019160819099
0.0012,43.95525217844493,41.6238240619392,41.01947357484949,40.742737819728895,40.58414127016634,40.481367402872344,40.40936357625842,40.35611447638249,40.31513895735005,40.28263322177457,40.256217889959686,40.23432839309941,40.21589372715313,40.20015607171235
0.0014399999999999999,43.93572205709003,41.62078661726161,41.018283368404674,40.74210810566502,40.583752598615845,40.48110388604753,40.409173244111436,40.355970599366984,40.315026396807006,40.28254276673342,40.256143616535184,40.23426631916669,40.21584107742714,40.20011085297643
0.0016799999999999999,43.91276529704895,41.617122378316274,41.01684647031548,40.7413476123969,40.58328311647711,40.480785540299166,40.40894329018886,40.35579676001047,40.31489038883129,40.28243346475777,40.25605386487011,40.23419130733411,40.21577745265165,40.20005620717713
0.0019199999999999998,43.88644306875649,41.61284558014919,41.01516783868194,40.74045881445872,40.58273429879852,40.480413342821016,40.408674408749484,40.35559347667992,40.314731335089725,40.28230563616692,40.25594889633824,40.234103574907444,40.21570303632893,40.19999229132245
0.0021599999999999996,43.856825212024944,41.60796757603856,41.01325120787316,40.739443515853175,40.58210719858022,40.47998798106184,40.408367082953866,40.35536110714879,40.31454951099718,40.2821594994314,40.25582888842343,40.234003268900814,40.21561795221234,40.19991921100979
0.0024,43.8239899273324,41.602498316361604,41.011099670253316,40.738303158186206,40.58140263705451,40.47950998176731,40.40802167808225,40.35509991906958,40.31434512085348,40.28199521548374,40.25569397110478,40.23389049644631,40.21552229009954,40.19983704257904
0.00264,43.78802343186794,41.596447116814936,41.00871597984394,40.73703898175731,40.58062130322952,40.478979778511366,40.4076384903288,40.35481012686738,40.31411832671137,40.281812910919776,40.25554424590915,40.23376534071814,40.2154161193398,40.19974584471394
0.0028799999999999997,43.749019582450714,41.58982308638013,41.00610272295752,40.73565211631766,40.57976381003655,40.478397749810384,40.40721777435064,40.35449191257477,40.31386926468176,40.28161269110487,40.255379796674625,40.233627869929464,40.21529949646563,40.199645664997156
0.0031199999999999995,43.70707946763022,41.58263537795498,41.003262419601946,40.73414363524314,40.578830727907615,40.47776424193906,40.40675975976901,40.35414543831608,40.31359805470636,40.281394648030584,40.25520069600375,40.23347814272694,40.21517246976925,40.19953654384144
0.0033599999999999997,43.66231097144791,41.57489334007547,41.000197586366966,40.73251458936763,40.57782260580935,40.477079583245384,40.40626466153186,40.35377085415212,40.31330480670098,40.28115886525505,40.25500700932222,40.233316211584125,40.21503508218167,40.19941851696297
0.0036,43.614828311492786,41.566606610291785,40.9969107766741,40.73076602887759,40.5767399849182,40.47634409347995,40.40573268667689,40.35336830320449,40.3129896245709,40.28090542113344,40.25479879753376,40.23314212502174,40.214887373156856,40.19929161700022
0.0038399999999999997,43.56475155401674,41.557785172449826,40.99340460709801,40.72889901787425,40.575583407779774,40.47555809006705,40.405164038887136,40.35293792511196,40.312652608921724,40.28063439100031,40.25457611881435,40.232955929108726,40.21472937994582,40.199155874608934
0.004079999999999999,43.51220610898646,41.548439390701894,40.98968177477296,40.72691464425509,40.57435342458897,40.47472189242705,40.40455892164045,40.352479858424644,40.312293858939505,40.280345848684625,40.25433902985873,40.23275766850552,40.21456113848268,40.199011319223814
0.004319999999999999,43.45732220803834,41.538580027955604,40.98574506889337,40.724814026505484,40.57305059757265,40.47383582501585,40.40391754043391,40.35199424229953,40.311913473724736,40.28003986758599,40.25408758676675,40.232547387206544,40.21438268401534,40.19885797960097
0.00456,43.40023436836979,41.528218253569456,40.981597378179764,40.72259831838958,40.571675504085256,40.472900219495045,40.403240104381716,40.35148121772314,40.31151155325677,40.27971652145422,40.253821845686126,40.23232512907905,40.214194051563815,40.19869588421231
0.0048,43.34108084564509,41.51736564339449,40.97724169551128,40.720268712174644,40.57022873880839,40.4719154162981,40.402526827378345,40.350940928406246,40.311088199101974,40.279375884963095,40.253541863286465,40.23209093826115,40.213995276258956,40.198525061537254
0.005039999999999999,43.280003079015636,41.50603417422066,40.97268112051723,40.71782644080663,40.56871091531231,40.47088176576709,40.40177792895301,40.35037352144597,40.31064351494032,40.27901803413846,40.253247697113714,40.231844859459905,40.21378639359652,40.19834554028184
0.00528,43.217145131353895,41.494236214033855,40.9679188606636,40.715272779319214,40.56712266715295,40.46979962897791,40.40099363490044,40.34977914781944,40.31017760696059,40.27864304668094,40.25293940585829,40.23158693817739,40.213567439630246,40.19815734954538
0.00552,43.15265312777781,41.481984509069555,40.96295823120566,40.71260904567077,40.565464648624456,40.46866937833506,40.40017417774669,40.349157962753516,40.30969058415896,40.278251002211206,40.252617049559674,40.23131722088369,40.21333845111993,40.1979605189486
0.0057599999999999995,43.086674695498104,41.46929216837253,40.95780265426867,40.709836601146485,40.56373753525139,40.46749139799307,40.39931979709117,40.3485101260015,40.30918255856514,40.27784198245731,40.25228068976357,40.23103575515049,40.21309946564608,40.197755078733046
0.005999999999999999,43.01935840795603,41.4561726463863,40.95245565724586,40.70695685042374,40.56194202408094,40.46626608414534,40.39843073985409,40.34783580204917,40.308653645413685,40.27741607139805,40.251930389643164,40.23074258975448,40.21285052169918,40.19754105983874
0.006239999999999999,42.95085323613414,41.442639723968384,40.946920870652406,40.70397124137226,40.560078833818906,40.46499384520996,40.39750726045102,40.347135160266205,40.30810396327287,40.276973355372526,40.25156621409266,40.23043777475794,40.21259165874947,40.197318493965135
0.00648,42.88130800981902,41.42870748813914,40.94120202553928,40.7008812646423,40.55814870484186,40.46367510193439,40.39654962090993,40.34640837501495,40.30753363414055,40.276513923163336,40.25118822979932,40.230121361571236,40.21232291730154,40.197087413619116
0.006719999999999999,42.81087089147359,41.414390310808436,40.9353029505462,40.69768845308051,40.55615239910968,40.46231028743532,40.395558090942764,40.345655625725314,40.30694278351384,40.27603786605894,40.250796505298574,40.22979340300139,40.21204433893715,40.19684785215279
0.006959999999999999,42.73968886523901,41.39970282667966,40.92922756865487,40.69439438100416,40.55409069999681,40.46089984718599,40.39453294798024,40.34487709694247,40.30633154043795,40.2755452778995,40.250391111015574,40.22945395328928,40.211755966348456,40.19659984379326
0.0072,42.667907243433895,41.38465991049724,40.92297989369111,40.69100066335715,40.55196441205648,40.459444238960465,40.393474477176674,40.344072978352614,40.305700037538095,40.2750362551092,40.24997211929592,40.22910306813797,40.21145784336372,40.19634342366578
0.0074399999999999996,42.59566919275292,41.369276653779174,40.91656402661471,40.68750895476641,40.54977436072876,40.45794393274226,40.392382971390234,40.34324346479059,40.30504841103752,40.27451089671778,40.24953960442746,40.22874080473358,40.211150014966826,40.196078627811794
0.007679999999999999,42.523115282189714,41.353568341157775,40.90998415162892,40.68392094851342,40.54752139200121,40.45639941060295,40.39125873114248,40.342388756232495,40.30437680076417,40.27396930437296,40.249093642654906,40.22836722176028,40.21083252731179,40.19580549320259
0.00792,42.45038305452191,41.337550426437396,40.90324453213594,40.68023837543278,40.5452063720289,40.45481116655534,40.39010206456066,40.34150905777574,40.30368535014781,40.27341158234547,40.24863431218836,40.22798237941019,40.21050542773303,40.19552405774946
0.008159999999999999,42.37760662300087,41.321238508466905,40.896349506561116,40.676463002747596,40.54283018671957,40.45317970638489,40.38891328730515,40.34060457960844,40.30297420620906,40.27283783752768,40.24816169320677,40.22758633938926,40.210168764752275,40.19523436031083
0.0084,42.3049162946872,41.30464830691575,40.88930348406496,40.67259663284975,40.540393741288256,40.4515055474623,40.38769272248431,40.33967553696972,40.30224351954165,40.272248179427066,40.24767586785719,40.22717916491953,40.20982258808242,40.19493644069704
0.008639999999999998,42.23243822166673,41.287795638035384,40.882110940160175,40.66864110203207,40.53789795978531,40.44978921853966,40.38644070055824,40.33872215010219,40.30149344428879,40.27164272015497,40.24717692025039,40.226760920738506,40.20946694862906,40.194630339672955
0.008879999999999999,42.160294081173014,41.27069639048132,40.874776412248494,40.66459827917797,40.53534378460082,40.44803125953211,40.38515755923296,40.33774464419756,40.30072413811443,40.27102157441157,40.24666493645328,40.22633167309603,40.209101898489806,40.19431609895878
0.00912,42.08860078543192,41.25336650126649,40.867304495091005,40.66047006441395,40.53273217594818,40.44623222128676,40.38384364334607,40.33674324933625,40.299935762170186,40.27038485946733,40.24614000447873,40.2258914897488,40.20872749095184,40.19399376122943
0.009359999999999999,42.01747022183488,41.23582193191171,40.859699836224266,40.656258387729046,40.530064111328976,40.44439266534015,40.382499304744904,40.335718200421816,40.29912848105821,40.26973269514155,40.24560221427298,40.22544043995318,40.208343780487866,40.193663370112496
0.0096,41.94700902383989,41.218078644855154,40.85196713133354,40.65196520756551,40.52734058498122,40.44251316366546,40.381124902157936,40.3346697371105,40.298302462790744,40.26906520377823,40.24505165770098,40.22497859445622,40.20795082275072,40.19332497018512
0.00984,41.87731837279644,41.20015258017919,40.84411111959382,40.6475925093841,40.524562607312646,40.44059429841059,40.37972080106008,40.333598103736705,40.29745787874653,40.268382510219645,40.24448842852992,40.22450602548522,40.207548674566745,40.1929786069698
0.010079999999999999,41.808493830692335,41.18205963270929,40.836136578988445,40.64314230420724,40.52173120432059,40.438636661627825,40.3782873735326,40.33250354923457,40.29659490362444,40.26768474177775,40.243912622411116,40.224022806736016,40.20713739392811,40.19262432692942
0.01032,41.74062520362943,41.163815629536614,40.82804832161473,40.638616627143165,40.51884741699977,40.43664085499601,40.37682499811798,40.33138632705616,40.295713715394626,40.26697202820376,40.24332433686043,40.223529013360086,40.20671703998418,40.19226217746131
0.01056,41.67379643565214,41.14543630801279,40.81985118898543,40.634017535893655,40.515912300739274,40.43460748953582,40.375334059670294,40.330246695086444,40.29481449524743,40.26624450165603,40.24272367123736,40.223024721950594,40.20628767303202,40.19189220689078
0.010799999999999999,41.60808553237862,41.126937294262206,40.81155004733448,40.62934710924806,40.51292692470989,40.43253718531888,40.37381494920144,40.32908491555553,40.293897427540145,40.265502296666355,40.24211072672295,40.2225100105275,40.20584935450616,40.191514464463914
0.01104,41.543564513720874,41.10833408225449,40.80314978293507,40.62460744556602,40.50989237124273,40.43043057117103,40.37226806372357,40.32790125494813,40.29296269974193,40.26474555010484,40.24148560629661,40.22198495852182,40.2054021469676,40.19112900033982
0.011279999999999998,41.480299394827696,41.089642013476585,40.79465529743779,40.61980066125121,40.50680973520023,40.42828828437061,40.37069380608803,40.32669598391066,40.292010502376996,40.2639744011435,40.24084841471191,40.22144964675904,40.20494611409227,40.19073586558238
0.011519999999999999,41.418350194243594,41.07087625724139,40.786071503236194,40.61492888921833,40.50368012334035,40.4261109703419,40.36909258482112,40.32546937715616,40.291041028966134,40.26318899121866,40.24019925847149,40.220904157441886,40.204481320658836,40.19033511215146
0.01176,41.357770968149154,41.05205179166659,40.777403318866966,40.60999427735542,40.50050465367492,40.423899282344344,40.36746481395688,40.32422171336704,40.290054475966734,40.26238946399221,40.239538245801064,40.220348574132345,40.20400783253597,40.18992679289376
0.011999999999999999,41.2986098694334,41.033183385355116,40.76865566445145,40.60499898698355,40.49728445482281,40.42165388115788,40.36581091286718,40.32295327509598,40.28905104271153,40.26157596531183,40.23886548662268,40.21978298173315,40.20352571666922,40.18951096153321
0.01224,41.24090923024742,41.0142855798052,40.75983345718517,40.59994519131591,40.49402066535889,40.41937543476483,40.364131306089334,40.32166434866509,40.28803093134587,40.26074864317032,40.238181092527256,40.2192074664686,40.203035041067274,40.18908767266103
0.012479999999999998,41.18470566660107,40.99537267257584,40.75094160688156,40.59483507391801,40.490714433159354,40.417064618028625,40.36242642315137,40.32035522406327,40.28699434676402,40.25990764766392,40.237485176746375,40.21862211586497,40.20253587478792,40.188656981725394
0.012719999999999999,41.13003020349072,40.9764587012304,40.74198501157608,40.589670827171055,40.48736691474423,40.41472211236976,40.36069669839528,40.31902619484227,40.285941496544076,40.25905313094993,40.23677785412349,40.21802701873024,40.202028287923554,40.18821894502082
0.01296,41.0769084189864,40.95755742807837,40.73296855319637,40.5844546507401,40.483979274617724,40.41234860543932,40.35894257079829,40.317677558011134,40.28487259088212,40.25818524720339,40.23605924108451,40.21742226513354,40.201512351586324,40.18777361967724
0.013199999999999998,41.025360605660296,40.93868232573276,40.723897093304174,40.579188750048736,40.48055268460707,40.40994479079035,40.357164483792445,40.31630961392946,40.283787842525136,40.25730415257316,40.23532945560781,40.21680794638406,40.20098813789292,40.18732106364876
0.013439999999999999,40.9754019477061,40.919846563498055,40.714775468914155,40.57387533476205,40.477088323200626,40.40751136754743,40.35536288508256,40.3149226661994,40.28268746670322,40.25641000513726,40.23458861719375,40.216184155009515,40.20045571994903,40.18686133570223
0.01368,40.92704271207899,40.90106299460058,40.70560848839487,40.568516617279435,40.47358737488566,40.4050490400747,40.35353822646284,40.31351702155656,40.281571681060846,40.255502964857534,40.23383684683366,40.21555098473434,40.199915171833545,40.18639449540546
0.013919999999999998,40.88028845197918,40.88234414427119,40.696400927456594,40.56311481123876,40.47005102948669,40.4025585176427,40.35169096363214,40.3120929897599,40.28044070558734,40.25458319353378,40.23307426697837,40.214908530457386,40.19936656858234,40.18592060311529
0.014159999999999999,40.83514022100702,40.863702198687086,40.68715752523051,40.55767213003353,40.46648048150475,40.40004051409414,40.34982155600818,40.31065088348065,40.27929476254668,40.25365085475727,40.23230100150631,40.21425688822936,40.19880998617193,40.185439719965395
0.0144,40.79159479633446,40.84514899477763,40.67788298044379,40.552190785344386,40.4628769294583,40.39749574750906,40.347930466540774,40.309191018190425,40.278134076406545,40.252706113863695,40.23151717569115,40.21359615522989,40.19824550150278,40.18495190785387
0.014639999999999999,40.749644909264916,40.82669601089619,40.66858194769438,40.54667298568651,40.45924157522626,40.394924939869554,40.34601816152418,40.30771371204854,40.27695887376679,40.25174913788571,40.23072291616916,40.21292642974429,40.197673192382354,40.18445722943063
0.014879999999999999,40.70927948159119,40.80835435835819,40.65925903382956,40.54112093497422,40.455575623393855,40.39232881672427,40.34408511040876,40.30621928578857,40.27576938328729,40.25078009550494,40.229918350906,40.21224781114005,40.19709313750796,40.18395574808463
0.015119999999999998,40.6704838662076,40.79013477384274,40.64991879443175,40.535536831104096,40.451880280601706,40.38970810685305,40.34213178561215,40.30470806260444,40.274565835615284,40.24979915700357,40.229103609163374,40.21156039984301,40.196505416449405,40.183447527930845
0.015359999999999999,40.63324009048775,40.77204761265363,40.64056573041493,40.529922864558046,40.448156754898655,40.38706354193184,40.34015866232985,40.30318036803578,40.27334846331221,40.24880649421551,40.228278821465246,40.2108642973133,40.19591010963132,40.182932633797186
0.0156,40.597527101001674,40.754102842832864,40.631204284734714,40.52428121702739,40.44440625509904,40.38439585619823,40.33816621834561,40.30163652985299,40.27211750078011,40.24780228047723,40.22744411956373,40.210159606021016,40.19530729831543,40.18241113121112
0.01584,40.56332100821537,40.736310040118134,40.621838839215066,40.518614060059335,40.44062999014473,40.381705786117784,40.3361549338416,40.300076877941734,40.2708731841876,40.24678669057822,40.22659963640477,40.209446429421675,40.19469706458252,40.18188308638621
0.016079999999999997,40.53059532989074,40.71867838373377,40.61247371149401,40.51292355372686,40.43682916847248,40.37899407005139,40.33412529120848,40.29850174418725,40.26961575139552,40.24575990071111,40.2257455060935,40.20872487193146,40.19407949131429,40.18134856620853
0.016319999999999998,40.49932123198333,40.701216653002604,40.603113152091,40.50721184532319,40.43300499738714,40.37626144792389,40.332077774855556,40.29691146235826,40.26834544188226,40.24472208842153,40.22488186385935,40.207995038902176,40.193454662174986,40.180807638222845
0.01656,40.469467765919106,40.68393322476478,40.593761341597705,40.50148106808191,40.429158682441084,40.373508660894224,40.3300128710211,40.295306367990804,40.26706249666878,40.24367343255772,40.22400884602095,40.20725703659616,40.19282266159289,40.180260370618775
0.0168,40.44100210121794,40.66683607158744,40.58442238799442,40.49573333992375,40.42529142682043,40.37073645102728,40.32793106758292,40.29368679827182,40.2657671582434,40.242614113219794,40.223126589950795,40.20651097216085,40.1921835747417,40.1797068322167
0.01704,40.413889752520525,40.64993276074814,40.575100324093405,40.48997076223095,40.42140443073835,40.36794556096765,40.325832853869386,40.29205309192278,40.26445967048645,40.24154431170896,40.222235234039736,40.205756953603284,40.19153748752166,40.17914709245367
0.017279999999999997,40.38809480016515,40.63323045397303,40.56579910511075,40.484195418650174,40.417498890836086,40.36513673361555,40.323718720470914,40.2904055890832,40.263140278594655,40.240464210476354,40.221334917661245,40.20499508976441,40.19088448654066,40.17858122136909
0.017519999999999997,40.363580103552,40.61673590790963,40.556522606367814,40.478409373924826,40.41357599959187,40.36231071180509,40.32158915905208,40.28874463119427,40.26180922900548,40.239373993071894,40.22042578113557,40.204225490293226,40.19022465909518,40.1780092895904
0.017759999999999998,40.34030750662273,40.600455475312735,40.54727462112317,40.472614672757636,40.40963694473835,40.35946823798501,40.31944466216447,40.287070560882626,40.26046676932137,40.238273844092845,40.21950796569369,40.203448265620835,40.18955809315104,40.17743136831855
0.018,40.31823803487291,40.584395106920866,40.53805885853573,40.46681333870414,40.405682908688775,40.35661005390232,40.31728572306035,40.285383721844234,40.25911314823393,40.237163949132324,40.21858161344117,40.2026635269343,40.18888487732415,40.17684752931345
0.01824,40.297332083403155,40.568560353999466,40.52887894175942,40.46100737309801,40.401715067972376,40.35373690028867,40.31511283550727,40.28368445872855,40.25774861544808,40.23604449472774,40.2176468673219,40.20187138615047,40.18820510086107,40.176257844879316
0.01848,40.27754959560047,40.55295637152638,40.5197384061699,40.45519875400868,40.39773459267934,40.350849516550014,40.312926493603726,40.28197311702298,40.2563734216063,40.234915668309085,40.216703871081705,40.20107195588962,40.18751885361954,40.175662387849876
0.018719999999999997,40.25885023212491,40.537587921993904,40.51064069772293,40.44938943523204,40.3937426459156,40.347948640459485,40.31072719159593,40.28025004293768,40.25498781821284,40.23377765814724,40.21575276923189,40.20026534944903,40.18682622604883,40.17506123157359
0.018959999999999998,40.24119352995684,40.522459379801354,40.50158917144456,40.44358134531477,40.38974038326795,40.34503500785379,40.30851542369584,40.278515583290805,40.25359205755813,40.232630653302245,40.214793707012696,40.19945168077656,40.18612730917013,40.17445444989873
0.0192,40.224539051336535,40.50757473621102,40.492587090052446,40.43777638661271,40.385728952279635,40.34210935233324,40.30629168390049,40.27677008539416,40.25218639264323,40.231474843571526,40.21382683035674,40.19863106444397,40.18542219455678,40.17384211715839
0.01944,40.20884652250078,40.49293760484024,40.483637622707896,40.43197643438387,40.38170949193682,40.33917240496563,40.30405646581279,40.275013896939456,40.25077107710448,40.23031041943816,40.212852285852335,40.19780361562037,40.18471097431442,40.17322430815545
0.01968,40.194075962189416,40.47855122766149,40.47474384389759,40.42618333591647,40.377683132166204,40.336224893994036,40.30181026246378,40.27324736588504,40.24934636513835,40.229137572019184,40.21187022070687,40.19696945004547,40.18399374106116,40.17260109814749
0.019919999999999997,40.18018779995899,40.464418481482205,40.46590873244422,40.42039890969239,40.37365099334409,40.333267544548804,40.299553566136524,40.27147084034333,40.2479125114265,40.22795649301395,40.210880782710106,40.196128684002865,40.1832705879076,40.17197256283164
0.020159999999999997,40.16714298439972,40.45054188487576,40.45713517064464,40.41462494458632,40.36961418581707,40.33030107836384,40.2972868681917,40.26968466846895,40.246469771061115,40.22676737465253,40.209884120197486,40.19528143429327,40.1825416084369,40.17133877832937
0.020399999999999998,40.15490308140666,40.43692360553481,40.44842594353435,40.40886319910102,40.36557380943471,40.327326213497294,40.29501065889492,40.26788919834746,40.24501839947052,40.22557040964431,40.208880382013476,40.19442781820771,40.18180689668472,40.17069982117121
0.02064,40.14343036270566,40.42356546801799,40.439783738276574,40.403115400638754,40.36153095309436,40.32434366405689,40.292725427245976,40.26608477788506,40.24355865234511,40.22436579112657,40.207869717474914,40.19356795350069,40.18106654711919,40.170055768281514
0.02088,40.13268788487903,40.41046896186121,40.43121114367437,40.39738324480923,40.35748669429843,40.321354139929895,40.29043166081,40.26427175469896,40.24209078556367,40.22315371261331,40.20685227633441,40.192701958363415,40.18032065462079,40.16940669696311
0.02112,40.12263955917603,40.39763525002449,40.422710649803854,40.39166839477416,40.35344209872416,40.31835834651804,40.28812984555063,40.26245047600872,40.24061505512003,40.22193436794419,40.20582820874378,40.19182995139693,40.17956931446231,40.168752684881945
0.021359999999999997,40.11325021242763,40.385065177645735,40.41428464776646,40.38597248062849,40.349398219806275,40.31535698447733,40.28582046566529,40.260621288528526,40.23913171705019,40.22070795123367,40.20479766521759,40.19095205158534,40.17881262228869,40.16809381005171
0.021599999999999998,40.10448563941567,40.37275928107281,40.40593542955817,40.380297098818374,40.34535609833252,40.31235074946305,40.28350400342265,40.25878453836034,40.237641027359835,40.21947465682031,40.2037607965967,40.190068378269,40.17805067409688,40.16743015081845
0.02184,40.096312647071386,40.360717797145796,40.39766518805333,40.374643811595995,40.34131676205242,40.30934033187987,40.28118093900234,40.2569405708882,40.23614324195235,40.21823467921631,40.20271775401197,40.18917905111776,40.17728356621577,40.16676178584513
0.02208,40.08869909089942,40.3489406727014,40.3894760171006,40.36901414651103,40.33728122529922,40.30632641663743,40.27885175033694,40.255089730673504,40.23463861655734,40.21698821305731,40.201668688848066,40.18828419010429,40.176511395286035,40.16608879409624
0.02232,40.081613904040005,40.337427574272084,40.381369911728584,40.36340959593881,40.33325048862528,40.303309682911234,40.27651691295644,40.253232361351415,40.23312740665969,40.2157354530524,40.200613752707326,40.18738391547734,40.17573425824001,40.165411254822324
0.022559999999999997,40.07502711939433,40.32617789795292,40.37334876845834,40.35783161664509,40.32922553845102,40.30029080390913,40.274176899835055,40.25136880552842,40.231609867429135,40.214476593934435,40.19955309737384,40.18647834773518,40.17495225228166,40.164729247544564
0.022799999999999997,40.06890988524654,40.31519077940962,40.36541438572007,40.352281629387114,40.32520734672746,40.297270446643445,40.271832181240626,40.24949940468109,40.23008625365046,40.2132118304106,40.19848687477755,40.18556760759901,40.17416547486644,40.16404285203935
0.023039999999999998,40.063234474820966,40.304465104001984,40.35756846437104,40.34676101855088,40.3211968706125,40.294249271708814,40.26948322458658,40.24762449905605,40.228556819654315,40.21194135711334,40.197415236958676,40.18465181598651,40.17337402368132,40.16335214832285
0.02328,40.057974290214126,40.29399951699726,40.34981260831184,40.34127113182445,40.317195052161,40.291227933065805,40.26713049428653,40.24574442757126,40.227021819248606,40.210665368551574,40.19633833603214,40.183731093985436,40.17257799662472,40.16265721663559
0.02352,40.05310386113983,40.28379243384906,40.34214832519777,40.33581327990685,40.31320281802873,40.28820707783046,40.26477445161158,40.24385952771854,40.22548150565063,40.20938405906226,40.195256324152275,40.182805562827305,40.17177749178663,40.16195813742706
0.023759999999999996,40.048598838920775,40.27384205051777,40.33457702724243,40.330388736252374,40.309221079190266,40.28518734606977,40.262415554550344,40.24197013546754,40.22393613141984,40.20809762276232,40.194169353477655,40.1818753438612,40.17097260742864,40.16125499134033
0.023999999999999997,40.04443598615297,40.26414635380957,40.327100032110096,40.3249987368499,40.30525073067077,40.28216937060322,40.26005425767184,40.24007658517097,40.22238594839137,40.20680625350097,40.19307757613622,40.18094055852767,40.170163441964114,40.16054785919673
0.024239999999999998,40.0405931624597,40.254703131711516,40.319718563893645,40.31964448003687,40.3012926512918,40.279153776810354,40.25769101199118,40.238179209471376,40.22083120761021,40.205510144812415,40.191981144190486,40.18000132833276,40.16935009393839,40.15983682198048
0.02448,40.03704930674022,40.24550998370139,40.312433754174855,40.31432712634747,40.29734770343108,40.27614118244452,40.25532626483815,40.23627833920926,40.21927215926627,40.20420948986892,40.1908802096031,40.17905777482209,40.16853266200905,40.15912196082342
0.02472,40.033784416304904,40.23656433101165,40.305246643163514,40.30904779839456,40.293416732796224,40.27313219745282,40.25296045972881,40.234374303332736,40.21770905263006,40.20290448143437,40.18977492420256,40.17811001955521,40.16771124492625,40.15840335698976
0.024959999999999996,40.03077952327355,40.22786342682765,40.298158180912,40.30380758078498,40.28950056821248,40.27012742380228,40.250594036239974,40.2324674288087,40.216142135989344,40.20159531181824,40.18866543964917,40.17715818407993,40.16688594151316,40.15768109186086
0.025199999999999997,40.02801666859745,40.219404366401406,40.291169228601866,40.29860752006757,40.28560002142432,40.2671274553123,40.248227429886796,40.230558040535506,40.21457165658648,40.20028217282998,40.18755190740129,40.1762023899069,40.166056850646434,40.15695524692005
0.025439999999999997,40.02547887404834,40.21118409706277,40.284280559899024,40.29344862471348,40.28171588691101,40.26413287749344,40.24586107200341,40.228646461257256,40.21299786055665,40.198965255733945,40.18643447868186,40.17524275848429,40.16522407123683,40.15622590373754
0.025679999999999998,40.023150112499316,40.20319942811128,40.277492862373855,40.28833186512816,40.277848941715924,40.26114426739253,40.24349538962661,40.22673301147967,40.211420992866984,40.197644751204734,40.18531330444511,40.17427941117268,40.16438770220985,40.15549314395532
0.02592,40.02101527680394,40.1954470405724,40.27080673898291,40.28325817369447,40.273999945289695,40.25816219344418,40.24113080538278,40.2248180093876,40.20984129725655,40.19632084928306,40.184188535343694,40.173312469220065,40.16354784248654,40.154757049272156
0.02616,40.01906014756073,40.187923496803016,40.26422270960859,40.27822844484624,40.27016963934706,40.255187215328654,40.23876773737786,40.22290177076413,40.208259016177195,40.19499373933214,40.18306032169599,40.17234205373706,40.16270459096437,40.154017701428664
0.026399999999999996,40.017271360030534,40.18062524993224,40.25774121265331,40.27324353517171,40.26635874773724,40.252219883836155,40.23640659909059,40.220984608911486,40.20667439073538,40.193663609994566,40.18192881345379,40.17136828567228,40.16185804649821,40.1532751821924
0.026639999999999997,40.01563637045518,40.17354865312403,40.251362606684594,40.268304263546085,40.262567976327894,40.249260740737554,40.23404779926895,40.2190668345735,40.205087660634916,40.19233064914977,40.180794160170244,40.17039128578791,40.16100830788144,40.15252957334305
0.026879999999999998,40.01414342200603,40.16668996864949,40.2450871721277,40.26341141129274,40.25879801290241,40.24631031866151,40.23169174182982,40.21714875585991,40.203499064120656,40.19099504387196,40.179656510968194,40.16941117463545,40.16015547382716,40.151780956657696
0.02712,40.0127815105722,40.16004537675756,40.238915113002115,40.25856572237207,40.25504952707054,40.243369140978,40.229338825761936,40.21523067817231,40.20190883792316,40.18965698038872,40.17851601450878,40.16842807253173,40.15929964294955,40.15102941389614
0.02736,40.01154035057924,40.153610984333554,40.232846558698675,40.25376790359747,40.251323170192094,40.24043772168832,40.22698944503212,40.21331290413194,40.20031721720436,40.18831664404007,40.177372818960414,40.167442099535045,40.15844091374533,40.150275026786304
0.027599999999999996,40.0104103410109,40.147382833336245,40.226881565793704,40.249018624877756,40.24761957531367,40.237516565321464,40.22464398849476,40.21139573350921,40.198724435504204,40.1869742192382,40.176227071968114,40.16645337542152,40.15757938457535,40.14951787700976
0.027839999999999997,40.00938253178867,40.14135690900487,40.221020119896814,40.244318519485034,40.243939357118236,40.23460616683681,40.22230283980473,40.20947946315504,40.19713072468833,40.18562988942774,40.17507892062316,40.16546201966177,40.15671515364636,40.148758046187275
0.028079999999999997,40.008448590646836,40.13552914782836,40.2152621375291,40.23966818434747,40.240283111887386,40.23170701153336,40.219966377333456,40.207564386933996,40.19553631489678,40.18428383704668,40.17392851143315,40.1644681513977,40.15584831899288,40.14799561586451
0.028319999999999998,40.00760077062442,40.12989544527017,40.20960746802827,40.23506818036616,40.23665141747612,40.22881957496513,40.217634974088455,40.20565079565929,40.19394143449374,40.18293624348785,40.172775990292436,40.163471889419576,40.15497897845923,40.14723066749777
0.02856,40.00683187827955,40.12445166324268,40.20405589547752,40.23051903275513,40.233044833299935,40.22594432286302,40.215308997636185,40.20373897702958,40.19234631001834,40.18158728906111,40.1716215024529,40.16247335214336,40.15410722968172,40.14646328243988
0.0288,40.0061352427173,40.119193637326106,40.19860714065498,40.22602123140388,40.22946390033413,40.22308171106286,40.2129888100282,40.201829215567656,40.19075116613653,40.18023715295612,40.170465192495186,40.1614726575882,40.153233170071,40.145693541926164
0.029039999999999996,40.00550468550794,40.11411718372791,40.19326086300044,40.221575231261546,40.225909141124994,40.22023218543978,40.21067476773069,40.199921792560986,40.18915622559405,40.17888601320572,40.16930720430024,40.16046992335429,40.15235689679452,40.14492152706049
0.029279999999999997,40.00493449155941,40.10921810597907,40.188016662596404,40.2171814527419,40.222381059812804,40.217396181848706,40.20836722155738,40.19801698600412,40.187561709170446,40.17753404665006,40.16814768102136,40.159465266600925,40.15147850675928,40.14414731880146
0.029519999999999998,40.004419380995884,40.10449220136466,40.182874082160374,40.212840282148285,40.218880142166306,40.21457412607114,40.206066516605745,40.19611507054301,40.18596783563424,40.17618142890134,40.16698676505656,40.15845880402477,40.150598096594564,40.143370997948715
0.029759999999999998,40.0039544820827,40.0999352670869,40.177832609045396,40.208552072117804,40.21540685562862,40.2117664337679,40.203772992196576,40.19421631742117,40.18437482169913,40.17482833430919,40.16582459802143,40.15745065183848,40.14971576263501,40.14259264512931
0.03,40.00353530522774,40.09554310615945,40.17289167724599,40.20431714208378,40.211961649374125,40.20897351043805,40.2014869818169,40.19232099442783,40.18278288198143,40.1734749359268,40.164661320722345,40.156440925749564,40.14883160090379,40.14181234078427
0.030239999999999996,40.00315771807983,40.09131153303243,40.16805066940668,40.20013577875573,40.208544954376336,40.206195751383746,40.19920881306622,40.19042936584784,40.181192228958515,40.17212140547767,40.16349707313016,40.15542974093948,40.14794570709596,40.1410301651552
0.030479999999999997,40.00281792173572,40.08723637894852,40.16330891883028,40.196008236615974,40.205157183486335,40.20343354168108,40.19693880760606,40.18854169241365,40.17960307292843,40.17076791332309,40.162331994354325,40.15441721204307,40.14705817656198,40.140246198271036
0.030719999999999997,40.00251242805991,40.083313497030794,40.158665711483394,40.191934738432074,40.20179873152164,40.20068725615675,40.19467728111287,40.18665823125908,40.1780156219707,40.16941462843032,40.16116622261745,40.15340345312825,40.14616910429151,40.13946051993499
0.030959999999999998,40.00223803811394,40.07953876710386,40.15412028799653,40.18791547578422,40.19846997536524,40.19795725937057,40.19242454323412,40.18477923587506,40.17643008190822,40.168061718341455,40.15999989523028,40.15238857767597,40.14527858489729,40.13867320971149
0.0312,40.00199182168601,40.075908100250246,40.14967184565619,40.183950609606775,40.19517127407446,40.1952439056037,40.19018089754781,40.18290495606729,40.17484665627031,40.16670934914301,40.15883314856716,40.15137269856054,40.14438671259927,40.1378843469134
0.031439999999999996,40.00177109790589,40.07241744310465,40.14531954038678,40.18004027074306,40.191902968999585,40.192547538852565,40.18794664152514,40.18103563791574,40.17326554625693,40.165357685436256,40.15766611804195,40.15035592803018,40.14349358120894,40.13709401058924
0.03168,40.00157341692545,40.06906278188906,40.14106248871979,40.176184560512674,40.18866538391175,40.189868492828325,40.18572206649642,40.17917152373619,40.17168695070406,40.16400689030821,40.156498938084404,40.149338377687876,40.14259928411386,40.13630227951064
0.03192,40.00139654264096,40.06584014619239,40.13689976974809,40.17238355129031,40.18545882514,40.18720709096185,40.18350745762028,40.17731285204353,40.170111066050254,40.16265712530342,40.15533174211699,40.1483201584726,40.14170391426233,40.1355092321599
0.032159999999999994,40.00123843642962,40.062745612498546,40.132830427063276,40.16863728709556,40.18228358171729,40.184563646414134,40.181303093855995,40.17545985751712,40.168538086304316,40.16130855039645,40.154164662532224,40.14730138064081,40.14080756414839,40.13471494671765
0.0324,40.00109724186997,40.05977530746738,40.128853470673874,40.164945784192504,40.179139925534884,40.18193846209204,40.179109247939,40.17361277096792,40.16696820301422,40.15996132396511,40.15299783067044,40.14628215374823,40.139910325796954,40.13391950105076
0.032639999999999995,40.000971270413366,40.056925410973406,40.124967878902595,40.161309031698636,40.176028111505204,40.17933183066927,40.17692618635958,40.17177181930763,40.16540160523709,40.158615602764414,40.151831376798064,40.145262586631986,40.139012290749115,40.13312297270026
0.03288,40.00085898797159,40.054192158907306,40.121172600260586,40.15772699220205,40.1729483777327,40.17674403461249,40.17475416934463,40.169937225519604,40.1638384795105,40.15727154190129,40.15066543008637,40.14424278739306,40.1381135500478,40.13232543886952
0.03312,40.00075900238455,40.05157184574589,40.117466555297106,40.15419960238627,40.16990094569242,40.174175346212536,40.17259345084255,40.168109208631755,40.16227900982479,40.15592929481005,40.149500118590694,40.143222863379066,40.13721419422349,40.13152697641254
0.033359999999999994,40.00067005173049,40.04906082689613,40.11384863842279,40.15072677366184,40.16688602041607,40.17162602762053,40.170444278511134,40.16628798369129,40.160723377596675,40.15458901322859,40.1483355692302,40.14220292116733,40.13631431328029,40.13072766182236
0.0336,40.00059099344093,40.04665552081939,40.11031771970498,40.147308392803915,40.163903790685325,40.16909633088894,40.16830689370853,40.164473761741306,40.15917176164395,40.15325084717535,40.147171907768055,40.14118306654833,40.13541399668215,40.12992757121974
0.033839999999999995,40.00052079418175,40.04435241094218,40.10687264663361,40.14394432259517,40.16095442923196,40.166586498017274,40.16618153148717,40.16266674979923,40.15762433816142,40.15191494492702,40.14600925879216,40.14016340450946,40.13451333333935,40.12912678034181
0.03408,40.00045852046211,40.04214804735986,40.103512245856216,40.140634402473125,40.158038092944665,40.164096761002575,40.16406842059062,40.16086715083716,40.156081280697975,40.15058145299704,40.144847745696396,40.13914403921911,40.13361241159518,40.12832536453108
0.034319999999999996,40.00040332993291,40.04003904834001,40.10023532488087,40.137378449181334,40.15515492308219,40.16162734189434,40.16196778345338,40.15907516376399,40.15454276013482,40.149250516114776,40.143687490662295,40.13812507401114,40.132711319212895,40.1275233987245
0.034559999999999994,40.00035446333706,40.038022101632336,40.097040673745646,40.134176257423555,40.15230504549256,40.15917845285397,40.15987983620355,40.15729098340935,40.153008944664855,40.14792227720554,40.14252861464127,40.13710661136961,40.13181014336287,40.12672095744268
0.0348,40.00031123707446,40.03609396559194,40.09392706665367,40.13102760052027,40.149488570838024,40.156750296218526,40.157804788668315,40.15551480050939,40.151479999773315,40.146596877371316,40.141371237337346,40.13608875291391,40.13090897061001,40.12591811477932
0.035039999999999995,40.00027303634524,40.03425147012314,40.09089326357256,40.12793223106687,40.14670559482551,40.15434306456869,40.1557428443822,40.15374680169431,40.14995608821939,40.14527445587225,40.14021547719038,40.13507159938424,40.130007886901375,40.12511494439079
0.03528,40.000239308836115,40.03249151745094,40.08793801179744,40.124889881592786,40.14395619844235,40.15195694080088,40.153694200598146,40.15198716947773,40.14843737001918,40.143955150108916,40.13906145135979,40.134055250627384,40.12910697755409,40.12431151948588
0.035519999999999996,40.00020955891544,40.030811082727276,40.085060047476524,40.1219002652209,40.141240448196825,40.149592098203335,40.15165904830117,40.15023608224772,40.14692400242967,40.14263909560533,40.1379092757088,40.13303980558288,40.128206327243426,40.123507912815704
0.03576,40.00018334230396,40.02920721447928,40.08225809709861,40.11896307632666,40.13855839636339,40.147248700536124,40.14963757222482,40.14849371425969,40.14541613993387,40.14132642599269,40.136759064789196,40.132025362269545,40.127306019991224,40.12270419666381
0.036,40.00016026118957,40.02767703490687,40.07953087894174,40.11607799119613,40.13591008123232,40.14492690211492,40.14762995087015,40.14676023563089,40.14391393422717,40.14001727299392,40.135610931826584,40.131012017772285,40.12640613915445,40.12190044283643
0.036239999999999994,40.000139959755295,40.02621774003679,40.07687710448239,40.113244668682505,40.13329552736333,40.14262684789837,40.14563635652727,40.14503581233673,40.1424175342047,40.13871176640895,40.13446498870616,40.12999986822932,40.12550676741407,40.121096722652915
0.03648,40.00012212009174,40.02482659974026,40.07429547976474,40.110462750860414,40.130714745843115,40.14034867357913,40.14365695529946,40.14332060620867,40.14092708594989,40.137410034100725,40.133321345959004,40.12898900881976,40.12460798676419,40.12029310693637
0.036719999999999996,40.000106458466064,40.023500957621515,40.071784706729446,40.10773186367743,40.12816773454631,40.138092505678244,40.14169190712972,40.141614774933856,40.13944273272414,40.13611220198199,40.13218011274885,40.127979533751486,40.123709878501344,40.11948966600445
0.03696,40.000092721921185,40.02223823078419,40.06934348450169,40.10505161760224,40.12565447839981,40.135858461642805,40.139741365829714,40.139918472056415,40.13796461495757,40.13481839400281,40.13104139685942,40.12697153624945,40.122812523214165,40.118686469660304
0.0372,40.00008068518031,40.02103590948258,40.06697051063805,40.102421608268955,40.12317494965001,40.133646649946904,40.13780547911116,40.13823184698029,40.13649287024086,40.13352873213883,40.12990530468224,40.12596510854427,40.121916000773204,40.117883587183755
0.037439999999999994,40.00007014783328,40.01989155666467,40.064664482332155,40.099841417116984,40.1207291081328,40.131457170195574,40.13588438861942,40.136555044973754,40.13502763331823,40.13224333638032,40.12877194120494,40.12496034186124,40.12102039032104,40.117081087322624
0.03768,40.00006093178252,40.01880280741374,40.06242409757872,40.09731061202601,40.11831690154601,40.1292901132317,40.13397822996949,40.134888207175464,40.13356903608143,40.130962324721864,40.12764141000012,40.12395732640963,40.12012577026268,40.11627903828427
0.037919999999999995,40.00005287892779,40.01776736829522,40.06024805629615,40.094828747945506,40.115938265724076,40.1271455612458,40.13208713278412,40.13323147060211,40.132117207564875,40.129685813152896,40.12651381321469,40.12295615137243,40.11923221825613,40.11547750772725
0.03816,40.00004584907019,40.01678301661527,40.05813506140752,40.09239536751848,40.11359312491458,40.12502358788847,40.130211220734054,40.13158496815755,40.13067227394175,40.128413915648856,40.12538925155972,40.12195690489635,40.11833981120327,40.114676562753246
0.0384,40.00003971801722,40.01584759959757,40.0560838198799,40.09001000169877,40.111281392056604,40.12292425838549,40.128350611580494,40.12994882864349,40.12923435852123,40.12714674416319,40.12426782430079,40.12095967408228,40.11744862524104,40.113876269899116
0.038639999999999994,40.00003437587187,40.01495903348446,40.05409304372246,40.08767217036165,40.10900296906037,40.120847629655316,40.126505417219505,40.12832317677164,40.127803581746754,40.125884408619946,40.123149629248886,40.11996454497602,40.116558735732745,40.11307669512915
0.03888,40.00002972548977,40.01411530256853,40.05216145094308,40.085381382907215,40.10675774708819,40.118793750429035,40.124675743728496,40.12670813317731,40.12638006119523,40.1246270169072,40.12203476275174,40.118971602559434,40.11567021725976,40.11227790382753
0.039119999999999995,40.00002568108989,40.01331445816065,40.05028776646409,40.083137138856245,40.10454560683631,40.116762661372476,40.12286169141454,40.12510381443448,40.12496391157736,40.12337467487111,40.12092331968573,40.117980930741915,40.11478314361341,40.11147996079095
0.03936,40.000022167004936,40.01255461750005,40.048470722997116,40.08093892843807,40.1023664188175,40.114754395210504,40.12106335486472,40.12351033307222,40.1235552447389,40.122127486310724,40.119815393448235,40.11699261235222,40.113897587787115,40.11068293022145
0.039599999999999996,40.00001911655893,40.01183396261201,40.04670906187763,40.07878623317023,40.10022004364411,40.11276897685328,40.119280822998114,40.121927797592534,40.12215416966295,40.12088555297348,40.11871107595051,40.1160067291307,40.11301362196881,40.109886875719404
0.039839999999999993,40.00001647106029,40.01115073911863,40.04500153385933,40.07667852642934,40.09810633231134,40.11080642352444,40.117514179119766,40.12035631248958,40.12076079247315,40.119648974551396,40.11761045761102,40.115023361721825,40.11213131753364,40.10909186027675
0.04008,40.00001417889965,40.01050325500769,40.04334689986893,40.07461527401322,40.09602512648068,40.10886674489103,40.1157635009762,40.11879597827011,40.11937521643797,40.118417848677915,40.11651362734936,40.114042589667065,40.111250745036855,40.10829794627034
0.040319999999999995,40.00001219474253,40.00988987936467,40.04174393172187,40.07259593469357,40.093976258763014,40.10694994319512,40.11402886081267,40.11724689147535,40.11799754197582,40.1171922709255,40.115420672580555,40.113064491398205,40.110371974207006,40.10750519545555
0.04056,40.000010478807866,40.00930904107265,40.040191412799274,40.070619960759245,40.09195955300138,40.105056013386935,40.112310325431984,40.11570914470401,40.11662786666113,40.11597233480387,40.114331679209876,40.1120891442309,40.109495073939414,40.106713668960026
0.040799999999999996,40.00000899622387,40.00875922748467,40.038688138686915,40.068686798549706,40.089974824553174,40.10318494325948,40.1106079562549,40.1141828266367,40.11526628523145,40.11475813175888,40.113246731628195,40.111116624358694,40.10862011228984,40.105923427277645
0.04103999999999999,40.0000077164539,40.008238983072935,40.03723291777664,40.06679588897841,40.08802188057145,40.10133671358439,40.108921809382,40.11266802206134,40.113912889595284,40.113549751172116,40.112165912707766,40.11014700684727,40.10774715646846,40.105134530262674
0.04128,40.00000661278515,40.007746908059076,40.035824571830986,40.06494666804595,40.08610052028531,40.09951129824908,40.10725193565692,40.11116481189999,40.112567768840975,40.112347280361085,40.11108930379849,40.10918036562915,40.106876272834086,40.10434703712411
0.041519999999999994,40.00000566187392,40.00728165702926,40.03446193651151,40.06313856734274,40.084210535279006,40.09770866439494,40.10559838073111,40.10967327323666,40.11123100924638,40.11115080458012,40.110016984724666,40.10821677349868,40.106007526888604,40.10356100642016
0.04176,40.00000484334171,40.00684193753819,40.03314386187168,40.06137101454105,40.08235170976974,40.09592877255658,40.10396118512973,40.108193479346305,40.10990269428947,40.109960407021866,40.10894903378222,40.10725630210742,40.105140983271724,40.10277649605303
0.041999999999999996,40.000004139416845,40.0064265087053,40.03186921281494,40.059643433876175,40.08052382088381,40.09417157680188,40.102340384318936,40.106725499724966,40.10858290465967,40.10877616881943,40.10788552773635,40.10629902195978,40.10427670575597,40.10199356326379
0.04224,40.000003534616894,40.00603417980674,40.03063686951874,40.05795524661664,40.0787266389311,40.092437024872844,40.1007360087743,40.10526940012088,40.1072717182702,40.10759816904916,40.1068265418197,40.10534500240908,40.10341475724189,40.101212264627485
0.04248,40.00000301546763,40.005663808866146,40.02944572782521,40.05630587152331,40.07695992767758,40.09072505832722,40.099148084050384,40.10382524256669,40.10596921027106,40.10642648473399,40.10577214973095,40.10439431165397,40.10255519975356,40.10043265604842
0.042719999999999994,40.000002570254495,40.00531430124733,40.02829469959948,40.054694725297175,40.07522344461575,40.08903561268056,40.097576630851435,40.10239308541266,40.10467545306296,40.10526119084745,40.104722423633895,40.10344701673507,40.1016980944343,40.09965479275563
0.04296,40.00000218880322,40.004984608251654,40.02718271305612,40.05312122301588,40.07351694123291,40.08736861754881,40.096021665103045,40.10097298336082,40.10339051631191,40.10410236031829,40.10367743415688,40.10250318353205,40.100843501542684,40.098878729298576
0.043199999999999995,40.00000186228629,40.004673725722604,40.026108713054874,40.05158477855873,40.071840163276924,40.08572399679129,40.09448319802486,40.099564987500116,40.10211446696467,40.10295006403559,40.10263725039282,40.10156287676104,40.099991480448764,40.09810451954297
0.04344,40.00000158305246,40.0043806926602,40.025071661366255,40.05008480502024,40.07019285101954,40.0841016686539,40.092961236204154,40.09816914534244,40.10084736926493,40.10180437085457,40.10160193989953,40.10062615997228,40.09914208963059,40.097332216666835
0.04368,40.00000134447677,40.00410458984731,40.02407053690801,40.048620715112065,40.068574739516976,40.08250154591257,40.09145578167029,40.09678550085951,40.09958928477021,40.10066534760293,40.10057156870061,40.09969309554822,40.098295386670905,40.09656187315673
0.043919999999999994,40.00000114082869,40.00384453849015,40.023104335953214,40.04719192155332,40.06698555886769,40.08092353601667,40.08996683196998,40.0954140945207,40.09834027236948,40.09953305908767,40.099546201286614,40.09876374470183,40.09745142825414,40.09579354080418
0.04416,40.00000096715638,40.003599698874666,40.02217207231094,40.04579783744925,40.06542503446725,40.07936754123257,40.088494380243304,40.09405496333158,40.097100388301456,40.09840756810266,40.0985259006168,40.09783816747533,40.09661027016366,40.09502727070229
0.044399999999999995,40.00000081918521,40.00336926904089,40.021272777480355,40.04443787665825,40.063892887260074,40.07783345878694,40.087038415300405,40.09270814087334,40.0958696861737,40.09728893543651,40.097510728121165,40.09691642273918,40.09577196727921,40.094263113242505
0.04464,40.00000069322886,40.0031524834765,40.02040550077914,40.04311145414718,40.06238883398799,40.07632118100998,40.08559892169891,40.091373657342906,40.094648216982215,40.09617721988119,40.096500743703004,40.09599856819138,40.09493657357465,40.093501118111625
0.044879999999999996,40.00000058611159,40.00294861183144,40.019569309447036,40.04181798633508,40.060912587435546,40.07483059547832,40.08417587982182,40.09005153959384,40.093436029131794,40.09507247824104,40.095496005741786,40.09508466035716,40.09410414211589,40.09274133428896
0.04511999999999999,40.00000049510022,40.0027569576546,40.0187632887255,40.04055689142521,40.05946385667185,40.07336158515755,40.08276926595604,40.0887418111779,40.09223316845703,40.09397476534235,40.0944965710965,40.09417475458886,40.093274725059075,40.091983810043644
0.04536,40.00000041784485,40.002576857153876,40.017986541914375,40.039327589725474,40.0580423472889,40.07191402854432,40.08137905237138,40.08744449238731,40.091039678243824,40.092884134043445,40.093502495109355,40.093268905066246,40.09244837364904,40.091228592932225
0.045599999999999995,40.00000035232717,40.00240767798075,40.01723819040632,40.038129503957364,40.056647761636356,40.07048779980795,40.080005207399964,40.08615960029764,40.089855599251635,40.091800635245214,40.0925138316099,40.09236716479704,40.09162513821796,40.09047572979631
0.04584,40.000000296815344,40.00224881804007,40.01651737369999,40.036962059553346,40.055279799052585,40.06908276893134,40.078647695516025,40.0848871488113,40.088680969736174,40.09072431790222,40.09153063291952,40.09146958561776,40.09080506818421,40.0897252667605
0.046079999999999996,40.00000024982488,40.00209970432609,40.015823249392874,40.03582468494287,40.05393815609189,40.06769880185131,40.077306477416094,40.083627148701616,40.08751582547278,40.08965522903421,40.0905529498563,40.090576218194926,40.08998821205158,40.08897724923047
0.04631999999999999,40.00000021008458,40.001959791785225,40.01515499315454,40.034716811826996,40.052622526747925,40.06633576059811,40.07598151009942,40.08237960765748,40.08636019978025,40.08859341373809,40.0895808317403,40.08968711202648,40.08917461740853,40.08823172189115
0.04656,40.00000017650694,40.001828562206306,40.014511798681234,40.033637875441826,40.051332602673156,40.0649935034341,40.07467274694861,40.08114453032849,40.08521412354526,40.08753891520039,40.08861432639913,40.08880231544353,40.08836433092785,40.08748872870524
0.046799999999999994,40.000000148162584,40.00170552313862,40.01389287763271,40.03258731481074,40.05006807339429,40.06367188499163,40.073380137810574,40.07992191837057,40.08407762524726,40.08649177471018,40.08765348017398,40.08792187561237,40.087557398366435,40.08674831291177
0.04704,40.000000124258015,40.00159020683824,40.01329745955205,40.03156457298563,40.0488286265237,40.06237075640975,40.07210362907748,40.07871177049213,40.082950730983875,40.08545203167237,40.08669833792589,40.087045838536845,40.08675386456533,40.08601051702489
0.047279999999999996,40.000000104116474,40.00148216924281,40.0127247917694,40.03056909727718,40.04761394796663,40.06108996547014,40.070843163767876,40.07751408250052,40.08183346449677,40.08441972362146,40.08574894304252,40.08617424906087,40.085953773449965,40.0852753828328
0.04751999999999999,40.00000008716128,40.001380988975136,40.012174139290366,40.029600339474406,40.046423722124295,40.05982935673173,40.06959868160784,40.07632884734906,40.08072584719802,40.083394886235716,40.0848053374451,40.085307150871344,40.08515716803066,40.084542951396905
0.04776,40.00000007290157,40.001286266375466,40.011644784669976,40.028657756053484,40.04525763209274,40.058588771664276,40.0683701191122,40.075156055184266,40.07962789819684,40.08237755335174,40.08386756159583,40.08444458650129,40.084364090403284,40.08381326305113
0.047999999999999994,40.000000060919916,40.001197622562714,40.01113602787289,40.027740808376095,40.04411535985738,40.05736804878067,40.0671574096656,40.07399569339359,40.0785396343268,40.08136775697941,40.08293565450558,40.083586597333245,40.083574581750185,40.083086357401314
0.04824,40.0000000508617,40.001114698524425,40.01064718612076,40.02684896287742,40.042996586483284,40.056167023768,40.06596048360358,40.07284774665336,40.07746107017344,40.08036552731724,40.082009653741906,40.082733223602936,40.082788682341274,40.08236227332494
0.048479999999999995,40.00000004242595,40.00103715423548,40.01017759372743,40.0259816912439,40.04190099230109,40.054985529617255,40.064779268293535,40.07171219697703,40.07639221810222,40.079370892768054,40.081089595437355,40.08188450440324,40.08200643153538,40.081641048970866
0.04871999999999999,40.00000003535749,40.000964667805334,40.009726601922736,40.02513847058095,40.04082825708854,40.05382339675166,40.06361368821542,40.07058902376379,40.07533308828693,40.078383879955084,40.08017551429813,40.08104047768833,40.08122786778177,40.08092272175933
0.04896,40.00000002944017,40.000896934653476,40.009293578665705,40.024318783570834,40.03977806024764,40.05268045315354,40.062463665042344,40.069478203847225,40.074283688738355,40.07740451373836,40.079267443613084,40.080201180278145,40.08045302862186,40.08020732838208
0.049199999999999994,40.00000002449111,40.000833666713035,40.00887790844779,40.02352211862081,40.03875008097739,40.05155652448975,40.06132911772088,40.068379711544395,40.07324402533334,40.076432817231485,40.078365415262866,40.079366647863075,40.079681950691196,40.07949490480265
0.04944,40.000000020355685,40.00077459166198,40.008478992086914,40.022747970001774,40.03774399844205,40.05045143423552,40.06020996255109,40.06729351870492,40.07221410184416,40.07546881181868,40.077469459729556,40.07853691500889,40.07891466972156,40.078785486256855
0.049679999999999995,40.00000001690332,40.00071945218172,40.00809624651298,40.02199583797753,40.03675949193508,40.04936500379679,40.05910611326624,40.06621959476035,40.07119391996818,40.07451251717221,40.07657960610642,40.077712015161886,40.078151220543326,40.07807910725336
0.04991999999999999,40.00000001402386,40.00066800524258,40.00772910454551,40.02126522892499,40.035796241038454,40.048297052630836,40.05801748111214,40.06515790677357,40.07018347935781,40.07356395127005,40.07569588210804,40.076891980654345,40.07739163708795,40.07737580157448
0.050159999999999996,40.000000011624444,40.00062002141579,40.007377014664094,40.02055565544536,40.03485392577773,40.04724739836534,40.05694397492613,40.06410841948838,40.069182777650724,40.07262313041391,40.07481831408068,40.07607684271012,40.0766359523907,40.07667560227712
0.05039999999999999,40.00000000962689,40.00057528421142,40.00703944077223,40.019866636466595,40.03393222677249,40.0462158569157,40.05588550121557,40.0630710953791,40.06819181050033,40.07169006924747,40.07394692701287,40.075266631450525,40.075884198593606,40.075978541693836
0.05064,40.000000007965426,40.00053358944185,40.00671586195523,40.01919769733728,40.03303082538247,40.04520224260058,40.054841964235955,40.06204589470029,40.06721057160648,40.07076478077498,40.07308174454636,40.07446137590041,40.075136406948474,40.07528465143407
0.050879999999999995,40.00000000658478,40.00049474461019,40.00640577223268,40.01854836991218,40.032149403849175,40.04420636825581,40.05381326606845,40.061032775536454,40.06623905274639,40.06984727638002,40.072222788987176,40.07366110399447,40.074392607820215,40.074593962385535
0.05112,40.00000000543854,40.00045856832309,40.00610868030622,40.01791819262962,40.03128764543313,40.04322804534634,40.052799306696954,40.060031693851734,40.06527724380576,40.06893756584459,40.07137008131709,40.072865842583745,40.07365283069028,40.07390650471578
0.051359999999999996,40.00000000448779,40.000424889727434,40.00582410930294,40.017306710580925,40.0304452345467,40.04226708407649,40.051799984084575,40.05904260353967,40.06432513281011,40.068035657368426,40.07052364120514,40.07207561744235,40.07291710416028,40.07322230787383
0.05159999999999999,40.00000000369992,40.00039354797023,40.00555159651519,40.016713475572125,40.0296218568825,40.04132329349831,40.05081519424952,40.058065456472846,40.06338270595625,40.067141557588485,40.06968348701953,40.07129045327442,40.07218545595581,40.07254140059202
0.05184,40.00000000304762,40.00036439168118,40.00529069313706,40.01613804617814,40.028817199537556,40.04039648161797,40.049844831340415,40.05710020255246,40.06244994764389,40.06625527159874,40.068849635839655,40.07051037372122,40.071457912930406,40.07186381088801
0.052079999999999994,40.00000000250806,40.000337278477325,40.00504096399829,40.01557998778964,40.02803095113298,40.03948645550041,40.048888787710865,40.0561467897579,40.061526840507476,40.065376802970135,40.068022103468394,40.06973540136844,40.07073450106968,40.07118956606682
0.05232,40.00000000206217,40.000312074489045,40.00480198729587,40.0150388726528,40.02726280192949,40.03859302137192,40.04794695399345,40.055205164196146,40.06061336544803,40.06450615377072,40.06720090444461,40.06896555775377,40.070015245495654,40.07051869272312
0.052559999999999996,40.00000000169403,40.000288653906956,40.0045733543239,40.01451427990217,40.026512443938515,40.03771598472086,40.047019219173,40.05427527015101,40.05970950166518,40.06364332458603,40.06638605205579,40.068200863374535,40.06930017047119,40.06985121674362
0.05279999999999999,40.000000001390354,40.0002668985489,40.004354669202115,40.01400579558688,40.02577957102923,40.03685515039637,40.04610547065907,40.05335705013234,40.05881522668929,40.0627883145396,40.06557755835096,40.06744133769562,40.06858929940466,40.06918716330957
0.05304,40.000000001140094,40.000246697446535,40.00414554860353,40.01351301269034,40.025063879031244,40.0360103227051,40.04520559435775,40.05245044492493,40.05793051641358,40.06194112131365,40.06477543415373,40.066686999157476,40.06788265485469,40.06852655689944
0.053279999999999994,40.00000000093404,40.00022794645085,40.003945621481506,40.01303553114369,40.024365065833216,40.03518130550603,40.04431947474269,40.051555393637344,40.0570553451264,40.06110174116995,40.06397968907556,40.0659378651844,40.06718025853513,40.06786942129167
0.05352,40.00000000076453,40.00021054785593,40.00375452879676,40.012572957833285,40.02368283147738,40.034367902303124,40.04344699492525,40.05067183375044,40.056189685543536,40.0602701689708,40.06319033152915,40.0651939521929,40.06648213132011,40.0672157795676
0.053759999999999995,40.00000000062523,40.00019441004051,40.00357192324457,40.012124906602196,40.02301687824989,40.03356991633614,40.04258803672391,40.04979970116576,40.055333508840484,40.05944639820021,40.06240736874203,40.06445527560023,40.06578829324927,40.06656565411452
0.05399999999999999,40.000000000510845,40.00017944712642,40.00339746898258,40.01169099824623,40.02236691076729,40.032787150669265,40.04174248073287,40.04893893025355,40.05448678468485,40.0586304209851,40.06163080677031,40.063721849833165,40.06509876353317,40.065919066628815
0.05424,40.00000000041701,40.00016557865367,40.003230841359446,40.01127086050445,40.021732636058914,40.03201940827781,40.04091020638964,40.04808945390066,40.05364948126865,40.05782222811672,40.06086065051257,40.06299368833679,40.06441356055876,40.06527603811928
0.054479999999999994,40.00000000034011,40.00015272927126,40.00307172664484,40.01086412804452,40.0211137636454,40.031266492132865,40.04009109204192,40.04725120355804,40.05282156534068,40.05702180907213,40.06009690372391,40.06227080358358,40.063732701895056,40.06463658891047
0.05472,40.00000000027714,40.000140828443236,40.002919821760806,40.010470442443015,40.02051000561339,40.03052820528382,40.039285015013505,40.046424109288,40.052003002238834,40.05622915203579,40.05933956903009,40.06155320708253,40.06305620429892,40.06400073864627
0.054959999999999995,40.000000000225626,40.00012981016955,40.002774834014986,40.01008945216098,40.01992107668635,40.029804350938974,40.03849185166928,40.045608099811126,40.05119375592239,40.05544424392122,40.058588647941896,40.060840909388446,40.062384083720964,40.06336850629356
0.05519999999999999,40.00000000018352,40.000119612720866,40.00263648083591,40.00972081251485,40.019346694291706,40.02909473254399,40.03771147747929,40.04480310255288,40.050393789004254,40.054667070392775,40.05784414086954,40.060133920111404,40.06171635531161,40.06273991014588
0.055439999999999996,40.000000000149136,40.00011017838699,40.0025044895105,40.009364185642966,40.01878657862425,40.02839915385836,40.03694376708193,40.044009043689876,40.04960306278313,40.05389761588744,40.057106047137225,40.059432247926296,40.06105303342725,40.06211496782739
0.05567999999999999,40.00000000012109,40.00010145323826,40.00237859692413,40.00901924046792,40.01824045270599,40.02771741902983,40.036188594346044,40.04322584819568,40.04882153727565,40.053135863636754,40.056374364997815,40.058735900582505,40.06039413163652,40.06149369629678
0.05592,40.000000000098225,40.000093386899394,40.002258549303455,40.00868565265484,40.017708042442315,40.02704933266673,40.035445832432195,40.042453439886415,40.04804917124841,40.0523817956887,40.0556490916476,40.05804488491375,40.05973966272672,40.060876111851385
0.056159999999999995,40.00000000007961,40.000085932335224,40.00214410196206,40.008363104565895,40.017189076674825,40.026394699908366,40.03471535385288,40.04169174146579,40.04728592224986,40.05163539292973,40.05493022324119,40.05735920684798,40.05908963871033,40.060262230131364
0.05639999999999999,40.00000000006446,40.0000790456479,40.0020350190493,40.00805128521115,40.016683287230556,40.0257533264933,40.03399703053176,40.040940674569846,40.046531746642174,40.050896635106746,40.05421775490646,40.05667887141744,40.05844407083165,40.05965206612398
0.056639999999999996,40.00000000005215,40.00007268588496,40.001931073302416,40.00774989019596,40.01619040896797,40.02512501882565,40.033290733861875,40.040200159811214,40.04578659963293,40.05016550084915,40.05351168075962,40.05600388276879,40.057802969573494,40.059045634167994
0.05687999999999999,40.00000000004215,40.0000668148578,40.001832045802004,40.0074586216651,40.01571017981959,40.02450958403935,40.032596334762914,40.03947011682299,40.045050435306685,40.04944196769088,40.05281199392033,40.05533424417336,40.05716634466411,40.05844294795816
0.05712,40.00000000003404,40.000061396970224,40.001737725731125,40.007177188243844,40.01524234083137,40.02390683006049,40.031913703737374,40.038750464302126,40.04432320665643,40.0487260120925,40.05211868652691,40.0546699580375,40.056534205084056,40.05784402054981
0.057359999999999994,40.00000000002746,40.000056399056305,40.00164791013811,40.00690530497605,40.01478663619898,40.023316565667535,40.031242710925724,40.03804112005236,40.04360486561483,40.048017609463244,40.05143174975166,40.054011025913034,40.055906559073286,40.057248864363494
0.0576,40.00000000002214,40.000051790227495,40.00156240370315,40.0066426932596,40.014342813300914,40.022738600549715,40.03058322616056,40.03734200102675,40.042895363085414,40.047316734183056,40.0507511738161,40.053357448507754,40.05528341413827,40.05665749118982
0.057839999999999996,40.00000000001783,40.000047541728236,40.00148101850881,40.00638908077917,40.013910622728645,40.022172745363335,40.02993511901966,40.0366530233696,40.04219464897343,40.04662335962465,40.05007694800649,40.052709225696056,40.05466477705924,40.056069912194225
0.05807999999999999,40.000000000014346,40.00004362679985,40.00140357381461,40.00614420143665,40.01348981831375,40.0216188117862,40.02929825887807,40.03597410245802,40.041502672216694,40.04593745817549,40.04940906068914,40.05206635652963,40.05405065389748,40.055486137921996
0.05832,40.00000000001153,40.00004002055223,40.00132989583561,40.005907795279285,40.01308015715222,40.02107661257009,40.028672514959034,40.03530515294292,40.0408193808161,40.045259001259794,40.048747499326005,40.05142883924824,40.05344105000277,40.054906178303234
0.058559999999999994,40.000000000009265,40.000036699842966,40.00125981752525,40.00567960842575,40.0126813996259,40.02054596159136,40.028057756383944,40.03464608878949,40.040144721866056,40.04458795936046,40.04809225049013,40.05079667129055,40.05283597002086,40.05433004265802
0.0588,40.00000000000743,40.00003364316356,40.00119317836237,40.00545939299023,40.01229330942125,40.02002667389953,40.02745385222122,40.033996823317246,40.03947864158456,40.043924302040935,40.047443299881245,40.05016984930502,40.05223541790102,40.053757739701574
0.059039999999999995,40.00000000000596,40.00003083053232,40.00112982414254,40.00524690700477,40.01191565354536,40.01951856576416,40.026860671534074,40.03335726923937,40.03882108534319,40.043267997967064,40.046800632341345,40.049548369160924,40.05163939690371,40.0531892775495
0.05927999999999999,40.000000000004775,40.000028243393615,40.00106960677365,40.005041914339934,40.01154820233941,40.01902145471972,40.02627808342725,40.032727338701726,40.03817199769683,40.042619014928846,40.04616423187026,40.04893222595932,40.05104790960829,40.052624663723186
0.059519999999999997,40.00000000000382,40.000025864523245,40.001012384075956,40.00484418462397,40.01119072948963,40.01853515960872,40.02570595709272,40.03210694332117,40.03753132241308,40.04197731986213,40.0455340816413,40.048321414044175,40.050460957920805,40.05206390515517
0.059759999999999994,40.000000000003055,40.000023677939424,40.000958019586456,40.00465349316062,40.01084301203572,40.01805950062296,40.02514416185424,40.03149599422342,40.036899002501556,40.041342878870246,40.044910164016855,40.04771592701349,40.049878543081824,40.05150700819466
0.06,40.000000000002444,40.000021668819244,40.00090638236762,40.004469620845676,40.010504830377,40.01759429934307,40.02459256721093,40.03089440208028,40.03627498024281,40.040715657245535,40.044292460564044,40.047115757730474,40.04930066567437,40.05095397861305
0.060239999999999995,40.00000000000195,40.000019823420295,40.00085734682062,40.004292354082445,40.01017596827616,40.01713937877615,40.02405104287969,40.03030207714637,40.035659197217086,40.04009561949078,40.04368095207033,40.04652089833476,40.04872732563192,40.05040482160959
0.06047999999999999,40.000000000001556,40.000018129007074,40.0008107925029,40.00412148469622,40.009856212860804,40.01669456339181,40.02351945883665,40.02971892929523,40.035051594332735,40.03948272934056,40.043075618559136,40.0459313402537,40.04815852224641,40.049859541817014
0.060719999999999996,40.000000000001236,40.000016573782005,40.0007666039502,40.00395680984792,40.009545354622816,40.016259679156384,40.0229976853575,40.029144868054914,40.03445211185443,40.03887694978252,40.04247643930545,40.04534707421361,40.04759425417633,40.04931814330735
0.06095999999999999,40.00000000000099,40.00001514682086,40.00072467050294,40.00379813194695,40.00924318741565,40.01583455356549,40.02248559305676,40.02857980264296,40.033860689431,40.03827824307845,40.04188339285144,40.04476809025113,40.0470345194549,40.048780629597665
0.0612,40.00000000000078,40.00001383801212,40.000684886137,40.00364525856345,40.008949508449575,40.01541901567488,40.021983052926,40.028023642000754,40.0332772661231,40.03768657078537,40.04129645702198,40.04419437772457,40.046479315498196,40.04824700365597
0.061439999999999995,40.000000000000625,40.000012638000406,40.00064714929887,40.003498002340045,40.00866411828493,40.01501289612971,40.02148993637104,40.027476294827366,40.03270178043049,40.037101893776345,40.04071560894022,40.04362592532529,40.04592863911347,40.04771726790713
0.06167999999999999,40.0000000000005,40.00001153813334,40.0006113627451,40.003356180903154,40.00838682082356,40.01461602719213,40.0210061152481,40.026937669612764,40.03213417031904,40.03652417226133,40.040140825043096,40.04306272108903,40.04538248650737,40.04719142423882
0.061919999999999996,40.00000000000039,40.00001053041199,40.00057743338603,40.003219616774004,40.00811742329837,40.01422824276732,40.02053146189881,40.026407674670416,40.03157437324745,40.03595336580776,40.039572081096786,40.04250475240743,40.04484085329428,40.046669474007544
0.06215999999999999,40.00000000000031,40.00000960744449,40.00054527213386,40.00308813727942,40.007855736261156,40.013849378427864,40.020065849184355,40.025886218169305,40.03102232619364,40.03538943336104,40.03900935221213,40.04195200603936,40.04430373450469,40.046151418044744
0.0624,40.00000000000025,40.000008762402686,40.00051479375486,40.0029615744625,40.00760157356871,40.01347927143679,40.01960915051843,40.02537320816536,40.030477965680824,40.03483233326492,40.03845261286007,40.041404468122344,40.043771124593555,40.04563725666288
0.06264,40.00000000000019,40.00000798898172,40.00048591672573,40.00283976499328,40.00735475236737,40.01311776076888,40.019161239899255,40.02486855263229,40.02994122780327,40.03428202328169,40.03790183688689,40.04086212418404,40.04324301744876,40.0451269896616
0.06287999999999999,40.000000000000156,40.000007281362215,40.00045856309418,40.00272255007942,40.007115093075974,40.0127646871306,40.01872199194057,40.02437215949173,40.02941204825173,40.033738460612206,40.037356997529585,40.04032495915364,40.042719406399534,40.04462061633393
0.06312,40.00000000000012,40.00000663417504,40.00043265834347,40.00260977537704,40.00688241936731,40.012419892978585,40.01829128190162,40.02388393664291,40.02889036233855,40.0332016019158,40.03681806743102,40.03979295737327,40.04220028422497,40.04411813547255
0.06336,40.00000000000009,40.00000604246845,40.000408131261025,40.00250129090182,40.00665655814818,40.01208322253669,40.01786898571608,40.02340379199159,40.0283761050224,40.03267140332997,40.03628501865512,40.03926610260947,40.04168564316247,40.04361954537605
0.06359999999999999,40.00000000000008,40.000005501677485,40.00038491381098,40.00239695094033,40.00643733953807,40.01175452181162,40.01745498002008,40.022931633478485,40.02786921093275,40.03214782048999,40.035757822701925,40.03874437806452,40.04117547491631,40.04312484385524
0.06384,40.00000000000006,40.000005007595384,40.000362941010614,40.002296613961754,40.00622459684652,40.0114336386072,40.01704914217918,40.02246736910702,40.02736961439388,40.03163080854821,40.035236450522625,40.03822776638789,40.04066977066617,40.04263402823952
0.06408,40.00000000000005,40.00000455634703,40.00034215081061,40.00220014253007,40.00601816654928,40.01112042253734,40.01665135031441,40.02201090697049,40.02687724944872,40.031120322193324,40.03472087253449,40.037716249687605,40.040168521075685,40.04214709538322
0.06431999999999999,40.000000000000036,40.00000414436423,40.00032248397905,40.00210740321669,40.005817888263266,40.01081472503767,40.0162614833273,40.02156215527862,40.02639204988209,40.030616315669356,40.03421105863574,40.03720980954157,40.03967171630098,40.04166404167207
0.06455999999999999,40.00000000000003,40.00000376836269,40.000303883989176,40.00201826651371,40.00562360472039,40.01051639937587,40.01587942092401,40.02112102238352,40.02591394924387,40.03011874279449,40.03370697822028,40.036708427008946,40.039179345999294,40.041184863029585
0.0648,40.00000000000002,40.0000034253206,40.00028629691067,40.001932606747715,40.00543516174032,40.010225300660814,40.01550504363846,40.02068741680498,40.0254428808716,40.02962755697973,40.03320860019244,40.0362120826414,40.03869139933754,40.04070955492353
0.06504,40.000000000000014,40.000003112458785,40.00026967130457,40.00185030199434,40.00525240820232,40.00994128585047,40.015138232854625,40.02026124725526,40.02497877791282,40.02914271124733,40.03271589298153,40.035720756494406,40.038207865000864,40.04023811237245
0.06527999999999999,40.000000000000014,40.000002827222204,40.000253958121625,40.00177123399348,40.00507519601596,40.00966421375859,40.01477887082774,40.019842422663174,40.02452157334702,40.02866415824907,40.03222882455636,40.03523442813851,40.03772873120129,40.039770529952115
0.06552,40.000000000000014,40.0000025672628,40.00023911060404,40.001695288065356,40.00490338009117,40.00939394506025,40.014426840704786,40.01943085219764,40.02407120000724,40.02819185028429,40.03174736243964,40.03475307667047,40.03725398568626,40.03930680180208
0.06576,40.00000000000001,40.000002330423555,40.00022508419058,40.00162235302734,40.00473681830722,40.00913034229633,40.014082026543946,40.01902644529057,40.02362759060131,40.02772573931773,40.03127147372228,40.03427668072448,40.03678361574724,40.038846921632235
0.06599999999999999,40.00000000000001,40.00000211472378,40.00021183642494,40.00155232111166,40.00457537148109,40.00887326987677,40.01374431333322,40.01862911165923,40.023190677732686,40.027265776997226,40.03080112507758,40.03380521848327,40.0363176082283,40.038390882729324
0.06624,40.00000000000001,40.000001918345326,40.00019932686726,40.001485087884056,40.004418903334994,40.008622594082894,40.01341358700815,40.01823876132794,40.022760393920976,40.02681191467107,40.03033628277536,40.03333866768917,40.03585594953469,40.037938677963574
0.06648,40.00000000000001,40.00000173961997,40.000187517008776,40.00142055216332,40.00426728046326,40.00837818306859,40.01308973446872,40.01785530464923,40.022336671622064,40.026364103405285,40.02987691269587,40.03287700565516,40.03539862564137,40.037490299795216
0.06671999999999999,40.0,40.000001577017585,40.000176370189465,40.001358615941825,40.0041203722986,40.00813990686055,40.01277264359537,40.01747865232437,40.021919443247846,40.02592229400061,40.02942298034372,40.032420209275834,40.034945622101624,40.03704574028111
0.06695999999999999,40.0,40.00000142913532,40.0001658515187,40.001299184307136,40.00397805107771,40.00790763735749,40.012462203264164,40.017108715423326,40.02150864118564,40.025486437009285,40.0289744508616,40.03196825503836,40.03449692405552,40.036604991081354
0.0672,40.0,40.000001294687436,40.00015592779874,40.001242165364545,40.00384019180641,40.00768124832846,40.01215830336117,40.016745405404144,40.02110419781719,40.025056482751644,40.02853128904391,40.031521119033286,40.034052516238496,40.03616804346588
0.06744,40.0,40.00000117249604,40.000146567451004,40.001187470160765,40.00370667222425,40.007460615410174,40.01186083479602,40.01638863413176,40.020706045537295,40.024632381332424,40.028093459350295,40.03107877696545,40.033612382989816,40.03573488832103
0.06767999999999999,40.0,40.000001061482436,40.00013774044517,40.001135012608685,40.00357737276864,40.007245616103525,40.01156968951464,40.01603831389619,40.0203141167721,40.024214082656925,40.027660925919,40.03064120416463,40.03317650826107,40.035305516156235
0.06792,40.0,40.00000096065914,40.0001294182308,40.001084709413234,40.003452176538644,40.00703612976916,40.011284760511245,40.015694357430206,40.01992834399699,40.023801536446875,40.02723365258013,40.03020837559631,40.03274487562464,40.03487991711059
0.06816,40.0,40.00000086912255,40.00012157367165,40.001036479998376,40.003330969258315,40.00683203762232,40.01100594183955,40.01535667792642,40.019548659754086,40.023394692256126,40.026811602868804,40.02978026587227,40.03231746828208,40.03445808095943
0.06839999999999999,40.0,40.000000786046094,40.00011418098242,40.00099024643528,40.003213639239775,40.00663322272673,40.01073312862318,40.0150251890538,40.01917499666944,40.02299349948608,40.02639474003812,40.02935684926114,40.031894269072595,40.03403999712105
0.06863999999999999,40.0,40.00000071067397,40.00010721566797,40.00094593337164,40.003100077345955,40.00643956998785,40.0104662170654,40.01469980497366,40.01880728746978,40.02259790740087,40.025983027072044,40.028938099698934,40.03147526048134,40.03362565466317
0.06888,40.0,40.00000064231538,40.00010065446489,40.000903467962175,40.00299017695315,40.00625096614533,40.01020510445807,40.01438044035503,40.018445464998905,40.02220786514239,40.02557642669813,40.02852399079939,40.031060424647826,40.03321504230964
0.06911999999999999,40.0,40.00000058033913,40.00009447528536,40.000862779800336,40.00288383391326,40.00606729976468,40.009949689189945,40.014067010389596,40.01808946223378,40.021823321745,40.02517490140009,40.02811449586438,40.03064974337419,40.03280814844699
0.06935999999999999,40.0,40.00000052416874,40.00008865716325,40.00082380085121,40.00278094651599,40.005888461228345,40.00969987075418,40.01375943080597,40.01773921230013,40.021444226150024,40.024778413430276,40.02770958789412,40.030243198133476,40.032404961131
0.0696,40.0,40.0000004732779,40.00008318020234,40.00078646538563,40.0026814154508,40.00571434272603,40.00945554975526,40.01345761788352,40.01739464848777,40.02107052722002,40.02438692482197,40.027309239597415,40.02984077007788,40.032005468093296
0.06984,40.0,40.00000042718627,40.00007802552663,40.000750709915515,40.00258514376879,40.005544838244454,40.009216627915144,40.01316148846564,40.017055704265566,40.020702173752845,40.02400039740152,40.0269134234017,40.02944244004695,40.03160965674788
0.07007999999999999,40.0,40.00000038545565,40.000073175232714,40.00071647313044,40.00249203684451,40.00537984355639,40.00898300807888,40.01287095997248,40.016722313295915,40.02033911449541,40.02361879280043,40.02652211146313,40.029048188575736,40.0312175141977
0.07032,40.0,40.00000034768642,40.00006861234403,40.00068369583538,40.00240200233772,40.005219256209244,40.008754594219454,40.01258595041321,40.016394409449035,40.019981298157234,40.02324207246715,40.02613527567648,40.028657995902904,40.03082902724117
0.07056,40.0,40.00000031351427,40.000064320767066,40.000652320889785,40.00231495015515,40.00506297551294,40.00853129144209,40.012306378397696,40.016071926816736,40.0196286734238,40.02287019767887,40.025752887685,40.02827184197883,40.03044418237865
0.07079999999999999,40.0,40.00000028260726,40.000060285249376,40.00062229314777,40.002230792412284,40.00491090252738,40.00831300598793,40.01203216314776,40.01575479972592,40.0192811889696,40.02250312955305,40.02537491889023,40.027889706473594,40.03006296581899
0.07103999999999999,40.0,40.00000025466299,40.00005649133931,40.00059355939961,40.002149443395126,40.00476294004927,40.00809964523706,40.01176322450787,40.01544296275169,40.01893879347095,40.02214082905887,40.02500134046161,40.027511568784995,40.02968536348597
0.07128,40.0,40.00000022940612,40.000052925347504,40.000566068314434,40.00207081952213,40.00461899259857,40.00789111771102,40.01149948295539,40.01513635073013,40.01860143561864,40.02178325702847,40.02463212334614,40.02713740804645,40.02931136102474
0.07152,40.0,40.00000020658601,40.000049574310005,40.00053977038414,40.00199483930619,40.004478966404406,40.007687333074685,40.011240859610325,40.01483489877067,40.018269064130244,40.0214303741681,40.024267238277815,40.0267672031349,40.02894094380827
0.07175999999999999,40.0,40.00000018597463,40.000046425952966,40.00051461786851,40.001921423316695,40.00434276939055,40.00748820213765,40.01098727624459,40.014538542268156,40.01794162776225,40.02108214106909,40.02390665578711,40.02640093267864,40.02857409694376
0.072,40.0,40.00000016736454,40.00004346865885,40.00049056474161,40.00185049414182,40.004210311160485,40.00729363685502,40.010738655290815,40.01424721691456,40.01761907532194,40.020738518218614,40.0235503462102,40.02603857506506,40.02821080527898
0.07224,40.0,40.00000015056718,40.00004069143415,40.00046756663927,40.00178197635095,40.004081502982096,40.007103550327685,40.010494919850665,40.01396085871032,40.017301355679024,40.020399466010396,40.02319827969824,40.02568010844841,40.02785105340867
0.07247999999999999,40.0,40.00000013541115,40.00003808387853,40.00044558080787,40.00171579645727,40.00395625777194,40.00691785680212,40.01025599370274,40.013679403975345,40.016988417777014,40.02006494475516,40.02285042622646,40.02532551075746,40.02749482568081
0.07271999999999999,40.0,40.00000012174071,40.00003563615527,40.00042456605428,40.0016518828806,40.00383449007918,40.00673647166962,40.01002180131003,40.01340278935969,40.01668021064442,40.01973491469101,40.02250675560318,40.02497475970308,40.027142106202966
0.07296,40.0,40.000000109414465,40.0000333389631,40.00040448269692,40.00159016591046,40.00371611606919,40.0065593114651,40.00979226782686,40.013130951853896,40.016376683405596,40.01940933599355,40.022167237478754,40.02462783278582,40.02679287884852
0.07319999999999999,40.0,40.00000009830401,40.00003118350928,40.00038529251811,40.00153057766934,40.00360105350687,40.006386293865404,40.0095673191055,40.01286382879894,40.016077785291515,40.019088168785984,40.02183184135434,40.024284707303394,40.02644712726289
0.07343999999999999,40.0,40.00000008829282,40.00002916148385,40.00036695871743,40.00147305207633,40.0034892217396,40.00621733768719,40.00934688170226,40.01260135789594,40.015783465650124,40.0187713731489,40.021500536590686,40.02394536035811,40.02610483486978
0.07368,40.0,40.00000007927521,40.00002726503515,40.00034944586634,40.00141752481091,40.003380541680016,40.00605236288428,40.00913088288323,40.01234347721546,40.015493673956584,40.01845890913002,40.02117329241667,40.02360976886423,40.02576598487729
0.07392,40.0,40.00000007115532,40.00002548674634,40.00033271986387,40.00136393327718,40.00327493578845,40.00589129054471,40.008919250629575,40.012090125206505,40.015208359823234,40.018150736753704,40.02085007793788,40.02327790955529,40.02543056028407
0.07415999999999999,40.0,40.00000006384625,40.00002381961311,40.00031674789343,40.001312216568266,40.003172328055165,40.00573404288723,40.00871191364244,40.011841240705216,40.01492747300933,40.017846816030364,40.02053086214497,40.022949758991324,40.02509854388542
0.0744,40.0,40.00000005726927,40.000022257022394,40.000301498380765,40.00126231543116,40.003072643982414,40.005580543257516,40.00850880134747,40.01159676294321,40.014650963430505,40.017547106965644,40.020215613921984,40.02262529356606,40.02476991827932
0.07464,40.0,40.00000005135304,40.00002079273203,40.00028694095294,40.00121417223189,40.002975810566255,40.005430716123925,40.00830984389887,40.01135663155566,40.014378781168084,40.0172515695695,40.01990430205454,40.02230448951401,40.02444466587245
0.07487999999999999,40.0,40.00000004603299,40.00001942085145,40.00027304639844,40.00116773092096,40.00288175627818,40.00528448707288,40.00811497218321,40.011120786588954,40.01411087647809,40.016960163865086,40.01959689523792,40.021987322917525,40.024122768886215
0.07511999999999999,40.0,40.000000041250644,40.00001813582325,40.00025978662831,40.001122936999295,40.00279041104662,40.005141782803896,40.007924117822725,40.0108891685082,40.01384719980005,40.01667284989748,40.019293362085065,40.021673769713765,40.02380420936261
0.07536,40.0,40.00000003695311,40.000016932405615,40.00024713463836,40.001079737484446,40.00270170623829,40.005002531124305,40.00773721317837,40.01066171820428,40.013587701765545,40.01638958774228,40.01899367113441,40.0213638057016,40.02348896917016
0.07559999999999999,40.0,40.00000003309254,40.00001580565568,40.00023506447233,40.001038080877244,40.00261557463941,40.004866660943534,40.00755419135243,40.01043837700072,40.01333233320661,40.016110337513965,40.0186977908577,40.021057406548444,40.023177030009776
0.07583999999999999,40.0,40.00000002962567,40.00001475091356,40.000223551186174,40.00099791712885,40.00253195043676,40.00473410226718,40.00737498619078,40.01021908666013,40.01308104516381,40.015835059374204,40.01840568966759,40.02075454779705,40.02286837342054
0.07608,40.0,40.00000002651339,40.00001376378726,40.00021257081323,40.000959197608175,40.002450769198774,40.00460478619067,40.00719953228489,40.01000378939051,40.01283378889412,40.0155637135399,40.01811733592521,40.02045520487214,40.0225629807855
0.07632,40.0,40.00000002372038,40.0000128401383,40.00020210033045,40.00092187506978,40.002371967856355,40.004478644892686,40.007027764973394,40.009792427851146,40.01259051587866,40.01529626029112,40.01783269794763,40.0201593530871,40.02226083333736
0.07655999999999999,40.0,40.000000021214724,40.000011976067995,40.000192117625495,40.00088590362214,40.00229548468381,40.004355611628284,40.006859620343384,40.009584945158245,40.01235117783008,40.0150326599789,40.017551744015115,40.01986696765047,40.02196191216419
0.0768,40.0,40.000000018967604,40.000011167904525,40.00018260146488,40.00085123869635,40.00222125927962,40.00423562072172,40.00669503523138,40.00938128489035,40.01211572669981,40.01477287303278,40.0172744423784,40.019578023672445,40.021666198215016
0.07704,40.0,40.00000001695303,40.0000104121905,40.000173531462956,40.000817837015305,40.002149232547204,40.00411860755903,40.006533947223986,40.009181391093385,40.01188411468512,40.01451685996834,40.017000761265756,40.019292496171275,40.02137367230545
0.07727999999999999,40.0,40.000000015147535,40.000009705671275,40.00016488805185,40.000785656563274,40.00207934667563,40.00400450858034,40.006376294658224,40.0089852082855,40.01165629423581,40.01426458139441,40.01673066888999,40.01901036007958,40.02108431512319
0.07751999999999999,40.0,40.000000013529956,40.00000904528381,40.00015665245223,40.00075465655593,40.002011545120375,40.00389326127195,40.0062220166216,40.008792681461614,40.01143221806093,40.014015998020234,40.01646413345533,40.018731590250596,40.020798107233524
0.07776,40.0,40.000000012081216,40.000008428146046,40.00014880664506,40.00072479741084,40.001945772584016,40.00378480415817,40.00607105295186,40.00860375609769,40.01121183913502,40.01377107066244,40.01620112316417,40.018456161464385,40.02051502908475
0.078,40.0,40.000000010784134,40.00000785154691,40.000141333344025,40.00069604071845,40.001881974996984,40.00367907679299,40.005923344236464,40.008418378154786,40.01099511070436,40.01352976025187,40.01594160622374,40.01818404843389,40.020235061013565
0.07823999999999999,40.0,40.000000009623214,40.000007312936766,40.000134215969005,40.00066834921342,40.00182009949827,40.00357601975143,40.00577883181182,40.0082364940828,40.01078198629287,40.01329202784019,40.01568555085264,40.01791522581096,40.01995818325043
0.07848,40.0,40.00000000858451,40.000006809918375,40.00012743862017,40.00064168674652,40.00176009441625,40.0034755746208,40.005637457762184,40.00805805082399,40.0105724197079,40.01305783460642,40.01543292528728,40.01764966819234,40.019684375924825
0.07872,40.0,40.00000000765546,40.00000634023834,40.000120986052984,40.00061601825694,40.00170190924951,40.00337768399174,40.00549916491837,40.007882995816274,40.010366365045726,40.01282714186332,40.01518369778819,40.01738735012547,40.01941361907049
0.07895999999999999,40.0,40.00000000682477,40.00000590177899,40.00011484365398,40.000591309745076,40.001645494647704,40.00328229144904,40.005363896856174,40.007711276996204,40.01016377669695,40.012599911063504,40.014937836646226,40.017128246114325,40.0191458926306
0.07919999999999999,40.0,40.00000000608226,40.000005492550635,40.00010899741727,40.00056752824577,40.00159080239252,40.00318934156236,40.00523159789455,40.0075428428018,40.00996460935157,40.01237610380553,40.01469531018866,40.0168723306251,40.018881176462905
0.07944,40.0,40.000000005418805,40.00000511068434,40.0001034339218,40.00054464180202,40.0015377853787,40.00309877987675,40.00510221309355,40.00737764217509,40.009768818004,40.012155681839786,40.01445608678517,40.01661957809185,40.01861945034481
0.07967999999999999,40.0,40.00000000482618,40.00000475442498,40.00009814030937,40.0005226194392,40.00148639759514,40.003010552903014,40.00497568825206,40.00721562456445,40.00957635795777,40.011938607074214,40.014220134853716,40.01636996292202,40.01836069397837
0.07991999999999999,40.0,40.000000004296986,40.00000442212469,40.000093104263286,40.000501431139625,40.00143659410606,40.002924608107975,40.00485196990528,40.00705673992666,40.0093871848301,40.0117248415799,40.013987422866286,40.016123459501976,40.0181048869953
0.08016,40.0,40.000000003824596,40.00000411223672,40.00008831398783,40.00048104781773,40.001388331032366,40.00284089390456,40.004731005321986,40.00690093872883,40.00920125455628,40.01151434759649,40.013757919354546,40.01588004220232,40.01785200896183
0.0804,40.0,40.00000000340306,40.00000382330952,40.00008375818827,40.000461441295585,40.001341565532975,40.00275935964185,40.00461274250163,40.00674817195006,40.00901852339385,40.01130708753752,40.013531592915406,40.01563968538327,40.017602039383604
0.08063999999999999,40.0,40.00000000302702,40.00000355398125,40.00007942605161,40.00044258427898,40.001296255786386,40.0026799555949,40.00449713017116,40.006598391082846,40.00883894792656,40.01110302399554,40.01330841221639,40.01540236339986,40.01735495771048
0.08088,40.0,40.00000000269167,40.00000330297453,40.00007530722799,40.00042445033386,40.00125236097231,40.002602632954535,40.00438411778173,40.00645154813439,40.00866248506827,40.01090211974708,40.01308834600101,40.01516805060709,40.01711074334125
0.08112,40.0,40.00000000239272,40.00000306909144,40.000071391812625,40.00040701386334,40.001209841253434,40.00252734381708,40.00427365550516,40.006307595627575,40.00848909206649,40.010704337757545,40.01287136309397,40.01493672136504,40.01686937562836
0.08135999999999999,40.0,40.00000000212629,40.0000028512089,40.00006767032847,40.000390250085054,40.00116865775734,40.0024540411739,40.00416569423021,40.00616648660186,40.0083187265059,40.01050964118591,40.0126574324062,40.01470835004382,40.016630833882516
0.08159999999999999,40.0,40.00000000188893,40.000002648274204,40.00006413370939,40.00037413500906,40.00112877255855,40.00238267890096,40.00406018555875,40.006028174613895,40.00815134631161,40.01031799338927,40.012446522939946,40.01448291102851,40.01639509737728
0.08184,40.0,40.000000001677535,40.000002459300845,40.00006077328391,40.00035864541612,40.001090148660744,40.00231321174826,40.003957081801666,40.00589261373799,40.007986909752276,40.010129357927276,40.012238603793556,40.014260378724,40.016162145353576
0.08207999999999999,40.0,40.000000001489326,40.0000022833646,40.000057580759645,40.00034375883649,40.001052749979095,40.00224559532925,40.003856335974675,40.00575975856638,40.00782537544305,40.00994369856643,40.01203364416633,40.014040727559724,40.01593195702416
0.08231999999999999,40.0,40.000000001321816,40.00000211959974,40.00005454820804,40.00032945352909,40.001016541322805,40.00217978611014,40.00375790179394,40.00562956420932,40.00766670234834,40.00976097928423,40.011831613363135,40.01382393199435,40.01570451157801
0.08256,40.0,40.00000000117278,40.000001967195594,40.00005166804992,40.00031570846119,40.00098148837778,40.0021157413992,40.00366173367157,40.005501986295016,40.007510849784445,40.009581164273165,40.011632480799,40.01360996652038,40.015479788184706
0.0828,40.0,40.00000000104021,40.000001825393134,40.00004893304132,40.00030250328844,40.00094755768948,40.002053419336015,40.00356778671093,40.00537698096934,40.00735777742199,40.00940421794461,40.01143621600355,40.01339880566865,40.01525776599868
0.08303999999999999,40.0,40.00000000092234,40.000001693481934,40.00004633625996,40.000289818335425,40.00091471664594,40.00199277888069,40.00347601670189,40.00525450489541,40.007207445288195,40.00923010493258,40.01124278862537,40.01319042401279,40.01503842416347
0.08327999999999999,40.0,40.00000000081757,40.00000157079717,40.000043871092146,40.000277634576605,40.000882933461,40.00193377980306,40.00338638011582,40.00513451525301,40.00705981376906,40.00905879009729,40.01105216843622,40.012984796173555,40.01482174181587
0.08352,40.0,40.00000000072448,40.00000145671681,40.00004153122014,40.00026593361765,40.00085217715766,40.001876382671824,40.003298834100605,40.00501696973783,40.00691484361132,40.008890238528714,40.01086432533523,40.012781896823135,40.01460769809008
0.08375999999999999,40.0,40.000000000641776,40.00000135065907,40.00003931061004,40.000254697677256,40.00082241755169,40.001820548843746,40.00321333647541,40.00490182656057,40.00677249592425,40.008724415549864,40.01067922935289,40.012581700689324,40.01439627212172
0.08399999999999999,40.0,40.00000000056834,40.00000125207986,40.00003720350002,40.00024390956931,40.000793625235346,40.001766240452774,40.003129845725425,40.004789044445886,40.006632732181416,40.00856128672006,40.010496850654995,40.012384182559664,40.014187443051874
0.08424,40.0,40.00000000050315,40.000001160470504,40.00003520438907,40.00023355268557,40.00076577156137,40.001713420399184,40.003048320996434,40.00467858263116,40.006495514222145,40.008400817838016,40.01031715954651,40.012189317285475,40.01398119003097
0.08448,40.0,40.0000000004453,40.00000107535552,40.00003330802614,40.00022361097857,40.00073882862713,40.00166205233876,40.00296872208933,40.00457040086519,40.00636080425296,40.00824297494481,40.01014012647527,40.01199707978584,40.01377749222272
0.08471999999999999,40.0,40.000000000393975,40.000000996290574,40.00003150939963,40.00021406894514,40.00071276925895,40.00161210067193,40.00289100945449,40.004464459406684,40.00622856484883,40.00808772432673,40.00996572203562,40.011807445051474,40.01357632880791
0.08496,40.0,40.00000000034846,40.000000922860515,40.0000298037274,40.00020491161014,40.00068756699668,40.00156353053295,40.00281514418611,40.00436071902266,40.00609875895429,40.00793503251802,40.00979391697198,40.011620388148515,40.01337767898816
0.0852,40.0,40.0000000003081,40.000000854677566,40.000028186447,40.00019612451068,40.000663196078435,40.001516307779106,40.002741088016386,40.00425914098666,40.005971349884405,40.0077848663035,40.00962468218221,40.011435884222315,40.01318152198964
0.08543999999999999,40.0,40.00000000027234,40.000000791379584,40.00002665320637,40.0001876936807,40.00063963142556,40.001470398979926,40.00266880330965,40.00415968707692,40.005846301325654,40.00763719272103,40.00945798872105,40.01125390850104,40.01298783706671
0.08567999999999999,40.0,40.00000000024065,40.00000073262845,40.000025199854896,40.00017960563593,40.00061684862778,40.00142577140645,40.002598253056476,40.00406231957434,40.005723577336646,40.00749197906389,40.00929380780326,40.01107443629928,40.01279660350553
0.08592,40.0,40.00000000021258,40.000000678108556,40.00002382243477,40.00017184735919,40.00059482392859,40.001382393020506,40.002529400867566,40.00396700126035,40.0056031423487,40.007349192883076,40.009132110806846,40.01089744302154,40.01260780062753
0.08615999999999999,40.0,40.000000000187725,40.00000062752536,40.00002251717268,40.00016440628612,40.000573534210794,40.00134023246402,40.002462210967764,40.00387369541473,40.005484961166324,40.00720880198942,40.00897286927606,40.010722904165675,40.01242140779296
0.08639999999999999,40.0,40.00000000016573,40.000000580604045,40.00002128047186,40.00015727029118,40.000552956982354,40.00129925904842,40.00239664818984,40.00378236581324,40.005368998967604,40.00707077445563,40.008816054924374,40.01055079532623,40.01223740440422
0.08664,40.0,40.00000000014626,40.000000537088255,40.00002010890444,40.00015042767414,40.00053307036231,40.001259442744036,40.00233267796832,40.00369297672513,40.00525522130439,40.00693507861823,40.00866163963738,40.01038109219775,40.01205576990928
0.08688,40.0,40.00000000012904,40.00000049673892,40.00001899920404,40.00014386714673,40.00051385306706,40.00122075416958,40.002270266333205,40.00360549291065,40.00514359410245,40.006801683079374,40.008509595475495,40.01021377057792,40.011876483804954
0.08711999999999999,40.0,40.000000000113815,40.000000459333116,40.00001794825876,40.00013757781982,40.00049528439674,40.001183164581654,40.00220937990367,40.00351987961837,40.00503408366146,40.006670556708585,40.0083598946767,40.010048806370776,40.01169952564011
0.08736,40.0,40.00000000010036,40.00000042466304,40.000016953104364,40.00013154919082,40.00047734422186,40.00114664586437,40.002149985881715,40.00343610258243,40.0049266566549,40.006541668644324,40.00821250965912,40.009886175589706,40.0115248750189
0.0876,40.0,40.000000000088455,40.00000039253505,40.00001601091776,40.00012577113143,40.00046001297017,40.00111117051895,40.00209205204575,40.00335412801965,40.00482128012988,40.00641498829553,40.008067413023504,40.00972585436045,40.01135251160383
0.08783999999999999,40.0,40.00000000007795,40.00000036276867,40.00001511901074,40.00012023387576,40.0004432716137,40.00107671165351,40.002035546744175,40.003273922626704,40.00471792150677,40.00629048534304,40.00792457755568,40.009567818924005,40.011182415118874
0.08807999999999999,40.0,40.00000000006867,40.00000033519581,40.000014274824004,40.000114928008735,40.00042710165603,40.001043242972784,40.00198043888892,40.00319545357701,40.0046165485788,40.00616812974085,40.00778397622884,40.00941204563949,40.01101456535245
0.08832,40.0,40.00000000006047,40.000000309659896,40.00001347592137,40.00010984445478,40.000411485119784,40.001010738768,40.001926697948946,40.00311868851766,40.0045171295116,40.00604789171738,40.007645582205846,40.009258510986896,40.01084894216037
0.08855999999999999,40.0,40.000000000053234,40.00000028601515,40.00001271998427,40.00010497446686,40.00039640453432,40.000979173906856,40.001874293943715,40.00304359556627,40.00441963284249,40.00592974177656,40.007509368841326,40.00910719156976,40.010685525468766
0.08879999999999999,40.0,40.00000000004685,40.00000026412586,40.00001200480643,40.00010030961584,40.00038184292361,40.00094852382345,40.00182319743666,40.00297014330769,40.00432402747986,40.005813650698876,40.00737530968379,40.008958064117856,40.01052429527689
0.08904,40.0,40.000000000041226,40.0000002438657,40.000011328288814,40.000095841780045,40.000367783794395,40.00091876450847,40.00177337952863,40.00289830079072,40.00423028270231,40.005699589542274,40.00724337847762,40.0088111054897,40.010365231659925
0.08928,40.0,40.00000000003626,40.00000022511713,40.00001068843473,40.00009156313524,40.00035421112449,40.0008898724993,40.00172481185132,40.00282803752466,40.00413836815781,40.005587529643044,40.00711354916497,40.008666292675066,40.01020831477171
0.08951999999999999,40.0,40.00000000003188,40.000000207770796,40.00001008334518,40.00008746614475,40.0003411093513,40.00086182487033,40.001677466560686,40.00275932347593,40.00404825386269,40.00547744261654,40.00698579588762,40.008523602797425,40.01005352484738
0.08975999999999999,40.0,40.000000000028024,40.000000191724986,40.000009511214394,40.000083543549984,40.00032846336059,40.00083459922326,40.001631316330354,40.00269212906449,40.0039599102006,40.005369300357835,40.006860092988724,40.008383013116266,40.00990084220603
0.09,40.0,40.00000000002463,40.00000017688512,40.00000897032551,40.000079788361134,40.000316258475415,40.00080817367761,40.00158633434502,40.0026264251603,40.003873307921346,40.00526307504237,40.00673641501449,40.00824450102942,40.00975024725324
0.09023999999999999,40.0,40.000000000021636,40.00000016316326,40.00000845904651,40.00007619384821,40.000304480445266,40.0007825268612,40.00154249429389,40.002562183079675,40.00378841813973,40.00515873912639,40.00661473671576,40.00810804407525,40.00960172048359
0.09047999999999999,40.0,40.000000000019,40.00000015047766,40.000007975826286,40.00007275353229,40.00029311543545,40.00075763790082,40.001499770364056,40.00249937458158,40.003705212334154,40.00505626534737,40.00649503304957,40.00797361993485,40.00945524248312
0.09072,40.0,40.00000000001668,40.00000013875236,40.00000751919083,40.000069461177034,40.00028215001661,40.000733486412905,40.001458137233904,40.00243797186394,40.00362366234536,40.004955626724396,40.00637727918057,40.007841206434094,40.009310793931725
0.09095999999999999,40.0,40.000000000014644,40.0000001279168,40.00000708773972,40.00006631078046,40.00027157115453,40.00071005249442,40.00141757006657,40.0023779475598,40.003543740374894,40.00485679655837,40.00626145048242,40.00771078154571,40.00916835560549
0.09119999999999999,40.0,40.00000000001285,40.00000011790541,40.000006680142576,40.00006329656694,40.000261366200036,40.00068731671375,40.001378044503355,40.00231927473356,40.00346541898365,40.00475974843224,40.0061475225391,40.007582323391205,40.00902790837898
0.09144,40.0,40.00000000001127,40.000000108657304,40.00000629513585,40.000060412979465,40.0002515228792,40.00066526010173,40.00133953665716,40.002261926877054,40.00338867109027,40.00466445621109,40.00603547114613,40.007455810242796,40.00888943322751
0.09168,40.0,40.000000000009884,40.000000100115955,40.00000593151962,40.00005765467208,40.000242029283676,40.00064386414276,40.00130202310599,40.00220587790567,40.00331346996948,40.00457089404216,40.005925272311714,40.00733122052524,40.00875291122928
0.09191999999999999,40.0,40.00000000000866,40.00000009222888,40.00000558815459,40.00005501650262,40.000232873861215,40.000623110766064,40.001265480886396,40.00215110215443,40.003239789250415,40.004479036354844,40.005816902257905,40.007208532817614,40.008618323567546
0.09215999999999999,40.0,40.00000000000759,40.00000008494739,40.00000526395922,40.00005249352565,40.000224045406455,40.00060298233699,40.00122988748698,40.002097574373956,40.003167602914836,40.00438885786059,40.00571033742156,40.00708772585506,40.00848565153268
0.0924,40.0,40.00000000000665,40.00000007822627,40.00000495790694,40.00005008098554,40.000215533051794,40.00058346164849,40.001195220841964,40.002045269726516,40.00309688529529,40.00430033355268,40.00560555445535,40.006968778530386,40.008354876524216
0.09263999999999999,40.0,40.00000000000583,40.00000007202361,40.00000466902354,40.00004777430987,40.00020732625855,40.0005645319126,40.00116145932471,40.00199416378198,40.00302761107325,40.004213438706046,40.00550253022862,40.006851669895724,40.00822598005281
0.09287999999999999,40.0,40.0000000000051,40.000000066300515,40.00000439638464,40.00004556910296,40.000199414808215,40.000546176752174,40.00112858174132,40.00194423251374,40.00295975527716,40.00412814887696,40.00540124182826,40.00673637916405,40.00809894374219
0.09312,40.0,40.00000000000446,40.000000061020934,40.00000413911331,40.00004346113961,40.000191788793984,40.00052838019258,40.001096567324225,40.00189545229467,40.00289329328046,40.00404443990263,40.005301666559454,40.006622885710684,40.007973749331015
0.09336,40.0,40.00000000000391,40.00000005615142,40.000003896377734,40.000041446359084,40.00018443861238,40.000511126653606,40.00106539572587,40.00184779989297,40.00282820079951,40.00396228790083,40.005203781946385,40.00651116907468,40.00785037867472
0.09359999999999999,40.0,40.00000000000342,40.000000051661004,40.00000366738904,40.00003952085919,40.00017735495514,40.00049440094141,40.001035047012344,40.0018012524681,40.00276445389157,40.003881669269404,40.0051075657329,40.00640120896023,40.00772881374728
0.09383999999999999,40.0,40.00000000000299,40.000000047520956,40.0000034513992,40.000037680890664,40.0001705288012,40.00047818824064,40.00100550165717,40.0017557875666,40.00270202895262,40.00380256068567,40.00501299588309,40.00629298523799,40.00760903664294
0.09408,40.0,40.000000000002615,40.00000004370467,40.000003247699055,40.00003592285163,40.00016395140891,40.0004624741066,40.00097674053498,40.00171138311797,40.00264090271518,40.00372493910592,40.00492005058183,40.00618647794633,40.007491029577935
0.09431999999999999,40.0,40.00000000000228,40.0000000401875,40.00000305561636,40.00003424328229,40.0001576143084,40.00044724445757,40.00094874491539,40.00166801743051,40.00258105224615,40.00364878176469,40.004828708235245,40.006081667292534,40.007374774892085
0.09455999999999999,40.0,40.000000000002,40.00000003694663,40.000002874513996,40.00003263885978,40.00015150929413,40.00043248556723,40.00092149645678,40.00162566918713,40.00252245494449,40.00357406617408,40.00473894747114,40.00597853365397,40.0072602550504
0.0948,40.0,40.00000000000174,40.000000033960916,40.00000270378823,40.00003110639315,40.000145628417584,40.00041818405717,40.000894977200204,40.00158431744118,40.002465088538976,40.00350077012305,40.00465074713935,40.00587705757921,40.00714745264462
0.09503999999999999,40.0,40.00000000000152,40.000000031210796,40.00000254286706,40.00002964281861,40.000139963980146,40.00040432688955,40.00086916956331,40.00154394161229,40.00240893108585,40.003428871676505,40.00456408631207,40.00577721978906,40.0070363503947
0.09527999999999999,40.0,40.00000000000133,40.00000002867816,40.00000239120862,40.00002824519478,40.00013450852615,40.000390901359836,40.000844056334294,40.00150452148215,40.00235396096646,40.00335834917456,40.004478944284116,40.00567900117757,40.00692693115029
0.09552,40.0,40.00000000000116,40.00000002634626,40.00000224829968,40.00002691069824,40.00012925483605,40.00037789508965,40.000819620665986,40.00146603719034,40.002300156884864,40.00328918123157,40.0043953005731,40.005582382812975,40.006819177892105
0.09576,40.0,40.00000000000101,40.00000002419957,40.00000211365424,40.000025636619135,40.000124195919796,40.000365296019766,40.00079584606983,40.00142846923014,40.002247497865426,40.003221346735195,40.00431313491963,40.00548734593863,40.006713073733295
0.09599999999999999,40.0,40.00000000000088,40.00000002222378,40.00000198681211,40.00002442035697,40.000119325010346,40.00035309240315,40.000772716410076,40.00139179844437,40.00219596325034,40.00315482484543,40.00423242728738,40.00539387197386,40.00660860192077
0.09623999999999999,40.0,40.00000000000077,40.00000002040561,40.00000186733764,40.00002325941652,40.000114635557324,40.00034127279819,40.00075021589792,40.00135600602113,40.00214553269716,40.00308959499356,40.00415315786318,40.00530194251472,40.00650574583645
0.09648,40.0,40.00000000000067,40.000000018732806,40.000001754818484,40.0000221514039,40.00011012122083,40.000329826061964,40.00072832908572,40.00132107348975,40.00209618617632,40.00302563688109,40.004075307057015,40.00521153933481,40.0064044889985
0.09671999999999999,40.0,40.00000000000058,40.00000001719404,40.0000016488644,40.000021094022735,40.0001057758654,40.00031874134367,40.00070704086132,40.00128698271649,40.00204790396855,40.00296293047864,40.003998855502,40.00512264438598,40.00630481506253
0.09695999999999999,40.0,40.00000000000051,40.00000001577884,40.0000015491061,40.0000200850705,40.000101593554156,40.00030800807811,40.00068633644233,40.00125371590049,40.00200066666241,40.00290145602478,40.00392378405428,40.00503523979897,40.00620670782269
0.0972,40.0,40.00000000000044,40.000000014477514,40.00000145519425,40.000019122434985,40.00009756854299,40.00029761597935,40.00066620137055,40.00122125556954,40.00195445515163,40.00284119402487,40.00385007379296,40.00494930788408,40.00611015121284
0.09743999999999998,40.0,40.000000000000384,40.00000001328113,40.000001366798365,40.00001820409079,40.00009369527501,40.00028755503444,40.0006466215064,40.001189584576004,40.00190925063262,40.00278212524981,40.003777706019896,40.004864831131705,40.006015129307514
0.09767999999999999,40.0,40.000000000000334,40.00000001218144,40.00000128360591,40.000017328096106,40.00008996837507,40.00027781549724,40.00062758302343,40.00115868609267,40.0018650346018,40.00272423073483,40.00370666225948,40.00478179221292,40.00592162632304
0.09792,40.0,40.00000000000029,40.0000000111708,40.00000120532131,40.00001649258942,40.000086382644405,40.00026838788239,40.000609072402895,40.00112854360864,40.00182178885299,40.002667491778126,40.00363692425847,40.00470017397992,40.005829626618414
0.09816,40.0,40.000000000000256,40.00000001024219,40.000001131665115,40.0000156957865,40.00008293305547,40.00025926295934,40.00059107642834,40.00109914092524,40.001779495474835,40.002611889939644,40.003568473985624,40.004619959466545,40.00573911469632
0.09839999999999999,40.0,40.00000000000022,40.0000000093891,40.000001062373165,40.00001493597739,40.00007961474684,40.00025043174651,40.000573582180344,40.00107046215197,40.00173813684809,40.002557407039646,40.0035012936314,40.00454113188862,40.005650075203974
0.09863999999999999,40.0,40.00000000000019,40.000000008605525,40.000000997195755,40.000014211523506,40.0000764230183,40.000241885505574,40.000556577031176,40.001042491702435,40.00169769564301,40.00250402515737,40.00343536560765,40.004463674644406,40.00556249293399
0.09888,40.0,40.00000000000017,40.00000000788596,40.00000093589692,40.00001352085489,40.00007335332602,40.0002336157358,40.000540048639685,40.001015214290305,40.001658154816695,40.00245172662964,40.003370672547156,40.004387571314865,40.005476352825234
0.09911999999999999,40.0,40.00000000000014,40.000000007225275,40.00000087825369,40.00001286246754,40.00007040127788,40.00022561416855,40.00052398494611,40.00098861492532,40.00161949761038,40.00240049404942,40.003307197303236,40.004312805664,40.00539163996355
0.09935999999999999,40.0,40.00000000000013,40.00000000661877,40.000000824055405,40.0000122349208,40.00006756262888,40.0002178727618,40.00050837416704,40.00096267890928,40.00158170754682,40.002350310264355,40.00324492294928,40.00423936163913,40.005308339582555
0.0996,40.0,40.00000000000011,40.00000000606211,40.000000773103096,40.0000116368349,40.00006483327671,40.00021038369488,40.000493204790374,40.000937391832124,40.001544768427564,40.00230115837533,40.00318383277824,40.00416722337106,40.00522643706433
0.09983999999999998,40.0,40.00000000000009,40.000000005551286,40.00000072520884,40.00001106688852,40.00006220925742,40.00020313936319,40.000478465570396,40.00091273956795,40.00150866433028,40.00225302173495,40.003123910302136,40.00409637517433,40.00514591794008
0.10007999999999999,40.0,40.000000000000085,40.00000000508261,40.00000068019517,40.000010523816506,40.00005968674121,40.000196132373105,40.00046414552289,40.00088870827113,40.00147337960609,40.002205883946004,40.003065139251454,40.00402680154732,40.00506676789078
0.10031999999999999,40.0,40.00000000000007,40.00000000465269,40.00000063789454,40.00001000640765,40.000057262028285,40.00018935553695,40.000450233920304,40.000865284372395,40.00143889887687,40.00215972885996,40.00300750357457,40.0039584871724,40.00498897274779
0.10056,40.0,40.000000000000064,40.00000000425839,40.000000598148766,40.00000951350249,40.000054931544945,40.00018280186804,40.00043672028702,40.00084245457501,40.00140520703255,40.00211454057539,40.002950987437146,40.003891416915984,40.004912518493384
0.10079999999999999,40.0,40.00000000000006,40.00000000389682,40.00000056080857,40.000009043991305,40.0000526918396,40.00017646457589,40.00042359439465,40.000820205850935,40.00137228922844,40.0020703034364,40.00289557522148,40.00382557582862,40.004837391261326
0.10103999999999999,40.0,40.00000000000005,40.00000000356533,40.00000052573306,40.00000859681208,40.00005053957907,40.00017033706141,40.000410846257374,40.00079852543702,40.00134013088256,40.00202700203103,40.0028412515258,40.003760949144954,40.00476357733732
0.10128,40.0,40.00000000000004,40.00000000326147,40.000000492789276,40.00000817094859,40.000048471544865,40.00016441291237,40.00039846612746,40.000777400831254,40.001308717672934,40.001984621189656,40.002788001163616,40.00369752228378,40.00469106315952
0.10151999999999999,40.0,40.000000000000036,40.000000002982986,40.000000461851805,40.00000776542855,40.00004648462961,40.00015868589873,40.000386444490665,40.00075681978901,40.001278035534924,40.001943145983375,40.00273580916293,40.003635280847924,40.00461983531891
0.10175999999999999,40.0,40.00000000000003,40.00000000272781,40.00000043280234,40.000007379321865,40.00004457583359,40.00015314996828,40.000374772061896,40.00073677031935,40.001248070658576,40.00190256172235,40.00268466076554,40.00357421062424,40.00454988055976
0.102,40.0,40.00000000000003,40.000000002494026,40.00000040552929,40.000007011738866,40.00004274226136,40.00014779924221,40.00036343978077,40.00071724068137,40.00121880948592,40.001862853954194,40.00263454142623,40.00351429758343,40.00448118577994
0.10224,40.0,40.00000000000002,40.00000000227989,40.00000037992743,40.00000666182871,40.000040981118424,40.00014262801088,40.00035243880734,40.00069821938053,40.001190238708354,40.00182400846228,40.002585436812005,40.00345552787998,40.00441373803129
0.10247999999999999,40.0,40.00000000000002,40.00000000208377,40.00000035589755,40.00000632877775,40.00003928970811,40.00013763072961,40.00034176051787,40.00067969516511,40.00116234526398,40.00178601126408,40.00253733280122,40.00339788785195,40.0043475245199
0.10271999999999999,40.0,40.000000000000014,40.0000000019042,40.00000033334611,40.00000601180805,40.0000376654284,40.00013280201462,40.00033139650064,40.000661657022576,40.001135116334936,40.00174884860951,40.002490215482766,40.00334136402081,40.00428253260642
0.10296,40.0,40.000000000000014,40.00000000173981,40.00000031218496,40.00000571017587,40.00003610576895,40.000128136638956,40.000321338551835,40.0006440941761,40.00110853934483,40.001712506979224,40.00244407115524,40.00328594309118,40.00421874980624
0.10319999999999999,40.0,40.000000000000014,40.00000000158933,40.00000029233101,40.0000054231703,40.00003460830816,40.00012362952865,40.00031157867151,40.00062699608107,40.00108260195607,40.00167697308294,40.00239888632599,40.003231611950646,40.00415616378979
0.10343999999999999,40.0,40.000000000000014,40.00000000145162,40.00000027370598,40.00000515011185,40.0000331707103,40.00011927575882,40.00030210905962,40.000610352421575,40.0010572920673,40.00164223385769,40.0023546477103,40.003178357669434,40.00409476238264
0.10368,40.0,40.00000000000001,40.00000000132561,40.00000025623609,40.00000489035121,40.00003179072281,40.000115070549946,40.00029292211209,40.000594153107066,40.00103259781076,40.00160827646618,40.002311342230385,40.00312616750015,40.004034533565736
0.10391999999999998,40.0,40.00000000000001,40.00000000121034,40.00000023985187,40.00000464326792,40.000030466173534,40.000111009264195,40.00028401041696,40.00057838826893,40.00100850754979,40.00157508829506,40.00226895701452,40.00307502887746,40.00397546547546
0.10415999999999999,40.0,40.00000000000001,40.0000000011049,40.00000022448788,40.00000440826922,40.00002919496819,40.00010708740185,40.00027536675062,40.000563048257156,40.00098500987617,40.0015426569532,40.00222747939609,40.003024929417734,40.00391754640381
0.10439999999999999,40.0,40.00000000000001,40.00000000100847,40.000000210082476,40.00000418478886,40.00002797508782,40.00010330059778,40.00026698407408,40.000548123637046,40.00096209360766,40.001510970269976,40.002186896912576,40.00297585691868,40.003860764798404
0.10464,40.0,40.00000000000001,40.00000000092031,40.00000019657763,40.000003972286,40.0000268045863,40.00009964461802,40.0002588555293,40.00053360518594,40.00093974778543,40.00148001629357,40.002147197304616,40.002927799359,40.00380510926259
0.10487999999999999,40.0,40.00000000000001,40.000000000839705,40.000000183918715,40.00000377024413,40.000025681588035,40.000096115356435,40.00025097443561,40.000519483890024,40.00091796167156,40.00144978328924,40.002108368515,40.00288074489791,40.00375056855546
0.10511999999999999,40.0,40.00000000000001,40.000000000766036,40.00000017205431,40.00000357817005,40.00002460428559,40.00009270883143,40.00024333428616,40.00050575094109,40.000896724746525,40.00142025973759,40.00207039868767,40.002834681874766,40.0036971315918
0.10536,40.0,40.0,40.00000000069871,40.000000160936,40.00000339559287,40.0000235709375,40.00008942118279,40.00023592874447,40.00049239773345,40.000876026706756,40.001391434332895,40.00203327616667,40.0027895988086,40.00364478744215
0.10559999999999999,40.0,40.0,40.00000000063719,40.00000015051825,40.00000322206308,40.000022579866055,40.00008624866851,40.000228751641025,40.00047941586083,40.00085585746214,40.001363295981314,40.00199698949515,40.00274548439761,40.00359352533267
0.10583999999999999,40.0,40.0,40.000000000581,40.0000001407582,40.000003057151616,40.00002162945522,40.0000831876618,40.0002217969699,40.000466797113276,40.00083620713363,40.001335833799224,40.00196152741426,40.00270232751872,40.00354333464513
0.10608,40.0,40.0,40.00000000052967,40.00000013161555,40.00000290044901,40.00002071814862,40.000080234648074,40.00021505888552,40.00045453347417,40.000817066050764,40.00130903711149,40.00192687886219,40.00266011722705,40.00349420491676
0.10631999999999998,40.0,40.0,40.00000000048279,40.000000123052374,40.00000275156454,40.000019844447515,40.00007738622207,40.00020853169941,40.00044261711723,40.00079842474932,40.001282895449755,40.001893032973015,40.00261884275538,40.00344612584019
0.10655999999999999,40.0,40.0,40.00000000044,40.00000011503302,40.0000026101254,40.000019006908936,40.00007463908502,40.000202209877024,40.000431040403605,40.00078027396893,40.00125739855071,40.001859979075654,40.00257849351359,40.003399087263226
0.10679999999999999,40.0,40.0,40.000000000400924,40.00000010752394,40.000002475776,40.000018204143785,40.00007199004189,40.00019608803469,40.000419795878955,40.00076260465069,40.001232536354436,40.00182770669279,40.00253905908811,40.00335307918874
0.10704,40.0,40.0,40.00000000036526,40.000000100493615,40.000002348177134,40.000017434815085,40.000069435998654,40.000190160936526,40.000408876270605,40.00074540793488,40.00120829900264,40.00179620553975,40.002500529241345,40.003308091774485
0.10727999999999999,40.0,40.0,40.00000000033271,40.000000093912426,40.000002227005346,40.0000166976362,40.00006697395974,40.0001844234915,40.000398274484766,40.000728675158605,40.00118467683702,40.00176546552344,40.00246289391105,40.003264115332826
0.10751999999999999,40.0,40.0,40.00000000030302,40.000000087752504,40.000002111952206,40.000015991369196,40.00006460102541,40.00017887075046,40.00038798360373,40.00071239785355,40.001161660397536,40.00173547674122,40.00242614320975,40.003221140330574
0.10776,40.0,40.0,40.000000000275925,40.00000008198768,40.00000200272367,40.000015314823166,40.00006231438927,40.000173497903326,40.00037799688316,40.00069656774366,40.00113924042074,40.00170622947976,40.002390267424055,40.003179157388686
0.10799999999999998,40.0,40.0,40.00000000025121,40.000000076593366,40.00000189903945,40.000014666852685,40.00006011133589,40.00016830027625,40.00036830774943,40.00068117674298,40.001117407838116,40.001677714213976,40.00235525701407,40.003138157282024
0.10823999999999999,40.0,40.0,40.00000000022868,40.00000007154646,40.000001800632425,40.00001404635628,40.00005798923839,40.0001632733289,40.00035890979697,40.00066621695335,40.00109615377437,40.00164992160585,40.00232110261268,40.00309813093903
0.10848,40.0,40.0,40.00000000020813,40.00000006682525,40.00000170724805,40.00001345227494,40.00005594555616,40.00015841265176,40.00034979678567,40.000651680662294,40.001075469545825,40.00162284250332,40.00228779502494,40.003059069441434
0.10872,40.0,40.0,40.0000000001894,40.00000006240938,40.000001618643836,40.00001288359072,40.00005397783261,40.00015371396348,40.00034096263833,40.0006375603408,40.00105534665872,40.00159646793916,40.002255325227324,40.00302096402391
0.10895999999999999,40.0,40.0,40.00000000017233,40.00000005827969,40.00000153458878,40.00001233932532,40.00005208369298,40.00014917310833,40.000332401438165,40.00062384864119,40.00103577680758,40.00157078912979,40.00222368436704,40.00298380607374
0.10919999999999999,40.0,40.0,40.00000000015677,40.00000005441823,40.00000145486291,40.00001181853881,40.00005026084223,40.00014478605372,40.000324107426316,40.00061053839504,40.001016751873635,40.00154579747418,40.00219286376134,40.002947587130436
0.10944,40.0,40.0,40.00000000014259,40.00000005080813,40.00000137925675,40.00001132032828,40.00004850706298,40.000140548887636,40.00031607499945,40.00059762261103,40.0009982639231,40.0015214845527,40.002162854896774,40.00291229888533
0.10967999999999999,40.0,40.0,40.00000000012968,40.00000004743357,40.00000130757089,40.00001084382663,40.00004682021348,40.00013645781633,40.00030829870738,40.00058509447296,40.00098030520565,40.00149784212593,40.00213364942846,40.00287793318121
0.10991999999999999,40.0,40.0,40.000000000117915,40.000000044279716,40.00000123961556,40.00001038820137,40.00004519822567,40.00013250916195,40.00030077325069,40.00057294733762,40.000962868152776,40.00147486213356,40.00210523917931,40.00284448201188
0.11016,40.0,40.0,40.0000000001072,40.00000004133261,40.00000117521015,40.000009952653464,40.000043639103296,40.00012869936019,40.000293493478495,40.00056117473288,40.00094594537619,40.0014525366932,40.002077616139296,40.002811937521706
0.11039999999999998,40.0,40.0,40.000000000097444,40.00000003857921,40.00000111418287,40.00000953641619,40.00004214092004,40.00012502495812,40.00028645438614,40.00054977035561,40.00092952966626,40.001430858099226,40.002050772464685,40.00278029200517
0.11063999999999999,40.0,40.0,40.00000000008857,40.00000003600724,40.00000105637033,40.00000913875407,40.00004070181773,40.00012148261196,40.000279651113026,40.00053872806982,40.00091361399045,40.00140981882165,40.0020247004772,40.00274953790641
0.11087999999999999,40.0,40.0,40.00000000008048,40.00000003360525,40.00000100161716,40.000008758961854,40.000039320004646,40.00011806908492,40.00027307894042,40.000528041904644,40.00089819149173,40.00138941150494,40.001999392663315,40.00271966781871
0.11112,40.0,40.0,40.00000000007313,40.000000031362426,40.00000094977568,40.000008396363455,40.00003799375378,40.00011478124517,40.00026673328934,40.0005177060525,40.000883255487075,40.001369628966856,40.00197484167336,40.00269067448401
0.11135999999999999,40.0,40.0,40.000000000066436,40.00000002926871,40.000000900705565,40.00000805031105,40.00003672140123,40.00011161606377,40.000260609718474,40.0005077148672,40.0008687994659,40.00135046419732,40.00195104032079,40.002662550792365
0.11159999999999999,40.0,40.0,40.000000000060346,40.00000002731464,40.000000854273495,40.000007720184115,40.000035501344605,40.000108570612696,40.00025470392213,40.00049806286207,40.00085481708856,40.00133191035725,40.001927981581304,40.002635289781445
0.11184,40.0,40.0,40.00000000005481,40.00000002549136,40.00000081035287,40.00000740538851,40.000034332041494,40.00010564206289,40.000249011728236,40.000488744708214,40.00084130218484,40.00131396077739,40.00190565859205,40.00260888463595
0.11207999999999999,40.0,40.0,40.00000000004977,40.00000002379057,40.00000076882353,40.00000710535565,40.000033212007956,40.000102827682426,40.00024352909639,40.00047975523262,40.000828248752455,40.00129660895715,40.00188406465078,40.002583328687074
0.11231999999999999,40.0,40.0,40.0000000000452,40.000000022204524,40.00000072957144,40.000006819541646,40.00003213981711,40.00010012483462,40.00023825211594,40.00047108941648,40.00081565095559,40.00127984856348,40.00186319321501,40.00255861541189
0.11256,40.0,40.0,40.00000000004104,40.00000002072594,40.000000692488435,40.00000654742652,40.00003111409771,40.00009753097628,40.00023317700411,40.000462742393424,40.00080350312343,40.001263673429705,40.00184303790114,40.00253473843281
0.11279999999999998,40.0,40.0,40.00000000003726,40.000000019348036,40.00000065747199,40.00000628851344,40.000030133532796,40.000095043655975,40.000228300104155,40.0004547094478,40.00079179974868,40.00124807755437,40.00182359248363,40.00251169151692
0.11303999999999999,40.0,40.0,40.00000000003383,40.000000018064455,40.00000062442495,40.00000604232796,40.00002919685841,40.00009266051233,40.000223617883584,40.00044698601304,40.00078053548621,40.00123305510011,40.001804850894125,40.00248946857541
0.11327999999999999,40.0,40.0,40.00000000003071,40.00000001686925,40.000000593255315,40.00000580841732,40.0000283028623,40.00009037927237,40.000219126932386,40.00043956766995,40.00076970515153,40.00121860039246,40.00178680722056,40.002468063662924
0.11352,40.0,40.0,40.000000000027875,40.000000015756875,40.000000563876,40.00000558634978,40.000027450382724,40.00008819774998,40.00021482396134,40.00043245014515,40.000759303719455,40.00120470791878,40.001769455706295,40.0024474709769
0.11375999999999999,40.0,40.0,40.0000000000253,40.000000014722154,40.00000053620466,40.00000537571394,40.000026638307276,40.00008611384431,40.000210705800335,40.00042562930944,40.000749326322705,40.00119137232706,40.00175279074924,40.00242768485693
0.11399999999999999,40.0,40.0,40.00000000002297,40.00000001376024,40.00000051016347,40.00000517611814,40.000025865571715,40.00008412553828,40.00020676939672,40.00041910117625,40.000739768250526,40.00117858842483,40.001736806900965,40.002408699784134
0.11424,40.0,40.0,40.00000000002086,40.000000012866636,40.00000048567892,40.000004987189826,40.00002513115891,40.00008223089715,40.00020301181374,40.00041286190013,40.00073062494733,40.00116635117801,40.00172149886583,40.002390510380444
0.11447999999999998,40.0,40.0,40.00000000001894,40.00000001203713,40.00000046268169,40.000004808575035,40.000024434097746,40.00008042806708,40.000199430228975,40.0004069077752,40.00072189201138,40.00115465570981,40.00170686150004,40.00237311140795
0.11471999999999999,40.0,40.0,40.0000000000172,40.0000000112678,40.00000044110642,40.00000463993778,40.00002377346215,40.00007871527379,40.00019602193283,40.00040123523372,40.00071356519341,40.00114349729961,40.00169288981081,40.00235649776817
0.11495999999999999,40.0,40.0,40.00000000001563,40.000000010555006,40.0000004208916,40.000004480959554,40.0000231483701,40.0000770908212,40.000192784327034,40.0003958408446,40.00070564039538,40.001132871381806,40.00167957895542,40.002340664501396
0.1152,40.0,40.0,40.00000000001421,40.00000000989537,40.00000040197937,40.00000433133884,40.000022557982625,40.000075553090184,40.00018971492323,40.00039072131199,40.000698113669145,40.00112277354475,40.0016669242403,40.00232560678594
0.11543999999999999,40.0,40.0,40.000000000012925,40.00000000928575,40.00000038431543,40.000004190790634,40.000022001503005,40.00007410053732,40.00018681134158,40.000385873473896,40.00069098121517,40.00111319952962,40.001654921120135,40.00231131993742
0.11567999999999999,40.0,40.0,40.00000000001176,40.00000000872321,40.000000367848834,40.00000405904595,40.00002147817583,40.00007273169368,40.000184071309384,40.000381294300816,40.0006842393813,40.001104145229306,40.00164356519695,40.002297799408005
0.11592,40.0,40.0,40.000000000010715,40.00000000820508,40.00000035253196,40.00000393585143,40.00002098728619,40.00007144516368,40.00018149265976,40.00037698089437,40.000677884661464,40.00109560668734,40.00163285221917,40.0022850407857
0.11615999999999999,40.0,40.0,40.00000000000977,40.00000000772884,40.0000003383203,40.00000382096894,40.0000205281589,40.00007023962397,40.00017907333038,40.00037293048602,40.00067191369447,40.00108758009679,40.00162277808068,40.00227303979356
0.11639999999999999,40.0,40.0,40.000000000008924,40.00000000729221,40.00000032517237,40.000003714175136,40.0000201001577,40.0000691138224,40.00017681136218,40.000369140435765,40.000666323262784,40.00108006179916,40.001613338819936,40.00226179228892
0.11664,40.0,40.0,40.000000000008164,40.00000000689306,40.000000313049654,40.000003615261114,40.00001970268456,40.00006806657688,40.00017470489818,40.00036560823088,40.00066111029135,40.00107304828332,40.00160453061901,40.002251294262635
0.11687999999999998,40.0,40.0,40.00000000000748,40.00000000652946,40.00000030191643,40.000003524032095,40.00001933517899,40.000067096774494,40.00017275218229,40.00036233148471,40.000656271846346,40.00106653618442,40.001596349802625,40.00224154183829
0.11711999999999999,40.0,40.0,40.00000000000687,40.00000000619963,40.00000029173973,40.00000344030704,40.00001899711735,40.00006620337048,40.000170951558175,40.00035930793544,40.00065180513406,40.00106052228283,40.00158879283725,40.002232531271375
0.11735999999999999,40.0,40.0,40.00000000000634,40.000000005901946,40.00000028248924,40.00000336391838,40.000018688012254,40.00006538538735,40.000169301468155,40.000356535444915,40.00064770749975,40.00105500350307,40.00158185633015,40.00222425894853
0.1176,40.0,40.0,40.000000000005855,40.00000000563495,40.00000027413721,40.0000032947117,40.00001840741196,40.00006464191397,40.00016780045212,40.000354011997516,40.00064397642643,40.00104997691272,40.001575537028415,40.00221672138668
0.11783999999999999,40.0,40.0,40.00000000000544,40.00000000539732,40.00000026665837,40.000003232545495,40.000018154899806,40.00006397210477,40.00016644714649,40.000351735699,40.00064060953384,40.001045439721395,40.00156983181803,40.00220991523224
0.11807999999999999,40.0,40.0,40.00000000000507,40.00000000518787,40.0000002600299,40.00000317729088,40.0000179300937,40.00006337517886,40.00016524028323,40.000349704775424,40.00063760457725,40.001041389279685,40.00156473772292,40.00220383726028
0.11832,40.0,40.0,40.00000000000476,40.000000005005546,40.000000254231345,40.000003128831366,40.00001773264558,40.00006285041936,40.00016417868887,40.00034791757205,40.00063495944643,40.0010378230781,40.001560251904,40.002198484373686
0.11855999999999998,40.0,40.0,40.0000000000045,40.00000000484943,40.000000249244536,40.00000308706268,40.00001756224097,40.00006239717259,40.00016326128358,40.00034637255233,40.000632672164535,40.00103473874603,40.0015563716582,40.002193853602286
0.11879999999999999,40.0,40.0,40.00000000000428,40.00000000471872,40.00000024505358,40.00000305189249,40.00001741859852,40.00006201484739,40.00016248708025,40.00034506829683,40.00063074088706,40.001032134050696,40.00155309441747,40.00218994210201
0.11903999999999999,40.0,40.0,40.0000000000041,40.000000004612744,40.00000024164478,40.000003023240275,40.00001730146961,40.00006170291447,40.000161855183634,40.00034400350227,40.000629163900754,40.001030006896116,40.00155041774785,40.00218674715397
0.11927999999999998,40.0,40.0,40.000000000003965,40.000000004530925,40.000000239006596,40.000003001037136,40.00001721063796,40.000061460905776,40.000161364789484,40.0003431769805,40.00062793962258,40.001028355322035,40.00154833934846,40.0021842661636
0.11951999999999999,40.0,40.0,40.000000000003865,40.000000004472824,40.00000023712964,40.00000298522563,40.000017145919244,40.00006128841388,40.00016101518378,40.00034258765758,40.00062706659871,40.00102717750294,40.00154685705049,40.00218249665972
0.11975999999999999,40.0,40.0,40.00000000000381,40.0000000044381,40.000000236006606,40.000002975759664,40.00001710716081,40.00006118509143,40.0001608057419,40.00034223457283,40.00062654350347,40.00102647174699,40.00154596881625,40.002181436293654
0.12,40.0,40.0,40.000000000003794,40.000000004426525,40.000000235632264,40.00000297260434,40.00001709424133,40.000061150650616,40.00016073592794,40.0003421168779,40.000626369138395,40.00102623649501,40.001545672738175,40.0021810828383
