Position_m,Temperature_t=0.00000000s,Temperature_t=0.90909091s,Temperature_t=1.81818182s,Temperature_t=2.72727273s,Temperature_t=3.63636364s,Temperature_t=4.54545455s,Temperature_t=5.45454545s,Temperature_t=6.36363636s,Temperature_t=7.27272727s,Temperature_t=8.18181818s,Temperature_t=9.09090909s,Temperature_t=10.00000000s,Temperature_t=10.90909091s,Temperature_t=11.81818182s,Temperature_t=12.72727273s,Temperature_t=13.63636364s,Temperature_t=14.54545455s,Temperature_t=15.45454545s,Temperature_t=16.36363636s,Temperature_t=17.27272727s,Temperature_t=18.18181818s,Temperature_t=19.09090909s
-0.12,100.0,100.0,100.0,100.0,100.00000000000006,100.00000000000423,100.00000000011595,100.00000000151613,100.00000001180354,100.0000000630478,100.00000025397874,100.00000082374807,100.00000225375153,100.00000538209046,100.00001150871802,100.00002247042086,100.00004067171463,100.00006906693903,100.00011109721639,100.00017059174994,100.00025164577025,100.00035848773152
-0.11975999999999999,100.0,100.0,100.0,100.0,100.00000000000006,100.00000000000425,100.0000000001163,100.00000000151974,100.00000001182622,100.00000006314772,100.00000025431613,100.00000082467837,100.00000225594121,100.0000053866352,100.00001151723933,100.00002248512273,100.0000406953902,100.0000691029272,100.00011114931574,100.00017066410174,100.00025174272385,100.00035861370485
-0.11951999999999999,100.0,100.0,100.0,100.0,100.00000000000006,100.00000000000429,100.00000000011735,100.00000000153057,100.0000000118943,100.00000006344747,100.00000025532833,100.00000082746925,100.00000226251028,100.00000540026939,100.00001154280325,100.00002252922832,100.00004076641689,100.00006921089171,100.00011130561383,100.00017088115713,100.00025203358469,100.00035899162484
-0.11927999999999998,100.0,100.0,100.0,100.0,100.00000000000006,100.00000000000438,100.0000000001191,100.00000000154867,100.00000001200813,100.0000000639485,100.00000025701979,100.00000083213203,100.00000227348343,100.00000542304116,100.00001158549509,100.00002260287792,100.0000408850113,100.0000693911499,100.00011156655542,100.0001712435165,100.00025251913719,100.00035962248819
-0.11903999999999999,100.0,100.0,100.0,100.0,100.00000000000006,100.0000000000045,100.00000000012159,100.00000000157418,100.00000001216827,100.00000006465288,100.00000025939659,100.00000083868173,100.00000228889274,100.00000545501172,100.0000116454215,100.0000227062439,100.00004105143546,100.0000696440802,100.00011193266387,100.00017175187753,100.0002532002828,100.0003605074283
-0.11879999999999999,100.0,100.0,100.0,100.0,100.00000000000006,100.00000000000466,100.0000000001248,100.00000000160719,100.0000000123754,100.00000006556321,100.0000002624664,100.00000084713704,100.00000230877777,100.00000549625557,100.00001172271065,100.00002283953106,100.00004126599727,100.00006997012255,100.00011240454171,100.00017240703608,100.0002540780407,100.00036164771625
-0.11855999999999998,100.0,100.0,100.0,100.0,100.00000000000006,100.00000000000485,100.00000000012878,100.0000000016479,100.00000001263038,100.0000000666827,100.00000026623856,100.00000085752048,100.00000233318556,100.00000554686065,100.00001181751254,100.000023002977,100.00004152905097,100.00007036977917,100.00011298287137,100.00017320988692,100.00025515354892,100.00036304476191
-0.11832,100.0,100.0,100.0,100.0,100.00000000000007,100.00000000000507,100.00000000013353,100.00000000169649,100.00000001293424,100.00000006801513,100.00000027072402,100.00000086985837,100.00000236217087,100.0000056069285,100.00001192999916,100.00002319685245,100.00004184099757,100.00007084361498,100.00011366841592,100.00017416142475,100.00025642806524,100.00036470011501
-0.11807999999999999,100.0,100.0,100.0,100.0,100.00000000000007,100.00000000000534,100.0000000001391,100.00000000175321,100.00000001328819,100.00000006956492,100.00000027593545,100.00000088418096,100.00000239579617,100.00000567657442,100.00001206036485,100.00002342146162,100.00004220228543,100.00007139225839,100.00011446201992,100.00017526274499,100.00025790296834,100.00036661546638
-0.11783999999999999,100.0,100.0,100.0,100.0,100.00000000000007,100.00000000000566,100.0000000001455,100.00000000181831,100.00000001369358,100.00000007133708,100.00000028188724,100.00000090052245,100.00000243413186,100.00000575592773,100.00001220882659,100.0000236771427,100.00004261341078,100.00007201640197,100.00011536461017,100.00017651504484,100.00025957975882,100.00036879264906
-0.1176,100.0,100.0,100.0,100.0,100.00000000000009,100.00000000000601,100.0000000001528,100.0000000018921,100.000000014152,100.0000000733373,100.00000028859556,100.00000091892109,100.00000247725633,100.00000584513197,100.00001237562427,100.00002396426832,100.00004307491835,100.00007271680315,100.00011637719666,100.00017791962428,100.00026146006039,100.00037123363964
-0.11735999999999999,100.0,100.0,100.0,100.0,100.00000000000009,100.00000000000642,100.000000000161,100.00000000197494,100.00000001466516,100.0000000755719,100.00000029607835,100.00000093941924,100.00000252525618,100.00000594434509,100.00001256102114,100.00002428324593,100.00004358740193,100.000073494285,100.0001175008735,100.00017947788717,100.00026354562105,100.00037394055958
-0.11711999999999999,100.0,100.0,100.0,100.0,100.0000000000001,100.00000000000688,100.00000000017019,100.00000000206721,100.00000001523502,100.00000007804789,100.00000030435545,100.00000096206351,100.00000257822636,100.00000605373984,100.00001276530418,100.00002463451857,100.00004415150536,100.00007434973747,100.00011873682035,100.00018119134299,100.00026583831533,100.0003769156777
-0.11687999999999998,100.0,100.0,100.0,100.0,100.0000000000001,100.00000000000739,100.00000000018039,100.00000000216933,100.0000000158637,100.00000008077294,100.00000031344858,100.00000098690487,100.0000026362704,100.00000617350406,100.00001298878473,100.00002501856564,100.00004476792367,100.00007528411899,100.00012008630466,100.00018306160975,100.0002683401477,100.00038016141453
-0.11664,100.0,100.0,100.0,100.0,100.00000000000011,100.00000000000796,100.00000000019169,100.00000000228177,100.00000001655356,100.0000000837555,100.00000032338144,100.00000101399873,100.00000269950064,100.00000630384116,100.00001323179916,100.00002543590399,100.00004543740447,100.0000762984583,100.00012155068407,100.00018509041693,100.00027105325638,100.00038368034673
-0.11639999999999999,100.0,100.0,100.0,100.0,100.00000000000013,100.00000000000858,100.00000000020414,100.00000000240505,100.00000001730716,100.00000008700472,100.00000033417977,100.00000104340516,100.00000276803857,100.00000644497052,100.00001349470952,100.00002588708882,100.00004616074942,100.00007739385643,100.00012313140884,100.00018727960868,100.00027397991718,100.00038747521195
-0.11615999999999999,100.0,100.0,100.0,100.0,100.00000000000014,100.00000000000928,100.00000000021781,100.00000000253974,100.0000000181273,100.00000009053058,100.00000034587143,100.00000107518902,100.00000284201498,100.00000659712802,100.00001377790429,100.00002637271481,100.00004693881563,100.00007857148864,100.00012483002448,100.00018963114707,100.00027712254759,100.0003915489136
-0.11592,100.0,100.0,100.0,100.0,100.00000000000016,100.00000000001005,100.00000000023277,100.00000000268643,100.000000019017,100.00000009434385,100.00000035848647,100.00000110942005,100.00000292157038,100.00000676056644,100.00001408179915,100.00002689341724,100.00004777251733,100.00007983260653,100.00012664817447,100.00019214711551,100.00028048371097,100.00039590452596
-0.11567999999999999,100.0,100.0,100.0,100.0,100.00000000000017,100.00000000001089,100.00000000024914,100.00000000284582,100.00000001997952,100.00000009845613,100.00000037205724,100.00000114617318,100.00000300685528,100.0000069355561,100.00001440683786,100.0000274498732,100.00004866282748,100.00008117854028,100.00012858760314,100.0001948297224,100.00028406612091,100.00040054529946
-0.11543999999999999,100.0,100.0,100.0,100.0,100.00000000000018,100.00000000001182,100.00000000026698,100.00000000301861,100.00000002101845,100.00000010287995,100.00000038661844,100.0000011855286,100.00000309803053,100.00000712238541,100.0000147534931,100.00002804280288,100.00004961077954,100.00008261070103,100.0001306501587,100.00019768130483,100.00028787264593,100.00040547466621
-0.1152,100.0,100.0,100.0,100.0,100.00000000000021,100.00000000001285,100.00000000028642,100.00000000320561,100.0000000221376,100.00000010762876,100.00000040220725,100.00000122757206,100.0000031952677,100.00000732136147,100.00001512226738,100.0000286729709,100.0000506174694,100.00008413058328,100.00013283779631,100.00020070433254,100.00029190631417,100.0004106962457
-0.11495999999999999,100.0,100.0,100.0,100.0,100.00000000000023,100.00000000001397,100.00000000030755,100.00000000340765,100.00000002334104,100.00000011271695,100.00000041886344,100.000001272395,100.0000032987495,100.00000753281071,100.00001551369415,100.00002934118783,100.00005168405733,100.0000857397676,100.00013515258163,100.00020390141219,100.00029617031862,100.00041621385088
-0.11471999999999999,100.0,100.0,100.0,100.0,100.00000000000026,100.00000000001519,100.0000000003305,100.00000000362567,100.00000002463325,100.00000011815997,100.00000043662946,100.00000132009488,100.0000034086702,100.00000775707966,100.00001592833878,100.00003004831167,100.00005281177009,100.00008743992342,100.00013759669422,100.00020727529164,100.00030066802228,100.00042203149451
-0.11447999999999998,100.0,100.0,100.0,100.0,100.00000000000028,100.00000000001654,100.0000000003554,100.00000000386063,100.00000002601895,100.00000012397433,100.00000045555063,100.00000137077537,100.00000352523604,100.00000799453566,100.0000163667998,100.00003079524954,100.00005400190324,100.0000892328119,100.0001401724313,100.00021082886467,100.00030540296387,100.00042815339567
-0.11424,100.0,100.0,100.0,100.0,100.00000000000031,100.00000000001802,100.0000000003824,100.00000000411362,100.00000002750323,100.00000013017768,100.00000047567518,100.00000142454665,100.00000364866582,100.00000824556768,100.00001682971002,100.00003158295945,100.00005525582348,100.00009112028916,100.00014288221182,100.00021456517582,100.0003103788637,100.0004345839869
-0.11399999999999999,100.0,100.0,100.0,100.0,100.00000000000034,100.00000000001963,100.00000000041165,100.00000000438578,100.00000002909155,100.00000013678884,100.00000049705446,100.00000148152571,100.00000377919137,100.0000085105872,100.00001731773797,100.0000324124521,100.0000565749712,100.00009310430954,100.00014572858056,100.00021848742564,100.00031559962993,100.00044132792144
-0.11375999999999999,100.0,100.0,100.0,100.0,100.00000000000038,100.00000000002139,100.00000000044331,100.00000000467834,100.00000003078975,100.00000014382793,100.00000051974307,100.00000154183667,100.00000391705811,100.00000879002907,100.00001783158918,100.00003328479298,100.00005796086322,100.00009518692919,100.00014871421267,100.0002225989761,100.00032106936504,100.00044839008096
-0.11352,100.0,100.0,100.0,100.0,100.00000000000041,100.00000000002332,100.00000000047758,100.00000000499266,100.00000003260409,100.00000015131637,100.00000054379908,100.00000160561105,100.0000040625257,100.00000908435263,100.00001837200776,100.00003420110438,100.00005941509563,100.00009737030975,100.00015184191837,100.00022690335639,100.00032679237295,100.00045577558379
-0.11327999999999999,100.0,100.0,100.0,100.0,100.00000000000045,100.00000000002542,100.00000000051465,100.00000000533015,100.00000003454127,100.00000015927698,100.0000005692841,100.00000167298825,100.00000421586867,100.00000939404264,100.00001893977797,100.00003516256778,100.00006093934694,100.00009965672244,100.00015511464795,100.00023140426914,100.00033277316615,100.00046348979343
-0.11303999999999999,100.0,100.0,100.0,100.0,100.00000000000051,100.00000000002771,100.00000000055473,100.00000000569234,100.00000003660845,100.00000016773409,100.00000059626362,100.00000174411588,100.0000043773771,100.00000971961049,100.00001953572593,100.0000361704262,100.00006253538123,100.00010204855222,100.0001585354971,100.00023610559683,100.00033901647362,100.00047153832767
-0.11279999999999998,100.0,100.0,100.0,100.0,100.00000000000057,100.00000000003023,100.00000000059808,100.00000000608092,100.00000003881328,100.00000017671357,100.00000062480709,100.00000181915017,100.00000454735738,100.0000100615954,100.00002016072143,100.00003722598679,100.00006420505174,100.00010454830235,100.00016210771265,100.00024101140872,100.00034552724898,100.00047992706817
-0.11256,100.0,100.0,100.0,100.0,100.00000000000063,100.00000000003297,100.0000000006449,100.00000000649764,100.00000004116394,100.00000018624301,100.00000065498821,100.00000189825644,100.00000472613306,100.0000104205657,100.0000208156799,100.00003833062358,100.00006595030453,100.00010715859912,100.00016583469841,100.00024612596816,100.00035231067916,100.00048866217057
-0.11231999999999999,100.0,100.0,100.0,100.0,100.0000000000007,100.00000000003595,100.00000000069551,100.00000000694445,100.0000000436692,100.00000019635175,100.00000068688517,100.0000019816096,100.00000491404563,100.00001079712021,100.00002150156449,100.00003948578046,100.0000677731824,100.000109882197,100.00016972002159,100.00025145374022,100.00035937219349,100.00049775007503
-0.11207999999999999,100.0,100.0,100.0,100.0,100.00000000000077,100.00000000003922,100.00000000075018,100.00000000742337,100.0000000463384,100.00000020707101,100.00000072058087,100.00000206939455,100.0000051114554,100.0000111918895,100.0000222193878,100.00004069297349,100.00006967582799,100.0001127219824,100.00017376741734,100.00025699939697,100.00036671746955,100.00050719751266
-0.11184,100.0,100.0,100.0,100.0,100.00000000000085,100.00000000004279,100.00000000080922,100.00000000793662,100.00000004918152,100.00000021843397,100.00000075616315,100.00000216180669,100.00000531874207,100.00001160553694,100.00002297021335,100.00004195379277,100.00007166048594,100.00011568097605,100.00017798079121,100.00026276781979,100.0003743524353,100.00051701150716
-0.11159999999999999,100.0,100.0,100.0,100.0,100.00000000000094,100.00000000004668,100.000000000873,100.00000000848658,100.00000005220924,100.00000023047595,100.000000793725,100.00000225905225,100.00000553630558,100.00001203875969,100.00002375515699,100.00004326990424,100.00007372950498,100.00011876233535,100.00018236422144,100.0002687641017,100.000382283271,100.00052719937608
-0.11135999999999999,100.0,100.0,100.0,100.0,100.00000000000104,100.00000000005092,100.0000000009419,100.0000000090758,100.00000005543295,100.00000024323438,100.00000083336485,100.00000236134888,100.00000576456677,100.00001249228987,100.0000245753884,100.0000446430515,100.00007588534004,100.00012196935658,100.00018692196147,100.00027499354954,100.00039051641097,100.00053776873213
-0.11112,100.0,100.0,100.0,100.0,100.00000000000115,100.00000000005555,100.00000000101628,100.00000000970702,100.00000005886477,100.00000025674909,100.00000087518679,100.00000246892593,100.00000600396815,100.0000129668956,100.00002543213249,100.00004607505761,100.00007813055446,100.00012530547743,100.00019165844213,100.00028146168607,100.00039905854544,100.00054872748424
-0.11087999999999999,100.0,100.0,100.0,100.0,100.00000000000128,100.00000000006061,100.00000000109662,100.00000001038318,100.00000006251767,100.00000027106229,100.00000091930083,100.00000258202513,100.0000062549747,100.00001346338222,100.00002632667108,100.00004756782707,100.00008046782204,100.00012877427905,100.00019657827404,100.00028817425208,100.0004079166221,100.00056008383848
-0.11063999999999999,100.0,100.0,100.0,100.0,100.0000000000014,100.00000000006614,100.00000000118338,100.00000001110742,100.00000006640545,100.00000028621876,100.00000096582322,100.00000270090099,100.00000651807473,100.00001398259337,100.00002726034424,100.00004912334761,100.0000828999293,100.00013237948852,100.00020168624971,100.00029513720837,100.00041709784752,100.00057184629878
-0.11039999999999998,100.0,100.0,100.0,100.00000000000001,100.00000000000156,100.00000000007216,100.00000000127707,100.0000000118831,100.00000007054282,100.00000030226599,100.00000101487667,100.00000282582131,100.00000679378054,100.00001452541227,100.00002823455202,100.00005074369207,100.00008542977747,100.00013612498094,100.00020698734575,100.00030235673745,100.00042660968849,100.00058402366737
-0.11016,100.0,100.0,100.0,100.00000000000001,100.00000000000173,100.00000000007874,100.00000000137824,100.00000001271388,100.00000007494545,100.00000031925428,100.00000106659068,100.00000295706774,100.00000708262944,100.00001509276277,100.00002925075587,100.00005243102034,100.00008806038468,100.0001400147816,100.00021248672479,100.00030983924529,100.00043645987294,100.00059662504492
-0.10991999999999999,100.0,100.0,100.0,100.00000000000001,100.00000000000192,100.00000000008592,100.00000000148748,100.00000001360361,100.00000007963,100.00000033723694,100.00000112110186,100.00000309493629,100.0000073851845,100.00001568561069,100.00003031048027,100.0000541875811,100.00009079488785,100.00014405306801,100.00021818973738,100.00031759136259,100.00044665639074,100.00060965983032
-0.10967999999999999,100.0,100.0,100.0,100.00000000000001,100.00000000000212,100.00000000009375,100.00000000160546,100.00000001455646,100.00000008461424,100.00000035627039,100.0000011785542,100.00000323973798,100.00000770203543,100.00001630496496,100.00003141531421,100.00005601571368,100.00009363654475,100.00014824417175,100.00022410192358,100.0003256199461,100.00045720749405,100.0006231377201
-0.10944,100.0,100.0,100.0,100.00000000000001,100.00000000000234,100.0000000001023,100.00000000173284,100.00000001557687,100.00000008991705,100.00000037641433,100.00000123909943,100.00000339179925,100.00000803379949,100.00001695187885,100.00003256691275,100.00005791784983,100.00009658873576,100.00015259258035,100.00023022901448,100.00033393207937,100.00046812169748,100.00063706870736
-0.10919999999999999,100.0,100.0,100.0,100.00000000000001,100.0000000000026,100.00000000011164,100.00000000187042,100.0000000166696,100.00000009555853,100.00000039773192,100.00000130289736,100.00000355146271,100.0000083811223,100.00001762745116,100.0000337669985,100.00005989651534,100.00009965496567,100.00015710293876,100.00023657693335,100.00034253507341,100.00047940777758,100.00065146308027
-0.10895999999999999,100.0,100.0,100.0,100.00000000000001,100.00000000000287,100.00000000012183,100.00000000201896,100.00000001783977,100.00000010156002,100.00000042028995,100.00000137011615,100.00000371908756,100.00000874467881,100.00001833282738,100.00003501736309,100.00006195433173,100.00010283886527,100.00016178005086,100.00024315179665,100.0003514364669,100.00049107477221,100.00066633141992
-0.10872,100.0,100.0,100.0,100.00000000000001,100.00000000000318,100.00000000013296,100.00000000217938,100.00000001909281,100.00000010794419,100.00000044415897,100.00000144093276,100.00000389505033,100.00000912517409,100.00001906920093,100.00003631986854,100.00006409401774,100.00010614419286,100.00016662888059,100.00024995991465,100.00036064402593,100.00050313197916,100.0006816845977
-0.10848,100.0,100.0,100.0,100.00000000000001,100.00000000000352,100.0000000001451,100.00000000235258,100.00000002043457,100.00000011473516,100.00000046941351,100.00000151553321,100.00000407974532,100.00000952334426,100.00001983781428,100.00003767644866,100.00006631839075,100.00010957483549,100.00017165455289,100.00025700779169,100.00037016574346,100.0005155889543,100.0006975337719
-0.10823999999999999,100.0,100.0,100.0,100.00000000000003,100.0000000000039,100.00000000015837,100.00000000253961,100.00000002187127,100.00000012195848,100.00000049613226,100.00000159411299,100.00000427358538,100.00000993995737,100.00002063996003,100.00003908911027,100.00006863036812,100.00011313481009,100.00017686235438,100.00026430212615,100.00038000983824,100.00052845550921,100.00071389038375
-0.10799999999999998,100.0,100.0,100.0,100.00000000000003,100.00000000000432,100.00000000017283,100.00000000274156,100.00000002340958,100.0000001296413,100.00000052439823,100.0000016768774,100.00000447700228,100.00001037581416,100.00002147698198,100.00004055993446,100.00007103296824,100.00011682826438,100.00018225773368,100.00027184981002,100.00039018475309,100.0005417417081,100.00073076615256
-0.10776,100.0,100.0,100.0,100.00000000000003,100.00000000000477,100.00000000018862,100.00000000295961,100.00000002505661,100.00000013781239,100.00000055429896,100.00000176404195,100.00000469044753,100.000010831749,100.00002235027623,100.0000420910776,100.0000735293116,100.00012065947745,100.00018784630147,100.00027965792785,100.00040069915279,100.00055545786404,100.00074817307012
-0.10751999999999999,100.0,100.0,100.0,100.00000000000003,100.00000000000529,100.00000000020586,100.00000000319503,100.00000002681995,100.00000014650226,100.00000058592671,100.00000185583265,100.00000491439279,100.00001130863059,100.000023261292,100.00004368477241,100.0000761226216,100.00012463286015,100.00019363383004,100.0002877337554,100.00041156192125,100.00056961453441,100.0007661233942
-0.10727999999999999,100.0,100.0,100.0,100.00000000000004,100.00000000000585,100.00000000022467,100.00000000344917,100.00000002870767,100.00000015574321,100.00000061937868,100.00000195248649,100.00000514933052,100.00001180736282,100.00002421153269,100.00004534332881,100.00007881622521,100.00012875295538,100.00019962625281,100.00029608475798,100.0004227821584,100.00058422251614,100.00078462964164
-0.10704,100.0,100.0,100.0,100.00000000000004,100.0000000000065,100.00000000024521,100.00000000372354,100.00000003072844,100.00000016556949,100.00000065475719,100.00000205425177,100.00000539577476,100.00001232888586,100.00002520255727,100.00004706913575,100.00008161355504,100.0001330244402,100.0002058296665,100.00030471859245,100.00043436918196,100.00059929284697,100.00080370458922
-0.10679999999999999,100.0,100.0,100.0,100.00000000000004,100.00000000000718,100.0000000002676,100.0000000040197,100.00000003289145,100.0000001760173,100.00000069216998,100.00000216138872,100.00000565426197,100.00001287417751,100.00002623598232,100.00004886466392,100.00008451815273,100.00013745212998,100.00021225033595,100.00031364311282,100.00044633253361,100.00061483681233,100.00082336128106
-0.10655999999999999,100.0,100.0,100.0,100.00000000000006,100.00000000000796,100.00000000029206,100.00000000433936,100.00000003520654,100.00000018712504,100.0000007317305,100.00000227417003,100.00000592535203,100.00001344425478,100.00002731348414,100.00005073246852,100.0000875336725,100.00014204098265,100.0002188946991,100.00032286637585,100.00045868198546,100.00063086595247,100.00084361303655
-0.10631999999999998,100.0,100.0,100.0,100.00000000000006,100.00000000000881,100.00000000031872,100.00000000468435,100.00000003768415,100.00000019893332,100.00000077355817,100.0000023928814,100.00000620962925,100.00001404017534,100.00002843680089,100.00005267519211,100.00009066388476,100.00014679610315,100.00022576937221,100.00033239664715,100.00047142754677,100.00064739207002,100.00086447345858
-0.10608,100.0,100.0,100.0,100.00000000000007,100.00000000000975,100.00000000034781,100.00000000505663,100.00000004033545,100.00000021148517,100.00000081777874,100.0000025178222,100.0000065077034,100.00001466303924,100.00002960773494,100.00005469556777,100.00009391268001,100.00015172274809,100.0002328811554,100.00034224240746,100.00048457947108,100.0006644272378,100.00088595644225
-0.10583999999999999,100.0,100.0,100.0,100.00000000000007,100.00000000001079,100.00000000037954,100.00000000545835,100.00000004317234,100.00000022482614,100.00000086452455,100.00000264930607,100.00000682021083,100.00001531399053,100.00003082815529,100.00005679642219,100.00009728407284,100.00015682633061,100.00024023703831,100.00035241235909,100.00049814826353,100.00068198380703,100.00090807618385
-0.10559999999999999,100.0,100.0,100.0,100.00000000000009,100.00000000001195,100.00000000041416,100.00000000589175,100.0000000462075,100.0000002390044,100.00000091393494,100.00000278766164,100.0000071478156,100.00001599421904,100.00003210000001,100.00005898067906,100.00010078220612,100.00016211242553,100.00024784420613,100.00036291543303,100.00051214468873,100.00070007441606,100.00093084719032
-0.10536,100.0,100.0,100.0,100.0000000000001,100.00000000001322,100.0000000004519,100.00000000635931,100.00000004945446,100.000000254071,100.00000096615653,100.00000293323322,100.00000749121072,100.00001670496229,100.00003342527893,100.00006125136254,100.00010441135542,100.0001675867746,100.00025571004586,100.00037376079594,100.00052657977876,100.00071871199923,100.00095428428921
-0.10511999999999999,100.0,100.0,100.0,100.00000000000011,100.00000000001464,100.00000000049305,100.00000000686364,100.0000000529276,100.00000027007995,100.00000102134373,100.00000308638154,100.00000785111946,100.0000174475074,100.00003480607637,100.00006361160094,100.00010817593365,100.00017325529218,100.0002638421529,100.00038495785783,100.00054146484179,100.00073790979644,100.0009784026391
-0.10487999999999999,100.0,100.0,100.0,100.00000000000013,100.0000000000162,100.00000000053791,100.00000000740758,100.0000000566423,100.00000028708845,100.00000107965903,100.00000324748457,100.00000822829658,100.00001822319321,100.00003624455407,100.00006606463053,100.00011208049582,100.00017912407111,100.00027224833798,100.00039651627996,100.00055681147096,100.00075768136314,100.00100321774046
-0.10464,100.0,100.0,100.0,100.00000000000014,100.00000000001792,100.00000000058682,100.00000000799417,100.00000006061492,100.000000305157,100.00000114127349,100.00000341693833,100.00000862352988,100.00001903341233,100.0000377429542,100.0000686137996,100.00011612974427,100.00018519938881,100.0002809366344,100.00040844598323,100.00057263155384,100.00077804058064,100.0010287454472
-0.10439999999999999,100.0,100.0,100.0,100.00000000000016,100.00000000001984,100.00000000064011,100.00000000862669,100.00000006486289,100.0000003243497,100.00000120636714,100.00000359515775,100.00000903764159,100.0000198796135,100.00003930360262,100.00007126257267,100.00012032853382,100.00019148771385,100.00028991530567,100.00042075715686,100.00058893728232,100.00079900166723,100.00105500197871
-0.10415999999999999,100.0,100.0,100.0,100.00000000000017,100.00000000002194,100.00000000069821,100.00000000930862,100.00000006940479,100.00000034473433,100.00000127512958,100.00000378257769,100.00000947148997,100.00002076330397,100.00004092891214,100.00007401453497,100.0001246818776,100.00019799571271,100.00029919285356,100.00043346026776,100.00060574116296,100.0008205791897,100.00108200393254
-0.10391999999999998,100.0,100.0,100.0,100.0000000000002,100.00000000002427,100.0000000007615,100.00000001004376,100.00000007426044,100.00000036638271,100.0000013477603,100.00000397965378,100.000009925971,100.00002168605195,100.00004262138616,100.00007687339712,100.00012919495276,100.000204730257,100.00030877802651,100.00044656607007,100.00062305602803,100.00084278807549,100.00110976829778
-0.10368,100.0,100.0,100.0,100.00000000000023,100.00000000002686,100.00000000083047,100.00000001083617,100.00000007945094,100.0000003893708,100.00000142446943,100.00000418686359,100.00001040202001,100.00002264948934,100.00004438362232,100.00007984300004,100.00013387310686,100.00021169843092,100.00031867982854,100.00046008561553,100.00064089504698,100.00086564362552,100.0011383124691
-0.10343999999999999,100.0,100.0,100.0,100.00000000000026,100.0000000000297,100.00000000090559,100.00000001169022,100.00000008499879,100.00000041377906,100.00000150547814,100.00000440470761,100.00001090061365,100.00002365531445,100.0000462183165,100.00008292732015,100.00013872186427,100.00021890753935,100.00032890752861,100.00047403026419,100.00065927173863,100.00088916152765,100.00116765426152
-0.10319999999999999,100.0,100.0,100.0,100.00000000000028,100.00000000003286,100.00000000098741,100.00000001261057,100.00000009092795,100.00000043969267,100.00000159101931,100.00000463371049,100.00001142277173,100.00002470529503,100.00004812826687,100.00008613047486,100.0001437469332,100.0002263651161,100.00033947067053,100.00048841169576,100.00067819998388,100.00091335787096,100.00119781192606
-0.10296,100.0,100.0,100.0,100.00000000000031,100.00000000003632,100.00000000107653,100.00000001360227,100.00000009726399,100.00000046720179,100.00000168133823,100.00000487442223,100.00001196955938,100.00002580127128,100.00005011637832,100.00008945672832,100.00014895421288,100.00023407893283,100.00035037908332,100.00050324192158,100.00069769403936,100.00093824916064,100.00122880416608
-0.10271999999999999,100.0,100.0,100.0,100.00000000000036,100.00000000004016,100.00000000117358,100.00000001467075,100.00000010403414,100.00000049640191,100.00000177669318,100.0000051274195,100.00001254208905,100.00002694515919,100.00005218566707,100.00009291049753,100.00015434980126,100.00024205700834,100.00036164289219,100.00051853329725,100.00071776855151,100.00096385233385,100.00126065015453
-0.10247999999999999,100.0,100.0,100.0,100.0000000000004,100.00000000004441,100.00000000127923,100.00000001582178,100.00000011126744,100.00000052739414,100.00000187735621,100.00000539330699,100.000013141523,100.00002813895404,100.00005433926549,100.00009649635874,100.00015994000317,100.00025030761834,100.00037327253017,100.00053429853597,100.0007384385717,100.00099018477631,100.00129336955233
-0.10224,100.0,100.0,100.0,100.00000000000045,100.00000000004908,100.00000000139427,100.00000001706167,100.00000011899482,100.00000056028556,100.00000198361394,100.00000567271884,100.00001376907557,100.00002938473393,100.00005658042717,100.00010021905415,100.0001657313386,100.00025883930574,100.00038527874997,100.0005505507221,100.00075971957146,100.0010172643393,100.00132698252668
-0.102,100.0,100.0,100.0,100.00000000000051,100.00000000005426,100.0000000015195,100.0000000183971,100.00000012724928,100.00000059518958,100.00000209576824,100.00000596632015,100.0000144260155,100.00003068466332,100.00005891253163,100.00010408349783,100.00017173055008,100.00026766088904,100.00039767263367,100.00056730332192,100.00078162745406,100.00104510935175,100.00136150976381
-0.10175999999999999,100.0,100.0,100.0,100.00000000000058,100.00000000005996,100.00000000165579,100.00000001983533,100.00000013606598,100.00000063222627,100.00000221413708,100.0000062748083,100.00001511366835,100.0000320409962,100.00006133908869,100.00010809478134,100.00017794460919,100.0002767814699,100.00041046560096,100.00058457019242,100.00080417856364,100.00107373862961,100.00139697247826
-0.10151999999999999,100.0,100.0,100.0,100.00000000000065,100.00000000006627,100.00000000180414,100.00000002138408,100.00000014548242,100.0000006715228,100.00000233905536,100.00000659891452,100.00001583341874,100.0000334560797,100.00006386374312,100.00011225817943,100.00018438072347,100.00028621044093,100.00042366941769,100.00060236559025,100.00082738969446,100.00110317148517,100.00143339242199
-0.10128,100.0,100.0,100.0,100.00000000000074,100.00000000007321,100.00000000196557,100.00000002305173,100.0000001555385,100.00000071321375,100.00000247087569,100.00000693940545,100.00001658671289,100.00003493235751,100.0000664902793,100.0001165791559,100.00019104634328,100.00029595749348,100.00043729620438,100.0006207041809,100.00085127810036,100.0011334277365,100.00147079189377
-0.10103999999999999,100.0,100.0,100.0,100.00000000000082,100.00000000008087,100.00000000214122,100.00000002484721,100.00000016627682,100.00000075744164,100.0000026099694,100.00000729708471,100.00001737506116,100.0000364723736,100.0000692226261,100.0001210633697,100.00019794916899,100.00030603262574,100.00045135844509,100.00063960104792,100.00087586150424,100.00116452771711,100.00150919374862
-0.10079999999999999,100.0,100.0,100.0,100.00000000000094,100.00000000008934,100.00000000233234,100.00000002678016,100.00000017774268,100.00000080435727,100.00000275672743,100.0000076727946,100.00001820004081,100.00003807877606,100.00007206486191,100.0001257166811,100.00020509715826,100.00031644615099,100.00046586899626,100.00065907170237,100.00090115810777,100.00119649228549,100.0015486214072
-0.10056,100.0,100.0,100.0,100.00000000000105,100.00000000009868,100.00000000254025,100.00000002886091,100.00000018998439,100.00000085412026,100.00000291156128,100.00000806741795,100.00001906329862,100.000039754321,100.00007502121984,100.00013054515804,100.00021249853349,100.00032720870593,100.0004808410959,100.00067913209237,100.00092718660113,100.00122934283495,100.00158909886535
-0.10031999999999999,100.0,100.0,100.0,100.00000000000118,100.00000000010898,100.00000000276641,100.00000003110056,100.00000020305339,100.00000090689954,100.00000307490416,100.00000848187986,100.00001996655388,100.00004150187658,100.00007809609299,100.00013555508274,100.0002201617895,100.0003383312593,100.00049628837279,100.00069979861279,100.00095396617289,100.00126310130346,100.00163065070367
-0.10007999999999999,100.0,100.0,100.0,100.00000000000134,100.00000000012034,100.0000000030124,100.00000003351103,100.00000021700448,100.00000096287386,100.00000324721194,100.00000891714967,100.00002091160131,100.00004332442734,100.00008129403992,100.00014075295837,100.0002280957014,100.00034982512061,100.0005122248559,100.00072108811507,100.00098151652,100.0012977901835,100.00167330209719
-0.09983999999999998,100.0,100.0,100.0,100.00000000000149,100.00000000013287,100.00000000327992,100.00000003610512,100.00000023189602,100.00000102223227,100.00000342896439,100.00000937424295,100.00002190031422,100.00004522507835,100.00008461979034,100.00014614551598,100.00023630933246,100.000361701949,100.00052866498396,100.00074301791719,100.00100985785791,100.00133343253208,100.00171707882484
-0.0996,100.0,100.0,100.0,100.00000000000169,100.00000000014668,100.00000000357085,100.00000003889657,100.00000024779011,100.00000108517483,100.00000362066636,100.00000985422355,100.00002293464762,100.00004720705986,100.00008807825091,100.00015173972152,100.0002448120424,100.00037397376238,100.00054562361515,100.00076560581375,100.00103901093071,100.00137005198076,100.0017620072793
-0.09935999999999999,100.0,100.0,100.0,100.00000000000189,100.00000000016192,100.00000000388718,100.00000004190014,100.00000026475293,100.00000115191314,100.00000382284898,100.00001035820583,100.0000240166416,100.00004927373185,100.00009167451114,100.00015754278304,100.00025361349566,100.00038665294656,100.000563116037,100.00078887008614,100.0010689970214,100.00140767274571,100.00180811447657
-0.09911999999999999,100.0,100.0,100.0,100.00000000000213,100.00000000017872,100.00000000423111,100.00000004513163,100.00000028285486,100.00000122267095,100.00000403607098,100.00001088735684,100.00002514842478,100.00005142858873,100.00009541384956,100.00016356215824,100.00026272367,100.00039975226477,100.00058115797631,100.00081282951288,100.00109983796229,100.00144631963786,100.00185542806567
-0.09888,100.0,100.0,100.0,100.0000000000024,100.00000000019723,100.000000004605,100.00000004860804,100.00000030217087,100.0000012976849,100.00000426092008,100.00001144289871,100.00002633221781,100.00005367526444,100.00009930174006,100.00016980556191,100.00027215286512,100.0004132848671,100.00059976560935,100.00083750338,100.00113155614527,100.00148601807304,100.00190397633827
-0.09863999999999999,100.0,100.0,100.0,100.0000000000027,100.00000000021764,100.00000000501143,100.00000005234762,100.00000032278074,100.00000137720521,100.00000449801438,100.00001202611108,100.00002757033715,100.00005601753735,100.0001033438583,100.00017628097376,100.00028191171155,100.00042726430027,100.00061895557205,100.0008629114916,100.00116417453248,100.00152679408214,100.00195378823838
-0.09839999999999999,100.0,100.0,100.0,100.00000000000304,100.00000000024014,100.00000000545316,100.00000005636987,100.00000034476932,100.00000146149638,100.00000474800386,100.00001263833363,100.00002886519877,100.00005845933553,100.00010754608836,100.00018299664639,100.00029201117971,100.0004417045175,100.00063874497047,100.00088907418036,100.00119771666664,100.00156867432128,100.00200489337189
-0.09816,100.0,100.0,100.0,100.00000000000341,100.00000000026492,100.00000000593325,100.00000006069581,100.00000036822694,100.00000155083804,100.00000501157197,100.00001328096867,100.00003021932221,100.00006100474224,100.00011191452955,100.00018996111332,100.00030246258908,100.00045661988848,100.00065915139125,100.00091601231836,100.00123220668176,100.001611686082,100.00205732201619
-0.09792,100.0,100.0,100.0,100.00000000000384,100.00000000029223,100.00000000645493,100.00000006534792,100.00000039324966,100.0000016455257,100.00000528943718,100.00001395548398,100.0000316353346,100.00006365800128,100.00011645550347,100.00019718319741,100.00031327761762,100.00047202520958,100.00068019291223,100.0009437473277,100.00126766931365,100.00165585730146,100.00211110512961
-0.09767999999999999,100.0,100.0,100.0,100.00000000000432,100.00000000032232,100.00000000702175,100.00000007035031,100.0000004199397,100.00000174587169,100.00000558235475,100.00001466341554,100.00003311597487,100.0000664235229,100.00012117556106,100.00020467201921,100.00032446831125,100.00048793571406,100.0007018881132,100.00097230119144,100.00130412991055,100.00170121657246,100.00216627436089
-0.09743999999999998,100.0,100.0,100.00000000000001,100.00000000000485,100.00000000035546,100.00000000763758,100.00000007572885,100.00000044840571,100.00000185220597,100.00000589111845,100.00001540637055,100.00003466409815,100.00006930588951,100.00012608149005,100.0002124370057,100.00033604709361,100.00050436708264,100.00072425608674,100.0010016964644,100.00134161444383,100.00174779315368,100.00222286205846
-0.0972,100.0,100.0,100.00000000000001,100.00000000000546,100.00000000039196,100.00000000830656,100.00000008151127,100.00000047876328,100.0000019648772,100.00000621656243,100.00001618603046,100.00003628268027,100.00007230986185,100.00013118032241,100.00022048789914,100.00034802677597,100.00052133545405,100.00074731644924,100.00103195628432,100.0013801495187,100.00179561697983,100.00228090127995
-0.09695999999999999,100.0,100.0,100.00000000000001,100.00000000000612,100.00000000043215,100.0000000090332,100.0000000877273,100.00000051113528,100.00000208425362,100.00000655956318,100.00001700415424,100.00003797482249,100.00007544038529,100.00013647934246,100.00022883476647,100.0003604205678,100.00053885743658,100.00077108935291,100.00106310438406,100.00141976238643,100.00184471867355,100.00234042580345
-0.09671999999999999,100.0,100.0,100.00000000000001,100.00000000000688,100.00000000047642,100.00000000982239,100.00000009440879,100.00000054565234,100.00000221072425,100.00000692104155,100.00001786258174,100.00003974375653,100.0000787025966,100.00014198609509,100.00023748800919,100.00037324208793,100.00055695012004,100.00079559549847,100.0010951651045,100.00146048095722,100.00189512955785,100.00240147013952
-0.09648,100.0,100.0,100.00000000000001,100.00000000000773,100.00000000052516,100.0000000106794,100.00000010158985,100.00000058245332,100.00000234469985,100.00000730196491,100.00001876323716,100.00004159284964,100.0000821018307,100.0001477083944,100.00024645837343,100.00038650537581,100.00057563108805,100.00082085614791,100.0011281634076,100.00150233381311,100.00194688166886,100.00246406954324
-0.09623999999999999,100.0,100.0,100.00000000000001,100.00000000000868,100.00000000057881,100.00000001160996,100.00000010930707,100.00000062168579,100.00000248661425,100.00000770334944,100.00001970813285,100.00004352561001,100.00008564362788,100.00015365433246,100.00025575696019,100.00040022490312,100.00059491843051,100.0008468931375,100.00116212488965,100.00154535022125,100.00200000776864,100.00252826002657
-0.09599999999999999,100.0,100.0,100.00000000000001,100.00000000000976,100.00000000063785,100.00000001262026,100.00000011759964,100.0000006635066,100.00000263692547,100.00000812626236,100.00002069937294,100.00004554569219,100.00008933374106,100.0001598322884,100.00026539523611,100.00041441558557,100.00061483075633,100.00087372889122,100.00119707579479,100.00158956014724,100.00205454135816,100.00259407837062
-0.09576,100.0,100.0,100.00000000000003,100.00000000001096,100.00000000070285,100.00000001371701,100.0000001265095,100.0000007080824,100.0000027961171,100.00000857182442,100.00002173915745,100.00004765690292,100.00009317814335,100.00016625093774,100.0002753850442,100.00042909279509,100.00063538720653,100.00090138643412,100.00123304302872,100.00163499426866,100.00211051669038,100.00266156213817
-0.09552,100.0,100.0,100.00000000000003,100.0000000000123,100.00000000077436,100.00000001490747,100.00000013608164,100.00000075559022,100.00000296469959,100.00000904121255,100.00002282978629,100.00004986320698,100.00009718303585,100.00017291926191,100.00028573861508,100.00044427237218,100.00065660746736,100.00092988940627,100.00127005417252,100.00168168398876,100.0021679687835,100.00273074968618
-0.09527999999999999,100.0,100.0,100.00000000000003,100.00000000001381,100.00000000085305,100.00000001619946,100.00000014636417,100.00000080621817,100.00000314321171,100.00000953566237,100.00002397366363,100.00005216873333,100.00010135485572,100.00017984655824,100.0002964685783,100.00045997063857,100.00067851178397,100.00095926207655,100.00130813749688,100.00172966145043,100.00222693343437,100.00280168017846
-0.09503999999999999,100.0,100.0,100.00000000000003,100.0000000000155,100.0000000009396,100.00000001760152,100.00000015740864,100.00000086016603,100.00000333222208,100.00001005647107,100.0000251733023,100.00005457778144,100.00010570028446,100.00018704244994,100.0003075879742,100.00047620441022,100.00070112097411,100.00098952935708,100.00134732197625,100.00177895955012,100.00228744723202,100.00287439359849
-0.0948,100.0,100.0,100.00000000000004,100.0000000000174,100.0000000010348,100.0000000191228,100.00000016927022,100.00000091764595,100.0000035323307,100.00001060500031,100.00002643132842,100.00005709482791,100.00011022625645,100.00019451689658,100.00031911026579,100.00049299101046,100.00072445644221,100.00102071681762,100.00138763730357,100.00182961195222,100.00234954757127,100.00294893076216
-0.09455999999999999,100.0,100.0,100.00000000000004,100.00000000001951,100.00000000113951,100.00000002077324,100.00000018200798,100.00000097888322,100.00000374417064,100.00001118267923,100.00002775048617,100.0000597245332,100.00011493996779,100.00020228020485,100.00033104935108,100.00051034828361,100.00074854019375,100.00105285070022,100.00142911390476,100.0018816531033,100.00241327266649,100.00302533333077
-0.09431999999999999,100.0,100.0,100.00000000000006,100.0000000000219,100.00000000125465,100.0000000225636,100.00000019568513,100.00000104411708,100.00000396840979,100.00001179100762,100.00002913364283,100.00006247174866,100.00011984888536,100.00021034303941,100.00034341957569,100.00052829460869,100.00077339484979,100.00108595793431,100.00147178295383,100.00193511824676,100.00247866156555,100.00310364382409
-0.09408,100.0,100.0,100.00000000000006,100.00000000002456,100.00000000138124,100.00000002450548,100.00000021036934,100.00000111360146,100.00000420575259,100.00001243155926,100.00003058379393,100.00006534152386,100.0001249607562,100.00021871643429,100.00035623574571,100.00054684891356,100.00079904366181,100.00112006615178,100.00151567638791,100.00199004343754,100.00254575416383,100.00318390563338
-0.09383999999999999,100.0,100.0,100.00000000000007,100.00000000002754,100.00000000152039,100.00000002661143,100.00000022613295,100.00000118760589,100.0000044569421,100.00001310598533,100.00003210406862,100.00006833911401,100.00013028361717,100.00022741180445,100.00036951314097,100.00056603068934,100.00082551052698,100.00115520370247,100.00156082692261,100.00204646555694,100.00261459121833,100.00326616303464
-0.09359999999999999,100.0,100.0,100.00000000000009,100.00000000003088,100.00000000167334,100.00000002889503,100.00000024305342,100.00000126641646,100.00000472276186,100.00001381601804,100.00003369773526,100.0000714699878,100.00013582580486,100.00023644095765,100.00038326752843,100.00058586000509,100.0008528200034,100.00119139966984,100.00160726806756,100.0021044223277,100.00268521436192,100.00335046120178
-0.09336,100.0,100.0,100.00000000000009,100.00000000003463,100.00000000184143,100.00000003137093,100.00000026121354,100.00000135033673,100.00000500403809,100.00001456347432,100.00003536820725,100.0000747398354,100.00014159596586,100.0002458161067,100.00039751517616,100.00060635752274,100.00088099732592,100.00122868388685,100.00165503414208,100.00216395232916,100.00275766611773,100.00343684622004
-0.09312,100.0,100.0,100.0000000000001,100.00000000003882,100.00000000202611,100.00000003405499,100.00000028070191,100.00000143968879,100.00000530164183,100.00001535025984,100.00003711904895,100.00007815457676,100.00014760306723,100.00025554988201,100.00041227286735,100.00062754451247,100.00091006842202,100.00126708695218,100.00170416029118,100.00222509501262,100.0028319899136,100.00352536509928
-0.09287999999999999,100.0,100.0,100.00000000000013,100.00000000004351,100.00000000222902,100.00000003696431,100.00000030161324,100.00000153481433,100.00000561649134,100.000016178373,100.00003895398203,100.00008172037016,100.00015385640747,100.00026565534439,100.00042755791489,100.00064944286828,100.00094005992801,100.00130664024651,100.00175468250163,100.00228789071681,100.00290823009666,100.00361606578748
-0.09263999999999999,100.0,100.0,100.00000000000014,100.00000000004876,100.00000000245191,100.00000004011738,100.00000032404878,100.00000163607581,100.00000594955439,100.00001704990918,100.00004087689184,100.00008544362116,100.00016036562756,100.00027614599834,100.0004433881761,100.00067207512392,100.0009709992057,100.00134737594927,100.00180663761826,100.00235238068352,100.00298643194793,100.00370899718418
-0.0924,100.0,100.0,100.00000000000016,100.00000000005463,100.00000000269671,100.00000004353416,100.00000034811679,100.00000174385758,100.00000630185096,100.00001796706522,100.00004289183423,100.00008933099161,100.00016714072252,100.00028703580547,100.00045978206792,100.00069546446906,100.00100291435903,100.00138932705538,100.00186006336045,100.00241860707332,100.00306664169717,100.00380420915407
-0.09215999999999999,100.0,100.0,100.00000000000018,100.0000000000612,100.00000000296552,100.0000000472362,100.00000037393293,100.00000185856727,100.00000667445579,100.00001893214403,100.0000450030424,100.00009338940924,100.0001741920533,100.00029833919854,100.00047675858244,100.00071963476603,100.00103583425133,100.0014325273926,100.0019149983391,100.00248661298184,100.00314890653796,100.00390175254081
-0.09191999999999999,100.0,100.0,100.00000000000021,100.00000000006855,100.00000000326067,100.00000005124677,100.00000040162087,100.00000198063705,100.00000706850125,100.00001994755942,100.00004721493431,100.0000976260775,100.00018153035904,100.00031007109597,100.00049433730318,100.00074461056725,100.00106978852352,100.00147701163988,100.00197148207461,100.00255644245709,100.00323327464429,100.00400167918264
-0.09168,100.0,100.0,100.00000000000024,100.00000000007677,100.00000000358466,100.00000005559099,100.0000004313127,100.00000211052507,100.00000748518023,100.00002101584121,100.00004953212024,100.00010204848586,100.00018916677013,100.00032224691697,100.00051253842202,100.00077041713338,100.00110480761289,100.00152281534628,100.00202955501568,100.0026281405177,100.00331979518776,100.00410404192839
-0.09144,100.0,100.0,100.00000000000028,100.00000000008595,100.00000000394029,100.00000006029593,100.00000046314956,100.00000224871698,100.0000079257493,100.00002213964042,100.00005195941065,100.00010666442041,100.00019711282123,100.000334882597,100.00053138275635,100.00079708045173,100.00114092277222,100.00156997495033,100.00208925855829,100.00270175317122,100.0034085183551,100.00420889465386
-0.09119999999999999,100.0,100.0,100.00000000000033,100.00000000009622,100.00000000433054,100.00000006539088,100.0000004972822,100.0000023957275,100.0000083915319,100.00002332173493,100.00005450182441,100.00011148197494,100.00020538046506,100.00034799460369,100.00055089176686,100.00082462725521,100.00117816608936,100.00161852779968,100.00215063506514,100.00277732743287,100.00349949536583,100.00431629227842
-0.09095999999999999,100.0,100.0,100.00000000000037,100.0000000001077,100.00000000475876,100.00000007090733,100.00000053387164,100.00000255210209,100.00000888392178,100.00002456503512,100.00005716459731,100.0001165095622,100.00021398208645,100.00036159995328,100.00057108757568,100.00085308504173,100.0012165705072,100.00166851217121,100.00221372788528,100.0028549113445,100.00359277849032,100.00442629078177
-0.09072,100.0,100.0,100.00000000000043,100.00000000012052,100.00000000522853,100.00000007687936,100.00000057308984,100.0000027184187,100.00000940438647,100.00002587258987,100.00005995319088,100.00012175592579,100.00022293051677,100.00037571622738,100.00059199298501,100.00088248209393,100.00125616984413,100.00171996729154,100.0022785813743,100.00293455399392,100.00368842106802,100.004538947221
-0.09047999999999999,100.0,100.0,100.0000000000005,100.00000000013486,100.00000000574381,100.00000008334365,100.00000061512037,100.00000289528964,100.00000995447117,100.00002724759291,100.00006287330156,100.00012723015222,100.00023223904903,100.00039036159039,100.00061363149621,100.00091284749959,100.00129699881487,100.00177293335781,100.0023452409147,100.00301630553462,100.00378647752609,100.00465431974786
-0.09023999999999999,100.0,100.0,100.00000000000057,100.00000000015086,100.00000000630892,100.00000009033977,100.00000066015923,100.00000308336358,100.00001053580247,100.00002869338921,100.00006593087024,100.00013294168357,100.00024192145317,100.0004055548072,100.00063602732945,100.00094421117228,100.00133909305171,100.00182745155912,100.00241375293675,100.00310021720557,100.00388700339818,100.0047724676263
-0.09,100.0,100.0,100.00000000000065,100.00000000016874,100.00000000692857,100.00000009791037,100.00000070841567,100.0000032833275,100.00001115009263,100.00003021348189,100.00006913209211,100.00013890033051,100.00025199199204,100.00042131526158,100.00065920544377,100.0009766038726,100.00138248912641,100.00188356409807,100.00248416493963,100.00318634135171,100.00399005534355,100.00489345125024
-0.08975999999999999,100.0,100.0,100.00000000000075,100.0000000001887,100.00000000760792,100.00000010610148,100.00000076011295,100.00000349590903,100.00001179914373,100.00003181153919,100.0000724834269,100.00014511628571,100.00026246543779,100.0004376629749,100.00068319155763,100.00101005722999,100.00142722457223,100.001941314213,100.00255652551306,100.00327473144444,100.00409569116655,100.00501733216159
-0.08951999999999999,100.0,100.0,100.00000000000087,100.00000000021099,100.00000000835259,100.00000011496263,100.00000081548939,100.0000037218786,100.0000124848523,100.00003349140196,100.00007599160963,100.00015160013778,100.00027335708867,100.0004546186256,100.00070801217015,100.00104460376487,100.00147333790676,100.00200074620052,100.00263088435918,100.00336544210266,100.00420396983633,100.00514417306853
-0.08928,100.0,100.0,100.000000000001,100.00000000023586,100.0000000091687,100.00000012454727,100.0000008747992,100.00000396205193,100.0000132092139,100.00003525709128,100.00007966366151,100.0001583628857,100.0002846827866,100.0004722035689,100.0007336945827,100.00108027691144,100.00152086865499,100.00206190543852,100.002707292315,100.0034585291141,100.00431495150681,100.00527403786407
-0.08904,100.0,100.0,100.00000000000114,100.00000000026361,100.00000001006299,100.00000013491294,100.00000093831362,100.00000421729261,100.00001397432817,100.00003711281653,100.00008350690145,100.00016541595362,100.00029645893494,100.00049043985737,100.00076026692115,100.00111711104098,100.00156985737308,100.0021248384096,100.00278580137501,100.00355404945694,100.00442869753708,100.0054069916448
-0.08879999999999999,100.0,100.0,100.00000000000131,100.00000000029458,100.00000001104277,100.00000014612164,100.00000100632197,100.00000448851472,100.00001478240388,100.00003906298369,100.000087528958,100.0001727712063,100.00030870251713,100.00050935026186,100.0007877581586,100.00115514148563,100.00162034567239,100.00218959272497,100.00286646471454,100.00365206132194,100.004545270512,100.00554310073008
-0.08855999999999999,100.0,100.0,100.0000000000015,100.00000000032911,100.00000001211603,100.00000015824014,100.00000107913282,100.00000477668571,100.00001563576451,100.00004111220409,100.00009173778166,100.00018044096501,100.00032143111564,100.00052895829307,100.00081619813878,100.00119440456272,100.00167237624427,100.0022562171489,100.00294933671314,100.00375262413476,100.00466473426317,100.00568243268121
-0.08832,100.0,100.0,100.00000000000173,100.00000000036763,100.00000001329148,100.00000017134039,100.00000115707519,100.00000508282936,100.00001653685375,100.00004326530343,100.00009614165761,100.00018843802391,100.00033466293165,100.00054928822377,100.00084561759999,100.0012349375998,100.00172599288518,100.00232476162343,100.00303447297871,100.00385579857881,100.00478715389023,100.00582505632124
-0.08807999999999999,100.0,100.0,100.00000000000199,100.00000000041058,100.00000001457865,100.00000018549979,100.00000124049993,100.00000540802895,100.00001748824155,100.00004552733132,100.00010074921906,100.00019677566712,100.00034841680528,100.00057036511153,100.00087604819961,100.00127677896006,100.0017812405225,100.00239527729389,100.0031219303719,100.00396164661834,100.0049125957825,100.00597104175473
-0.08783999999999999,100.0,100.0,100.00000000000227,100.00000000045846,100.00000001598788,100.00000020080172,100.00000132978103,100.00000575343059,100.00001849263029,100.000047903571,100.000105569461,100.00020546768617,100.00036271223647,100.00059221482218,100.00090752253932,100.00131996806846,100.00183816524073,100.00246781653456,100.00321176703098,100.00407023152201,100.00504112764081,100.00612046038806
-0.0876,100.0,100.0,100.0000000000026,100.00000000051183,100.00000001753051,100.00000021733594,100.00000142531718,100.00000612024661,100.00001955286126,100.00005039954968,100.00011061175447,100.00021452839826,100.0003775694064,100.00061486405386,100.00094007419081,100.0013645454384,100.00189681430835,100.00254243297509,100.00330404239715,100.00418161788684,100.00517281849994,100.0062733849498
-0.08736,100.0,100.0,100.00000000000298,100.0000000005713,100.00000001921887,100.00000023519901,100.00000152753326,100.00000650975936,100.00002067192156,100.00005302104917,100.00011588586138,100.00022397266491,100.00039300919963,100.00063834036177,100.00097373772232,100.00141055269907,100.00195723620526,100.00261918152732,100.00339881724032,100.00429587166253,100.00530773875117,100.00642988951152
-0.08711999999999999,100.0,100.0,100.00000000000342,100.00000000063756,100.00000002106643,100.00000025449485,100.00000163688203,100.00000692332502,100.00002185295106,100.00005577411689,100.00012140194963,100.00023381591105,100.00040905322643,100.00066267218277,100.00100854872471,100.0014580326221,100.00201948064914,100.00269811841083,100.00349615368324,100.00441306017375,100.0054459601625,100.00659004950595
-0.08688,100.0,100.0,100.00000000000392,100.00000000071137,100.0000000230878,100.00000027533528,100.00000175384588,100.0000073623775,100.0000230992497,100.00005866507695,100.00012717060812,100.00024407414348,100.0004257238439,100.0006878888583,100.00104454383495,100.00150702914462,100.00208359861736,100.0027793011728,100.0035961152189,100.00453325213472,100.00558755589026,100.00675394173523
-0.08664,100.0,100.0,100.00000000000449,100.00000000079356,100.00000002529899,100.00000029784054,100.00000187893862,100.00000782843271,100.00002441428491,100.00006170054145,100.00013320286206,100.00025476396955,100.00044304417722,100.00071402065699,100.00108176075912,100.0015575873917,100.0021496423677,100.00286278870642,100.00369876672616,100.00465651766176,100.00573260048834,100.00692164437696
-0.08639999999999999,100.0,100.0,100.00000000000514,100.00000000088508,100.00000002771738,100.00000032213997,100.00000201270744,100.00000832309286,100.00002580169935,100.00006488742228,100.00013951018849,100.00026590261619,100.00046103814105,100.0007410987976,100.0011202382955,100.00160975369839,100.00221766545882,100.0029486412691,100.0038041744849,100.00478292828512,100.00588116991648,100.00709323698894
-0.08615999999999999,100.0,100.0,100.00000000000588,100.00000000098696,100.00000003036192,100.00000034837258,100.00000215573493,100.00000884805098,100.00002726531905,100.00006823294318,100.00014610453253,100.00027750794938,100.00047973046155,100.00076915547199,100.00116001635762,100.00166357563194,100.00228772277033,100.00303692049978,100.00391240619035,100.00491255695995,100.00603334154782,100.00726880051315
-0.08592,100.0,100.0,100.00000000000674,100.00000000110036,100.00000003325324,100.00000037668781,100.00000230864129,100.00000940509572,100.0000288091617,100.00007174465217,100.00015299832373,100.00028959849392,100.00049914669825,100.00079822386827,100.00120113599733,100.00171910201354,100.00235987052277,100.00312768943607,100.004023530967,100.00504547807657,100.00618919417545,100.00744841727862
-0.08567999999999999,100.0,100.0,100.00000000000772,100.00000000122654,100.00000003641382,100.00000040724623,100.00000247208648,100.00000999611636,100.00003043744543,100.00007543043456,100.00016020449297,100.00030219345359,100.00051931326654,100.00082833819418,100.00124363942784,100.0017763829401,100.00243416629672,100.00322101253069,100.00413761938147,100.0051817674698,100.00634880801792,100.00763217100331
-0.08543999999999999,100.0,100.0,100.00000000000882,100.00000000136691,100.00000003986808,100.00000044022038,100.00000264677274,100.00001062310793,100.0000321545977,100.00007929852602,100.00016773648979,100.00031531273166,100.00054025746022,100.00085953370045,100.00128757004664,100.00183546980551,100.002510669052,100.00331695566719,100.00425474345485,100.00532150242738,100.00651226472388,100.00782014679471
-0.0852,100.0,100.0,100.00000000001009,100.00000000152303,100.00000004364261,100.0000004757955,100.00000283344704,100.00001128817674,100.00003396526473,100.00008335752638,100.00017560829993,100.00032897695169,100.00056200747426,100.0008918467042,100.00133297245834,100.00189641532177,100.00258943914582,100.00341558617512,100.00437497667401,100.00546476169745,100.0066796473754,100.00801243114947
-0.08496,100.0,100.0,100.00000000001154,100.00000000169666,100.00000004776633,100.00000051417061,100.00000303290375,100.00001199354597,100.00003587432116,100.00008761641352,100.00018383446346,100.0003432074787,100.00058459242783,100.00092531461246,100.00137989249724,100.00195927353965,100.00267053835086,100.00351697284438,100.00449839400217,100.0056116254949,100.00685104049036,100.0082091119515
-0.08471999999999999,100.0,100.0,100.00000000001319,100.00000000188969,100.0000000522707,100.00000055555923,100.00000324598747,100.00001274156166,100.00003788687997,100.00009208455789,100.00019243009315,100.00035802644058,100.00060804238746,100.00095997594556,100.00142837724982,100.00202409986893,100.00275402987228,100.00362118593878,100.00462507188833,100.00576217550663,100.00702653002342,100.00841027846917
-0.08448,100.0,100.0,100.00000000001506,100.00000000210424,100.00000005718992,100.00000060019059,100.00000347359591,100.00001353469882,100.00004000830296,100.00009677173723,100.00020141089328,100.0003734567498,100.0006323883902,100.0009958703606,100.00147847507685,100.00209095109822,100.0028399783644,100.00372829720872,100.00475508827577,100.00591649489583,100.00720620336597,100.0086160213508
-0.08424,100.0,100.0,100.00000000001721,100.00000000234267,100.0000000625611,100.0000006483106,100.00000371668304,100.0000143755679,100.00004224421139,100.00010168815183,100.00021079317875,100.00038952212537,100.00065766246716,100.00103303867463,100.00153023563524,100.00215988541422,100.0029284499465,100.00383837990297,100.00488852260952,100.00607466830475,100.00739014934449,100.00882643261893
-0.08399999999999999,100.0,100.0,100.00000000001965,100.00000000260758,100.00000006842461,100.00000070018304,100.00000397626228,100.00001526692147,100.00004460049696,100.00010684444003,100.00022059389453,100.0004062471151,100.00068389766682,100.00107152288788,100.00158370989952,100.0022309624203,100.00301951221768,100.00395150877942,100.00502545584254,100.00623678185642,100.00757845821771,100.00904160566317
-0.08375999999999999,100.0,100.0,100.00000000002244,100.0000000029018,100.00000007482429,100.00000075609074,100.00000425341,100.00001621166112,100.00004708333337,100.00011225169416,100.00023083063549,100.00042365711786,100.0007111280785,100.00111136620669,100.00163895018288,100.0023042431546,100.00311323427117,100.00406776011486,100.00516597044076,100.00640292315491,100.00777122167231,100.00926163523144
-0.08352,100.0,100.00000000000001,100.00000000002562,100.00000000322854,100.00000008180773,100.0000008163369,100.000004549269,100.00001721284484,100.00004969918791,100.00011792147698,100.00024152166654,100.00044177840634,100.00073938885589,100.0011526130662,100.00169601015774,100.00237979010726,100.0032096867074,100.00418721171347,100.00531015038683,100.0065731812842,100.00796853281705,100.00948661741964
-0.08327999999999999,100.0,100.00000000000001,100.00000000002923,100.00000000359127,100.00000008942656,100.0000008812464,100.00000486505233,100.0000182736944,100.0000524548337,100.0001238658382,100.00025268594298,100.00046063814956,100.00076871624027,100.00119530915279,100.00175494487576,100.00245766723694,100.00330894164624,100.0043099429143,100.00545808118255,100.00674764680564,100.0081704861753,100.00971664965984
-0.08303999999999999,100.0,100.00000000000001,100.00000000003335,100.00000000399388,100.00000009773683,100.00000095116734,100.00000520204723,100.00001939760323,100.00005535736211,100.00013009733163,100.00026434313122,100.00048026443592,100.00079914758398,100.00123950142614,100.00181581078726,100.0025379399865,100.00341107273809,100.0044360345974,100.0056098498498,100.00692641175371,100.00837717767617,100.00995183070663
-0.0828,100.0,100.00000000000001,100.00000000003803,100.00000000444064,100.00000010679932,100.0000010264725,100.00000556161922,100.0000205881445,100.00005841419558,100.0001366290325,100.00027651362966,100.00050068629592,100.00083072137342,100.0012852381409,100.00187866576,100.00262067529768,100.00351615517391,100.00456556918853,100.00576554493001,100.0071095696304,100.00858870464361,100.01019226062179
-0.08256,100.0,100.00000000000001,100.00000000004337,100.00000000493623,100.00000011667994,100.00000110756099,100.0000059452164,100.00002184907952,100.00006163310081,100.00014347455519,100.00028921858986,100.00052193372524,100.000863477252,100.00133256886784,100.00194356909715,100.0027059416249,100.0036242656939,100.00469863066266,100.00592525648214,100.00729721539771,100.00880516578411,100.01043804075726
-0.08231999999999999,100.0,100.00000000000001,100.00000000004943,100.00000000548587,100.0000001274501,100.00000119485996,100.00000635437404,100.00002318436644,100.0000650222023,100.00015064807133,100.00030247993793,100.0005440377076,100.00089745604289,100.00138154451456,100.00201058155452,100.00279380894789,100.00373548259502,100.00483530454582,100.00608907607898,100.00748944546856,100.00902666117237,100.01068927373616
-0.08207999999999999,100.0,100.00000000000003,100.00000000005633,100.00000000609529,100.0000001391872,100.00000128882645,100.00000679071927,100.00002459816946,100.00006858999674,100.00015816432898,100.00031632039756,100.00056703024015,100.00093269977472,100.00143221735017,100.00207976536272,100.0028843487904,100.00384988574555,100.00497567792523,100.00625709681269,100.00768635770804,100.0092532922485,100.01094606344624
-0.08184,100.0,100.00000000000003,100.00000000006416,100.0000000067708,100.00000015197506,100.00000138994935,100.00000725597636,100.0000260948689,100.00007234536898,100.00016603867464,100.00033076351723,100.00059094436459,100.00096925171538,100.00148464104014,100.00215118426219,100.00297763425448,100.00396755661798,100.00511983948056,100.00642941332428,100.00788805146091,100.00948516184381,100.01120851506418
-0.08159999999999999,100.0,100.00000000000003,100.00000000007307,100.00000000751936,100.00000016590448,100.00000149875154,100.00000775197219,100.00002767907186,100.00007629760876,100.00017428707628,100.00034583369877,100.0006158142001,100.0010071564079,100.00153887068393,100.00222490354128,100.0030737400582,100.00408857832588,100.00526787951942,100.00660612183778,100.00809462758443,100.0097223742122,100.01147673508564
-0.08135999999999999,100.0,100.00000000000004,100.0000000000832,100.00000000834865,100.00000018107377,100.00000161579216,100.00000828064209,100.00002935562335,100.00008045642835,100.00018292614737,100.00036155622722,100.00064167497766,100.00104645970777,100.00159496285406,100.00230099007592,100.00317274257507,100.00421303566242,100.00541989001482,100.00678732019603,100.00830618848273,100.00996503506325,100.01175083135723
-0.08112,100.0,100.00000000000004,100.00000000009469,100.00000000926708,100.00000019758933,100.00000174166897,100.0000088440359,100.00003112961805,100.00008483198086,100.00019197317194,100.00037795730164,100.0006685630755,100.00108720882169,100.00165297563655,100.0023795123708,100.00327471987502,100.00434101514055,100.0055759646441,100.00697310789859,100.00852283814328,100.0102132515973,100.01203091311027
-0.08088,100.0,100.00000000000006,100.00000000010773,100.00000001028398,100.0000002155663,100.00000187702094,100.00000944432458,100.00003300641247,100.00008943487933,100.00020144613052,100.00039506406733,100.00069651605612,100.00112945234777,100.00171296867317,100.0024605406023,100.00337975176724,100.00447260503519,100.00573619882995,100.00716358614129,100.00874468217515,100.01046713254247,100.0123170909966
-0.08063999999999999,100.0,100.00000000000006,100.00000000012254,100.0000000114096,100.00000023512929,100.00000202253098,100.00001008380687,100.00003499163795,100.00009427621684,100.00021136372747,100.00041290464931,100.00072557270472,100.00117324031746,100.00177500320534,100.00254414666324,100.00348791984482,100.0046078954271,100.0059006897834,100.00735885785794,100.00897182784936,100.01072678819362,100.0126094771265
-0.0804,100.0,100.00000000000007,100.00000000013934,100.00000001265516,100.0000002564131,100.0000021789288,100.00001076491672,100.00003709121417,100.00009936758741,100.00022174541927,100.00043150818712,100.00075577306907,100.00121862423904,100.00183914211975,100.00263040420955,100.00359930753149,100.00474697824902,100.0060695365488,100.00755902776417,100.00920438414141,100.01099233045372,100.0129081851086
-0.08016,100.0,100.00000000000009,100.00000000015838,100.00000001403309,100.00000027956348,100.00000234699404,100.00001149023075,100.00003931136337,100.0001047211079,100.000232611444,100.00045090487123,100.00078715850125,100.00126565714301,100.00190544999604,100.00271938870885,100.00371400013029,100.00488994733385,100.00624284005103,100.00776420240345,100.00944246177605,100.01126387287717,100.01321333009219
-0.07991999999999999,100.0,100.00000000000011,100.00000000017998,100.000000015557,100.0000003047381,100.00000252755954,100.00001226247642,100.00004165862526,100.00011034944099,100.00024398285238,100.0004711259808,100.00081977170095,100.00131439362929,100.00197399315638,100.00281117749125,100.00383208487456,100.00503689846511,100.00642070314511,100.0079744901954,100.00968617327428,100.01154153071569,100.01352502881169
-0.07967999999999999,100.0,100.00000000000013,100.00000000020445,100.00000001724189,100.00000033210733,100.00000272151485,100.0000130845405,100.00004413987281,100.00011626581919,100.00025588153989,100.00049220392319,100.0008536567606,100.0013648899165,100.00204483971724,100.00290584980232,100.0039536509812,100.00518792942974,100.00660323066809,100.00819000148668,100.00993563300297,100.0118254209665,100.01384339963369
-0.07944,100.0,100.00000000000016,100.00000000023218,100.00000001910425,100.00000036185544,100.00000292980992,100.00001395947814,100.0000467623287,100.00012248406998,100.00026833028058,100.00051417227517,100.00088885921262,100.0014172038933,100.00211805964345,100.00300348685855,100.00407878970638,100.00534314007346,100.00679052949359,100.00841084860429,100.01019095722691,100.0121156624231,100.01416856260639
-0.07919999999999999,100.0,100.00000000000018,100.00000000026357,100.00000002116218,100.00000039418151,100.00000315345919,100.00001489052234,100.00004953358274,100.0001290186422,100.00028135276224,100.000537065826,100.00092542607854,100.00147139517196,100.00219372480454,100.00310417190508,100.00420759440381,100.00550263235881,100.00698270858886,100.00863714591159,100.01045226416352,100.01241237572867,100.01450063951161
-0.07895999999999999,100.0,100.00000000000021,100.00000000029911,100.00000002343558,100.00000042930066,100.00000339354568,100.0000158810941,100.00005246161017,100.00013588463376,100.00029497362334,100.00056092062222,100.00096340592029,100.0015275251444,100.00227190903367,100.0032079902763,100.00434016058577,100.00566651042573,100.00717987907484,100.00886900986723,100.01071967404044,100.01271568343218,100.01483975391957
-0.07872,100.0,100.00000000000026,100.00000000033933,100.00000002594633,100.00000046744532,100.00000365122567,100.00001693481308,100.00005555479088,100.0001430978206,100.00030921849158,100.0005857740148,100.00100284889392,100.00158565704052,100.00235268818922,100.00331502945905,100.00447658598695,100.00583488065533,100.00738215428896,100.00910655908672,100.01099330915592,100.01302571004746,100.01518603124647
-0.07848,100.0,100.0000000000003,100.00000000038483,100.00000002871846,100.00000050886659,100.00000392773339,100.00001805550887,100.00005882192977,100.00015067468716,100.00032411402431,100.00061166470815,100.00104380680564,100.00164585598937,100.00243614021915,100.0034253791588,100.00461697063129,100.00600785173651,100.00758964985108,100.00934991440741,100.01127329394228,100.01334258211511,100.01553959881487
-0.07823999999999999,100.0,100.00000000000036,100.0000000004363,100.00000003177834,100.00000055383566,100.00000422438623,100.00001924723301,100.00006227227807,100.00015863245844,100.00033968795094,100.00063863281159,100.0010863331704,100.001708189083,100.00252234522824,100.00353913136895,100.00476141690196,100.00618553473586,100.00780248373263,100.0095991989564,100.0115597550325,100.0136664282676,100.01590058591715
-0.078,100.0,100.00000000000041,100.0000000004945,100.00000003515494,100.00000060264541,100.00000454259026,100.00002051427167,100.00006591555588,100.00016698913349,100.00035596911725,100.00066671989315,100.00113048327329,100.00177272544329,100.00261138554869,100.00365638044327,100.00491002961473,100.0063680431709,100.00802077632915,100.00985453822184,100.01185282133008,100.0139973792975,100.0162691238821
-0.07776,100.0,100.0000000000005,100.00000000056026,100.00000003888007,100.00000065561214,100.00000488384603,100.00002186115903,100.00006976197596,100.0001757635208,100.00037298753199,100.0006959690359,100.00117631423359,100.0018395362918,100.00270334581364,100.0037772231718,100.00506291609476,100.00655549308676,100.00824465053623,100.01011606012787,100.01215262408242,100.01433556822911,100.01664534614473
-0.07751999999999999,100.0,100.00000000000058,100.00000000063457,100.00000004298863,100.00000071307731,100.00000524975485,100.0000232926916,100.0000738222688,100.00018497527545,100.00039077441568,100.00072642489705,100.00122388507216,100.00190869502305,100.0027983130345,100.00390175886035,100.00522018625703,100.00674800313676,100.0084742318293,100.01038389511291,100.01245929695759,100.01468113039353,100.01702938831934
-0.07727999999999999,100.0,100.00000000000068,100.00000000071852,100.00000004751894,100.0000007754096,100.00000564202547,100.00002481394333,100.00007810770909,100.0001946449381,100.00040936225194,100.00075813376979,100.00127325678166,100.00198027728104,100.00289637668163,100.0040300894137,100.00538195269057,100.00694569466643,100.0087096483469,100.01065817621179,100.01277297612472,100.01503420350701,100.017421388276
-0.07704,100.0,100.00000000000081,100.0000000008133,100.00000005251302,100.00000084300703,100.00000606248116,100.00002643028137,100.00008263014307,100.00020479397517,100.00042878483949,100.00079114364547,100.00132449239644,100.00205436103431,100.00299762876237,100.00416231941468,100.00554833073726,100.00714869179109,100.00895103096619,100.01093903912867,100.01309380032417,100.01539492773836,100.01782148620478
-0.0768,100.0,100.00000000000095,100.00000000092031,100.00000005801702,100.00000091629916,100.00000651306718,100.00002814738254,100.00008740201667,100.0002154448191,100.00044907734363,100.000825504274,100.00137765705897,100.00213102664566,100.00310216389155,100.00429855619362,100.00571943855877,100.00735712145922,100.00919851336224,100.01122662229191,100.01342191091788,100.01576344575471,100.01822982465744
-0.07655999999999999,100.0,100.00000000000112,100.00000000104107,100.00000006408153,100.00000099574957,100.00000699585861,100.00002997125063,100.0000924364048,100.00022662091037,100.00047027634974,100.00086126722606,100.00143281808796,100.00221035694331,100.00321007936324,100.00443890989862,100.0058953972039,100.00757111351594,100.00945223206696,100.01152106690829,100.01375745193882,100.01613990276644,100.01864654858778
-0.07632,100.0,100.00000000000132,100.00000000117731,100.00000007076201,100.00000108185851,100.00000751306888,100.00003190823456,100.00009774704203,100.00023834674127,100.00049241991853,100.00089848595746,100.00149004504877,100.00229243729416,100.00332147522438,100.00458349356758,100.00607633067747,100.00779080076784,100.00971232652941,100.01182251701837,100.01410057014134,100.01652444657259,100.01907180539251
-0.07608,100.0,100.00000000000156,100.00000000133097,100.00000007811933,100.00000117516565,100.0000080670586,100.00003396504769,100.00010334835495,100.00025064790157,100.00051554764362,100.00093721587592,100.00154940982591,100.00237735567931,100.00343645435053,100.00473242320214,100.00626236601106,100.00801631904943,100.00997893917729,100.01213111955295,100.01445141505262,100.0169172276073,100.01950574495291
-0.07583999999999999,100.0,100.00000000000183,100.00000000150426,100.00000008622017,100.00000127625313,100.00000866034517,100.00003614878807,100.00010925549583,100.00026355112611,100.00053970071134,100.00097751441,100.00161098669811,100.00246520277183,100.00355512252378,100.00488581784357,100.0064536333354,100.00824780729107,100.01025221547991,100.01244702439067,100.01481013902489,100.01731839898696,100.01994851967709
-0.07559999999999999,100.0,100.00000000000216,100.00000000169959,100.00000009513762,100.00000138574889,100.00000929561284,100.00003846695986,100.00011548437803,100.0002770843445,100.00056492196289,100.00101944108064,100.00167485241572,100.00255607201686,100.00367758851276,100.00504379965068,100.00665026595446,100.00848540758835,100.01053230401233,100.01277038441677,100.01517689728875,100.01772811655823,100.02040028454296
-0.07536,100.0,100.00000000000254,100.00000000191972,100.00000010495182,100.00000150433003,100.00000997572351,100.0000409274959,100.00012205171319,100.0002912767329,100.00059125595874,100.00106305757525,100.00174108628069,100.00265005971413,100.00380396415494,100.00520649397956,100.00685240042145,100.00872926527326,100.01081935652098,100.01310135558296,100.01555184800738,100.01814653894672,100.02086119714177
-0.07511999999999999,100.0,100.000000000003,100.00000000216772,100.00000011575057,100.00000163272675,100.00001070372812,100.00004353878145,100.00012897505002,100.000306158768,100.0006187490457,100.00110842782416,100.001809770229,100.00274726510293,100.0039343644411,100.00537402946564,100.00706017661655,100.00897952898663,100.01111352799056,100.01344009696848,100.01593515233172,100.01857382760664,100.0213314177224
-0.07487999999999999,100.0,100.00000000000352,100.00000000244708,100.00000012762999,100.00000177172625,100.00001148287888,100.0000463096794,100.00013627281513,100.00032176228343,100.00064744942651,100.00115561808009,100.00188098891591,100.00284779044954,100.00406890760226,100.0055465381076,100.0072737378265,100.00923635075243,100.01141497671226,100.01378677084219,100.01632697445667,100.01901014687101,100.02181110923608
-0.07464,100.0,100.00000000000414,100.00000000276165,100.00000014069546,100.00000192217713,100.00001231664213,100.00004924955665,100.00014396435566,100.00033812052844,100.00067740723209,100.00120469700016,100.00195482980389,100.00295174113742,100.00420771519893,100.00572415535352,100.00749323082603,100.00949988605356,100.01172386435353,100.01414154272602,100.01672748167806,100.01945566400282,100.02230043738196
-0.0744,100.0,100.00000000000486,100.0000000031158,100.00000015506234,100.00000208499412,100.00001320871215,100.00005236831208,100.00015206998413,100.00035526822919,100.00070867459664,100.00125573573088,100.00203138325328,100.00305922575986,100.00435091221273,100.00590702018926,100.0077188059613,100.0097702939093,100.012040356029,100.01450458145936,100.01713684445077,100.0199105492468,100.02279957065296
-0.07415999999999999,100.0,100.0000000000057,100.00000000351439,100.00000017085695,100.00000226116303,100.00001416302574,100.00005567640592,100.00016061102525,100.00037324165255,100.00074130573557,100.00130880799614,100.00211074261601,100.0031703562155,100.00449862714058,100.00609527522887,100.00795061723518,100.0100477369544,100.012364620373,100.01487605926472,100.01755523644766,100.0203749758821,100.02330868038254
-0.07392,100.0,100.00000000000668,100.00000000396288,100.0000001882176,100.00000245174621,100.00001518377776,100.00005918489084,100.00016960986511,100.0003920786728,100.00077535702647,100.00136399018817,100.00219300433221,100.00328524780659,100.00465099209143,100.0062890668075,100.00818882239442,100.01033238151989,100.01269682961329,100.01525615181448,100.01798283461942,100.02084912027549,100.02382794079172
-0.07368,100.0,100.00000000000783,100.00000000446742,100.0000002072957,100.00000265788832,100.00001627543766,100.00006290544465,100.00017909000266,100.00041181884096,100.00081088709312,100.00142136146178,100.0022782680299,100.00340401934011,100.0048081428855,100.00648854507634,100.00843358301901,100.01062439771546,100.01303715964637,100.01564503829886,100.01841981925536,100.02133316193539,100.02435752903678
-0.07343999999999999,100.0,100.00000000000918,100.00000000503486,100.00000022825694,100.00000288082254,100.00001744276696,100.00006685040478,100.00018907610365,100.00043250345716,100.00084795689283,100.00148100383178,100.0023666366279,100.00352679323188,100.00497021915632,100.00669386410011,100.00868506461333,100.01092395951369,100.01338579011406,100.01604290149491,100.01886637404517,100.02182728356667,100.02489762525747
-0.07319999999999999,100.0,100.00000000001076,100.00000000567289,100.00000025128267,100.00000312187737,100.00001869083802,100.00007103280464,100.00019959405715,100.00045417564621,100.00088662980697,100.00154300227386,100.00245821644194,100.00365369561368,100.00513736445535,100.00690518195685,100.00894343669948,100.01123124483587,100.01374290448157,100.0164499278368,100.0193226861415,100.02233167112593,100.0254484126257
-0.07296,100.0,100.0000000000126,100.00000000639012,100.00000027657131,100.00000338248371,100.00002002505373,100.00007546641199,100.00021067103474,100.0004768804361,100.00092697173508,100.00160744482889,100.00255311729411,100.00378485644333,100.00530972635939,100.00712266084005,100.00920887291265,100.01154643563957,100.01410869011696,100.01686630748706,100.01978894622339,100.0228465138776,100.02601007739469
-0.07271999999999999,100.0,100.00000000001475,100.00000000719622,100.00000030433992,100.0000036641827,100.00002145116866,100.0000801657693,100.00022233555258,100.0005006648401,100.00096905119256,100.00167442271089,100.00265145262581,100.00392040961817,100.00548745658085,100.00734646716333,100.00948155109846,100.01186971800806,100.01448333837195,100.01729223440914,100.02026534856063,100.02337200445065,100.0265828089485
-0.07247999999999999,100.0,100.00000000001727,100.00000000810195,100.00000033482594,100.00000396863392,100.0000229753114,100.0000851462364,100.00023461753634,100.00052557794217,100.00101293941192,100.00174403041864,100.00275333961419,100.00406049309159,100.00567071108095,100.00757677166762,100.00976165341264,100.01220128224125,100.01486704466431,100.0177279064409,100.020752091079,100.02390833889591,100.02716679985221
-0.07224,100.0,100.0000000000202,100.00000000911942,100.0000003682891,100.00000429762441,100.00002460400833,100.00009042403528,100.00024754838921,100.00055167098594,100.00105871044805,100.00181636585108,100.00285889929212,100.00420524899273,100.00585965018547,100.00781374953053,100.01004936642232,100.0125413229484,100.01526000856123,100.018173525369,100.02124937542598,100.02445571674359,100.0277622459018
-0.072,100.0,100.00000000002362,100.00000001026217,100.00000040501335,100.0000046530782,100.00002634420878,100.00009601629715,100.00026116106254,100.00057899746628,100.00110644128524,100.00189153042379,100.002968256668,100.00435482374489,100.0060544386979,100.00805758047171,100.0103448812021,100.01289003913388,100.01566243385497,100.01862929699472,100.02175740702704,100.02501434105099,100.02836934616396
-0.07175999999999999,100.0,100.00000000002761,100.00000001154534,100.00000044530921,100.0000050370664,100.00002820331157,100.00010194111142,100.0002754901286,100.00060761322284,100.00115621194573,100.00196962918557,100.00308154084438,100.00450936818086,100.00625524600795,100.00830844885196,100.01064839342237,100.01324763427431,100.01607452862864,100.0190954311887,100.02227639513023,100.02558441843759,100.02898830300263
-0.07152,100.0,100.00000000003226,100.00000001298585,100.00000048951614,100.00000545181838,100.00003018919308,100.00010821757722,100.00029057185678,100.00063757653719,100.00120810560146,100.00205077093823,100.00319888513907,100.00466903766035,100.00646224620131,100.008566543773,100.01096010343777,100.01361431639509,100.01649650532099,100.01957214194455,100.02280655284932,100.0261661591186,100.02961932210398
-0.07128,100.0,100.00000000003767,100.00000001460268,100.00000053800512,100.00000589973334,100.00003231023715,100.00011486585754,100.00030644429279,100.00066894823345,100.00126220868972,100.00213506835948,100.00332042720905,100.00483399218943,100.00667561817107,100.00883205917837,100.01128021637611,100.01399029814706,100.01692858079085,100.02005964743162,100.02334809720581,100.02675977693721,100.03026261249983
-0.07103999999999999,100.0,100.00000000004398,100.000000016417,100.00000059118162,100.00000638339291,100.00003457536657,100.00012190723612,100.00032314734153,100.00070179178276,100.00131861103209,100.00222263812924,100.00344630917704,100.00500439654228,100.00689554573063,100.00910519395504,100.01160894222771,100.01437579688293,100.01737097638112,100.02055817004724,100.0239012491701,100.02736548939573,100.03091838658983
-0.07079999999999999,100.0,100.00000000005134,100.00000001845252,100.00000064948863,100.00000690557471,100.0000369940766,100.00012936417707,100.00034072285337,100.00073617341148,100.00137740595738,100.00231360105924,100.00357667776098,100.00518042038493,100.00712221772795,100.00938615203606,100.01194649593499,100.01477103473373,100.01782391798218,100.02106793646777,100.02446623370138,100.0279835176854,100.03158686016226
-0.07056,100.0,100.0000000000599,100.00000002073573,100.00000071341012,100.00000746926669,100.00003957647037,100.0001372603877,100.00035921471414,100.00077216221338,100.00143869042823,100.00240808222598,100.00371168440621,100.00536223840118,100.0073558281615,100.00967514250385,100.01229309748226,100.01517623868482,100.01828763609466,100.02158917769896,100.02504327978644,100.02861408671471,100.03226825241317
-0.07032,100.0,100.00000000006986,100.00000002329624,100.0000007834747,100.00000807768268,100.00004233329645,100.00014562088417,100.00037866893885,100.00080983026587,100.00150256517162,100.00250621110712,100.00385148542043,100.00555003042052,100.0075965762972,100.00997237969433,100.01264897198574,100.01559164065166,100.01876236589145,100.02212212912504,100.02563262047707,100.02925742513638,100.03296278596403
-0.07007999999999999,100.0,100.00000000008146,100.00000002616714,100.00000086025969,100.00000873427888,100.00004527598854,100.00015447206069,100.00039913376955,100.00084925275031,100.00156913481335,100.00260812172134,100.00399624211143,100.00574398154819,100.00784466678707,100.01027808330161,100.01301434978355,100.01601747755517,100.01924834727888,100.0226670305568,100.02623449292608,100.02991376537267,100.0336706868776
-0.06984,100.0,100.00000000009493,100.00000002938539,100.00000094439538,100.00000944277164,100.00004841670747,100.00016384176183,100.00042065977696,100.00089050807676,100.00163850801647,100.00271395277156,100.00414612092754,100.00594428229705,100.00810030978869,100.01059247848315,100.01338946652567,100.01645399139638,100.01974582495691,100.02322412627831,100.02684913842197,100.0305833436391,100.03439218467209
-0.0696,100.0,100.0000000001106,100.00000003299228,100.00000103656993,100.0000102071564,100.00005176838576,100.00017375935857,100.00044329996653,100.00093367801281,100.00171079762389,100.00282384779179,100.0043012936009,100.00615112872153,100.0083637210862,100.01091579596556,100.01377456326378,100.01690142933062,100.02025504847842,100.02379366509234,100.02747680242173,100.03126639996631,100.03512751233347
-0.06935999999999999,100.0,100.00000000012884,100.00000003703393,100.00000113753441,100.00001103172792,100.00005534477458,100.00018425582799,100.00046710988882,100.0009788478171,100.00178612080492,100.00293795529734,100.00446193729331,100.00636472255333,100.00863512221207,100.0112482721506,100.01416988654077,100.01736004374081,100.02077627230705,100.02437590036429,100.02811773458225,100.03196317822028,100.03587690632584
-0.06911999999999999,100.0,100.00000000015001,100.0000000415618,100.00000124810848,100.00001192110213,100.00005916049356,100.00019536383661,100.00049214775417,100.0010261063773,100.0018645992063,100.00305642893865,100.00462823474483,100.0065852713391,100.00891474057008,100.01159014922152,100.01457568848002,100.01783009230998,100.0213097558741,100.02497109006455,100.02877218878976,100.03267392612032,100.03664060659966
-0.06888,100.0,100.00000000017461,100.0000000466334,100.00000136918645,100.00001288023921,100.00006323108337,100.00020711782807,100.00051847455231,100.00107554635284,100.00194635910717,100.00317942765852,100.00480037442507,100.00681298857968,100.00920280955903,100.01194167524955,100.01499222687406,100.01831183809273,100.02185576363384,100.0255794968092,100.0294404231874,100.03339889525537,100.03741885659812
-0.06863999999999999,100.0,100.00000000020317,100.00000005231286,100.00000150174394,100.00001391446844,100.00006757306124,100.00021955411465,100.00054615417643,100.00112726432238,100.00203153157858,100.00330711585306,100.004978550687,100.0070480938711,100.00949956869741,100.01230310430032,100.0154197652727,100.01880554958562,100.02241456511736,100.02620138789885,100.03012270020086,100.03413834109786,100.03821190326101
-0.06839999999999999,100.0,100.00000000023635,100.00000005867172,100.000001646845,100.0000150295147,100.00007220397978,100.00023271097325,100.00057525355243,100.0011813609361,100.00212025264725,100.00343966353591,100.00516296392334,100.00729081304723,100.00980526374867,100.01267469654046,100.01585857307053,100.01931150079636,100.02298643498486,100.02683703535574,100.0308192865619,100.03489252301554,100.03901999702657
-0.06816,100.0,100.00000000027485,100.00000006578983,100.00000180564999,100.00001623152689,100.00007714248898,100.00024662874594,100.000605842773,100.0012379410731,100.0022126634637,100.00357724650621,100.00535382072556,100.00754137832385,100.01012014684714,100.01305671834372,100.0163089255934,100.01982997131164,100.02357165307613,100.0274867159586,100.03153045332954,100.03566170428101,100.03984339183081
-0.06792,100.0,100.00000000031953,100.00000007375624,100.00000197942393,100.000017527108,100.00008240840164,100.000261349945,100.00063799523713,100.00129711400376,100.00230891047487,100.00372004651986,100.00555133404514,100.00780002844417,100.01044447662436,100.01344944239698,100.01677110418412,100.02036124636332,100.02417050445922,100.02815071127554,100.03225647590918,100.03644615207863,100.0406823451044
-0.06767999999999999,100.0,100.00000000037134,100.00000008267021,100.00000216954581,100.00001892334762,100.0000880227626,100.00027691936302,100.00067178779481,100.00135899355737,100.00240914560123,100.00386825146447,100.00575572335735,100.0080670088256,100.01077851833587,100.0138531478057,100.01724539628682,100.02090561689334,100.02478327947703,100.0288293076946,100.03299763406909,100.03724613750916,100.04153711776708
-0.06744,100.0,100.00000000043144,100.00000009264242,100.00000237751846,100.00002042785633,100.00009400792165,100.00029338418781,100.00070730089737,100.0014236982949,100.00251352641833,100.00402205553753,100.0059672148274,100.008342571708,100.01112254398817,100.01426812019885,100.0177320955304,100.02146337961653,100.02541027379195,100.02952279645197,100.03375421195439,100.03806193559163,100.04240797421939
-0.0672,100.0,100.0000000005011,100.00000010379624,100.0000026049793,100.00002204880246,100.0001003876105,100.00031079412284,100.00074461875347,100.00149135168736,100.00262221634291,100.00418165942834,100.00618604147867,100.00862697630272,100.01147683246596,100.01469465183322,100.01823150181046,100.02203483708195,100.02605178842825,100.03023147365799,100.0345264980988,100.03889382526283,100.04329518233192
-0.06695999999999999,100.0,100.00000000058185,100.00000011626908,100.00000285371216,100.00002379495149,100.00010718702416,100.0003292015132,100.00078382949148,100.00156208230054,100.00273538482531,100.00434727050516,100.00641244336606,100.00892048894623,100.01184166966297,100.01513304170098,100.01874392137415,100.02262029773674,100.02670812981711,100.0309556403254,100.03531478543852,100.03974208937912,100.04419901343701
-0.06671999999999999,100.00000000000001,100.0000000006754,100.00000013021403,100.00000312565984,100.00002567570797,100.00011443290671,100.00034866147767,100.00082502532878,100.00163602398642,100.00285320754787,100.004519103008,100.00664666775367,100.00922338325721,100.01221734861595,100.01558359563974,100.01926966690752,100.0232200759921,100.02737960984348,100.0316956023995,100.03611937132806,100.04060701472,100.04511974232213
-0.06648,100.00000000000001,100.00000000078376,100.00000014580164,100.00000342293794,100.00002770116029,100.00012215364205,100.00036923204692,100.00086830274726,100.00171331608078,100.00297586662849,100.00469737824521,100.00688896929543,100.00953594029558,100.01260416963937,100.01604662644277,100.01980905762183,100.02383449228799,100.02806654589136,100.0324516707865,100.03694055755398,100.04148889198967,100.0460576472213
-0.06624,100.00000000000001,100.00000000090924,100.00000016322171,100.00000374784968,100.00002988212846,100.00013037934934,100.0003909743077,100.00091376267557,100.00179410360678,100.00310355082945,100.00488232479417,100.00713961021823,100.00985844872285,100.0130024404606,100.01652245396856,100.02036241933901,100.02446387315631,100.0287692608872,100.03322416137976,100.03777865034651,100.04238801581636,100.04701300980425
-0.06599999999999999,100.00000000000001,100.00000000105449,100.00000018268562,100.000004102902,100.00003223021494,100.00013914198368,100.00041395255371,100.00096151067802,100.00187853748487,100.00323645577133,100.00507417870573,100.00739886050776,100.0101912049638,100.01341247635524,100.01701140524993,100.02093008457587,100.02510855128232,100.0294880833413,100.03401339508376,100.03863396038878,100.04330468474913,100.04798611516306
-0.06576,100.00000000000001,100.0000000012226,100.00000020442853,100.0000044908231,100.00003475785893,100.00014847544219,100.00043823444298,100.00101165715057,100.00196677474906,100.00337478415216,100.00527318371248,100.00766699809672,100.01053451336945,100.01383460028282,100.01751381460254,100.0215123926269,100.02576886556446,100.03022334738712,100.03481969783584,100.03950680282361,100.04423920125242,100.04897725179659
-0.06552,100.00000000000003,100.0000000014171,100.00000022871211,100.0000049145812,100.00003747839415,100.00015841567581,100.00046389116238,100.0010643175238,100.00205897876964,100.00351874597189,100.00547959144104,100.00794430905546,100.0108886863811,100.01426914302243,100.01803002373248,100.02210968964583,100.02644516117212,100.03097539281833,100.03564340062546,100.04039749725787,100.04519187169788,100.04998671159225
-0.06527999999999999,100.00000000000003,100.00000000164206,100.00000025582742,100.00000537740496,100.00004040611037,100.00016900080698,100.00049099759916,100.00111961247337,100.00215531948244,100.00366855876206,100.00569366162797,100.00823108778498,100.01125404469552,100.01471644330832,100.01856038184305,100.02272232872537,100.0271377896013,100.03174456512353,100.03648483951088,100.04130636776407,100.0461630063537,100.05101478980522
-0.06504,100.00000000000004,100.0000000019022,100.00000028609811,100.00000588280565,100.00004355631896,100.00018027125344,100.00051963251998,100.00117766813794,100.00225597362487,100.0038244478208,100.00591566233938,100.00852763721215,100.01163091743082,100.01517684796521,100.01910524574026,100.02335066997534,100.02784710872825,100.03253121551839,100.03734435563332,100.0422337428794,100.04715291937109,100.052061785035
-0.0648,100.00000000000006,100.0000000022029,100.00000031988404,100.0000064346009,100.00004694542262,100.0001922698587,100.00054987875777,100.00123861634468,100.00236112497853,100.00398664645313,100.00614587019437,100.00883426898694,100.01201964229321,100.0156507120433,100.01966497993728,100.02399508059891,100.02857348286062,100.03333570097533,100.03822229522821,100.04317995560177,100.04816192876805,100.05312799919919
-0.06455999999999999,100.00000000000007,100.00000000255041,100.0000003575851,100.00000703694053,100.00005059098966,100.00020504202917,100.0005818234063,100.00130259484287,100.00247096461891,100.00415539621659,100.00638457059202,100.00915130368178,100.01242056574425,100.0161383989527,100.02023995675732,100.02465593496666,100.0293172827862,100.03415838425028,100.03911900963357,100.044145343383,100.0491903564102,100.05421373750458
-0.06431999999999999,100.00000000000009,100.00000000295191,100.00000039964566,100.00000769433441,100.00005451183284,100.00021863587835,100.00061555802328,100.00136974754535,100.00258569117173,100.00433094717204,100.00663205794172,100.00947907099261,100.01283404316862,100.01664028059713,100.02083055643499,100.02533361468859,100.03007888581891,100.0349996339066,100.04003485529539,100.04513024811895,100.05023852798857,100.05531930841506
-0.06408,100.00000000000011,100.00000000341562,100.00000044655934,100.00000841168253,100.00005872809344,100.00023310237856,100.0006511788417,100.00144022477838,100.00270551107661,100.00451355813992,100.00688863589723,100.00981790994187,100.01326043904213,100.0171567375067,100.02143716721585,100.02602850868362,100.03085867584224,100.03585982433606,100.04097019376995,100.0461350161365,100.05130677299431,100.05644502361692
-0.06384,100.00000000000014,100.00000000395104,100.0000004988743,100.00000919430745,100.00006326133042,100.00024849552022,100.00068878699008,100.00151418353977,100.00283063885747,100.0047034969616,100.00715461759388,100.01016816908292,100.0137001270998,100.0176881589697,100.02206018545415,100.02674101324665,100.03165704334948,100.03673933577652,100.04192539172269,100.04715999817729,100.05239542469033,100.05759119798066
-0.06359999999999999,100.00000000000018,100.00000000456912,100.00000055719913,100.0000100479894,100.00006813461532,100.00026487247936,100.00072848872189,100.00159178776576,100.00296129740038,100.004901040766,100.00743032588903,100.01053020670588,100.01415349050387,100.01823494316322,100.02270001570825,100.02747153211276,100.03247438548095,100.03763855432635,100.04290082092382,100.04820554937803,100.05350482007947,100.05875814952013
-0.06336,100.00000000000024,100.00000000528235,100.00000062220928,100.00001097900405,100.00007337263288,100.00028229379336,100.00077039565403,100.00167320860648,100.00309771823828,100.0051064762414,100.00771609360567,100.01090439104483,100.0146209220117,100.01879749728198,100.02335707083392,100.02822047651861,100.03331110605804,100.0385578719554,100.04389685824047,100.04927202924738,100.05463529986947,100.05994619934812
-0.06312,100.0000000000003,100.00000000610518,100.00000069465423,100.00001199416326,100.0000790017881,100.00030082354559,100.00081462501511,100.00175862471046,100.00324014184324,100.00532009991225,100.00801226377894,100.01129110048603,100.01510282414289,100.01937623766592,100.02403177207496,100.0289882652608,100.03416761561367,100.03949768651239,100.04491388562502,100.0503598016393,100.05578720843442,100.06115567162875
-0.06287999999999999,100.00000000000038,100.00000000705415,100.00000077536531,100.00001310085906,100.0000850503197,100.00032052955908,100.00086129990366,100.00184822251823,100.00338881792571,100.00554221842113,100.00831918990559,100.01169072377704,100.01559960934601,100.01997158992565,100.02472454915122,100.02977532475074,100.03504433141924,100.04045840172847,100.04595229009986,100.05146923472262,100.05696089377268,100.06238689352665
-0.06264,100.00000000000048,100.00000000814832,100.00000086526441,100.00001430711099,100.00009154842067,100.00034148359968,100.00091054955641,100.001942196565,100.00354400574116,100.00577314881556,100.00863723619595,100.01210366023649,100.01611170016432,100.02058398906591,100.02543584034368,100.03058208906636,100.03594167750785,100.04144042721693,100.0470124637381,100.05260070094688,100.05815670746118,100.06364019515253
-0.0624,100.00000000000061,100.00000000940948,100.00000096537353,100.00001562161711,100.00009852836595,100.0003637615892,100.0009625096271,100.00204074979287,100.00370597440407,100.00601321883971,100.00896677782852,100.01253031996447,100.01663952940036,100.02121387960673,100.02616609257633,100.0314089999998,100.03686008469339,100.04244417846891,100.04809480364032,100.05375457700427,100.05937500460595,100.06491590950533
-0.06215999999999999,100.00000000000078,100.0000000108627,100.00000107682526,100.00001705380893,100.00010602464803,100.0003874438288,100.00101732247644,100.00214409387318,100.00387500320994,100.00626276723204,100.00930820120834,100.01297112405481,100.01718354028124,100.02186171570419,100.02691576149714,100.0322565071041,100.03779999058828,100.04347007684743,100.0491997119099,100.05493124379008,100.06061614379156,100.0662143724134
-0.061919999999999996,100.00000000000098,100.00000001253676,100.00000120087444,100.00001861391077,100.00011407412141,100.00041261523535,100.00107513747736,100.00225244954544,100.00405138197502,100.00652214404118,100.00966190424434,100.0134265048272,100.01774418664456,100.02252796129281,100.02768531158134,100.03312506776268,100.03876183964479,100.0445185496055,100.05032759565233,100.05613108638762,100.06188048705454,100.06753592249946
-0.06167999999999999,100.00000000000124,100.00000001446462,100.00000133891093,100.0000203130037,100.00012271615634,100.0004393655908,100.0011361113353,100.00236604697207,100.0042354113914,100.00679171095678,100.01002829664131,100.01389690607371,100.01832193313875,100.02321309024236,100.02847521624935,100.03401514727382,100.03974608321121,100.04559002991925,100.05147886698987,100.0573544940679,100.06316839987174,100.06888090116026
-0.061439999999999995,100.00000000000156,100.00000001668407,100.00000149247371,100.00002216309454,100.000131992802,100.00046778980382,100.00120040842168,100.00248512610521,100.00442740339241,100.00707184164828,100.01040780019746,100.01438278330912,100.01891725542549,100.02391758651574,100.02928595798495,100.03492721893453,100.04075317958727,100.0466849569199,100.05265394307466,100.0586018602881,100.06448025114733,100.07024965254483
-0.0612,100.00000000000196,100.00000001923846,100.00000166326635,100.00002417719001,100.00014194895965,100.00049798818476,100.00126820112122,100.00260993706615,100.00462768152819,100.00736292211167,100.01080084910761,100.0148846040246,100.01953064038423,100.02464194432744,100.0301180284531,100.03586176412374,100.04178359407832,100.04780377572439,100.0538532461005,100.05987358268848,100.06581641319818,100.07164252353124
-0.06095999999999999,100.00000000000246,100.00000002217743,100.00000185317407,100.00002636937668,100.00015263256627,100.00053006673382,100.00133967019327,100.00274074053767,100.00483658135208,100.00766535102399,100.01120789027195,100.01540284794514,100.02016258631849,100.02538666830281,100.03097192861769,100.0368192723846,100.04283779904831,100.04894693746445,100.05507720331288,100.06117006308739,100.06717726173757,100.07305986370172
-0.060719999999999996,100.0000000000031,100.00000002555787,100.00000206428253,100.00002875490691,100.00016409478926,100.0005641374438,100.001415005148,100.0028778081696,100.00505445081767,100.00797954010618,100.01162938361031,100.01593800729025,100.02081360316392,100.02615227363786,100.03184816885882,100.0378002415059,100.04391627397136,100.05011489931408,100.05632624701728,100.06249170747482,100.06856317585715,100.074502025316
-0.06047999999999999,100.00000000000388,100.00000002944489,100.00000229889847,100.00003135029131,100.00017639023297,100.00060031861746,100.00149440463778,100.003021422998,100.00528165068694,100.00830591449404,100.01206580238212,100.01649058703825,100.02148421269824,100.0269392862594,100.03274726908987,100.03880517760231,100.04501950548192,100.05130812451543,100.05760081458583,100.06383892600387,100.06997453800706,100.07596936328297
-0.060239999999999995,100.00000000000487,100.00000003391303,100.00000255957234,100.00003417339833,100.00018957715753,100.00063873520041,100.00157807686425,100.00317187987842,100.00551855494965,100.00864491311755,100.01251763351202,100.01706110519395,100.02217494875283,100.02774824298584,100.0336697588738,100.0398345951937,100.0461479874235,100.0525270824028,100.05890134846189,100.06521213298049,100.07141173397423,100.07746223513047
-0.06,100.0000000000061,100.00000003904759,100.00000284912328,100.0000372435611,100.0002037177108,100.00067951913026,100.00166624000184,100.00332948593338,100.00576555125409,100.00899698908843,100.012985377921,100.01765009305964,100.02288635742586,100.02857969168805,100.03461617753906,100.04088901728299,100.04730222089555,100.05377224842495,100.06022829616282,100.0666117468511,100.07287515285861,100.07898100097312
-0.059759999999999994,100.00000000000763,100.00000004494613,100.00000317066645,100.00004058169246,100.00021887817405,100.00072280970254,100.001759122638,100.00349456101475,100.00602304134968,100.00936261009643,100.01346955086332,100.01825809550945,100.023618997297,100.02943419145056,100.03558707429458,100.04196897543288,100.04848271429888,100.05504410416525,100.06158211028063,100.0680381901881,100.07436518704745,100.08052602347827
-0.059519999999999997,100.00000000000955,100.00000005172025,100.00000352764312,100.00004421040857,100.00023512922232,100.00076875395435,100.00185696423105,100.00366743818113,100.00629144154132,100.00974225881404,100.01397068226906,100.01888567126696,100.02437343964355,100.03031231273286,100.03658300834414,100.04307500984095,100.04968998337901,100.05634313735996,100.06296324848041,100.0694918896734,100.07588223218727,100.08209766782976
-0.05927999999999999,100.00000000001194,100.00000005949745,100.0000039238537,100.00004815416166,100.00025254619995,100.00081750706634,100.0019600155859,100.00384846419092,100.00657118315596,100.01013643330992,100.01448931709214,100.01953339318591,100.02515026865784,100.03121463753051,100.03760454899948,100.04420766941324,100.05092455126763,100.0576698419142,100.06437217349664,100.07097327607946,100.07742668715383,100.08369630168956
-0.059039999999999995,100.00000000001491,100.0000000684235,100.00000436349393,100.00005243938254,100.00027120941247,100.00086923278383,100.00206853934854,100.00403800001118,100.00686271302139,100.01054564747106,100.0150260156642,100.02020184853423,100.02595008166593,100.03214175953636,100.0386522757927,100.04536751183616,100.05218694852205,100.0590247179157,100.06580935312697,100.07248278424802,100.07899895401962,100.08532229515724
-0.0588,100.00000000001859,100.0000000786649,100.0000048511946,100.00005709463385,100.0002912044355,100.0009241038579,100.00218281051987,100.00423642134285,100.00716649395768,100.01097043143376,100.01558135405391,100.02089163928088,100.0267734893474,100.03309428430121,100.03972677858707,100.0465551036465,100.05347771316232,100.0604082716461,100.0672752602236,100.0740208530664,100.08059943801888,100.08697602072702
-0.058559999999999994,100.00000000002316,100.00000009041175,100.00000539206526,100.00006215077437,100.00031262244151,100.00098230250745,100.0023031169892,100.00444411916281,100.0074830052813,100.01141133202347,100.01615592443184,100.02160338238572,100.02762111595607,100.03407282939438,100.0408286576867,100.04777102029949,100.0547973907061,100.06182101558976,100.06877037268204,100.07558792544117,100.0822285475103,100.08865785324244
-0.05832,100.00000000002883,100.00000010388112,100.00000599174183,100.00006764113542,100.00033556054575,100.0010440209028,100.00242976008849,100.00466150028288,100.0078127433222,100.0118689132036,100.01675033544102,100.02233771009233,100.02849359954159,100.03507802456336,100.04195852394463,100.04901584623475,100.05614653420096,100.06326346843984,100.07029517342717,100.07718444826911,100.08388669393685,100.09036816984842
-0.05807999999999999,100.00000000003587,100.00000011932067,100.0000066564391,100.00007360171017,100.00036012217191,100.00110946167197,100.00256305516787,100.00488898792656,100.0081562219541,100.01234375653324,100.01736521257276,100.02309527022332,100.02939159217182,100.03611051189304,100.04311699886924,100.05029017493992,100.05752570425413,100.06473615510168,100.07185015039637,100.07881087240534,100.08557429178305,100.09210734994087
-0.057839999999999996,100.00000000004458,100.00000013701299,100.0000073930081,100.00008007135665,100.000386417439,100.00117883843059,100.00270333219288,100.00512702232365,100.00851397313797,100.01283646163402,100.01800119854798,100.02387672647853,100.03031576015566,100.03717094596391,100.0443047147288,100.05159460901187,100.05893546905942,100.06623960669309,100.07343579651976,100.08046765262851,100.08729175852929,100.09387577511337
-0.0576,100.00000000005535,100.00000015728025,100.0000082089989,100.00008709201542,100.00041456357017,100.00125237633614,100.00285093636442,100.00537606132323,100.00888654747925,100.01334764666586,100.01865895370395,100.02468275873545,100.03126678426628,100.03825999400925,100.0455223146541,100.05292976021529,100.06037640442115,100.06777436054162,100.07505260969715,100.08215524760297,100.08903951460319,100.09567382910112
-0.057359999999999994,100.00000000006865,100.00000018048983,100.0000091127295,100.000094708943,100.00044468532494,100.00133031266789,100.00300622876203,100.00563658102546,100.0092745147987,100.01387794881194,100.01933915638611,100.0255140633522,100.03224535996468,100.03937833607101,100.04677045273868,100.0542962495385,100.06184909377508,100.0693409601786,100.07670109277194,100.08387411983753,100.09081798332782,100.09750189772183
-0.05712,100.0000000000851,100.00000020706028,100.00001011336107,100.00010297096183,100.00047691545558,100.00141289743274,100.0031695870101,100.0059090764311,100.00967846471507,100.01442802477025,100.02004250334242,100.02637135346944,100.03325219761982,100.0405266651509,100.04804979413339,100.05569470724267,100.0633541282023,100.0709399553261,100.0783817534979,100.0856247356378,100.09262759086357,100.0993603688105
-0.05687999999999999,100.00000000010537,100.00000023746848,100.0000112209803,100.0001119307276,100.00051139518712,100.00150039399401,100.00334140596111,100.0061940620993,100.01009900722714,100.01499855123619,100.02076971010193,100.02725535929142,100.0342880227042,100.04170568733414,100.0493610151118,100.05712577288143,100.06489210641355,100.07257190185453,100.08009510447721,100.08740756503016,100.09446876612279,100.10124963212834
-0.056639999999999996,100.00000000013037,100.00000027225742,100.00001244668933,100.00012164501489,100.00054827472292,100.00159307972588,100.00352209839916,100.00649207281829,100.01053677330087,100.01559022538365,100.02152151134636,100.0281668283561,100.03535357597558,100.04291612189768,100.05070480311934,100.05859009530356,100.06646363471627,100.07423736172353,100.08184166308232,100.08922308167058,100.0963419406699,100.10317007925761
-0.05639999999999999,100.00000000016115,100.00000031204526,100.000013802704,100.00013217502286,100.00058771377759,100.00169124669588,100.00371209576741,100.00680366429336,100.0109924154674,100.01620376535122,100.0222986612827,100.0291065258031,100.03644961365448,100.04415870141293,100.05208185681612,100.06008833264909,100.06806932697552,100.07593690291641,100.0836219513717,100.09107176274746,100.09824754861609,100.10512210349161
-0.056159999999999995,100.00000000019902,100.00000035753531,100.00001530246126,100.00014358670218,100.0006298821389,100.00179520237641,100.0039118489196,100.00712941385228,100.01146660843163,100.01683991073348,100.02310193401621,100.03007523463884,100.03757690759709,100.04543417184256,100.0534928861131,100.06162115233876,100.0697098045679,100.07767109936847,100.08543649599979,100.09295408887913,100.10018602650895,100.10710609972014
-0.05592,100.00000000024556,100.00000040952767,100.00001696073633,100.00015595110443,100.00067496025949,100.00190527038625,100.00412182889646,100.00746992116831,100.0119600496913,100.01749942307657,100.02393212392352,100.03107375599899,100.03873624546291,100.04674329263102,100.05493861220165,100.06318923105641,100.07138569632886,100.07944053088839,100.08728582812041,100.09487054400537,100.10215781321668,100.10912246430982
-0.05567999999999999,100.00000000030272,100.00000046893199,100.00001879377065,100.00016934475545,100.0007231398804,100.00202179126308,100.00434252772722,100.00782580900062,100.01247346016629,100.01818308637826,100.02479004602547,100.03210290940709,100.03992843087715,100.04808683678844,100.05641976757566,100.06479325472398,100.07309763849248,100.08124578307297,100.08917048328394,100.09682161527307,100.10416334980684,100.11117159497954
-0.055439999999999996,100.00000000037284,100.0000005367822,100.00002081941143,100.00018385005421,100.00077462468731,100.00214512326794,100.0045744592568,100.00819772395249,100.013007584838,100.01889170759158,100.02567653635919,100.0331635330295,100.04115428358705,100.0494655909675,100.0579370960463,100.06643391846903,100.0748462746242,100.08308744721472,100.09109100132784,100.09880779291568,100.10620307941953,100.11325389067079
-0.05519999999999999,100.0000000004588,100.00000061425298,100.0000230572639,100.00019955569866,100.00082963100112,100.00227564322248,100.0048181599991,100.00858633724702,100.01356319339833,100.01962611713206,100.02659245234867,100.0342564839258,100.04241463961183,100.05088035553277,100.05949135274875,100.0681119265842,100.07663225554556,100.08496612020218,100.09304792626031,100.1008295701265,100.10827744713485,100.11536975141277
-0.054959999999999995,100.00000000056406,100.00000070267843,100.0000255288571,100.00021655714018,100.00088838850466,100.0024137473802,100.00507419001681,100.00899234552051,100.01414108090827,100.02038716938776,100.02753867317399,100.03538263829437,100.04371035138594,100.05233194462234,100.06108330414074,100.06982799247848,100.0784562392512,100.08688240441273,100.09504180613716,100.10288744292554,100.1103868998345,100.11751957818231
-0.05472,100.00000000069285,100.00000080357304,100.00002825782471,100.00023495706851,100.00095114100655,100.00255985233257,100.00534313382802,100.00941647163332,100.0147420684655,100.0211757432318,100.02851610013785,100.03654289171236,100.04504228789479,100.05382118620099,100.06271372799252,100.07158283862002,100.0803188908175,100.08883690759778,100.0970731929313,100.1049819100198,100.11253188605735,100.11970377275823
-0.054479999999999994,100.00000000085028,100.0000009186554,100.00003127010184,100.0002548659289,100.0010181472444,100.00271439595095,100.00562560134026,100.00985946549817,100.01536700388064,100.02199274253687,100.02952565702951,100.03773815937001,100.04641133480283,100.0553489221048,100.06438341336765,100.0733771964699,100.08222088230289,100.09083024275981,100.09914264239515,100.10711347265688,100.1147128558492,100.12192273757039
-0.05424,100.00000000104254,100.00000104987497,100.00003459413935,100.00027640247326,100.00108968172849,100.00287783836536,100.00592222881195,100.01032210492586,100.01601676236201,100.02283909669116,100.0305682904852,100.03896937629807,100.04781839457328,100.05691600807643,100.06609316059458,100.07521180640687,100.08416289263933,100.09286302802157,100.10125071391529,100.10928263447177,100.11693026060601,100.12417687554303
-0.05399999999999999,100.00000000127712,100.00000119944205,100.00003826113695,100.00029969434765,100.00116603562802,100.0030506629813,100.00623367984198,100.01080519648802,100.01669224720814,100.0237157611151,100.03164497034454,100.04023749758838,100.04926438657895,100.05852331379087,100.06784378122838,100.07708741764249,100.08614560751471,100.09493588648655,100.1033979703597,100.11148990132664,100.11918455291102,100.12646658993249
-0.053759999999999995,100.00000000156307,100.0000013698618,100.00004230529677,100.00032487871776,100.00124751770132,100.003233377535,100.00656064638733,100.01130957639693,100.01739439050768,100.02462371777831,100.03275669000226,100.04154349860666,100.05075024720375,100.06017172287116,100.06963609800226,100.07900478812643,100.08816971924621,100.09704944609116,100.10558497791682,100.11373578114338,100.12147618636543,100.12879228415919
-0.05352,100.00000000191133,100.00000156397223,100.00004676409905,100.00035210293514,100.0013344552722,100.00342651518889,100.00690384980923,100.01183611140186,100.01812415384619,100.02556397571621,100.03390446675466,100.04288837519691,100.05227692993422,100.0618621328933,100.07147094476866,100.08096468444164,100.0902359266438,100.09920433944788,100.1078123059269,100.11602078372911,100.1238056154124,100.13115436163373
-0.053279999999999994,100.00000000233509,100.00000178498708,100.00005167860162,100.00038152524581,100.00142719525375,100.00363063566758,100.00726404194796,100.01238569970211,100.01888252901925,100.02653757154545,100.03508934214001,100.04427314387695,100.05384540544061,100.06359545538037,100.07334916642914,100.08296788168892,100.09234493486409,100.10140120367946,100.11008052670482,100.11834542059404,100.12617329515462,100.13355322557696
-0.05304,100.00000000285023,100.00000203654399,100.0000570937652,100.00041331554439,100.00152610522198,100.00384632643558,100.0076420062265,100.01295927187577,100.01967053875121,100.02754556997756,100.03631238227226,100.04569884202431,100.05545666164684,100.06537261578497,100.07527161885307,100.08501516336072,100.09449745525409,100.10364068024379,100.1123902153547,100.1207102047618,100.1285796811649,100.13598927883422
-0.05279999999999999,100.00000000347589,100.00000232275868,100.00006305880646,100.00044765617562,100.00163157454071,100.00407420391774,100.00803855878316,100.01355779182443,100.02048923741899,100.02858906433009,100.03757467816722,100.04716652805173,100.05711170378878,100.06719455345956,100.07723916878442,100.0871073212037,100.09669420518438,100.10592341474937,100.11474194957584,100.12311565057227,100.13102522928999,100.13846292368319
-0.052559999999999996,100.00000000423508,100.00000264828559,100.00006962758128,100.0004847427864,100.00174401553997,100.00431491476323,100.0084545496331,100.01418225773295,100.02133971178013,100.02966917703428,100.03887734606062,100.04867728157176,100.05881155446029,100.06906222161435,100.07925269373627,100.0892451550697,100.09893590787188,100.10825005676095,100.11713630945992,100.12556227347625,100.13351039544743,100.14097456163586
-0.05232,100.00000000515543,100.00000301838614,100.00007685900017,100.00052478523067,100.0018638647498,100.00456913715381,100.00889086385922,100.01483370304403,100.02222308170455,100.03078706013865,100.04022152771695,100.05023220354956,100.06055725364632,100.07097658726195,100.08131308187276,100.09142947275485,100.10122329219146,100.11062125959532,100.11957387727928,100.12805058982242,100.13603563541523,100.14352459323388
-0.052079999999999994,100.00000000627016,100.00000343900507,100.00008481747787,100.00056800852686,100.00199158418245,100.00483758214207,100.00934842280878,100.01551319741704,100.02314050087308,100.03194389576717,100.04160839068516,100.05183241639779,100.06234985869612,100.07293863110222,100.08342123183222,100.09366108978206,100.10355709243363,100.11303768006596,100.12205523722723,100.13058111659937,100.13860140457993,100.14611341780557
-0.05184,100.00000000761905,100.0000039168557,100.00009357341573,100.00061465385407,100.00212766262673,100.00512099495224,100.00982818519803,100.01622184754412,100.02409315729254,100.03314089636362,100.04303912832023,100.05347906382636,100.06419044404686,100.0749493471583,100.08557805230657,100.09594082894769,100.10593804783628,100.11549997801306,100.12458097495559,100.13315437098719,100.14120815750654,100.14874143305677
-0.05159999999999999,100.00000000924979,100.00000445951527,100.00010320372097,100.00066497959743,100.00227261697536,100.00542015628248,100.01033114818348,100.0169607979034,100.02508227372586,100.03437930483685,100.04451495969809,100.0551733105821,100.06608010083791,100.07700974230659,100.08778446151942,100.09826951977237,100.10836690202684,100.11800881575022,100.12715167703533,100.13577086983834,100.14385634744376,100.15140903460278
-0.051359999999999996,100.00000001121947,100.00000507553113,100.00011379236615,100.00071926244831,100.0024269935968,100.00573588362741,100.01085834842819,100.01773123148739,100.0261091080844,100.0356603946612,100.04603712948288,100.0569163421419,100.0680199364811,100.0791208357663,100.09004138666795,100.10064799792023,100.11084440243708,100.1205648574879,100.12976793039772,100.13843112914252,100.14654642581606,100.15411661548983
-0.05112,100.00000001359635,100.00000577453963,100.00012543099163,100.00077779856137,100.00259136975099,100.0060690326183,100.0114108631597,100.01853437050285,100.02717495377881,100.03698546992885,100.04760690774464,100.05870936435728,100.07001107418587,100.08128365854827,100.09234976332871,100.10307710458676,100.11337129969107,100.12316876873427,100.13243032175666,100.14113566347586,100.14927884170332,100.15686456570666
-0.050879999999999995,100.00000001646194,100.00000656739819,100.00013821955315,100.00084090476977,100.00276635504777,100.00642049837826,100.0119898112158,100.01937147703818,100.02828114002504,100.03835586535146,100.04922558972488,100.06055360304904,100.07205465243793,100.08349925286197,100.09471053482679,100.10555768585489,100.11594834696614,100.1258212156734,100.13513943701227,100.14388498543534,100.15205404130859,100.15965327168693
-0.05064,100.00000001991356,100.0000074663327,100.00015226701787,100.00090891985957,100.00295259294727,100.00679121688948,100.01259635407429,100.02024385369447,100.02942903210183,100.03977294620788,100.05089449554796,100.06245030355004,100.07415182443073,100.08576867148047,100.09712465156831,100.10809059201995,100.11857629932771,100.12852286452178,100.13789586063703,100.14667960505878,100.15487246741476,100.16248311580337
-0.05039999999999999,100.00000002406722,100.00000848510132,100.00016769211086,100.00098220590488,100.00315076230031,100.00718216636879,100.01323169686238,100.0211528441758,100.03062003155593,100.0412381082352,100.05261496987575,100.0644007301947,100.07630375744849,100.08809297706274,100.09959307033601,100.1106766768831,100.12125591303784,100.13127438086356,100.14070017504457,100.14952002923171,100.15773455883107,100.16535447585443
-0.050159999999999996,100.00000002906111,100.00000963917651,100.00018462411548,100.00106114966434,100.00336157892744,100.0075943686483,100.01389708934141,100.02209983383484,100.0318555763515,100.04275277746005,100.05438838150384,100.06640616575412,100.07851163220015,100.09047324143303,100.1021167535483,100.11331679701433,100.12398794483866,100.13407642896519,100.14355295994241,100.15240676108162,100.1606407498304,100.1682677245445
-0.04991999999999999,100.00000003505966,100.00001094594708,100.00020320372997,100.00114616403984,100.00358579723434,100.00802889055682,100.01459382686238,100.02308625016894,100.03313714096,100.04431840996723,100.05621612289694,100.06846791081487,100.08077664210367,100.09291054481712,100.1046966684816,100.11601181098486,100.12677315121093,100.13692967107045,100.14645479166943,100.15534029936066,100.16359146957835,100.17122322895867
-0.049679999999999995,100.0000000422583,100.0000124249422,100.00022358398351,100.00123768959807,100.00382421186094,100.00848684529771,100.01532325128706,100.02411356326236,100.03446623638636,100.04593649160304,100.05809960966174,100.07058728310102,100.08309999251992,100.09540597503549,100.1073337864567,100.11876257857003,100.12961228760899,100.13983476667688,100.14940624251898,100.1583211378182,100.16658714155508,100.17422135003308
-0.04944,100.00000005088921,100.00001409807942,100.00024593121425,100.00133619615487,100.00407765936177,100.00896939381887,100.01608675186986,100.0251832861701,100.03584441012846,100.04760853761049,100.06004027995523,100.07276561673787,100.08548289993595,100.09796062665362,100.11002908198955,100.12156995992338,100.13250610767268,100.14279237179456,100.15240788004921,100.16134976456405,100.16962818297154,100.17726244202228
-0.049199999999999994,100.00000006122778,100.00001598993902,100.00027042611241,100.00144218442257,100.0043470199139,100.00947774616922,100.01688576609516,100.02629697523841,100.0372732460654,100.04933609219349,100.06203959382705,100.0750042614568,100.08792659109751,100.10057560008946,100.11278353190697,100.1244348147227,100.13545536241773,100.14580313818854,100.15546026638148,100.16442666142389,100.17271500418079,100.18034685196456
-0.04896,100.00000007360043,100.00001812806704,100.00029726483109,100.00155618771998,100.00463321904905,100.01001316283707,100.01772178046433,100.02745623035737,100.03875436427138,100.05112072800796,100.06409903249411,100.07730458174055,100.09043230209076,100.103252000679,100.11559811442852,100.12735800128941,100.13846079940558,100.14886771260642,100.15856395748845,100.16755230328828,100.1758480080864,100.18347491914692
-0.04871999999999999,100.00000008839372,100.00002054330967,100.00032666016774,100.00167877374398,100.00493722940585,100.0105769560641,100.01859633122717,100.02866269514065,100.04028942075165,100.05296404557704,100.06622009754642,100.0796679559084,100.09300127737326,100.10599093770031,100.11847380821524,100.13034037568237,100.14152316189421,100.15198673599228,100.16171950247345,100.1707271574567,100.17902758954904,100.18664697457083
-0.048479999999999995,100.00000010606487,100.00002327018154,100.00035884281863,100.00181054640187,100.00526007249735,100.01117049112938,100.01951100505161,100.02991805702771,100.04188010709655,100.05486767262853,100.06840431008278,100.08209577514117,100.09563476875503,100.10879352335697,100.12141159138669,100.1333827907676,100.14464318797162,100.1551608426889,100.16492744284253,100.1739516829783,100.18225413479277,100.18986334042047
-0.04824,100.00000012715425,100.00002634727107,100.00039406270913,100.0019521477029,100.00560282048913,100.01179518759689,100.0204674396258,100.03122404730361,100.04352815005076,100.05683326335215,100.07065320977566,100.08458944244579,100.0983340343299,100.11166087172231,100.12441244050761,100.13648609526568,100.14782160967341,100.15839065962977,100.1681883117712,100.17722632999104,100.18552802081307,100.19312432953491
-0.047999999999999994,100.00000015229979,100.00002981768577,100.00043259040217,100.0021042597069,100.00596659798256,100.01245252052001,100.02146732418669,100.03258244103169,100.04523531099444,100.0588624975753,100.07296835386435,100.08715037155989,100.10110033735825,100.11459409764547,100.12747732954594,100.1396511327783,100.15105915208662,100.16167680552299,100.17150263336754,100.18055153906099,100.18884961478784,100.19643024488595
-0.04776,100.00000018225393,100.00003372954095,100.00047471858684,100.00226760652751,100.00635258379701,100.01314402159623,100.02251239996856,100.0339950568945,100.04700338533291,100.06095707985533,100.07535131607635,100.08977998579694,100.10393494510245,100.11759431562093,100.13060722880391,100.14287874079632,100.15435653244174,100.16501989002887,100.17487092193372,100.18392774052374,100.19221927349372,100.19978137906327
-0.04751999999999999,100.0000002179032,100.0000381364949,100.00052076364933,100.00244295638717,100.00676201274489,100.01387128026455,100.02360446056579,100.03546375693831,100.04883420179252,100.06311873848713,100.07780368547654,100.09247971683251,100.10683912761606,100.12066263862351,100.13380310382438,100.14616974969124,100.15771445919515,100.16842051293376,100.1782936812281,100.18735535383001,100.19563734272903,100.2031780137687
-0.047279999999999996,100.00000026029119,100.00004309833467,100.00057106732788,100.00263112372008,100.00719617739257,100.01463594473866,100.02474535220321,100.03699044621702,100.05072962161985,100.06534922442533,100.08032706524459,100.09525100343294,100.10981415648868,100.12380017691055,100.13706591427452,100.14952498169252,100.16113363110411,100.17187926332191,100.18177140372998,100.19083478689738,100.19910415674585,100.2066204193215
-0.04704,100.00000031064505,100.00004868161649,100.00062599845963,100.0028329713385,100.00765642983593,100.01543972302098,100.0259369739758,100.03857707240972,100.05269153776784,100.06765031020937,100.08292307147127,100.09809529021655,100.11286130363438,100.12700803687594,100.14039661288687,100.15294524992568,100.16461473636438,100.17539671881016,100.18530456996633,100.19436643552241,100.20262003774032,100.21010885421924
-0.046799999999999994,100.00000037040645,100.00005496036805,100.00068595484002,100.00304941271169,100.0081441835809,100.01628438403162,100.02718127822862,100.04022562561036,100.05472187428433,100.0700237891156,100.08559333219857,100.10101402666812,100.11598184033593,100.13028732015727,100.14379614464688,100.15643135768713,100.16815845197291,100.17897344499491,100.18889364803714,100.1979506829775,100.2061852955138,100.21364356485655
-0.04656,100.00000044126735,100.00006201685537,100.00075136518456,100.00328141431477,100.00866091544424,100.01717175872393,100.02848027091149,100.04193813809509,100.05682258568893,100.07247147431066,100.08833948647352,100.10400866617744,100.11917703632143,100.13363912278113,100.14726544602213,100.15998409776287,100.17176544313494,100.18260999494314,100.19253909318388,100.20158789964952,100.20980022717396,100.21722478528103
-0.04631999999999999,100.00000052521145,100.00006994241855,100.00082269119072,100.00352999803172,100.00920816744402,100.01810374114423,100.02983601185593,100.04371668400825,100.058995656275,100.07499519794091,100.09116318335018,100.10708066503767,100.12244815881085,100.137064534287,100.15080544417746,100.1636042517386,100.17543636266697,100.18630690868267,100.19624134735967,100.2052784426817,100.21346511684058,100.22085273695544
-0.046079999999999996,100.0000006245622,100.00007883838137,100.00090042970183,100.0037962436084,100.00978754867272,100.01908228942804,100.03125061496863,100.0455633789622,100.06124309933294,100.07759681015536,100.09406608083843,100.1102314814028,100.12579647153234,100.14056463682977,100.15441705617567,100.16729258930113,100.17917185039555,100.19006471269165,100.20000083880137,100.20902265561975,100.21718023535685,100.22452762852603
-0.04584,100.00000074203835,100.00008881703955,100.00098511497403,100.00408129115095,100.0104007371455,100.02010942672557,100.03272624833437,100.04748037954622,100.06356695629204,100.0802781780604,100.09704984479818,100.11346257420328,100.12922323370783,100.1441405042606,100.15810118816421,100.17104986753155,100.18297253255236,100.19388391938789,100.20381798160398,100.21282086806193,100.22094584000625,100.22824965559768
-0.045599999999999995,100.00000088081792,100.00010000273319,100.00107732104762,100.00438634366422,100.01104948161569,100.02118724204838,100.03426513422284,100.04946988273991,100.0659692957774,100.08304118460394,100.10011614777795,100.1167754020196,100.13272969900811,100.147793201187,100.16185873454822,100.1748768301909,100.18683902116622,100.19776502661847,100.20769317529816,100.2166733953144,100.22476217423592,100.23201900051635
-0.04536,100.00000104461213,100.00011253300853,100.00117766422262,100.00471266962435,100.01173560334874,100.02231789102937,100.0358695489925,100.05153412522687,100.06845221257949,100.08588772738806,100.10326666779748,100.12017142191374,100.13631711447752,100.1515237820119,100.1656905771509,100.17877420699887,100.19077191345295,100.20170851715085,100.21162680443166,100.22058053805225,100.22862946738715,100.2358358321597
-0.04511999999999999,100.00000123775054,100.00012655987472,100.00128680563901,100.00506160557876,100.01246099784612,100.02350359658782,100.03754182288556,100.05367538260413,100.07101782653362,100.08881971740834,100.1065030870738,100.12365208821896,100.13998671942946,100.15533328995367,100.16959758436202,100.182742712907,100.19477179120422,100.20571485816632,100.21561923815574,100.22454258198742,100.2325479344341,100.23970030573685
-0.044879999999999996,100.00000146527897,100.00014225116088,100.00140545396039,100.00543455876617,100.0132276365092,100.02474664949126,100.03928433970803,100.05589596848402,100.07366828130756,100.09183907771983,100.10982709069114,100.12721885128855,100.1437397443133,100.15922275604761,100.17358061027626,100.1867830473676,100.19883922017672,100.20978450075732,100.21967082981801,100.22855979754488,100.23651777573195,100.24361256259832
-0.04464,100.00000173307217,100.0001597919794,100.00153436816014,100.00583300974873,100.01403756823416,100.02604940880612,100.0410995363889,100.05819823348455,100.0764057430955,100.0949477420289,100.11324036521529,100.13087315620491,100.14757740955469,100.1631931981311,100.17764049382303,100.1908958936003,100.20297474948373,100.21391787943037,100.22378191656317,100.23263243954828,100.24053917677584,100.24757273005747
-0.044399999999999995,100.00000204796302,100.00017938630081,100.00167436040769,100.00625851504745,100.01489292092708,100.02741430222845,100.04298990241308,100.06058456410551,100.07923239921752,100.0981476532116,100.11674459725361,100.13461644145055,100.15150092437109,100.16724561981434,100.18177805788993,100.19508191785835,100.20717891099055,100.21811541161624,100.22795281894338,100.23676074691704,100.24461230797198,100.25158092122491
-0.04416,100.00000241789095,100.00020125864597,100.0018262990524,100.00671270977148,100.01579590292974,100.02884382628733,100.04495797912307,100.0630573814881,100.08215045662382,100.10144076175912,100.12034147196243,100.1384501375433,100.15551148556486,100.17138100943936,100.18599410844233,100.19934176869685,100.21145221871652,100.2223774971897,100.23218384054043,100.24094494237637,100.24873732442286,100.25563723485726
-0.043919999999999994,100.00000285207173,100.00022565590096,100.00199111170114,100.0071973102314,100.01674880434493,100.03034054641257,100.04700635888459,100.06561914005567,100.08516214030428,100.10482902415227,100.124032671504,100.14237566563854,100.15961027629712,100.17560033903,100.19028943364204,100.20367607624598,100.21579516824602,100.22670451800127,100.23647526760163,100.24518523218252,100.25291436572829,100.25974175522218
-0.04368,100.00000336119193,100.0002528492602,100.00216978838564,100.00771411652569,100.01775399825144,100.0319070968597,100.04913768411251,100.06827232603526,100.08826969160391,100.10831440116677,100.12781987345635,100.14639443610163,100.16379846484553,100.17990456323656,100.19466480296819,100.20808545149197,100.22020823615125,100.23109683742331,100.24082736869214,100.24948180586527,100.25714355580419,100.26389455198128
-0.04344,100.00000395763115,100.00028313630285,100.00236338481396,100.00826501508932,100.01881394179779,100.033546180485,100.05135464615361,100.07101945585892,100.09147536644625,100.11189885611279,100.13170474917933,100.15050784705464,100.1680772033503,100.18429461827881,100.1991209663441,100.21257048556939,100.22469187943001,100.23555479991369,100.24524039436592,100.25383483599015,100.26142500272132,100.26809568009296
-0.043199999999999995,100.00000465571571,100.00031684320737,100.00257302570033,100.00885198119299,100.01993117716471,100.0352605683645,100.0536599840239,100.07386307444591,100.09478143346715,100.1155843530121,100.13568896214142,100.15471728290196,100.17244762655264,100.18877142089157,100.20365865327399,100.21713174906849,100.22924653496182,100.24007873059969,100.24971457685857,100.25824447794258,100.26575879856624,100.27234517973694
-0.04296,100.00000547200804,100.00035432710902,100.00279990816634,100.00947708138081,100.02110833238622,100.03705309925111,100.05605648299895,100.07680575336732,100.09819017206254,100.11937285471787,100.1397741662124,100.15902411283977,100.17691085053086,100.19333586727794,100.20827857199416,100.22176979136142,100.23387261898591,100.24466893488575,100.25425012980438,100.26271086973702,100.27014501932662,100.27664307626296
-0.042719999999999994,100.00000642563623,100.00039597860444,100.0030453052058,100.01014247583437,100.02234812201988,100.03892667886535,100.05854697305719,100.07985008889577,100.10170387035505,100.1232663209825,100.14396200392791,100.16342968935561,100.18146797143962,100.197988832075,100.21298140864313,100.22648513995182,100.23857052660512,100.24932569808826,100.25884724798131,100.2672341318533,100.2745837248035,100.28098938016518
-0.04248,100.00000753866907,100.00044222440708,100.00331056920464,100.01085042065094,100.02365334765734,100.0408842790162,100.06113432717665,100.08299869994407,100.10532482308466,100.12726670648001,100.1482541047323,100.16793534672429,100.18612006425872,100.20273116733792,100.21776782645618,100.2312782998522,100.24334063131965,100.2540492851011,100.26350610708637,100.27181436710322,100.2790749585528,100.2853840870849
-0.04224,100.00000883654224,100.0004935301571,100.00359713550712,100.01160327002434,100.02502689826842,100.04292893655095,100.06382145948952,100.08625422590033,100.10905532943276,100.13137595879242,100.15265208320949,100.17254239950904,100.19086818155915,100.20756370154976,100.22263846499052,100.23614975299517,100.24818328459595,100.25883994009648,100.26822686354603,100.27645166053091,100.28361874785904,100.28982717784395
-0.041999999999999996,100.0000103485421,100.00055040342059,100.00390652614811,100.0124034785803,100.0264717507605,100.04506375261445,100.0666113238336,100.08961932492304,100.1128976913421,100.13559601690375,100.15715753781446,100.17725214154392,100.19571335272275,100.21248723905202,100.22759393973668,100.24109995799567,100.2530988157522,100.26369788650976,100.27300965457951,100.2811460795375,100.28821510390716,100.29431861865177
-0.04176,100.00001210835428,100.00061339694709,100.00424035398336,100.01325360431804,100.0279909714014,100.0472918930009,100.06950691355543,100.09309667357066,100.11685421318836,100.13992881101461,100.16177205086193,100.1820658460896,100.20065658424109,100.21750256045698,100.23263484261474,100.24612935070454,100.25808753254715,100.2686233276454,100.2778545988079,100.28589767448248,100.29286402236811,100.29885836166957
-0.041519999999999994,100.0000141546848,100.00068311215334,100.00460032702811,100.01415631173636,100.02958771745162,100.04961658875904,100.07251126160328,100.09668896673996,100.12092720176271,100.14437626265668,100.16649718879478,100.18698476624442,100.20569886024283,100.22261042326144,100.23776174264582,100.25123834491312,100.26314972189756,100.27361644739128,100.28276179695334,100.29070647935902,100.29756548404421,100.30344634562171
-0.04128,100.00001653196287,100.00076020283792,100.00498825297629,100.01511437507385,100.03126523889439,100.05204113690516,100.07562744074124,100.10039891773211,100.12511896637997,100.14894028492405,100.17133450255689,100.19201013544503,100.21084114309598,100.22781156252073,100.24297518667058,100.25642733309287,100.26828565062013,100.27867741094856,100.2877313325461,100.29557251247074,100.30231945551054,100.30808249639853
-0.04103999999999999,100.00001929113475,100.0008453791419,100.00540604391304,100.01613068167684,100.03302688027638,100.05456890125504,100.07885856389215,100.10422925845018,100.12943181911317,100.15362278281995,100.17628552806676,100.1971431680521,100.21608437407882,100.23310669157677,100.24827570010821,100.2616966871636,100.27349556619166,100.28380636557107,100.2927632726338,100.30049577710436,100.30712588974714,100.312766727646
-0.040799999999999996,100.00002249055967,100.00093941177177,100.00585572123482,100.0172082355093,100.03487608267332,100.05720331338583,100.08220778461656,100.10818273973179,100.13386807515451,100.15842565371618,100.18135178678726,100.20238506001482,100.22142947411352,100.23849650283329,100.25366378774905,100.2670467592834,100.27877969752107,100.28900344130774,100.29785766848663,100.30547626219277,100.31198472675682,100.31749894133715
-0.04056,100.00002619701966,100.00104313650255,100.00633942079266,100.01835016082057,100.03681638579437,100.05994787373866,100.08567829773442,100.1122621318194,100.13843005330224,100.16335078792196,100.1865347863869,100.2077369896087,100.22687734455549,100.24398166857142,100.25913993457385,100.27247788265359,100.28413825572645,100.2942687517423,100.30301455629308,100.31051394296296,100.31689589416376,100.32227902832092
-0.040319999999999995,100.00003048685633,100.00115745898056,100.00685939827592,100.0195597059873,100.03885143023996,100.06280615287291,100.0892733400957,100.11647022497031,100.14312007657195,100.16840006935877,100.19183602148685,100.21320011823985,100.23242886803165,100.24956284179825,100.26470460659256,100.27799037233181,100.28957143491067,100.29960239472346,100.3082339578401,100.31560878156365,100.32185930778785,100.3271068688437
-0.04008,100.00003544724912,100.00128335984688,100.00741803485545,100.02084024754737,100.04098495992788,100.06578179288212,100.0929961915056,100.1208098302078,100.14794047293061,100.1735753763366,100.19725697448821,100.2187755913092,100.23808490932025,100.25524065712132,100.27035825169544,100.28358452604623,100.29507941292908,100.30500445308013,100.31351588117221,100.3207607276672,100.32687487218962,100.33198233303914
-0.039839999999999993,100.00004117765071,100.00142190020499,100.00801784310644,100.0221952944444,100.04322082470277,100.06887850898222,100.0968501758094,100.12528378021422,100.15289357615055,100.17887858242685,100.20279911647302,100.22446453912931,100.24384631626488,100.26101573164114,100.27610130050914,100.2892606250037,100.30066235214255,100.31047499531475,100.31886032122362,100.3259697190405,100.33194248118157,100.33690528138197
-0.039599999999999996,100.00004779139732,100.00157422745757,100.00866147323384,100.02362849250264,100.04556298314415,100.07210009128131,100.1008386621412,100.12989493036582,100.15798172678024,100.18431155742647,100.20846390817202,100.23026807788645,100.2497139207147,100.26688866585445,100.28193416725033,100.29501893468532,100.30632040014929,100.31601407626921,100.32426726041791,100.3312356820798,100.33706201830059,100.34187556510132
-0.03936,100.00005541751234,100.00174158154036,100.0093517196242,100.02514362915278,100.04801550558861,100.07545040674074,100.10496506634068,100.13464615990891,100.16320727322802,100.18987616840717,100.21425280099244,100.23618731063998,100.25568853948322,100.27286004456005,100.28785725056932,100.3008597056216,100.31205369048885,100.32162173775707,100.32973666922962,100.33655853230438,100.34223335723712,100.34689302654944
-0.039119999999999995,100.00006420272473,100.00192530158324,100.01009152775045,100.02674463843051,100.05058257738163,100.07893340133616,100.10923285254063,100.13954037327561,100.16857257295412,100.19557428084342,100.22016723809757,100.24222332835096,100.26177097531718,100.2789304377594,100.29387093437623,100.3067831741409,100.31786234331192,100.32729800915587,100.3352685067022,100.34193817480396,100.34745636221653,100.35195749952186
-0.03888,100.00007431372443,100.0021268330316,100.01088400145797,100.02843560627039,100.05326850237452,100.08255310242718,100.11364553492773,100.14458050153748,100.17407999376586,100.20140775981207,100.22620865553075,100.24837721093184,100.26796201786745,100.28510040154407,100.29997558864203,100.31278956308354,100.32374646600903,100.33304290795392,100.34086272091699,100.34737450463494,100.35273088832811,100.35706880952453
-0.038639999999999994,100.00008593967966,100.00234773526404,100.0117324106623,100.03022077611854,100.05607770668232,100.08631362134352,100.11820667967852,100.1497695039939,100.17973191521043,100.20737847125612,100.2323784833748,100.25465002830806,100.27426244465312,100.29137047896161,100.30617157016671,100.31887908247452,100.32970615379197,100.33885644024525,100.34651924940768,100.35286740716053,100.35805678179723,100.36222677398447
-0.0384,100.00009929504306,100.00258968974607,100.01264019949156,100.03210455488883,100.0590147427179,100.09021915619495,100.12291990707126,100.15511036989179,100.18553073005856,100.2134882833046,100.2386781469386,100.2610428414833,100.2806730220104,100.29774120085172,100.312459223307,100.32505193014815,100.33574149022125,100.34473860116695,100.35223801951487,100.35841675833008,100.36343388019647,100.36743120239944
-0.03816,100.00011462267547,100.00285450876271,100.01361099490835,100.03409151928804,100.06208429351818,100.09427399491202,100.12778889377404,100.16060612027262,100.19147884587242,100.21973906764018,100.2451090679614,100.26755670359867,100.28719450601726,100.30421308664435,100.31883888065572,100.33130829231675,100.34185254767301,100.35068937527313,100.35801894867565,100.36402242489247,100.36886201259117,100.3726818964232
-0.037919999999999995,100.00013219731947,100.00314414477714,100.01464861584908,100.03618642253615,100.06529117737746,100.09848251852385,100.13281737530882,100.16625980994152,100.1975786866499,100.22613270090538,100.25167266582571,100.27419266097672,100.29382764338472,100.31078664511124,100.32531086366502,100.33764834407687,100.34803938773908,100.35670873683921,100.36386194464237,100.36968426453916,100.37434099961523,100.37797864988211
-0.03768,100.00015232945631,100.00346070046683,100.0157570829209,100.03839420150942,100.06864035280354,100.1028492046784,100.13800914869,100.17207452955299,100.20383269453728,100.23267106613828,100.25837035876862,100.28095175414059,100.30057317230583,100.31746237506214,100.33187548320556,100.3440722498455,100.3543020615533,100.36279665009106,100.36976690562587,100.37540212597172,100.37987065347268,100.38332124871945
-0.037439999999999994,100.00017536958319,100.00380643949318,100.01694062869876,100.04071998433422,100.07213692381157,100.10737863141057,100.14336807523557,100.17805340780693,100.21024333160145,100.23935605422733,100.2652035650816,100.28783501879823,100.30743182325276,100.3242407659773,100.3385330400535,100.35058016371886,100.36064061003795,100.36895306935263,100.37573372035722,100.38117584888923,100.38545077786087,100.38870947086325
-0.0372,100.00020171295077,100.0041837980613,100.01820370865835,100.04316909844498,100.07578614555136,100.11207548114166,100.14889808352801,100.18419961372885,100.21681308163485,100.24618956535994,100.27217370427459,100.29484348676968,100.31440431970186,100.33112229855818,100.34528382528994,100.35717222974054,100.36705506405787,100.37517793910212,100.38176226805948,100.38700526388781,100.39108116780844,100.39414308601233
-0.03696,100.00023180480297,100.0045953969667,100.01955101190863,100.04574707782301,100.07959342872178,100.11694454326813,100.15460317090505,100.19051635750954,100.22354445060219,100.25317350922212,100.27928219711238,100.30197818590953,100.32149137797302,100.33810744450328,100.35212812002737,100.36384858158912,100.3735454440777,100.38147119360521,100.38785241806269,100.39289019206191,100.39676160926685,100.39962185522116
-0.036719999999999996,100.00026614616516,100.00504405375852,100.02098747084426,100.04845966817363,100.0835643413615,100.12199071391015,100.16048740212474,100.19700688867096,100.2304399646369,100.26030980300217,100.28653046371379,100.30924013834108,100.32869370561146,100.34519666503708,100.35906619407825,100.37060934137573,100.38011175907685,100.38783275593612,100.3940040289202,100.39883044420617,100.40249187838897,100.40514553024734
-0.03648,100.00030530022934,100.0055327954622,100.02251827081508,100.05131283176259,100.08770461014684,100.12721899513478,100.16655490753197,100.203674493785,100.2375021676497,100.26760036906433,100.29391992137406,100.31663035846091,100.3360119995815,100.35239040928641,100.36609830450097,100.37745461834442,100.38675400538887,100.39426253694141,100.40021694748327,100.40482581998866,100.40827174078996,100.41071385289051
-0.036239999999999994,100.00034989938823,100.00606487192321,100.02414885992057,100.05431275208511,100.09202012141874,100.13263449390116,100.17280988097824,100.21052249398822,100.24473361877504,100.27504713249732,100.30145198229326,100.32414985087476,100.34344694441178,100.35968911262405,100.3732246941257,100.38438450756252,100.39347216553857,100.40076043420723,100.40649100798372,100.41087610713545,100.4141009508221,100.41632655434707
-0.036,100.00040065297392,100.00664376977767,100.02588495890076,100.05746583833549,100.09651692191399,100.13824242071067,100.17925657748451,100.21755424228715,100.25213688965347,100.28265201853809,100.30912805121206,100.33179960826683,100.35099921029445,100.36709319498267,100.3804455900633,100.39139908860362,100.40026620707931,100.40732633103272,100.41282603112695,100.416981080629,100.41997925086582,100.42198335458278
-0.03576,100.00045835575992,100.00727322705302,100.02773257109158,100.06077872964336,100.10120121917495,100.14404808794521,100.18589931063752,100.22477312064935,100.25971456154835,100.29041694987133,100.31694952295713,100.33958060920544,100.3586694511417,100.37460305914252,100.38776120220051,100.39849842422669,100.40713608143373,100.41396009541236,100.41922182319821,100.42314050192269,100.42590637063913,100.42768396172548
-0.035519999999999996,100.00052389728859,100.00795724839783,100.0296979924094,100.06425829904124,100.10607938161168,100.15005690787712,100.19274244971011,100.23218253687634,100.26746922229655,100.29834384380617,100.32491777989848,100.3474938158881,100.36645830260323,100.38221908899624,100.39517172168493,100.40568255905441,100.4140817227411,100.42066157903031,100.4256781751848,100.42935411817436,100.43188202652799,100.43342807147992
-0.03528,100.00059827209029,100.00870012093587,100.03178782132602,100.06791165712583,100.1111579381897,100.15627439033433,100.19979041649707,100.23978592125462,100.27540346309259,100.3064346093319,100.333034189322,100.35554017182983,100.37436638004846,100.38994164779507,100.40267731940376,100.41295151825487,100.42110304671475,100.42743061627004,100.43219486191732,100.43562166150143,100.43790592094021,100.43921536656741
-0.035039999999999995,100.00068259086311,100.00950643073553,100.03400896879117,100.07174615537421,100.11644357771681,100.16270614000497,100.20704768185853,100.24758672298255,100.28351987510706,100.31469114405552,100.34130010072074,100.36372059949889,100.38239427651766,100.39777107638052,100.41027814446043,100.42030530623002,100.42819994951326,100.4342670232427,100.43877164123307,100.44194284826055,100.44397774168537,100.44504551619241
-0.0348,100.00077809268616,100.0103810798799,100.0363686680563,100.07576938907451,100.12194314770159,100.1693578533658,100.2145187619638,100.25558840637083,100.29182104594089,100.32311533102411,100.34971684300943,100.37203599790455,100.39054256064735,100.40570769140628,100.41797432265346,100.4277439053155,100.43537230662939,100.44117059683751,100.44540825316484,100.44831737835486,100.45009716138368,100.4509181755387
-0.034559999999999994,100.00088615834267,100.01132930411818,100.03887448434902,100.07998919982865,100.1276636527569,100.17623531522007,100.22220821422941,100.26379444681606,100.30030955591744,100.33170903543638,100.35828572166685,100.38048724014217,100.39881177457468,100.41375178355547,100.42576595496264,100.43526727449616,100.4426199718007,100.44814111379851,100.45210441915864,100.45474493457196,100.45626383690659,100.45683298529792
-0.034319999999999996,100.00100832483227,100.01235669107213,100.04153432434421,100.08441367758415,100.13361225252103,100.18334439483075,100.23012063294607,100.27220832654743,100.30898797421598,100.34047410124796,100.36700801581193,100.38907517090165,100.40720243182672,100.42190361575871,100.43365311604722,100.4428753481419,100.44994277594635,100.45517832983101,100.45885984132399,100.46122518195588,100.46247740885215,100.46278957123293
-0.03408,100.00114630115529,100.0134691989657,100.04435644537286,100.08905116215033,100.13979625907037,100.19069104163616,100.23826064459054,100.28083353014746,100.31785885485044,100.34941234767642,100.37588497521975,100.39780060394507,100.4157150152009,100.43016342141871,100.44163585276193,100.45056803476893,100.4573405261345,100.46228197874238,100.46567420172032,100.46775776721653,100.46873750105833,100.46878754377897
-0.033839999999999995,100.00130198545439,100.0146731758379,100.04734946430675,100.0939102441529,100.14622313379706,100.19828128053615,100.24663290281961,100.28967353984976,100.32692473249884,100.3585255656123,100.38491781728439,100.40666431956117,100.42434997464319,100.43853140264774,100.44971418269623,100.45834521583164,100.46481300458518,100.4694517716212,100.47254716168379,100.47434231818004,100.47504372015727,100.47482649768553
-0.0336,100.00147748360232,100.01597537919217,100.05052236605225,100.0989997653811,100.15290048372668,100.20612120673837,100.25524208314461,100.2987318306168,100.33618811818958,100.36781551394367,100.39410772393651,100.41566706200378,100.43310772513118,100.44700772852458,100.45788809274323,100.46620674455069,100.4723599677136,100.47668739605936,100.47947836119819,100.48097844328379,100.48139565517396,100.48090601170185
-0.033359999999999994,100.00167512932622,100.01738299602673,100.05388451158301,100.10432881847991,100.15983605725111,100.21421698015546,100.26409287728634,100.30801186500328,100.3456514948521,100.37728391580282,100.40345583852411,100.4248095369225,100.44198864456982,100.45559253337802,100.46615753770432,100.47415244478293,100.47998114521909,100.48398851542191,100.4864674183143,100.48766573111985,100.48779287717268,100.48702564830909
-0.03312,100.00189750596137,100.01890366318203,100.05744564543755,100.10990674594011,100.16703773925367,100.22257481934552,100.2731899872125,100.31751708781098,100.3553173127405,100.38693245474408,100.41296326266578,100.43409240879475,100.4509930717079,100.46428591510434,100.47452243893645,100.48218210993936,100.48767623922501,100.49135476816929,100.49351392862211,100.49440375003059,100.49423493895468,100.4931849535024
-0.03288,100.00214746992899,100.02054548793241,100.06121590260389,100.11574313833876,100.17451354560454,100.23120099499057,100.28253811886037,100.32725092054353,100.3651879847399,100.39676277086352,100.42263105308669,100.44351629836822,100.46012130408398,100.47308793352654,100.48298268304914,100.49029550195736,100.49544492347547,100.49878576723702,100.50061746478022,100.50119204776071,100.50072137481061,100.49938345662596
-0.032639999999999995,100.00242817603342,100.02231706873897,100.06520581471023,100.12184783178323,100.18227161700634,100.24010182290883,100.29214197555048,100.33721675567018,100.3752658815671,100.40677645687171,100.43246021844797,100.45308178012422,100.46937359601111,100.48199860880382,100.49153812065836,100.49849235033373,100.50328684259432,100.5062810994782,100.50777757610703,100.50803015116954,100.50725170033152,100.50562067026429
-0.0324,100.00274310467493,100.02422751607133,100.0694263154373,100.128230904512,100.19032021217188,100.24928365659977,100.30200625109813,100.34741795070998,100.38555332687743,100.41697505413211,100.44245171618164,100.4627893797725,100.47875015660966,100.49101791989963,100.5001885652052,100.5067723512253,100.51120161141279,100.51384032517379,100.51499378823861,100.51491756600777,100.5138254122818,100.51189609019322
-0.032159999999999994,100.00309609107404,100.02628647322095,100.0738887451061,100.1349026726535,100.198667700364,100.25875287936486,100.3121356226693,100.35785782218052,100.39605259231821,100.4273600486999,100.45260644936037,100.47263957180257,100.48825114790948,100.50014580312552,100.50893379185298,100.51513516662821,100.5191888143742,100.52146297761769,100.52226560285804,100.52185377676268,100.52044198853712,100.51820919539196
-0.03192,100.00349135660241,100.02850413793743,100.07860485579968,100.14187368673537,100.20732255488971,100.2685158974671,100.32253474466079,100.36853964049662,100.4067658934286,100.43793286809425,100.46292526419008,100.4826327775548,100.49787668337906,100.50938215103068,100.5177735366592,100.52358042377118,100.5272480051005,100.52914856281903,100.52959249750424,100.52883824655038,100.5271008880422,100.52455944805241
-0.03168,100.00393354231363,100.03089128533584,100.08358681764435,100.14915472959927,100.21629334814386,100.2785791348307,100.33320824400775,100.3794666261321,100.4176953866222,100.44869487897734,100.47340894824711,100.49276936389221,100.50762682693056,100.51872681166007,100.52670749602508,100.53210771470923,100.5353787060946,100.5368965592863,100.53697392541734,100.53587041700717,100.53380155073654,100.53094629353032
-0.031439999999999996,100.00442774476473,100.03345929113237,100.08884722474205,100.15675681397022,100.22558874644186,100.288949027645,100.34416071546838,100.39064194579832,100.42884316620444,100.45964738487335,100.48405822875394,100.50304964190592,100.51750159195213,100.52817958783342,100.53573532615988,100.54071659592694,100.54358040844762,100.5447064178121,100.54440931538149,100.54294970817544,100.5405433974723,100.53736916028672
-0.0312,100.00497955421503,100.03622015509045,100.09439910060999,100.16469117954081,100.23521750451397,100.29963201875894,100.35539671678717,100.4020687085555,100.44021126135422,100.47079162386929,100.49487377084577,100.51347386561605,100.52750094033753,100.53774023642194,100.54485664254265,100.54940658793852,100.55185257154213,100.55257756125343,100.55189807156242,100.55007551838395,100.54732582992608,100.54382745982315
-0.030959999999999998,100.00559509528485,100.03918652461886,100.10025590308544,100.1729692895515,100.24518845965329,100.31063455186317,100.36692076373554,100.41374996185593,100.45180163306894,100.48212876629661,100.50585617582726,100.52404223066691,100.5376247815119,100.54740846762161,100.55407101938029,100.55817717488353,100.56019462275046,100.5605093843065,100.55943957333909,100.55724722412161,100.55414823050421,100.55032058661004
-0.030719999999999997,100.00628107014977,100.0423717184589,100.10643152865289,100.18160282684718,100.25551052550956,100.32196306545683,100.37873732502818,100.42568868751799,100.46361617107202,100.49365991239247,100.51700597941775,100.53475487301532,100.54787297145228,100.55718394422163,100.56337798906054,100.56702780411719,100.56860595712719,100.56850125327496,100.56703317512843,100.56446417990425,100.56100996224048,100.55684791800748
-0.030479999999999997,100.00704480433929,100.0457897503918,100.11294031614882,100.19060368939013,100.26619268552092,100.3336239865956,100.39085081711383,100.43788779763007,100.47565669068149,100.50538608993956,100.528323649984,100.5456118676105,100.55824531170174,100.56706628086708,100.57277704159902,100.57595788579421,100.57708593709447,100.57655250583079,100.57467820620226,100.57172571813324,100.56791036868576,100.56340881417775
-0.030239999999999996,100.00789429519956,100.04945535289264,100.11979704979855,100.19998398520937,100.27724398597557,100.34562372441793,100.40326559883853,100.45035013038253,100.48792492963857,100.5173082518827,100.53980958675879,100.55661322706437,100.56874154837558,100.57705504331396,100.58226762407877,100.58496679244497,100.58563389211946,100.58466245076697,100.58237397049584,100.57903114894543,100.57484877378891,100.57000261798923
-0.03,100.00883826306935,100.0533840006509,100.12701696153809,100.20975602676602,100.28867352869507,100.35796866344587,100.41598596597956,100.46307844582687,100.50042254489455,100.52942727392112,100.5514641180439,100.56775890031048,100.57936137115814,100.58714974767585,100.59184914008115,100.59405385854278,100.59424911838265,100.59283036774055,100.59011974640664,100.58637976005359,100.581824481768,100.57662865491059
-0.029759999999999998,100.00988620520674,100.0575919338729,100.13461573257263,100.21993232471377,100.30049046333068,100.37066515665656,100.42901614564786,100.47607542155973,100.51315110935447,100.54174395207446,100.56328749939577,100.57904877124999,100.59010441228871,100.59734985966013,100.60152094910686,100.60321838006105,100.60293087843586,100.60105550700564,100.59791478658295,100.59377081657632,100.58883677697119,100.58328623289502
-0.029519999999999998,100.0110484524897,100.06209618127436,100.14260949412196,100.23052558103359,100.31270397926447,100.38371951832089,100.44236029055673,100.48934364833048,100.52611210857586,100.55425900022097,100.57527991179231,100.59048265738332,100.60097024553505,100.60765479379286,100.61128236598549,100.61245961401933,100.61167840084904,100.60933708913493,100.60575831770107,100.60120356085689,100.59588492372684,100.58997464225347
-0.029279999999999997,100.01233622889852,100.06691458266627,100.15101482730171,100.24154868152102,100.32532329710598,100.39713801660493,100.45602247315422,100.50288562556983,100.5393069374203,100.56697304760567,100.58744145977869,100.60206030842535,100.61195838515278,100.61806391263033,100.62113266027244,100.62177677801664,100.62049087984457,100.61767430472884,100.61364954023036,100.60867721227001,100.60296816618157,100.59669315551663
-0.029039999999999996,100.01376171376984,100.07206581103053,100.15984876208827,100.25301468760445,100.33835765977575,100.4109268659299,100.47000667961645,100.51670375683763,100.5527368966562,100.57988663631689,100.59977216959044,100.61378140490244,100.62306828482885,100.62857652595609,100.63107105563172,100.63116904975098,100.62936747491783,100.62606631411134,100.621587628185,100.61619096701578,100.61008572812597,100.60344102728465
-0.0288,100.01533810679325,100.07756939397565,100.16912877531331,100.26493682747201,100.35181632316592,100.42509221908612,100.484316803699,100.53080034518698,100.56640318951001,100.59300021872856,100.61227198725163,100.62564555672957,100.6342993366076,100.63919188996148,100.6410967292031,100.64063556652378,100.63830731044318,100.63451224701127,100.62957172886185,100.62374399789992,100.61723681280702,100.61021749406406
-0.02856,100.01707969569887,100.08344573445645,100.17887278763304,100.27732848648462,100.36570854636882,100.43964015909613,100.49895664044324,100.5451775884426,100.58030691816381,100.60631415490637,100.62494077664614,100.63765230176523,100.64565086979731,100.64990920640847,100.65120881095216,100.65017542472778,100.64730947526377,100.64301120222812,100.63760096256313,100.63133545409946,100.62442060272646,100.61702177409121
-0.028319999999999998,100.01900192656106,100.08971613063501,100.18909915941559,100.29020319685195,100.38004358146331,100.45457669082172,100.51392987973392,100.55983757439003,100.59444908019654,100.61982870997514,100.63777831755965,100.64980110434243,100.65712214985547,100.66072762177261,100.6614063830018,100.65978767931706,100.65637302226423,100.65156224728125,100.64567442230314,100.638964460913,100.63163625942435,100.62385306714158
-0.028079999999999997,100.0211214766171,100.0964027947536,100.1998266854885,100.30357462654776,100.39483066284862,100.46990773230996,100.52924009970474,100.57478227587305,100.60883056496618,100.63354405144487,100.65078430369007,100.66209135377326,100.66871237725087,100.67164622636476,100.6716884789436,100.66947134325792,100.66549696792488,100.66016441804133,100.65379117349796,100.64663011949477,100.63888292324714,100.63071055432411
-0.027839999999999997,100.02345632947167,100.10352887088332,100.2110745886871,100.3174565674409,100.41007899611554,100.48563910587188,100.54489075998762,100.5900135457959,100.62345214992985,100.64746024649301,100.66395834062392,100.6745223628251,100.68042068630047,100.68266405342952,100.68205408312721,100.67922538695896,100.67468029185623,100.66881671834311,100.66195025363722,100.65433150657142,100.64615971309921,100.63759339786004
-0.027599999999999996,100.02602585252725,100.11111845140566,100.22286251214287,100.33186292261686,100.42579774644356,100.5017765288886,100.56088519480187,100.60553311202675,100.63831449689896,100.66157725919982,100.6772999437762,100.68709336616605,100.69224614397895,100.69378007821871,100.69250212992668,100.68904873767916,100.68392193631253,100.67751811957793,100.67015067193678,100.66206767414086,100.65346572617746,100.64450074084542
-0.02736,100.0288508764481,100.11919659207686,100.23521051024952,100.34680769286543,100.44199602651305,100.51832560433802,100.57722660587841,100.6213425721991,100.6534181482259,100.67589494773418,100.69080853629103,100.69980351877724,100.70418774869891,100.70499321703795,100.70303150298139,100.69894027891235,100.69322080568293,100.68626756026543,100.67839140897145,100.66983764915189,100.66080003768776,100.65143170699658
-0.02712,100.0319537764305,100.12778932545613,100.24813903817693,100.36230496224917,100.45868288387227,100.53529181099789,100.59391805518597,100.6374433883855,100.66876352290392,100.69041306147628,100.70448344689363,100.7126518943258,100.71624442905811,100.71630232626478,100.71364103441222,100.70889884974935,100.7025757659627,100.69506394560698,100.68667141629135,100.67764043316927,100.66816170054784,100.65838540038318
-0.026879999999999998,100.03535855501508,100.1369236713293,100.26166893861426,100.37836888162539,100.47586728685215,100.55268049262362,100.61096245693206,100.65383688125935,100.6843509123085,100.70513123789465,100.71832390758087,100.72563748343957,100.72841504253631,100.72770620135314,100.72432950405202,100.71892324427618,100.71198564427701,100.70390614710409,100.69498961611255,100.68547500211997,100.67554974517681,100.66536090525165
-0.026639999999999997,100.03909092613794,100.14662764377354,100.27582142560114,100.39501365009784,100.49355810906424,100.57049684616162,100.62836256890864,100.67052422381448,100.7001804756466,100.72004899923797,100.73232905120412,100.73875919193125,100.74069837418389,100.73920357586086,100.73509563872256,100.72901221103602,100.72144922848095,100.7127930022629,100.70334490110051,100.69334030613668,100.68296317938483,100.67235728595013
-0.026399999999999996,100.04317840007633,100.15693025557286,100.29061806639932,100.4122534953204,100.51176411327148,100.58874590963589,100.64612098367793,100.68750643501699,100.71625223538803,100.73516574923639,100.74649790907554,100.75201583905272,100.75309313534345,100.75079312051078,100.74593811154428,100.73916445252254,100.73096526678978,100.72172331432652,100.71173613417962,100.7012352694259,100.6904009882857,100.67937358687536
-0.02616,100.04765036890181,100.16786151979703,100.30608076137378,100.43010265267439,100.53049393466716,100.60743254974172,100.66424011962738,100.70478437341217,100.73256607269703,100.75048076982529,100.7608294086078,100.76540615578688,100.76559796240919,100.76247344228845,100.75685554128069,100.74937862470559,100.74053246743858,100.73069585203478,100.72016214836773,100.709158790159,100.69786213423055,100.68640883243843
-0.02592,100.05253819200985,100.17945244831628,100.32223172181496,100.44857534330873,100.54975606356955,100.62656144915859,100.68272221190543,100.72235873069684,100.74912172287253,100.76599321789894,100.77532237099246,100.77892878318104,100.77821141562804,100.77424308357948,100.76784649171961,100.75965333659074,100.7501494983732,100.7397093494124,100.72862174663697,100.71710974038699,100.70534555676315,100.69346202705077
-0.025679999999999998,100.05787528124829,100.19173504701959,100.33909344563739,100.46768575103505,100.56955882754167,100.64613709359581,100.70156930325095,100.7402300252681,100.76591877080577,100.78170212210092,100.78997550892312,100.7925822707271,100.79093197794589,100.78610052134964,100.77890947109418,100.76998714981549,100.75981498697458,100.74876250558759,100.73711370180189,100.72508696598041,100.71285017259834,100.70053215513092
-0.025439999999999997,100.06369718512086,100.20474230750241,100.35668869089338,100.48744799807322,100.58991037294857,100.6661637585861,100.72078323473032,100.75839859575984,100.78295664646484,100.79760637965873,100.80478742436921,100.80636507479272,100.8037580539032,100.79804416637087,100.79004293154601,100.78037857828367,100.76952751981771,100.7578539846422,100.74563675643641,100.73308928659546,100.72037487562399,100.70761818113294
-0.025199999999999997,100.07004167149363,100.21850819498745,100.37504044704453,100.50787611964635,100.61081864596639,100.68664549604328,100.7403656363967,100.77686459457944,100.80023462041586,100.81370475327067,100.81975660640656,100.82027555710914,100.81668796858382,100.81007236249661,100.80124526863325,100.79082608784077,100.77928564246783,100.76698241549525,100.754189622821,100.74111549566723,100.72791853692789,100.71471904959753
-0.024959999999999996,100.07694880818387,100.2330676322422,100.39417190393878,100.528984037428,100.63229137306035,100.70758612060307,100.76031791788763,100.79562798145739,100.81775179939112,100.82999586805272,100.83488142911123,100.83431198332008,100.82971996662124,100.82218338598955,100.81251482088634,100.80132809599222,100.78908785931496,100.77614639182131,100.76277098292118,100.74916436043151,100.73548000485037,100.72183368522636
-0.02472,100.08446104076226,100.24845647925773,100.41410641844615,100.55078553184879,100.65433604095129,100.7289891957662,100.78064125897774,100.8146885170236,100.83550712191457,100.84647820855416,100.85016014952323,100.84847252159733,100.84285221126616,100.83437544490526,100.82384986941405,100.81188297166679,100.79893263344928,100.78534447200533,100.77137948839896,100.75723462197612,100.74305810506367,100.72896099298077
-0.02448,100.09262326685055,100.26471150845582,100.43486747871174,100.5732942132733,100.6769598760933,100.75085801986609,100.80133660010459,100.83404575642427,100.85349935399616,100.86315011585012,100.8655909056866,100.86275524132843,100.85608278352014,100.84664667853542,100.83524863756287,100.82248903502779,100.808818386579,100.79457517913559,100.78001376065829,100.76532499532307,100.750651640679,100.73609985820566
-0.024239999999999998,100.10148290614924,100.28187037519523,100.456478665992,100.5965234920636,100.70016982368783,100.77319561188412,100.82240463288674,100.8536990429947,100.87172708490613,100.8800097847203,100.88117171477325,100.87715811188151,100.86940968133909,100.85899515691355,100.84670929063229,100.83314455733394,100.8187434989926,100.80383700103633,100.78867239092622,100.77343416954244,100.75825939238248,100.74324914677918
-0.023999999999999997,100.11108996538242,100.29997158335391,100.47896361404672,100.62048654754967,100.72397252626224,100.7960046971378,100.84384579065413,100.87364750200307,100.89018872304145,100.89705526092301,100.89690047129729,100.8916790014533,100.88283081891167,100.8714188803875,100.8582299356492,100.84384776085274,100.82870630956764,100.81312839034175,100.79735394037093,100.78156080789968,100.76588011860078,100.7504077052895
-0.023759999999999996,100.12149709730194,100.31905444577116,100.50234596606761,100.64519629593266,100.74837430184463,100.81928769286891,100.86566023901186,100.89389003448176,100.90888249189659,100.91428443857367,100.91277494542726,100.90631567600575,100.89634402601644,100.88391577926171,100.86980862120399,100.85459681882836,100.83870511582792,100.82244776461299,100.806056940258,100.78970354803685,100.77351255569748,100.75757436123918
-0.02352,100.13275965284957,100.33915903934307,100.5266493291324,100.67066535715212,100.7733811217689,100.84304669376023,100.8878478664601,100.91442531116306,100.92780642615145,100.93169505763782,100.92879278140381,100.92106579829718,100.90994704746286,100.89648371351326,100.88144333735144,100.86538985550659,100.84873817405106,100.83179350649979,100.81477989214662,100.79786100218966,100.78115541820144,100.76474792327826
-0.02328,100.14493572553532,100.36032615457589,100.55189722618313,100.6969060207537,100.79899858814792,100.86728345741162,100.91040827509288,100.93525176653648,100.94695836788947,100.94928470154835,100.94495149607023,100.93592692701367,100.92363754262051,100.90912047258523,100.8931320155796,100.8762249462195,100.85880369942846,100.84116396394849,100.82352126812664,100.80603175744085,100.78880739906771,100.77192718146682
-0.023039999999999998,100.15808618705242,100.38259723941499,100.57811304553658,100.72393021079988,100.82523191105577,100.89199938980805,100.93334077140061,100.95636759304607,100.96633596295938,100.96705079495699,100.96124847752363,100.95089651600686,100.93741308504119,100.92182377526105,100.90487252884911,100.88710011753167,100.86889986627968,100.85055745045798,100.83227951109848,100.81421437601175,100.79646716997259,100.77911090756788
-0.022799999999999997,100.17227471311635,100.40601433718284,100.60531998794566,100.75174944987185,100.85208588546308,100.91719553081363,100.95664435720177,100.9777707354464,100.98593665749469,100.98499060163076,100.97768098389469,100.96597191364414,100.95127116217871,100.93459126962384,100.91666269170658,100.89801334745124,100.87902480832324,100.8599722453854,100.84105303509666,100.82240739559263,100.80413338164333,100.78629785537176
-0.022559999999999997,100.18756779848582,100.43062001847647,100.63354101124163,100.78037482221748,100.87956486797326,100.94287253972807,100.98031772073007,100.9994588853364,101.00575769460475,101.00310122250357,100.99424614226395,100.98115036227725,100.96520917521127,100.94742053310412,100.92850026047458,100.90896256570745,100.889176619006,100.86940659430319,100.84984022565898,100.83060932971354,100.81180466422384,100.79348676105235
-0.02232,100.20403476010001,100.45645730689516,100.66279877259869,100.80981693610586,100.9076727534104,100.96903068094365,101.00435922790476,101.02142947589105,101.02579611125203,101.02137959389394,101.01094094772256,100.99642899783568,100.97922443897087,100.9603090726201,100.94038293352162,100.91994565409773,100.89935335189277,100.87885870940913,100.85863944024234,100.83881866815648,100.81947962767744,100.80067634355674
-0.02208,100.22174772724856,100.4835695986211,100.69311556857245,100.84008588552298,100.93641295135659,100.99566980976829,101.02876691382657,101.04367967681699,101.04604873533036,101.03982248589531,101.02776226257885,101.01180484954206,100.99331418197494,100.97325432480328,100.95230835160372,100.93096044689506,100.90955302110739,100.88832676997998,100.86744900867564,100.8470338773994,100.82715686221677,100.80786530501831
-0.02184,100.24078161767848,100.51200057724543,100.72451327405255,100.87119121200125,100.96578836314936,101.02278935872069,101.05353847466112,101.06620638959448,101.06651218293845,101.05842650088762,101.04470681562805,101.02727483964651,101.0074755464438,100.98625365618541,100.96427409814957,100.94200473118615,100.91977360169508,100.89780892274057,100.87626723352447,100.85525340096969,100.83483493864232,100.8150523310782
-0.021599999999999998,100.26121409853918,100.54179412342971,100.7570132798535,100.90314186636608,100.9958013591704,101.05038832417051,101.07867125981828,101.08900624294299,101.08718285580878,101.07718807214735,101.06177120147596,101.04283578318119,101.02170558831281,100.99930436336169,100.97627769950817,100.95307624716227,100.93001302993123,100.90730328217431,100.88509239039416,100.86347565973432,100.84251240861693,100.82223609114293
-0.021359999999999997,100.28312553106908,100.57299421842033,100.79063642828415,100.93594616994874,101.026453756127,101.07846525313627,101.10416226432109,101.11207558846235,101.10805693888518,101.09610346257888,101.07895187996019,101.05848438779257,101.0360012773067,101.01240367320327,100.98831662523608,100.96417268844213,100.94026920365555,100.9168079308547,100.89392272824993,100.8716990522042,100.85018780495174,100.82941523865135
-0.02112,100.30659889794008,100.60564484137316,100.82540294675535,100.96961177531878,101.05774679436277,101.10701823026498,101.13000812137984,101.13541049645951,101.12913039805605,101.11516876357244,101.09624517567266,101.0742172536547,101.05035949707845,101.02554874312193,101.00038828842675,100.97529170242868,100.95053998263438,100.92632091979965,100.90275646975603,100.87992195485407,100.85785964190559,100.83658841135288
-0.02088,100.3317197121976,100.63978986048649,100.86133237950727,101.00414562660343,101.08968111524256,101.13604486502146,101.1562050951885,101.15900675197202,101.15039897805032,101.13437989399299,101.11364727758668,101.09003087346554,101.06477704541457,101.03873666138765,101.01249004608235,100.98643089070045,100.9608231889509,100.93584026884886,100.91159181163384,100.88814272245834,100.86552641549734,100.84375423159683
-0.02064,100.35857590676414,100.67547291796626,100.89844351754844,101.03955391946396,101.12225673865737,101.16554227911625,101.18274907396169,101.1828598509993,101.17185820050341,101.15373259930479,101.13115423879138,101.1059216325283,101.07925063450767,101.05196444749993,101.02461919952883,100.99758780943795,100.9711166074239,100.94536396706471,100.92042692503938,100.89635968844307,100.87318660383197,100.85091130663322
-0.020399999999999998,100.38725770351664,100.71273730887403,100.93675432690839,101.07584206080473,101.1554730406973,101.1955070942015,101.20963556323018,101.20696499695333,101.1935033622,101.1732224508363,101.14876197633669,101.12188580891994,101.09377689129816,101.06522905261424,101.0367729948752,101.00875996988552,100.9814179860555,100.9548899731566,100.92925995596035,100.9045711652541,100.88083866744016,100.85805822892495
-0.020159999999999997,100.41785746099929,100.75162585393667,100.97628187531645,101.1130146282935,101.18932873154193,101.22593541986505,101.23685967941336,101.23131709733958,101.21532953350106,101.19284484518973,101.16646627119165,101.1379195737487,101.10835235788612,101.0785273600241,101.04894862351716,101.01994483884923,100.99172503650816,100.9644162159295,100.93808902563289,100.91277544474175,100.88848104963165,100.86519357647165
-0.019919999999999997,100.4504694998975,100.79218076642597,101.01704225742948,101.15107532977616,101.22382183361911,101.25682284195312,101.2644161436869,101.2559107606799,101.23733155696196,101.21259500379998,101.18426276831934,101.1540189915027,101.12297349201488,101.09185618570008,101.0611432226865,101.03113983923137,101.0020354346112,100.97394059475673,100.94691223097857,100.92097079856212,100.89611217686277,100.87231591314553
-0.01968,100.48518990547355,100.83444351324667,101.05905051874204,101.19002696267327,101.25894966008471,101.28816441125312,101.29229927616467,101.2807402936885,101.25950404614892,101.23246797264746,101.20214697687098,101.17018002049154,101.13763666762763,101.10521227888651,101.0733538760462,101.04234235060198,101.01234682089773,100.98346098007735,100.95572764506156,100.92915547859542,100.9037304591179,100.8794237890389
-0.01944,100.52211630625195,100.8784546704033,101.10232057832336,101.22987137344911,101.2947087936774,101.31995463256801,101.3205029904135,101.3057996987128,101.28184138466081,101.25245862212927,101.22011427050246,101.18639851338307,101.15233817549837,101.11859232275692,101.08557761433259,101.053549709808,101.02265680117175,100.99297521391853,100.96453331756646,100.9373277173813,100.9113342903055,100.88651574082417
-0.0192,100.56134762834134,100.9242537730484,101.14686515053609,101.27060941724868,101.33109506600367,101.35218745421463,101.34902078831988,101.33108267145015,101.30433772536342,101.2725616470931,101.23815988781608,101.20267021783687,101.16707422393854,101.13199293512913,101.09781141604483,101.06475921162051,101.03296294710643,101.00248111044318,100.97332727529705,100.94548572857173,100.91892204866879,100.89359029212608
-0.018959999999999998,100.60298382489209,100.97187916034804,101.19269566590265,101.31224091780116,101.3681035373101,101.38485625797844,101.37784575532757,101.35658259895202,101.32698698984312,101.29277156703851,101.25627893293026,101.21899077723677,101.18184093958077,101.14541066924097,101.1100522081826,101.07596810942074,101.04326279687352,101.01197645652337,100.98210752269617,100.95362770740145,100.92649209721105,100.90064595390653
-0.018719999999999997,100.64712558031226,101.02136781543435,101.239822191296,101.35476462769275,101.40572847680068,101.41795384955785,101.40697055606543,101.38229255792729,101.34978286808693,101.31308272648975,101.27446637618036,101.23535573152415,101.19663436824091,101.1588420145876,101.12229686703269,101.08717361592521,101.0535538558048,101.02145901233958,100.99087204238717,100.96175183117643,100.93404278413638,100.9076812248623
-0.01848,100.69387398900118,101.07275520074978,101.28825334964195,101.39817818911493,101.44396334355838,101.45147244953121,101.43638743038451,101.40820531335561,101.37271881839601,101.33348929554464,101.29271705495317,101.2517605181339,101.2114504758598,101.17228339782133,101.13454221900531,101.09837290395078,101.06383359708558,101.03092651200654,100.99961879573716,100.96985625978049,100.94157244330546,100.9146945918358
-0.01824,100.7433302085079,101.12607508912212,101.3379962393315,101.44247809519806,101.4828007681316,101.48540368488051,101.46608818982374,101.43431331742241,101.39578806753934,101.35398527060383,101.31102567465817,101.26820047303505,101.22628514952623,101.18573118371505,101.14678504152064,101.10956310721997,101.07409946248112,101.04037666422589,101.0083457234426,100.97793913620062,100.9490793947073,100.92168453023916
-0.018,100.79559508718228,101.18135939094506,101.3890563535515,101.48765965204346,101.52223253484634,101.51973858110524,101.49606421452346,101.46060870878692,101.41898361115462,101.37456447528474,101.32938680983797,101.2846708318779,101.24113419858202,101.19918167619011,101.15902206394661,101.1207413212075,101.08434886309621,101.04980715296604,101.01705074613731,100.98599858707111,100.95656194494684,100.92864950449211
-0.017759999999999998,100.85076876655683,101.23863797787399,101.44143749975277,101.53371694157046,101.56224956490688,101.55446755496085,101.52630645060606,101.48708331219416,101.44229821440294,101.39522056152438,101.3477949054213,101.3011667312496,101.25599335581113,101.21263111940983,101.17124996858863,101.13190460402828,101.09457918016862,101.05921563816987,101.02573176502369,100.99403272323713,100.96401838774894,100.93558796847364
-0.017519999999999997,100.90895025888001,101.29793850348268,101.49514171948519,101.5806427852979,101.60284190034773,101.58958040785579,101.55680540804282,101.51372863844234,101.46572441288426,101.41594701087543,101.36624427812073,101.31768321004012,101.27085827871377,101.22607569893954,101.183465391732,101.1430499773679,101.10478776589696,101.06859975649063,101.03438666252734,101.00203964033786,100.9714470044791,100.94249836598826
-0.017279999999999997,100.97023700041287,101.35928622136083,101.55016920883838,101.62842870918249,101.64399868890095,101.6250663199416,101.58755115902619,101.54053588471666,101.48925451382011,101.4367371359996,101.38472911797844,101.33421521092046,101.28572455086722,101.2395115429743,101.19566492473817,101.1541744274561,101.11497194430352,101.07795712205672,101.04301330297568,101.01001741940993,100.97884606468143,100.94937913124674
-0.01704,101.0347243813013,101.42270380166927,101.60651823996564,101.6770649097146,101.68570816983375,101.66091384487478,101.61853333678647,101.56749593520856,101.51288059741404,101.45758408226614,101.40324348996768,101.35075758184387,101.30058768328712,101.25293472355253,101.2078451151166,101.16527490600983,101.12512901206264,101.08728532719964,101.05160953323858,101.01796412745261,100.98621382657836,100.95622868930965
-0.0168,101.10250525304485,101.48821115001594,101.66418508534296,101.72654022175239,101.72795766061634,101.6971109047859,101.6497411342263,101.59459936132173,101.53659451766873,101.47848082874015,101.42178133495706,101.36730507690594,101.31544311515886,101.26634125715862,101.22000246701012,101.17634833061558,101.13525623879545,101.09658194267506,101.06017318288836,101.0258778175372,100.99354853713882,100.96304545612152
-0.01656,101.17366941479776,101.55582522682053,101.72316394361283,101.77684208746156,101.77073354413321,101.73364478539148,101.68116330244861,101.62183642162678,101.56038790287346,101.49942018880373,101.44033647029403,101.38385235682561,101.33028621419933,101.27972710497052,101.23213344134139,101.18739158479086,101.14535086706117,101.10584451759784,101.06870206409009,101.0337565286625,101.00084843190687,100.96982783831942
-0.016319999999999998,101.24830307995833,101.62555986565908,101.78344686620459,101.82795652602151,101.81402125638594,101.77050213136776,101.71278814939508,101.64919706183534,101.58425215605887,101.52039481071638,101.45890259031432,101.40039398934678,101.34511227693913,101.29308817303014,101.24423445588641,101.19840151797676,101.15541011228463,101.11507057931779,101.07719397143713,101.04159828555977,101.00811173478387,100.9765742329986
-0.016079999999999997,101.32648832472684,101.69742559094261,101.84502368483474,101.8798681041195,101.85780527468182,101.80766894197322,101.74460353858215,101.67667091478245,101.60817845541044,101.54139717810811,101.477473266772,101.4169244495567,101.35991652892228,101.30642031233462,101.25630188527327,101.20937494546124,101.16543116261923,101.1242576332359,101.08564668173194,101.04940109844736,101.01533665776431,100.9832830274357
-0.01584,101.40830252053841,101.77142943529984,101.90788193999406,101.9325599072542,101.90206910630137,101.84513056690534,101.77659688791952,101.70424730040416,101.63215775462963,101.56241961039649,101.49604194918331,101.43343812011582,101.37469412481938,101.31971931884492,101.26833206090339,101.22030864823016,101.17541117874349,101.13340316255956,101.0940579537109,101.05716296273384,101.02252140062454,100.9899525987684
-0.0156,101.49381775250419,101.8475747570405,101.97200681052672,101.98601351186889,101.946795277637,101.88287170237653,101.80875516859598,101.7319152256973,101.65618078323199,101.5834542631187,101.51460196507725,101.44992929139335,101.38944014844918,101.33298093340807,101.28032127079234,101.23119937274414,101.18534729358919,101.14250462799495,101.10242552771149,101.06488185866849,101.02966415056311,100.99658131363107
-0.015359999999999999,101.58310022621939,101.92586105808014,102.03738104440642,102.04020895833224,101.99196532379369,101.92087638739373,101.84106490401709,101.75966338464767,101.68023804677114,101.60449312817016,101.53314652014568,101.46639216150264,101.40414961270436,101.34620084158925,101.29226575932691,101.24204383063821,101.1952366119988,101.15155946737484,101.1107471252804,101.07255575093777,101.03676308179185,101.00316752774516
-0.015119999999999998,101.676209665519,102.00628380271188,102.10398489081165,102.09512472478373,102.03755977864199,101.95912800022505,101.87351216877882,101.78748015811342,101.7043198269776,101.62552803394028,101.55166869828598,101.48282083623096,101.41881745937647,101.35937467340995,101.30416172693555,101.25283869834195,101.20507621031025,101.16056509521991,101.1190204487211,101.08018258820651,101.04381635507637,101.0097095854633
-0.014879999999999999,101.77319870397797,102.08883423761382,102.17179603360262,102.15073770185862,102.08355816531171,101.99760925503686,101.90608258766092,101.81535361364963,101.72841618180101,101.64655064533648,101.57016146152864,101.49920932885725,101.43343855887555,101.37249800298801,101.31600532966857,101.2635806166172,101.21486313586645,101.16951890223154,101.127243180579,101.08776030260222,101.05082211722474,101.01620581926615
-0.014639999999999999,101.87411227316228,102.17349921348472,102.2407895262996,102.20702316830597,102.12993898711477,102.03630219868361,101.93876133462332,101.84327150525989,101.75251694534433,101.66755246368709,101.5886176498425,101.5155515598522,101.44800770983903,101.38556634807568,101.32779267868482,101.27426619001038,101.224594406447,101.17841825471409,101.13541298306221,101.09528680914082,101.0577785005227,101.02265454921057
-0.0144,101.97898699083615,102.26026100870203,102.31093772866201,102.263954767512,102.1766797188836,102.07518820763201,101.97153313178848,101.87122127306037,101.77661172767799,101.6885248265135,101.60702998080946,101.53184135645382,101.46251963862471,101.39857516949095,101.33951983964091,101.28489198621615,101.23426700961963,101.18726049392386,101.14352749739612,101.10276000509212,101.06468362211416,101.02905408232763
-0.014159999999999999,102.08785055251755,102.34909715539943,102.38221024496582,102.32150448493844,102.22375679871053,102.11424798500053,102.00438224839158,101.8991900428414,101.80068991452175,101.70945890716143,101.62539104916084,101.54807245211198,101.47696899868241,101.4115198704376,101.35118283197926,101.29545453534925,101.24387790200808,101.19604293534267,101.1515843431092,101.11017776928297,101.07153558332483,101.03540271196906
-0.013919999999999998,102.20072112994796,102.43998026836174,102.45457386407524,102.3796426264848,102.27114562007249,102.15346155769392,102.03729249968046,101.9271646255107,101.82474066678127,101.73034571428083,101.64369332616647,101.56423848579465,101.49135036979797,101.4243957957088,101.36277762811017,101.3059503291203,101.25342400847333,101.2047628678728,101.15958111724773,101.11753796133564,101.07833246892706,101.0416987171
-0.01368,102.31760678019748,102.5328778771366,102.52799250140299,102.43833779778056,102.31882052432354,102.19280827361145,102.07024724574529,101.95513151640206,101.84875291992601,101.75117609114339,101.66192915886737,101.5803330011482,101.5056582572033,101.43719823076889,101.3743001524836,101.31637581991191,101.26290222120444,101.21341755295013,101.16751539351635,101.12483842083921,101.08507234634376,101.04794036153636
-0.013439999999999999,102.43850486926524,102.62775226176218,102.60242714285145,102.49755688441172,102.36675479353586,102.23226679890637,102.1032293902578,101.98307689443186,101.87271538319392,101.7719407147856,101.68009076914221,101.59634944550356,101.51988709054544,101.449922400707,101.38574628054522,101.3267274197502,101.27230939871508,101.2220042235721,101.17538472134152,101.13207696645071,101.09175326478857,101.05412589312407
-0.013199999999999998,102.56340151415074,102.72456029251002,102.6778357908246,102.55726503308296,102.41492064366814,102.27181511527183,102.13622137909773,102.01098662108494,101.8966165386076,101.79263009496464,101.69817025259682,101.61228116871887,101.53403122270682,101.46256346905622,101.39711183757079,101.33700149916666,101.28164236474109,101.23052008323616,101.18318662485393,101.13925139492314,101.09837325433939,101.06025354285782
-0.01296,102.692271047466,102.82325327404082,102.75417341239738,102.61742563371415,102.46328921803757,102.31143051722746,102.16920519884337,102.0388462392099,101.92044463978526,101.81323457291333,101.71615957726497,101.62812142184909,101.54808492846817,101.47511653647055,101.40839259737264,101.34719438594468,101.29089790703397,101.23896230478438,101.19091860178615,101.14635948005629,101.10493032494216,101.06632152393608
-0.012719999999999999,102.8250755087268,102.92377679436893,102.83139188972626,102.67800030246596,102.51183058106861,102.35108960937733,102.20216237509996,102.06664097160225,101.94418771052837,101.83374431987865,101.7340505821076,101.64386335563131,101.56204240300477,101.48757663925147,101.41958428087074,101.35730236374435,101.30007277604477,101.24732802914899,101.19857812228045,101.1533989715665,101.11142246534058,101.07232803074906
-0.012479999999999998,102.96176416650266,103.02607057902766,102.90943997277944,102.73894886568519,102.5605137122884,102.39076830360818,102.2350739706385,102.09435571935123,101.967833543166,101.8541493354273,101.75183497529623,101.65950001877347,101.57589776020494,101.49993874771494,101.43068255452023,101.36732167059802,101.30916368349155,101.2556143639929,101.20616262760191,101.16036759387028,101.11784764192795,101.0782712377954
-0.01224,103.10227307561856,103.13006835082281,102.98826323446004,102.80022934475517,102.60930650053444,102.43044181619248,102.2679205833137,102.12197505992461,101.99136969663368,101.8744394454993,101.76950433226457,101.67502435603276,101.58964503079936,101.51219776438806,101.44168302858616,101.3772484972685,101.31816730080303,101.2638183822386,101.21366952875037,101.1672630447764,101.12420379751572,101.08414929852337
-0.011999999999999999,103.2465246735835,103.23569769648712,103.0678040300265,102.86179794384721,102.6581757402737,102.47008466653611,102.30068234532908,102.149483246396,102.01478349554475,101.89460430133757,101.7870500945421,101.69042920699859,101.6032781611292,101.52434852278863,101.45258125595217,101.38707898609876,101.32708025801641,101.27193712101766,101.22109620546341,101.17408299454247,101.1304888504425,101.08996034449065
-0.01176,103.39442742037289,103.34287994778978,103.14800147104452,102.92360905086747,102.70708713955366,102.50967068611175,102.333338931431,102.17686421452996,102.03806203621095,101.91463338459614,101.80446357411031,101.70570730983661,101.61679101639238,101.53638579026504,101.4633727346265,101.39680923324124,101.33589914577563,101.2799675834747,101.2284400078554,101.18082508737277,101.13670069595058,101.09570248663566
-0.011519999999999999,103.54587548560899,103.45153008136893,103.22879141236307,102.98561524791741,102.75600533520958,102.54917303313351,102.3658695717779,102.20410159376024,102.06119219596303,101.93451601528562,101.8217359602269,101.720851307201,101.6301773858111,101.54830427255114,101.4740529117888,101.40643529227964,101.34462051859458,101.28790674172559,101.23569825911413,101.18748694388943,101.14283720846088,101.1013738173809
-0.011279999999999998,103.70074848706925,103.56155663865384,103.31010645050753,103.04776732869729,102.804893912557,102.58856421028976,102.39825306699186,102.23117871978556,102.08416064370796,101.95424136068868,101.8388583270278,101.73585375278199,101.64343098832637,101.56009861876451,101.48461718821426,101.41595317817536,101.35324089840239,101.2957515400628,101.2428682584161,101.19406616379773,101.1488962440218,101.10697241289301
-0.01104,103.8589112843022,103.6728616678056,103.39187593432287,103.11001432325057,102.85371542977909,102.6278160856542,102.43046780546693,102.25807864883147,102.10695385175626,101.9737984452701,101.85582164192532,101.75070711850283,101.65654547883098,101.57176342685717,101.49506092308295,101.42535887154537,101.36175677837656,101.30349889841308,101.24994728406445,101.20056032874994,101.15487564293602,101.11249633550321
-0.010799999999999999,104.02021383094655,103.78534068960374,103.474025988686,103.17230353043487,102.90243144721121,102.66689991689191,102.46249178300607,102.28478417362555,102.12955810895242,101.99317616160506,101.87261677482043,101.76540380238023,101.66951445495206,101.58329324952838,101.50537943918242,101.43464832327847,101.37016462707025,101.31114571605332,101.2569325968553,101.2069670054123,101.16077323256951,101.11794363629245
-0.01056,104.18449108913035,103.89888268918712,103.55647955208491,103.23458055848948,102.95100256171386,102.7057863788683,102.49430262485333,102.3112778411301,102.15195953513924,102.01236328234859,101.88923450814661,101.77993613706222,101.68233146439498,101.59468260060918,101.51556802851192,101.44381745949744,101.37846089284062,101.3186888755903,101.26382144367768,101.21328374874074,101.16658683034801,101.12331235784579
-0.01032,104.35156300907357,104.01337013552246,103.63915642883211,103.29678937404827,102.99938844631212,102.74444559476215,102.52587761018341,102.33754197207334,102.17414409698475,102.0313484732672,101.90566554776179,101.79429639905692,101.6949900128596,101.60592596192842,101.52562195829674,101.45286218687463,101.38664200858464,101.32612524721114,101.27061106135345,101.21950810547055,101.172314246946,101.12860053718131
-0.010079999999999999,104.52123457673083,104.1286790304187,103.72197335664276,103.35887235992442,103.0475478952658,102.7828471707742,102.55719369910479,102.36355868231628,102.19609762519858,102.0501203073534,101.92190053470468,101.8084768186654,101.70748357254041,101.61701779066996,101.53553647742156,101.46177839830908,101.39470439679039,101.33345169321096,101.27729868072328,101.22563761782658,101.17795328967449,101.13380620885923
-0.00984,104.6932959319911,104.24467898883236,103.80484409026282,103.42077038196612,103.09543887471867,102.82096023451402,102.58822756222746,102.38930990609013,102.21780583316287,102.06866728004194,101.93793005783108,101.82246959063205,101.71980559122188,101.62795252723164,101.54530682329221,101.47056197897379,101.4026444749114,101.34066507280583,101.28388153098624,101.23166982746069,101.18350176607393,101.13892740827762
-0.0096,104.86752255959972,104.36123335211536,103.88767950177917,103.48242286525338,103.14301857905873,102.85875347713854,102.6189556128411,102.41477742113545,102.23925433700114,102.08697782554714,101.95374466734592,101.83626688552613,101.73194950198163,101.63872460359708,101.55492822913614,101.47920881274295,101.41045866107366,101.34776224723936,101.29035684430147,101.23760227962455,101.18895748772029,101.14396217516249
-0.009359999999999999,105.0436755545872,104.47819933574263,103.97038769818349,103.54376787987306,103.19024349310368,102.8961951993058,102.64935404174409,102.43994287577205,102.2604286771078,102.10504033433972,101.96933488924749,101.84986086186915,101.74390873351442,101.64932845223262,101.56439593175325,101.4877147890099,101.41814338012544,101.35474008519309,101.29672186066111,101.24343252758716,101.19431827425325,101.14890855726068
-0.00912,105.2215019635798,104.59542821292212,104.05287415669292,103.60474223647513,103.23706946020812,102.93325336099842,102.67939885475948,102.46478781792693,102.28131434116075,102.12284317178279,101.98469124070135,101.86324367902404,101.75567672109223,101.65975851552372,101.57370517973047,101.49607580990876,101.4256950700421,101.36159546851238,101.30297383304618,101.24915813730793,101.19958195763711,101.15376461424643
-0.008879999999999999,105.40073520293252,104.71276553533436,104.13504187825617,103.66528159177605,103.28345175637075,102.96989563526279,102.7090659129707,102.48929372614657,102.30189678863992,102.14037469794773,101.9998042463633,101.87640751086478,101.76724691817773,101.67000925576713,101.58285124213573,101.50428779795475,101.43311018870071,101.3683252982619,101.30911003287896,101.25477669237867,101.20474638666738,101.15852842185363
-0.008639999999999998,105.58109555416682,104.83005139207317,104.21679155959194,103.72532056413769,103.32934517040235,103.00608946590211,102.73833097570689,102.51344204262017,102.32216147687686,102.15762328863396,102.01466445567407,101.8893445602477,101.77861280871167,101.68007516573883,101.59182941771066,101.51234670412143,101.44038522104181,101.37492650112753,101.3151277557881,101.2602857992502,101.20980943173842,101.16319807624926
-0.0084,105.762290736718,104.94712070766451,104.29802178402065,103.78479285931203,103.3747040901996,103.0418021291567,102.76716974630807,102.53721420824328,102.34209388866373,102.17457735762028,102.02926246115297,101.90204707431089,101.78976792009975,101.68995077986177,101.60063504458478,101.52024851637746,101.44751668663996,101.38139603618572,101.32102432770672,101.26568309276328,101.21476898989101,101.16777169866616
-0.008159999999999999,105.94401655750218,105.06380357982786,104.37862923126067,103.84363140640494,103.41948259515542,103.07700079940074,102.79555792070197,102.56059169975518,102.36167956145641,102.19122538018202,102.04358891772378,101.91450736063423,101.80070583692978,101.69963068600373,101.60926351054066,101.52798926871023,101.45450114770964,101.38773090206557,101.3267971113282,101.27096624200769,101.21962299016326,101.17224744031789
-0.00792,106.12595763630478,105.17992565741686,104.45850890626808,103.90176850407745,103.46363455472684,103.11165261888658,102.82347123883031,102.58355606899184,102.38090411821457,102.20755591791728,102.05763456311533,101.92671780430067,101.81142021545891,101.70910953794264,101.61771026386545,101.53556505067114,101.46133521757973,101.39392814453585,101.3324435129503,101.27613295653899,101.22436939927343,101.17662348762359
-0.007679999999999999,106.30778820547428,105.29530855873469,104.53755438710837,103.95913597697346,103.50711373317618,103.14572477157252,102.85088553897259,102.60608898430802,102.39975329993428,102.2235576449374,102.07139023939051,101.93867088591092,101.82190479892039,101.71838206854724,101.62597082483478,101.54297201748588,101.46801556967806,101.39998486455664,101.33796098974614,101.2811809929903,101.22900622767054,101.18089806777735
-0.0074399999999999996,106.48917298188229,105.4097703301708,104.61565809176123,104.0156653423387,103.54987390050329,103.1791845610828,102.87777681503155,102.62817227423962,102.4182129999462,102.23921937549387,102.08484691567378,101.95035920061873,101.8321534337139,101.72744310373363,101.63404079788641,101.55020640078483,101.4745389470785,101.40589822684585,101.34334705750985,101.28610816212515,101.23353153599737,101.1850694547056
-0.0072,106.66976810858475,105.52312594485139,104.69271156367968,104.07128798678362,103.59186894959936,103.21199949287049,102.90412127686949,102.64978797350226,102.43626930007618,102.25453009313607,102.09799571216773,101.96177547827254,101.84216008656121,101.73628757727533,101.6419158845573,101.55726452002297,101.480902172677,101.41166546902382,101.348599298938,101.29091233638955,101.23794344202207,101.18913597546646
-0.006959999999999999,106.84922216309754,105.6351878296536,104.76860576771477,104.12593534696589,103.63305301485275,103.24413735682246,102.92989541065924,102.67091836882564,102.45390850657441,102.26947897962219,102.11082792393101,101.97291260333755,101.85191886146505,101.74491054544062,101.64959189627164,101.56414279377371,101.48710215926272,101.41728391067323,101.35371537184469,101.29559145741564,101.24224012753731,101.19309601663217
-0.006719999999999999,107.02717722868398,105.74576638492762,104.84323137126006,104.17953907566752,103.67338057804304,103.27556629914659,102.95507603023749,102.69154603719797,102.47111717959125,102.28405543829547,102.1233350398691,101.98376363064428,101.86142401300347,101.7533071983913,101.65706476425035,101.57083774845087,101.49313591728117,101.42275096031943,101.35869301549664,101.30014354182015,101.24641984370932,101.19694802925841
-0.00648,107.20327002454755,105.85467051854731,104.91647902822409,104.23203120749271,103.71280657310476,103.30625489308771,102.979640327437,102.7116538832706,102.48788216197921,102.29824911692629,102.13550876130557,101.99432180081095,101.87066995937383,101.76147287139366,101.66433054928461,101.5773460269385,101.49900056254253,101.42806412238821,101.363530056954,101.30456668703371,101.25048091647979,101.20069053392697
-0.006239999999999999,107.37713309033535,105.96170820065713,104.98823967139953,104.28334432886348,103.75128649365453,103.3361722117298,103.00356592414732,102.73122517826819,102.50419060944195,102.3120499317784,102.14734102167697,102.0045805567046,101.87965129640324,101.76940305693333,101.67138545235922,101.58366439802356,101.50469332469227,101.43322100489068,101.3682244181076,101.30885907780021,101.25442175261502,101.20432212641552
-0.005999999999999999,107.54839601989008,106.06668703700296,105.05840481256348,104.33341175225173,103.78877650346809,103.36528790316825,103.02683092642016,102.75024360072305,102.52003002233853,102.32544809319188,102.15882400762622,102.01453356119897,101.88836281276701,101.77709341796074,101.6782258263391,101.58978976683319,101.51021155663494,101.43821932801694,101.3727741235865,101.3130189935127,101.25824084656267,101.2078414841497
-0.0057599999999999995,107.71668673874527,106.16941485856312,105.1268668496877,104.38216769469925,103.82523355022269,103.39357226846401,103.04941398105547,102.76869327946345,102.53538827955329,102.33843413306835,102.16995018185577,102.02417471656601,101.89679950672979,101.78453980256205,101.68484818899604,101.59571918653735,101.51555274515862,101.4430569338737,101.3771773097603,101.31704481660165,101.26193678832344,101.211247373638
-0.00552,107.88163281944453,106.26970032503206,105.19351938072187,104.42954746083655,103.86061548299669,103.42099634296355,103.07129433526606,102.78655883943433,102.55025367497772,102.35099893476998,102.18071230821575,102.03349818594361,101.90495660482223,101.79173826044114,101.69124923773721,101.6014498716579,101.52071452308235,101.44773179767225,101.38143223512857,101.32093504225517,101.2655082726071,101.21453865914927
-0.00528,108.04286282838474,106.36735353955456,105.25825752354831,104.47548763083684,103.8948811742603,103.44753198180365,103.09245190023792,102.80382545113132,102.56461495733646,102.36313376611248,102.19110347965902,102.04249841746595,101.91282958299814,101.79868506172161,101.69742586651256,101.60697921343298,101.52569468335066,101.45224204076966,101.38553729248176,101.32468828983968,101.26895410962732,101.21771431297535
-0.005039999999999999,108.20000769753909,106.46218667196042,105.3209782419163,104.51992625405701,103.92799064742731,103.47315195074367,103.11286731970503,102.82047888470584,102.57846137434302,102.37483031636569,102.20111714990804,102.05117017183885,101.92041419099974,101.80537671874704,101.70337518553602,101.61230479783347,101.53049119563978,101.4565859460988,101.38949102334425,101.32830331651013,101.27227323800521,101.22077342773224
-0.0048,108.35270211411272,106.55401458761212,105.38158067747474,104.56280304956445,103.95990521150573,103.49783002391887,103.13252204507737,102.83650557018566,102.59178272252483,102.38608073849844,102.21074716997528,102.05950855441714,101.92770648091096,101.81181001179233,101.70909454467471,101.61742442703513,101.53510222623356,101.46076197670675,101.3932921353855,101.33177903366627,101.27546474041326,101.22371523130953
-0.00456,108.50058592092446,106.6426554788432,105.43996648848113,104.60405961538439,103.99058760504946,103.52154109074473,103.1513984192526,102.85189266579863,102.60456940455464,102.39687769836073,102.2199878310982,102.0675090532254,101.93470284123596,101.81798201993122,101.71458156167037,101.62233614543963,101.53952616220197,101.46476879838124,101.39693952373283,101.33511452714889,101.2785278628185,101.22653910529691
-0.004319999999999999,108.64330552009586,106.727931495835,105.49604019643762,104.6436396492187,104.02000215256362,103.54426127511441,103.16947977209057,102.86662813716717,102.61681249663916,102.40721443314969,102.22883391624885,102.0751675849169,101.94140003835064,101.82389015877915,101.71983415680022,101.6270382717547,101.54376164130724,101.46860530771683,101.400432297474,101.33830908240871,101.28146203850989,101.22924460803088
-0.004079999999999999,108.78051527246616,106.80966937364042,105.5497095429015,104.68148918472563,104.04811493790451,103.56596807136086,103.18675053176491,102.88070085127674,102.62850382955556,102.41708482245731,102.23728076325239,102.08248055146973,101.9477952679196,101.82953222752303,101.72485059623102,101.63152943924955,101.54780758963484,101.4722706675145,101.40376981315357,101.34136221637456,101.28426691856933,101.23183150386294
-0.0038399999999999997,108.91187888504184,106.8877010519075,105.60088586020737,104.71755684944013,104.07489400127518,103.58664050342858,103.20319635804171,102.89410069080706,102.63963608846962,102.42648347661208,102.24532434384587,102.08944491161456,101.95388621997664,101.83490646867675,101.72962954727932,101.63580864720254,101.55166326979601,101.47576435221407,101.40695171783474,101.34427371848165,101.28694241115107,101.2342998009304
-0.0036,109.03707077873196,106.96186428365382,105.64948446210335,104.75179415343247,104.10030956954131,103.60625931669199,103.21880430631609,102.90681869697129,102.65020293900974,102.43540584916926,102.25296136497623,102.09605827280048,101.95967116304253,101.84001164555889,101.73417015024562,101.63987532792328,101.55532834383634,101.47908620727937,101.4099780054608,101.34704370443312,101.289488733003,101.23664980074233
-0.0033599999999999997,109.15577742861977,107.03200322915693,105.69542506382052,104.78415582248387,104.12433433443758,103.62480721649888,103.23356303555423,102.91884725297483,102.66019919070271,102.44384838373041,102.26018940168888,102.10231901231717,101.96514905525619,101.8448471449069,101.73847211374837,101.64372943585056,101.55880295698397,101.48223652835074,101.41284909205461,101.34967268799447,101.29190647832223,101.2388821644929
-0.0031199999999999995,109.26769866907556,107.09796903057519,105.7386322466894,104.81460019700863,104.14694380094924,103.64226917490929,103.24746308016122,102.93018032652203,102.66962101466044,102.45180871056976,102.2670070758206,102.10822644067116,101.97031969463734,101.84941311589213,101.7425358440788,101.6473715686024,101.56208785155425,101.4852161689974,101.41556591816928,101.35216167887002,101.29419671267945,101.2409980035634
-0.0028799999999999997,109.37254895612678,107.15962036215925,105.7790359915762,104.84308973016425,104.16811674080239,103.65863283922067,103.26049721706833,102.94081380015969,102.67846624189394,102.45928591723279,102.27341430268567,102.11378102765966,101.97518392739528,101.85371066311599,101.74636262499621,101.65080313538975,101.56518452554894,101.48802669085111,101.41813009171618,101.3545123192211,101.29636110407952,101.24299900585314
-0.00264,109.47005857966985,107.21682394957979,105.81657232091428,104.86959163928515,104.18783580743998,103.67388909642312,103.27266097844802,102.95074593581566,102.68673478471786,102.46628093200597,102.27941264146838,102.118984724044,101.97974394472266,101.85774212187712,101.749954874385,101.65402659759307,101.56809545934287,101.49067057829625,101.42054409229104,101.35672707903277,101.29840211057393,101.24488761666827
-0.0024,109.559974818331,107.26945504943978,105.85118411637185,104.89407880121955,104.20608840663655,103.6880328839392,103.28395339414757,102.95997805084923,102.69442925205678,102.47279708511903,102.28500580886775,102.12384143367828,101.98400371882067,101.86151146287254,101.75331652181904,101.65704582284202,101.57082444945324,101.49315155467993,101.42281157220334,101.35880954401198,101.3003232567883,101.24666730538537
-0.0021599999999999996,109.64206303006236,107.31739787532263,105.8828222293464,104.9165310492563,104.2228679864874,103.70106440371222,103.29437810998357,102.9685155399669,102.70155588169224,102.47884096037289,102.29020045944715,102.12835773139402,101.98796966631578,101.86502490826436,101.75645358354892,101.65986662441217,101.57337711713039,101.49547506425252,101.42493781536375,101.36076485452566,101.30212955557988,101.24834297211433
-0.0019199999999999998,109.71610767189122,107.36054594957686,105.91144710021484,104.93693716061186,104.23817604635066,103.71299102680169,103.30394514897576,102.97636948846886,102.70812601419891,102.48442374301385,102.2950074216102,102.13254400065819,101.99165170003214,101.86829190869385,101.75937507459507,101.6624976170315,101.57576171541696,101.49764903703644,101.42693046564474,101.36260040235994,101.3038281774164,101.24992159331454
-0.0016799999999999999,109.78191324262238,107.39880234213848,105.93703130447005,104.95529809355695,104.25202544421342,103.7238304438777,103.31267383204475,102.98355935153208,102.71415854319855,102.48956346186854,102.29944375453077,102.13641632750522,101.99506498037476,101.87132677048238,101.7620945280432,101.66495164257805,101.5779904737561,101.4996851632332,101.42880074052785,101.36432699176392,101.3054295658365,101.25141329768992
-0.0014399999999999999,109.83930514272508,107.43207970354217,105.9595638861725,104.97163262991482,104.26444620208898,103.7336162121753,103.32059792865452,102.99011768361025,102.71968424310349,102.49428895111363,102.30353638371183,102.13999984869577,101.99823301196105,101.87415153303033,101.76463268187223,101.66724829155837,101.58008197618649,101.50160114735233,101.43056557783773,101.36596089319617,101.30694941061157,101.25283326940037
-0.0012,109.88813044611233,107.46029988707097,105.97905843897193,104.98598805345249,104.27549653895777,103.74240831637323,103.3277754724125,102.99609915624322,102.72475402393484,102.4986474087762,102.30732903823055,102.1433351412814,102.00119355366357,101.87680146077952,101.76702260741473,101.66941871612217,101.58206570097187,101.5034250111006,101.43225173368712,101.36752776380851,101.30841241443125,101.25420538124108
-0.0009599999999999999,109.92825857903813,107.48339262914169,105.99556994273624,104.9984625871699,104.28528610788162,103.75031543380364,103.33430946570147,103.00159958549578,102.729456352049,102.50272034986597,102.31089689380134,102.14649171036366,102.00401109461227,101.87933663695394,101.76932053592013,101.67151579081202,101.58399160427766,101.50520417730988,101.43390443375918,101.36907092409007,101.30986024485767,101.25556986474155
-0.0007199999999999999,109.95958190189513,107.50129166574813,106.00923537016801,105.009259756529,104.29403236806141,103.75754897705728,103.34039814763439,103.00680213469161,102.73395955510976,102.50666234947994,102.31438213549434,102.14960074667408,102.0068071548991,101.88187012167555,101.77163215345779,101.67363879036287,101.5859533963495,101.50702753227462,101.4356083847721,101.37067145934324,101.31137084712984,101.2570019383415
-0.00047999999999999996,109.98201619028437,107.51392201473793,106.02039508266655,105.01885130538739,104.302229630889,103.76458519725033,103.3464857941652,103.01211592837922,102.73863874689539,102.51081728346892,102.31810065736731,102.15295341025019,102.00985119777745,101.88465243542659,101.77419149375254,101.67600743027647,101.58815837634198,101.5090916182545,101.4375508136449,101.37250852825042,101.31311638616255,101.25866769502656
-0.00023999999999999998,109.99550101234814,107.52114236995982,106.03011794908875,105.02868284169232,104.31138150966422,103.77286764550784,103.35391623743878,103.01877677784569,102.74462590136868,102.51622210124542,102.32300448548514,102.15742677839593,102.01395462867825,101.8884376946643,101.77770284267795,101.67928274028672,101.5912300768301,101.51198749100115,101.44029465744258,101.37512071751053,101.31561434371528,101.26106629524705
0.00023999999999999998,109.99550101234814,107.52114236995982,106.03011794908875,105.02868284169232,104.31138150966422,103.77286764550784,103.35391623743878,103.01877677784569,102.74462590136868,102.51622210124542,102.32300448548514,102.15742677839593,102.01395462867825,101.8884376946643,101.77770284267795,101.67928274028672,101.5912300768301,101.51198749100115,101.44029465744258,101.37512071751053,101.31561434371528,101.26106629524705
0.00047999999999999996,109.98201619028437,107.52114236995982,106.03011794908875,105.02868284169232,104.31138150966422,103.77286764550784,103.35391623743878,103.01877677784569,102.74462590136868,102.51622210124542,102.32300448548514,102.15742677839593,102.01395462867825,101.8884376946643,101.77770284267795,101.67928274028672,101.5912300768301,101.51198749100115,101.44029465744258,101.37512071751053,101.31561434371528,101.26106629524705
0.0007199999999999999,109.95958190189513,107.51285027025652,106.0247864314563,105.02498163591802,104.30866686538594,103.7707933299877,103.35228036609512,103.01745398209343,102.74353432525388,102.51530607665777,102.32222485599367,102.15675521025948,102.01337011868092,101.88792434634807,101.77724840483901,101.67887761970391,101.59086665508212,101.51165964152943,101.43999739762633,101.37484995370977,101.31536668155385,101.2608388964671
0.0009599999999999999,109.92825857903813,107.49805927316132,106.01527388051758,105.01837671707602,104.30382186641046,103.76709080408483,103.34936021377355,103.01509254942012,102.74158556521326,102.51367065629222,102.32083289948949,102.15555615159607,102.0123264720241,101.88700773873718,101.77643696857822,101.67815423075123,101.59021771395494,101.51107421148772,101.43946658375899,101.37436644791329,101.31492442393132,101.26043281983739
0.0012,109.88813044611233,107.47739256818079,106.00197686621047,105.00914141448382,104.29704593738352,103.76191184905889,103.3452751099234,103.01178873272247,102.73885888838589,102.51138224680638,102.31888505395645,102.15387815821859,102.01086590522078,101.88572491428903,101.77530129866267,101.67714176124485,101.58930941999151,101.51025479242615,101.43872359492407,101.37368966426791,101.31430536652695,101.25986439847736
0.0014399999999999999,109.83930514272508,107.45116306639422,105.98509099878432,104.99740884443823,104.28843528871106,103.75532916163512,103.3400818823836,103.00758815887265,102.73539172705361,102.50847210748502,102.31640781424193,102.15174397159619,102.00900815066005,101.88409315625486,101.77385665846977,101.67585378925192,101.58815393053658,101.50921233294957,101.43777834280887,101.37282861828001,101.31351774503929,101.2591411853383
0.0016799999999999999,109.78191324262238,107.41957148439118,105.96473838456588,104.98326043395517,104.27804786549237,103.74738599457756,103.3338140124944,103.00251749464675,102.73120581237272,102.50495828301908,102.31341640046509,102.1491666007231,102.00676445447174,101.88212228293479,101.77211169382872,101.67429798612467,101.58675809831882,101.50795299150394,101.4366363919755,101.37178836257566,101.31256616770294,101.2582674004329
0.0019199999999999998,109.71610767189122,107.38277214332606,105.94101000838259,104.96675537573864,104.26592496707718,103.73811268513298,103.3264946748718,102.99659499395204,102.72631587994255,102.50085291032856,102.30992097777991,102.146154680444,102.00414224071444,101.87981874438407,101.77007205987837,101.67247934997503,101.58512637227675,101.5064807534018,101.43530133281816,101.37057214843664,101.31145359247638,101.25724574631447
0.0021599999999999996,109.64206303006236,107.34089985856227,105.91398309575956,104.94794271178351,104.25210012430469,103.72753344594354,103.31814209727195,102.98983483453438,102.72073325014273,102.49616522420523,102.30592921524442,102.14271467618973,102.00114703069637,101.87718730835762,101.76774191375952,101.67040153654602,101.58326199157858,101.50479850807628,101.43377575839085,101.36918231562903,101.31018214100735,101.256078155492
0.0024,109.559974818331,107.29408247998968,105.88372925167677,104.92686701467605,104.23660328114651,103.71566956795274,103.30877209078794,102.98224916650555,102.71446752020229,102.49090297832043,102.30144749596776,102.13885192690152,101.99778335106964,101.87423185812005,101.76512462107556,101.66806748916214,101.5811675508547,101.50290855908452,101.43206172690273,101.36762071373707,101.30875348406936,101.25476614437301
0.00264,109.47005857966985,107.24244726566263,105.85031863914742,104.90357132151536,104.21946296206298,103.70254108450995,103.29839936667287,102.97384917980393,102.70752744673585,102.48507318691783,102.29648154910531,102.13457118994549,101.99405520847749,101.8709558095802,101.76222312536326,101.66547976826058,101.57884529593227,101.50081289099103,101.43016100377655,101.36588892270721,101.30716904333904,101.25331099857273
0.0028799999999999997,109.37254895612678,107.18612428957739,105.81382225635429,104.87809875009835,104.20070747390493,103.68816769826947,103.28703827205807,102.96464570192174,102.69992144074959,102.47868254135935,102.29103680515934,102.12987694770975,101.98996635679565,101.86736234628283,101.75904015633157,101.66264073719441,101.57629729063986,101.49851331994444,101.42807519825482,101.36398837734156,101.30543010531926,101.25171387755857
0.0031199999999999995,109.26769866907556,107.12524829186006,105.77431321787499,104.85049342612915,104.1803656036248,103.67256932341512,103.2747032226307,102.95464955078012,102.69165786071277,102.47173765728901,102.28511860716935,102.124773590101,101.98552045638543,101.86345455957722,101.75557835417179,101.65955267322511,101.5735255165095,101.49601158372548,101.42580584512928,101.36192044180935,101.3035378895476,101.24997587732248
0.0033599999999999997,109.15577742861977,107.05995962768083,105.73186746137394,104.82080101378907,104.15846702614107,103.6557664069669,103.26140896140308,102.94387174716593,102.68274518985548,102.46424522471801,102.27873233932951,102.11926552594821,101.980721171495,101.85923553448188,101.75184034580946,101.65621783568226,101.57053193406217,101.49330939714454,101.4233544550577,101.35968645554954,101.30149359063996,101.24809806903154
0.0036,109.03707077873196,106.99040465092922,105.68656409475656,104.78906899851029,104.1350425313401,103.63778011235308,103.24717070912224,102.93232363970216,102.67319214138587,102.45621209768373,102.27188350421896,102.11335725017057,101.97557222917949,101.85470840176781,101.74782879126171,101.652638507481,101.56731852019928,101.49040848588889,101.42072254534466,101.35728776138144,101.29929840406241,101.24608152273993
0.0038399999999999997,108.91187888504184,106.91673576905877,105.63848553536738,104.75534682708586,104.110124147306,103.61863242415653,103.2320042527846,102.9200169799323,102.6630077226439,102.44764534951717,102.26457777080729,102.10705338580316,101.97007745636098,101.84987637085945,101.7435464130262,101.64881702152194,101.56388729203991,101.48731060814764,101.4179116596448,101.35472572352886,101.29695354267979,101.2439273226348
0.004079999999999999,108.78051527246616,106.83911128678731,105.58771751616801,104.71968595688718,104.08374519765133,103.59834620293137,103.21592599502277,102.90696396591738,102.65220127336909,102.43855230645151,102.25682100407,102.10035871021235,101.96424080314974,101.84474275068575,101.73899601481496,101.64475577760126,101.56024032225217,101.48401756856903,101.41492338071824,101.35200173931892,101.29446024752181,101.24163657697474
0.004319999999999999,108.64330552009586,106.75769510767567,105.53434900245944,104.68213984413899,104.05594031479303,103.57694520672453,103.19895297745443,102.8931772649144,102.64078248679374,102.4289405668768,102.24861928242738,102.0932781708506,101.95806635708118,101.83931096256802,101.73418049324994,101.640457253055,101.5563797487699,101.48053122715781,101.41175933860215,101.34911724670906,101.29181979473555,101.23921042452892
0.00456,108.50058592092446,106.67265633787787,105.47847204680032,104.64276389014422,104.02674542290181,103.5544540897315,103.18110288618627,102.87867002174373,102.62876141900412,102.4188180108014,102.23997890688429,102.08581689388771,101.95155835117127,101.83358454769183,101.72910284477445,101.63592400914607,101.55230778069654,101.4768535047375,101.40842121567144,101.34607372898327,101.28903349995123,101.23665003864312
0.0048,108.35270211411272,106.58416882175258,105.42018160038856,104.60161535783176,103.99619769946814,103.53089838485725,103.16239404478043,102.86345585711881,102.61614849008483,102.40819280246302,102.23090640437087,102.0779801878692,101.94472116765961,101.82756717080407,101.7237661692317,101.6311586944868,101.54802670155485,101.47298638602248,101.40491074953556,101.34287271747998,101.28610272084967,101.23395662965622
0.005039999999999999,108.20000769753909,106.49241063008536,105.35957529344094,104.55875326702224,103.96433552150964,103.50630447472234,103.14284539823008,102.84754885878687,102.60295447938579,102.39707338804558,102.22140852694443,102.06977354382859,101.93755933868015,101.82126262122176,101.71817367107138,101.6261640463531,101.54353887064975,101.46893192099154,101.40122973439811,101.33951579292199,101.2830288584529,101.23113144614585
0.00528,108.04286282838474,106.3975635160104,105.2967531934948,104.51423827430402,103.93119840060994,103.48069955425177,103.12247649038495,102.83096356743556,102.58919051651375,102.38546848983891,102.21149224798569,102.0612026328263,101.9300775447038,101.81467481189254,101.71232865883832,101.62094289047181,101.53884672306562,101.46469222503242,101.39738002130443,101.33600458573547,101.2798133574916,101.2281757753277
0.00552,107.88163281944453,106.29981235001756,105.23181754820916,104.46813254179231,103.89682690979315,103.45411158707968,103.10130743655463,102.81371495874346,102.57486806917349,102.37338709777787,102.20116475618164,102.05227330159465,101.92228061134175,101.80780777702267,101.7062345433978,101.61549813968625,101.53395276866006,101.46026947818382,101.39336351757288,101.3323407756269,101.27645770609519,101.22509094283372
0.0057599999999999995,107.71668673874527,106.19934454292589,105.16487251767734,104.42049959796708,103.86126260445259,103.42656925740314,103.07935889254452,102.79581842257026,102.55999892866946,102.36083845903461,102.1904334478636,102.042991566775,101.91417350493045,101.80066566864005,101.69989483522268,101.60983279178812,101.52885959031252,101.45566592370672,101.38918218561948,101.32852609060875,101.27296343497834,101.22187831202902
0.005999999999999999,107.54839601989008,106.09634946395231,105.09602390018372,104.37140419305173,103.8245479390184,103.39810191851268,103.05665202106084,102.7772897400257,102.54459519366644,102.34783206615843,102.17930591811663,102.03336360810269,101.9057613272054,101.79325275236069,101.6933131409777,101.60394992672526,101.52356984161462,101.45088386615353,101.38483804132832,101.3245623056121,101.2693321162507,101.21853928298303
0.006239999999999999,107.37713309033535,105.99101785973426,105.02537885457572,104.32091215087982,103.78672618067685,103.36873953894548,103.03320845619953,102.75814505897726,102.5286692526604,102.33437764413559,102.16778995097256,102.02339576080513,101.89704930929253,101.7855734025577,101.68649315957674,101.59785270334064,101.51808624414076,101.44592566905953,101.38033315208,101.32045124078829,101.26556536194224,101.21507529118009
0.00648,107.20327002454755,105.88354127920813,104.95304562186313,104.26909021882771,103.74784132119018,103.33851264700773,103.0090502665784,102.73840086843192,102.51223376550837,102.32048513665457,102.15589350892516,102.01309450741586,101.88804280519132,101.77763209708438,101.67943867784548,101.59154435575996,101.51241158440408,101.44079375235034,101.37566963452281,101.31619475957638,101.26166482231464,101.21148780603342
0.006719999999999999,107.02717722868398,105.77411150849905,104.879133248237,104.21600591711803,103.70793798767215,103.3074522742683,102.98419991755894,102.71807397213645,102.49530164429154,102.30616469180076,102.14362472195373,102.00246646916179,101.87874728488455,101.76943341166796,101.67215356589193,101.58502818951834,101.5065487105776,101.43549058953744,101.37084965215149,101.31179476659517,101.25763218401195,101.20777832925152
0.006959999999999999,106.84922216309754,105.66292001937184,104.80375131137241,104.16172738859086,103.66706135303,103.27558989851838,102.95868023292167,102.69718146167503,102.47788603373219,102.29142664735942,102.13099187620327,101.99151839704838,101.8691683271812,101.76098201406661,101.66464177226527,101.57830757749672,101.50050052904392,101.43001870475818,101.36587541274429,101.30725320540537,101.25346916809198,101.20394839309449
0.0072,106.66976810858475,105.55015743428679,104.72700965161526,104.10632324987787,103.62525704667259,103.24295738661084,102.93251435629631,102.6757406892935,102.46000029134431,102.27628151587201,102.11800340244076,101.98025716274323,101.85931161237792,101.75228265806274,101.65690731896701,101.57138595572458,101.49427000082305,101.42438066970448,101.36074916569797,101.30257205617819,101.24917752797145,101.19999955855073
0.0074399999999999996,106.48917298188229,105.43601301066604,104.64901810943407,104.04986244478256,103.5825710659966,103.20958693752942,102.90572571260026,102.65376924064111,102.44165796746762,102.26073996956619,102.1046678643863,101.96868974934029,101.84918291480896,101.74334017735299,101.64895429636665,101.56426681909444,101.487860137919,101.41857910047644,101.35547319929339,101.29775333329938,101.244759047311,101.1959334134574
0.007679999999999999,106.30778820547428,105.32067414659049,104.56988627033043,103.99241410056263,103.53904968909217,103.17551102598809,102.87833796970084,102.63128490759209,102.42287278531047,102.24481282525944,102.09099394700074,101.95682324207291,101.83878809534205,101.73415947938413,101.64078685806452,101.55695371702562,101.48127399961788,101.41261665438995,101.35004983791751,101.29279908293209,101.24021553786147,101.19175157058447
0.00792,106.12595763630478,105.20432590979955,104.4897232182378,103.93404738771721,103.49473938904971,103.14076234681903,102.85037500048662,102.60830566128512,102.40365862110878,102.22851102932191,102.07699044479938,101.94466481903329,101.82813309386873,101.72474553917603,101.63240921573744,101.54945024910838,101.47451468876508,101.40649602676281,101.3444814392638,101.28771138055843,101.23554883728907,101.18745566569814
0.008159999999999999,105.94401655750218,105.0871505918298,104.40863729850864,103.87483138397174,103.44968675033577,103.1053737604843,102.82186084559882,102.58484962557606,102.38402948455747,102.21184564282643,102.06266625029892,101.93222174198911,101.8172239218675,101.71510339320022,101.6238256340273,101.5417600607814,101.4675853480687,101.40021994772161,101.33877039154918,101.28249232853409,101.23076080701117,101.18304735563262
0.0084,105.762290736718,104.96932729919592,104.32673589958581,103.8148349495019,103.40393839281289,103.06937824422096,102.79281968054036,102.56093505401827,102.36399950215954,102.19482782915958,102.04803034457218,101.91950134902844,101.8060666565687,101.70523813467423,101.61504042669057,101.53388684013994,101.46048915742263,101.393791179933,101.33291911157278,101.27714405441303,101.22585333073894,101.17852831701346
0.008639999999999998,105.58109555416682,104.85103158241729,104.24412525454312,103.7541266145576,103.35754090445272,103.03280884974643,102.76327578797606,102.53658031108522,102.34358290412295,102.17746884465207,102.03309179040806,101.90651104947763,101.79466743712172,101.69515491063363,101.6060579543373,101.52583431617383,101.45322933252287,101.38721251751035,101.32693004384791,101.27166871025584,101.22082831392518,101.17390024581609
0.008879999999999999,105.40073520293252,104.73243508698526,104.16091025044315,103.69277447013407,103.31054077532438,102.99569866152102,102.73325353027951,102.51180385349853,102.32279401129716,102.15978002921769,102.01785972546585,101.89325831880751,101.78303246074812,101.68485891899027,101.5968826221571,101.51760625699366,101.44580912347352,101.38048678491143,101.32080565972623,101.26606847193135,101.2156876832061,101.16916485691955
0.00912,105.2215019635798,104.61370522606032,104.07719424522939,103.63084606137211,103.26298433254868,102.95808075528593,102.70277732207578,102.48662421144112,102.30164722195542,102.14177279683011,102.00234335527279,101.8797506933938,101.77116797876175,101.67435540546947,101.58751887753566,101.50920646795791,101.43823181330293,101.3736168357545,101.31454845644745,101.26034553835035,101.21043338578109,101.16432388360299
0.009359999999999999,105.0436755545872,104.49500487568508,103.99307889268539,103.56840828402206,103.21491767643403,102.91998815702226,102.67187160288353,102.46105996973135,102.28015699848119,102.12345862588381,101.98655194610257,101.86599576516274,101.75908029248137,101.66364966044847,101.57797120758099,101.50063878971791,101.43050071640488,101.36660555156608,101.30816095612688,101.25450213064221,101.20506738874003,101.15937907699393
0.0096,104.86752255959972,104.37649209312511,103.90866397591566,103.50552728426527,103.16638661798517,102.88145380246011,102.64056080994723,102.43512974902542,102.25833785400992,102.10484904947909,101.97049481776696,101.85200117614853,101.74677574905849,101.6527470157153,101.56824413657597,101.4919070961949,101.42261917691779,101.3594558404718,101.30164570469063,101.24854049128366,101.19959167834664,101.15433220547608
0.00984,104.6932959319911,104.25831985878956,103.8240472497327,103.44226836215081,103.1174366179541,102.84251049725243,102.6088693513404,102.40885218710687,102.23620433907053,102.08595564566598,101.95418133634857,101.83777461298564,101.7342607372394,101.64165284116415,101.55834222337097,101.48301529250139,101.4145905670522,101.35217063583974,101.29500527076706,101.2424628831872,101.1940082592845,101.14918505406273
0.010079999999999999,104.52123457673083,104.14063584203492,103.73932429226896,103.37869587887259,103.0681127275839,102.80319087791608,102.57682157941153,102.38224592031548,102.21377102826608,102.06679002767783,101.93762090689877,101.82332380135546,101.72154168307786,101.63037254144105,101.54827005872876,101.47396731281725,101.40641828537585,101.34475289488427,101.28824224454175,101.23627158875556,101.1883191538718,101.14393942374097
0.01032,104.35156300907357,104.0235821910165,103.65458836607242,103.31487316808237,103.0184595311796,102.763527373632,102.54444176463763,102.35532956516245,102.1910525070291,102.04736383418138,101.92082296612277,101.80865650040498,101.70862504561279,101.61891155255239,101.53803226263153,101.46476711822923,101.3981057550641,101.33720559723712,101.2813592365816,101.22996890890771,101.18252640124953,101.13859713079148
0.01056,104.18449108913035,103.90729534662385,103.5699302888882,103.25086245140682,102.96852109062482,102.72355216898669,102.51175406994315,102.32812170017414,102.16806335848246,102.02768871956779,101.90379697507042,101.79378049715281,101.69551731252368,101.60727533844612,101.5276334815595,101.45541869454163,101.38965642212221,101.32953174349178,101.27435887663393,101.22355716208111,101.17663205654735,101.13316000608725
0.010799999999999999,104.02021383094655,103.79190588041634,103.48543831427612,103.1867247583115,102.91834089194907,102.68329716772911,102.47878252553707,102.30064084800236,102.1448181504346,102.00777634430607,101.88655241184998,101.77870360089598,101.68222499577462,101.59546938757549,101.51707838574849,101.44592605006504,101.3810737535855,101.32173435372613,101.26724381240449,101.217038683214,101.17063819003079,101.12762989437482
0.01104,103.8589112843022,103.67753835636304,103.40119802216448,103.12251985043102,102.86796179403831,102.64279395760926,102.4455510043152,102.27290545783565,102.12133142253481,101.98763836537871,101.86909876438014,101.76343363762992,101.66875462725726,101.58349920945334,101.50637166643365,101.43629321338875,101.3723612357023,101.31381646600778,101.26001670831862,101.2104158227115,101.16454688623281,101.1220086535407
0.011279999999999998,103.70074848706925,103.5643112160878,103.31729221939462,103.05830615046243,102.81742597956894,102.60207377635788,102.4120831978712,102.24493388814307,102.0976176736115,101.9672864268172,101.85144552319412,101.7479784444926,101.65511275444125,101.57137033120419,101.49551803308542,101.42652423114224,101.36352237210433,101.30578113488608,101.25268024426889,101.20369094539826,101.15836024307244,101.11629815386536
0.011519999999999999,103.54587548560899,103.4523366872238,103.23380085026693,102.99414067569785,102.766774908235,102.5611674788601,102.3784025931545,102.2167443897789,102.07369134921541,101.94673215035363,101.83360217430838,101.73234586424276,101.64130593604042,101.55908829412093,101.48452221064322,101.41662316575037,101.35456068196837,101.29763142987419,101.24523711435218,101.19686642946053,101.15208037096289,101.11050027726694
0.01176,103.39442742037289,103.34172071439359,103.15080091705812,102.93007897625299,102.71604927232754,102.52010550557011,102.3445324498111,102.18835508947458,102.0495668293867,101.92598712620341,101.81557819216762,101.71654373978134,101.62734073770203,101.54665865023195,101.47338893675187,101.40659409318641,101.34547969817288,101.28937043392429,101.23769002559901,101.18994466537983,101.14570939191117,101.1046169165366
0.011999999999999999,103.2465246735835,103.23256291224862,103.06836641044161,102.86617507802919,102.6652889547153,102.47891785220838,102.31049577823799,102.15978397374133,102.02525841666417,101.90506290399246,101.79738303267648,101.70057990872441,101.61322372772558,101.53408695888426,101.46212295900511,101.39644110072682,101.33628296545268,101.28100124189866,101.23004169669726,101.18292805486048,101.13924943861105,101.09864997456702
0.01224,103.10227307561856,103.12495653992838,102.98656824970709,102.80248143042908,102.61453298926705,102.43763404077713,102.27631531838045,102.13104887320522,102.00078032435286,101.88397098384168,101.7790261263277,101.6844621980354,101.59896147281755,101.52137878334752,101.45072903220056,101.3861682847108,101.3269740385547,101.27252695903923,101.22229485671278,101.17581900975267,101.1327026535311,101.09260136357564
0.012479999999999998,102.96176416650266,103.018988496231,102.9054742326416,102.7390488588294,102.56381952374655,102.39628309192564,102.24201351929709,102.1021674473945,101.97614666506502,101.86272280762007,101.76051687143588,101.66819841872359,101.5845605338876,101.50853968744345,101.4392119156097,101.37577974830847,101.31755648039724,101.26395069943757,101.21445224380841,101.16861995097292,101.12607118799913,101.08647300432376
0.012719999999999999,102.8250755087268,102.91473933472733,102.82514899490381,102.67592652179836,102.51318578520288,102.35489349869161,102.20761251951551,102.07315716999675,101.9513714395485,101.84132975037731,101.74186462748489,101.65179636061526,101.57002746189136,101.49557523220517,101.42757637026634,101.36527959929974,101.30803386023553,101.25527558450776,101.2065166039636,101.16133330742335,101.11935720128453,101.08026682533293
0.01296,102.692271047466,102.81228329799504,102.74565397869463,102.61316187303038,102.46266804787106,102.31349320164033,102.17313412819838,102.04403531460216,101.9264685258148,101.81980311196548,101.72307870859672,101.635263787204,101.55536879372495,101.48249097257003,101.41582715627692,101.35467194786715,101.29840975183525,101.24650474146361,101.1984906896958,101.15396151491115,101.11256285967954,101.07398476209946
0.013199999999999998,102.56340151415074,102.71168837010336,102.66704741050522,102.55080062796344,102.41230160359714,102.27210956542613,102.13859980714332,102.0148189409531,101.90145166858393,101.79815410886387,101.70416837713337,101.61860843058919,101.5405910481789,101.46929245411303,101.40396903015844,101.3439609044075,101.28868773165924,101.23764130180473,101.19037725878763,101.14650701507163,101.10569033558262,101.06762875630984
0.013439999999999999,102.43850486926524,102.61301634640974,102.58938428777894,102.48888673514718,102.36212073491969,102.23076935691857,102.10403065375262,101.98552488182438,101.87633446915812,101.77639386630781,101.68514283752246,101.6018379865852,101.52570072202613,101.45598520988828,101.39200674226575,101.33315057741898,101.27887137711866,101.22868839985871,101.18217907306382,101.13897225433566,101.09874180662175,101.06120075509266
0.01368,102.31760678019748,102.5163229196082,102.51271637411939,102.42746235221553,102.31215869073738,102.18949872485156,102.06944738494349,101.95616973051112,101.85113037570525,101.75453341070498,101.66601123029204,101.58496010998799,101.5107042862323,101.44257475736829,101.37994503429877,101.32224507145496,101.26896426488126,101.21964917137295,101.17389889721139,101.13135968293561,101.09171945481246,101.05470271030161
0.013919999999999998,102.20072112994796,102.42165778103373,102.43709220262811,102.36656782622661,102.26244766438825,102.14832318084926,102.03487032186935,101.9267698288078,101.82585267384634,101.73258366224296,101.64678262622719,101.56798240991948,101.49560818221534,101.42906659541373,101.36778863682814,101.31124848508817,101.25896996918426,101.21052675210721,101.16553949759852,101.12367175390831,101.0846254657116,101.048136577794
0.014159999999999999,102.08785055251755,102.32906473626207,102.3625570870839,102.30624167828961,102.21301877412483,102.107267581832,102.00031937546,101.897341255486,101.80051447755325,101.71055542769302,101.62746602065177,101.550912445252,101.48041881815612,101.41546620127549,101.35554226684019,101.30016490888558,101.24889206015239,101.2013242764275,101.15710364109178,101.1159109220946,101.0774620275667,101.04150431670386
0.0144,101.97898699083615,102.23858183402356,102.2891531406631,102.24652059239422,102.16390204597008,102.06635611380844,101.96581403279234,101.86789981528267,101.7751287203672,101.68845939341887,101.6080703278427,101.53375772011911,101.46514256536531,101.40177902763256,101.34321062530454,101.28899842339686,101.23873410212313,101.19204487590312,101.14859409387383,101.10807964313737,101.07023133046255,101.03480788871143
0.014639999999999999,101.87411227316228,102.15024150743388,102.21691930188469,102.18743940834739,102.11512639893218,102.02561227705608,101.93137334430054,101.83846102840906,101.74970814694709,101.66630611859793,101.58860437558329,101.5165256795179,101.44978575471048,101.38801049966986,101.33079839476757,101.2777530971592,101.228499651982,101.18269167790879,101.14001362026293,101.10018037247936,101.06293556546579,101.02804925730973
0.014879999999999999,101.77319870397797,102.06407072653339,102.14589136745013,102.12903111871285,102.06671963255081,101.9850588726889,101.89701591183261,101.80904012058872,101.72426530495594,101.64410602866288,101.56907689986159,101.49922370500796,101.43435467310817,101.3741660121994,101.3183102369747,101.26643298472088,101.21819225750934,101.17326780423386,101.13136498153624,101.0922155643621,101.05557692376927,101.02123038706966
0.015119999999999998,101.676209665519,101.9800911611217,102.07610203163647,102.07132686963999,102.01870841674172,101.94471799060703,101.86275987755806,101.77965201363206,101.6988125372928,101.62186940896939,101.54949653971961,101.48185911051188,101.41885556008458,101.36025092682794,101.3057507905241,101.25504212468594,101.20781545574114,101.16377636970014,101.12265093475801,101.08418767082746,101.04815759583688,101.01435324290424
0.015359999999999999,101.58310022621939,101.89831935287305,102.00758093189073,102.01435596546065,101.97111828390072,101.90461099882053,101.82862291372892,101.75031131655321,101.6733619746765,101.59960639869662,101.52987183225827,101.4644391382214,101.40329460440864,101.34627056917466,101.29312466855487,101.24358453778227,101.1973727713456,101.1542204807902,101.1138742316144,101.07609914072272,101.04067977055024,101.0074197893333
0.0156,101.49381775250419,101.81876689572262,101.94035470026643,101.95814587692479,101.92397362322448,101.86475853413576,101.7946222132951,101.72103231723374,101.64792552858665,101.57732698498508,101.51021120780307,101.44697095461348,101.38767794080094,101.33223022614132,101.28043645647158,101.23206422495515,101.18686771501716,101.1446032342874,101.10503761725597,101.06795241871075,101.03314563435794,101.0004319897493
0.01584,101.40830252053841,101.7414406235224,101.87444702033565,101.90272225294015,101.87729767719922,101.82518049418996,101.76077448137227,101.69182897463641,101.62251488456664,101.55504099731722,101.49052298523465,101.42946164658007,101.37201164672186,101.31813514323795,101.2676907097081,101.22048516548828,101.17630378188984,101.13492771592941,101.09614382914938,101.05974994428591,101.02555737042871,100.99339180568515
0.016079999999999997,101.32648832472684,101.66634280397818,101.80987868920684,101.8481089356743,101.83111254020567,101.7858960308172,101.72709592755916,101.66271491157124,101.59714149589237,101.53275810214438,101.47081536748803,101.41191821767481,101.3563017392415,101.30399052196653,101.25489195153249,101.20885131515413,101.16568444997148,101.12519699907632,101.08719559593929,101.05149415079724,101.01791715780904,100.98630119608491
0.016319999999999998,101.24830307995833,101.59347133789645,101.74666768427444,101.79432797887334,101.78543915918371,101.74692354472526,101.69360225909936,101.63370340801453,101.57181657760975,101.51048779776399,101.45109643722424,101.39434758448004,101.34055417199475,101.28980151726496,101.24204467089511,101.19716660439536,101.15501317860014,101.11541414339497,101.07819563632168,101.04318746447932,101.01022717058623,100.97916211657801
0.01656,101.17366941479776,101.52281996279017,101.68482923432575,101.7413996692461,101.74029733629696,101.70828068146166,101.66030867488048,101.60480739498051,101.54655110094322,101.48823940944973,101.43137415267722,101.37675657309687,101.32477483222358,101.2755732350139,101.22915332032208,101.18543493653898,101.14429340692463,101.10558219356037,101.0691466579297,101.03483230349238,101.002489577058,100.97197651875788
0.0168,101.10250525304485,101.45437845991725,101.6243758946306,101.68934255076024,101.69570573353393,101.66998432864342,101.62722986026273,101.5760394489446,101.52135578807673,101.46602208483763,101.41165634367891,101.35915191576096,101.30896953790902,101.26131072960793,101.21622231385557,101.17366018604498,101.13352855240983,101.09570417797565,101.06005135623299,101.02643107697205,100.99470653890876,100.96474634946553
0.01704,101.0347243813013,101.38813286385225,101.56531762564062,101.6381734516922,101.65168187917959,101.63205061442396,101.59437998272668,101.54741178681526,101.49624110730791,101.44384478956957,101.39195070786461,101.34154024758637,101.2931440349953,101.2470190015937,101.20325602504283,101.16184619679056,101.12272200936874,101.08578310751163,101.05091241345139,101.01798618408982,100.98688021039406,100.95747355007867
0.017279999999999997,100.97023700041287,101.32406567372257,101.50766187492826,101.58790751427175,101.60824217608857,101.59449490716784,101.56177268832893,101.5189362614515,101.47121726857549,101.42171630319594,101.37226480706099,101.3239281034395,101.27730399470752,101.23270299537624,101.19025878497553,101.14999678039167,101.11187714752201,101.07582197426693,101.04173249748416,101.00950001312495,100.97901273753338,100.9501600558073
0.017519999999999997,100.90895025888001,101.26215606527302,101.45141366199955,101.53855822675965,101.56540191168841,101.5573318163022,101.52942109895285,101.49062435772134,101.44629421935937,101.39964521533867,101.35260606385805,101.30632191494499,101.26145501096532,101.21836759699542,101.1772348803807,101.13811571456299,101.1009973105863,101.06582375034964,101.03251426085549,101.0009749405487,100.97110625731207,100.94280779499601
0.017759999999999998,100.85076876655683,101.20238010295806,101.39657566562055,101.49013745779548,101.52317526963975,101.52057519431224,101.49733781034037,101.46248718909585,101.42148164095208,101.37763992211472,101.33298175836663,101.28872800762511,101.24560259789352,101.20401763197387,101.1641885517649,101.1262067415175,101.09008581489243,101.05579138668165,101.02326033967684,100.9924133301214,100.96316289689321,100.93541868843371
0.018,100.79559508718228,101.14471095129822,101.34314831330333,101.44265549285286,101.48157534307786,101.4842381398462,101.46553489088927,101.43453549477269,101.39678894509946,101.35570862282056,101.31339902516231,101.27115259817413,101.22975218743152,101.18965786323783,101.1511239916126,101.11427356640706,101.07914594803444,101.04572781182631,101.01397335262745,100.98381753200317,100.95518477283981,100.92799464867136
0.01824,100.7433302085079,101.08911908480837,101.2911298726226,101.39612107264634,101.44061414936137,101.44833300189255,101.43402388119662,101.40677963731761,101.37222527100357,101.33385931687195,101.29386485041128,101.25360179186342,101.21390912703764,101.17529298910733,101.13804534263551,101.10231985580018,101.06818096754618,101.03563593083643,101.00465589994941,100.9751898818755,100.94717399034471,100.9205375793449
0.01848,100.69387398900118,101.03557249620756,101.24051654424419,101.35054143343389,101.40030264628716,101.41287138498747,101.40281579430052,101.37922960077151,101.34779948263176,101.31209980094171,101.27438606912035,101.23608158002041,101.1980786774326,101.16092764130163,101.12495669602072,101.09034923614763,101.05719409955788,101.02551862407704,100.9953105624144,100.966532700032,100.93913264242858,100.91304937446598
0.018719999999999997,100.64712558031226,100.98403690213492,101.19130255629419,101.30592234905686,101.36065074971857,101.37786415545055,101.37192111664238,101.35189498925561,101.32352016636843,101.2904376663326,101.25496936254756,101.2185978376159,101.18226601041462,101.1465663829904,101.11186208970612,101.07836529226192,101.04618853745716,101.0153787460458,100.98593990028307,100.95784829045877,100.93106280912505,100.905531917698
0.018959999999999998,100.60298382489209,100.9344759454579,101.14348025958759,101.26226817448651,101.32166735253195,101.34332144862569,101.34134980976488,101.3247850261104,101.29939562905554,101.2688802966357,101.23562125582475,101.20115632101097,101.16647620679619,101.1322137069387,101.09876550672897,101.06637156585442,101.03516744059607,101.00521912423056,100.97654645229457,100.9491389399391,100.92296655668609,100.897987081649
0.0192,100.56134762834134,100.88685139359265,101.09704022339035,101.21958189070571,101.28336034479223,101.30925267708076,101.31111131272134,101.29790855355525,101.2754338964148,101.24743486567105,101.21634811579133,101.18376266586328,101.15071425446284,101.11787403374635,101.08567087364838,101.05437155413124,101.02413393304492,100.99504255800451,100.9671327346869,100.9404069171838,100.91484593680829,100.89041672718209
0.01944,100.52211630625195,100.84112333231005,101.05197133140544,101.17786515075919,101.24573663506915,101.27566653971859,101.28121454517077,101.271274032855,101.25164271184424,101.22610833570637,101.19715614903632,101.16642238519181,101.1349850465534,101.1035517101817,101.07258205904192,101.04236870844754,101.0130911023932,100.98485181755957,100.95770124024823,100.93165447198675,100.90670298588046,100.88282270274361
0.01968,100.48518990547355,100.79725035454824,101.00826087768765,101.13711832680883,101.20880217280596,101.24257103175144,101.2516679111323,101.24488954497858,101.22802953558056,101.20490745594915,101.17805140014671,101.1491408675983,101.1192933797609,101.0892510076093,101.05950287207605,101.03036643302089,101.00204199859758,100.97464964287786,100.94825443739951,100.9228838344066,100.8985397242526,100.87520684370931
0.019919999999999997,100.4504694998975,100.75518974379935,100.9658946622055,101.09734055803528,101.17256197165327,101.20997345549114,101.22247930337215,101.21876279173455,101.20460154421887,101.18383876130716,101.15903975015881,101.13192337564404,101.10364395275349,101.07497612051104,101.0464370611502,101.018368083703,100.9909896328771,100.96443874274158,100.93879476930846,100.91409721397393,100.89035815552636,100.86757097174834
0.020159999999999997,100.41785746099929,100.71489765168421,100.92485708578381,101.05852979923093,101.13702013368167,101.17788043190632,101.19365610839613,101.19290109736829,101.1813656305807,101.16290857141205,101.1401269152097,101.11477504437994,101.08804136471396,101.06073116510025,101.03338831261442,101.00637696681025,100.97993697665561,100.95422179378095,100.92932465303475,100.9052967989245,100.88216026586694,100.85991689420537
0.020399999999999998,100.38725770351664,100.6763292693753,100.88513124417513,101.02068286993398,101.1021798743879,101.14629791289897,101.16520521202007,101.16731141060463,101.15832840392093,101.14212298990076,101.12131844538554,101.09770088002826,101.0724901139971,101.04652017802812,101.02036024955997,100.99439633801255,100.96888696055115,100.94400143956076,100.91984647870687,100.89648475545854,100.8739480233369,100.85224640350106
0.02064,100.35857590676414,100.63943899257241,100.8466990210233,100.98379550395902,101.06804354841067,101.11523119425212,101.13713300549057,101.14200030711991,101.1354961904643,101.12148790394878,101.10261972376323,101.08070575881375,101.0569945969035,101.03234711518166,101.00735643068266,100.98242940128033,100.9578424734125,100.9337802897051,100.91036260873022,100.88766322702607,100.86572337725147,100.84456127655052
0.02088,100.3317197121976,100.60418057977981,100.80954117949797,100.94786239918346,101.03461267587377,101.0846849292007,101.10944539212807,101.11697399242705,101.1128750342613,101.10100898404939,101.0840359656418,101.06379442594194,101.04155910656836,101.01821585057246,100.9943803492184,100.9704793078896,100.94680636140257,100.9235609190603,100.90087537702699,100.8788343336382,100.85748825755581,100.83686327420033
0.02112,100.30659889794008,100.57050730367625,100.77363745239388,100.91287726745601,101.00188796927588,101.05466314257858,101.08214779446425,101.09223830515667,101.09047069835358,101.08069168403271,101.06557221795974,101.04697149472229,101.02618783196401,101.00413017531518,100.98143543195027,100.95854915548455,100.9357814271285,100.91334586689621,100.89138708830717,100.87000017120475,100.84924457422403,100.82915414068373
0.021359999999999997,100.28312553106908,100.53837209541005,100.73896663050438,100.87883288449757,100.9698693608482,101.02516924549418,101.05524516184592,101.06779872071759,101.06828866623863,101.06054124131816,101.04723335889425,101.03024144583368,101.01088485701445,100.99009379669506,100.96852503828674,100.94664198719727,100.92477042881823,100.90313763614539,100.8819000173712,100.86116281089778,100.84099421667996,100.82143560309432
0.021599999999999998,100.26121409853918,100.50772768169156,100.7055066490936,100.84572113967191,100.93855603030335,100.99620605048895,101.02874197847703,101.04366035531963,101.04633414362272,101.04056267739372,101.0290240976382,101.01360862672963,100.99565415982013,100.97611033732304,100.95565245941016,100.93476079082451,100.91377607954331,100.8929386926803,100.87241640844378,100.85232429854118,100.83273905323989,100.81370937087806
0.02184,100.24078161767848,100.47852671459314,100.6732346723074,100.81353308550857,100.90794643290059,100.9677757871323,101.00264227187122,101.01982797034141,101.02461206045228,101.02076079851545,101.01094897435084,100.99707725118044,100.98049961199158,100.96218333437754,100.94282091749484,100.92290849806052,100.90280104648764,100.88275146462816,100.86293847453898,100.8434866540264,100.82448093057698,100.80597713534381
0.02208,100.22174772724856,100.45072189400317,100.64212717537744,100.78225898686662,100.87803832775533,100.93988011800859,100.97694962168706,100.99630597702617,101.00312707321207,101.0011401966203,100.99301236027748,100.98065139894949,100.96542497808946,100.94831623893182,100.9300335649939,100.9110879837858,100.89184795026169,100.87257834172328,100.85346839685633,100.83465187075393,100.8162216732075,100.79824056919206
0.02232,100.20403476010001,100.42426608271485,100.61216002448829,100.75188836963416,100.84882880632264,100.91252015505144,100.95166716891825,100.97309844148805,100.98188356747983,100.98170525044515,100.97521845803378,100.96433501560064,100.95043391516964,100.93451241536515,100.91729348399417,100.89930206541106,100.88091936426216,100.86242167469673,100.8440083242079,100.82582191510063,100.80796308299875,100.79050132606218
0.022559999999999997,100.18756779848582,100.3991124141633,100.58330855419153,100.7224100688643,100.82031432098738,100.88569647618257,100.92679762541178,100.95020909001197,100.96088566072615,100.96246012684517,100.95757130205017,100.94813191243384,100.9355299724309,100.92077514085696,100.90460368563787,100.88755350227578,100.87001781407608,100.8522837747029,100.83456037247606,100.81699872591285,100.79970693869859,100.78276104009788
0.022799999999999997,100.17227471311635,100.37521439285463,100.55554764226495,100.69381227625463,100.79249071369584,100.85940914221263,100.90234328368689,100.92764131462947,100.94013720534849,100.94340878230435,100.94007475917151,100.93204576654564,100.92071659096332,100.90710760496226,100.89196710961055,100.87584499510065,100.85914577692951,100.84216691278269,100.82512662410169,100.80818421402499,100.79145499548653,100.77502132553094
0.023039999999999998,100.15808618705242,100.35252598755962,100.52885178192898,100.66608258688332,100.76535324456663,100.83365771396274,100.87830602702823,100.90539817895386,100.91964179192844,100.92455496463047,100.92273252940709,100.91608012101156,100.90599710359515,100.89351290926687,100.87938662369395,100.86417918549336,100.84830568118001,100.83207331936318,100.81570912760282,100.79938026180353,100.78320898454619,100.76728377628322
0.02328,100.14493572553532,100.33100171734881,100.50319515132823,100.6392080451078,100.73889662041161,100.80844126956066,100.85468733982324,100.88348242425499,100.8994027526999,100.90590221482789,100.90554814682692,100.90023838518773,100.89137473483719,100.87999406712252,100.86686502338449,100.85255865550849,100.83749990585412,100.82200518379491,100.806309897125,100.79058872271803,100.77497061266095,100.7595499655883
0.02352,100.13275965284957,100.31059673043742,100.47855168008549,100.61317518945188,100.71311502303833,100.78375842182302,100.83148831808559,100.86189647573751,100.87942316520702,100.88745386913675,100.88852498060098,100.88452383513432,100.87685260093049,100.86655400347011,100.85440503158755,100.84098592727318,100.82673078024227,100.8119646539397,100.79693091203643,100.78181142095214,100.76674156184544,100.75182144564597
0.023759999999999996,100.12149709730194,100.29126687610187,100.454895112966,100.5879700964712,100.68800213731697,100.75960733570787,100.80870968015063,100.84064244900951,100.85970585613946,100.86921306122665,100.871666236169,100.86893961414808,100.8624337099853,100.85319555473909,100.84200929837563,100.82946346266657,100.81600058353948,100.80195383579758,100.78757411655701,100.77305015104416,100.7585234890031,100.74409974729946
0.023999999999999997,100.11108996538242,100.27296876993402,100.43219907069732,100.56357842359519,100.66355117900262,100.73598574582901,100.78635177753536,100.81972215673444,100.84025340533755,100.85118272453717,100.85497495653297,100.85348873339578,100.84812096220207,100.839921468814,100.82968040080124,100.8179936630441,100.80531154452278,100.79197479316434,100.77824141941254,100.7643066775485,100.75031802560112,100.7363863797274
0.024239999999999998,100.10148290614924,100.2556598526165,100.4104371079214,100.53998545089145,100.63975492226665,100.71289097399894,100.76441460594062,100.79913711545146,100.82106814995772,100.83336559475859,100.83845402366772,100.83817407264542,100.8339171501731,100.82673440506665,100.81742084276357,100.80657886900605,100.79466584126516,100.78202954731884,100.76893469351376,100.75558273471782,100.74212677736271,100.72868283015036
0.02448,100.09262326685055,100.23929844241711,100.38958276826583,100.51717612170344,100.61660572689371,100.69031994676862,100.74289781637341,100.77888855254952,100.80215218878827,100.81576421244623,100.82210616004558,100.82299838109239,100.81982495926215,100.81363693445273,100.80523305492811,100.7952213602093,100.78406560088504,100.77212007674005,100.75965577566015,100.74688002620577,100.73395132397667,100.72099056355181
0.02472,100.08446104076226,100.223843781614,100.3696096365307,100.49513508211776,100.59409556510289,100.668269212933,100.72180072636816,100.75897741338073,100.78350738670575,100.79838092576206,100.8059339302701,100.80796427827747,100.8058469680606,100.8006315396713,100.79311939469808,100.78392335522219,100.77351289933155,100.76224831685354,100.750406466268,100.73820022479025,100.72579321882398,100.71331102241359
0.024959999999999996,100.07694880818387,100.20925607707515,100.35049138799738,100.4738467192223,100.57221604795453,100.64673496097288,100.70112233128567,100.73940436849867,100.76513537926239,100.78121789333686,100.78993974281511,100.79307425509374,100.79198564891763,100.78772061538588,100.78108214623678,100.77268701142141,100.76300976120442,100.752416159807,100.74118852912301,100.7295449721168,100.71765398872166,100.70564562646587
0.025199999999999997,100.07004167149363,100.1954965352257,100.33220183487414,100.45329519812164,100.55095845130654,100.62571303640476,100.68086131567001,100.7201698210075,100.74703757739479,100.76427708724644,100.77412585186389,100.77833067487917,100.77824336854243,100.77490646850556,100.76912352053994,100.76151442493025,100.75255815960853,100.74262545427446,100.73200369115659,100.72091587846238,100.70953513368352,100.69799577245124
0.025439999999999997,100.06369718512086,100.18252739164448,100.31471496990237,100.43346449768116,100.53031374128678,100.60519895901143,100.6610160646431,100.70127391400845,100.72921517224464,100.74756029609533,100.75849435924471,100.76373577459205,100.76462238867649,100.76219131852463,100.75724565555674,100.75040763059772,100.7421600160424,100.73287800528894,100.72285364224624,100.71231452251892,100.7014381266976,100.69036283390328
0.025679999999999998,100.05787528124829,100.17031193553885,100.29800500715452,100.41433844497566,100.51027259925048,100.58518793992768,100.64158467531821,100.68271653812971,100.71166914008175,100.73106912820172,100.74304721645761,100.74929166606583,100.7511248668334,100.74957729791934,100.7454506163588,100.73936860201744,100.73181720031998,100.72317557410297,100.71374003503912,100.70374245119675,100.69336441352056,100.6827481609392
0.02592,100.05253819200985,100.15881452935027,100.28204642006283,100.39590074842337,100.49082544619418,100.56567489855641,100.62256496821395,100.6644973391271,100.6944002473207,100.71480501487689,100.72778622678844,100.73500033734055,100.7377528571044,100.73706645260006,100.73374039535564,100.72839925158584,100.72153153052533,100.71351987807682,100.70466448479914,100.69520117944764,100.68531541248859,100.67515308006651
0.02616,100.04765036890181,100.14800062374825,100.26681397672414,100.37813502959035,100.4719624666,100.54665447929207,100.60395449865081,100.64661572554206,100.67740905562131,100.69876921379296,100.7127130475053,100.7208636540675,100.72450831102718,100.7246607424174,100.7221169125559,100.71750143059867,100.71130477299964,100.7039125905939,100.69562856927676,100.68669219010717,100.67729251434464,100.66757889400382
0.026399999999999996,100.04317840007633,100.13783676827096,100.25228277253271,100.36102485365456,100.45367363168702,100.52812106802922,100.58575056811314,100.62907087640507,100.66069592706467,100.6829628124326,100.69782919213337,100.70688336098404,100.7113930785157,100.71236204172068,100.7105820158729,100.70667692938501,100.70113864235994,100.69435534100278,100.6866338286015,100.6782169337563,100.6692970820821,100.66002688151535
0.026639999999999997,100.03909092613794,100.1282906178724,100.23842826019867,100.34455375852306,100.43594872204798,100.51006880843583,100.5679502355602,100.61186174897156,100.64426102939548,100.66738673161451,100.68313603280309,100.6930610834555,100.69840890884903,100.70017213996705,100.69913748147341,100.69592747747811,100.69103480154881,100.68484971458575,100.67768176519675,100.66977682860195,100.66133045080443,100.65249829725933
0.026879999999999998,100.03535855501508,100.11933093563478,100.22522627721479,100.32870528259991,100.41877734965269,100.4924916179716,100.55055032867044,100.59498708647921,100.6281043413223,100.65204172908822,100.66863480266798,100.67939832908087,100.6855574517166,100.68809274237981,100.68778501416864,100.68525474382203,100.68099486191473,100.6753972525531,100.66877384371662,100.66137326037612,100.65339392760094,100.64499437164987
0.02712,100.0319537764305,100.11092759190358,100.21265307083908,100.31346299120538,100.40214897920143,100.47538320363334,100.53354745500371,100.57844542591442,100.61222565786717,100.63692840319257,100.6543265983871,100.66589648935924,100.672840258318,100.6761254706541,100.67652624784606,100.67466033701334,100.67102038332209,100.66599945206288,100.65991149100427,100.65300758225362,100.64548879143813,100.63751631073255
0.02736,100.0288508764481,100.10305156009933,100.20068532066502,100.2988105016515,100.38605294881391,100.45873707741062,100.5169380130674,100.56223510577748,100.59662459575648,100.62204719657146,100.6402123826683,100.65255684141388,100.66025878251463,100.66427186370856,100.66536274594097,100.66414580557688,100.66111287429061,100.6566577662656,100.65109609607177,100.6446811147879,100.63761629306669,100.63006529607311
0.027599999999999996,100.02602585252725,100.09567490945668,100.18930015885441,100.28473150698174,100.37047849004125,100.44254657143576,100.50071820327234,100.54635427383504,100.58130059884485,100.6073983999412,100.62629298686758,100.6393805497707,100.64781438203136,100.652533378481,100.65429600194663,100.65371263827488,100.65127379216311,100.64737360437336,100.64232901010067,100.63639514586488,100.62977765494395,100.62264248465956
0.027839999999999997,100.02345632947167,100.08877079493625,100.17847518811193,100.27120979838595,100.35541474719109,100.426804852814,100.4848840387657,100.53080089485002,100.56625294356441,100.5929821559036,100.61256911364066,100.62636866818825,100.6355083197056,100.64091139076663,100.64332743996162,100.64336226444836,100.6415045433014,100.638148331753,100.63361154646334,100.6281509306744,100.62197407117137,100.6152490088172
0.028079999999999997,100.0211214766171,100.08231344454934,100.16818849748229,100.25822928630458,100.34085079595737,100.41150493812076,100.4694313561285,100.51557275827876,100.55148074439155,100.57879846279904,100.59904133964226,100.61352214153578,100.62334176478169,100.6294071960973,100.63245841527322,100.6330960543899,100.63180648330906,100.62898327004262,100.62494498076431,100.619949691699,100.61420670744707,100.60788597613666
0.028319999999999998,100.01900192656106,100.07627814432558,100.15841867604968,100.24577402023523,100.3267756613452,100.39663970755072,100.45435582592363,100.5006674859238,100.53698295932259,100.56484717859303,100.58571011826835,100.60084180771632,100.61131579424804,100.61802201065952,100.62169021497569,100.62291531974712,100.62218091728126,100.61987969729132,100.61633055090181,100.61179261872022,100.60647670103336,100.60055446941486
0.02856,100.01707969569887,100.07064122113523,100.14914482460695,100.23382820724314,100.31317833487032,100.38220191869468,100.43965296307253,100.48608253952447,100.52275839534391,100.55112802478519,100.57257578243335,100.58832839962822,100.59943139421269,100.60675697224863,100.61102405862131,100.61282131395554,100.6126291000803,100.61083884812194,100.6077694571495,100.60368086884256,100.59878516074019,100.5932555466102
0.0288,100.01533810679325,100.0653800236017,100.14034656539958,100.22237622921392,100.30004779104468,100.36818421994568,100.42531813705875,100.47181522828292,100.50880571389477,100.53764059033921,100.55963854738042,100.5759825471643,100.58768946131575,100.59561314125772,100.6004610989028,100.60281523269921,100.60315223663609,100.60186191391544,100.59926286225725,100.59561556653418,100.5911331669229,100.58599024081008
0.029039999999999996,100.01376171376984,100.06047290132284,100.13200405004143,100.21140265888174,100.28737300315498,100.3545791635322,100.41134658195404,100.45786271632122,100.49512343631868,100.52438433563036,100.54689851352272,100.56380477924606,100.5760908041775,100.58459150169962,100.59000242236603,100.59289821439857,100.59375148227001,100.59295004301579,100.59081189156953,100.5875978036829,100.5835217714933,100.57875956021012
0.029279999999999997,100.01233622889852,100.05589918260242,100.12409796569031,100.20089227465868,100.27514295833511,100.34137921817113,100.39773340625841,100.44422203006172,100.4817099492974,100.51135859640591,100.53435566931175,100.55179552589078,100.56463614487966,100.57369296226092,100.57964905015182,100.583071340724,100.58442794304197,100.584104340955,100.58241763316157,100.57962863966745,100.57595199794405,100.57156448810485
0.029519999999999998,100.0110484524897,100.05163915088494,100.11660953957232,100.19083007429334,100.26334667193484,100.32857678133449,100.38447360254582,100.4308900655232,100.46856351026108,100.49856258775368,100.52200989412916,100.53995512030833,100.55332612047812,100.56291835738598,100.56940193876555,100.57333563713472,100.57518267611958,100.57532587069787,100.5740811379925,100.5717091014437,100.56842484138606,100.56440598288962
0.029759999999999998,100.00988620520674,100.0476740200775,100.10952054194306,100.18120128738809,100.25197320118879,100.31616419112427,100.37156205690816,100.4178635955257,100.455682252769,100.48599540807385,100.50986096119853,100.52828380102505,100.5421612845448,100.5522684483897,100.55926198087369,100.56369207344194,100.56601669016916,100.56661565290574,100.56580342007533,100.56384018364551,100.56094126859857,100.55728497807371
0.03,100.00883826306935,100.0439859089331,100.10281328757391,100.17199138680589,100.2410116581908,100.30413373775153,100.35899355819075,100.40513927679746,100.44306419185482,100.47365604304969,100.49790854051341,100.51678171403213,100.53114210873666,100.54174392459737,100.54923000612565,100.55414156439535,100.55693094576755,100.55797466621884,100.55758545666336,100.55602284869997,100.55350221809181,100.55020238230432
0.030239999999999996,100.00789429519956,100.04055781466076,100.09647063585106,100.16318609899906,100.23045122218045,100.29247767461608,100.34676280701305,100.39271365697759,100.43070722933115,100.46154336961268,100.48615220177832,100.50544891495566,100.52026898438999,100.53134540451009,100.53930678200032,100.54468497029204,100.54792635583442,100.54940384755686,100.54942818845247,100.54825802695666,100.54610860018201,100.5431590794015
0.030479999999999997,100.00704480433929,100.03737358591796,100.09047598957319,100.15477141329337,100.22028115114941,100.28118822898472,100.33486442456908,100.3805831815085,100.4186091590483,100.44965615989777,100.47459141735924,100.49428537124595,100.50954222413773,100.52107343699424,100.52949301467564,100.53532309760723,100.53900378608402,100.54090409243699,100.54133251979908,100.54054661683072,100.53876129707851,100.53615592840345
0.030719999999999997,100.00628107014977,100.03441789533164,100.08481329253374,100.14673359016155,100.21049079277678,100.27025761226605,100.32329296120234,100.3687442004126,100.40676767210181,100.4379930851847,100.4632255652404,100.48329096438326,100.49896206354809,100.51092850249337,100.51978934992027,100.52605669964551,100.53016405549609,100.53247625530904,100.53329931895331,100.53288948495931,100.53146116298272,100.52919376362247
0.030959999999999998,100.00559509528485,100.03167621168458,100.07946702597101,100.13905916852177,100.20106959470317,100.2596780298816,100.31204290475104,100.35719297494812,100.39518036198452,100.42655271982132,100.45205393198415,100.47246549209778,100.4885286627823,100.5009110142613,100.51019637400634,100.51688647721198,100.52140793680475,100.52412114990707,100.52532941830687,100.52528746637124,100.52420902419864,100.52227339471102
0.0312,100.00497955421503,100.02913477189435,100.07442220396864,100.13173497209677,100.19200711415492,100.24944169073312,100.30110868865957,100.34592568413905,100.38384472967819,100.41533354512507,100.44107571569062,100.46180867060117,100.47824210826977,100.49102131961463,100.50071461464181,100.50781307930251,100.51273615700534,100.51583954961714,100.51742361465541,100.51774136466939,100.5170056792548,100.51539560673788
0.031439999999999996,100.00442774476473,100.0267805529032,100.06966436788672,100.12474811487,100.18329302693016,100.23954081626705,100.29048469985294,100.334938431175,100.37275818868069,100.40433395325898,100.43029002895442,100.45132013682722,100.46810241439859,100.4812597012033,100.49134454192152,100.49883710381171,100.50414939787785,100.50763218786035,100.50958266947478,100.51025195222576,100.5098518990373,100.50856116027416
0.03168,100.00393354231363,100.02460124358795,100.06517957990161,100.11808600567565,100.1749171357597,100.22996764913788,100.28016528637139,100.32422724967677,100.36191806996449,100.39355225107856,100.41969590181522,100.44099945067943,100.4581095252197,100.47162637829787,100.48208656929586,100.48995909825854,100.4956482965268,100.49949975849101,100.50180730921093,100.50281997038849,100.50274842693386,100.50177079148892
0.03192,100.00349135660241,100.02258521678993,100.06095441573105,100.11173635195955,100.16686937805635,100.22071446147257,100.27014476476292,100.31378810982363,100.35132162686264,100.38298666394607,100.40929228469949,100.43084609728315,100.44826331616272,100.46212150809187,100.47294105455565,100.4811795605278,100.48723344593647,100.49144291620915,100.49409822558286,100.49544612970094,100.49569597898821,100.4950252122544
0.032159999999999994,100.00309609107404,100.02072150155684,100.05697595661789,100.10568716274831,100.1591398330669,100.2117735627393,100.26041742723193,100.30361692433945,100.34096603987878,100.37263533950916,100.39907805135044,100.42085948923996,100.43856359576179,100.45274518701801,100.46390830083241,100.47249893962747,100.47890539554119,100.48346227698687,100.4864560758984,100.4881311101322,100.48869524406513,100.48832511026038
0.0324,100.00274310467493,100.01899975567953,100.05323178064423,100.0999267508637,100.15171872844189,100.20313730722398,100.25097754854272,100.2937095543341,100.33084842141751,100.36249635144046,100.38905200174382,100.41103896888215,100.42901010738949,100.4434974520767,100.45498855761286,100.46391763646027,100.4706646518097,100.47555841850814,100.4788814833823,100.48087556131885,100.48174688402543,100.48167114913761
0.032639999999999995,100.00242817603342,100.0174102385991,100.04970995344459,100.09444373441964,100.14459644623847,100.19479810111905,100.24181939267697,100.2840618149976,100.32096582043215,100.35256770313522,100.37921286498661,100.40138381052516,100.41960253099732,100.43437828217557,100.44618202176635,100.45543600460925,100.46251167884299,100.46773188062139,100.47137503751608,100.47368010281762,100.47485153391088,100.47506396859026
0.03288,100.00214746992899,100.0159437847514,100.04639901838446,100.08922703763864,100.13776352837276,100.18674840922905,100.23293721924492,100.27466948114467,100.31131522698684,100.34284733136437,100.36955930219641,100.39189322271595,100.41034048486101,100.42538759947863,100.43748883858443,100.44705435113609,100.45444689898513,100.45998316580433,100.46393729438962,100.46654532436851,100.46800980213868,100.46850418453678
0.03312,100.00189750596137,100.01459177740915,100.04328798626773,100.08426589102442,100.13121068153774,100.17898076129876,100.22432528965021,100.26552829260748,100.30189357673032,100.3333331098799,100.36008990935902,100.3825663504752,100.40122352732872,100.41652527076374,100.4289091028314,100.43877293739145,100.44647069344612,100.4523127396407,100.45656877706355,100.45947178616827,100.46122227070524,100.46199238925946
0.033359999999999994,100.00167512932622,100.01334612307485,100.04036632463472,100.07954983092812,100.12492878160518,100.17148775797055,100.21597787301022,100.25663395947578,100.29269775527966,100.32402285297108,100.3508032201625,100.37340227753195,100.39225115857153,100.4077911087875,100.42044285980491,100.4305919798368,100.4385834029365,100.44472103130818,100.44926997594257,100.45246001915366,100.45448949539914,100.45552915156202
0.0336,100.00147748360232,100.01219922647176,100.03762394671125,100.07506869854708,100.11890887753187,100.1642620763809,100.20788925183554,100.24798216718587,100.2837246025141,100.31491431897118,100.34169770880749,100.3644000285504,100.38342282233522,100.39918487365723,100.41209010640672,100.42251165087751,100.43078532831356,100.43720843407769,100.4420413491593,100.44551052529474,100.44781200602294,100.44911501693548
0.033839999999999995,100.00130198545439,100.01114396617064,100.0350512000606,100.07081263838732,100.11314219478353,100.15729647539877,100.20005372746668,100.23956858145405,100.27497091677436,100.30600521371004,100.33277179278966,100.35555857134544,100.37473790769138,100.39070627420786,100.40385079222176,100.4145320797059,100.42307673123797,100.42977530582324,100.43488332296818,100.43862377789739,100.44119030662387,100.44275050773186
0.03408,100.00114630115529,100.01017367088517,100.03263885498981,100.06677209622329,100.10762013829282,100.15058380051161,100.19246562526828,100.23138885305251,100.26643345896446,100.29729319390988,100.32402383565172,100.34687681908461,100.3661957507852,100.38235496938222,100.395724820604,100.40665335315309,100.41545783484018,100.4224219695414,100.42779629214903,100.43180022191508,100.43462487573271,100.4364361233457
0.034319999999999996,100.00100832483227,100.00928209646416,100.03037809276016,100.06293781658894,100.10233429496903,100.14411698836673,100.18511929958267,100.22343862242708,100.25810895655434,100.2887758705219,100.31545214970305,100.33835363247488,100.35779563657889,100.37413056961347,100.38771204976848,100.39887551654903,100.40792882439587,100.4151487138802,100.42078062041955,100.42504027426908,100.42811616661108,100.43017234040312
0.034559999999999994,100.00088615834267,100.00846340360303,100.02826049364856,100.0593008398335,100.09727643577781,100.13788907097559,100.17800913844546,100.21571352415644,100.24999410748181,100.28045081200212,100.30705499870493,100.3299878219322,100.34953680058912,100.3660326382083,100.37981229388816,100.39119857458962,100.40048984800957,100.40795579367669,100.41383664085664,100.41834432417721,100.42166460750626,100.42395961295809
0.0348,100.00077809268616,100.0077121362921,100.02627802490412,100.05585249877434,100.09243851740854,100.13189317958957,100.1711295680654,100.20820919125265,100.2420855839524,100.27231554752463,100.2988306005198,100.32177814973285,100.34141843061722,100.35806069272992,100.3720253241949,100.38362249221048,100.39314101730633,100.4008434305028,100.40696465632588,100.41171273349053,100.41527060191389,100.41779837269576
0.035039999999999995,100.00068259086311,100.00702320101483,100.02442302864121,100.05258441497882,100.0878126835475,100.12612254825515,100.1644750570718,100.20092125930307,100.23438003613606,100.2643675701306,100.29077712972288,100.31372333214429,100.33343966847056,100.35021420637972,100.36435087008333,100.37614719546616,100.38588240813012,100.39381181321886,100.40016493991884,100.40514583703761,100.40893452884774,100.41168902914276
0.03528,100.00059827209029,100.00639184670449,100.02268820970764,100.04948849470556,100.08339126577489,100.12057051705773,100.15804012053238,100.19384537045421,100.22687409575964,100.25660433981153,100.2828927201743,100.30582204153475,100.3255996116741,100.34249260937628,100.35678862021712,100.36877257241449,100.37871406124889,100.38686109853427,100.39343773539788,100.39864394297615,100.4026567431166,100.40563196988393
0.035519999999999996,100.00052389728859,100.00581364546387,100.02106662356378,100.04655692453531,100.0791667841033,100.11523053506231,100.15181932374531,100.18697717723785,100.21956437959453,100.24902328652556,100.27517546755072,100.29807290845964,100.3178973151706,100.33489529033085,100.3493382236361,100.36149847400485,100.3716359830654,100.3799914115749,100.38678325764783,100.39220733315165,100.39643757560778,100.3996275607855
0.03576,100.00045835575992,100.00528447404935,100.01955166420635,100.04378216672012,100.07513194717558,100.11009616296079,100.14580728580908,100.18031234624057,100.21244749283858,100.24162181314547,100.26762343183464,100.2904745237237,100.31033179300847,100.32742159761816,100.34199929086404,100.35432471497008,100.36464814633325,100.37320284645664,100.38020169313437,100.38583626346248,100.3902773335773,100.3936761462245
0.036,100.00040065297392,100.00480049611663,100.01813705216723,100.04115695427862,100.07127965213968,100.10516107543445,100.13999868297397,100.17384656161734,100.20552003239223,100.23439729833741,100.26023463976036,100.28302544041749,100.30290202001603,100.32007084074156,100.3347713950157,100.34725107472084,100.35775049087746,100.36649546686454,100.37369320036835,100.37953096423152,100.38417630094595,100.3877780493239
0.036239999999999994,100.00034989938823,100.00435814522336,100.01681682261604,100.03867428586436,100.0676029842177,100.1004190632414,100.13438825177961,100.16757552845075,100.19877859002818,100.22734709936928,100.25300708721531,100.27572417592714,100.29560693346087,100.31284229169151,100.3276540729025,100.34027729824207,100.35094292431917,100.3598693066373,100.36725791037615,100.37329164058347,100.37813473860149,100.38193357219365
0.03648,100.00030530022934,100.00395410858023,100.01558531359201,100.03632742043304,100.06409521598624,100.09586403503816,100.12897079198265,100.16149497595713,100.1922197554548,100.220468554848,100.24593874159564,100.26856921391597,100.28844543469366,100.30573518629642,100.32064682613613,100.33340309699068,100.34422532280367,100.35332437035622,100.36089592717514,100.367118472828,100.37215288470631,100.37614299617701
0.036719999999999996,100.00026614616516,100.00358531154039,100.0144371543892,100.03410987173324,100.06074980638527,100.09149001894498,100.12374116927934,100.15560066054104,100.18584011927318,100.2137589873849,100.23902754411498,100.26155900627727,100.28141639077488,100.29874872556496,100.31374912222884,100.32662814979376,100.33759753173129,100.34686063393855,100.35460732825422,100.36101161684799,100.36623095501056,100.37040658210225
0.03696,100.00023180480297,100.00324890281463,100.013367254116,100.03201540264442,100.05756039947163,100.08729116386446,100.11869431782745,100.14988836870035,100.17963627582793,100.20721570618879,100.23227141206556,100.25469197505676,100.27451863608391,100.291882077019,100.30696039569031,100.31995210374683,100.3310593664906,100.34047804523442,100.3483921650589,100.35497120449294,100.36036914317026,100.36472457053931
0.0372,100.00020171295077,100.0029422403979,100.0123707904484,100.03003801938499,100.05452082293374,100.08326174056295,100.11382524257266,100.14435391978317,100.17360482595224,100.20083600958584,100.22566824103085,100.24796651434417,100.26775097390926,100.28513437601612,100.30028004911959,100.31337457511118,100.3246106131933,100.33417652462715,100.3422504634805,100.34899734397676,100.35456762107026,100.3590971820612
0.037439999999999994,100.00017536958319,100.00266287819106,100.01144319859402,100.02817196561155,100.05162508638331,100.0793961425244,100.10912902138405,100.13899316859946,100.1677423796075,100.19461718746635,100.21921590704868,100.24138099213279,100.26111217801916,100.27850472706112,100.29370745429208,100.30689515020997,100.3182510294103,100.32795596563626,100.33618222434912,100.34309012028007,100.34882653915174,100.35352461751008
0.03768,100.00015232945631,100.00240855330043,100.01058016048222,100.02641171643025,100.04886737943956,100.0756888865862,100.1046008070041,100.13380200788889,100.16204555841817,100.18855652365784,100.21291226872457,100.23493375214628,100.25460099421167,100.27199220510556,100.28724195324021,100.30051338632222,100.31198034490845,100.3218162355229,100.3301874239301,100.33724959555641,100.34314602674398,100.34800705826756
0.037919999999999995,100.00013219731947,100.00217717399651,100.00977759419335,100.0247519723395,100.04624206962127,100.07213461336649,100.10023582881806,100.12877637064786,100.1565109981026,100.1826512982243,100.2067551692943,100.22862311563189,100.2482161418434,100.26559585683455,100.28088285932763,100.29422881257426,100.3057982623874,100.31575717589722,100.32426601442344,100.3314758095421,100.33752619240008,100.3425446665292
0.03816,100.00011462267547,100.00196680831232,100.0090316436389,100.02318765312228,100.04374370006116,100.06872808749235,100.09602939444818,100.12391223231768,100.15113535080053,100.1768987896917,100.20074243863543,100.22244738311944,100.24195631533622,100.2593147019403,100.27462945831593,100.28804093082792,100.29970445821608,100.30977860332705,100.31841792446579,100.32576877996952,100.33196712423651,100.33713758558291
0.0384,100.00009929504306,100.00177567326068,100.00833866850246,100.02171389170621,100.04136698705805,100.06546419763946,100.09197689117906,100.119205612838,100.14591528729939,100.17129627720048,100.19487189522799,100.21640483614603,100.23582018566185,100.25314773438186,100.26848100942391,100.28194921656551,100.29369858316869,100.3038803099482,100.31264305963519,100.32012850298361,100.32646889027632,100.33178594009115
0.038639999999999994,100.00008593967966,100.00160212465009,100.0076952344505,100.02032602800855,100.03910681748184,100.06233795639379,100.08807378722106,100.11465257856943,100.14084749916186,100.16584104258685,100.18914134806552,100.21049373894736,100.2298064018047,100.24709392363204,100.26243674637966,100.2759531197716,100.28778026316039,100.29806206407615,100.30694130295846,100.31455495356195,100.32103153879606,100.3264898363772
0.03888,100.00007431372443,100.00144464747683,100.00709810361819,100.0190196027796,100.03695824604246,100.05934449994201,100.08431563281479,100.11024924408588,100.13592870075367,100.1605303723907,100.18354859851405,100.20471234011318,100.22391359220097,100.24115221590887,100.2564958784637,100.2700520658103,100.28194909998146,100.29232361081827,100.30131251542039,100.30904808593736,100.31565509867616,100.32124936271472
0.039119999999999995,100.00006420272473,100.00130184687154,100.00654422537592,100.01779035145849,100.03491649243568,100.05647908759937,100.08069806118138,100.10599177383892,100.13115563117215,100.15536155979022,100.17809144211841,100.19905887420599,100.21814036615302,100.23532153539124,100.2506575915422,100.26424545629717,100.2762046720292,100.28666467268594,100.29575653647427,100.3036078340228,100.31033957975374,100.31606458962055
0.03936,100.00005541751234,100.00117243957831,100.00603072737981,100.01663419805503,100.03297693837806,100.0537371011839,100.07721678932431,100.10187638369709,100.12652505607709,100.15033190646332,100.1727676703557,100.19353156334272,100.21248531521819,100.22960078541759,100.24492104908998,100.25853266996508,100.27054653503691,100.281084950206,100.29027318455327,100.29823411183816,100.30508497317818,100.3109355701503
0.039599999999999996,100.00004779139732,100.0010552459442,100.0055549069097,100.01554724906957,100.03113512454333,100.0511140442458,100.07386761868808,100.09789934236328,100.1220337694252,100.14543872437638,100.16757507233574,100.18812861873865,100.20694701457187,100.22398884966765,100.23928539320242,100.25291306352386,100.26497422279999,100.2755841225313,100.28486225758249,100.29292681393865,100.29989125176891,100.30586234019673
0.039839999999999993,100.00004117765071,100.00094918239715,100.0051142224956,100.01452578746276,100.02938674741202,100.04860554116051,100.07064643567936,100.09405697267329,100.1176785951099,100.14067933750107,100.16251143644865,100.18284824221367,100.2015240243443,100.21848459332625,100.23374974559606,100.24738597251293,100.25948724789805,100.27016184805002,100.27952353349124,100.28768581584455,100.29475837037522,100.30084491879045
0.04008,100.00003544724912,100.0008532543905,100.00470628583355,100.01356626668574,100.02772765604512,100.04620733609434,100.06754921205606,100.09034565277868,100.11345638850757,100.13605108345955,100.15757455195931,100.17768862766025,100.19621489093039,100.21308686422894,100.22831320859709,100.24195071214666,100.25408510241328,100.26481776499311,100.2742567707252,100.28251097447196,100.28968626623782,100.295883308403
0.040319999999999995,100.00003048685633,100.00076654979243,100.00432885399019,100.01266530478038,100.02615384879294,100.0439152918503,100.06457200518985,100.08676181721725,100.10936403793269,100.13155131509885,100.1527622105491,100.17264796247295,100.19101814827248,100.20779449398889,100.22297486611765,100.23660657815189,100.24876725864418,100.25955149203976,100.26906170875826,100.27740212856439,100.28467485935204,100.2909774952519
0.04056,100.00002619701966,100.00068823269903,100.00397982189476,100.01181967855858,100.02466146994915,100.04172538860301,100.06171095820746,100.08330195787423,100.10539846600268,100.12717740199531,100.14807220780473,100.16772442893954,100.18593231911557,100.20260629910466,100.2177337846191,100.23135284759726,100.24353316981453,100.25436262892048,100.26393806860361,100.2723590991247,100.27972405283222,100.28612744960752
0.040799999999999996,100.00002249055967,100.00061753765021,100.00365721511639,100.0110263178687,100.02324680635978,100.03963372252997,100.05896230001636,100.07996262483763,100.10155663091506,100.12292673188965,100.14350234465476,100.1629162055931,100.18095591623454,100.19752108204847,100.2125890140621,100.22618877971388,100.23838227077707,100.24925075701725,100.25888555332374,100.26738168984741,100.27483373327719,100.28133312610166
0.04103999999999999,100.00001929113475,100.00055376422777,100.00335918292355,100.01028229995633,100.0219062839965,100.03763650434726,100.05632234521997,100.0767404271511,100.09783552763821,100.11879671205365,100.13905042875373,100.15822146852567,100.17608744363346,100.1925376323345,100.207539588843,100.22111361670697,100.23331397871162,100.24421543996073,100.25390384853932,100.26246968755085,100.27000377113669,100.27659446403749
0.04128,100.00001653196287,100.00049627201597,100.00308399162226,100.00958484392613,100.02063646450318,100.03573005775696,100.05378749392771,100.07363203346735,100.0942321890179,100.11478477058944,100.13471427581437,100.15363839266259,100.17132539771627,100.18765472756701,100.20258452871619,100.21612658455817,100.22832769381722,100.23925622422395,100.24899262293624,100.25762286260905,100.26523402107819,100.27191138770074
0.041519999999999994,100.0000141546848,100.00044447590476,100.00283001816865,100.00893130531038,100.01943404172376,100.03391081781368,100.05135423146531,100.0706341726059,100.0907436868015,100.11088835766226,100.13049171088828,100.1491651529984,100.16666826842904,100.18287113446782,100.19772283970198,100.21122689381795,100.22342279999793,100.2343726397122,100.24415152877089,100.25284096938307,100.26052432235427,100.26728380667193
0.04176,100.00001210835428,100.00039784171744,100.00259574405118,100.00831917074947,100.01829583821961,100.03217532921714,100.04901912799032,100.0677436340182,100.08736713258169,100.1071049466678,100.12638056959538,100.14479992579372,100.16211454037335,100.178185609883,100.19295351497986,100.2064137403881,100.21859866554209,100.229564200349,100.23938020237318,100.24812374665147,100.25587449917018,100.26271161613947
0.041999999999999996,100.0000103485421,100.0003558821439,100.00237974943717,100.00774605278883,100.01721880178373,100.03052024453783,100.04677883801796,100.06495726816348,100.08409967866189,100.10343203533508,100.12237869930287,100.14054088973332,100.15766269389088,100.1735969017685,100.18827553576662,100.20168630629357,100.2138546437945,100.22483040465754,100.23467826464729,100.24347091803983,100.25128436105112,100.25819469721338
0.04224,100.00000883654224,100.00031815296224,100.00218070757809,100.00720968479617,100.01620000195884,100.02894232238194,100.04463009986236,100.06227198679902,100.08093851884536,100.0998671467662,100.1184839602537,100.1363862270457,100.1533112061189,100.16910375015435,100.18368787217916,100.19704376044382,100.20919007382155,100.22017073633765,100.23004532156945,100.23888219244887,100.24675370320956,100.25373291723949
0.04248,100.00000753866907,100.00028424953183,100.00199737946733,100.0067079160022,100.01523662656591,100.02743842550241,100.04256973499801,100.05968476318763,100.07788088915002,100.09640783041392,100.11469422664567,100.13233412458428,100.14905855201665,100.16470488808741,100.17918948408179,100.19248525938292,100.20460428106855,100.21558466483772,100.22548096468303,100.23435726448116,100.24228230691192,100.249326130114
0.042719999999999994,100.00000642563623,100.00025380354127,100.00182860874435,100.00623870666773,100.01432597824927,100.02600551886187,100.04059464734623,100.05719263222626,100.07492406845117,100.0930516629983,100.11100738766139,100.12838277487013,100.14490320536278,100.16039904255243,100.17477932191747,100.18800994802858,100.20009657800955,100.21107164592154,100.22098477159018,100.22989581486598,100.23786993984459,100.244974176598
0.04296,100.00000547200804,100.00022647999597,100.00167331683834,100.00580012337905,100.01346547104426,100.02464066765333,100.0387018224914,100.05479269049842,100.07206537905404,100.0897962493638,100.10742134844982,100.12453037709689,100.14084363972347,100.15618493537119,100.17045632752328,100.18361696039943,100.19566626478874,100.20663112222964,100.21655630644025,100.22549751088238,100.23351635647914,100.24067688463218
0.043199999999999995,100.00000465571571,100.00020197443021,100.00153049834474,100.00539033447366,100.01265262697227,100.02334103528472,100.03688832683149,100.0524820962543,100.06930218719855,100.08663922327786,100.10393403106008,100.1207751380978,100.13687832939158,100.15206128407969,100.16621943492942,100.1793054203306,100.19131262985387,100.202262523835,100.21219512041442,100.22116200677986,100.22922129843653,100.23643406965098
0.04344,100.00000395763115,100.00018001032947,100.00139921662749,100.00500760559731,100.01188507266917,100.0221038813325,100.03515130666797,100.05025806932194,100.06663190349893,100.08357824817311,100.10054337532887,100.11711527327607,100.1330057502973,100.14802680278402,100.16206757114229,100.17507444217787,100.18703495058132,100.19796526879323,100.20790075220678,100.21688894419727,100.22498449485025,100.23224553489696
0.04368,100.00000336119193,100.00016033674952,100.00127859964017,100.00465029539376,100.01116053605129,100.02092655947058,100.03348798724002,100.0481178909536,100.06405198332087,100.08061101783511,100.0972473397229,100.11354900749927,100.12922438089112,100.14408020299484,100.15799965691218,100.17092313151038,100.18283249389336,100.19373876368745,100.20367272850216,100.21267795257953,100.22080566272875,100.22811107173492
0.043919999999999994,100.00000285207173,100.00014272611931,100.0011678359583,100.00431685132673,100.01047684302287,100.01980651537788,100.03189567170593,100.04605890360887,100.06155992709722,100.07773525703553,100.09404390213571,100.11007457595714,100.12553270299784,100.14022019444018,100.15401460748416,100.16685058579117,100.17870451686656,100.1895824041669,100.19951056444961,100.20852864959197,100.21668450731637,100.22403045996542
0.04416,100.00000241789095,100.0001269722152,100.00106617101568,100.00400580563438,100.00983191422854,100.01874128462974,100.03037174007586,100.04407851067779,100.05915328058407,100.07494872211205,100.09093106063955,100.1066902249827,100.1219292026419,100.13644548585549,100.15011133333196,100.16285589504504,100.17465026733079,100.18549557547898,100.19541376413149,100.2044406415315,100.21262072245246,100.22000346813758
0.044399999999999995,100.00000204796302,100.00011288829509,100.00097290353746,100.00371577141557,100.00922376185437,100.01772849057716,100.02891364810009,100.04217417614693,100.0568296350593,100.07224920149642,100.0879068341931,100.10339421283749,100.11841237084386,100.13275478575173,100.14628874087494,100.15893814251358,100.17066898445903,100.18147765299453,100.19138182102772,100.20041352373472,100.20861399092855,100.21602985386066
0.04464,100.00000173307217,100.00010030538134,100.0008873821625,100.00344543884765,100.00865048648083,100.01676584221848,100.02751892611624,100.04034342421133,100.05458662746595,100.06963451619187,100.08496926330601,100.10018481046106,100.11498070438851,100.12914680316082,100.14254573317777,100.15509640529723,100.16675989934733,100.17752800272605,100.18741421847514,100.19644688098265,100.20466398484352,100.21210936411457
0.044879999999999996,100.00000146527897,100.00008907068198,100.0008090022478,100.00319357153451,100.00811027399033,100.01585113206754,100.02618517785982,100.03858383883562,100.05242194050234,100.06710252020149,100.08211641066075,100.09706030218531,100.11163270656462,100.12562024835911,100.13888121063297,100.15132975498427,100.16292223558519,100.17364598183893,100.18351043012186,100.19254028790206,100.20077036595636,100.20824173555907
0.04511999999999999,100.00000123775054,100.00007904614066,100.00073720284789,100.00295900298372,100.00760139253198,100.01498223402194,100.02491007924124,100.03689306326693,100.05033330266119,100.06465110090889,100.07934636169315,100.09401898641424,100.10836688787657,100.12217383356834,100.13529407162616,100.14763725826664,100.15915520981588,100.16983093915518,100.17966992037624,100.18869330936315,100.19693278603663,100.20442669484146
0.04536,100.00000104461213,100.00007010710561,100.00067146386169,100.00274063321132,100.00712218954598,100.01415710123523,100.02369137709324,100.03526879950252,100.04831848821966,100.06227817941254,100.07665722513221,100.09105917626934,100.10518176672828,100.11880627363469,100.13178321318392,100.14401797754233,100.15545803228682,100.16608221564985,100.1758921448505,100.18490550087319,100.1931508872123,100.20066395890261
0.045599999999999995,100.00000088081792,100.00006214110945,100.00061130334034,100.00253742547241,100.00667108884937,100.01337376399633,100.02252688789177,100.03370880771517,100.04637531718262,100.05998171081534,100.0740471335,100.08817920020164,100.10207587007946,100.11551628668559,100.12834753160442,100.14047097150456,100.15182990738957,100.16239914493973,100.17217655079875,100.1811764089665,100.18942430231483,100.19695323528138
0.04584,100.00000074203835,100.00005504675117,100.0005562749483,100.00234840311579,100.00624658778504,100.01263032761946,100.02141449645391,100.03221090563868,100.04450165518108,100.05775968447061,100.07151424357299,100.08537740257043,100.09904773407472,100.11230259476469,100.12498592307061,100.1369952957172,100.14827003418972,100.15878105376427,100.1685225775493,100.17750557159005,100.1857526552215,100.19329422241702
0.046079999999999996,100.0000006245622,100.00004873267285,100.0005059655717,100.00217264656027,100.00584725443547,100.01192497034748,100.02035215461576,100.03077296791653,100.04269541332768,100.05561012418629,100.06905673680524,100.08265214418971,100.09609590464557,100.10916392444497,100.12169728424617,100.13359000317696,100.1447776069462,100.1552272624587,100.164929656931,100.173892518485,100.18213556119458,100.18968660994959
0.04631999999999999,100.00000052521145,100.00004311662401,100.00045999306666,100.0020092903906,100.00547172490229,100.0112559412714,100.01933787989341,100.02939292541602,100.0409545480316,100.05353108838841,100.06667281971484,100.08000180284255,100.093218938086,100.1060990074202,100.11848051285408,100.13025414486172,100.14135181562011,100.151737085419,100.16139721369375,100.17033677156361,100.17857262721752,100.18613007901831
0.04656,100.00000044126735,100.00003812460649,100.00041800414125,100.00185752057047,100.00511870065286,100.01062155826891,100.01836975412989,100.0280687645106,100.03927706077454,100.05152067024547,100.06436072423428,100.07742477376424,100.09041540160166,100.10310658107487,100.11533450823795,100.12698677026538,100.13799184637298,100.14830983155888,100.15792466592272,100.16683784528186,100.17506345232773,100.1826243025576
0.046799999999999994,100.00000037040645,100.000033690094,100.00037967236493,100.00171657176999,100.00478694593434,100.010020205964,100.01744592213085,100.02679852633285,100.03766099784974,100.04957699775508,100.06211870802586,100.07491947009474,100.08768387383306,100.1001853890328,100.1122581719062,100.12378692791899,100.13469688205433,100.14494480475841,100.15451142544644,100.16339524700724,100.1716076279462,100.17916894559067
0.04704,100.00000031064505,100.00002975332022,100.00034469629892,100.00158572480512,100.00447528525619,100.00945033371016,100.01656459029155,100.02558030600039,100.03610445006626,100.04769823379435,100.059945054763,100.07248432330113,100.08502294535342,100.09733418168469,100.10925040805905,100.12065366589827,100.13146610267846,100.14164130430443,100.15115689823841,100.16000847738191,100.16820473820336,100.17576366552082
0.047279999999999996,100.00000026029119,100.00002626062991,100.00031279774184,100.00146430418616,100.00418260094119,100.0089104535991,100.01572402521785,100.02441225181718,100.03460555242003,100.04588257613521,100.05783807437855,100.07011778357045,100.0824312191412,100.09455171669455,100.10631012409846,100.11758603231743,100.12829868589046,100.13839862532241,100.1478604848124,100.15667703068081,100.16485436026153,100.17240811241992
0.04751999999999999,100.0000002179032,100.00002316388822,100.0002837200845,100.00135167577245,100.00390783074533,100.00839913849684,100.01492255234334,100.0232925644524,100.03316248373373,100.04412825742638,100.05579610328103,100.06781832017408,100.07990731102794,100.09183675948579,100.10343623112112,100.11458307580934,100.12519380742141,100.13521605919999,100.1446215806111,100.15340039516501,100.16155606463356,100.16910192931432
0.04776,100.00000018225393,100.00002041994323,100.00025722676837,100.00124724453056,100.00364996554651,100.00791502010907,100.01415855454518,100.02221949609908,100.03177346626728,100.04243354514306,100.05381750453965,100.06558442180373,100.0774498501218,100.08918808370638,100.1006276443947,100.11164384599202,100.12215064153274,100.13209289400186,100.14143957638811,100.1501780534298,100.1583094154977,100.16584475246799
0.047999999999999994,100.00000015229979,100.00001799013734,100.0002330998424,100.00115045239276,100.00340804710197,100.00745678707702,100.01343047076051,100.02119134961467,100.03043676530058,100.04079674150582,100.05190066803941,100.06341459688021,100.07505747920713,100.08660447167422,100.09788328381723,100.10876739392172,100.11916836144955,100.12902841487602,100.13831385858333,100.14700948274766,100.15511397100849,100.16263621166257
0.04824,100.00000012715425,100.00001583986355,100.00021113861258,100.0010607762131,100.00318116587425,100.00702318310562,100.01273679460579,100.02020647764543,100.02915068869048,100.03921618337021,100.05004401060691,100.06130737383523,100.07272885512066,100.08408471480237,100.09520207435997,100.10595277253226,100.11624613978323,100.12602190445146,100.13524380969142,100.14389415540607,100.15196928360375,100.15947593047468
0.048479999999999995,100.00000010606487,100.0000139381628,100.00019115837964,100.00097772581768,100.00296845892515,100.00661300512508,100.01207607300091,100.01926328173707,100.02791358640378,100.0376902420884,100.04824597610843,100.05926130136777,100.07046264910491,100.08162761400489,100.09258294649426,100.10319903706127,100.11338314894334,100.12307264322736,100.13222880862372,100.14083153904006,100.14887490030763,100.15636352655024
0.04871999999999999,100.00000008839372,100.00001225735883,100.0001729892596,100.00090084214673,100.00276910787743,100.00622510148712,100.01144690480011,100.01836021143342,100.026723850028,100.0362173233445,100.04650503552124,100.05727494867527,100.06825754713967,100.07923198008396,100.09002483660247,100.1005052454636,100.11057856153914,100.12017990995405,100.12926823106378,100.13782109695991,100.14583036302994,100.15329861187591
0.04896,100.00000007360043,100.00001077272736,100.00015647508297,100.00082969548473,100.00258233694316,100.00585837019665,100.01084793943106,100.01749576336461,100.02557991226124,100.03479586696442,100.04481968697876,100.05534690566026,100.06611225025122,100.07689663409776,100.08752668737282,100.09787045881117,100.1078315507702,100.1173429820051,100.1263614498157,100.13486228847327,100.14283520886111,100.15028079304744
0.049199999999999994,100.00000006122778,100.00000946219669,100.00014147236764,100.00076388377602,100.0024074110183,100.00551175717969,100.01027787554366,100.01666848032652,100.02448024638235,100.03342434670122,100.04318845579022,100.05347578311273,100.0640254748,100.07462040770946,100.08508744817831,100.09529374167975,100.105141290806,100.11456113574077,100.12350783514562,100.13195456920175,100.13988897036296,100.14730967153466
0.04944,100.00000005088921,100.00000830607671,100.00012784936153,100.00070303102277,100.00224363384227,100.00518425458819,100.00973545967008,100.01587695035313,100.02342336570351,100.03210126999757,100.04160989443609,100.05166021286935,100.06199595274681,100.0724021435177,100.08270607543975,100.09277416252229,100.10250695715487,100.11183364686237,100.12070675511596,100.1290973913919,100.13699117585492,100.14438484394289
0.049679999999999995,100.0000000422583,100.00000728681428,100.00011548515081,100.00064678576217,100.002090346222,100.0048748991426,100.00921948489749,100.01511980578334,100.02240782300584,100.03082517772614,100.04008258254,100.04989884794966,100.06002243189853,100.07024069536888,100.0803815329731,100.09031079402929,100.09992772702192,100.10915979075799,100.11795757591268,100.12629020422045,100.13414134969591,100.14150590227115
0.04991999999999999,100.00000003505966,100.00000638877204,100.00010426882972,100.00059481962023,100.00194692431896,100.00458277051247,100.00872878955455,100.01439572232387,100.02143220996041,100.02959464390956,100.03860512681814,100.04819036267054,100.05810367613341,100.06813492865138,100.07811279232165,100.08790271347613,100.09740277965618,100.10653884283934,100.11525966216524,100.12353245409388,100.13133901256155,100.13867243416657
0.050159999999999996,100.00000002906111,100.000005598029,100.00009409872834,100.00054682593894,100.00181277799855,100.00430698973548,100.00826225591335,100.01370341810964,100.02049515653542,100.02840827542073,100.03717616100722,100.04653345273921,100.0562384656067,100.06608372057231,100.07589883307264,100.08554900305748,100.09493129668714,100.1039700788697,100.11261237725951,100.12082358494214,100.12858368171689,100.13588402317535
0.05039999999999999,100.00000002406722,100.00000490220071,100.00008488169483,100.0005025184741,100.00168734924038,100.00404671767545,100.00781880890729,100.01304165276308,100.01959533039104,100.02726471166501,100.03579434577169,100.04492683532563,100.05442559693687,100.06408596041703,100.0737386431592,100.08324875020904,100.09251246245042,100.10145277528304,100.11001508364329,100.11816303850665,100.12587487128435,100.13314024899
0.05064,100.00000001991356,100.00000429027727,100.00007653242866,100.00046163016098,100.00157011060833,100.00380115351923,100.00739741486649,100.01240922645366,100.01873143626341,100.0261626242451,100.03445836859126,100.04336924911499,100.0526638833733,100.06214054979174,100.0716312191473,100.08100104791654,100.09014546430302,100.09898620949444,100.10746714312486,100.11555025462235,100.1232120925072,100.13044068769283
0.050879999999999995,100.00000001646194,100.00000375247745,100.00006897286158,100.00042391194515,100.00146056377913,100.00356953331277,100.00699708027125,100.01180497895888,100.01790221533885,100.02510071660991,100.03316694362964,100.04185945434102,100.05095215494548,100.06024640284939,100.06957556650838,100.07880499501236,100.08782949292791,100.09656966020168,100.10496791716416,100.11298467149398,100.12059485400802,100.12778491199568
0.05112,100.00000001359635,100.00000328011761,100.00006213158353,100.00038913167533,100.0013582381282,100.00335112853634,100.0066168505247,100.01122778872794,100.01710644461954,100.02407772368849,100.0319188115853,100.04039623280053,100.04928925859456,100.0584024464997,100.06757069987738,100.07665969645977,100.08556374262817,100.09420240767807,100.10251676715673,100.11046572596632,100.1180226620426,100.12517249147585
0.051359999999999996,100.00000001121947,100.00000286549374,100.0000559433104,100.00035707305634,100.00126268937132,100.00314524471887,100.00625580874522,100.01067657194918,100.01634293628194,100.02309241150996,100.03071273952514,100.03897838785036,100.04767405828763,100.05660762060302,100.0656156432971,100.07456426362498,100.08334741161083,100.09188373405661,100.1001130547105,100.10799285378867,100.11549502074895,100.12260299280818
0.05159999999999999,100.00000000924979,100.00000250177573,100.0000503483909,100.00032753465878,100.00117349826083,100.00295122009129,100.00591307457945,100.01015028162247,100.01561053702895,100.02214357681062,100.029547520702,100.03760474438684,100.04610543511525,100.05486087814892,100.06370943044837,100.07251781453722,100.0811797022604,100.08961292360546,100.09775614191545,100.10556548987327,100.11301143239146,100.12007597999315
0.05184,100.00000000761905,100.00000218291225,100.0000452923502,100.0003003289835,100.00109026933492,100.00276842427863,100.00558780303635,100.00964790663735,100.01490812743697,100.02123004662906,100.02842197435665,100.0362741488089,100.04458228737269,100.05316118541954,100.06185110486697,100.07051947413689,100.07905982140218,100.08738926299488,100.09544539160585,100.10318306854784,100.11057139760021,100.11759101458104
0.052079999999999994,100.00000000627016,100.00000190354571,100.00004072546756,100.00027528157817,100.00101262971869,100.0025962570307,100.00527918334309,100.00916847085806,100.0142346212989,100.02035067789045,100.0273349455055,100.03498546896517,100.04310353062549,100.05150752213835,100.06003972014705,100.06856837451208,100.07698698055562,100.08521204155555,100.09318016761557,100.10084502380212,100.10817441560543,100.11514765589219
0.05232,100.00000000515543,100.0000016589359,100.000036602386,100.00025223020346,100.00094022797533,100.00243414699102,100.00498643782302,100.00871103221614,100.01358896496401,100.01950435698073,100.02628530471424,100.03373759408595,100.04166809775971,100.04989888160436,100.05827434013159,100.06666365512362,100.07496039617754,100.08308055152843,100.09095983502614,100.09855078952857,100.10581998446693,100.1127454612332
0.052559999999999996,100.00000000423508,100.00000144489171,100.00003288175158,100.00023102404668,100.0008727330064,100.00228155050353,100.00470882079622,100.00827468181168,100.01297013667575,100.01868999931183,100.02527194785877,100.03252943470045,100.04027493901745,100.04833427081245,100.05655403909013,100.06480446301866,100.07297928989574,100.08099408830618,100.08878376040765,100.09629979975696,100.10350760129877,100.11038398610906
0.05279999999999999,100.00000000347589,100.00000125771004,100.00002952588034,100.00021152298076,100.00080983299921,100.00213795045683,100.00444561750308,100.00785854302373,100.01237714590823,100.01790654887863,100.02429379587385,100.03135992254025,100.03892302201814,100.04681271055996,100.05487790188387,100.06298995303324,100.07104288873263,100.07895195066627,100.08665131205271,100.09409148888318,100.10123676248888,100.10806278443123
0.05304,100.00000000285023,100.00000109412117,100.00002650045107,100.00019359686588,100.00075123442038,100.00200285516533,100.00419614305096,100.00746177063071,100.01180903270244,100.01715297780854,100.02334979449031,100.03022801042923,100.03761133176607,100.04533323554023,100.05324502411868,100.06121928798385,100.06915042531948,100.07695344099577,100.0845618602032,100.09192529189197,100.09900696391378,100.10578140872173
0.053279999999999994,100.00000000233509,100.00000095124004,100.00002377422187,100.0001771248923,100.00069666105381,100.00187579728696,100.0039597413844,100.00708354994146,100.01126486700292,100.01642828590475,100.0224389139617,100.02913267216097,100.03633887064458,100.0438948944229,100.05165451228606,100.05949163884826,100.067301138101,100.07499786550791,100.08251477727012,100.08980064457391,100.09681770114835,100.10353941031298
0.05352,100.00000000191133,100.00000082652267,100.00002131876914,100.00016199496193,100.00064585308175,100.00175633277662,100.00373578427894,100.00672309593762,100.01074374799569,100.01573150018359,100.02156014878082,100.02807290236399,100.03510465839764,100.0424967499222,100.05010548389248,100.05780618493579,100.06549427153087,100.07308453445079,100.0805094380466,100.08771698373644,100.09466846967072,100.1013363395437
0.053759999999999995,100.00000000156307,100.00000071772732,100.00001910824706,100.00014810310674,100.00059856620763,100.00164403987529,100.00352367035867,100.00637965242773,100.01024480344829,100.01506167440716,100.02071251738734,100.02704771635554,100.03390773209907,100.04113787885267,100.0485970675774,100.0561621140473,100.06372907625789,100.07121276230778,100.07854521991393,100.08567374740916,100.09255876506226,100.09917174595068
0.05399999999999999,100.00000000127712,100.00000062288004,100.00001711916632,100.00013535294241,100.00055457081896,100.00153851813346,100.00332282413773,100.00605249121375,100.00976718905244,100.01441788861173,100.01989506186656,100.02605614998456,100.03274714611001,100.03981737217359,100.0471284032202,100.05455862262502,100.06200480930326,100.06938186799033,100.07662150304081,100.08367037504318,100.09048808320266,100.09704517845644
0.05424,100.00000000104254,100.00000054024368,100.00001533019056,100.00012365515491,100.00051365118925,100.00143938746906,100.00313269508544,100.00574091127031,100.00931008777013,100.01379924863255,100.01910684764044,100.02509725946406,100.031621972025,100.03853433502157,100.04569864203609,100.05299491589246,100.0603207342288,100.0675911750227,100.07473767057586,100.08170630770476,100.08845592046005,100.0949561855527
0.054479999999999994,100.00000000085028,100.00000046829061,100.0000137219493,100.00011292701879,100.00047560471732,100.00134628725847,100.00295275671552,100.00544423793701,100.00887270918372,100.01320488562598,100.01834696315125,100.02417012119403,100.03053129860702,100.03728788673239,100.04430694666159,100.05147020798434,100.05867612129641,100.06584001171905,100.07289310883326,100.07978098826312,100.08646177387617,100.09290431547983
0.05472,100.00000000069285,100.00000040567835,100.00001227686613,100.00010309194518,100.00044024120274,100.00125887546046,100.00278250569887,100.00516182212458,100.00845428885056,100.0126339555894,100.01761451953871,100.02327383157474,100.02947423171238,100.03607716085192,100.0429524912297,100.04998372206722,100.05707024761897,100.06412771135282,100.07108720747186,100.0778938615725,100.08450514134675,100.09088911640193
0.054959999999999995,100.00000000056406,100.00000035122788,100.00001097900088,100.00009407905793,100.0004073821561,100.00117682777204,100.00262146100025,100.00489303953456,100.00805408766287,100.01208563887961,100.016908650311,100.02240750681166,100.02844989420531,100.03490130513698,100.0416344614349,100.04853469045065,100.0555023973026,100.06245361231863,100.06931935966759,100.07604437464849,100.08258552179687,100.08891013657801
0.05519999999999999,100.0000000004588,100.00000030390443,100.00000981390492,100.00008582279654,100.00037686014262,100.00109983681575,100.00246916303827,100.00463728989357,100.00767139121324,100.01155913973041,100.01622851101037,100.021570282712,100.02745742586312,100.033759481546,100.04035205458855,100.04712235468912,100.05397186158083,100.0608170582867,100.06758896227936,100.07423197683875,100.08070241535154,100.08696692452884
0.055439999999999996,100.00000000037284,100.00000026280044,100.00000876848853,100.00007826254416,100.00034851815812,100.00102761135739,100.0023251728691,100.0043939962016,100.00730550916624,100.01105368576972,100.01557327887394,100.02076131447372,100.02649598327234,100.03265086622015,100.03910447966486,100.04574596567525,100.05247793894027,100.05921739834992,100.06589541600853,100.07245611998803,100.07885532350136,100.08505902919977
0.05567999999999999,100.00000000030272,100.00000022712051,100.0000078308992,100.00007134227951,100.00032220903577,100.0009598755536,100.00218907139315,100.00416260399541,100.00695577463692,100.01056852753707,100.01494215249019,100.01997977646728,100.02556473971606,100.03157464945532,100.03789095733744,100.04440478372409,100.05101993523859,100.05765398716373,100.06423812555194,100.07071625859768,100.0770437492635,100.08318600011944
0.05592,100.00000000024556,100.00000019616787,100.00000699041034,100.00006501025113,100.00029779488257,100.00089636822868,100.00206045858481,100.0039425806264,100.00662154357593,100.01010293800167,100.01433435145161,100.01922486201089,100.02466288505308,100.03053003566511,100.03671072000728,100.04309807864907,100.04959716381437,100.05612618507898,100.0626164997487,100.06901184997963,100.07526719733772,100.08134738755429
0.056159999999999995,100.00000000019902,100.00000016933272,100.00000623731945,100.00005921867287,100.00027514654434,100.00083684217954,100.00193895274506,100.00373341455372,100.00630219416256,100.00965621208191,100.01374911600422,100.01849578313944,100.0237896255892,100.02951624333522,100.03556301182181,100.04182512982952,100.04820894558948,100.05463335826768,100.06102995172073,100.06734235440486,100.07352517425784,100.079542742659
0.05639999999999999,100.00000000016115,100.00000014608159,100.0000055628548,100.00005392343932,100.00025414309802,100.00078106350828,100.0018241897764,100.00353461465245,100.00599712620519,100.00922766616651,100.01318570669427,100.01779177036782,100.02294418394116,100.02853250496972,100.03444708868578,100.04058522627022,100.04685460916374,100.0531748788419,100.05947789900712,100.06570723524649,100.07181718853825,100.07777161762299
0.056639999999999996,100.00000000013037,100.00000012594816,100.00000495909035,100.00004908385999,100.00023467137004,100.00072881098166,100.00171582248004,100.0033457095369,100.00570576055017,100.00881663763784,100.01264340401269,100.01711207244895,100.0221257988934,100.02757806702944,100.03336221826399,100.03937766665314,100.04553349090234,100.05175012496605,100.0579597636925,100.06410595911751,100.0701427508159,100.07603356581264
0.05687999999999999,100.00000000010537,100.00000010852504,100.00000441886785,100.00004466241126,100.00021662547985,100.00067987541647,100.001613519875,100.00316624689935,100.00542753849903,100.00842248439785,100.01212150803781,100.01645595612702,100.02133372524841,100.02665218986277,100.03230767997624,100.03820175938132,100.04424493501591,100.05035848096239,100.0564749725294,100.0625379960032,100.0685013739877,100.07432814190967
0.05712,100.0000000000851,100.00000009345665,100.0000039357259,100.00004062450486,100.00019990640742,100.0006340590903,100.00151696653872,100.00299579286398,100.00516192123433,100.0080445843971,100.01161933807658,100.01582270588636,100.02056723367069,100.02575414762926,100.0312827649847,100.03705682261557,100.04298829363375,100.04899933741011,100.05502295705483,100.06100281938836,100.06689257334308,100.07265490204539
0.057359999999999994,100.00000000006865,100.00000008043267,100.00000350383506,100.00003693827203,100.00018442158348,100.00059117517675,100.00142586196883,100.00283393135614,100.0049083892547,100.00768233516709,100.01113623230502,100.01521162369636,100.01982561052483,100.02488322821637,100.03028677617408,100.03594218430382,100.04176292686999,100.0476720912381,100.05360315370085,100.05949990637929,100.06531586669223,100.07101340393098
0.0576,100.00000000005535,100.00000006918263,100.00000311793876,100.00003357436239,100.00017008450195,100.00055104720448,100.00133991996583,100.00268026348694,100.00466644181886,100.00733515335635,100.01067154740805,100.01462202875277,100.01910815770827,100.0240387331496,100.02931902812472,100.0348571822035,100.04056820288315,100.04637614581131,100.05221500389973,100.05802873782076,100.06377077448968,100.06940320698389
0.057839999999999996,100.00000000004458,100.00000005947085,100.00000277329944,100.00003050575651,100.00015681435293,100.0005135085392,100.00125886803617,100.00253440695315,100.00443559639923,100.00700247427072,100.01022465821923,100.01405325721593,100.01841419247872,100.02321997749642,100.02837884707901,100.0338011638971,100.03940349792911,100.0451109110112,100.05085795418333,100.05658879840787,100.06225681995346,100.06782387245018
0.05807999999999999,100.00000000003587,100.0000000510921,100.00000246564953,100.00002770759153,100.000144535676,100.00047840188807,100.00118244681543,100.00239599545218,100.00421538814503,100.00668375141792,100.00979495736073,100.01350466194624,100.01774304727688,100.02242628976418,100.02746557090121,100.0327734868012,100.03826819640774,100.04387580330996,100.04953145627702,100.05517957679301,100.06077352917983,100.06627496352311
0.05832,100.00000000002883,100.00000004386781,100.00000219114675,100.00002515699876,100.00013317803223,100.00044557882552,100.00111040951113,100.00226467811234,100.00400536935506,100.00637845605695,100.00938185488388,100.012975612237,100.0170940695448,100.02165701179247,100.02657854903119,100.03177351816916,100.0371616909033,100.04267024583918,100.04823496718826,100.05380056568785,100.05932043125362,100.06475604545776
0.058559999999999994,100.00000000002316,100.00000003764274,100.00000194633351,100.00002283295278,100.00012267569453,100.00041489933999,100.00104252136488,100.0021401189381,100.00380510896059,100.00608607675245,100.008984777911,100.0124654935457,100.0164666215402,100.02091149864023,100.0257171424323,100.03080063508776,100.03608338221906,100.04149366845273,100.04696794929006,100.0524512619609,100.05789705835463,100.06326668568207
0.0588,100.00000000001859,100.0000000322819,100.0000017281,100.0000207161311,100.00011296735522,100.00038623140085,100.0009785591334,100.00202199627023,100.00361419201815,100.00580611893447,100.00860317027823,100.01197370722342,100.01586008014725,100.02018911846807,100.02488072353371,100.02985422446814,100.03503267940614,100.0403455077844,100.0457298703994,100.05113116673031,100.05650294585963,100.06180645390437
0.059039999999999995,100.00000000001491,100.00000002766816,100.00000153365063,100.00001878878378,100.00010399585004,100.00035945054465,100.00091831058792,100.00191000226089,100.00343221921246,100.00553810446367,100.0082364921803,100.01149967024286,100.01527383668372,100.01948925241564,100.02406867616726,100.02893368303096,100.03400899978676,100.03922520729995,100.0445202038506,100.04983978545212,100.0551376324405,100.06037492221697
0.05927999999999999,100.00000000001194,100.00000002369981,100.00000136047355,100.00001703461236,100.00009570789773,100.00033443948011,100.00086157403156,100.00180384236309,100.0032588063694,100.00528157120208,100.00788421981679,100.0110428149254,100.01470729670503,100.01881129447456,100.02328039549889,100.02803841728588,100.03301176897169,100.03813221734391,100.04333842856356,100.0485766280038,100.05380066015786,100.05897166519605
0.059519999999999997,100.00000000000955,100.00000002028862,100.00000120631297,100.00001543865753,100.00008805385465,100.00031108771124,100.00080815783434,100.00170323483486,100.00309358397924,100.0050360725899,100.00754584504082,100.01060258866715,100.01415987980538,100.01815465135707,100.02251528795523,100.02716784350582,100.03204042087245,100.03706599518094,100.04218402910713,100.04734120876329,100.0524915745508,100.05759625999804
0.059759999999999994,100.00000000000763,100.00000001735818,100.00000106914416,100.00001398719493,100.00008098748333,100.00028929117778,100.0007578799852,100.00160791025742,100.00293619672999,100.00480117722817,100.00722087500986,100.01017845366466,100.01363101941627,100.01751874236064,100.02177277114522,100.0263213876958,100.03109439770822,100.03602600503224,100.04105649575766,100.04613304668355,100.0512099247224,100.05624828645199
0.06,100.0000000000061,100.00000001484223,100.00000094715064,100.00001266763846,100.00007446573456,100.00026895191239,100.00071056766086,100.00151761106767,100.00278630305117,100.00457646846775,100.00690883183937,100.00976988664031,100.01312016260269,100.01690299922899,100.02105227377729,100.02549848555705,100.03017315000761,100.03501171810699,100.03995532455275,100.04495166536279,100.04995526342134,100.05492732714866
0.060239999999999995,100.00000000000487,100.00000001268347,100.00000083870356,100.00001146845075,100.00006844854221,100.00024997771402,100.00066605681074,100.00143209110445,100.0026435746676,100.00436154400461,100.00660925225912,100.00937637856777,100.01262676985732,100.01630686600943,100.02035323557203,100.02469858244612,100.0292761366056,100.03402261262883,100.0388800173405,100.04379659311024,100.04872714711952,100.05363296752589
0.06047999999999999,100.00000000000388,100.0000000108323,100.00000074234316,100.00001037906023,100.00006289863009,100.00023228183673,100.00062419175799,100.00135111516848,100.0025076961636,100.00415601548174,100.00632168727287,100.00899743439777,100.01215031489285,100.01572979890717,100.01967510717097,100.02392113332957,100.0284028246356,100.03305817385777,100.03783008182421,100.04266736300795,100.0475251360858,100.0523647959504
0.060719999999999996,100.0000000000031,100.00000000924587,100.00000065676177,100.00000938978434,100.00005778133031,100.00021578269335,100.00058482481558,100.00127445859592,100.00237836455742,100.00395950809748,100.00604570182101,100.00863257278444,100.01169028443286,100.0151712661366,100.01901735004121,100.02316560273407,100.02755268951702,100.03211789410736,100.03680503160254,100.04156351296812,100.04634879445591,100.05112240379626
0.06095999999999999,100.00000000000246,100.00000000788712,100.0000005807886,100.00000849175846,100.0000530644124,100.00020040357356,100.00054781591759,100.00120190684494,100.00225528888566,100.00377166022082,100.00578087444697,100.00828132581233,100.01124617800141,100.0146307477697,100.01837943637653,100.02243146469242,100.02672521493831,100.0312012727576,100.0358043862056,100.04048458578671,100.04519769029862,100.04990538551975
0.0612,100.00000000000196,100.0000000067241,100.00000051337592,100.00000767687025,100.00004871792284,100.00018607237564,100.000513032265,100.00113325509554,100.00213818979819,100.00359212301329,100.00552679696712,100.00794323872469,100.0108175077115,100.01410773558214,100.01776084899504,100.02171820268548,100.02591989283569,100.03030781626336,100.03482767112665,100.03943012919285,100.04407139567827,100.04871333873103
0.061439999999999995,100.00000000000156,100.00000000572919,100.00000045358664,100.00000693769884,100.00004471403422,100.00017272135133,100.0004803479855,100.00106830786196,100.00202679916273,100.0034205600579,100.00528307414466,100.00761786965263,100.01040379805283,100.01360173289694,100.01716108123331,100.02102530958024,100.02513622336788,100.02943703815872,100.03387441784984,100.03839969589443,100.04296948671352,100.04754586426236
0.06167999999999999,100.00000000000124,100.00000000487863,100.00000040058298,100.00000626745874,100.00004102690367,100.00016028686349,100.00044964380697,100.00100687861776,100.00192085967983,100.00325664699504,100.00504932336733,100.00730478934604,100.01000458567898,100.01311225442615,100.01657963683782,100.02035228756421,100.02437371488675,100.02858845905713,100.03294416387385,100.03739284361986,100.04189154363267,100.04640256623303
0.061919999999999996,100.00000000000098,100.0000000041519,100.00000035361636,100.00000565994803,100.00003763253991,100.00014870915562,100.0004208067444,100.00094878943315,100.00182012450745,100.00310007116525,100.00482517432943,100.00700358090587,100.00961941919404,100.01263882611059,100.01601602985318,100.01969864807631,100.02363188390405,100.02776160664783,100.03203645273173,100.03640913515619,100.04083715082552,100.0452830521111
0.06215999999999999,100.00000000000078,100.00000000353135,100.00000031201822,100.00000510950049,100.00003450867858,100.00013793213324,100.00039372979944,100.00089387062431,100.00172435689568,100.00295053125924,100.0046102687179,100.00671383951845,100.00924785893923,100.01218098495805,100.01546978450786,100.01906391173445,100.02291025505465,100.0269560156882,100.03115083400691,100.0354481383835,100.03980589689165,100.04418693277202
0.0624,100.00000000000061,100.00000000300179,100.00000027519177,100.00000461094149,100.00003163466535,100.00012790315616,100.00036831167256,100.00084196041452,100.00163332983102,100.00280773697496,100.00440425990308,100.00643517219163,100.00888947677956,100.01173827887986,100.01494043509743,100.01844760825992,100.02220836105617,100.02617122799269,100.0302868633456,100.03450942630575,100.03879737468544,100.04311382255399
0.06264,100.00000000000048,100.00000000255014,100.00000024260456,100.00000415954726,100.00002899134624,100.00011857284143,100.00034445648717,100.00079290460683,100.00154682569033,100.00267140868158,100.00420681263364,100.00616719749307,100.00854385589054,100.01131026652641,100.01442752586537,100.0178492763988,100.0215257426651,100.02540679241797,100.02944410246549,100.03359257707817,100.03781118135778,100.0420633393104
0.06287999999999999,100.00000000000038,100.00000000216518,100.00000021378176,100.00000375100741,100.00002656096511,100.00010989487654,100.00032207352541,100.00074655626798,100.00146463590434,100.0025412770909,100.00401760273637,100.0059095452909,100.00821059054539,100.0108965171214,100.01393061088183,100.01726846384058,100.02086194862987,100.02466226484475,100.0286221191612,100.03269717403133,100.0368469183946,100.0410351044591
0.06312,100.0000000000003,100.00000000183725,100.00000018830013,100.00000338139037,100.00002432706732,100.00010182584214,100.00030107697519,100.00070277542335,100.00138656063055,100.0024170829357,100.00383631682047,100.00566185649681,100.00788928590286,100.01049661029526,100.01344925392043,100.01670472713394,100.02021653564069,100.02393720815634,100.02782048730612,100.03182280569182,100.03590419165214,100.04002874302883
0.06336,100.00000000000024,100.00000000155808,100.00000016578264,100.00000304711155,100.00002227440987,100.00009432504412,100.0002813856881,100.0006614287625,100.00131240843545,100.00229857665514,100.0036626519867,100.00542378281166,100.00757955779564,100.01011013591797,100.01298302833325,100.01615763160027,100.01958906827645,100.02323119221384,100.02703878685114,100.0309690657997,100.03498261138918,100.03904388370266
0.06359999999999999,100.00000000000018,100.00000000132056,100.00000014589354,100.00000274490405,100.00002038887708,100.00008735435463,100.00026292294784,100.0006223893554,100.00124199598575,100.00218551808743,100.00349631554137,100.00519498647377,100.00728103251967,100.00973669393096,100.01253151692414,100.01562675124453,100.01897911894872,100.02254379382833,100.02627660382008,100.03013555332286,100.03408179229625,100.03808015885858
0.06384,100.00000000000014,100.00000000111858,100.00000012833401,100.00000247179175,100.00001865740187,100.00008087806134,100.00024561624876,100.0005855363787,100.0011751477487,100.00207767616942,100.00333702471507,100.00497514001003,100.00699334662451,100.00937589417896,100.01209431182048,100.01511166866398,100.01838626784311,100.02187459673003,100.02553353030204,100.0293218724682,100.03320135352169,100.0371372046071
0.06408,100.00000000000011,100.00000000094694,100.00000011283824,100.0000022250645,100.00001706789212,100.00007486272489,100.00022939708418,100.00055075485196,100.0011116957013,100.00197482864323,100.00318450638643,100.00476392598998,100.0067161467048,100.00902735624129,100.01167101434375,100.01461197495482,100.01781010285785,100.02122319153455,100.02480916444082,100.0285276326898,100.03234091869501,100.03621466082635
0.06431999999999999,100.00000000000009,100.00000000080118,100.00000009916988,100.00000200225539,100.00001560916185,100.00006927704402,100.00021420074411,100.00051793538368,100.00105147904814,100.0018767617699,100.003038496811,100.00456103678282,100.00644908919313,100.00869070926329,100.01126123487884,100.01412726961695,100.01725021954024,100.02058917570655,100.02410311042145,100.0277524486944,100.0315001159473,100.03531217119424
0.06455999999999999,100.00000000000007,100.00000000067746,100.0000000871189,100.0000018011198,100.00001427086694,100.00006409172794,100.00019996612208,100.00048697392663,100.00099434394787,100.00178327005008,100.00289874135488,100.00436617431768,100.00619184015422,100.0083655917877,100.01086459274242,100.01365716045687,100.01670622102058,100.0199721535207,100.0234149784539,100.02699594044391,100.03067857792898,100.03442938321817
0.0648,100.00000000000006,100.0000000005725,100.00000007649875,100.00000161961619,100.00001304344512,100.00005927937568,100.0001866355307,100.00045777154234,100.00094014324802,100.00169415595144,100.00276499423366,100.004179049847,100.00594407508086,100.00805165158626,100.01048071605038,100.01320126348901,100.01617771794402,100.01937173602012,100.02274438475429,100.02625773315532,100.02987594182488,100.03356594826218
0.06504,100.00000000000004,100.00000000048352,100.00000006714376,100.00000145588851,100.00001191805994,100.00005481436216,100.00017415452555,100.00043023417469,100.00088873622815,100.00160922964307,100.00263701825631,100.00399938371325,100.00570547869131,100.00774854549161,100.0101092415846,100.01275920283553,100.01566432840036,100.01878754097258,100.0220909515234,100.02553745729789,100.02909184936675,100.03272152157146
0.06527999999999999,100.00000000000003,100.00000000040814,100.00000005890693,100.00000130825005,100.00001088654857,100.00005067273042,100.0001624717374,100.00040427243184,100.000839988351,100.00152830873652,100.00251458457421,100.00382690511901,100.00547574472863,100.00745593922967,100.00974981465906,100.01233061062464,100.01516567785188,100.01821919282419,100.0214543069227,100.02483474858792,100.0283259468431,100.03189576229452
0.06552,100.00000000000003,100.0000000003443,100.00000005165792,100.0000011751685,100.00000994137301,100.00004683208999,100.00015153871183,100.00037980137684,100.00079377102165,100.00145121803374,100.00239747243522,100.00366135190046,100.0052545757618,100.00717350725265,100.00940208898551,100.01191512688787,100.0146813990594,100.01766632265112,100.02083408504814,100.02414924798093,100.02757788510671,100.03108833350294
0.06576,100.00000000000001,100.00000000029029,100.00000004528111,100.00000105525253,100.00000907557472,100.00004327152085,100.00014130975674,100.00035674032627,100.00074996135434,100.00137778928134,100.00228546894292,100.00350247030434,100.0050416829889,100.00690093257249,100.00906572653876,100.01151239945595,100.01421113200657,100.01712856810917,100.02022992590142,100.02348060166149,100.02684731957977,100.03029890220867
0.06599999999999999,100.00000000000001,100.0000000002446,100.00000003967412,100.00000094723916,100.00000828273225,100.00003997148288,100.0001317417967,100.00033501265673,100.00070844194703,100.00130786093163,100.00217836882084,100.00335001476847,100.00483678604233,100.00663790659551,100.0087403974218,100.01112208385386,100.01375452382266,100.01660557338131,100.0196414753593,100.0228284610308,100.02613391025652,100.02952713937927
0.06624,100.00000000000001,100.00000000020599,100.00000003474622,100.00000084998253,100.00000755692193,100.00003691373043,100.00012279423436,100.00031454561915,100.00066910066322,100.00124127791011,100.0020759741819,100.00320374770584,100.00463961279604,100.00638412895755,100.00842577973067,100.01074384319485,100.0133112287038,100.01609698912343,100.01906838514063,100.02219248269189,100.02543732170379,100.02877271995067
0.06648,100.00000000000001,100.00000000017336,100.00000003041711,100.00000076244336,100.00000689268101,100.0000340812317,100.00011442881853,100.00029527016031,100.00063183042111,100.00117789138912,100.0019780943028,100.00306343929228,100.00444989917523,100.00613930736034,100.00812155941942,100.0103773480737,100.01288090783282,100.01560247240826,100.01851031277141,100.0215723284329,100.02475722305924,100.0280353228379
0.06671999999999999,100.00000000000001,100.00000000014582,100.00000002661575,100.00000068367947,100.0000062849737,100.00003145809296,100.00010660951843,100.00027712075178,100.00059652898997,100.00111755856803,100.00188454540343,100.00292886725785,100.00426738896813,100.0059031574089,100.00782743016516,100.01002227645937,100.01246322929795,100.01512168666771,100.01796692154795,100.02096766520802,100.02409328802756,100.02731463094369
0.06695999999999999,100.0,100.00000000012258,100.00000002327931,100.00000061283697,100.00000572915924,100.00002902948687,100.00009930240414,100.00026003522561,100.0005630987932,100.00106014245938,100.00179515043146,100.0027998166818,100.00409183364023,100.00567540245008,100.00754309323325,100.00967831358685,100.01205786801013,100.01465430163347,100.01743788049814,100.02037816511657,100.02344519487447,100.02661033116499
0.0672,100.0,100.000000000103,100.00000002035223,100.0000005491424,100.00000522096254,100.0000267815852,100.00009247553291,100.00024395461689,100.00053144671824,100.00100551168133,100.0017097388517,100.0026760797913,100.00392299215092,100.00545577341249,100.00726825734282,100.00934515184879,100.01166450561952,100.01419999327622,100.01692286434087,100.01980350538018,100.02281262641885,100.02592211439742
0.06744,100.0,100.00000000008649,100.00000001778544,100.00000049189535,100.00000475644651,100.00002470149543,100.00008609884094,100.00022882301273,100.00050148393328,100.00095354025585,100.00162814644052,100.00255745576389,100.00376063077262,100.00524400864758,100.0070026385326,100.00902249068655,100.01128283043073,100.01375844374348,100.01642155344399,100.019243368318,100.02219527002288,100.02524967553785
0.06767999999999999,100.0,100.00000000007257,100.0000000155356,100.00000044046185,100.0000043319868,100.00002277720098,100.0000801440406,100.00021458740761,100.00047312570995,100.00090410741302,100.00155021508517,100.0024437505336,100.00360452291231,100.00503985377226,100.00674596002737,100.00871003648096,100.01091253731745,100.01332934129601,100.0159336337804,100.01869744132016,100.02159281758024,100.02459271348509
0.06792,100.0,100.00000000006087,100.00000001356446,100.00000039426827,100.00000394424791,100.00002099750515,100.0000745845227,100.00020119756466,100.00044629125274,100.00085709740094,100.00147579258793,100.00233477660078,100.00345444893587,100.00484306151307,100.00649795210477,100.00840750244305,100.01055332763605,100.01291238024305,100.01545879688281,100.0181654168196,100.02100496550258,100.02395093113863
0.06816,100.0,100.00000000005102,100.00000001183827,100.00000035279584,100.0000035901613,100.00001935197828,100.00006939526376,100.00018860588297,100.00042090353419,100.00081239930138,100.00140473247508,100.0022303528458,100.00331019599476,100.00465339155167,100.0062583519629,100.00811460850441,100.01020490913865,100.0125072608765,100.01499673979691,100.01764699226214,100.02043141470423,100.02332403539566
0.06839999999999999,100.0,100.00000000004275,100.00000001032726,100.00000031557549,100.00000326690497,100.00001783090813,100.00006455273783,100.00017676727046,100.0003968891361,100.00076990685102,100.00133689381062,100.00213030434632,100.0031715578555,100.00447061037225,100.00602690358858,100.0078310812077,100.00986699588542,100.01211368940388,100.01454716503328,100.01714187007504,100.01987187058518,100.02271173714641
0.06863999999999999,100.0,100.00000000003578,100.0000000090052,100.00000028218336,100.00000297188456,100.00001642525324,100.00006003483284,100.00016563902226,100.00037417809656,100.00072951826809,100.00127214101477,100.00203446219838,100.00303833473181,100.00429449111033,100.00580335762638,100.00755665359715,100.0095393081565,100.01173137788044,100.01410978051794,100.01664975763407,100.01932604301243,100.02211375126765
0.06888,100.0,100.00000000002994,100.00000000784898,100.00000025223655,100.0000027027157,100.00001512659908,100.00005582077127,100.00015518070425,100.00035270376253,100.00069113608438,100.001210343687,100.00194266334121,100.00291033311944,100.00412481340351,100.00558747124853,100.00729106510921,100.00922157236336,100.0113600441403,100.01368429954175,100.01617036722907,100.01879364629986,100.02152979661476
0.06911999999999999,100.0,100.00000000002504,100.00000000683825,100.00000022538923,100.00000245720787,100.00001392711697,100.00005189103481,100.00014535404185,100.00033240264787,100.00065466698256,100.0011513764338,100.00185475038566,100.00278736563375,100.00396136324389,100.0053790080258,100.00703406146337,100.00891352095974,100.01099941172686,100.01327044070852,100.01570341602823,100.01827439918651,100.02095959601203
0.06935999999999999,100.0,100.00000000002093,100.00000000595509,100.00000020132931,100.00000223334924,100.00001281952544,100.00004822729304,100.00013612281349,100.00031321429671,100.00062002163841,100.00109511870082,100.00177057144649,100.0026692508499,100.00380393283228,100.00517773779922,100.00678539455325,100.00861489235244,100.01064920982228,100.01286792788225,100.01524862604104,100.0177680248134,100.02040287624163
0.0696,100.0,100.00000000001748,100.00000000518374,100.00000017977514,100.00000202929272,100.00001179705394,100.0000448123356,100.00012745274897,100.00029508115186,100.00058711456838,100.00104145460965,100.00168997997808,100.00255581314609,100.0036523204344,100.004983436553,100.00654482233806,100.00832543081172,100.01030917317644,100.01247649013314,100.01480572407989,100.01727425069905,100.01985936803085
0.06984,100.0,100.0000000000146,100.00000000451035,100.00000016047272,100.00000184334309,100.00001085340897,100.00004163000824,100.00011931143224,100.00027794842833,100.00055586398176,100.0009902727989,100.00161283461402,100.00244688254924,100.00350633023882,100.00479588628852,100.00631210873443,100.00804488638165,100.0099790420352,100.01209586168272,100.01437444172063,100.01679280871346,100.01932880603816
0.07007999999999999,100.0,100.00000000001218,100.00000000392275,100.00000014319302,100.00000167394498,100.00000998274207,100.00003866515192,100.00011166820853,100.00026176399156,100.00052619163783,100.00094146626957,100.00153899901024,100.0023422945837,100.00336577221698,100.00461487489935,100.00608702350875,100.0077730147902,100.00965856206818,100.01172578184823,100.01395451526187,100.01632343505104,100.01881092883767
0.07032,100.0,100.00000000001016,100.00000000341022,100.00000012772962,100.00000151967184,100.00000917962001,100.00003590354531,100.0001044940958,100.00024647824041,100.00049802270757,100.00089493223484,100.00146834169158,100.00224189012262,100.00323046198507,100.00444019604761,100.00586934217,100.00750957735951,100.00934748429597,100.01136599498592,100.01354568568334,100.01586587020213,100.01830547890245
0.07056,100.0,100.00000000000847,100.00000000296338,100.00000011389658,100.00000137921569,100.00000843899684,100.00003333185039,100.00009776169996,100.00023204399471,100.00047128564007,100.00085057197393,100.0014007359022,100.0021455152422,100.00310022066797,100.0042716490415,100.00565884586311,100.007254340916,100.00904556501699,100.0110162504339,100.0131476986031,100.01541985892347,100.01781220258641
0.07079999999999999,100.0,100.00000000000705,100.00000000257397,100.00000010152644,100.0000012513777,100.00000775618759,100.00003093756081,100.00009144513434,100.00021841638713,100.00044591203327,100.00080829069012,100.00133605945929,100.00205302107862,100.00297487476521,100.00410903871416,100.00545532126316,100.00700707770073,100.00875256573396,100.01067630245394,100.012760304234,100.01498515020737,100.01733085010504
0.07103999999999999,100.0,100.00000000000587,100.00000000223477,100.00000009046845,100.00000113505936,100.00000712684371,100.00002870895317,100.00008551994247,100.00020555275935,100.00042183650908,100.00076799737288,100.00127419461043,100.00196426368787,100.00285425601896,100.00395217530385,100.00525856046998,100.00676756527973,100.00846825308015,100.010345910173,100.012383257339,100.01456149725003,100.01686117551486
0.07128,100.0,100.00000000000489,100.00000000193944,100.00000008058696,100.00000102925455,100.00000654693024,100.0000266350409,100.00007996302473,100.00019341256244,100.00039899659285,100.00072960466387,100.00121502789422,100.00187910390831,100.00273820128405,100.0038008743355,100.00506836090382,100.0065355864547,100.0081923987453,100.01002483752393,100.01201631718581,100.01414865741866,100.0164029366919
0.07152,100.0,100.00000000000406,100.00000000168241,100.00000007175996,100.00000093304196,100.00000601270406,100.00002470553065,100.0000747525683,100.00018195726103,100.00037733259684,100.000693028727,100.00115845000457,100.00179740722602,100.00262655240013,100.0036549565036,100.00488452520146,100.0063109291739,100.00792477940135,100.00971285318566,100.01165924750079,100.01374639221771,100.01595589530889
0.07175999999999999,100.0,100.00000000000337,100.00000000145882,100.00000006387774,100.00000084557828,100.000005520694,100.00002291078108,100.0000698679804,100.00017115024157,100.00035678750773,100.00065818912209,100.00110435565813,100.00171904364288,100.00251915606594,100.00351424755667,100.00470686111348,100.00609338644335,100.00766517662822,100.00940973052313,100.01131181642195,100.01335446725416,100.01551981681148
0.072,100.0,100.0000000000028,100.0000000012644,100.00000005684166,100.00000076609184,100.00000506768191,100.00002124176395,100.00006528982473,100.00016095672406,100.00033730687815,100.00062500868263,100.00105264346521,100.0016438875475,100.0024158637156,100.00337857818306,100.00453518140215,100.00588275623836,100.00741337683934,100.00911524752651,100.01097379645141,100.01297265220194,100.01509447039352
0.07224,100.0,100.00000000000233,100.00000000109542,100.00000005056316,100.00000069387673,100.00000465068513,100.00001969002727,100.00006099976089,100.0001513436777,100.00031883872192,100.00059341339684,100.00100321580398,100.00157181758877,100.00231653139704,100.00324778389835,100.00436930374043,100.00567884141552,100.00716917120715,100.00882918675029,100.01064496440716,100.01260072076553,100.01467962897124
0.07247999999999999,100.0,100.00000000000193,100.0000000009486,100.00000004496265,100.00000062828745,100.00000426694,100.00001824766069,100.0000569804867,100.00014227973968,100.00030133341306,100.00056333229263,100.00095597869775,100.00150271655214,100.0022210196527,100.0031217049341,100.00420905061176,100.00548144962511,100.00693235558883,100.00855133525195,100.0103251013743,100.01223845064273,100.01427506915664
0.07271999999999999,100.0,100.0000000000016,100.00000000082113,100.00000003996868,100.00000056873394,100.00000391388657,100.00001690726259,100.00005321568331,100.00013373513761,100.00028474358832,100.00053469732596,100.0009108416957,100.00143647123876,100.00212919340207,100.00300018612839,100.00405424921095,100.00529039322407,100.00670273045186,100.0082814845304,100.01001399265566,100.01188562348676,100.01388057122986
0.07296,100.0,100.00000000000132,100.00000000071047,100.00000003551716,100.0000005146769,100.00000358915432,100.00001566190929,100.000049689963,100.00012568161502,100.0002690240534,100.00050744327262,100.00086771775656,100.0013729723471,100.00204092182668,100.00288307681771,100.00390473134605,100.00510548918938,100.0064801007999,100.00801943046413,100.00971142772198,100.01154202486768,100.01349591911088
0.07319999999999999,100.0,100.0000000000011,100.00000000061446,100.00000003155058,100.00000046562374,100.00000329054865,100.00001450512575,100.00004638881944,100.00011809236003,100.00025413169232,100.00048150762352,100.0008265231355,100.00131211435732,100.00195607825695,100.00277023073052,100.00376033334125,100.0049265590321,100.00626427609868,100.00776497324934,100.00941720016175,100.01120744423307,100.01312090033026
0.07343999999999999,100.0,100.00000000000091,100.0000000005312,100.00000002801735,100.00000042112453,100.00000301603848,100.00001343085815,100.00004329858045,100.0001109419371,100.00024002538034,100.00045683048316,100.00078717727398,100.00125379541831,100.00187454006138,100.00266150588234,100.0036208959409,100.00475342871205,100.00605507020222,100.00751791733774,100.00913110763038,100.01088167486814,100.01275530599928
0.07368,100.0,100.00000000000075,100.00000000045902,100.00000002487126,100.00000038076855,100.00000276374463,100.0000124334479,100.00004040636308,100.00010420622158,100.00022666589993,100.00043335447134,100.00074960269274,100.00119791723723,100.00179618853765,100.0025567644726,100.0034862642146,100.00458592855306,100.00585230127928,100.00727807137449,100.0088529517994,100.01056451385546,100.01239893077918
0.07392,100.0,100.00000000000063,100.0000000003965,100.00000002207086,100.00000034418093,100.00000253192893,100.00001150760723,100.00003770003089,100.00009786233719,100.00021401585995,100.00041102462814,100.00071372488755,100.00114438497177,100.00172090880606,100.0024558727829,100.00335628746349,100.00442389315894,100.00565579173995,100.00704524813588,100.00858253830495,100.01025576203381,100.01205157284993
0.07415999999999999,100.0,100.00000000000051,100.00000000034233,100.00000001957906,100.00000031101966,100.00000231898407,100.00001064839614,100.00003516815336,100.00009188859603,100.00020203961778,100.00038978832177,100.00067947222803,100.00109310712482,100.00164858970493,100.00235870107707,100.00323081912754,100.00426716133022,100.00546536816287,100.00681926446723,100.00831967669633,100.00995522395688,100.01171303387817
0.0744,100.0,100.00000000000043,100.00000000029543,100.00000001736264,100.00000028097281,100.00000212342422,100.0000098512007,100.00003279996743,100.00008626444139,100.00019070320444,100.00036959515965,100.00064677585925,100.00104399544179,100.0015791236881,100.00226512350272,100.00310971669423,100.00411557598147,100.00528086122243,100.00659994122054,100.00806418038414,100.00966270785136,100.0113831189847
0.07464,100.0,100.00000000000036,100.00000000025486,100.00000001539185,100.00000025375597,100.00000194387623,100.00000911171269,100.00003058534074,100.00008097039289,100.0001799742525,100.00035039690225,100.00061556960607,100.00099696481033,100.00151240672466,100.00217501799462,100.00299284160822,100.00396898405961,100.00510210561671,100.00638710319252,100.0078158665882,100.00937802557469,100.01106163671128
0.07487999999999999,100.0,100.00000000000028,100.00000000021976,100.0000000136401,100.00000022910992,100.00000177907141,100.00000842591025,100.00002851473707,100.0000759879941,100.00016982192682,100.0003321473798,100.00058578988035,100.00095193316255,100.00144833820055,100.00208826617951,100.00288005918237,100.0038272364628,100.00492893999561,100.00618057906256,100.00757455628549,100.00910099257237,100.01074839898699
0.07511999999999999,100.0,100.00000000000024,100.00000000018942,100.00000001208358,100.0000002067984,100.00000162783797,100.00000779003999,100.00002657918321,100.00007129976252,100.00016021685781,100.00031480241192,100.00055737559065,100.00090882137968,100.00138682082243,100.00200475328275,100.00277123850991,100.00369018796033,100.00476120688955,100.00598020133077,100.00734007415775,100.00883142783499,100.01044322109401
0.07536,100.0,100.0000000000002,100.0000000001632,100.00000001070103,100.00000018660631,100.0000014890939,100.00000720059975,100.00002477023777,100.00006688914169,100.00015113107747,100.0002983197298,100.00053026805479,100.00086755319909,100.00132776052345,100.00192436803646,100.00266625237782,100.00355769711324,100.00459875263864,100.00578580625643,100.00711224853922,100.008569153855,100.01014592163303
0.07559999999999999,100.0,100.00000000000016,100.00000000014055,100.00000000947342,100.0000001683377,100.00000136184035,100.00000665432279,100.00002307996145,100.00006274045548,100.00014253795774,100.00028265890107,100.00050441091483,100.00082805512368,100.00127106637112,100.00184700258943,100.00256497718162,100.00342962619582,100.00444142732233,100.00559723379637,100.00689091136407,100.00831399658311,100.0098563224881
0.07583999999999999,100.0,100.00000000000013,100.00000000012098,100.00000000838378,100.00000015181423,100.00000124515556,100.00000614816263,100.00002150088892,100.00005883886452,100.00013441215137,100.0002677812573,100.00047975005462,100.00079025633363,100.00121665047716,100.0017725524186,100.00246729284122,100.0033058411181,100.00428908468965,100.00541432754386,100.00667589811405,100.00806578538455,100.00957424879125
0.07608,100.0,100.00000000000011,100.0000000001041,100.00000000741696,100.00000013687362,100.00000113818906,100.00000567927894,100.00002002600213,100.00005517032442,100.00012672953511,100.00025364982395,100.00045623351984,100.00075408860037,100.0011644279094,100.00170091624229,100.00237308271814,100.00318621134907,100.00414158208994,100.00523693466754,100.00646704776604,100.00782435299507,100.00929952888657
0.07632,100.0,100.00000000000009,100.00000000008953,100.00000000655939,100.0000001233682,100.00000104015649,100.00000524502433,100.00001864870507,100.00005172154607,100.00011946715516,100.00024022925268,100.00043381144044,100.00071948620287,100.00111431660562,100.00163199593486,100.00228223353403,100.00307060984098,100.00399878040432,100.00506490585076,100.00626420273963,100.00758953547684,100.00903199429408
0.07655999999999999,100.0,100.00000000000007,100.00000000007697,100.000000005799,100.00000011116371,100.00000095033457,100.00000484293173,100.00001736279975,100.00004847995773,100.00011260317474,100.00022748575621,100.00041243595547,100.00068638584612,100.00106623728934,100.0015656964433,100.00219463529046,100.00295891295447,100.00386054397758,100.00489809523125,100.0060672088448,100.00736117217414,100.00877147967324
0.0768,100.0,100.00000000000006,100.00000000006615,100.00000000512502,100.0000001001381,100.00000086805659,100.00000447070282,100.00001616246357,100.00004543366867,100.00010611682389,100.00021538704529,100.00039206114016,100.00065472658176,100.00102011338754,100.00150192570511,100.0021101811899,100.00285100038474,100.00372674055083,100.00473636034111,100.0058759152297,100.00713910566904,100.00851782278617
0.07704,100.0,100.00000000000004,100.00000000005681,100.00000000452782,100.0000000901804,100.0000007927081,100.00000412619694,100.00001504222777,100.00004257143482,100.00009998835118,100.00020390226801,100.00037264293537,100.00062444973089,100.00097587095036,100.00144059456817,100.00202876755819,100.0027467550886,100.00359724119481,100.00457956204711,100.00569017432855,100.00692318173681,100.00827086446068
0.07727999999999999,100.0,100.00000000000004,100.00000000004879,100.00000000399886,100.00000008118982,100.00000072372302,100.00000380742081,100.00001399695724,100.0000398826257,100.00009419897746,100.00019300195126,100.00035413907916,100.000595498809,100.00093343857259,100.00138161671184,100.00195029376805,100.00264606321252,100.00347192024375,100.00442756449152,100.0055098418097,100.00671324930154,100.008030448553
0.07751999999999999,100.0,100.00000000000003,100.00000000004188,100.0000000035305,100.00000007307483,100.00000066057999,100.00000351251886,100.00001302183105,100.00003735719318,100.00008873085156,100.00018265794426,100.0003365090405,100.00056781945285,100.00089274731711,100.00132490856998,100.0018746621642,100.00254881402181,100.00335065523012,100.00428023503325,100.00533477652388,100.00650916039153,100.00779642191038
0.07776,100.0,100.00000000000003,100.00000000003593,100.00000000311594,100.00000006575229,100.00000060279892,100.00000323976408,100.00001211232444,100.00003498564142,100.0000835670076,100.00017284336418,100.00031971395516,100.00054135934958,100.00085373064015,100.00127038925532,100.00180177798943,100.00245489983045,100.00323332681984,100.00413744418944,100.00516484045262,100.00631077009476,100.00756863433351
0.078,100.0,100.00000000000003,100.00000000003081,100.00000000274912,100.00000005914674,100.00000054993787,100.00000298754962,100.00001126419153,100.00003275899854,100.00007869132436,100.00016353254375,100.00030371656366,100.00051606816758,100.0008163243183,100.00121798048559,100.0017315493123,100.00236421593236,100.00311981874844,100.00399906557763,100.00499989865689,100.00611793651436,100.00734693853877
0.07823999999999999,100.0,100.00000000000001,100.0000000000264,100.00000000242467,100.00000005318975,100.00000050159014,100.00000275438072,100.00001047344897,100.00003066878936,100.00007408848614,100.00015470098072,100.0002884811511,100.0004918974895,100.00078046637744,100.00116760651106,100.00166388695582,100.00227666053334,100.00301001775786,100.00386497585818,100.00483981922608,100.00593052072418,100.0071311901204
0.07848,100.0,100.00000000000001,100.00000000002262,100.00000000213778,100.00000004781919,100.00000045738155,100.00000253886721,100.00000973636065,100.00002870700962,100.00006974394536,100.00014632528926,100.00027397348906,100.00046880074702,100.00074609702331,100.00111919404377,100.00159870442776,100.0021921346842,100.0029038135339,100.00373505467742,100.00468447322712,100.00574838672439,100.00692124751252
0.07872,100.0,100.00000000000001,100.00000000001938,100.00000000188422,100.00000004297873,100.00000041696795,100.00000233971664,100.00000904942308,100.00002686610138,100.00006564388667,100.00013838315317,100.0002601607794,100.0004467331576,100.00071315857393,100.00107267218813,100.00153591785185,100.00211054221481,100.00280109864462,100.00360918461116,100.00453373465396,100.00557140139715,100.0067169719512
0.07895999999999999,100.0,100.00000000000001,100.00000000001658,100.00000000166015,100.00000003861734,100.00000038003289,100.0000021557276,100.00000840935168,100.00002513892963,100.00006177519268,100.0001308532808,100.00024701159982,100.00042565166308,100.0006815953936,100.00102797237322,100.00147544590067,100.00203178966932,100.00270176847938,100.00348725110881,100.00438748037739,100.00539943446248,100.00651822743629
0.07919999999999999,100.0,100.00000000000001,100.0000000000142,100.00000000146224,100.00000003468875,100.00000034628545,100.0000019857836,100.00000781306777,100.00002351875996,100.00005812541103,100.00012371536164,100.00023449585136,100.00040551486988,100.00065135382874,100.00098502828648,100.00141720972947,100.00195578624228,100.00260572118869,100.00336914243798,100.0042455900951,100.00523235843416,100.00632488069343
0.07944,100.0,100.0,100.00000000001214,100.00000000128749,100.00000003115105,100.0000003154583,100.00000182884735,100.00000725768629,100.00002199923743,100.000054682723,100.00011695002465,100.0002225847075,100.00038628299127,100.00062238214528,100.00094377580888,100.00136113291153,100.00188244371579,100.00251285762484,100.00325474962965,100.00410794628215,100.00507004857589,100.00613680113588
0.07967999999999999,100.0,100.0,100.00000000001039,100.00000000113324,100.00000002796624,100.00000028730581,100.00000168395535,100.00000674050433,100.00002057436645,100.0000514359134,100.00011053879813,100.00021125056513,100.00036791779102,100.00059463046767,100.0009041529516,100.00130714137458,100.00181167639776,100.0024230812834,100.00314396642403,100.0039744341418,100.00491238285753,100.00595386082655
0.07991999999999999,100.0,100.0,100.00000000000887,100.00000000099715,100.00000002509998,100.00000026160237,100.00000155021289,100.00000625899006,100.0000192384915,100.00004837434179,100.00010446407109,100.00020046699707,100.00035038252904,100.00056805071962,100.00086609979422,100.00125516333861,100.00174340106123,100.00233629824541,100.00303668921681,100.0038449415567,100.00475924191167,100.00577593443985
0.08016,100.0,100.0,100.00000000000757,100.0000000008771,100.00000002252115,100.00000023814083,100.00000142678934,100.00000581077249,100.0000179862791,100.0000454879149,100.00009870905618,100.00019020870629,100.00033364190843,100.00054259656628,100.00082955842419,100.00120512925487,100.00167753688453,100.00225241712046,100.00293281700613,100.00371935904043,100.00461050899024,100.0056028992238
0.0804,100.0,100.0,100.00000000000648,100.00000000077124,100.0000000202016,100.00000021673101,100.00000131291371,100.00000539363181,100.00001681270038,100.00004276706042,100.00009325775402,100.00018045148163,100.00031766202427,100.00051822335797,100.00079447287783,100.00115697174606,100.0016140053927,100.00217134899056,100.00283225134011,100.00359757968961,100.00446606992149,100.0054346349621
0.08063999999999999,100.0,100.0,100.00000000000553,100.00000000067793,100.00000001811586,100.00000019719839,100.00000120787058,100.00000500549008,100.00001571301469,100.00004020270173,100.00008809491892,100.00017117215512,100.00030241031398,100.00049488807558,100.00076078908276,100.00111062554788,100.00155273039982,100.00209300735487,100.00273489626507,100.0034794991362,100.00432581306717,100.0052710239363
0.08088,100.0,100.0,100.00000000000472,100.0000000005957,100.0000000162409,100.00000017938281,100.00000111099628,100.00000464440272,100.000014682754,100.0000377862339,100.00008320602598,100.00016234856072,100.00028785550907,100.00047254927726,100.00072845480157,100.00106602745166,100.00149363795238,100.00201730807514,100.00264065827425,100.00336501550044,100.00418962927995,100.0051119508881
0.08112,100.0,100.0,100.00000000000402,100.00000000052329,100.00000001455592,100.00000016313741,100.00000102167522,100.00000430855026,100.0000137177081,100.0000355095008,100.0000785772394,100.0001539594946,100.00027396758854,100.00045116704673,100.00069741957697,100.00102311624826,100.00143665627367,100.00194416932214,100.00254944625725,100.00325402934406,100.00405741186113,100.00495730298178
0.08135999999999999,100.0,100.0,100.00000000000342,100.00000000045951,100.0000000130421,100.0000001483275,100.0000009393366,100.00000399623073,100.00001281391047,100.00003336477302,100.00007419538227,100.00014598467669,100.00026071773375,100.00043070294292,100.00066763467822,100.00098183267319,100.00138171570919,100.0018735115228,100.0024611714501,100.00314644362415,100.00392905651867,100.0048069697668
0.08159999999999999,100.0,100.0,100.00000000000293,100.00000000040338,100.00000001168245,100.00000013482959,100.0000008634513,100.0000037058524,100.00001196762499,100.00003134472696,100.00007004790722,100.0001384047137,100.00024807828453,100.00041111995104,100.00063905304891,100.00094211935283,100.0013287486731,100.0018052573082,100.00237574738593,100.00304216364728,100.00380446132549,100.00466084314046
0.08184,100.0,100.0,100.00000000000249,100.00000000035398,100.00000001046162,100.00000012253052,100.00000079352888,100.00000343592693,100.00001117533321,100.00002944242493,100.00006612286857,100.00013120106345,100.00023602269688,100.0003923824351,100.000611629256,100.00090392075187,100.00127768959571,100.00173933146246,100.00229308984636,100.0029410970243,100.00368352667807,100.00451881731084
0.08207999999999999,100.0,100.0,100.00000000000212,100.00000000031052,100.00000000936575,100.00000011132661,100.00000072911494,100.00000318506305,100.00001043372241,100.00002765129592,100.00006240889545,100.00012435600046,100.00022452550195,100.00037445609165,100.00058531944015,100.00086718312191,100.0012284748718,100.00167566087234,100.00221311681351,100.00284315362545,100.00356615525548,100.00438078875986
0.08231999999999999,100.0,100.0,100.0000000000018,100.00000000027232,100.00000000838233,100.00000010112288,100.00000066978852,100.00000295196043,100.00000973967416,100.00002596511744,100.000058895166,100.0001178525827,100.00021356226628,100.00035730790493,100.00056008126732,100.00083185445123,100.00118104281016,100.0016141744778,100.00213574842263,100.00274824553611,100.0034522519786,100.00424665620656
0.08256,100.0,100.0,100.00000000000153,100.00000000023873,100.00000000750008,100.00000009183233,100.00000061515978,100.00000273540402,100.0000090902535,100.00002437799814,100.00005557138277,100.00011167461976,100.00020310955345,100.00034090610336,100.00053587388162,100.00079788441558,100.00113533358396,100.00155480322333,100.00206090691549,100.00265628701295,100.00334172396978,100.0041163205706
0.0828,100.0,100.0,100.00000000000131,100.00000000020921,100.00000000670882,100.00000008337535,100.00000056486773,100.00000253425877,100.0000084826987,100.00002288436121,100.00005242774886,100.00010580664197,100.00019314488685,100.00032522011709,100.00051265785932,100.00076522433017,100.0010912891822,100.00149748001006,100.00198851659438,100.00256719444066,100.00323448051292,100.003989684936
0.08303999999999999,100.0,100.0,100.00000000000111,100.00000000018329,100.00000000599937,100.00000007567907,100.00000051857825,100.00000234746446,100.00000791441164,100.0000214789286,100.00004945494534,100.00010023387074,100.00018364671377,100.00031022053703,100.00049039516408,100.00073382710278,100.00104885336206,100.00144213964883,100.00191850377675,100.00248088628913,100.00313043301375,100.00386665451504
0.08327999999999999,100.0,100.0,100.00000000000094,100.00000000016053,100.00000000536345,100.00000006867678,100.00000047598205,100.00000217403114,100.00000738294848,100.0000201567059,100.00004664410943,100.00009494219007,100.0001745943706,100.00029587907494,100.00046904910337,100.0007036471879,100.00100797160225,100.00138871881394,100.00185079675063,100.0023972830713,100.00302949496066,100.00374713661247
0.08352,100.0,100.0,100.0000000000008,100.00000000014053,100.00000000479359,100.00000006230748,100.00000043679302,100.00000201303455,100.00000688601104,100.00001891296799,100.00004398681364,100.00008991811899,100.00016596804934,100.00028216852473,100.00044858428606,100.00067464054197,100.00096859105733,100.00133715599779,100.00178532573062,100.00231630730127,100.00293158188585,100.00363104059005
0.08375999999999999,100.0,100.0,100.00000000000068,100.000000000123,100.0000000042831,100.00000005651539,100.00000040074647,100.00000186361201,100.00000642143851,100.00001774324535,100.00004147504575,100.00008514878512,100.00015774876495,100.00026906272498,100.000428966581,100.0006467645796,100.00093066051292,100.00128739146635,100.00172202281458,100.00223788345328,100.00283661132681,100.00351827783116
0.08399999999999999,100.0,100.0,100.00000000000058,100.00000000010762,100.0000000038259,100.00000005124949,100.00000036759765,100.00000172495851,100.00000598719971,100.00001664331106,100.0000391011897,100.00008062189916,100.00014991832408,100.0002565365225,100.0004101630769,100.00061997813098,100.00089413034192,100.00123936721542,100.00166082194104,100.0021619379209,100.00274450278837,100.00340876170591
0.08424,100.0,100.0,100.00000000000048,100.00000000009412,100.00000000341657,100.00000004646316,100.00000033712024,100.0000015963229,100.00000558138558,100.00001560916823,100.00003685800723,100.00007632573046,100.00014245929475,100.00024456573698,100.00039214204317,100.00059424140021,100.00085895246163,100.0011930269277,100.00160165884729,100.00208839897707,100.002655177705,100.00330240753634
0.08448,100.0,100.0,100.00000000000041,100.0000000000823,100.00000000305019,100.0000000421138,100.00000030910502,100.00000147700462,100.00000520220229,100.00001463703838,100.00003473862036,100.00007224908335,100.00013535497696,100.00023312712689,100.0003748728919,100.00056951592458,100.00082508029172,100.00114831593064,100.00154447102804,100.00201719673439,100.00256855940354,100.0031991325621
0.08471999999999999,100.0,100.0,100.00000000000036,100.00000000007192,100.00000000272233,100.0000000381625,100.00000028335869,100.00000136635026,100.00000484796458,100.00001372334995,100.00003273649449,100.00006838127455,100.00012858937451,100.0002221983562,100.00035832614076,100.00054576453502,100.00079246871324,100.00110518115513,100.00148919769488,100.00194826310619,100.00248457306654,100.00309885590627
0.08496,100.0,100.0,100.0000000000003,100.00000000006284,100.00000000242905,100.00000003457369,100.0000002597026,100.00000126375065,100.00000451708951,100.00001286472776,100.0000308454224,100.00006471211128,100.00012214716766,100.00021175796225,100.00034247337712,100.00052295131738,100.00076107402843,100.001063571095,100.00143577973638,100.00188153176809,100.00240314569575,100.00300149854162
0.0852,100.0,100.0,100.00000000000026,100.0000000000549,100.00000000216676,100.00000003131493,100.00000023797176,100.0000011686379,100.00000420809053,100.00001205798267,100.00002905950888,100.0000612318704,100.00011601368668,100.00020178532465,100.00032728722296,100.0005010415747,100.00073085392141,100.00102343576724,100.00138415967882,100.00181693811997,100.0023242060763,100.00290698325709
0.08543999999999999,100.0,100.0,100.00000000000021,100.00000000004793,100.00000000193226,100.00000002835658,100.00000021801382,100.00000108048272,100.00000391957188,100.00001130010197,100.00002737315587,100.0000579312782,100.00011017488656,100.00019226063506,100.00031274130095,100.00048000179045,100.00070176741978,100.00098472667297,100.00133428164763,100.00175441924877,100.00224768474109,100.0028152346247
0.08567999999999999,100.0,100.0,100.00000000000018,100.00000000004184,100.00000000172267,100.00000002567162,100.00000019968809,100.00000099879199,100.00000365022335,100.00001058824006,100.00002578104855,100.00005480149107,100.00010461732231,100.00018316486796,100.0002988102013,100.00045979959275,100.00067377485716,100.00094739675937,100.0012860913295,100.00169391389151,100.00217351393587,100.00272617896668
0.08592,100.0,100.0,100.00000000000016,100.00000000003651,100.00000000153538,100.00000002323539,100.00000018286471,100.00000092310627,100.00000339881521,100.00000991970971,100.00002427814174,100.00005183407688,100.00009932812534,100.00017447975242,100.00028546944978,100.00044040371934,100.00064683783636,100.00091140038214,100.00123953593513,100.00163536239923,100.00210162758448,100.00263974432305
0.08615999999999999,100.0,100.0,100.00000000000013,100.00000000003185,100.00000000136808,100.00000002102536,100.00000016742385,100.0000008529977,100.00000316419353,100.00000929197371,100.00002285964712,100.00004902099712,100.00009429498066,100.0001661877446,100.00027269547641,100.0004217839836,100.00062091919361,100.0008766932689,100.00119456416266,100.00157870670112,100.00203196125483,100.00255586041943
0.08639999999999999,100.0,100.0,100.00000000000011,100.00000000002777,100.00000000121868,100.00000001902103,100.00000015325494,100.0000007880678,100.00000294527571,100.00000870263692,100.00002152102083,100.0000463545898,100.00008950610471,100.00015827200131,100.00026046558526,100.00040391124145,100.00059598296356,100.00084323248325,100.00115112616173,100.00152389026958,100.00196445212511,100.00247445863532
0.08664,100.0,100.0,100.00000000000009,100.00000000002422,100.00000000108528,100.00000001720372,100.00000014025602,100.00000072794563,100.0000027410463,100.00000814943871,100.00002025795182,100.00004382755287,100.00008495022428,100.00015071635434,100.00024875792498,100.00038675735894,100.000571994345,100.00081097638954,100.00110917349826,100.00147085808545,100.00189903895057,100.00239547197262
0.08688,100.0,100.0,100.00000000000007,100.0000000000211,100.00000000096624,100.00000001555634,100.00000012833303,100.0000006722859,100.00000255055296,100.00000763024582,100.00001906635055,100.00004143292854,100.00008061655592,100.00014350528562,100.00023755146029,100.00037029518096,100.0005489196675,100.00077988461851,100.00106865911984,100.0014195566041,100.0018356620307,100.00231883502462
0.08711999999999999,100.0,100.0,100.00000000000007,100.00000000001837,100.00000000086,100.0000000140634,100.00000011739925,100.00000062076732,100.00000237290277,100.00000714304551,100.00001794233825,100.00003916408798,100.00007649478624,100.00013662390319,100.00022682594425,100.00035449850047,100.00052672635876,100.00074991803353,100.00102953732168,100.00136993372199,100.00177426317693,100.00224448394525
0.08736,100.0,100.0,100.00000000000006,100.000000000016,100.00000000076524,100.00000001271073,100.00000010737479,100.00000057309093,100.00000220725863,100.00000668593911,100.00001688223674,100.00003701471688,100.00007257505294,100.000130057918,100.0002165618914,100.00033934202884,100.00050538291283,100.0007210386976,100.0009917637134,100.00132193874362,100.00171478568069,100.00217235641874
0.0876,100.0,100.0,100.00000000000004,100.00000000001394,100.00000000068074,100.00000001148547,100.00000009818598,100.00000052897863,100.00000205283598,100.0000062571359,100.00001588255854,100.00003497880135,100.00006884792637,100.00012379362144,100.00020674055166,100.00032480136679,100.00048485885901,100.00069320984107,100.00095529518624,100.0012755223493,100.0016571742821,100.0021023916297
0.08783999999999999,100.0,100.0,100.00000000000004,100.00000000001212,100.0000000006054,100.00000001037586,100.00000008976495,100.0000004881718,100.0000019088996,100.00000585494723,100.00001493999767,100.00003305061468,100.00006530439205,100.00011781786364,100.00019734388495,100.00031085297621,100.00046512473152,100.00066639583008,100.00092008988105,100.00123063656329,100.00160137513886,100.00203453023347
0.08807999999999999,100.0,100.0,100.00000000000003,100.00000000001054,100.00000000053825,100.00000000937125,100.00000008204921,100.00000045043001,100.00000177476066,100.00000547778103,100.00001405142058,100.0000312247043,100.00006193583356,100.00011211803242,100.00018835453679,100.00029747415267,100.00044615203994,100.00064056213562,100.00088610715684,100.00118723472247,100.00154733579588,100.00196871432695
0.08832,100.0,100.0,100.00000000000003,100.00000000000918,100.00000000047841,100.00000000846191,100.0000000749812,100.00000041552968,100.0000016497739,100.00000512413651,100.00001321385776,100.00002949587964,100.00005873401619,100.00010668203312,100.00017975581437,100.00028464299879,100.00042791324037,100.00061567530332,100.00085330755996,100.00114527144568,100.0014950051552,100.0019048874197
0.08855999999999999,100.0,100.0,100.00000000000003,100.00000000000797,100.00000000042512,100.00000000763902,100.00000006850793,100.00000038326307,100.00000153333505,100.00000479259921,100.00001242449558,100.00002785920022,100.00005569107128,100.00010149826889,100.00017153166358,100.00027233839825,100.00041038170733,100.00059170292398,100.00082165279392,100.00110470260353,100.00144433344641,100.00184299440552
0.08879999999999999,100.0,100.0,100.00000000000001,100.00000000000693,100.00000000037765,100.00000000689454,100.00000006258061,100.0000003534371,100.00000142487822,100.00000448183629,100.00001168066856,100.00002630996434,100.00005279948095,100.00009655562184,100.0001636666466,100.00026053999055,100.00039353170627,100.0005686136046,100.00079110568971,100.00106548528868,100.00139527219754,100.00178298153435
0.08904,100.0,100.0,100.00000000000001,100.00000000000603,100.0000000003354,100.00000000622114,100.00000005715435,100.00000032587243,100.0000013238737,100.00000419059197,100.00001097985196,100.00002484369827,100.0000500520636,100.00009184343469,100.00015614592022,100.0002492281465,100.00037733836692,100.00054637694024,100.00076163017691,100.0010275777868,100.0013477742064,100.0017247963846
0.08928,100.0,100.0,100.00000000000001,100.00000000000523,100.00000000029779,100.00000000561221,100.00000005218786,100.00000030040246,100.00000122982563,100.00000391768336,100.0000103196548,100.00002345614585,100.00004744195984,100.00008735149319,100.00014895521488,100.00023838394439,100.00036177765718,100.00052496348637,100.0007331912552,100.00099093954796,100.00130179351238,100.00166838783575
0.08951999999999999,100.0,100.0,100.00000000000001,100.00000000000455,100.00000000026432,100.0000000050617,100.00000004764316,100.0000002768725,100.00000114226998,100.00000366199639,100.00000969781307,100.00002214325849,100.00004496261899,100.00008307000901,100.0001420808143,100.00022798914681,100.00034682635776,100.00050434473202,100.00070575496657,100.00095553115851,100.00125728536874,100.00161370604152
0.08975999999999999,100.0,100.0,100.00000000000001,100.00000000000395,100.00000000023456,100.0000000045641,100.00000004348527,100.00000025513889,100.00000106077258,100.000003422482,100.00000911218342,100.00002090118574,100.00004260778613,100.0000789896033,100.00013550953582,100.00021802617813,100.00033246203743,100.0004844930734,100.0006792883681,100.0009213143136,100.00121420621527,100.00156070240327
0.09,100.0,100.0,100.00000000000001,100.00000000000342,100.00000000020809,100.00000000411447,100.00000003968212,100.00000023506831,100.0000009849273,100.00000319815251,100.000008560737,100.00001972626602,100.00004037148962,100.00007510129079,100.00012922871127,100.00020847810269,100.00031866302898,100.00046538178823,100.0006537595053,100.00088825179017,100.00117251365153,100.00150932954381
0.09023999999999999,100.0,100.0,100.0,100.00000000000297,100.00000000018456,100.00000000370827,100.00000003620416,100.00000021653703,100.00000091435425,100.00000298807821,100.00000804155371,100.00001861501802,100.00003824802904,100.00007139646455,100.00012322616855,100.00019932860354,100.00030540840571,100.00044698501063,100.0006291373859,100.00085630742035,100.0011321664104,100.0014595412817
0.09047999999999999,100.0,100.0,100.0,100.00000000000257,100.00000000016364,100.00000000334138,100.00000003302426,100.00000019943023,100.00000084869819,100.00000279138409,100.00000755281663,100.00001756413232,100.00003623196378,100.0000678668811,100.00011749021373,100.00019056196182,100.00029267795858,100.00042927770666,100.00060539195451,100.00082544606555,100.00109312433219,100.0014112926058
0.09072,100.0,100.0,100.0,100.00000000000223,100.00000000014505,100.0000000030101,100.00000003011749,100.00000018364139,100.00000078762704,100.0000026072468,100.00000709280675,100.00001657046329,100.00003431810183,100.0000645046462,100.00011200961373,100.00018216303678,100.00028045217405,100.00041223565042,100.00058249406746,100.00079563359093,100.00105534833915,100.00136453965027
0.09095999999999999,100.0,100.0,100.0,100.00000000000193,100.00000000012854,100.00000000271103,100.00000002746096,100.00000016907174,100.00000073083034,100.0000024348917,100.00000665989802,100.00001563102153,100.00003250148922,100.00006130220109,100.00010677357963,100.00017411724636,100.00026871221237,100.00039583540065,100.00056041546843,100.00076683684037,100.00101880041044,100.00131923966997
0.09119999999999999,100.0,100.0,100.0,100.00000000000168,100.00000000011387,100.0000000024411,100.00000002503364,100.00000015562966,100.00000067801793,100.0000022735901,100.00000625255251,100.00001474296651,100.00003077739973,100.00005825230924,100.00010177175042,100.0001664105483,100.00025743988654,100.0003800542781,100.00053912876453,100.00073902361203,100.00098344355749,100.00127535101622
0.09144,100.0,100.0,100.0,100.00000000000145,100.00000000010087,100.00000000219754,100.00000002281621,100.00000014323025,100.00000062891871,100.00000212265671,100.0000058693159,100.00001390359962,100.00002914132516,100.00005534804353,100.00009699417734,100.00015902942194,100.00024661764179,100.00036487034316,100.00051860740297,100.00071216263424,100.0009492417999,100.00123283311291
0.09168,100.0,100.0,100.0,100.00000000000125,100.00000000008932,100.00000000197782,100.00000002079095,100.00000013179476,100.00000058327942,100.00000198144711,100.00000550881313,100.00001311035739,100.00002758896579,100.00005258277398,100.00009243130874,100.00015196085036,100.00023622853571,100.00035026237438,100.00049882564811,100.00068622354209,100.00091616014168,100.00119164643306
0.09191999999999999,100.0,100.0,100.0,100.0000000000011,100.00000000007905,100.00000000177965,100.0000000189416,100.00000012125025,100.00000054086344,100.00000184935543,100.00000516974436,100.00001236080513,100.0000261162214,100.0000499501558,100.00008807397542,100.00014519230331,100.00022625621881,100.00033620984725,100.00047975855921,100.00066117685425,100.00088416454797,100.00115175247572
0.09215999999999999,100.0,100.0,100.0,100.00000000000094,100.00000000006996,100.00000000160097,100.00000001725324,100.00000011152915,100.00000050144985,100.00000172581218,100.00000485088096,100.00001165263083,100.00002471918255,100.00004744411804,100.00008391337649,100.0001387117204,100.00021668491564,100.0003226929136,100.00046138196856,100.00063699395045,100.00085322192214,100.00111311374324
0.0924,100.0,100.0,100.0,100.00000000000081,100.0000000000619,100.0000000014399,100.00000001571217,100.00000010256882,100.00000046483237,100.0000016102821,100.00000455106186,100.00001098363933,100.00002339412221,100.00004505885248,100.00007994106558,100.00013250749501,100.00020749940654,100.0003096923816,100.00044367246018,100.00061364704936,100.00082330008341,100.00107569371896
0.09263999999999999,100.0,100.0,100.0,100.00000000000071,100.00000000005475,100.00000000129472,100.00000001430584,100.00000009431128,100.00000043081839,100.00000150226224,100.00000426919001,100.00001035174662,100.00002213748782,100.00004278880306,100.00007614893772,100.00012656845857,100.00019868500975,100.0002971896962,100.00042660734888,100.00059110918696,100.0007943677448,100.00103945684518
0.09287999999999999,100.0,100.0,100.0,100.00000000000061,100.00000000004842,100.00000000116393,100.00000001302274,100.00000008670284,100.00000039922818,100.00000140128004,100.000004004229,100.00000975497466,100.00002094589355,100.00004062865565,100.00007252921651,100.00012088386536,100.00019022756409,100.00028516691997,100.00041016466005,100.00056935419524,100.00076639449152,100.00100436850163
0.09312,100.0,100.0,100.0,100.00000000000053,100.0000000000428,100.00000000104609,100.00000001185232,100.00000007969378,100.00000036989402,100.00000130689165,100.00000375519984,100.00000919144614,100.00001981611298,100.0000385733282,100.00006907444174,100.0001154433778,100.00018211341218,100.00027360671463,100.00039432310967,100.00054835668156,100.00073935075982,100.00097039498422
0.09336,100.0,100.0,100.0,100.00000000000045,100.00000000003783,100.00000000093998,100.0000000107849,100.0000000732381,100.00000034265939,100.00000121868015,100.00000352117799,100.00000865937973,100.00001874507197,100.00003661796121,100.00006577745745,100.00011023705213,100.00017432938401,100.00026249232297,100.00037906208492,100.00052809200831,100.00071320781612,100.0009375034842
0.09359999999999999,100.0,100.0,100.0,100.0000000000004,100.00000000003342,100.00000000084442,100.00000000981163,100.0000000672932,100.0000003173783,100.00000113625411,100.0000033012904,100.00000815708536,100.00001772984194,100.00003475790872,100.00006263140044,100.00010525532466,100.0001668627811,100.00025180755115,100.00036436162526,100.000508536273,100.00068793773679,100.00090566206764
0.09383999999999999,100.0,100.0,100.0,100.00000000000034,100.00000000002952,100.0000000007584,100.00000000892437,100.00000006181972,100.00000029391458,100.00000105924596,100.00000309471287,100.0000076829598,100.0000167676334,100.00003298872942,100.00005962968913,100.00010048899827,100.00015970136106,100.0002415367516,100.00035020240388,100.00048966628886,100.00066351338799,100.00087483965534
0.09408,100.0,100.0,100.0,100.0000000000003,100.00000000002608,100.000000000681,100.00000000811572,100.0000000567812,100.00000027214129,100.0000009873107,100.0000029006673,100.00000723548243,100.0000158557896,100.00003130617824,100.0000567660128,100.00009592922957,100.00015283332257,100.00023166480631,100.00033656570972,100.00047145956582,100.00063990840626,100.000845006003
0.09431999999999999,100.0,100.0,100.0,100.00000000000026,100.00000000002302,100.00000000061135,100.00000000737884,100.00000005214396,100.00000025194004,100.0000009201245,100.00000271841937,100.00000681321119,100.00001499178072,100.00002970619826,100.00005403432121,100.00009156751624,100.00014624729091,100.00022217711056,100.00032343342973,100.0004538942919,100.00061709717922,100.00081613168189
0.09455999999999999,100.0,100.0,100.0,100.00000000000021,100.00000000002031,100.00000000054871,100.00000000670751,100.0000000478768,100.00000023320047,100.00000085738354,100.0000025472761,100.00000641477874,100.00001417319802,100.00002818491284,100.0000514288146,100.00008739568487,100.00013993230371,100.00021305955711,100.00031078803184,100.00043694931504,100.00059505482683,100.00078818805974
0.0948,100.0,100.0,100.0,100.00000000000018,100.00000000001792,100.00000000049236,100.00000000609603,100.00000004395095,100.00000021581978,100.0000007988027,100.00000238658369,100.00000603888878,100.00001339774849,100.00002673861809,100.00004894393402,100.00008340587928,100.00013387779732,100.00020429852076,100.00029861254804,100.00042060412538,100.00057375718295,100.00076114728203
0.09503999999999999,100.0,100.0,100.0,100.00000000000016,100.00000000001582,100.0000000004417,100.00000000553918,100.00000004033976,100.00000019970211,100.00000074411456,100.0000022357253,100.00000568431253,100.00001266324944,100.00002536377573,100.00004657435203,100.00007959054905,100.0001280735935,100.0001958808434,100.00028689055813,100.00040483883774,100.0005531807773,100.00073498225368
0.09527999999999999,100.0,100.0,100.0,100.00000000000014,100.00000000001394,100.00000000039616,100.00000000503218,100.00000003701862,100.00000018475822,100.00000069306829,100.0000020941192,100.00000534988538,100.00001196762364,100.00002405700603,100.00004431496367,100.00007594243853,100.00012250988648,100.00018779381946,100.00027560617376,100.00038963417481,100.00053330281781,100.00070966662095
0.09552,100.0,100.0,100.0,100.00000000000011,100.00000000001229,100.00000000035523,100.00000000457067,100.00000003396484,100.00000017090494,100.00000064542867,100.0000019612167,100.00000503450374,100.00001130889439,100.00002281508121,100.00004216087783,100.00007245457617,100.0001171772304,100.00018002518165,100.00026474402283,100.00037497145047,100.00051410117332,100.00068517475388
0.09576,100.0,100.0,100.0,100.0000000000001,100.00000000001084,100.00000000031847,100.00000000415064,100.00000003115737,100.00000015806484,100.00000060097518,100.00000183650049,100.00000473712194,100.00001068518098,100.00002163491895,100.00004010740882,100.00006912026421,100.00011206652724,100.00017256308723,100.00025428923439,100.00036083255357,100.00049555435663,100.00066148172888
0.09599999999999999,100.0,100.0,100.0,100.00000000000009,100.00000000000955,100.00000000028544,100.00000000376846,100.00000002857685,100.0000001461658,100.00000055950109,100.00000171948282,100.00000445674941,100.00001009469426,100.00002051357633,100.00003815006838,100.00006593306871,100.00010716901495,100.00016539610458,100.00024422742385,100.00034719993216,100.00047764150794,100.00063856331172
0.09623999999999999,100.0,100.0,100.0,100.00000000000007,100.00000000000841,100.00000000025577,100.00000000342078,100.00000002620537,100.00000013514071,100.0000005208126,100.00000160970397,100.00000419244783,100.00000953573242,100.00001944824375,100.00003628455788,100.00006288680987,100.0001024762561,100.00015851320018,100.0002345446786,100.00033405657798,100.00046034237864,100.00061639594092
0.09648,100.0,100.0,100.0,100.00000000000007,100.0000000000074,100.00000000022914,100.00000000310456,100.00000002402638,100.00000012492708,100.00000048472818,100.00000150673064,100.00000394332858,100.0000090066769,100.00001843623937,100.00003450676078,100.00005997555277,100.00009798012671,100.00015190372592,100.00022522754398,100.00032138601141,100.00044363731543,100.00059495671135
0.09671999999999999,100.0,100.0,100.0,100.00000000000006,100.00000000000652,100.00000000020523,100.000000002817,100.00000002202465,100.00000011546678,100.00000045107765,100.00000141015451,100.00000370855017,100.00000850598866,100.00001747500359,100.00003281273548,100.00005719359831,100.00009367280556,100.00014555740681,100.00021626300959,100.00030917226664,100.00042750724477,100.00057422335826
0.09695999999999999,100.0,100.0,100.0,100.00000000000004,100.00000000000574,100.00000000018377,100.00000000255557,100.00000002018609,100.00000010670567,100.00000041970165,100.00000131959091,100.00000348731592,100.00000803220432,100.00001656209376,100.00003119870831,100.00005453547446,100.00008954676377,100.00013946432898,100.00020763849601,100.00029739987741,100.00041193365773,100.00055417424153
0.0972,100.0,100.0,100.0,100.00000000000004,100.00000000000506,100.00000000016453,100.00000000231793,100.0000000184977,100.00000009859347,100.0000003904509,100.00000123467741,100.00000327887165,100.00000758393274,100.00001569517921,100.00002966106683,100.00005199592792,100.00008559475472,100.00013361492807,100.00019934184185,100.00028605386284,100.00039689859513,100.00053478833034
0.09743999999999998,100.0,100.0,100.0,100.00000000000004,100.00000000000445,100.00000000014727,100.00000000210197,100.00000001694751,100.00000009108336,100.00000036318558,100.0000011550727,100.00000308250345,100.0000071598516,100.0000148720364,100.00002819635343,100.00004956991593,100.00008180980423,100.00012799997796,100.00019136129113,100.0002751197138,100.00038238463299,100.00051604518808
0.09767999999999999,100.0,100.0,100.0,100.00000000000003,100.00000000000391,100.00000000013178,100.00000000190575,100.00000001552448,100.0000000841318,100.00000033777481,100.00000108045532,100.00000289753581,100.00000675870417,100.00001409054418,100.000026801259,100.00004725259842,100.00007818520113,100.00012261057977,100.00018368548095,100.00026458337956,100.00036837486836,100.00049792495754
0.09792,100.0,100.0,100.0,100.00000000000003,100.00000000000344,100.0000000001179,100.0000000017275,100.0000000142184,100.00000007769832,100.00000031409603,100.00000101052261,100.00000272332943,100.00000637929624,100.00001334867947,100.00002547261704,100.00004503933043,100.00007471448808,100.00011743815118,100.00017630342958,100.00025443125466,100.0003548529054,100.00048040834655
0.09816,100.0,100.0,100.0,100.00000000000003,100.00000000000303,100.00000000010546,100.00000000156561,100.00000001301989,100.0000000717453,100.00000029203456,100.00000094498962,100.00000255927954,100.00000602049312,100.00001264451289,100.00002420739787,100.00004292565474,100.00007139145262,100.00011247441616,100.00016920452484,100.00024465016627,100.00034180284189,100.0004634766137
0.09839999999999999,100.0,100.0,100.0,100.00000000000001,100.00000000000266,100.0000000000943,100.00000000141861,100.00000001192028,100.00000006623777,100.00000027148302,100.00000088358811,100.00000240481401,100.00000568121685,100.0000119762047,100.00002300270305,100.00004090729485,100.00006821011868,100.00010771139486,100.00016237851267,100.00023522736171,100.00032920925588,100.00044711155462
0.09863999999999999,100.0,100.0,100.0,100.00000000000001,100.00000000000233,100.00000000008431,100.00000000128516,100.0000000109116,100.00000006114324,100.00000025234098,100.00000082606566,100.00000225939174,100.00000536044351,100.00001134200083,100.00002185576004,100.00003898014805,100.00006516473816,100.00010314139391,100.00015581548625,100.00022615049646,100.0003170571928,100.00043129548827
0.09888,100.0,100.0,100.0,100.00000000000001,100.00000000000205,100.00000000007536,100.00000000116403,100.00000000998651,100.00000005643152,100.00000023451449,100.0000007721847,100.00000212250097,100.00000505720067,100.00001074022914,100.00002076391708,100.00003714027893,100.00006224978287,100.00009875699692,100.00014950587517,100.00021740762223,100.0003053321528,100.00041601124377
0.09911999999999999,100.0,100.0,100.0,100.00000000000001,100.0000000000018,100.00000000006735,100.0000000010541,100.00000000913823,100.00000005207457,100.00000021791561,100.00000072172176,100.00000199365786,100.00000477056483,100.00001016929579,100.00001972463825,100.00003538391294,100.00005945993675,100.00009455105533,100.00014344043507,100.00020898717557,100.00029402007837,100.00040124214733
0.09935999999999999,100.0,100.0,100.0,100.00000000000001,100.00000000000158,100.00000000006017,100.00000000095437,100.00000000836053,100.00000004804633,100.00000020246218,100.00000067446658,100.00000187240494,100.00000449965918,100.00000962768173,100.00001873549868,100.00003370743025,100.00005679008834,100.00009051667948,100.00013761023745,100.0002008779666,100.00028310734226,100.0003869720096
0.0996,100.0,100.0,100.0,100.00000000000001,100.00000000000139,100.00000000005375,100.0000000008639,100.00000000764766,100.00000004432263,100.00000018807728,100.0000006302214,100.00000175830979,100.00000424365133,100.00000911393946,100.00001779418001,100.00003210735983,100.00005423532338,100.00008664722998,100.00013200665983,100.00019306916815,100.00027258073573,100.00037318511315
0.09983999999999998,100.0,100.0,100.0,100.00000000000001,100.00000000000122,100.00000000004799,100.00000000078185,100.00000000699433,100.000000040881,100.00000017468906,100.00000058880025,100.00000165096372,100.00000400175112,100.00000862668976,100.0000168984659,100.0000305803737,100.00005179091784,100.00008293630935,100.00012662137621,100.00018555030505,100.00026242745703,100.0003598662004
0.10007999999999999,100.0,100.0,100.0,100.0,100.00000000000107,100.00000000004285,100.00000000070746,100.00000000639568,100.00000003770062,100.00000016223036,100.00000055002826,100.00000154998051,100.0000037732086,100.00000816461868,100.00001604623792,100.0000291232815,100.000049452331,100.00007937775383,100.00012144634768,100.00017831124381,100.00025263510021,100.00034700046163
0.10031999999999999,100.0,100.0,100.0,100.0,100.00000000000094,100.00000000003824,100.00000000064001,100.00000000584724,100.00000003476212,100.00000015063839,100.00000051374103,100.0000014549952,100.00000355731213,100.00000772647458,100.0000152354714,100.00002773302501,100.00004721519888,100.0000759656256,100.00011647381339,100.00017134218257,100.00024319164405,100.00033457352342
0.10056,100.0,100.0,100.0,100.0,100.00000000000082,100.00000000003413,100.0000000005789,100.0000000053449,100.00000003204757,100.00000013985444,100.00000047978402,100.00000136566305,100.00000335338643,100.00000731106539,100.00001446423151,100.00002640667316,100.00004507532783,100.000072694205,100.00011169628176,100.00016463364113,100.00023408544148,100.00032257143724
0.10079999999999999,100.0,100.0,100.0,100.0,100.00000000000072,100.00000000003045,100.0000000005235,100.00000000488484,100.0000000295403,100.00000012982372,100.00000044801199,100.0000012816584,100.00000316079088,100.00000691725585,100.00001373066955,100.00002514141703,100.00004302868834,100.00006955798328,100.00010710652192,100.00015817645155,100.00022530520907,100.00031098066833
0.10103999999999999,100.0,100.0,100.0,100.0,100.00000000000063,100.00000000002717,100.0000000004733,100.0000000044636,100.00000002722486,100.000000120495,100.00000041828847,100.00000120267366,100.0000029789178,100.00000654396497,100.0000130330193,100.00002393456504,100.00004107140904,100.00006655165528,100.00010269755542,100.00015196174868,100.00021684001695,100.00029978808486
0.10128,100.0,100.0,100.0,100.0,100.00000000000055,100.00000000002423,100.00000000042785,100.00000000407798,100.00000002508693,100.00000011182048,100.00000039048521,100.00000112841838,100.00000280719084,100.00000619016357,100.00001236959355,100.00002278353838,100.00003919977097,100.0000636701126,100.00009846264813,100.00014598096124,100.00020867927871,100.00028898094729
0.10151999999999999,100.0,100.0,100.0,100.0,100.00000000000048,100.0000000000216,100.00000000038668,100.000000003725,100.00000002311323,100.00000010375547,100.00000036448175,100.00000105861831,100.00000264506338,100.00000585487194,100.00001173878077,100.00002168586664,100.00003741020193,100.00006090843672,100.00009439530241,100.00014022580282,100.00020081274191,100.00027854689802
0.10175999999999999,100.0,100.0,100.0,100.0,100.00000000000043,100.00000000001926,100.0000000003494,100.00000000340198,100.00000002129144,100.00000009625826,100.00000034016493,100.00000099301457,100.00000249201713,100.00000553715755,100.00001113904189,100.00002063918343,100.00003569927112,100.00005826189263,100.00009048924953,100.00013468826343,100.00019323047852,100.00026847395124
0.102,100.0,100.0,100.0,100.0,100.00000000000037,100.00000000001717,100.00000000031565,100.00000000310644,100.00000001961014,100.00000008928993,100.00000031742849,100.00000093136273,100.00000234756077,100.00000523613289,100.00001056890724,100.0000196412223,100.00003406368394,100.00005572592237,100.00008673844226,100.00012936060106,100.00018592287573,100.00025875048303
0.10224,100.0,100.0,100.0,100.0,100.00000000000033,100.00000000001529,100.00000000028511,100.00000000283606,100.00000001805876,100.00000008281414,100.00000029617263,100.00000087343219,100.00000221122849,100.00000495095344,100.0000100269736,100.00001868981283,100.0000325002769,100.00005329613896,100.00008313704771,100.00012423533362,100.00017888062705,100.00024936522175
0.10247999999999999,100.0,100.0,100.0,100.0,100.00000000000028,100.00000000001361,100.00000000025747,100.00000000258876,100.00000001662747,100.00000007679697,100.0000002763037,100.00000081900527,100.00000208257879,100.00000468081565,100.00000951190133,100.00001778287675,100.00003100601279,100.0000509683205,100.00007967944033,100.00011930523094,100.00017209472345,100.00024030723854
0.10271999999999999,100.0,100.0,100.0,100.0,100.00000000000024,100.00000000001214,100.00000000023248,100.00000000236263,100.00000001530721,100.00000007120676,100.00000025773372,100.0000007678766,100.0000019611933,100.0000044249551,100.00000902241165,100.00001691842431,100.00002957797597,100.00004873840436,100.00007636019522,100.00011456330715,100.00016555644498,100.00023156593817
0.10296,100.0,100.0,100.0,100.0,100.00000000000021,100.0000000000108,100.00000000020985,100.00000000215586,100.00000001408957,100.000000066014,100.00000024038019,100.00000071985245,100.00000184667556,100.00000418264462,100.00000855728408,100.00001609455066,100.00002821336783,100.00004660248167,100.00007317408152,100.00011000281319,100.00015925735238,100.00022313104995
0.10319999999999999,100.0,100.0,100.0,100.0,100.00000000000018,100.00000000000962,100.0000000001894,100.00000000196684,100.00000001296674,100.00000006119116,100.00000022416562,100.00000067475008,100.00000173864996,100.00000395319263,100.00000811535385,100.00001530943257,100.00002690950241,100.00004455679192,100.0000701160561,100.00010561722947,100.00015318927898,100.0002149926191
0.10343999999999999,100.0,100.0,100.0,100.0,100.00000000000017,100.00000000000855,100.0000000001709,100.00000000179409,100.0000000119315,100.00000005671254,100.00000020901737,100.00000063239716,100.00000163676064,100.00000373594145,100.00000769550955,100.00001456132503,100.0000256638022,100.00004259771775,100.00006718125731,100.00010140025893,100.0001473443229,100.00020714099813
0.10368,100.0,100.0,100.0,100.0,100.00000000000014,100.00000000000762,100.00000000015419,100.00000000163622,100.0000000109772,100.00000005255419,100.00000019486723,100.00000059263114,100.00000154067061,100.00000353026569,100.00000729669078,100.00001384855815,100.00002447379399,100.00004072177994,100.00006436499912,100.00009734582007,100.00014171483936,100.00019956683843
0.10391999999999998,100.0,100.0,100.0,100.0,100.00000000000013,100.00000000000678,100.00000000013908,100.00000000149198,100.00000001009764,100.00000004869379,100.00000018165126,100.00000055529878,100.00000145006067,100.00000333557081,100.00000691788598,100.00001316953411,100.00002333710499,100.00003892563247,100.00006166276523,100.00009344804029,100.00013629343316,100.00019226108222
0.10415999999999999,100.0,100.0,100.0,100.0,100.00000000000011,100.00000000000603,100.00000000012543,100.00000000136022,100.00000000928709,100.00000004511053,100.00000016930949,100.00000052025565,100.00000136462855,100.00000315129164,100.00000655813025,100.00001252272425,100.000022251459,100.0000372060579,100.00005907020348,100.00008970124942,100.00013107295149,100.00018521495456
0.10439999999999999,100.0,100.0,100.0,100.0,100.0000000000001,100.00000000000536,100.00000000011309,100.00000000123988,100.00000000854027,100.00000004178497,100.00000015778565,100.00000048736557,100.0000012840881,100.00000297689095,100.00000621650334,100.00001190666622,100.0000212146728,100.00003555996273,100.00005658312037,100.00008609997347,100.00012604647684,100.0001784199556
0.10464,100.0,100.0,100.0,100.0,100.00000000000009,100.00000000000476,100.00000000010195,100.00000000112999,100.00000000785226,100.00000003869908,100.00000014702704,100.0000004565002,100.0000012081684,100.00000281185824,100.00000589212769,100.00001131996135,100.0000202246525,100.000033984373,100.0000541974758,100.00008263892839,100.00012120732005,100.00017186785313
0.10487999999999999,100.0,100.0,100.0,100.0,100.00000000000007,100.00000000000423,100.00000000009189,100.00000000102966,100.00000000721857,100.000000035836,100.00000013698418,100.00000042753864,100.00000113661302,100.00000265570834,100.00000558416657,100.00001076127192,100.00001927939026,100.00003247643012,100.00005190937797,100.00007931301425,100.00011654901373,100.00016555067505
0.10511999999999999,100.0,100.0,100.0,100.0,100.00000000000007,100.00000000000377,100.00000000008279,100.00000000093809,100.00000000663498,100.00000003318002,100.00000012761079,100.00000040036691,100.00000106917928,100.00000250798035,100.00000529182228,100.00001022931885,100.00001837696088,100.00003103338659,100.00004971507839,100.00007611730942,100.00011206530563,100.00015946070236
0.10536,100.0,100.0,100.0,100.0,100.00000000000006,100.00000000000334,100.00000000007459,100.0000000008545,100.00000000609761,100.00000003071652,100.00000011886341,100.00000037487773,100.00000100563751,100.00000236823638,100.00000501433439,100.00000972287907,100.00001751551876,100.00002965260215,100.00004761096706,100.00007304706493,100.00010775015241,100.00015359046208
0.10559999999999999,100.0,100.0,100.0,100.0,100.00000000000004,100.00000000000297,100.00000000006719,100.00000000077823,100.00000000560289,100.00000002843193,100.00000011070136,100.00000035096997,100.00000094577045,100.00000223606052,100.00000475097815,100.0000092407834,100.00001669329474,100.00002833153987,100.00004559356788,100.00007009769912,100.00010359771339,100.00014793272051
0.10583999999999999,100.0,100.0,100.0,100.0,100.00000000000004,100.00000000000264,100.00000000006051,100.00000000070864,100.0000000051475,100.00000002631353,100.00000010308653,100.00000032854842,100.0000008893725,100.00000211105777,100.00000450106285,100.00000878191425,100.00001590859317,100.00002706776243,100.00004365953404,100.00006726479229,100.00009960234462,100.00014248047655
0.10608,100.0,100.0,100.0,100.0,100.00000000000004,100.00000000000234,100.00000000005448,100.00000000064516,100.00000000472839,100.00000002434953,100.00000009598321,100.00000030752342,100.00000083624926,100.00000199285299,100.00000426393036,100.00000834520343,100.00001515978911,100.00002585892857,100.00004180564379,100.00006454408167,100.00009575859305,100.00013722695529
0.10631999999999998,100.0,100.0,100.0,100.0,100.00000000000003,100.00000000000207,100.00000000004906,100.00000000058726,100.00000000434274,100.00000002252897,100.00000008935795,100.00000028781055,100.00000078621679,100.00000188109004,100.00000403895366,100.00000792963023,100.00001444532559,100.00002470278957,100.00004002879609,100.00006193145632,100.00009206119081,100.0001321656017
0.10655999999999999,100.0,100.0,100.0,100.0,100.00000000000003,100.00000000000185,100.00000000004415,100.00000000053448,100.00000000398792,100.0000000208416,100.00000008317944,100.00000026933037,100.00000073910122,100.0000017754308,100.00000382553544,100.00000753421932,100.00001376371097,100.00002359718593,100.00003832600657,100.00005942295245,100.00008850504983,100.0001272900745
0.10679999999999999,100.0,100.0,100.0,100.0,100.00000000000003,100.00000000000163,100.00000000003973,100.00000000048635,100.00000000366153,100.00000001927792,100.00000007741835,100.00000025200806,100.00000069473815,100.00000167555434,100.00000362310676,100.00000715803895,100.00001311351635,100.0000225400441,100.00003669440362,100.00005701474868,100.00008508525639,100.0001225942403
0.10704,100.0,100.0,100.0,100.0,100.00000000000003,100.00000000000145,100.00000000003574,100.00000000044248,100.00000000336132,100.00000001782908,100.00000007204723,100.00000023577324,100.00000065297209,100.00000158115606,100.00000343112582,100.0000068001991,100.0000124933732,100.00002152937341,100.00003513122446,100.00005470316155,100.00008179706596,100.00011807216767
0.10727999999999999,100.0,100.0,100.0,100.0,100.00000000000001,100.0000000000013,100.00000000003216,100.0000000004025,100.00000000308526,100.00000001648684,100.00000006704039,100.00000022055967,100.00000061365616,100.00000149194689,100.00000324907671,100.00000645984971,100.00001190197102,100.00002056326302,100.00003363381155,100.00005248464107,100.00007863589822,100.00011371812161
0.10751999999999999,100.0,100.0,100.0,100.0,100.00000000000001,100.00000000000114,100.00000000002892,100.00000000036607,100.00000000283143,100.00000001524354,100.00000006237379,100.00000020630503,100.00000057665149,100.00000140765259,100.00000307646825,100.00000613617904,100.00001133805497,100.000019639879,100.00003219960891,100.00005035576658,100.00007559733207,100.00010952655808
0.10776,100.0,100.0,100.0,100.0,100.00000000000001,100.00000000000101,100.000000000026,100.00000000033288,100.0000000025981,100.00000001409207,100.0000000580249,100.00000019295072,100.00000054182685,100.00000132801298,100.00000291283288,100.00000582841207,100.00001080042382,100.00001875746155,100.00003082615872,100.00004831324247,100.00007267710099,100.00010549211858
0.10799999999999998,100.0,100.0,100.0,100.0,100.00000000000001,100.0000000000009,100.00000000002338,100.00000000030263,100.00000000238362,100.00000001302581,100.00000005397268,100.00000018044159,100.0000005090583,100.0000012527813,100.0000027577256,100.00000553580891,100.00001028792776,100.00001791432229,100.00002951109795,100.00004635389436,100.0000698710883,100.00010160962508
0.10823999999999999,100.0,100.0,100.0,100.0,100.00000000000001,100.0000000000008,100.00000000002102,100.00000000027511,100.00000000218651,100.0000000120386,100.00000005019746,100.00000016872579,100.0000004782287,100.00000118172349,100.00000261072289,100.00000525766339,100.00000979946644,100.0000171088416,100.00002825215509,100.00004447466513,100.00006717532285,100.00009787407488
0.10848,100.0,100.0,100.0,100.0,100.00000000000001,100.00000000000071,100.00000000001889,100.00000000025004,100.00000000200541,100.00000001112471,100.0000000466808,100.0000001577546,100.00000044922744,100.00000111461765,100.00000247142187,100.00000499330154,100.00000933398697,100.00001633946621,100.00002704714713,100.00004267261119,100.00006458597454,100.00009428063586
0.10872,100.0,100.0,100.0,100.0,100.00000000000001,100.00000000000063,100.00000000001697,100.0000000002272,100.00000000183903,100.00000001027884,100.00000004340546,100.00000014748215,100.00000042195009,100.00000105125335,100.00000233943919,100.00000474208038,100.0000088904821,100.00001560470668,100.00002589397637,100.00004094489888,100.0000620993502,100.00009082464157
0.10895999999999999,100.0,100.0,100.0,100.0,100.0,100.00000000000055,100.00000000001525,100.00000000020643,100.0000000016862,100.00000000949603,100.00000004035539,100.00000013786538,100.00000039629799,100.00000099143118,100.0000022144103,100.00000450338645,100.00000846798847,100.00001490313502,100.00002479062769,100.00003928880096,100.00005971188943,100.00008750158675
0.10919999999999999,100.0,100.0,100.0,100.0,100.0,100.00000000000048,100.00000000001369,100.00000000018753,100.00000000154584,100.00000000877172,100.00000003751548,100.00000012886383,100.00000037217804,100.0000009349621,100.00000209598848,100.00000427663466,100.00000806558475,100.00001423338261,100.00002373516557,100.0000377016932,100.00005742016079,100.00008430712276
0.10944,100.0,100.0,100.0,100.0,100.0,100.00000000000043,100.00000000001229,100.00000000017032,100.00000000141696,100.00000000810162,100.00000003487168,100.00000012043942,100.00000034950233,100.00000088166703,100.0000019838441,100.00000406126705,100.00000768239013,100.00001359413787,100.00002272573147,100.00003618105113,100.00005522085779,100.00008123705331
0.10967999999999999,100.0,100.0,100.0,100.0,100.0,100.00000000000038,100.00000000001104,100.00000000015467,100.00000000129863,100.00000000748179,100.00000003241084,100.00000011255645,100.00000032818795,100.00000083137627,100.00000187766379,100.00000385675172,100.00000731756263,100.00001298414419,100.00002176054117,100.00003472444682,100.00005311079532,100.00007828733018
0.10991999999999999,100.0,100.0,100.0,100.0,100.0,100.00000000000034,100.0000000000099,100.00000000014043,100.00000000119002,100.00000000690855,100.00000003012067,100.00000010518134,100.00000030815661,100.0000007839291,100.00000177714975,100.00000366258156,100.00000697029765,100.00001240219801,100.00002083788223,100.00003332954587,100.000051086906,100.00007545404915
0.11016,100.0,100.0,100.0,100.0,100.0,100.0000000000003,100.0000000000089,100.00000000012749,100.00000000109034,100.00000000637847,100.0000000279897,100.00000009828256,100.00000028933451,100.00000073917329,100.00000168201899,100.00000347827341,100.00000663982638,100.00001184714678,100.00001995611157,100.00003199410439,100.00004914623668,100.00007273344605
0.11039999999999998,100.0,100.0,100.0,100.0,100.0,100.00000000000027,100.00000000000799,100.0000000001157,100.00000000099887,100.00000000588841,100.0000000260072,100.00000009183051,100.000000271652,100.00000069696473,100.00000159200269,100.00000330336688,100.00000632541453,100.00001131788711,100.00001911365307,100.00003071596618,100.00004728594512,100.00007012189286
0.11063999999999999,100.0,100.0,100.0,100.0,100.0,100.00000000000023,100.00000000000716,100.000000000105,100.00000000091495,100.00000000543541,100.00000002416317,100.00000008579741,100.00000025504342,100.000000657167,100.0000015068455,100.00000313742343,100.00000602636091,100.00001081336309,100.00001830899534,100.0000294930599,100.00004550329669,100.00006761589408
0.11087999999999999,100.0,100.0,100.0,100.0,100.0,100.00000000000021,100.00000000000642,100.00000000009528,100.00000000083799,100.00000000501676,100.00000002244825,100.00000008015719,100.00000023944688,100.00000061965102,100.00000142630502,100.00000298002554,100.00000574199609,100.00001033256436,100.00001754068953,100.0000283233965,100.00004379566126,100.000065212083
0.11112,100.0,100.0,100.0,100.0,100.0,100.00000000000018,100.00000000000576,100.00000000008644,100.00000000076739,100.00000000462991,100.00000002085373,100.00000007488536,100.00000022480401,100.0000005842946,100.00000135015111,100.00000283077566,100.00000547168123,100.00000987452465,100.00001680734718,100.00002720506656,100.0000421605101,100.0000629072183
0.11135999999999999,100.0,100.0,100.0,100.0,100.0,100.00000000000016,100.00000000000516,100.00000000007842,100.00000000070266,100.00000000427254,100.00000001937146,100.00000006995897,100.00000021105987,100.00000055098222,100.00000127816539,100.0000026892955,100.00000521480689,100.00000943832005,100.00001610763822,100.00002613623778,100.000040595413,100.00006069818059
0.11159999999999999,100.0,100.0,100.0,100.0,100.0,100.00000000000014,100.00000000000463,100.00000000007111,100.00000000064331,100.00000000394245,100.00000001799384,100.0000000653565,100.00000019816264,100.00000051960461,100.00000121014068,100.00000255522517,100.00000497079179,100.00000902306758,100.00001544028903,100.00002511515268,100.00003909803533,100.00005858196917
0.11184,100.0,100.0,100.0,100.0,100.0,100.00000000000013,100.00000000000415,100.00000000006449,100.00000000058893,100.00000000363762,100.0000000167138,100.00000006105775,100.00000018606356,100.00000049005851,100.0000011458805,100.00000242822239,100.00000473908183,100.0000086279236,100.00001480408051,100.0000241401262,100.00003766613541,100.00005655569889
0.11207999999999999,100.0,100.0,100.0,100.0,100.0,100.00000000000011,100.00000000000372,100.00000000005848,100.00000000053909,100.0000000033562,100.0000000155247,100.00000005704379,100.00000017471669,100.0000004622463,100.00000108519859,100.00000230796181,100.00000451914893,100.00000825208255,100.0000141978463,100.0000232095435,100.00003629756175,100.00005461659703
0.11231999999999999,100.0,100.0,100.0,100.0,100.0,100.0000000000001,100.00000000000333,100.00000000005302,100.00000000049342,100.00000000309646,100.00000001442041,100.00000005329692,100.00000016407884,100.00000043607581,100.00000102791843,100.00000219413421,100.00000431049013,100.00000789477544,100.00001362047104,100.00002232185781,100.00003499025054,100.00005276200032
0.11256,100.0,100.0,100.0,100.0,100.0,100.00000000000009,100.00000000000298,100.00000000004806,100.0000000004516,100.00000000285678,100.00000001339518,100.00000004980048,100.00000015410932,100.00000041145996,100.00000097387283,100.00000208644593,100.00000411262656,100.00000755526864,100.00001307088867,100.00002147558838,100.0000337422232,100.0000509893522
0.11279999999999998,100.0,100.0,100.0,100.0,100.0,100.00000000000007,100.00000000000267,100.00000000004356,100.00000000041331,100.00000000263569,100.00000001244366,100.00000004653893,100.00000014476988,100.00000038831658,100.00000092290345,100.00000198461815,100.00000392510252,100.00000723286264,100.00001254808089,100.00002066931845,100.00003255158394,100.00004929619992
0.11303999999999999,100.0,100.0,100.0,100.0,100.0,100.00000000000007,100.0000000000024,100.00000000003948,100.00000000037825,100.00000000243179,100.00000001156086,100.0000000434977,100.00000013602461,100.00000036656813,100.00000087486049,100.00000188838636,100.00000374748466,100.00000692689082,100.00001205107553,100.00001990169335,100.00003141651754,100.00004768019194
0.11327999999999999,100.0,100.0,100.0,100.0,100.0,100.00000000000006,100.00000000000215,100.00000000003578,100.00000000034618,100.00000000224384,100.00000001074214,100.0000000406632,100.0000001278397,100.00000034614153,100.00000082960224,100.00000179749965,100.00000357936105,100.0000066367183,100.0000115789451,100.00001917141871,100.00003033528706,100.00004613907535
0.11352,100.0,100.0,100.0,100.0,100.0,100.00000000000006,100.00000000000192,100.00000000003243,100.00000000031682,100.00000000207064,100.0000000099832,100.00000003802265,100.00000012018343,100.00000032696786,100.00000078699476,100.0000017117203,100.00000342034046,100.0000063617409,100.00001113080545,100.0000184772586,100.0000293062318,100.00004467069341
0.11375999999999999,100.0,100.0,100.0,100.0,100.0,100.00000000000004,100.00000000000172,100.00000000002939,100.00000000028999,100.0000000019111,100.00000000928,100.00000003556414,100.00000011302602,100.00000030898225,100.00000074691151,100.00000163082312,100.00000327005155,100.00000610138403,100.00001070581425,100.00001781803392,100.00002832776518,100.00004327298315
0.11399999999999999,100.0,100.0,100.0,100.0,100.0,100.00000000000004,100.00000000000153,100.00000000002663,100.00000000026546,100.00000000176422,100.00000000862883,100.00000003327655,100.00000010633956,100.0000002921236,100.00000070923306,100.00000155459504,100.00000312814213,100.00000585510173,100.00001030316983,100.0000171926207,100.00002739837284,100.00004194397303
0.11424,100.0,100.0,100.0,100.0,100.0,100.00000000000004,100.00000000000138,100.00000000002414,100.00000000024303,100.00000000162908,100.0000000080262,100.00000003114948,100.00000010009786,100.00000027633449,100.00000067384674,100.00000148283462,100.0000029942785,100.00000562237574,100.00000992210988,100.00001659994862,100.0000265166107,100.00004068178083
0.11447999999999998,100.0,100.0,100.0,100.0,100.0,100.00000000000003,100.00000000000124,100.00000000002188,100.00000000022257,100.0000000015048,100.00000000746891,100.00000002917325,100.0000000942764,100.00000026156091,100.0000006406464,100.0000014153515,100.00000286814476,100.00000540271448,100.00000956191025,100.00001603899943,100.0000256811032,100.00003948461142
0.11471999999999999,100.0,100.0,100.0,100.0,100.0,100.00000000000003,100.00000000000111,100.00000000001984,100.0000000002039,100.0000000013906,100.00000000695395,100.00000002733881,100.00000008885222,100.00000024775223,100.0000006095321,100.00000135196612,100.0000027494422,100.0000051956523,100.00000922188381,100.00001550880556,100.00002489054152,100.0000383507548
0.11495999999999999,100.0,100.0,100.0,100.0,100.0,100.00000000000003,100.000000000001,100.00000000001799,100.00000000018686,100.00000000128576,100.00000000647856,100.00000002563776,100.0000000838039,100.00000023486088,100.00000058040983,100.00000129250918,100.00000263788868,100.00000500074864,100.00000890137942,100.00001500844878,100.000024143682,100.00003727858413
0.1152,100.0,100.0,100.0,100.0,100.0,100.00000000000003,100.00000000000088,100.00000000001633,100.00000000017134,100.00000000118959,100.00000000604018,100.00000002406226,100.00000007911139,100.00000022284235,100.00000055319134,100.00000123682132,100.00000253321807,100.00000481758715,100.00000859978077,100.00001453705883,100.0000234393444,100.00003626655378
0.11543999999999999,100.0,100.0,100.0,100.0,100.0,100.00000000000001,100.0000000000008,100.00000000001482,100.00000000015721,100.00000000110148,100.00000000563642,100.00000002260504,100.000000074756,100.000000211655,100.00000052779383,100.00000118475273,100.0000024351797,100.00000464577502,100.00000831650556,100.00001409381224,100.00002277641055,100.00003531319763
0.11567999999999999,100.0,100.0,100.0,100.0,100.0,100.00000000000001,100.00000000000071,100.00000000001346,100.00000000014438,100.00000000102087,100.0000000052651,100.00000002125932,100.00000007072035,100.00000020125994,100.00000050413975,100.00000113616284,100.00000234353787,100.00000448494228,100.0000080510044,100.00001367793108,100.00002215382277,100.00003441712735
0.11592,100.0,100.0,100.0,100.0,100.0,100.00000000000001,100.00000000000064,100.00000000001224,100.00000000013272,100.00000000094721,100.00000000492417,100.0000000200189,100.00000006698825,100.00000019162086,100.00000048215664,100.00000109091991,100.00000225807138,100.00000433474108,100.00000780276004,100.00001328868188,100.0000215705826,100.00003357703069
0.11615999999999999,100.0,100.0,100.0,100.0,100.0,100.00000000000001,100.00000000000057,100.00000000001114,100.00000000012214,100.00000000088005,100.0000000046118,100.00000001887796,100.0000000635447,100.00000018270403,100.00000046177688,100.00000104890083,100.00000217857298,100.00000419484506,100.00000757128646,100.00001292537453,100.00002102574938,100.00003279166997
0.11639999999999999,100.0,100.0,100.0,100.0,100.0,100.00000000000001,100.00000000000051,100.00000000001015,100.00000000011259,100.00000000081893,100.00000000432625,100.00000001783114,100.0000000603758,100.00000017447809,100.00000044293753,100.00000100999074,100.00000210484909,100.00000406494877,100.0000073561281,100.00001258736125,100.00002051843903,100.00003205988054
0.11664,100.0,100.0,100.0,100.0,100.0,100.00000000000001,100.00000000000047,100.00000000000927,100.00000000010395,100.00000000076346,100.00000000406598,100.00000001687356,100.0000000574687,100.00000016691399,100.00000042558015,100.0000009740828,100.00000203671924,100.0000039447671,100.00000715685904,100.00001227403567,100.0000200478229,100.00003138056947
0.11687999999999998,100.0,100.0,100.0,100.0,100.0,100.00000000000001,100.00000000000041,100.00000000000847,100.0000000000962,100.00000000071329,100.00000000382951,100.0000000160007,100.00000005481158,100.00000015998495,100.0000004096507,100.00000094107793,100.00000197401582,100.00000383403473,100.00000697308242,100.00001198483186,100.00001961312663,100.00003075271407
0.11711999999999999,100.0,100.0,100.0,100.0,100.0,100.00000000000001,100.00000000000038,100.00000000000777,100.00000000008923,100.00000000066807,100.00000000361555,100.0000000152084,100.00000005239357,100.00000015366628,100.00000039509928,100.00000091088458,100.00000191658363,100.00000373250565,100.00000680442962,100.0000117192235,100.00001921362903,100.00003017536068
0.11735999999999999,100.0,100.0,100.0,100.0,100.0,100.00000000000001,100.00000000000034,100.00000000000715,100.00000000008302,100.00000000062751,100.00000000342291,100.00000001449293,100.00000005020479,100.00000014793537,100.00000038188008,100.0000008834185,100.00000186427958,100.00000363995262,100.00000665055973,100.00001147672307,100.00001884866116,100.0000296476235
0.1176,100.0,100.0,100.0,100.0,100.0,100.0,100.00000000000031,100.0000000000066,100.00000000007749,100.00000000059133,100.0000000032505,100.00000001385087,100.00000004823617,100.0000001427716,100.00000036995125,100.00000085860248,100.00000181697243,100.00000355616687,100.00000651115887,100.0000112568811,100.00001851760531,100.00002916868338
0.11783999999999999,100.0,100.0,100.0,100.0,100.0,100.0,100.00000000000028,100.00000000000611,100.00000000007263,100.0000000005593,100.00000000309738,100.0000000132791,100.00000004647957,100.00000013815628,100.00000035927474,100.0000008363663,100.0000017745424,100.00000348095757,100.00000638593977,100.00001105928538,100.00001821989416,100.0000287377868
0.11807999999999999,100.0,100.0,100.0,100.0,100.0,100.0,100.00000000000026,100.00000000000568,100.00000000006838,100.0000000005312,100.00000000296265,100.00000001277492,100.00000004492765,100.00000013407256,100.0000003498162,100.00000081664638,100.00000173688098,100.00000341415146,100.00000627464114,100.00001088356046,100.00001795500995,100.00002835424482
0.11832,100.0,100.0,100.0,100.0,100.0,100.0,100.00000000000024,100.00000000000533,100.0000000000647,100.00000000050686,100.00000000284558,100.00000001233583,100.00000004357388,100.00000013050543,100.00000034154493,100.00000079938577,100.00000170389066,100.00000335559257,100.0000061770272,100.00001072936683,100.00001772248365,100.0000280174322
0.11855999999999998,100.0,100.0,100.0,100.0,100.0,100.0,100.00000000000023,100.00000000000502,100.00000000006159,100.00000000048608,100.00000000274547,100.0000000119597,100.00000004241251,100.0000001274416,100.00000033443372,100.0000007845339,100.00000167548474,100.00000330514183,100.00000609288736,100.00001059640051,100.00001752189434,100.00002772678646
0.11879999999999999,100.0,100.0,100.0,100.0,100.0,100.0,100.00000000000021,100.00000000000476,100.00000000005899,100.00000000046875,100.00000000266175,100.00000001164467,100.00000004143855,100.00000012486952,100.00000032845885,100.00000077204649,100.00000165158704,100.00000326267684,100.00000602203565,100.00001048439245,100.00001735286844,100.00002748180711
0.11903999999999999,100.0,100.0,100.0,100.0,100.0,100.0,100.0000000000002,100.00000000000456,100.00000000005689,100.00000000045472,100.00000000259394,100.00000001138915,100.00000004064773,100.00000012277931,100.00000032359992,100.00000076188545,100.00000163213186,100.00000322809154,100.00000596431052,100.00001039310803,100.00001721507915,100.00002728205489
0.11927999999999998,100.0,100.0,100.0,100.0,100.0,100.0,100.00000000000018,100.0000000000044,100.00000000005528,100.00000000044393,100.00000000254164,100.00000001119183,100.00000004003653,100.00000012116274,100.00000031983986,100.0000007540187,100.00000161706362,100.00000320129601,100.00000591957435,100.00001032234668,100.00001710824596,100.00002712715106
0.11951999999999999,100.0,100.0,100.0,100.0,100.0,100.0,100.00000000000018,100.00000000000429,100.00000000005413,100.00000000043627,100.0000000025045,100.00000001105167,100.00000003960211,100.00000012001314,100.00000031716488,100.00000074842018,100.00000160633692,100.00000318221628,100.00000588771331,100.00001027194149,100.00001703213397,100.00002701677681
0.11975999999999999,100.0,100.0,100.0,100.0,100.0,100.0,100.00000000000018,100.00000000000422,100.00000000005345,100.0000000004317,100.00000000248232,100.0000000109679,100.00000003934234,100.00000011932548,100.00000031556435,100.0000007450697,100.00000159991627,100.00000317079403,100.000005868637,100.00001024175879,100.0000169865536,100.00002695067266
0.12,100.0,100.0,100.0,100.0,100.0,100.0,100.00000000000018,100.0000000000042,100.00000000005322,100.00000000043018,100.00000000247493,100.00000001093997,100.00000003925574,100.00000011909627,100.00000031503083,100.00000074395287,100.00000159777606,100.00000316698662,100.00000586227823,100.00001023169789,100.00001697136015,100.00002692863795
