Position_m,Temperature_t=0.00000000s,Temperature_t=0.47619048s,Temperature_t=0.95238095s,Temperature_t=1.42857143s,Temperature_t=1.90476190s,Temperature_t=2.38095238s,Temperature_t=2.85714286s,Temperature_t=3.33333333s,Temperature_t=3.80952381s,Temperature_t=4.28571429s,Temperature_t=4.76190476s,Temperature_t=5.23809524s,Temperature_t=5.71428571s,Temperature_t=6.19047619s,Temperature_t=6.66666667s,Temperature_t=7.14285714s,Temperature_t=7.61904762s,Temperature_t=8.09523810s,Temperature_t=8.57142857s,Temperature_t=9.04761905s,Temperature_t=9.52380952s,Temperature_t=10.00000000s,Temperature_t=10.47619048s,Temperature_t=10.95238095s,Temperature_t=11.42857143s,Temperature_t=11.90476190s,Temperature_t=12.38095238s,Temperature_t=12.85714286s,Temperature_t=13.33333333s,Temperature_t=13.80952381s,Temperature_t=14.28571429s,Temperature_t=14.76190476s,Temperature_t=15.23809524s,Temperature_t=15.71428571s,Temperature_t=16.19047619s,Temperature_t=16.66666667s,Temperature_t=17.14285714s,Temperature_t=17.61904762s,Temperature_t=18.09523810s,Temperature_t=18.57142857s,Temperature_t=19.04761905s,Temperature_t=19.52380952s
-0.12,1000.0,1000.0,1000.0,1000.0,1000.0,1000.0,1000.0,1000.0,1000.0,1000.0,1000.0,1000.0,1000.0,1000.0,1000.0,1000.0,1000.0,1000.0,1000.0,1000.0,1000.0,1000.0,1000.0,1000.0,1000.0000000000001,1000.0000000000002,1000.0000000000006,1000.0000000000015,1000.0000000000036,1000.0000000000086,1000.0000000000192,1000.0000000000412,1000.0000000000846,1000.0000000001671,1000.0000000003191,1000.00000000059,1000.0000000010588,1000.0000000018479,1000.0000000031431,1000.0000000052192,1000.0000000084744,1000.0000000134745
-0.11975999999999999,1000.0,1000.0,1000.0,1000.0,1000.0,1000.0,1000.0,1000.0,1000.0,1000.0,1000.0,1000.0,1000.0,1000.0,1000.0,1000.0,1000.0,1000.0,1000.0,1000.0,1000.0,1000.0,1000.0,1000.0,1000.0000000000001,1000.0000000000002,1000.0000000000006,1000.0000000000015,1000.0000000000036,1000.0000000000086,1000.0000000000192,1000.0000000000412,1000.0000000000846,1000.0000000001671,1000.0000000003191,1000.00000000059,1000.0000000010588,1000.0000000018479,1000.0000000031431,1000.0000000052192,1000.0000000084744,1000.0000000134745
-0.11952,1000.0,1000.0,1000.0,1000.0,1000.0,1000.0,1000.0,1000.0,1000.0,1000.0,1000.0,1000.0,1000.0,1000.0,1000.0,1000.0,1000.0,1000.0,1000.0,1000.0,1000.0,1000.0,1000.0,1000.0,1000.0000000000001,1000.0000000000002,1000.0000000000006,1000.0000000000015,1000.0000000000038,1000.0000000000088,1000.0000000000197,1000.000000000042,1000.000000000086,1000.0000000001697,1000.0000000003239,1000.0000000005984,1000.0000000010731,1000.0000000018717,1000.0000000031818,1000.0000000052805,1000.0000000085697,1000.0000000136196
-0.11928,1000.0,1000.0,1000.0,1000.0,1000.0,1000.0,1000.0,1000.0,1000.0,1000.0,1000.0,1000.0,1000.0,1000.0,1000.0,1000.0,1000.0,1000.0,1000.0,1000.0,1000.0,1000.0,1000.0,1000.0,1000.0000000000001,1000.0000000000002,1000.0000000000006,1000.0000000000016,1000.0000000000039,1000.0000000000091,1000.0000000000203,1000.0000000000434,1000.0000000000888,1000.0000000001751,1000.0000000003336,1000.0000000006153,1000.000000001102,1000.0000000019197,1000.0000000032596,1000.000000005404,1000.0000000087614,1000.0000000139112
-0.11903999999999999,1000.0,1000.0,1000.0,1000.0,1000.0,1000.0,1000.0,1000.0,1000.0,1000.0,1000.0,1000.0,1000.0,1000.0,1000.0,1000.0,1000.0,1000.0,1000.0,1000.0,1000.0,1000.0,1000.0,1000.0,1000.0000000000001,1000.0000000000002,1000.0000000000007,1000.0000000000017,1000.0000000000041,1000.0000000000097,1000.0000000000215,1000.0000000000456,1000.0000000000931,1000.0000000001831,1000.0000000003481,1000.000000000641,1000.0000000011457,1000.0000000019925,1000.0000000033777,1000.0000000055911,1000.0000000090517,1000.0000000143528
-0.11879999999999999,1000.0,1000.0,1000.0,1000.0,1000.0,1000.0,1000.0,1000.0,1000.0,1000.0,1000.0,1000.0,1000.0,1000.0,1000.0,1000.0,1000.0,1000.0,1000.0,1000.0,1000.0,1000.0,1000.0,1000.0,1000.0000000000001,1000.0000000000002,1000.0000000000007,1000.0000000000018,1000.0000000000044,1000.0000000000103,1000.000000000023,1000.0000000000487,1000.0000000000989,1000.0000000001941,1000.0000000003679,1000.0000000006758,1000.000000001205,1000.000000002091,1000.0000000035374,1000.0000000058441,1000.0000000094439,1000.0000000149491
-0.11856,1000.0,1000.0,1000.0,1000.0,1000.0,1000.0,1000.0,1000.0,1000.0,1000.0,1000.0,1000.0,1000.0,1000.0,1000.0,1000.0,1000.0,1000.0,1000.0,1000.0,1000.0,1000.0,1000.0,1000.0,1000.0000000000001,1000.0000000000003,1000.0000000000008,1000.000000000002,1000.0000000000049,1000.0000000000113,1000.0000000000249,1000.0000000000525,1000.0000000001064,1000.000000000208,1000.0000000003932,1000.0000000007201,1000.0000000012806,1000.0000000022164,1000.0000000037404,1000.0000000061656,1000.0000000099423,1000.0000000157063
-0.11832,1000.0,1000.0,1000.0,1000.0,1000.0,1000.0,1000.0,1000.0,1000.0,1000.0,1000.0,1000.0,1000.0,1000.0,1000.0,1000.0,1000.0,1000.0,1000.0,1000.0,1000.0,1000.0,1000.0,1000.0,1000.0000000000001,1000.0000000000003,1000.0000000000009,1000.0000000000023,1000.0000000000053,1000.0000000000124,1000.0000000000273,1000.0000000000573,1000.0000000001157,1000.0000000002253,1000.0000000004244,1000.0000000007747,1000.0000000013735,1000.0000000023704,1000.0000000039895,1000.0000000065594,1000.000000010552,1000.0000000166319
-0.11807999999999999,1000.0,1000.0,1000.0,1000.0,1000.0,1000.0,1000.0,1000.0,1000.0,1000.0,1000.0,1000.0,1000.0,1000.0,1000.0,1000.0,1000.0,1000.0,1000.0,1000.0,1000.0,1000.0,1000.0,1000.0,1000.0000000000001,1000.0000000000003,1000.000000000001,1000.0000000000025,1000.000000000006,1000.0000000000138,1000.0000000000301,1000.000000000063,1000.0000000001269,1000.0000000002461,1000.0000000004618,1000.00000000084,1000.0000000014846,1000.0000000025545,1000.0000000042872,1000.0000000070298,1000.0000000112797,1000.0000000177355
-0.11784,1000.0,1000.0,1000.0,1000.0,1000.0,1000.0,1000.0,1000.0,1000.0,1000.0,1000.0,1000.0,1000.0,1000.0,1000.0,1000.0,1000.0,1000.0,1000.0,1000.0,1000.0,1000.0,1000.0,1000.0,1000.0000000000001,1000.0000000000005,1000.0000000000011,1000.0000000000028,1000.0000000000068,1000.0000000000155,1000.0000000000335,1000.0000000000699,1000.0000000001401,1000.0000000002707,1000.0000000005061,1000.0000000009173,1000.0000000016158,1000.0000000027713,1000.0000000046372,1000.000000007582,1000.0000000121329,1000.0000000190282
-0.1176,1000.0,1000.0,1000.0,1000.0,1000.0,1000.0,1000.0,1000.0,1000.0,1000.0,1000.0,1000.0,1000.0,1000.0,1000.0,1000.0,1000.0,1000.0,1000.0,1000.0,1000.0,1000.0,1000.0,1000.0,1000.0000000000001,1000.0000000000005,1000.0000000000013,1000.0000000000032,1000.0000000000076,1000.0000000000174,1000.0000000000376,1000.000000000078,1000.0000000001555,1000.0000000002995,1000.0000000005577,1000.0000000010074,1000.0000000017685,1000.0000000030234,1000.0000000050434,1000.0000000082221,1000.0000000131206,1000.000000020523
-0.11735999999999999,1000.0,1000.0,1000.0,1000.0,1000.0,1000.0,1000.0,1000.0,1000.0,1000.0,1000.0,1000.0,1000.0,1000.0,1000.0,1000.0,1000.0,1000.0,1000.0,1000.0,1000.0,1000.0,1000.0,1000.0000000000001,1000.0000000000002,1000.0000000000006,1000.0000000000015,1000.0000000000036,1000.0000000000088,1000.0000000000197,1000.0000000000423,1000.0000000000873,1000.0000000001736,1000.0000000003329,1000.0000000006177,1000.0000000011115,1000.0000000019445,1000.0000000033136,1000.0000000055104,1000.000000008957,1000.0000000142531,1000.0000000222348
-0.11712,1000.0,1000.0,1000.0,1000.0,1000.0,1000.0,1000.0,1000.0,1000.0,1000.0,1000.0,1000.0,1000.0,1000.0,1000.0,1000.0,1000.0,1000.0,1000.0,1000.0,1000.0,1000.0,1000.0,1000.0000000000001,1000.0000000000002,1000.0000000000007,1000.0000000000017,1000.0000000000042,1000.0000000000099,1000.0000000000223,1000.0000000000477,1000.0000000000982,1000.0000000001944,1000.0000000003714,1000.0000000006864,1000.000000001231,1000.0000000021463,1000.0000000036456,1000.0000000060436,1000.0000000097948,1000.0000000155424,1000.0000000241805
-0.11688,1000.0,1000.0,1000.0,1000.0,1000.0,1000.0,1000.0,1000.0,1000.0,1000.0,1000.0,1000.0,1000.0,1000.0,1000.0,1000.0,1000.0,1000.0,1000.0,1000.0,1000.0,1000.0,1000.0,1000.0000000000001,1000.0000000000002,1000.0000000000008,1000.0000000000019,1000.0000000000049,1000.0000000000114,1000.0000000000254,1000.0000000000541,1000.0000000001108,1000.0000000002184,1000.0000000004155,1000.0000000007652,1000.0000000013674,1000.0000000023762,1000.0000000040231,1000.0000000066491,1000.0000000107444,1000.0000000170014,1000.0000000263796
-0.11664,1000.0,1000.0,1000.0,1000.0,1000.0,1000.0,1000.0,1000.0,1000.0,1000.0,1000.0,1000.0,1000.0,1000.0,1000.0,1000.0,1000.0,1000.0,1000.0,1000.0,1000.0,1000.0,1000.0,1000.0000000000001,1000.0000000000003,1000.0000000000009,1000.0000000000023,1000.0000000000056,1000.000000000013,1000.0000000000289,1000.0000000000614,1000.0000000001252,1000.0000000002458,1000.000000000466,1000.000000000855,1000.0000000015226,1000.0000000026371,1000.0000000044507,1000.0000000073335,1000.0000000118162,1000.0000000186454,1000.0000000288534
-0.11639999999999999,1000.0,1000.0,1000.0,1000.0,1000.0,1000.0,1000.0,1000.0,1000.0,1000.0,1000.0,1000.0,1000.0,1000.0,1000.0,1000.0,1000.0,1000.0,1000.0,1000.0,1000.0,1000.0,1000.0,1000.0000000000001,1000.0000000000003,1000.000000000001,1000.0000000000026,1000.0000000000064,1000.0000000000149,1000.000000000033,1000.0000000000698,1000.0000000001418,1000.0000000002772,1000.0000000005234,1000.000000000957,1000.0000000016985,1000.0000000029322,1000.0000000049334,1000.0000000081047,1000.0000000130216,1000.0000000204913,1000.0000000316263
-0.11616,1000.0,1000.0,1000.0,1000.0,1000.0,1000.0,1000.0,1000.0,1000.0,1000.0,1000.0,1000.0,1000.0,1000.0,1000.0,1000.0,1000.0,1000.0,1000.0,1000.0,1000.0,1000.0,1000.0,1000.0000000000001,1000.0000000000005,1000.0000000000011,1000.0000000000031,1000.0000000000074,1000.000000000017,1000.0000000000376,1000.0000000000794,1000.0000000001606,1000.0000000003129,1000.0000000005887,1000.0000000010727,1000.0000000018975,1000.0000000032652,1000.0000000054771,1000.0000000089714,1000.0000000143734,1000.0000000225576,1000.0000000347254
-0.11592,1000.0,1000.0,1000.0,1000.0,1000.0,1000.0,1000.0,1000.0,1000.0,1000.0,1000.0,1000.0,1000.0,1000.0,1000.0,1000.0,1000.0,1000.0,1000.0,1000.0,1000.0,1000.0,1000.0,1000.0000000000001,1000.0000000000005,1000.0000000000014,1000.0000000000035,1000.0000000000085,1000.0000000000197,1000.0000000000431,1000.0000000000904,1000.0000000001821,1000.0000000003536,1000.0000000006628,1000.0000000012036,1000.0000000021221,1000.0000000036403,1000.0000000060877,1000.000000009943,1000.0000000158861,1000.0000000248656,1000.0000000381807
-0.11567999999999999,1000.0,1000.0,1000.0,1000.0,1000.0,1000.0,1000.0,1000.0,1000.0,1000.0,1000.0,1000.0,1000.0,1000.0,1000.0,1000.0,1000.0,1000.0,1000.0,1000.0,1000.0,1000.0,1000.0000000000001,1000.0000000000002,1000.0000000000006,1000.0000000000016,1000.0000000000041,1000.0000000000099,1000.0000000000225,1000.0000000000492,1000.000000000103,1000.0000000002067,1000.0000000003997,1000.0000000007468,1000.0000000013515,1000.0000000023751,1000.0000000040618,1000.0000000067727,1000.0000000110305,1000.0000000175758,1000.0000000274384,1000.0000000420258
-0.11544,1000.0,1000.0,1000.0,1000.0,1000.0,1000.0,1000.0,1000.0,1000.0,1000.0,1000.0,1000.0,1000.0,1000.0,1000.0,1000.0,1000.0,1000.0,1000.0,1000.0,1000.0,1000.0,1000.0000000000001,1000.0000000000002,1000.0000000000007,1000.0000000000018,1000.0000000000048,1000.0000000000114,1000.0000000000259,1000.0000000000564,1000.0000000001173,1000.0000000002346,1000.0000000004521,1000.0000000008417,1000.0000000015184,1000.0000000026599,1000.000000004535,1000.0000000075398,1000.0000000122457,1000.00000001946,1000.0000000303022,1000.0000000462976
-0.1152,1000.0,1000.0,1000.0,1000.0,1000.0,1000.0,1000.0,1000.0,1000.0,1000.0,1000.0,1000.0,1000.0,1000.0,1000.0,1000.0,1000.0,1000.0,1000.0,1000.0,1000.0,1000.0,1000.0000000000001,1000.0000000000002,1000.0000000000008,1000.0000000000022,1000.0000000000055,1000.0000000000131,1000.0000000000298,1000.0000000000645,1000.0000000001338,1000.0000000002665,1000.0000000005115,1000.0000000009491,1000.0000000017064,1000.00000000298,1000.0000000050655,1000.0000000083979,1000.0000000136021,1000.0000000215587,1000.0000000334854,1000.000000051037
-0.11495999999999999,1000.0,1000.0,1000.0,1000.0,1000.0,1000.0,1000.0,1000.0,1000.0,1000.0,1000.0,1000.0,1000.0,1000.0,1000.0,1000.0,1000.0,1000.0,1000.0,1000.0,1000.0,1000.0,1000.0000000000001,1000.0000000000003,1000.0000000000009,1000.0000000000025,1000.0000000000064,1000.0000000000151,1000.0000000000342,1000.0000000000738,1000.0000000001525,1000.0000000003026,1000.0000000005788,1000.0000000010704,1000.0000000019181,1000.0000000033394,1000.00000000566,1000.0000000093569,1000.0000000151144,1000.0000000238937,1000.0000000370198,1000.0000000562892
-0.11471999999999999,1000.0,1000.0,1000.0,1000.0,1000.0,1000.0,1000.0,1000.0,1000.0,1000.0,1000.0,1000.0,1000.0,1000.0,1000.0,1000.0,1000.0,1000.0,1000.0,1000.0,1000.0,1000.0,1000.0000000000001,1000.0000000000003,1000.0000000000011,1000.000000000003,1000.0000000000074,1000.0000000000175,1000.0000000000393,1000.0000000000845,1000.0000000001738,1000.0000000003436,1000.000000000655,1000.0000000012071,1000.0000000021564,1000.0000000037429,1000.0000000063253,1000.0000000104277,1000.0000000167992,1000.0000000264891,1000.0000000409407,1000.0000000621042
-0.11448,1000.0,1000.0,1000.0,1000.0,1000.0,1000.0,1000.0,1000.0,1000.0,1000.0,1000.0,1000.0,1000.0,1000.0,1000.0,1000.0,1000.0,1000.0,1000.0,1000.0,1000.0,1000.0,1000.0000000000001,1000.0000000000005,1000.0000000000013,1000.0000000000034,1000.0000000000085,1000.0000000000201,1000.0000000000451,1000.0000000000966,1000.000000000198,1000.0000000003902,1000.0000000007411,1000.0000000013614,1000.0000000024244,1000.0000000041953,1000.0000000070694,1000.0000000116224,1000.0000000186747,1000.0000000293721,1000.0000000452866,1000.0000000685368
-0.11424,1000.0,1000.0,1000.0,1000.0,1000.0,1000.0,1000.0,1000.0,1000.0,1000.0,1000.0,1000.0,1000.0,1000.0,1000.0,1000.0,1000.0,1000.0,1000.0,1000.0,1000.0,1000.0,1000.0000000000002,1000.0000000000006,1000.0000000000015,1000.000000000004,1000.0000000000099,1000.0000000000232,1000.0000000000518,1000.0000000001105,1000.0000000002257,1000.0000000004429,1000.0000000008386,1000.0000000015352,1000.0000000027254,1000.0000000047022,1000.0000000079011,1000.0000000129545,1000.0000000207609,1000.0000000325721,1000.0000000501002,1000.0000000756476
-0.11399999999999999,1000.0,1000.0,1000.0,1000.0,1000.0,1000.0,1000.0,1000.0,1000.0,1000.0,1000.0,1000.0,1000.0,1000.0,1000.0,1000.0,1000.0,1000.0,1000.0,1000.0,1000.0,1000.0000000000001,1000.0000000000002,1000.0000000000007,1000.0000000000017,1000.0000000000047,1000.0000000000115,1000.0000000000268,1000.0000000000596,1000.0000000001264,1000.000000000257,1000.0000000005028,1000.0000000009486,1000.0000000017311,1000.0000000030636,1000.0000000052701,1000.0000000088304,1000.0000000144391,1000.0000000230805,1000.000000036122,1000.0000000554288,1000.000000083503
-0.11376,1000.0,1000.0,1000.0,1000.0,1000.0,1000.0,1000.0,1000.0,1000.0,1000.0,1000.0,1000.0,1000.0,1000.0,1000.0,1000.0,1000.0,1000.0,1000.0,1000.0,1000.0,1000.0000000000001,1000.0000000000002,1000.0000000000007,1000.000000000002,1000.0000000000053,1000.0000000000133,1000.0000000000309,1000.0000000000683,1000.0000000001445,1000.0000000002929,1000.0000000005707,1000.000000001073,1000.0000000019517,1000.0000000034433,1000.0000000059059,1000.000000009868,1000.0000000160927,1000.000000025658,1000.0000000400577,1000.0000000613239,1000.0000000921763
-0.11352,1000.0,1000.0,1000.0,1000.0,1000.0,1000.0,1000.0,1000.0,1000.0,1000.0,1000.0,1000.0,1000.0,1000.0,1000.0,1000.0,1000.0,1000.0,1000.0,1000.0,1000.0,1000.0000000000001,1000.0000000000003,1000.0000000000009,1000.0000000000024,1000.0000000000063,1000.0000000000153,1000.0000000000356,1000.0000000000784,1000.0000000001652,1000.0000000003334,1000.0000000006474,1000.0000000012133,1000.0000000021998,1000.0000000038694,1000.0000000066174,1000.0000000110261,1000.0000000179338,1000.0000000285208,1000.0000000444192,1000.000000067843,1000.0000001017477
-0.11327999999999999,1000.0,1000.0,1000.0,1000.0,1000.0,1000.0,1000.0,1000.0,1000.0,1000.0,1000.0,1000.0,1000.0,1000.0,1000.0,1000.0,1000.0,1000.0,1000.0,1000.0,1000.0,1000.0000000000001,1000.0000000000003,1000.000000000001,1000.0000000000028,1000.0000000000073,1000.0000000000177,1000.0000000000409,1000.00000000009,1000.0000000001887,1000.0000000003796,1000.0000000007345,1000.0000000013717,1000.0000000024792,1000.0000000043474,1000.0000000074133,1000.0000000123183,1000.0000000199826,1000.0000000316993,1000.0000000492505,1000.0000000750485,1000.0000001123053
-0.11304,1000.0,1000.0,1000.0,1000.0,1000.0,1000.0,1000.0,1000.0,1000.0,1000.0,1000.0,1000.0,1000.0,1000.0,1000.0,1000.0,1000.0,1000.0,1000.0,1000.0,1000.0,1000.0000000000001,1000.0000000000005,1000.0000000000013,1000.0000000000033,1000.0000000000084,1000.0000000000206,1000.0000000000472,1000.0000000001032,1000.0000000002157,1000.000000000432,1000.000000000833,1000.0000000015505,1000.0000000027933,1000.0000000048834,1000.0000000083033,1000.0000000137594,1000.0000000222618,1000.0000000352267,1000.0000000546,1000.0000000830098,1000.0000001239462
-0.1128,1000.0,1000.0,1000.0,1000.0,1000.0,1000.0,1000.0,1000.0,1000.0,1000.0,1000.0,1000.0,1000.0,1000.0,1000.0,1000.0,1000.0,1000.0,1000.0,1000.0,1000.0,1000.0000000000001,1000.0000000000005,1000.0000000000014,1000.0000000000039,1000.0000000000098,1000.0000000000238,1000.0000000000543,1000.0000000001183,1000.0000000002462,1000.0000000004916,1000.0000000009444,1000.000000001752,1000.0000000031464,1000.0000000054841,1000.0000000092982,1000.0000000153659,1000.0000000247965,1000.0000000391399,1000.0000000605212,1000.0000000918026,1000.0000001367763
-0.11256,1000.0,1000.0,1000.0,1000.0,1000.0,1000.0,1000.0,1000.0,1000.0,1000.0,1000.0,1000.0,1000.0,1000.0,1000.0,1000.0,1000.0,1000.0,1000.0,1000.0,1000.0,1000.0000000000002,1000.0000000000006,1000.0000000000016,1000.0000000000044,1000.0000000000114,1000.0000000000274,1000.0000000000625,1000.0000000001356,1000.0000000002811,1000.0000000005591,1000.0000000010705,1000.0000000019792,1000.0000000035433,1000.0000000061574,1000.0000000104098,1000.0000000171563,1000.000000027614,1000.0000000434794,1000.0000000670726,1000.0000001015102,1000.000000150912
-0.11232,1000.0,1000.0,1000.0,1000.0,1000.0,1000.0,1000.0,1000.0,1000.0,1000.0,1000.0,1000.0,1000.0,1000.0,1000.0,1000.0,1000.0,1000.0,1000.0,1000.0,1000.0000000000001,1000.0000000000002,1000.0000000000007,1000.0000000000019,1000.0000000000052,1000.0000000000133,1000.0000000000317,1000.000000000072,1000.0000000001554,1000.0000000003208,1000.0000000006357,1000.000000001213,1000.0000000022353,1000.000000003989,1000.0000000069115,1000.0000000116515,1000.0000000191509,1000.000000030745,1000.0000000482903,1000.0000000743189,1000.0000001122243,1000.000000166481
-0.11208,1000.0,1000.0,1000.0,1000.0,1000.0,1000.0,1000.0,1000.0,1000.0,1000.0,1000.0,1000.0,1000.0,1000.0,1000.0,1000.0,1000.0,1000.0,1000.0,1000.0,1000.0000000000001,1000.0000000000002,1000.0000000000008,1000.0000000000023,1000.0000000000061,1000.0000000000153,1000.0000000000366,1000.0000000000828,1000.000000000178,1000.0000000003661,1000.0000000007227,1000.0000000013741,1000.0000000025237,1000.0000000044898,1000.000000007756,1000.0000000130382,1000.0000000213723,1000.0000000342233,1000.000000053622,1000.0000000823314,1000.0000001240452,1000.0000001836229
-0.11184,1000.0,1000.0,1000.0,1000.0,1000.0,1000.0,1000.0,1000.0,1000.0,1000.0,1000.0,1000.0,1000.0,1000.0,1000.0,1000.0,1000.0,1000.0,1000.0,1000.0,1000.0000000000001,1000.0000000000003,1000.0000000000009,1000.0000000000026,1000.000000000007,1000.0000000000178,1000.0000000000423,1000.0000000000952,1000.0000000002038,1000.0000000004176,1000.0000000008213,1000.0000000015561,1000.0000000028487,1000.000000005052,1000.0000000087011,1000.000000014586,1000.0000000238455,1000.0000000380861,1000.0000000595289,1000.0000000911881,1000.0000001370835,1000.0000002024907
-0.11159999999999999,1000.0,1000.0,1000.0,1000.0,1000.0,1000.0,1000.0,1000.0,1000.0,1000.0,1000.0,1000.0,1000.0,1000.0,1000.0,1000.0,1000.0,1000.0,1000.0,1000.0,1000.0000000000001,1000.0000000000003,1000.0000000000011,1000.0000000000031,1000.0000000000083,1000.0000000000207,1000.0000000000489,1000.0000000001094,1000.0000000002333,1000.0000000004761,1000.000000000933,1000.0000000017617,1000.0000000032144,1000.000000005683,1000.000000009759,1000.0000000163135,1000.0000000265982,1000.0000000423746,1000.0000000660713,1000.0000001009752,1000.0000001514599,1000.000000223252
-0.11136,1000.0,1000.0,1000.0,1000.0,1000.0,1000.0,1000.0,1000.0,1000.0,1000.0,1000.0,1000.0,1000.0,1000.0,1000.0,1000.0,1000.0,1000.0,1000.0,1000.0,1000.0000000000001,1000.0000000000005,1000.0000000000013,1000.0000000000036,1000.0000000000097,1000.000000000024,1000.0000000000564,1000.0000000001256,1000.0000000002669,1000.0000000005426,1000.0000000010596,1000.0000000019938,1000.000000003626,1000.0000000063909,1000.0000000109425,1000.0000000182405,1000.000000029661,1000.0000000471343,1000.000000073315,1000.000000111787,1000.0000001673072,1000.0000002460899
-0.11112,1000.0,1000.0,1000.0,1000.0,1000.0,1000.0,1000.0,1000.0,1000.0,1000.0,1000.0,1000.0,1000.0,1000.0,1000.0,1000.0,1000.0,1000.0,1000.0,1000.0,1000.0000000000001,1000.0000000000005,1000.0000000000015,1000.0000000000042,1000.0000000000113,1000.0000000000279,1000.000000000065,1000.0000000001443,1000.0000000003054,1000.0000000006183,1000.000000001203,1000.0000000022558,1000.0000000040892,1000.0000000071849,1000.0000000122659,1000.0000000203896,1000.0000000330679,1000.0000000524154,1000.0000000813332,1000.0000001237273,1000.0000001847708,1000.0000002712051
-0.11087999999999999,1000.0,1000.0,1000.0,1000.0,1000.0,1000.0,1000.0,1000.0,1000.0,1000.0,1000.0,1000.0,1000.0,1000.0,1000.0,1000.0,1000.0,1000.0,1000.0,1000.0,1000.0000000000002,1000.0000000000006,1000.0000000000018,1000.000000000005,1000.0000000000131,1000.0000000000322,1000.000000000075,1000.0000000001658,1000.0000000003491,1000.0000000007044,1000.0000000013654,1000.0000000025515,1000.0000000046101,1000.0000000080753,1000.0000000137455,1000.0000000227858,1000.0000000368564,1000.0000000582734,1000.0000000902057,1000.0000001369103,1000.00000020401,1000.0000002988169
-0.11064,1000.0,1000.0,1000.0,1000.0,1000.0,1000.0,1000.0,1000.0,1000.0,1000.0,1000.0,1000.0,1000.0,1000.0,1000.0,1000.0,1000.0,1000.0,1000.0,1000.0000000000001,1000.0000000000002,1000.0000000000007,1000.000000000002,1000.0000000000058,1000.0000000000152,1000.0000000000373,1000.0000000000864,1000.0000000001902,1000.0000000003992,1000.0000000008021,1000.0000000015491,1000.000000002885,1000.0000000051958,1000.0000000090732,1000.0000000153992,1000.0000000254565,1000.0000000410677,1000.0000000647691,1000.0000001000211,1000.000000151461,1000.0000002251995,1000.0000003291648
-0.1104,1000.0,1000.0,1000.0,1000.0,1000.0,1000.0,1000.0,1000.0,1000.0,1000.0,1000.0,1000.0,1000.0,1000.0,1000.0,1000.0,1000.0,1000.0,1000.0,1000.0000000000001,1000.0000000000002,1000.0000000000008,1000.0000000000025,1000.0000000000068,1000.0000000000177,1000.0000000000432,1000.0000000000996,1000.0000000002182,1000.0000000004561,1000.000000000913,1000.000000001757,1000.0000000032611,1000.0000000058542,1000.0000000101916,1000.000000017247,1000.0000000284323,1000.0000000457479,1000.00000007197,1000.0000001108763,1000.0000001675169,1000.0000002485305,1000.0000003625111
-0.11016,1000.0,1000.0,1000.0,1000.0,1000.0,1000.0,1000.0,1000.0,1000.0,1000.0,1000.0,1000.0,1000.0,1000.0,1000.0,1000.0,1000.0,1000.0,1000.0,1000.0000000000001,1000.0000000000003,1000.0000000000009,1000.0000000000028,1000.000000000008,1000.0000000000206,1000.0000000000499,1000.0000000001147,1000.0000000002502,1000.0000000005209,1000.000000001039,1000.0000000019922,1000.000000003685,1000.0000000065938,1000.0000000114443,1000.0000000193108,1000.000000031747,1000.0000000509476,1000.0000000799503,1000.0000001228781,1000.0000001852285,1000.0000002742122,1000.0000003991418
-0.10991999999999999,1000.0,1000.0,1000.0,1000.0,1000.0,1000.0,1000.0,1000.0,1000.0,1000.0,1000.0,1000.0,1000.0,1000.0,1000.0,1000.0,1000.0,1000.0,1000.0,1000.0000000000001,1000.0000000000003,1000.0000000000011,1000.0000000000034,1000.0000000000093,1000.0000000000239,1000.0000000000578,1000.0000000001321,1000.000000000287,1000.0000000005949,1000.0000000011819,1000.0000000022582,1000.0000000041628,1000.0000000074248,1000.0000000128472,1000.0000000216154,1000.0000000354382,1000.0000000567228,1000.0000000887919,1000.0000001361436,1000.0000002047614,1000.0000003024738,1000.0000004393696
-0.10968,1000.0,1000.0,1000.0,1000.0,1000.0,1000.0,1000.0,1000.0,1000.0,1000.0,1000.0,1000.0,1000.0,1000.0,1000.0,1000.0,1000.0,1000.0,1000.0,1000.0000000000001,1000.0000000000005,1000.0000000000014,1000.000000000004,1000.0000000000108,1000.0000000000277,1000.0000000000668,1000.000000000152,1000.0000000003289,1000.000000000679,1000.000000001344,1000.0000000025589,1000.000000004701,1000.0000000083578,1000.0000000144177,1000.0000000241879,1000.0000000395473,1000.0000000631352,1000.0000000985848,1000.000000150802,1000.0000002262965,1000.0000003335659,1000.000000483536
-0.10944,1000.0,1000.0,1000.0,1000.0,1000.0,1000.0,1000.0,1000.0,1000.0,1000.0,1000.0,1000.0,1000.0,1000.0,1000.0,1000.0,1000.0,1000.0,1000.0,1000.0000000000001,1000.0000000000005,1000.0000000000016,1000.0000000000047,1000.0000000000126,1000.0000000000323,1000.0000000000772,1000.000000000175,1000.0000000003768,1000.0000000007749,1000.000000001528,1000.0000000028984,1000.0000000053069,1000.0000000094052,1000.0000000161752,1000.0000000270587,1000.0000000441203,1000.000000070253,1000.0000001094282,1000.0000001669948,1000.0000002500328,1000.0000003677628,1000.0000005320137
-0.10919999999999999,1000.0,1000.0,1000.0,1000.0,1000.0,1000.0,1000.0,1000.0,1000.0,1000.0,1000.0,1000.0,1000.0,1000.0,1000.0,1000.0,1000.0,1000.0,1000.0,1000.0000000000002,1000.0000000000006,1000.0000000000018,1000.0000000000055,1000.0000000000148,1000.0000000000374,1000.0000000000892,1000.0000000002012,1000.0000000004316,1000.0000000008839,1000.0000000017363,1000.0000000032821,1000.0000000059892,1000.0000000105805,1000.0000000181417,1000.0000000302613,1000.000000049208,1000.0000000781516,1000.0000001214314,1000.0000001848776,1000.000000276188,1000.0000004053643,1000.0000005852091
-0.10896,1000.0,1000.0,1000.0,1000.0,1000.0,1000.0,1000.0,1000.0,1000.0,1000.0,1000.0,1000.0,1000.0,1000.0,1000.0,1000.0,1000.0,1000.0,1000.0,1000.0000000000002,1000.0000000000007,1000.0000000000022,1000.0000000000064,1000.0000000000173,1000.0000000000434,1000.000000000103,1000.0000000002314,1000.0000000004941,1000.000000001008,1000.0000000019726,1000.0000000037154,1000.000000006757,1000.0000000118989,1000.000000020341,1000.0000000338329,1000.0000000548666,1000.0000000869138,1000.0000001347147,1000.0000002046212,1000.0000003050004,1000.000000446698,1000.000000643566
-0.10872,1000.0,1000.0,1000.0,1000.0,1000.0,1000.0,1000.0,1000.0,1000.0,1000.0,1000.0,1000.0,1000.0,1000.0,1000.0,1000.0,1000.0,1000.0,1000.0000000000001,1000.0000000000002,1000.0000000000008,1000.0000000000026,1000.0000000000075,1000.0000000000201,1000.0000000000504,1000.0000000001189,1000.0000000002659,1000.0000000005655,1000.000000001149,1000.0000000022401,1000.0000000042045,1000.0000000076208,1000.0000000133775,1000.0000000227999,1000.0000000378149,1000.0000000611584,1000.0000000966314,1000.0000001494101,1000.0000002264131,1000.0000003367314,1000.0000004921221,1000.000000707568
-0.10848,1000.0,1000.0,1000.0,1000.0,1000.0,1000.0,1000.0,1000.0,1000.0,1000.0,1000.0,1000.0,1000.0,1000.0,1000.0,1000.0,1000.0,1000.0,1000.0000000000001,1000.0000000000003,1000.000000000001,1000.0000000000031,1000.0000000000088,1000.0000000000234,1000.0000000000584,1000.0000000001373,1000.0000000003055,1000.0000000006469,1000.0000000013093,1000.0000000025432,1000.0000000047562,1000.0000000085922,1000.0000000150351,1000.0000000255484,1000.000000042253,1000.0000000681518,1000.0000001074053,1000.0000001656633,1000.0000002504589,1000.0000003716668,1000.000000542028,1000.0000007777427
-0.10824,1000.0,1000.0,1000.0,1000.0,1000.0,1000.0,1000.0,1000.0,1000.0,1000.0,1000.0,1000.0,1000.0,1000.0,1000.0,1000.0,1000.0,1000.0,1000.0000000000001,1000.0000000000003,1000.0000000000011,1000.0000000000036,1000.0000000000103,1000.0000000000273,1000.0000000000678,1000.0000000001584,1000.0000000003508,1000.0000000007398,1000.0000000014915,1000.000000002886,1000.0000000053788,1000.0000000096843,1000.0000000168927,1000.0000000286193,1000.0000000471979,1000.0000000759231,1000.0000001193467,1000.000000183634,1000.0000002769843,1000.0000004101198,1000.0000005968428,1000.000000854665
-0.108,1000.0,1000.0,1000.0,1000.0,1000.0,1000.0,1000.0,1000.0,1000.0,1000.0,1000.0,1000.0,1000.0,1000.0,1000.0,1000.0,1000.0,1000.0,1000.0000000000001,1000.0000000000005,1000.0000000000014,1000.0000000000042,1000.000000000012,1000.0000000000318,1000.0000000000784,1000.0000000001826,1000.0000000004028,1000.0000000008457,1000.0000000016984,1000.0000000032742,1000.0000000060805,1000.0000000109118,1000.000000018974,1000.0000000320496,1000.0000000527058,1000.000000084556,1000.0000001325783,1000.0000002034981,1000.0000003062368,1000.0000004524326,1000.0000006570333,1000.0000009389613
-0.10776,1000.0,1000.0,1000.0,1000.0,1000.0,1000.0,1000.0,1000.0,1000.0,1000.0,1000.0,1000.0,1000.0,1000.0,1000.0,1000.0,1000.0,1000.0,1000.0000000000001,1000.0000000000005,1000.0000000000016,1000.000000000005,1000.0000000000141,1000.000000000037,1000.0000000000908,1000.0000000002105,1000.0000000004623,1000.0000000009666,1000.0000000019334,1000.0000000037132,1000.0000000068718,1000.0000000122907,1000.0000000213048,1000.0000000358799,1000.0000000588387,1000.0000000941428,1000.000000147235,1000.0000002254485,1000.0000003384873,1000.0000004989798,1000.0000007231084,1000.0000010313139
-0.10752,1000.0,1000.0,1000.0,1000.0,1000.0,1000.0,1000.0,1000.0,1000.0,1000.0,1000.0,1000.0,1000.0,1000.0,1000.0,1000.0,1000.0,1000.0,1000.0000000000001,1000.0000000000006,1000.0000000000019,1000.0000000000059,1000.0000000000165,1000.0000000000431,1000.0000000001053,1000.0000000002426,1000.0000000005302,1000.0000000011041,1000.0000000022,1000.0000000042097,1000.0000000077632,1000.0000000138393,1000.0000000239145,1000.0000000401557,1000.0000000656657,1000.0000001047862,1000.0000001634655,1000.0000002496975,1000.0000003740331,1000.000000550171,1000.000000795624,1000.0000011324659
-0.10728,1000.0,1000.0,1000.0,1000.0,1000.0,1000.0,1000.0,1000.0,1000.0,1000.0,1000.0,1000.0,1000.0,1000.0,1000.0,1000.0,1000.0,1000.0,1000.0000000000002,1000.0000000000007,1000.0000000000023,1000.0000000000069,1000.0000000000193,1000.00000000005,1000.0000000001218,1000.0000000002794,1000.000000000608,1000.0000000012609,1000.0000000025024,1000.0000000047709,1000.0000000087675,1000.0000000155782,1000.0000000268352,1000.0000000449271,1000.0000000732628,1000.0000001165987,1000.0000001814335,1000.0000002764777,1000.0000004131999,1000.0000006064537,1000.0000008751862,1000.000001243226
-0.10704,1000.0,1000.0,1000.0,1000.0,1000.0,1000.0,1000.0,1000.0,1000.0,1000.0,1000.0,1000.0,1000.0,1000.0,1000.0,1000.0,1000.0,1000.0000000000001,1000.0000000000002,1000.0000000000008,1000.0000000000027,1000.0000000000082,1000.0000000000225,1000.0000000000582,1000.0000000001409,1000.0000000003217,1000.000000000697,1000.0000000014394,1000.0000000028455,1000.0000000054049,1000.0000000098983,1000.0000000175296,1000.000000030103,1000.0000000502498,1000.0000000817141,1000.0000001297046,1000.000000201319,1000.0000003060451,1000.0000004563441,1000.000000668317,1000.0000009624556,1000.0000013644748
-0.10679999999999999,1000.0,1000.0,1000.0,1000.0,1000.0,1000.0,1000.0,1000.0,1000.0,1000.0,1000.0,1000.0,1000.0,1000.0,1000.0,1000.0,1000.0,1000.0000000000001,1000.0000000000002,1000.000000000001,1000.0000000000032,1000.0000000000095,1000.0000000000264,1000.0000000000676,1000.0000000001629,1000.0000000003703,1000.0000000007987,1000.0000000016425,1000.0000000032344,1000.0000000061212,1000.0000000111711,1000.000000019719,1000.000000033758,1000.0000000561859,1000.0000000911128,1000.0000001442414,1000.00000022332,1000.0000003386798,1000.000000503856,1000.0000007362955,1000.000001058153,1000.0000014971698
-0.10656,1000.0,1000.0,1000.0,1000.0,1000.0,1000.0,1000.0,1000.0,1000.0,1000.0,1000.0,1000.0,1000.0,1000.0,1000.0,1000.0,1000.0,1000.0000000000001,1000.0000000000003,1000.0000000000011,1000.0000000000038,1000.0000000000113,1000.0000000000308,1000.0000000000786,1000.0000000001883,1000.000000000426,1000.0000000009148,1000.0000000018737,1000.0000000036752,1000.0000000069299,1000.0000000126033,1000.0000000221746,1000.0000000378448,1000.0000000628035,1000.0000001015619,1000.0000001603601,1000.0000002476542,1000.0000003746896,1000.0000005561627,1000.0000008109727,1000.0000011630635,1000.0000016423528
-0.10632,1000.0,1000.0,1000.0,1000.0,1000.0,1000.0,1000.0,1000.0,1000.0,1000.0,1000.0,1000.0,1000.0,1000.0,1000.0,1000.0,1000.0,1000.0000000000001,1000.0000000000005,1000.0000000000014,1000.0000000000045,1000.0000000000132,1000.0000000000359,1000.0000000000912,1000.0000000002175,1000.0000000004899,1000.0000000010474,1000.0000000021365,1000.0000000041746,1000.0000000078428,1000.0000000142144,1000.0000000249278,1000.0000000424126,1000.0000000701787,1000.0000001131749,1000.0000001782273,1000.000000274561,1000.000000414412,1000.0000006137318,1000.0000008929856,1000.0000012780426,1000.0000018011566
-0.10608,1000.0,1000.0,1000.0,1000.0,1000.0,1000.0,1000.0,1000.0,1000.0,1000.0,1000.0,1000.0,1000.0,1000.0,1000.0,1000.0,1000.0,1000.0000000000001,1000.0000000000005,1000.0000000000017,1000.0000000000053,1000.0000000000155,1000.000000000042,1000.0000000001058,1000.0000000002512,1000.0000000005631,1000.0000000011988,1000.0000000024353,1000.0000000047401,1000.0000000088727,1000.000000016026,1000.0000000280135,1000.0000000475164,1000.0000000783954,1000.0000001260775,1000.0000001980267,1000.0000003043034,1000.0000004582167,1000.0000006770745,1000.0000009830295,1000.000001404022,1000.0000019748122
-0.10583999999999999,1000.0,1000.0,1000.0,1000.0,1000.0,1000.0,1000.0,1000.0,1000.0,1000.0,1000.0,1000.0,1000.0,1000.0,1000.0,1000.0,1000.0,1000.0000000000001,1000.0000000000006,1000.0000000000019,1000.0000000000063,1000.0000000000182,1000.0000000000489,1000.0000000001228,1000.00000000029,1000.0000000006471,1000.0000000013716,1000.0000000027749,1000.0000000053801,1000.0000000100345,1000.0000000180622,1000.0000000314708,1000.0000000532174,1000.0000000875467,1000.0000001404081,1000.0000002199604,1000.0000003371703,1000.000000506509,1000.0000007467495,1000.0000010818632,1000.0000015420161,1000.0000021646576
-0.1056,1000.0,1000.0,1000.0,1000.0,1000.0,1000.0,1000.0,1000.0,1000.0,1000.0,1000.0,1000.0,1000.0,1000.0,1000.0,1000.0,1000.0,1000.0000000000002,1000.0000000000007,1000.0000000000024,1000.0000000000074,1000.0000000000213,1000.000000000057,1000.0000000001424,1000.0000000003347,1000.0000000007433,1000.0000000015687,1000.0000000031606,1000.0000000061045,1000.0000000113442,1000.0000000203502,1000.000000035343,1000.0000000595832,1000.0000000977357,1000.00000015632,1000.0000002442507,1000.0000003734788,1000.0000005597329,1000.0000008233678,1000.0000011903138,1000.0000016931291,1000.0000023721464
-0.10536,1000.0,1000.0,1000.0,1000.0,1000.0,1000.0,1000.0,1000.0,1000.0,1000.0,1000.0,1000.0,1000.0,1000.0,1000.0,1000.0,1000.0,1000.0000000000002,1000.0000000000008,1000.0000000000028,1000.0000000000086,1000.0000000000249,1000.0000000000664,1000.0000000001651,1000.0000000003861,1000.0000000008534,1000.0000000017933,1000.0000000035985,1000.0000000069239,1000.0000000128206,1000.0000000229202,1000.0000000396784,1000.0000000666887,1000.0000001090762,1000.0000001739818,1000.0000002711428,1000.0000004135771,1000.0000006183748,1000.0000009075972,1000.0000013092838,1000.0000018585625,1000.0000025988568
-0.10511999999999999,1000.0,1000.0,1000.0,1000.0,1000.0,1000.0,1000.0,1000.0,1000.0,1000.0,1000.0,1000.0,1000.0,1000.0,1000.0,1000.0,1000.0000000000001,1000.0000000000002,1000.000000000001,1000.0000000000033,1000.0000000000102,1000.0000000000292,1000.0000000000773,1000.0000000001913,1000.0000000004451,1000.0000000009795,1000.0000000020494,1000.0000000040958,1000.0000000078504,1000.0000000144838,1000.0000000258059,1000.0000000445309,1000.0000000746174,1000.0000001216943,1000.0000001935798,1000.0000003009058,1000.0000004578476,1000.0000006829669,1000.0000010001665,1000.0000014397564,1000.0000020396235,1000.0000028465025
-0.10488,1000.0,1000.0,1000.0,1000.0,1000.0,1000.0,1000.0,1000.0,1000.0,1000.0,1000.0,1000.0,1000.0,1000.0,1000.0,1000.0,1000.0000000000001,1000.0000000000003,1000.0000000000011,1000.0000000000039,1000.000000000012,1000.0000000000342,1000.00000000009,1000.0000000002216,1000.000000000513,1000.0000000011237,1000.0000000023412,1000.0000000046598,1000.0000000088976,1000.000000016357,1000.0000000290449,1000.00000004996,1000.0000000834618,1000.000000135729,1000.0000002153192,1000.000000333836,1000.0000005067092,1000.0000007540916,1000.0000011018724,1000.0000015828031,1000.000002237733,1000.0000031169436
-0.10464,1000.0,1000.0,1000.0,1000.0,1000.0,1000.0,1000.0,1000.0,1000.0,1000.0,1000.0,1000.0,1000.0,1000.0,1000.0,1000.0,1000.0000000000001,1000.0000000000003,1000.0000000000014,1000.0000000000047,1000.0000000000142,1000.00000000004,1000.0000000001048,1000.0000000002566,1000.0000000005911,1000.0000000012888,1000.0000000026733,1000.0000000052996,1000.0000000100808,1000.000000018466,1000.0000000326792,1000.0000000560324,1000.000000093324,1000.0000001513345,1000.0000002394263,1000.000000370259,1000.0000005606216,1000.0000008323866,1000.0000012135838,1000.0000017395913,1000.0000024544365,1000.000003412198
-0.10439999999999999,1000.0,1000.0,1000.0,1000.0,1000.0,1000.0,1000.0,1000.0,1000.0,1000.0,1000.0,1000.0,1000.0,1000.0,1000.0,1000.0,1000.0000000000001,1000.0000000000005,1000.0000000000017,1000.0000000000055,1000.0000000000167,1000.0000000000468,1000.0000000001219,1000.0000000002968,1000.0000000006806,1000.0000000014774,1000.0000000030515,1000.000000006025,1000.0000000114173,1000.0000000208396,1000.0000000367555,1000.0000000628216,1000.0000001043177,1000.0000001686808,1000.0000002661504,1000.0000004105327,1000.0000006200888,1000.0000009185488,1000.0000013362494,1000.0000019113921,1000.000002691413,1000.0000037344547
-0.10416,1000.0,1000.0,1000.0,1000.0,1000.0,1000.0,1000.0,1000.0,1000.0,1000.0,1000.0,1000.0,1000.0,1000.0,1000.0,1000.0,1000.0000000000001,1000.0000000000006,1000.0000000000019,1000.0000000000065,1000.0000000000197,1000.0000000000548,1000.0000000001418,1000.0000000003434,1000.0000000007835,1000.0000000016929,1000.0000000034818,1000.000000006847,1000.0000000129261,1000.0000000235098,1000.0000000413261,1000.0000000704099,1000.0000001165682,1000.0000001879556,1000.0000002957659,1000.0000004550501,1000.000000685663,1000.0000010133405,1000.0000014709041,1000.0000020995892,1000.0000029504869,1000.0000040860873
-0.10392,1000.0,1000.0,1000.0,1000.0,1000.0,1000.0,1000.0,1000.0,1000.0,1000.0,1000.0,1000.0,1000.0,1000.0,1000.0,1000.0,1000.0000000000001,1000.0000000000007,1000.0000000000024,1000.0000000000077,1000.0000000000231,1000.000000000064,1000.0000000001647,1000.0000000003971,1000.0000000009015,1000.000000001939,1000.0000000039712,1000.0000000077783,1000.000000014629,1000.0000000265126,1000.0000000464489,1000.0000000788882,1000.0000001302149,1000.0000002093664,1000.0000003285751,1000.0000005042428,1000.0000007579491,1000.0000011175946,1000.0000016186763,1000.0000023056886,1000.0000032336394,1000.0000044696689
-0.10368,1000.0,1000.0,1000.0,1000.0,1000.0,1000.0,1000.0,1000.0,1000.0,1000.0,1000.0,1000.0,1000.0,1000.0,1000.0,1000.0,1000.0000000000002,1000.0000000000008,1000.0000000000028,1000.0000000000091,1000.0000000000272,1000.0000000000747,1000.0000000001913,1000.0000000004588,1000.0000000010369,1000.0000000022202,1000.0000000045277,1000.0000000088329,1000.0000000165501,1000.0000000298883,1000.0000000521885,1000.0000000883575,1000.0000001454115,1000.0000002331417,1000.0000003649105,1000.0000005585848,1000.0000008376096,1000.0000012322213,1000.0000017807962,1000.0000025313284,1000.0000035430221,1000.0000048879878
-0.10344,1000.0,1000.0,1000.0,1000.0,1000.0,1000.0,1000.0,1000.0,1000.0,1000.0,1000.0,1000.0,1000.0,1000.0,1000.0,1000.0,1000.0000000000002,1000.0000000000009,1000.0000000000033,1000.0000000000108,1000.0000000000318,1000.0000000000873,1000.0000000002223,1000.0000000005301,1000.0000000011921,1000.000000002541,1000.00000000516,1000.0000000100266,1000.0000000187165,1000.0000000336817,1000.000000058617,1000.0000000989301,1000.0000001623282,1000.000000259534,1000.0000004051382,1000.0000006185961,1000.0000009253697,1000.0000013582145,1000.0000019586049,1000.0000027782908,1000.0000038809699,1000.0000053440646
-0.1032,1000.0,1000.0,1000.0,1000.0,1000.0,1000.0,1000.0,1000.0,1000.0,1000.0,1000.0,1000.0,1000.0,1000.0,1000.0,1000.0000000000001,1000.0000000000002,1000.0000000000011,1000.000000000004,1000.0000000000127,1000.0000000000374,1000.0000000001019,1000.000000000258,1000.0000000006122,1000.0000000013699,1000.0000000029071,1000.0000000058785,1000.0000000113773,1000.0000000211587,1000.000000037943,1000.0000000658144,1000.0000001107302,1000.0000001811533,1000.0000002888215,1000.0000004496605,1000.000000684847,1000.0000010220231,1000.0000014966598,1000.0000021535632,1000.0000030485126,1000.0000042500167,1000.000005841171
-0.10296,1000.0,1000.0,1000.0,1000.0,1000.0,1000.0,1000.0,1000.0,1000.0,1000.0,1000.0,1000.0,1000.0,1000.0,1000.0,1000.0000000000001,1000.0000000000003,1000.0000000000014,1000.0000000000047,1000.000000000015,1000.0000000000439,1000.0000000001188,1000.0000000002992,1000.0000000007066,1000.0000000015737,1000.0000000033245,1000.0000000066942,1000.000000012905,1000.0000000239106,1000.000000042728,1000.0000000738697,1000.0000001238957,1000.0000002020948,1000.0000003213111,1000.00000049892,1000.0000007579632,1000.0000011284379,1000.0000016487418,1000.000002367262,1000.0000033440995,1000.0000046529107,1000.000006382849
-0.10272,1000.0,1000.0,1000.0,1000.0,1000.0,1000.0,1000.0,1000.0,1000.0,1000.0,1000.0,1000.0,1000.0,1000.0,1000.0,1000.0000000000001,1000.0000000000005,1000.0000000000016,1000.0000000000056,1000.0000000000177,1000.0000000000515,1000.0000000001385,1000.000000000347,1000.0000000008151,1000.000000001807,1000.0000000038003,1000.0000000076202,1000.0000000146323,1000.0000000270105,1000.000000048099,1000.0000000828819,1000.0000001385795,1000.0000002253829,1000.0000003573405,1000.0000005534029,1000.0000008386304,1000.0000012455639,1000.0000018157532,1000.0000026014337,1000.0000036673392,1000.0000050926323,1000.0000069729324
-0.10248,1000.0,1000.0,1000.0,1000.0,1000.0,1000.0,1000.0,1000.0,1000.0,1000.0,1000.0,1000.0,1000.0,1000.0,1000.0,1000.0000000000001,1000.0000000000005,1000.0000000000019,1000.0000000000066,1000.0000000000208,1000.0000000000604,1000.0000000001614,1000.0000000004022,1000.0000000009401,1000.000000002074,1000.0000000043424,1000.0000000086709,1000.0000000165843,1000.0000000305008,1000.0000000541256,1000.000000092961,1000.0000001549507,1000.0000002512712,1000.0000003972822,1000.0000006136432,1000.0000009276,1000.0000013744391,1000.000001999104,1000.0000028579638,1000.0000040207167,1000.0000055724123,1000.0000076155691
-0.10224,1000.0,1000.0,1000.0,1000.0,1000.0,1000.0,1000.0,1000.0,1000.0,1000.0,1000.0,1000.0,1000.0,1000.0,1000.0,1000.0000000000001,1000.0000000000006,1000.0000000000023,1000.0000000000078,1000.0000000000246,1000.0000000000707,1000.000000000188,1000.000000000466,1000.0000000010837,1000.0000000023795,1000.0000000049598,1000.0000000098624,1000.0000000187895,1000.0000000344294,1000.0000000608853,1000.0000001042292,1000.0000001731969,1000.0000002800405,1000.000000441546,1000.0000006802277,1000.0000010256953,1000.0000015161977,1000.0000022003316,1000.0000031389036,1000.0000044069299,1000.000006095752,1000.0000083152461
-0.102,1000.0,1000.0,1000.0,1000.0,1000.0,1000.0,1000.0,1000.0,1000.0,1000.0,1000.0,1000.0,1000.0,1000.0,1000.0,1000.0000000000001,1000.0000000000007,1000.0000000000027,1000.0000000000093,1000.000000000029,1000.0000000000828,1000.000000000219,1000.0000000005397,1000.0000000012486,1000.0000000027287,1000.0000000056626,1000.0000000112133,1000.0000000212798,1000.0000000388494,1000.0000000684645,1000.0000001168221,1000.0000001935256,1000.0000003119999,1000.0000004905833,1000.0000007538002,1000.0000011338175,1000.0000016720793,1000.0000024211118,1000.0000034464845,1000.0000048289073,1000.0000066664445,1000.0000090768151
-0.10175999999999999,1000.0,1000.0,1000.0,1000.0,1000.0,1000.0,1000.0,1000.0,1000.0,1000.0,1000.0,1000.0,1000.0,1000.0,1000.0,1000.0000000000002,1000.0000000000009,1000.0000000000032,1000.000000000011,1000.0000000000341,1000.0000000000969,1000.0000000002548,1000.0000000006246,1000.0000000014381,1000.000000003128,1000.0000000064625,1000.0000000127441,1000.0000000240908,1000.0000000438205,1000.0000000769592,1000.0000001308904,1000.0000002161662,1000.0000003474911,1000.0000005448902,1000.0000008350676,1000.0000012529537,1000.0000018434373,1000.0000026632707,1000.0000037831326,1000.0000052898273,1000.0000072885975,1000.0000099055211
-0.10152,1000.0,1000.0,1000.0,1000.0,1000.0,1000.0,1000.0,1000.0,1000.0,1000.0,1000.0,1000.0,1000.0,1000.0,1000.0,1000.0000000000002,1000.000000000001,1000.0000000000039,1000.0000000000131,1000.0000000000401,1000.0000000001133,1000.0000000002964,1000.0000000007227,1000.0000000016556,1000.0000000035841,1000.0000000073723,1000.0000000144781,1000.0000000272626,1000.0000000494091,1000.0000000864762,1000.000000146601,1000.0000002413728,1000.0000003868906,1000.0000006050128,1000.0000009248049,1000.0000013841834,1000.0000020317493,1000.0000029287975,1000.0000041514853,1000.000005793137,1000.0000079666587,1000.0000108070316
-0.10128,1000.0,1000.0,1000.0,1000.0,1000.0,1000.0,1000.0,1000.0,1000.0,1000.0,1000.0,1000.0,1000.0,1000.0,1000.0000000000001,1000.0000000000003,1000.0000000000013,1000.0000000000045,1000.0000000000155,1000.0000000000473,1000.0000000001326,1000.0000000003446,1000.0000000008358,1000.000000001905,1000.0000000041049,1000.0000000084066,1000.0000000164415,1000.0000000308399,1000.0000000556895,1000.0000000971348,1000.0000001641392,1000.0000002694261,1000.0000004306137,1000.0000006715513,1000.0000010238623,1000.000001528688,1000.0000022386281,1000.0000032198581,1000.000004554408,1000.0000063425748,1000.0000087054415,1000.0000117874698
-0.10103999999999999,1000.0,1000.0,1000.0,1000.0,1000.0,1000.0,1000.0,1000.0,1000.0,1000.0,1000.0,1000.0,1000.0,1000.0,1000.0000000000001,1000.0000000000003,1000.0000000000015,1000.0000000000055,1000.0000000000183,1000.0000000000556,1000.000000000155,1000.0000000004004,1000.0000000009662,1000.0000000021912,1000.0000000046995,1000.0000000095821,1000.0000000186636,1000.0000000348732,1000.0000000627447,1000.0000001090673,1000.0000001837104,1000.0000003006364,1000.0000004791177,1000.0000007451656,1000.0000011331716,1000.000001687759,1000.0000024658326,1000.00000353881,1000.0000049950133,1000.0000069421932,1000.0000095101541,1000.0000128534484
-0.1008,1000.0,1000.0,1000.0,1000.0,1000.0,1000.0,1000.0,1000.0,1000.0,1000.0,1000.0,1000.0,1000.0,1000.0,1000.0000000000001,1000.0000000000005,1000.0000000000018,1000.0000000000065,1000.0000000000216,1000.0000000000653,1000.000000000181,1000.0000000004652,1000.0000000011164,1000.0000000025193,1000.0000000053778,1000.0000000109173,1000.0000000211776,1000.0000000394186,1000.0000000706668,1000.0000001224208,1000.0000002055424,1000.0000003353465,1000.0000005329068,1000.0000008265802,1000.0000012537539,1000.0000018628083,1000.0000027152817,1000.000003888219,1000.0000054766815,1000.0000075963839,1000.0000103864295,1000.0000140121068
-0.10056,1000.0,1000.0,1000.0,1000.0,1000.0,1000.0,1000.0,1000.0,1000.0,1000.0,1000.0,1000.0,1000.0,1000.0,1000.0000000000001,1000.0000000000006,1000.0000000000022,1000.0000000000077,1000.0000000000256,1000.0000000000767,1000.0000000002113,1000.0000000005401,1000.0000000012893,1000.0000000028951,1000.0000000061515,1000.0000000124337,1000.0000000240206,1000.0000000445392,1000.0000000795592,1000.0000001373589,1000.000000229887,1000.000000373935,1000.0000005925359,1000.000000916591,1000.0000013867278,1000.0000020553788,1000.0000029890667,1000.0000042708759,1000.0000060030815,1000.0000083099045,1000.0000113403589,1000.0000152711505
-0.10031999999999999,1000.0,1000.0,1000.0,1000.0,1000.0,1000.0,1000.0,1000.0,1000.0,1000.0,1000.0,1000.0,1000.0,1000.0,1000.0000000000001,1000.0000000000007,1000.0000000000025,1000.0000000000092,1000.0000000000302,1000.00000000009,1000.0000000002467,1000.0000000006268,1000.0000000014884,1000.0000000033256,1000.0000000070333,1000.0000000141546,1000.0000000272341,1000.0000000503053,1000.0000000895367,1000.0000001540633,1000.0000002570234,1000.0000004168198,1000.0000006586158,1000.0000010160718,1000.0000015333179,1000.0000022671554,1000.0000032894673,1000.0000046898155,1000.0000065781945,1000.0000090879076,1000.0000123785262,1000.0000166388932
-0.10008,1000.0,1000.0,1000.0,1000.0,1000.0,1000.0,1000.0,1000.0,1000.0,1000.0,1000.0,1000.0,1000.0,1000.0,1000.0000000000001,1000.0000000000008,1000.0000000000031,1000.000000000011,1000.0000000000357,1000.0000000001057,1000.0000000002877,1000.000000000727,1000.0000000017174,1000.0000000038183,1000.0000000080382,1000.000000016107,1000.0000000308652,1000.0000000567956,1000.0000001007273,1000.0000001727357,1000.0000002872607,1000.0000004644619,1000.0000007318189,1000.0000011259814,1000.0000016948649,1000.0000024999786,1000.0000036189667,1000.0000051483365,1000.0000072063397,1000.0000099359715,1000.0000135080456,1000.0000181243023
-0.09984,1000.0,1000.0,1000.0,1000.0,1000.0,1000.0,1000.0,1000.0,1000.0,1000.0,1000.0,1000.0,1000.0,1000.0,1000.0000000000002,1000.0000000000009,1000.0000000000036,1000.0000000000131,1000.0000000000422,1000.000000000124,1000.0000000003355,1000.000000000843,1000.0000000019808,1000.0000000043822,1000.0000000091827,1000.0000000183212,1000.0000000349662,1000.0000000640981,1000.0000001132735,1000.0000001935997,1000.0000003209404,1000.00000051737,1000.0000008128843,1000.0000012473714,1000.0000018728354,1000.0000027558566,1000.0000039802693,1000.0000056500239,1000.0000078922005,1000.0000108601334,1000.0000147366025,1000.0000197370473
-0.0996,1000.0,1000.0,1000.0,1000.0,1000.0,1000.0,1000.0,1000.0,1000.0,1000.0,1000.0,1000.0,1000.0,1000.0,1000.0000000000002,1000.0000000000011,1000.0000000000044,1000.0000000000156,1000.0000000000498,1000.0000000001454,1000.0000000003911,1000.0000000009769,1000.0000000022834,1000.000000005027,1000.0000000104857,1000.000000020831,1000.0000000395961,1000.0000000723112,1000.0000001273339,1000.0000002169038,1000.0000003584408,1000.000000576105,1000.000000902625,1000.0000013813952,1000.0000020688337,1000.0000030369813,1000.0000043763193,1000.0000061987719,1000.0000086408543,1000.0000118669249,1000.0000160724956,1000.0000214875508
-0.09936,1000.0,1000.0,1000.0,1000.0,1000.0,1000.0,1000.0,1000.0,1000.0,1000.0,1000.0,1000.0,1000.0,1000.0000000000001,1000.0000000000003,1000.0000000000014,1000.0000000000052,1000.0000000000184,1000.0000000000587,1000.0000000001703,1000.0000000004555,1000.0000000011315,1000.000000002631,1000.0000000057642,1000.0000000119684,1000.0000000236746,1000.0000000448208,1000.0000000815446,1000.0000001430852,1000.0000002429234,1000.0000004001795,1000.0000006412848,1000.0000010019343,1000.000001529317,1000.0000022846141,1000.000003345743,1000.0000048103207,1000.0000067988092,1000.0000094578029,1000.0000129634103,1000.0000175246838,1000.0000233870445
-0.09912,1000.0,1000.0,1000.0,1000.0,1000.0,1000.0,1000.0,1000.0,1000.0,1000.0,1000.0,1000.0,1000.0,1000.0000000000001,1000.0000000000003,1000.0000000000016,1000.0000000000063,1000.0000000000219,1000.0000000000692,1000.0000000001995,1000.0000000005303,1000.00000000131,1000.0000000030302,1000.0000000066065,1000.0000000136547,1000.0000000268951,1000.0000000507144,1000.0000000919208,1000.0000001607235,1000.0000002719638,1000.0000004466183,1000.0000007135905,1000.0000011117936,1000.0000016925217,1000.0000025220936,1000.0000036847483,1000.0000052857591,1000.0000074547263,1000.0000103490067,1000.0000141572275,1000.0000191028353,1000.0000254476272
-0.09888,1000.0,1000.0,1000.0,1000.0,1000.0,1000.0,1000.0,1000.0,1000.0,1000.0,1000.0,1000.0,1000.0,1000.0000000000001,1000.0000000000005,1000.0000000000019,1000.0000000000075,1000.000000000026,1000.0000000000815,1000.0000000002335,1000.0000000006171,1000.000000001516,1000.0000000034885,1000.0000000075684,1000.0000000155719,1000.000000030541,1000.0000000573596,1000.0000001035766,1000.0000001804673,1000.000000304363,1000.0000004982668,1000.0000007937717,1000.000001233281,1000.0000018725265,1000.0000027833668,1000.0000040568382,1000.0000058064251,1000.0000081715048,1000.0000113209209,1000.0000154566318,1000.0000208173802,1000.0000276823282
-0.09864,1000.0,1000.0,1000.0,1000.0,1000.0,1000.0,1000.0,1000.0,1000.0,1000.0,1000.0,1000.0,1000.0,1000.0000000000001,1000.0000000000006,1000.0000000000023,1000.000000000009,1000.0000000000308,1000.000000000096,1000.0000000002733,1000.0000000007178,1000.0000000017535,1000.000000004014,1000.0000000086665,1000.0000000177505,1000.0000000346664,1000.000000064849,1000.0000001166642,1000.0000002025589,1000.0000003404956,1000.0000005556883,1000.0000008826541,1000.0000013675793,1000.0000020709923,1000.0000030707212,1000.000004465108,1000.0000063764394,1000.0000089545481,1000.0000123805329,1000.0000168705428,1000.0000226795673,1000.0000301051745
-0.0984,1000.0,1000.0,1000.0,1000.0,1000.0,1000.0,1000.0,1000.0,1000.0,1000.0,1000.0,1000.0,1000.0,1000.0000000000001,1000.0000000000007,1000.0000000000028,1000.0000000000107,1000.0000000000365,1000.000000000113,1000.0000000003196,1000.0000000008345,1000.0000000020273,1000.0000000046167,1000.0000000099195,1000.0000000202252,1000.0000000393325,1000.0000000732864,1000.0000001313535,1000.0000002272677,1000.0000003807763,1000.000000619504,1000.000000981146,1000.0000015159872,1000.0000022897369,1000.0000033866542,1000.0000049129291,1000.0000070002803,1000.0000098097164,1000.0000135354052,1000.0000184085948,1000.0000247015238,1000.0000327312614
-0.09816,1000.0,1000.0,1000.0,1000.0,1000.0,1000.0,1000.0,1000.0,1000.0,1000.0,1000.0,1000.0,1000.0,1000.0000000000001,1000.0000000000008,1000.0000000000034,1000.0000000000127,1000.0000000000432,1000.0000000001329,1000.0000000003736,1000.0000000009695,1000.0000000023425,1000.0000000053072,1000.0000000113486,1000.0000000230348,1000.0000000446078,1000.0000000827878,1000.0000001478339,1000.0000002548928,1000.0000004256639,1000.0000006903991,1000.0000010902462,1000.0000016799285,1000.0000025307494,1000.0000037338913,1000.0000054039721,1000.0000076828127,1000.000010743362,1000.0000147937191,1000.0000200811902,1000.0000268963198,1000.00003557683
-0.09792,1000.0,1000.0,1000.0,1000.0,1000.0,1000.0,1000.0,1000.0,1000.0,1000.0,1000.0,1000.0,1000.0,1000.0000000000002,1000.0000000000009,1000.0000000000041,1000.0000000000152,1000.0000000000512,1000.0000000001562,1000.0000000004364,1000.0000000011261,1000.0000000027056,1000.0000000060984,1000.0000000129776,1000.0000000262232,1000.0000000505692,1000.0000000934826,1000.0000001663161,1000.0000002857661,1000.0000004756658,1000.0000007691297,1000.0000012110534,1000.0000018609649,1000.0000027962045,1000.0000041154059,1000.000005942232,1000.0000084293192,1000.0000117623688,1000.0000161643221,1000.0000218995573,1000.0000292780375,1000.0000386593475
-0.09767999999999999,1000.0,1000.0,1000.0,1000.0,1000.0,1000.0,1000.0,1000.0,1000.0,1000.0,1000.0,1000.0,1000.0,1000.0000000000002,1000.0000000000011,1000.0000000000049,1000.0000000000181,1000.0000000000606,1000.0000000001836,1000.0000000005095,1000.0000000013071,1000.0000000031234,1000.0000000070041,1000.0000000148337,1000.00000002984,1000.0000000573029,1000.0000001055158,1000.0000001870346,1000.0000003202555,1000.0000005313433,1000.0000008565285,1000.0000013447748,1000.0000020608077,1000.0000030884801,1000.0000045344402,1000.0000065320553,1000.0000092455351,1000.0000128741934,1000.0000176567795,1000.000023875812,1000.0000318618438,1000.000041997594
-0.09744,1000.0,1000.0,1000.0,1000.0,1000.0,1000.0,1000.0,1000.0,1000.0,1000.0,1000.0,1000.0,1000.0,1000.0000000000003,1000.0000000000014,1000.0000000000058,1000.0000000000216,1000.0000000000716,1000.0000000002156,1000.0000000005947,1000.0000000015165,1000.0000000036041,1000.0000000080406,1000.0000000169478,1000.0000000339405,1000.000000064906,1000.0000001190491,1000.0000002102506,1000.0000003587693,1000.0000005933163,1000.0000009535132,1000.0000014927366,1000.0000022813322,1000.0000034101743,1000.0000049945288,1000.0000071781691,1000.0000101376836,1000.0000140869113,1000.0000192814289,1000.0000260230228,1000.0000346640693,1000.0000456117549
-0.0972,1000.0,1000.0,1000.0,1000.0,1000.0,1000.0,1000.0,1000.0,1000.0,1000.0,1000.0,1000.0,1000.0000000000001,1000.0000000000003,1000.0000000000017,1000.0000000000069,1000.0000000000257,1000.0000000000846,1000.0000000002531,1000.0000000006937,1000.0000000017586,1000.0000000041566,1000.0000000092263,1000.0000000193542,1000.0000000385877,1000.0000000734864,1000.0000001342628,1000.0000002362541,1000.0000004017598,1000.0000006622699,1000.000001061095,1000.0000016563953,1000.0000025245915,1000.0000037641253,1000.0000054995234,1000.0000078857124,1000.000011112516,1000.0000154092636,1000.0000210494381,1000.0000283552821,1000.0000377022908,1000.0000495235189
-0.09695999999999999,1000.0,1000.0,1000.0,1000.0,1000.0,1000.0,1000.0,1000.0,1000.0,1000.0,1000.0,1000.0,1000.0000000000001,1000.0000000000005,1000.000000000002,1000.0000000000084,1000.0000000000306,1000.0000000000999,1000.0000000002968,1000.0000000008088,1000.0000000020383,1000.0000000047917,1000.0000000105816,1000.0000000220923,1000.000000043852,1000.0000000831658,1000.0000001513584,1000.0000002653679,1000.0000004497281,1000.0000007389606,1000.0000011803862,1000.0000018373496,1000.0000027928342,1000.0000041534322,1000.0000060536191,1000.0000086602705,1000.0000121773527,1000.0000168507099,1000.0000229728688,1000.0000308877802,1000.0000409954213,1000.0000537561824
-0.09672,1000.0,1000.0,1000.0,1000.0,1000.0,1000.0,1000.0,1000.0,1000.0,1000.0,1000.0,1000.0,1000.0000000000001,1000.0000000000006,1000.0000000000025,1000.00000000001,1000.0000000000363,1000.000000000118,1000.0000000003481,1000.0000000009424,1000.0000000023614,1000.0000000055209,1000.0000000121304,1000.0000000252063,1000.0000000498123,1000.0000000940801,1000.0000001705605,1000.0000002979506,1000.000000503229,1000.0000008242231,1000.0000013126115,1000.0000020373537,1000.0000030885199,1000.000004581478,1000.0000066613845,1000.0000095079108,1000.0000133401298,1000.0000184214831,1000.0000250647425,1000.0000336368861,1000.0000445638037,1000.0000583347604
-0.09648,1000.0,1000.0,1000.0,1000.0,1000.0,1000.0,1000.0,1000.0,1000.0,1000.0,1000.0,1000.0,1000.0000000000001,1000.0000000000007,1000.000000000003,1000.000000000012,1000.0000000000431,1000.0000000001392,1000.0000000004079,1000.0000000010975,1000.0000000027342,1000.000000006358,1000.0000000138994,1000.0000000287462,1000.000000056558,1000.0000001063813,1000.0000001921194,1000.0000003344002,1000.0000005628767,1000.0000009189787,1000.0000014591176,1000.0000022583318,1000.0000034143397,1000.0000050519534,1000.000007327792,1000.0000104352225,1000.0000146094468,1000.0000201326485,1000.000027339113,1000.0000366202324,1000.0000484293126,1000.0000632861048
-0.09623999999999999,1000.0,1000.0,1000.0,1000.0,1000.0,1000.0,1000.0,1000.0,1000.0,1000.0,1000.0,1000.0,1000.0000000000001,1000.0000000000008,1000.0000000000036,1000.0000000000143,1000.0000000000513,1000.000000000164,1000.0000000004778,1000.0000000012776,1000.0000000031644,1000.0000000073186,1000.0000000159188,1000.0000000327681,1000.0000000641887,1000.0000001202395,1000.0000002163139,1000.0000003751586,1000.0000006293504,1000.0000010242429,1000.0000016213852,1000.0000025023933,1000.0000037732361,1000.0000055688839,1000.0000080582516,1000.0000114493586,1000.0000159946184,1000.0000219961677,1000.000029811142,1000.0000398568071,1000.0000526154616,1000.00006863903
-0.096,1000.0,1000.0,1000.0,1000.0,1000.0,1000.0,1000.0,1000.0,1000.0,1000.0,1000.0,1000.0,1000.0000000000002,1000.0000000000009,1000.0000000000043,1000.0000000000172,1000.0000000000608,1000.0000000001934,1000.0000000005593,1000.0000000014863,1000.0000000036603,1000.0000000084201,1000.0000000182229,1000.0000000373357,1000.0000000728168,1000.000000135845,1000.0000002434545,1000.0000004207164,1000.0000007034017,1000.0000011411356,1000.0000018010419,1000.0000027718501,1000.0000041684251,1000.0000061366585,1000.0000088586479,1000.0000125580813,1000.0000175057313,1000.0000240249668,1000.0000324971817,1000.0000433670501,1000.0000571475173,1000.0000744244459
-0.09576,1000.0,1000.0,1000.0,1000.0,1000.0,1000.0,1000.0,1000.0,1000.0,1000.0,1000.0,1000.0,1000.0000000000002,1000.0000000000011,1000.0000000000052,1000.0000000000206,1000.0000000000721,1000.0000000002277,1000.0000000006545,1000.0000000017284,1000.0000000042318,1000.0000000096827,1000.0000000208506,1000.0000000425205,1000.0000000825679,1000.00000015341,1000.0000002738868,1000.0000004716175,1000.0000007858608,1000.0000012708905,1000.0000019998754,1000.0000030692346,1000.0000046034204,1000.00000676006,1000.0000097353786,1000.0000137698111,1000.000019153704,1000.0000262330087,1000.0000354148617,1000.0000471729576,1000.0000620526213,1000.0000806755003
-0.09552,1000.0,1000.0,1000.0,1000.0,1000.0,1000.0,1000.0,1000.0,1000.0,1000.0,1000.0,1000.0,1000.0000000000002,1000.0000000000014,1000.0000000000063,1000.0000000000246,1000.0000000000855,1000.0000000002681,1000.0000000007653,1000.0000000020087,1000.00000000489,1000.000000011129,1000.000000023846,1000.0000000484032,1000.0000000935835,1000.0000001731721,1000.0000003079957,1000.0000005284647,1000.0000008776453,1000.0000014148663,1000.0000022198489,1000.0000033973203,1000.0000050820596,1000.0000074442993,1000.0000106953969,1000.0000150936785,1000.0000209503502,1000.0000286353712,1000.0000385831825,1000.0000512981915,1000.0000673599194,1000.0000874277277
-0.09528,1000.0,1000.0,1000.0,1000.0,1000.0,1000.0,1000.0,1000.0,1000.0,1000.0,1000.0,1000.0,1000.0000000000003,1000.0000000000017,1000.0000000000075,1000.0000000000293,1000.0000000001013,1000.0000000003154,1000.0000000008945,1000.0000000023334,1000.0000000056478,1000.0000000127852,1000.0000000272588,1000.0000000550743,1000.0000001060216,1000.0000001953961,1000.0000003462085,1000.0000005919262,1000.0000009797685,1000.0000015745592,1000.0000024631173,1000.0000037591425,1000.000005608532,1000.0000081950506,1000.0000117462566,1000.000016539581,1000.0000229084487,1000.0000312483303,1000.0000420226144,1000.0000557681982,1000.0000731007001,1000.0000947192107
-0.09504,1000.0,1000.0,1000.0,1000.0,1000.0,1000.0,1000.0,1000.0,1000.0,1000.0,1000.0,1000.0000000000001,1000.0000000000005,1000.000000000002,1000.0000000000091,1000.0000000000349,1000.0000000001199,1000.0000000003708,1000.0000000010449,1000.000000002709,1000.0000000065197,1000.0000000146807,1000.0000000311451,1000.0000000626361,1000.0000001200594,1000.0000002203773,1000.0000003890007,1000.0000006627421,1000.0000010933488,1000.0000017516148,1000.000002732045,1000.0000041580225,1000.0000061874094,1000.0000090184907,1000.0000128961613,1000.0000181182434,1000.000025041817,1000.0000340894493,1000.0000457552043,1000.0000606103325,1000.0000793085393,1000.000102590748
-0.0948,1000.0,1000.0,1000.0,1000.0,1000.0,1000.0,1000.0,1000.0,1000.0,1000.0,1000.0,1000.0000000000001,1000.0000000000005,1000.0000000000025,1000.0000000000109,1000.0000000000417,1000.0000000001419,1000.0000000004359,1000.00000000122,1000.0000000031436,1000.0000000075224,1000.0000000168488,1000.0000000355686,1000.0000000712033,1000.0000001358954,1000.0000002484454,1000.0000004369002,1000.0000007417314,1000.0000012196206,1000.0000019478442,1000.0000030292249,1000.0000045975929,1000.0000068236787,1000.0000099213407,1000.0000141540165,1000.0000198412818,1000.0000273653898,1000.0000371776732,1000.0000498046882,1000.000065853992,1000.0000860194571,1000.0001110860344
-0.09456,1000.0,1000.0,1000.0,1000.0,1000.0,1000.0,1000.0,1000.0,1000.0,1000.0,1000.0,1000.0000000000001,1000.0000000000006,1000.0000000000031,1000.0000000000131,1000.0000000000497,1000.0000000001679,1000.0000000005119,1000.0000000014236,1000.0000000036458,1000.0000000086749,1000.0000000193277,1000.000000040601,1000.0000000809051,1000.0000001537518,1000.0000002799679,1000.0000004904936,1000.0000008298006,1000.0000013599449,1000.000002165238,1000.0000033574997,1000.0000050818248,1000.000007522778,1000.0000109109113,1000.0000155294865,1000.0000217212744,1000.0000298953038,1000.0000405334315,1000.0000541966127,1000.0000715307583,1000.000093272082,1000.0001202518512
-0.09432,1000.0,1000.0,1000.0,1000.0,1000.0,1000.0,1000.0,1000.0,1000.0,1000.0,1000.0,1000.0000000000001,1000.0000000000008,1000.0000000000036,1000.0000000000157,1000.0000000000591,1000.0000000001984,1000.000000000601,1000.0000000016602,1000.0000000042261,1000.0000000099988,1000.0000000221602,1000.0000000463232,1000.0000000918864,1000.0000001738769,1000.0000003153539,1000.0000005504315,1000.0000009279523,1000.0000015158222,1000.000002405984,1000.0000037199842,1000.0000056150577,1000.0000082906338,1000.0000119951513,1000.0000170330544,1000.0000237718349,1000.0000326489879,1000.000044178745,1000.0000589584622,1000.0000776745468,1000.0001011078257,1000.0001301382666
-0.09408,1000.0,1000.0,1000.0,1000.0,1000.0,1000.0,1000.0,1000.0,1000.0,1000.0,1000.0,1000.0000000000001,1000.0000000000009,1000.0000000000044,1000.0000000000189,1000.0000000000704,1000.0000000002344,1000.000000000705,1000.0000000019351,1000.000000004896,1000.0000000115189,1000.0000000253951,1000.0000000528265,1000.00000010431,1000.0000001965484,1000.0000003550592,1000.0000006174363,1000.0000010372951,1000.000001688906,1000.0000026724854,1000.0000041200904,1000.000006202032,1000.0000091337039,1000.0000131827,1000.0000186760873,1000.0000260076928,1000.0000356452605,1000.0000481373427,1000.0000641197963,1000.0000843217684,1000.0001095710693,1000.0001407988508
-0.09383999999999999,1000.0,1000.0,1000.0,1000.0,1000.0,1000.0,1000.0,1000.0,1000.0,1000.0,1000.0,1000.0000000000002,1000.0000000000011,1000.0000000000053,1000.0000000000226,1000.0000000000837,1000.0000000002768,1000.0000000008266,1000.0000000022543,1000.0000000056693,1000.0000000132632,1000.000000029088,1000.0000000602141,1000.0000001183583,1000.0000002220767,1000.0000003995912,1000.0000006923084,1000.0000011590535,1000.0000018810174,1000.0000029673814,1000.0000045615536,1000.0000068479236,1000.0000100590212,1000.0000144829431,1000.0000204709069,1000.0000284447791,1000.0000389044319,1000.000052434784,1000.0000697123959,1000.0000915114988,1000.0001187093603,1000.0001522909008
-0.0936,1000.0,1000.0,1000.0,1000.0,1000.0,1000.0,1000.0,1000.0,1000.0,1000.0,1000.0,1000.0000000000002,1000.0000000000014,1000.0000000000065,1000.0000000000271,1000.0000000000996,1000.0000000003266,1000.0000000009687,1000.0000000026247,1000.0000000065612,1000.0000000152638,1000.0000000333015,1000.0000000686019,1000.0000001342368,1000.0000002508085,1000.000000449514,1000.0000007759354,1000.0000012945804,1000.0000020941613,1000.0000032935684,1000.0000050484623,1000.0000075583819,1000.0000110742417,1000.0000159060738,1000.0000224308633,1000.0000311003173,1000.0000424484152,1000.0000570985915,1000.0000757704167,1000.0000992856587,1000.0001285736209,1000.0001646756799
-0.09336,1000.0,1000.0,1000.0,1000.0,1000.0,1000.0,1000.0,1000.0,1000.0,1000.0,1000.0,1000.0000000000003,1000.0000000000017,1000.0000000000078,1000.0000000000324,1000.0000000001182,1000.0000000003852,1000.0000000011346,1000.0000000030543,1000.0000000075894,1000.0000000175571,1000.0000000381061,1000.0000000781206,1000.0000001521747,1000.0000002831308,1000.0000005054552,1000.0000008693004,1000.0000014453695,1000.0000023305442,1000.0000036542241,1000.0000055852886,1000.0000083395701,1000.0000121876973,1000.000017463158,1000.0000245704166,1000.0000339929219,1000.0000463008442,1000.0000621583898,1000.0000823305561,1000.0001076892073,1000.0001392183701,1000.0001780186716
-0.09312,1000.0,1000.0,1000.0,1000.0,1000.0,1000.0,1000.0,1000.0,1000.0,1000.0,1000.0,1000.0000000000003,1000.000000000002,1000.0000000000094,1000.0000000000389,1000.0000000001404,1000.0000000004541,1000.0000000013281,1000.0000000035524,1000.000000008774,1000.0000000201846,1000.0000000435824,1000.0000000889173,1000.0000001724296,1000.0000003194754,1000.0000005681121,1000.0000009734921,1000.0000016130687,1000.0000025925929,1000.0000040528331,1000.0000061769232,1000.0000091982096,1000.0000134084507,1000.0000191662032,1000.000026905222,1000.0000371427028,1000.0000504871987,1000.0000676460552,1000.0000894322255,1000.0001167703433,1000.0001507019566,1000.0001923898448
-0.09287999999999999,1000.0,1000.0,1000.0,1000.0,1000.0,1000.0,1000.0,1000.0,1000.0,1000.0,1000.0000000000001,1000.0000000000005,1000.0000000000025,1000.0000000000114,1000.0000000000464,1000.0000000001667,1000.0000000005349,1000.0000000015536,1000.0000000041292,1000.000000010138,1000.0000000231935,1000.0000000498209,1000.0000001011575,1000.0000001952899,1000.0000003603236,1000.0000006382594,1000.0000010897153,1000.0000017994959,1000.0000028829752,1000.0000044932151,1000.0000068287111,1000.0000101416272,1000.0000147463566,1000.000021028235,1000.0000294522229,1000.0000405713773,1000.0000550349388,1000.000073595875,1000.0000971177392,1000.0001265807233,1000.0001630868082,1000.0002078639387
-0.09264,1000.0,1000.0,1000.0,1000.0,1000.0,1000.0,1000.0,1000.0,1000.0,1000.0,1000.0000000000001,1000.0000000000006,1000.000000000003,1000.0000000000138,1000.0000000000555,1000.0000000001976,1000.0000000006297,1000.0000000018166,1000.0000000047971,1000.0000000117079,1000.000000026637,1000.0000000569239,1000.0000001150273,1000.0000002210782,1000.0000004062124,1000.0000007167572,1000.0000012193028,1000.0000020066551,1000.0000032046236,1000.0000049795551,1000.0000075464926,1000.0000111778069,1000.0000162121257,1000.0000230633768,1000.0000322297498,1000.0000443023904,1000.0000599736487,1000.0000800447159,1000.0001054325102,1000.0001371756889,1000.0001764396943,1000.0002245207612
-0.0924,1000.0,1000.0,1000.0,1000.0,1000.0,1000.0,1000.0,1000.0,1000.0,1000.0,1000.0000000000001,1000.0000000000007,1000.0000000000036,1000.0000000000166,1000.0000000000663,1000.0000000002343,1000.0000000007409,1000.0000000021229,1000.0000000055701,1000.0000000135137,1000.0000000305761,1000.000000065007,1000.0000001307358,1000.0000002501553,1000.0000004577396,1000.00000080456,1000.0000013637285,1000.000002236755,1000.0000035607588,1000.0000055164364,1000.0000083366457,1000.0000123154443,1000.000017817395,1000.000025286937,1000.0000352576257,1000.0000483610419,1000.000065335188,1000.0000870322041,1000.0001144252608,1000.0001486145102,1000.0001908320027,1000.0002424455033
-0.09215999999999999,1000.0,1000.0,1000.0,1000.0,1000.0,1000.0,1000.0,1000.0,1000.0,1000.0,1000.0000000000001,1000.0000000000008,1000.0000000000044,1000.00000000002,1000.0000000000791,1000.0000000002775,1000.0000000008712,1000.0000000024793,1000.0000000064639,1000.0000000155896,1000.0000000350793,1000.000000074201,1000.0000001485178,1000.0000002829249,1000.0000005155712,1000.0000009027266,1000.0000015246213,1000.000002492228,1000.0000039549176,1000.0000061088767,1000.0000092061326,1000.0000135640074,1000.0000195748025,1000.0000277155013,1000.0000385572802,1000.0000527746236,1000.0000711538557,1000.0000946009172,1000.0001241482461,1000.0001609606433,1000.0002063400354,1000.0002617290745
-0.09192,1000.0,1000.0,1000.0,1000.0,1000.0,1000.0,1000.0,1000.0,1000.0,1000.0,1000.0000000000001,1000.000000000001,1000.0000000000053,1000.000000000024,1000.0000000000945,1000.0000000003286,1000.0000000010239,1000.0000000028938,1000.000000007497,1000.0000000179748,1000.0000000402251,1000.0000000846528,1000.0000001686368,1000.0000003198383,1000.0000005804479,1000.0000010124306,1000.0000017037806,1000.0000027757523,1000.0000043909808,1000.0000067623661,1000.0000101625504,1000.0000149337994,1000.0000214980678,1000.0000303670327,1000.0000421518699,1000.0000575725645,1000.0000774665617,1000.0001027965862,1000.0001346574885,1000.000174282,1000.0002230453164,1000.0002824684508
-0.09168,1000.0,1000.0,1000.0,1000.0,1000.0,1000.0,1000.0,1000.0,1000.0,1000.0,1000.0000000000002,1000.0000000000013,1000.0000000000065,1000.0000000000289,1000.0000000001127,1000.0000000003887,1000.0000000012026,1000.0000000033758,1000.0000000086903,1000.0000000207137,1000.0000000461017,1000.0000000965285,1000.0000001913888,1000.0000003613992,1000.0000006531944,1000.0000011349729,1000.000001903193,1000.000003090275,1000.0000048732063,1000.0000074829093,1000.0000112141856,1000.000016436029,1000.0000236020787,1000.0000332609778,1000.0000460664089,1000.000062786587,1000.0000843130124,1000.0001116683129,1000.00014601303,1000.0001886512389,1000.0002410349222,1000.0003047670488
-0.09144,1000.0,1000.0,1000.0,1000.0,1000.0,1000.0,1000.0,1000.0,1000.0,1000.0,1000.0000000000002,1000.0000000000015,1000.0000000000078,1000.0000000000347,1000.0000000001343,1000.0000000004596,1000.0000000014116,1000.0000000039357,1000.0000000100681,1000.0000000238572,1000.0000000528095,1000.0000001100151,1000.0000002171055,1000.0000004081701,1000.000000734727,1000.0000012717938,1000.0000021250512,1000.0000034390378,1000.0000054062624,1000.0000082770714,1000.0000123700719,1000.0000180828846,1000.0000259029841,1000.0000364183815,1000.0000503279068,1000.0000684508718,1000.0000917359062,1000.0001212687984,1000.0001582791973,1000.0002041460682,1000.0002604018274,1000.0003287351152
-0.0912,1000.0,1000.0,1000.0,1000.0,1000.0,1000.0,1000.0,1000.0,1000.0,1000.0,1000.0000000000003,1000.0000000000018,1000.0000000000095,1000.0000000000417,1000.0000000001598,1000.0000000005431,1000.000000001656,1000.000000004586,1000.0000000116578,1000.0000000274629,1000.0000000604616,1000.000000125323,1000.0000002461585,1000.0000004607786,1000.0000008260641,1000.0000014244885,1000.0000023717739,1000.0000038256046,1000.0000059952656,1000.0000091520263,1000.0000136400544,1000.0000198876139,1000.0000284182942,1000.0000398620086,1000.0000549655165,1000.0000746022353,1000.0000997811418,1000.0001316545864,1000.000171524883,1000.0002208495687,1000.0002812452703,1000.0003544901385
-0.09096,1000.0,1000.0,1000.0,1000.0,1000.0,1000.0,1000.0,1000.0,1000.0,1000.0,1000.0000000000003,1000.0000000000023,1000.0000000000115,1000.00000000005,1000.0000000001903,1000.0000000006414,1000.0000000019415,1000.0000000053406,1000.0000000134909,1000.0000000315965,1000.0000000691866,1000.0000001426894,1000.0000002789641,1000.0000005199247,1000.0000009283369,1000.0000015948211,1000.0000026460276,1000.0000042538921,1000.0000066458215,1000.0000101156107,1000.0000150348575,1000.0000218646107,1000.0000311669866,1000.0000436164763,1000.000060010693,1000.0000812803179,1000.0001084980412,1000.0001428863237,1000.0001858238445,1000.0002388505351,1000.0003036711413,1000.0003821572858
-0.09072,1000.0,1000.0,1000.0,1000.0,1000.0,1000.0,1000.0,1000.0,1000.0,1000.0000000000001,1000.0000000000005,1000.0000000000027,1000.0000000000139,1000.00000000006,1000.0000000002264,1000.000000000757,1000.000000002275,1000.0000000062157,1000.0000000156036,1000.0000000363326,1000.0000000791294,1000.0000001623805,1000.0000003159886,1000.0000005863888,1000.0000010428013,1000.0000017847435,1000.0000029507514,1000.0000047282022,1000.0000073640676,1000.0000111763804,1000.0000165661581,1000.0000240295074,1000.0000341696217,1000.000047708392,1000.0000654973611,1000.0000885277839,1000.0001179395833,1000.0001550290305,1000.0002012550178,1000.0002582438339,1000.0003277923859,1000.0004118698549
-0.09048,1000.0,1000.0,1000.0,1000.0,1000.0,1000.0,1000.0,1000.0,1000.0,1000.0000000000001,1000.0000000000006,1000.0000000000034,1000.0000000000168,1000.000000000072,1000.000000000269,1000.0000000008929,1000.0000000026641,1000.00000000723,1000.000000018037,1000.0000000417562,1000.000000090454,1000.000000184696,1000.0000003577534,1000.0000006610396,1000.0000011708503,1000.0000019964127,1000.0000032891824,1000.0000052532578,1000.0000081567221,1000.0000123436731,1000.0000182466658,1000.0000263992739,1000.0000374484658,1000.0000521665048,1000.0000714620958,1000.0000963905355,1000.0001281626566,1000.0001681523945,1000.0002179028539,1000.0002791307863,1000.0003537294381,1000.0004437697611
-0.09024,1000.0,1000.0,1000.0,1000.0,1000.0,1000.0,1000.0,1000.0,1000.0,1000.0000000000001,1000.0000000000007,1000.0000000000041,1000.0000000000203,1000.0000000000862,1000.0000000003196,1000.0000000010525,1000.000000003118,1000.0000000084051,1000.0000000208382,1000.0000000479633,1000.0000001033453,1000.0000002099727,1000.0000004048418,1000.0000007448454,1000.0000013140293,1000.000002232212,1000.0000036648844,1000.000005834242,1000.0000090311346,1000.0000136276749,1000.000020090207,1000.0000289923253,1000.0000410276223,1000.000057021865,1000.0000779443142,1000.0001049179398,1000.0001392283227,1000.0001823310769,1000.0002358576701,1000.0003016195687,1000.0003816106722,1000.0004780080405
-0.09,1000.0,1000.0,1000.0,1000.0,1000.0,1000.0,1000.0,1000.0,1000.0,1000.0000000000001,1000.0000000000009,1000.000000000005,1000.0000000000246,1000.0000000001031,1000.0000000003794,1000.00000000124,1000.0000000036468,1000.0000000097655,1000.000000024061,1000.0000000550633,1000.000000118012,1000.0000002385883,1000.0000004579057,1000.0000008388829,1000.0000014740509,1000.0000024947733,1000.0000040817797,1000.0000064768399,1000.0000099953422,1000.0000150394928,1000.0000221118177,1000.0000318286361,1000.000044933173,1000.0000623079947,1000.0000849864792,1000.0001141630696,1000.0001512021004,1000.0001976450388,1000.0002552160236,1000.0003258256355,1000.0004115728783,1000.0005147453832
-0.08976,1000.0,1000.0,1000.0,1000.0,1000.0,1000.0,1000.0,1000.0,1000.0,1000.0000000000001,1000.0000000000011,1000.0000000000061,1000.0000000000296,1000.0000000001234,1000.0000000004501,1000.0000000014599,1000.000000004263,1000.0000000113394,1000.0000000277666,1000.0000000631801,1000.00000013469,1000.0000002709671,1000.0000005176731,1000.0000009443501,1000.0000016528124,1000.0000027870016,1000.0000045441823,1000.0000071872846,1000.0000110581298,1000.0000165912328,1000.0000243278417,1000.0000349298637,1000.0000491933292,1000.0000680610709,1000.0000926343191,1000.0001241829619,1000.0001641542643,1000.0002141798881,1000.0002760811085,1000.0003518721695,1000.0004437617685,1000.0005541526965
-0.08952,1000.0,1000.0,1000.0,1000.0,1000.0,1000.0,1000.0,1000.0,1000.0,1000.0000000000002,1000.0000000000014,1000.0000000000075,1000.0000000000357,1000.0000000001475,1000.0000000005336,1000.0000000017177,1000.0000000049802,1000.0000000131593,1000.0000000320249,1000.0000000724541,1000.0000001536445,1000.0000003075849,1000.0000005849572,1000.0000010625789,1000.000001852415,1000.0000031121016,1000.000005056835,1000.0000079724066,1000.0000122290951,1000.0000182960832,1000.0000267560372,1000.0000383194795,1000.0000538385929,1000.0000743201197,1000.0001009370563,1000.0001350388881,1000.0001781601608,1000.0002320272414,1000.0002985631681,1000.0003798905478,1000.0004783324989,1000.0005964116871
-0.08928,1000.0,1000.0,1000.0,1000.0,1000.0,1000.0,1000.0,1000.0,1000.0,1000.0000000000002,1000.0000000000016,1000.0000000000091,1000.0000000000431,1000.0000000001761,1000.0000000006323,1000.0000000020199,1000.0000000058145,1000.0000000152623,1000.0000000369154,1000.0000000830441,1000.0000001751746,1000.0000003489749,1000.000000660665,1000.0000011950489,1000.0000020751838,1000.0000034736072,1000.0000056249496,1000.0000088396876,1000.0000135187196,1000.000020168406,1000.0000294156905,1000.0000420229114,1000.0000589019295,1000.0000811272243,1000.0001099476575,1000.0001467966457,1000.0001933005465,1000.0002512851142,1000.00032277994,1000.000410020844,1000.0005154502334,1000.0006417154856
-0.08904,1000.0,1000.0,1000.0,1000.0,1000.0,1000.0,1000.0,1000.0,1000.0,1000.0000000000003,1000.000000000002,1000.000000000011,1000.0000000000518,1000.0000000002103,1000.0000000007489,1000.0000000023737,1000.0000000067846,1000.0000000176913,1000.0000000425288,1000.0000000951303,1000.000000199617,1000.0000003957347,1000.0000007458083,1000.0000013434034,1000.000002323691,1000.0000038754127,1000.0000062542504,1000.0000097973191,1000.0000149384442,1000.0000222238338,1000.000032327739,1000.0000460676949,1000.0000644189524,1000.0000885277465,1000.0001197230937,1000.0001595268652,1000.0002096619435,1000.0002720583279,1000.0003488571175,1000.0004424123492,1000.0005552907243,1000.0006902692938
-0.08879999999999999,1000.0,1000.0,1000.0,1000.0,1000.0,1000.0,1000.0,1000.0,1000.0,1000.0000000000003,1000.0000000000025,1000.0000000000134,1000.0000000000624,1000.0000000002509,1000.0000000008862,1000.0000000027877,1000.0000000079117,1000.0000000204947,1000.0000000489681,1000.0000001089163,1000.0000002273507,1000.0000004485332,1000.0000008415147,1000.0000015094663,1000.0000026007799,1000.0000043218087,1000.0000069510219,1000.0000108542649,1000.0000165007518,1000.0000244793749,1000.0000355149024,1000.0000504836348,1000.0000704281199,1000.0000965705626,1000.0001303246207,1000.0001733053361,1000.0002273370163,1000.0002944589418,1000.0003769288403,1000.000477224123,1000.0005980409285,1000.0007422910651
-0.08856,1000.0,1000.0,1000.0,1000.0,1000.0,1000.0,1000.0,1000.0,1000.0000000000001,1000.0000000000005,1000.000000000003,1000.0000000000163,1000.000000000075,1000.0000000002991,1000.0000000010481,1000.000000003272,1000.0000000092205,1000.0000000237286,1000.0000000563507,1000.0000001246323,1000.0000002588018,1000.0000005081193,1000.0000009490406,1000.0000016952611,1000.0000029095931,1000.0000048175184,1000.0000077221597,1000.0000120203304,1000.000018219256,1000.0000269535268,1000.0000390018246,1000.0000553029802,1000.0000769709462,1000.0001053083157,1000.000141818076,1000.0001882133544,1000.0002464249736,1000.0003186067115,1000.0004071382142,1000.0005146255772,1000.0006438996578,1000.0007980122242
-0.08832,1000.0,1000.0,1000.0,1000.0,1000.0,1000.0,1000.0,1000.0,1000.0000000000001,1000.0000000000006,1000.0000000000036,1000.0000000000198,1000.0000000000902,1000.0000000003564,1000.0000000012387,1000.000000003838,1000.0000000107392,1000.0000000274566,1000.0000000648096,1000.0000001425382,1000.0000002944493,1000.0000005753302,1000.0000010697844,1000.000001903031,1000.0000032536012,1000.0000053677401,1000.0000085752268,1000.0000133062352,1000.0000201087967,1000.0000296663967,1000.0000428152239,1000.0000605606085,1000.0000840922247,1000.0001147976814,1000.0001542741925,1000.0002043380864,1000.0002670319866,1000.0003446295669,1000.00043963785,1000.0005547970801,1000.00069307825,1000.0008576784086
-0.08807999999999999,1000.0,1000.0,1000.0,1000.0,1000.0,1000.0,1000.0,1000.0,1000.0000000000001,1000.0000000000007,1000.0000000000045,1000.000000000024,1000.0000000001083,1000.0000000004244,1000.0000000014631,1000.000000004499,1000.0000000125005,1000.0000000317517,1000.000000074496,1000.0000001629279,1000.0000003348307,1000.0000006511019,1000.0000012053027,1000.0000021352624,1000.0000036366353,1000.0000059781913,1000.0000095185145,1000.0000147236943,1000.0000221855428,1000.0000326398325,1000.0000469840567,1000.0000662942259,1000.0000918402687,1000.0001250996548,1000.0001677689345,1000.0002217729609,1000.0002892716399,1000.0003726641249,1000.0004745904436,1000.0005979306054,1000.0007458012906,1000.000921550264
-0.08784,1000.0,1000.0,1000.0,1000.0,1000.0,1000.0,1000.0,1000.0,1000.0000000000001,1000.0000000000009,1000.0000000000056,1000.000000000029,1000.00000000013,1000.0000000005051,1000.000000001727,1000.0000000052706,1000.000000014542,1000.0000000366972,1000.0000000855819,1000.0000001861326,1000.0000003805503,1000.00000073648,1000.0000013573267,1000.0000023947086,1000.0000040629222,1000.000006655158,1000.0000105611069,1000.0000162855038,1000.0000244671041,1000.0000358975636,1000.0000515396905,1000.0000725445782,1000.0001002671661,1000.0001362798527,1000.0001823838528,1000.0002406180793,1000.0003132654022,1000.0004028562244,1000.0005121693771,1000.000644230404,1000.0008023073566,1000.0009899042635
-0.0876,1000.0,1000.0,1000.0,1000.0,1000.0,1000.0,1000.0,1000.0,1000.0000000000001,1000.0000000000011,1000.0000000000067,1000.0000000000351,1000.0000000001559,1000.0000000006006,1000.0000000020373,1000.0000000061707,1000.0000000169065,1000.0000000423881,1000.0000000982617,1000.0000002125262,1000.0000004322853,1000.0000008326323,1000.0000015277805,1000.0000026844181,1000.0000045371237,1000.0000074055474,1000.0000117129536,1000.0000180056338,1000.000026972651,1000.0000394653505,1000.0000565160909,1000.0000793556784,1000.0001094290516,1000.0001484088348,1000.0001982064609,1000.0002609806513,1000.000339143125,1000.000435361492,1000.0005525593555,1000.0006939137135,1000.0008628498025,1000.0010630335706
-0.08736,1000.0,1000.0,1000.0,1000.0,1000.0,1000.0,1000.0,1000.0,1000.0000000000002,1000.0000000000014,1000.0000000000082,1000.0000000000425,1000.0000000001869,1000.0000000007138,1000.0000000024017,1000.00000000722,1000.0000000196435,1000.0000000489327,1000.0000001127562,1000.00000024253,1000.0000004907956,1000.0000009408615,1000.0000017188019,1000.0000030077632,1000.0000050643775,1000.0000082369457,1000.0000129849456,1000.0000198993304,1000.0000297230422,1000.0000433711475,1000.0000619500206,1000.000086775049,1000.0001193863972,1000.000161562449,1000.0002153306367,1000.0002829754585,1000.0003670435725,1000.0004703459418,1000.0005959570801,1000.000747211508,1000.0009276975888,1000.0011412489489
-0.08712,1000.0,1000.0,1000.0,1000.0,1000.0,1000.0,1000.0,1000.0,1000.0000000000002,1000.0000000000017,1000.00000000001,1000.0000000000514,1000.0000000002238,1000.0000000008478,1000.0000000028294,1000.0000000084423,1000.0000000228098,1000.0000000564547,1000.0000001293155,1000.0000002766184,1000.0000005569322,1000.0000010626204,1000.0000019327645,1000.0000033684737,1000.0000056503437,1000.0000091576804,1000.0000143889991,1000.0000219832225,1000.0000327409645,1000.000047645275,1000.0000678812521,1000.0000948539791,1000.000130204319,1000.0001758221906,1000.0002338570418,1000.0003067253381,1000.0003971149729,1000.0005079865982,1000.0006425719449,1000.0008043692723,1000.0009971361344,1000.0012248796954
-0.08688,1000.0,1000.0,1000.0,1000.0,1000.0,1000.0,1000.0,1000.0,1000.0000000000002,1000.000000000002,1000.0000000000123,1000.000000000062,1000.000000000268,1000.0000000010061,1000.0000000033313,1000.0000000098654,1000.0000000264703,1000.0000000650946,1000.0000001482224,1000.0000003153256,1000.0000006316485,1000.0000011995289,1000.0000021723025,1000.0000037706715,1000.0000063012545,1000.000010176889,1000.0000159381462,1000.0000242754409,1000.000036051081,1000.0000523206062,1000.0000743527971,1000.0001036478013,1000.0001419529075,1000.0001912755926,1000.0002538935751,1000.0003323617029,1000.0004295156109,1000.0005484721639,1000.0006926267849,1000.0008656478315,1000.0010714682325,1000.0013142746425
-0.08664,1000.0,1000.0,1000.0,1000.0,1000.0,1000.0,1000.0,1000.0,1000.0000000000003,1000.0000000000025,1000.0000000000149,1000.0000000000748,1000.0000000003206,1000.0000000011933,1000.0000000039195,1000.0000000115211,1000.0000000306993,1000.0000000750124,1000.0000001697972,1000.0000003592526,1000.0000007160115,1000.0000013533912,1000.0000024403377,1000.00000421891,1000.0000070239685,1000.0000113045918,1000.0000176466319,1000.000026795743,1000.0000396801914,1000.0000574327661,1000.0000814111493,1000.0001132161852,1000.0001547075752,1000.0002080166331,1000.0002755558447,1000.0003600250847,1000.0004644144442,1000.0005920037142,1000.0007463586504,1000.0009313242086,1000.0011510149916,1000.0014098031862
-0.0864,1000.0,1000.0,1000.0,1000.0,1000.0,1000.0,1000.0,1000.0,1000.0000000000005,1000.0000000000031,1000.0000000000182,1000.0000000000903,1000.0000000003832,1000.0000000014144,1000.0000000046085,1000.0000000134462,1000.0000000355824,1000.0000000863904,1000.0000001944018,1000.0000004090749,1000.000000811215,1000.0000015262159,1000.0000027401087,1000.0000047182166,1000.0000078260297,1000.0000125517726,1000.0000195300198,1000.0000295656495,1000.0000436574039,1000.0000630203443,1000.0000891065447,1000.0001236234496,1000.0001685494288,1000.0002261461701,1000.0002989676718,1000.0003898657094,1000.0005019917561,1000.0006387954302,1000.0008040196236,1000.0010016925278,1000.0012361168282,1000.0015118563671
-0.08616,1000.0,1000.0,1000.0,1000.0,1000.0,1000.0,1000.0,1000.0000000000001,1000.0000000000006,1000.0000000000038,1000.0000000000222,1000.0000000001089,1000.0000000004578,1000.0000000016753,1000.0000000054152,1000.000000015683,1000.0000000412169,1000.0000000994355,1000.0000002224454,1000.0000004655521,1000.0000009185935,1000.0000017202383,1000.0000030752041,1000.0000052741389,1000.000008715732,1000.0000139304648,1000.0000216053057,1000.0000326085911,1000.0000480143201,1000.000069125125,1000.0000974932411,1000.0001349388978,1000.000183565664,1000.0002457724042,1000.0003242616245,1000.0004220441082,1000.000542439847,1000.0006890753746,1000.0008658776823,1000.0010770649675,1000.0013271345105,1000.0016208480084
-0.08592,1000.0,1000.0,1000.0,1000.0,1000.0,1000.0,1000.0,1000.0000000000001,1000.0000000000007,1000.0000000000047,1000.000000000027,1000.0000000001311,1000.0000000005466,1000.0000000019829,1000.0000000063591,1000.0000000182803,1000.0000000477145,1000.0000001143829,1000.0000002543894,1000.0000005295367,1000.0000010396377,1000.0000019379441,1000.0000034495969,1000.0000058927951,1000.0000097021887,1000.0000154538454,1000.0000238910411,1000.0000359500654,1000.000052785232,1000.0000757923287,1000.0001066298123,1000.0001472371696,1000.0001998499815,1000.0002670113624,1000.000351579576,1000.000456731753,1000.0005859637521,1000.0007430862937,1000.0009322175894,1000.0011577727396,1000.0014244502297,1000.0017372158784
-0.08568,1000.0,1000.0,1000.0,1000.0,1000.0,1000.0,1000.0,1000.0000000000001,1000.0000000000008,1000.0000000000057,1000.0000000000327,1000.0000000001579,1000.000000000652,1000.0000000023456,1000.0000000074624,1000.0000000212943,1000.0000000552026,1000.0000001314995,1000.0000002907555,1000.0000006019854,1000.0000011760127,1000.0000021820964,1000.0000038676848,1000.0000065809301,1000.0000107954089,1000.0000171363367,1000.0000264074652,1000.0000396178065,1000.0000580073355,1000.0000830708763,1000.000116579467,1000.0001605986218,1000.0002175030354,1000.00028998742,1000.0003810733032,1000.0004941117397,1000.0006327820109,1000.0008010864792,1000.0010033418486,1000.0012441671417,1000.0015284687502,1000.0018614229397
-0.08544,1000.0,1000.0,1000.0,1000.0,1000.0,1000.0,1000.0,1000.0000000000001,1000.000000000001,1000.000000000007,1000.0000000000398,1000.0000000001899,1000.0000000007773,1000.0000000027727,1000.0000000087516,1000.0000000247895,1000.0000000638265,1000.0000001510881,1000.000000332131,1000.0000006839716,1000.0000013295763,1000.0000024557642,1000.0000043343316,1000.0000073459742,1000.0000120063793,1000.0000189937159,1000.0000291766481,1000.0000436419676,1000.0000637209571,1000.0000910136661,1000.0001274103844,1000.0001751097284,1000.0002366329026,1000.0003148338451,1000.0004129051134,1000.0005343794974,1000.0006831274666,1000.0008633506582,1000.0010795716889,1000.0013366206383,1000.0016396185873,1000.0019939586255
-0.0852,1000.0,1000.0,1000.0,1000.0,1000.0,1000.0,1000.0,1000.0000000000001,1000.0000000000013,1000.0000000000086,1000.0000000000483,1000.0000000002283,1000.0000000009261,1000.0000000032754,1000.0000000102566,1000.0000000288401,1000.0000000737525,1000.000000173492,1000.0000003791783,1000.0000007766984,1000.0000015024009,1000.0000027623546,1000.0000048549144,1000.0000081961097,1000.0000133471539,1000.0000210432338,1000.0000322226452,1000.0000480553165,1000.0000699697979,1000.0000996778739,1000.0001391960747,1000.0001908635071,1000.0002573555831,1000.0003416933781,1000.000447248507,1000.000577743541,1000.0007372481098,1000.000930170933,1000.0011612481028,1000.0014355279976,1000.001758353246,1000.0021353401793
-0.08496000000000001,1000.0,1000.0,1000.0,1000.0,1000.0,1000.0,1000.0,1000.0000000000002,1000.0000000000016,1000.0000000000106,1000.0000000000585,1000.0000000002742,1000.0000000011025,1000.0000000038666,1000.0000000120127,1000.0000000335311,1000.0000000851699,1000.0000001991001,1000.0000004326437,1000.0000008815131,1000.0000016967964,1000.0000031056486,1000.0000054353745,1000.000009140342,1000.0000148309506,1000.0000233037433,1000.0000355716627,1000.0000528934454,1000.0000768011952,1000.0001091252711,1000.0001520157621,1000.0002079599748,1000.0002797955328,1000.0003707188473,1000.0004842888807,1000.000624426267,1000.0007954079713,1000.0010018577739,1000.00124873294,1000.0015413074902,1000.0018851525243,1000.0022861140634
-0.08471999999999999,1000.0,1000.0,1000.0,1000.0,1000.0,1000.0,1000.0,1000.0000000000002,1000.0000000000019,1000.000000000013,1000.0000000000709,1000.0000000003292,1000.0000000013116,1000.0000000045613,1000.0000000140601,1000.0000000389605,1000.0000000982941,1000.0000002283529,1000.0000004933667,1000.0000009999246,1000.000001915336,1000.0000034898385,1000.0000060822723,1000.0000101885762,1000.0000164722564,1000.0000257958378,1000.0000392522361,1000.0000581949963,1000.0000842664002,1000.0001194225637,1000.0001659547906,1000.0002265066258,1000.0003040862205,1000.0004020738102,1000.000524224259,1000.0006746647784,1000.0008578880442,1000.0010787410405,1000.001342410032,1000.0016544021165,1000.0020205238434,1000.0024468573919
-0.08448,1000.0,1000.0,1000.0,1000.0,1000.0,1000.0,1000.0,1000.0000000000003,1000.0000000000024,1000.0000000000158,1000.000000000086,1000.000000000395,1000.0000000015594,1000.0000000053774,1000.0000000164457,1000.0000000452402,1000.0000001133711,1000.0000002617485,1000.0000005622917,1000.000001133621,1000.0000021608845,1000.0000039195712,1000.0000068028487,1000.0000113517027,1000.0000182869417,1000.000028542001,1000.0000432954232,1000.0000640019038,1000.0000924208787,1000.0001306417558,1000.0001811050599,1000.0002466189462,1000.0003303707272,1000.0004359332439,1000.0005672660805,1000.0007287117713,1000.0009249872742,1000.0011611710794,1000.0014426863981,1000.0017752809231,1000.002165003676,1000.0026181794708
-0.08424,1000.0,1000.0,1000.0,1000.0,1000.0,1000.0,1000.0,1000.0000000000003,1000.000000000003,1000.0000000000193,1000.000000000104,1000.0000000004735,1000.0000000018526,1000.0000000063351,1000.0000000192234,1000.0000000524984,1000.0000001306803,1000.0000002998502,1000.0000006404807,1000.0000012844897,1000.0000024366299,1000.0000043999935,1000.0000076050909,1000.0000126416879,1000.0000202923817,1000.0000315667678,1000.0000477350096,1000.0000703596528,1000.0001013246285,1000.0001428605367,1000.0001975654848,1000.0002684209543,1000.0003588023734,1000.0004724842651,1000.000613640014,1000.0007868364524,1000.0009970235826,1000.0012495198545,1000.0015499934852,1000.0019044403516,1000.0023191590049,1000.002800723365
-0.08399999999999999,1000.0,1000.0,1000.0,1000.0,1000.0,1000.0,1000.0,1000.0000000000005,1000.0000000000036,1000.0000000000236,1000.0000000001259,1000.0000000005672,1000.0000000021995,1000.0000000074583,1000.0000000224554,1000.0000000608824,1000.0000001505393,1000.0000003432948,1000.0000007291266,1000.0000014546399,1000.0000027461168,1000.0000049368035,1000.0000084978044,1000.0000140716736,1000.0000225075916,1000.0000348968987,1000.0000526077318,1000.0000773175577,1000.0001110425216,1000.0001561626915,1000.0002154424852,1000.0002920457754,1000.0003895453855,1000.0005119268918,1000.0006635868236,1000.0008493255101,1000.0010743349452,1000.0013441821368,1000.0016647884698,1000.0020424056557,1000.0024835888527,1000.0029951675409
-0.08376,1000.0,1000.0,1000.0,1000.0,1000.0,1000.0,1000.0000000000001,1000.0000000000006,1000.0000000000045,1000.0000000000288,1000.000000000152,1000.0000000006789,1000.0000000026095,1000.0000000087746,1000.0000000262135,1000.0000000705601,1000.0000001733097,1000.0000003928009,1000.0000008295685,1000.0000016464273,1000.0000030932853,1000.0000055363056,1000.0000094906917,1000.0000156560852,1000.0000249533691,1000.0000385615672,1000.0000579535154,1000.0000849290597,1000.0001216446686,1000.0001706385416,1000.0002348505092,1000.0003176362537,1000.0004227756023,1000.0005544748532,1000.0007173632833,1000.0009164841387,1000.0011572805311,1000.0014455767596,1000.0017875556307,1000.0021897323909,1000.00265892589,1000.0032022275911
-0.08352,1000.0,1000.0,1000.0,1000.0,1000.0,1000.0,1000.0000000000001,1000.0000000000007,1000.0000000000056,1000.0000000000351,1000.0000000001836,1000.0000000008122,1000.0000000030938,1000.0000000103163,1000.0000000305803,1000.0000000817238,1000.0000001994011,1000.0000004491798,1000.000000943309,1000.0000018624809,1000.0000034825113,1000.0000062054712,1000.000010594438,1000.0000174107483,1000.000027652451,1000.0000425925607,1000.0000638157301,1000.0000932520433,1000.0001332068061,1000.000186385409,1000.0002559125805,1000.0003453455922,1000.0004586812134,1000.0006003564292,1000.0007752431248,1000.0009886370979,1000.001246241875,1000.0015541479058,1000.0019188077528,1000.0023470079334,1000.002845838069,1000.0034226579803
-0.08327999999999999,1000.0,1000.0,1000.0,1000.0,1000.0,1000.0,1000.0000000000001,1000.0000000000009,1000.0000000000069,1000.0000000000429,1000.0000000002216,1000.0000000009708,1000.0000000036653,1000.0000000121206,1000.0000000356509,1000.0000000945934,1000.0000002292792,1000.0000005133461,1000.0000010720332,1000.0000021057333,1000.0000039186523,1000.0000069520049,1000.0000118208037,1000.000019353016,1000.00003062968,1000.0000470244993,1000.0000702414659,1000.0001023491792,1000.0001458107128,1000.0002035081159,1000.0002787608903,1000.0003753380412,1000.000497463552,1000.0006498153541,1000.0008375180556,1000.0010661298492,1000.001341624136,1000.00167036649,1000.0020590876327,1000.0025148531123,1000.003045030379,1000.0036572539246
-0.08304,1000.0,1000.0,1000.0,1000.0,1000.0,1000.0,1000.0000000000001,1000.0000000000011,1000.0000000000084,1000.0000000000522,1000.0000000002672,1000.0000000011596,1000.0000000043394,1000.0000000142306,1000.0000000415349,1000.0000001094195,1000.0000002634715,1000.0000005863308,1000.0000012176289,1000.0000023794533,1000.0000044070977,1000.0000077844164,1000.0000131827261,1000.0000215019056,1000.0000339121874,1000.0000518950678,1000.0000772818271,1000.0001122882874,1000.0001595446504,1000.0002221195109,1000.0003035374165,1000.0004077896187,1000.0005393379209,1000.0007031117543,1000.0009044988129,1000.0011493297294,1000.0014438573916,1000.0017947315761,1000.002208969621,1000.0026939238726,1000.0032572466312,1000.0039068532938
-0.0828,1000.0,1000.0,1000.0,1000.0,1000.0,1000.0,1000.0000000000001,1000.0000000000014,1000.0000000000105,1000.0000000000634,1000.000000000322,1000.0000000013843,1000.0000000051339,1000.0000000166967,1000.0000000483578,1000.0000001264883,1000.0000003025763,1000.0000006692949,1000.0000013822104,1000.0000026872831,1000.0000049538227,1000.0000087121002,1000.0000146944288,1000.0000238782476,1000.0000375295875,1000.000057245268,1000.000084992247,1000.0001231427251,1000.0001745038352,1000.000242341031,1000.0003303945829,1000.0004428888745,1000.000584534469,1000.000760523141,1000.0009765162768,1000.0012386271876,1000.0015533980019,1000.0019277718679,1000.0023690612395,1000.0028849130201,1000.0034832713279,1000.0041723386036
-0.08256,1000.0,1000.0,1000.0,1000.0,1000.0,1000.0,1000.0000000000002,1000.0000000000017,1000.0000000000128,1000.0000000000772,1000.0000000003876,1000.0000000016511,1000.0000000060695,1000.0000000195766,1000.0000000562642,1000.0000001461262,1000.0000003472707,1000.0000007635449,1000.000001568144,1000.0000030332773,1000.0000055654488,1000.0000097454208,1000.0000163715423,1000.0000265048465,1000.0000415141895,1000.0000631196883,1000.0000934328278,1000.000134991805,1000.0001907909408,1000.0002643032997,1000.0003594959613,1000.0004808377025,1000.0006332991188,1000.0008223454597,1000.0010539226461,1000.00133443709,1000.0016707300454,1000.0020700472784,1000.0025400048822,1000.0030885520536,1000.003723931625,1000.0044546391039
-0.08232,1000.0,1000.0,1000.0,1000.0,1000.0,1000.0,1000.0000000000002,1000.0000000000022,1000.0000000000157,1000.0000000000938,1000.0000000004663,1000.000000001968,1000.0000000071707,1000.0000000229377,1000.0000000654198,1000.0000001687047,1000.0000003983208,1000.0000008705506,1000.0000017780759,1000.0000034219477,1000.0000062493087,1000.0000108958067,1000.0000182312317,1000.0000294066546,1000.0000459012234,1000.0000695667928,1000.0001026687005,1000.0001479212344,1000.000208516629,1000.0002881467555,1000.0003910170057,1000.0005218521866,1000.000685894532,1000.0008888941786,1000.0011370926528,1000.0014372000637,1000.0017963667923,1000.0022221505317,1000.002722479548,1000.0033056130242,1000.0039800993146,1000.0047547328834
-0.08208,1000.0,1000.0,1000.0,1000.0,1000.0,1000.0,1000.0000000000003,1000.0000000000027,1000.0000000000193,1000.0000000001139,1000.0000000005608,1000.0000000023441,1000.0000000084656,1000.0000000268573,1000.0000000760147,1000.0000001946469,1000.0000004565936,1000.0000009919637,1000.0000020149644,1000.0000038583113,1000.0000070135185,1000.0000121758525,1000.0000202923388,1000.0000326109599,1000.0000507290857,1000.0000766392334,1000.0001127704131,1000.0001620235921,1000.0002278001208,1000.0003140223283,1000.0004251458406,1000.0005661635106,1000.0007426011446,1000.0009605054546,1000.0012264248642,1000.001547383936,1000.0019308522847,1000.002384708885,1000.0029172027006,1000.0035369105345,1000.0042526929608,1000.0050736491362
-0.08184,1000.0,1000.0,1000.0,1000.0,1000.0,1000.0,1000.0000000000003,1000.0000000000033,1000.0000000000236,1000.0000000001382,1000.0000000006737,1000.00000000279,1000.0000000099873,1000.0000000314251,1000.0000000882667,1000.0000002244342,1000.0000005230684,1000.0000011296397,1000.0000022821132,1000.000004347944,1000.0000078670558,1000.0000135994301,1000.0000225755343,1000.0000361475891,1000.0000560396023,1000.0000843941823,1000.000123814345,1000.0001773988307,1000.0002487697991,1000.0003420921495,1000.0004620840878,1000.0006140189058,1000.0008037182424,1000.0010375373425,1000.0013223430265,1000.0016654852171,1000.0020747629561,1000.0025583858853,1000.0031249321637,1000.0037833037668,1000.0045426800573,1000.0054124704469
-0.0816,1000.0,1000.0,1000.0,1000.0,1000.0,1000.0,1000.0000000000005,1000.0000000000041,1000.000000000029,1000.0000000001676,1000.0000000008089,1000.0000000033183,1000.0000000117742,1000.0000000367445,1000.0000001024254,1000.0000002586139,1000.0000005988512,1000.0000012856611,1000.0000025832107,1000.0000048970383,1000.0000088198453,1000.0000151818095,1000.0000251034821,1000.0000400491264,1000.000061878311,1000.0000928936903,1000.0001358831479,1000.0001941548138,1000.00027156385,1000.0003725303065,1000.0005020477415,1000.0006656826554,1000.0008695650996,1000.0011203710699,1000.0014252974818,1000.0017920306584,1000.0022287093351,1000.002743883216,1000.0033464681065,1000.0040456986071,1000.0048510792868,1000.0057723351789
-0.08136,1000.0,1000.0,1000.0,1000.0,1000.0,1000.0,1000.0000000000006,1000.0000000000051,1000.0000000000355,1000.000000000203,1000.0000000009704,1000.0000000039438,1000.000000013871,1000.0000000429347,1000.0000001187759,1000.0000002978076,1000.0000006851901,1000.0000014623641,1000.0000029223716,1000.0000055124679,1000.0000098828526,1000.0000169397904,1000.0000279010189,1000.0000443511502,1000.000068294767,1000.00010220507,1000.000149066221,1000.0002124078907,1000.0002963309472,1000.0004055236465,1000.000545268099,1000.0007214371573,1000.0009404821807,1000.0012094123839,1000.0015357666609,1000.0019275788947,1000.0023933378344,1000.0029419426339,1000.0035826551285,1000.0043250498729,1000.0051789628874,1000.0061544399748
-0.08112,1000.0,1000.0,1000.0,1000.0,1000.0,1000.0000000000001,1000.0000000000007,1000.0000000000063,1000.0000000000434,1000.0000000002458,1000.0000000011634,1000.0000000046838,1000.0000000163297,1000.0000000501333,1000.0000001376449,1000.0000003427208,1000.0000007834927,1000.0000016623678,1000.0000033041829,1000.0000062018578,1000.0000110681856,1000.0000188918442,1000.000030995347,1000.0000490924871,1000.0000753428681,1000.0001124013048,1000.0001634602116,1000.0002322835007,1000.0003232309705,1000.0004412726162,1000.00059199273,1000.0007815840307,1000.0010168323871,1000.0013050929414,1000.0016542586195,1000.0020727221265,1000.0025693325802,1000.0031533479425,1000.0038343843727,1000.0046223635629,1000.005527459034,1000.0065600422643
-0.08088000000000001,1000.0,1000.0,1000.0,1000.0,1000.0,1000.0000000000001,1000.0000000000009,1000.0000000000077,1000.0000000000531,1000.0000000002974,1000.0000000013937,1000.0000000055586,1000.0000000192106,1000.0000000584984,1000.0000001594049,1000.0000003941543,1000.0000008953456,1000.0000018886057,1000.0000037337555,1000.000006973661,1000.0000123892061,1000.0000210582701,1000.0000344162438,1000.0000543154865,1000.0000830812071,1000.0001235614892,1000.000179169557,1000.0002539168266,1000.0003524357787,1000.0004799921657,1000.000642486518,1000.0008464453012,1000.0010990023931,1000.0014078717984,1000.0017813126847,1000.0022280879241,1000.0027574173736,1000.0033789271097,1000.0041025957962,1000.0049386992779,1000.0058977544038,1000.0069904629682
-0.08063999999999999,1000.0,1000.0,1000.0,1000.0,1000.0,1000.0000000000001,1000.0000000000011,1000.0000000000095,1000.0000000000648,1000.0000000003596,1000.0000000016682,1000.0000000065921,1000.0000000225835,1000.0000000682122,1000.0000001844819,1000.0000004530152,1000.0000010225351,1000.0000021443624,1000.0000042167803,1000.0000078372433,1000.0000138606512,1000.0000234613625,1000.0000381962878,1000.000060066316,1000.0000915734474,1000.0001357712976,1000.000196307056,1000.0002774534801,1000.0003841300213,1000.0005219126922,1000.0006970327457,1000.000916364633,1000.0011874040283,1000.0015182369478,1000.0019175011473,1000.0023943410763,1000.002958357693,1000.0036195544213,1000.004388280473,1000.0052751726654,1000.0062910967581,1000.0074470892112
-0.0804,1000.0,1000.0,1000.0,1000.0,1000.0,1000.0000000000001,1000.0000000000015,1000.0000000000118,1000.0000000000791,1000.0000000004344,1000.0000000019955,1000.000000007812,1000.0000000265298,1000.0000000794839,1000.0000002133613,1000.0000005203317,1000.0000011670719,1000.0000024333123,1000.0000047595897,1000.0000088029747,1000.0000154987647,1000.0000261255932,1000.0000423711023,1000.0000663952793,1000.0001008887274,1000.0001491234856,1000.0002149944809,1000.0003030502348,1000.000418512001,1000.0005672810435,1000.0007559342439,1000.0009917086305,1000.0012824757374,1000.0016367069379,1000.0020634310428,1000.0025721855314,1000.0031729627956,1000.0038761527392,1000.004692483003,1000.0056329579764,1000.0067087976402,1000.0079313771531
-0.08016000000000001,1000.0,1000.0,1000.0,1000.0,1000.0,1000.0000000000001,1000.0000000000018,1000.0000000000146,1000.0000000000965,1000.0000000005243,1000.0000000023851,1000.0000000092508,1000.0000000311435,1000.0000000925544,1000.000000246597,1000.0000005972671,1000.0000013312172,1000.0000027595637,1000.0000053692255,1000.0000098823308,1000.0000173214414,1000.0000290778098,1000.0000469796196,1000.000073357158,1000.0001111020932,1000.0001637184286,1000.0002353632311,1000.0003308758069,1000.0004557945916,1000.00061636158,1000.0008195146082,1000.0010728682151,1000.0013846841196,1000.0017638325787,1000.0022197460241,1000.0027623664378,1000.0034020879218,1000.0041496958681,1000.0050163040374,1000.0060132907427,1000.0071522351976,1000.00844485495
-0.07991999999999999,1000.0,1000.0,1000.0,1000.0,1000.0,1000.0000000000002,1000.0000000000022,1000.000000000018,1000.0000000001176,1000.0000000006326,1000.0000000028489,1000.0000000109467,1000.0000000365335,1000.0000001076995,1000.0000002848194,1000.0000006851374,1000.0000015175121,1000.0000031277068,1000.0000060535135,1000.0000110880026,1000.0000193483827,1000.0000323474486,1000.000052064364,1000.0000810115785,1000.0001222949605,1000.0001796646895,1000.0002575550216,1000.0003611116741,1000.0004962061981,1000.0006694372854,1000.0008881194644,1000.0011602600497,1000.0014945255174,1000.0019001986963,1000.0023871282817,1000.0029656722263,1000.003646636539,1000.0044412109542,1000.0053609028259,1000.0064174704668,1000.0076228570083,1000.008989125706
-0.07968,1000.0,1000.0,1000.0,1000.0,1000.0,1000.0000000000002,1000.0000000000027,1000.0000000000222,1000.0000000001432,1000.0000000007624,1000.0000000034,1000.0000000129439,1000.0000000428257,1000.0000001252363,1000.0000003287465,1000.0000007854301,1000.000001728811,1000.0000035428666,1000.0000068211455,1000.0000124340166,1000.0000216012666,1000.000035966767,1000.0000576717594,1000.0000894234066,1000.0001345556133,1000.0001970796344,1000.0002817226252,1000.0003939529582,1000.0005399917884,1000.0007268109557,1000.0009621178236,1000.0012543280661,1000.0016125277189,1000.0020464260112,1000.002566300599,1000.0031829368434,1000.0039075627468,1000.0047517810602,1000.0057274999571,1000.0068468635202,1000.0081221831283,1000.009565870665
-0.07944,1000.0,1000.0,1000.0,1000.0,1000.0,1000.0000000000003,1000.0000000000034,1000.0000000000272,1000.0000000001743,1000.0000000009182,1000.0000000040549,1000.0000000152944,1000.0000000501658,1000.0000001455276,1000.0000003791948,1000.0000008998253,1000.0000019683167,1000.0000040107619,1000.0000076817685,1000.0000139358664,1000.0000241039319,1000.0000399710933,1000.0000638524582,1000.0000986631717,1000.0001479797326,1000.0002160900804,1000.0003080306552,1000.0004296093504,1000.000587413972,1000.0007888064403,1000.0010419034909,1000.0013555450453,1000.0017392517127,1000.0022031730706,1000.0027580284587,1000.0034150420282,1000.0041858737238,1000.0050825477746,1000.0061173801225,1000.0073029060561,1000.0086518091443,1000.0101768523925
-0.07919999999999999,1000.0,1000.0,1000.0,1000.0,1000.0,1000.0000000000005,1000.0000000000042,1000.0000000000334,1000.0000000002119,1000.000000001105,1000.0000000048323,1000.0000000180585,1000.0000000587218,1000.0000001689895,1000.0000004370925,1000.0000010302196,1000.0000022396218,1000.0000045377694,1000.0000086460832,1000.0000156106547,1000.0000268825785,1000.0000443990976,1000.0000706616975,1000.00010880752,1000.0001626709643,1000.0002368329912,1000.0003366563976,1000.0004683060948,1000.0006387541447,1000.0008557699541,1000.0011278965524,1000.0014644142843,1000.0018752935367,1000.0023711382764,1000.0029631222534,1000.0036629197015,1000.0044826322879,1000.0054347139394,1000.0065318950059,1000.0077871070497,1000.0092134093582,1000.0108239180936
-0.07896,1000.0,1000.0,1000.0,1000.0,1000.0,1000.0000000000006,1000.0000000000053,1000.000000000041,1000.0000000002575,1000.0000000013289,1000.0000000057544,1000.0000000213063,1000.0000000686879,1000.0000001960976,1000.0000005034933,1000.0000011787515,1000.0000025467529,1000.0000051309952,1000.0000097259517,1000.0000174772504,1000.0000299659845,1000.0000492930848,1000.0000781596812,1000.000119939703,1000.0001787415274,1000.000259456218,1000.0003677907007,1000.0005102850358,1000.0006943137028,1000.0009280714687,1000.0012205449476,1000.0015814713538,1000.0020212862231,1000.0025510620214,1000.0031824396066,1000.00392755447,1000.0047989595812,1000.0058095465074,1000.0069724663048,1000.0083010514786,1000.0098087401137,1000.0115090030785
-0.07872,1000.0,1000.0,1000.0,1000.0,1000.0,1000.0000000000007,1000.0000000000066,1000.0000000000504,1000.0000000003126,1000.0000000015968,1000.0000000068471,1000.0000000251197,1000.0000000802878,1000.0000002273965,1000.0000005795937,1000.0000013478319,1000.0000028942189,1000.0000057983523,1000.0000109345149,1000.0000195564568,1000.0000333857408,1000.0000546993081,1000.0000864119902,1000.0001321500976,1000.0001963128578,1000.0002841192825,1000.0004016389073,1000.0005558057125,1000.000754415309,1000.0010061061555,1000.001320326097,1000.0017072859117,1000.0021779017995,1000.0027437288745,1000.003416887741,1000.004209986173,1000.0051360377864,1000.0062083794229,1000.0074405887661,1000.008846403501,1000.01043964311,1000.0122341341973
-0.07848,1000.0,1000.0,1000.0,1000.0,1000.0000000000001,1000.0000000000008,1000.0000000000082,1000.0000000000618,1000.0000000003794,1000.0000000019174,1000.0000000081415,1000.0000000295938,1000.0000000937795,1000.0000002635079,1000.00000066675,1000.0000015401755,1000.0000032870674,1000.0000065486472,1000.0000122863214,1000.0000218711974,1000.0000371765069,1000.0000606683119,1000.0000954900252,1000.0001455367659,1000.0002155163029,1000.0003109942186,1000.0004384218591,1000.0006051465346,1000.0008194042505,1000.0010902959339,1000.0014277486442,1000.0018424636444,1000.0023458534298,1000.0029499699208,1000.0036674260158,1000.004511312611,1000.0054951130434,1000.0066326167164,1000.0079378334523,1000.0094249098847,1000.011108048981,1000.0130014335618
-0.07824,1000.0,1000.0,1000.0,1000.0,1000.0000000000001,1000.000000000001,1000.0000000000101,1000.0000000000757,1000.0000000004599,1000.0000000023006,1000.000000009673,1000.0000000348391,1000.0000001094595,1000.0000003051418,1000.0000007664997,1000.000001758838,1000.0000037309431,1000.000007391674,1000.000013797468,1000.0000244467158,1000.0000413762857,1000.0000672552972,1000.0001054714809,1000.0001602060539,1000.000236493857,1000.0003402664616,1000.00047837695,1000.0006586060128,1000.0008896498545,1000.0011810910784,1000.0015433542598,1000.0019876482685,1000.0025258976134,1000.0031706651574,1000.0039350685138,1000.0048326923192,1000.0058774983994,1000.0070837356253,1000.0084658510206,1000.0100384034354,1000.0118159808612,1000.0138131222349
-0.078,1000.0,1000.0,1000.0,1000.0,1000.0000000000001,1000.0000000000014,1000.0000000000125,1000.0000000000928,1000.0000000005571,1000.0000000027582,1000.0000000114841,1000.0000000409839,1000.0000001276695,1000.0000003531085,1000.0000008805833,1000.0000020072557,1000.0000042321554,1000.0000083383176,1000.0000154857532,1000.0000273107937,1000.0000460267227,1000.0000745205172,1000.0001164408545,1000.0001762732296,1000.0002593989474,1000.0003721357939,1000.0005217592454,1000.0007165040635,1000.0009655469852,1000.0012789719154,1000.0016677195414,1000.0021435236363,1000.0027188364966,1000.0034067460059,1000.0042208867509,1000.005175347468,1000.006284576894,1000.0075632898522,1000.0090263751457,1000.0106888065699,1000.0125655580996,1000.0146715240719
-0.07776,1000.0,1000.0,1000.0,1000.0,1000.0000000000001,1000.0000000000017,1000.0000000000155,1000.0000000001135,1000.0000000006743,1000.0000000033042,1000.000000013624,1000.0000000481766,1000.000000148802,1000.0000004083313,1000.0000010109704,1000.0000022892905,1000.0000047977514,1000.0000094006679,1000.0000173708453,1000.0000304939884,1000.0000511734281,1000.000082529704,1000.0001284899939,1000.0001938631689,1000.0002843972733,1000.0004068173533,1000.000568842674,1000.0007791833908,1000.0010475176291,1000.0013844506161,1000.0018014580182,1000.0023108159528,1000.0029255203004,1000.0036591979499,1000.0045260125182,1000.005540566902,1000.0067178047863,1000.0080729129712,1000.009621226094,1000.0113781350489,1000.0133590001361,1000.0155790697307
-0.07752,1000.0,1000.0,1000.0,1000.0,1000.0000000000002,1000.000000000002,1000.0000000000191,1000.0000000001388,1000.0000000008155,1000.0000000039553,1000.0000000161502,1000.0000000565898,1000.0000001733075,1000.0000004718622,1000.000001159888,1000.0000026092792,1000.0000054355964,1000.0000105921438,1000.0000194744634,1000.0000340298888,1000.0000568663252,1000.0000913545243,1000.0001417186797,1000.0002131110824,1000.0003116676929,1000.0004445426947,1000.0006199212737,1000.0008470109314,1000.0011360125416,1000.0014980730516,1000.0019452222169,1000.0024902960532,1000.0031468498066,1000.0039290632237,1000.0048516407668,1000.0059297092124,1000.0071787148046,1000.0086143218441,1000.0102523142938,1000.0121085016862,1000.0141986303377,1000.0165383006183
-0.07728,1000.0,1000.0,1000.0,1000.0,1000.0000000000002,1000.0000000000026,1000.0000000000236,1000.0000000001695,1000.0000000009854,1000.0000000047311,1000.0000000191305,1000.0000000664229,1000.0000002017035,1000.0000005448987,1000.0000013298519,1000.0000029720892,1000.0000061544634,1000.0000119276299,1000.0000218205785,1000.0000379553942,1000.0000631600271,1000.0001010730745,1000.0001562352558,1000.000234163299,1000.000341403177,1000.000485560928,1000.0006753105293,1000.0009203793995,1000.0012315130107,1000.001620420779,1000.0020997058733,1000.0026827818386,1000.0033837790172,1000.0042174436911,1000.0051990326987,1000.0063442060334,1000.0076689196388,1000.0091893202966,1000.0109216441831,1000.0128821203579,1000.0150868801544,1000.0175518731809
-0.07704,1000.0,1000.0,1000.0,1000.0,1000.0000000000002,1000.0000000000033,1000.0000000000291,1000.0000000002069,1000.0000000011901,1000.0000000056546,1000.0000000226435,1000.0000000779069,1000.000000234583,1000.0000006288026,1000.0000015237025,1000.0000033831782,1000.0000069641312,1000.0000134236254,1000.0000244356286,1000.0000423110164,1000.0000701142422,1000.0001117704082,1000.000172157299,1000.0002571780948,1000.0003738118148,1000.0005301399154,1000.0007353487722,1000.0009997089002,1000.0013345326877,1000.0017521130951,1000.00226564621,1000.0028891407782,1000.0036373178748,1000.0045255037787,1000.0055695189059,1000.0067855653749,1000.0081901154555,1000.0097998028043,1000.0116313180539,1000.0137013099875,1000.0160262932325,1000.0186225631292
-0.07680000000000001,1000.0,1000.0,1000.0,1000.0,1000.0000000000003,1000.0000000000041,1000.0000000000359,1000.0000000002524,1000.000000001436,1000.0000000067532,1000.0000000267811,1000.0000000913083,1000.0000002726256,1000.0000007251216,1000.0000017446442,1000.0000038486627,1000.0000078754916,1000.000015098408,1000.0000273487547,1000.0000471412063,1000.0000777942118,1000.0001235391048,1000.0001896123375,1000.0002823265817,1000.0004091178864,1000.0005785675435,1000.0008003986642,1000.0010854486329,1000.0014456195204,1000.0018938092018,1000.0024438263338,1000.0031102925353,1000.0039085351146,1000.0048544735465,1000.0059645026502,1000.0072553751027,1000.008744085566,1000.0104477583355,1000.0123835400547,1000.0145684986958,1000.0170195296939,1000.0197532698335
-0.07655999999999999,1000.0,1000.0,1000.0,1000.0,1000.0000000000005,1000.0000000000051,1000.0000000000443,1000.0000000003076,1000.0000000017313,1000.000000008059,1000.0000000316508,1000.0000001069354,1000.000000316609,1000.000000835613,1000.0000019962894,1000.0000043753918,1000.0000089006685,1000.0000169722111,1000.0000305920578,1000.0000524947081,1000.0000862711825,1000.0001364798809,1000.0002087386215,1000.0003097936534,1000.0004475630051,1000.0006311530748,1000.0008708487709,1000.0011780786969,1000.0015653577935,1000.002046210485,1000.0026350777555,1000.0033472117263,1000.0041985612568,1000.0052056519061,1000.006385463298,1000.0077553065782,1000.0093327042599,1000.0111352743638,1000.0131806203677,1000.0154862281277,1000.0180693705993,1000.0209470209066
-0.07632,1000.0,1000.0,1000.0,1000.0,1000.0000000000006,1000.0000000000064,1000.0000000000546,1000.0000000003746,1000.0000000020857,1000.0000000096098,1000.0000000373773,1000.0000001251439,1000.0000003674232,1000.0000009622713,1000.0000022827065,1000.0000049710295,1000.0000100531473,1000.0000190674194,1000.0000342008759,1000.0000584249408,1000.0000956229118,1000.0001507022412,1000.0002296859396,1000.0003397789877,1000.0004894073188,1000.0006882285642,1000.0009471152027,1000.0012781119649,1000.0016943702416,1000.0022100628679,1000.00284028298,1000.0036009307428,1000.0045085916536,1000.005580409884,1000.0068339597894,1000.0082871183198,1000.0099579406427,1000.0118645408674,1000.0140249793554,1000.0164571577266,1000.019178722333,1000.0222069766816
-0.07608000000000001,1000.0,1000.0,1000.0,1000.0,1000.0000000000007,1000.0000000000078,1000.0000000000671,1000.0000000004558,1000.0000000025108,1000.0000000114502,1000.0000000441062,1000.0000001463437,1000.0000004260852,1000.0000011073575,1000.0000026084757,1000.0000056441462,1000.0000113479185,1000.000021408781,1000.0000382140875,1000.0000649904122,1000.000105934217,1000.0001663251829,1000.0002526164998,1000.0003724981232,1000.0005349308012,1000.0007501503767,1000.0010296433735,1000.0013860960889,1000.0018333203067,1000.0023861593238,1000.0030603782732,1000.003872542769,1000.0048398897512,1000.0059801941188,1000.007311634358,1000.0088526599341,1000.0106218627653,1000.0126378546427,1000.0149191520397,1000.0174840693662,1000.02035062137,1000.023536435099
-0.07583999999999999,1000.0,1000.0,1000.0,1000.0000000000001,1000.0000000000009,1000.0000000000098,1000.0000000000825,1000.0000000005542,1000.0000000030201,1000.0000000136323,1000.0000000520067,1000.0000001710073,1000.0000004937564,1000.0000012734331,1000.0000029787481,1000.0000064043182,1000.0000128016334,1000.0000240236394,1000.0000426744388,1000.0000722551648,1000.0001172975612,1000.0001834779455,1000.0002777058626,1000.0004081835955,1000.0005844346073,1000.0008173007777,1000.0011189098326,1000.0015026155841,1000.0019829144763,1000.0025753424662,1000.0032963565034,1000.0041632048676,1000.0051937904103,1000.0064065304058,1000.0078202162879,1000.00945387607,1000.0113266417596,1000.0134576236026,1000.0158657925482,1000.0185698719251,1000.0215882389621,1000.024938836485
-0.0756,1000.0,1000.0,1000.0,1000.0000000000001,1000.0000000000011,1000.0000000000122,1000.0000000001014,1000.0000000006733,1000.0000000036298,1000.0000000162177,1000.0000000612754,1000.0000001996784,1000.000000571762,1000.000001463398,1000.0000033993132,1000.0000072622388,1000.0000144327756,1000.0000269421855,1000.0000476288989,1000.0000802892581,1000.0001298136848,1000.0002023008134,1000.0003051439397,1000.0004470861487,1000.0006382425141,1000.0008900896166,1000.0012154242029,1000.0016282940248,1000.0021439047431,1000.0027785072724,1000.0035492701218,1000.0044741412112,1000.0055717033804,1000.0068610274017,1000.0083615258353,1000.0100928105414,1000.0120745561459,1000.0143263712531,1000.0168676787397,1000.019717606044,1000.0228948860075,1000.026417768517
-0.07536,1000.0,1000.0,1000.0,1000.0000000000001,1000.0000000000015,1000.0000000000151,1000.0000000001245,1000.0000000008173,1000.0000000043592,1000.0000000192782,1000.0000000721407,1000.0000002329825,1000.0000006616132,1000.0000016805324,1000.0000038766732,1000.0000082298395,1000.0000162618495,1000.0000301977329,1000.0000531290461,1000.0000891692878,1000.0001435922844,1000.0002229459795,1000.00033513606,1000.0004894760266,1000.0006967024538,1000.000968956113,1000.0013197312308,1000.0017637963659,1000.0023170911962,1000.002996603945,1000.0038202342915,1000.0048066464715,1000.0059751169376,1000.0073453804996,1000.0089374783257,1000.0107716106319,1000.0128679963269,1000.0152467413589,1000.0179277170251,1000.0209304490824,1000.0242740181258,1000.0279769713972
-0.07511999999999999,1000.0,1000.0,1000.0,1000.0000000000001,1000.0000000000018,1000.0000000000188,1000.0000000001527,1000.0000000009913,1000.0000000052311,1000.0000000228985,1000.0000000848673,1000.0000002716383,1000.0000007650312,1000.0000019285438,1000.0000044181246,1000.0000093204243,1000.0000183115847,1000.0000338270164,1000.0000592314829,1000.0000989789444,1000.0001587527385,1000.0002455784593,1000.0003679040968,1000.0005356443298,1000.0007601881167,1000.0010543707197,1000.0014324129154,1000.0019098313421,1000.0025033246937,1000.0032306408514,1000.004110430088,1000.0051620892689,1000.0064056015725,1000.0078613757394,1000.0095500882708,1000.0114925313991,1000.0137094690626,1000.0162215025673,1000.019048947119,1000.0222117199779,1000.0257292406044,1000.0296203428668
-0.07488,1000.0,1000.0,1000.0,1000.0000000000001,1000.0000000000023,1000.0000000000232,1000.0000000001871,1000.0000000012016,1000.0000000062722,1000.0000000271773,1000.0000000997625,1000.0000003164711,1000.000000883976,1000.0000022116194,1000.0000050318504,1000.0000105488168,1000.0000206071604,1000.0000378705175,1000.0000659982883,1000.0001098096175,1000.0001754248894,1000.0002703770775,1000.0004036876804,1000.0005859044749,1000.0008291006727,1000.0011468371177,1000.0015540907872,1000.0020671540341,1000.0027035097158,1000.0034816876633,1000.0044211079165,1000.0055419158612,1000.0068648139369,1000.008410893999,1000.0102014737876,1000.0122579403056,1000.0146016022927,1000.0172535534041,1000.0202345471906,1000.023564884533,1000.0272643138015,1000.0313519437066
-0.07464,1000.0,1000.0,1000.0,1000.0000000000002,1000.0000000000028,1000.0000000000288,1000.0000000002292,1000.0000000014551,1000.0000000075147,1000.0000000322302,1000.0000001171818,1000.0000003684277,1000.000001020676,1000.0000025344848,1000.0000057270195,1000.0000119315222,1000.0000231764518,1000.0000423728171,1000.000073497505,1000.0001217610438,1000.0001937498795,1000.0002975355153,1000.0004427454784,1000.0006405937264,1000.0009038705713,1000.001246894296,1000.0016854282725,1000.0022365685215,1000.0029186073053,1000.0037508785784,1000.0047535910069,1000.0059476538983,1000.0073545008438,1000.0089959152233,1000.0108938610384,1000.0130703218489,1000.0155471499367,1000.0183459272234,1000.0214878389406,1000.0249935605977,1000.0288831584138,1000.0331760030688
-0.0744,1000.0,1000.0,1000.0,1000.0000000000002,1000.0000000000035,1000.0000000000356,1000.0000000002805,1000.0000000017607,1000.000000008996,1000.0000000381928,1000.0000001375366,1000.0000004285932,1000.0000011776642,1000.0000029024684,1000.0000065138989,1000.0000134869047,1000.0000260502957,1000.0000473829793,1000.0000818036656,1000.0001349420049,1000.0002138810456,1000.000327263428,1000.0004853565599,1000.0007000748268,1000.00098495945,1000.0013551187488,1000.0018271331886,1000.0024189306762,1000.0031496381558,1000.0040394156973,1000.0051092790703,1000.0063809163456,1000.0078765034435,1000.0096185228341,1000.0116295888554,1000.0139322823811,1000.0165489968876,1000.0195017973531,1000.022812292877,1000.0265015234539,1000.0305898609483,1000.0350969240161
-0.07416,1000.0,1000.0,1000.0,1000.0000000000003,1000.0000000000044,1000.000000000044,1000.0000000003429,1000.0000000021288,1000.0000000107608,1000.0000000452226,1000.0000001613029,1000.000000498211,1000.000001357817,1000.0000033215745,1000.0000074039765,1000.0000152353829,1000.000029262784,1000.0000529549674,1000.000090998362,1000.000149471078,1000.0002359848808,1000.000359787642,1000.0005318218499,1000.0007647377267,1000.0010728621572,1000.001472126802,1000.0019799603758,1000.0026151511024,1000.003397685858,1000.0043485725687,1000.0054896521323,1000.006843405592,1000.0084327615886,1000.0102809083352,1000.0124111135665,1000.0148465551343,1000.0176101642154,1000.020724482453,1000.0242115338078,1000.0280927114209,1000.0323886794193,1000.037119289289
-0.07392,1000.0,1000.0,1000.0,1000.0000000000005,1000.0000000000056,1000.0000000000545,1000.0000000004188,1000.0000000025717,1000.0000000128616,1000.0000000535042,1000.00000018903,1000.0000005787033,1000.000001564398,1000.0000037985627,1000.0000084100963,1000.0000171996428,1000.0000328515803,1000.0000591480931,1000.000101170857,1000.0001654774383,1000.0002602420547,1000.0003953534201,1000.0005824656603,1000.0008350013998,1000.0011681088638,1000.0015985770272,1000.0021447144208,1000.0028261981672,1000.0036639002301,1000.0046796978105,1000.0058962744308,1000.0073369176082,1000.0090253182346,1000.0109853759345,1000.0132410138152,1000.0158160052152,1000.018733814311,1000.0220174517875,1000.025689346215,1000.0297712313065,1000.0342840488544,1000.0392478668446
-0.07368,1000.0,1000.0,1000.0,1000.0000000000006,1000.0000000000069,1000.0000000000672,1000.0000000005114,1000.0000000031044,1000.0000000153601,1000.0000000632525,1000.0000002213524,1000.0000006716969,1000.0000018011068,1000.0000043410383,1000.0000095466078,1000.0000194048724,1000.000036858267,1000.000066027507,1000.000112418747,1000.0001831017267,1000.0002868485147,1000.0004342258212,1000.0006376373324,1000.0009113157863,1000.0012712673204,1000.0017351728243,1000.0023222525658,1000.0030531012359,1000.0039495008748,1000.0050342189783,1000.0063307985836,1000.0078633463968,1000.0096563241553,1000.011734347503,1000.0141219957429,1000.0168436349875,1000.0199232564484,1000.0233843309401,1000.0272496801015,1000.0315413643652,1000.0362805873394,1000.0414876159689
-0.07344,1000.0,1000.0,1000.0,1000.0000000000007,1000.0000000000086,1000.0000000000829,1000.0000000006237,1000.0000000037444,1000.0000000183293,1000.0000000747178,1000.0000002590014,1000.0000007790495,1000.0000020721351,1000.0000049575502,1000.0000108295314,1000.0000218790173,1000.0000413287212,1000.0000736647253,1000.0001248486732,1000.0002024969748,1000.0003160166547,1000.0004766911385,1000.000697712966,1000.0009941638299,1000.0013829452138,1000.0018826651032,1000.0025134877177,1000.0032969540039,1000.0042557808258,1000.005413646515,1000.0067949698249,1000.0084246884977,1000.010328042694,1000.0125303675501,1000.015056898164,1000.0179325894222,1000.0211819522821,1000.0248289074358,1000.0288966567114,1000.0334075720908,1000.0383831018632,1000.0438436931478
-0.0732,1000.0,1000.0,1000.0,1000.0000000000009,1000.0000000000107,1000.0000000001022,1000.00000000076,1000.0000000045126,1000.0000000218549,1000.0000000881915,1000.0000003028198,1000.0000009028828,1000.0000023822264,1000.0000056577013,1000.0000122767387,1000.0000246530609,1000.0000463135249,1000.0000821382016,1000.000138577088,1000.0002238295981,1000.0003479765637,1000.0005230584312,1000.0007630972551,1000.0010840636337,1000.0015037926559,1000.00204185511,1000.0027193916121,1000.0035589179951,1000.0045841103706,1000.0058195778835,1000.0072906304316,1000.0090230476882,1000.0110428547157,1000.0133761084043,1000.0160486979488,1000.0190861616578,1000.0225135215597,1000.0263551365786,1000.0306345744682,1000.0353745022308,1000.0405965943827,1000.0463214581633
-0.07296,1000.0,1000.0,1000.0000000000001,1000.0000000000011,1000.0000000000134,1000.000000000126,1000.0000000009255,1000.000000005434,1000.0000000260377,1000.0000001040125,1000.0000003537776,1000.0000010456155,1000.0000027367462,1000.00000645227,1000.0000139081525,1000.0000277613308,1000.0000518684097,1000.000091533946,1000.0001537310809,1000.0002472804624,1000.0003829773641,1000.0005736611586,1000.0008342254399,1000.0011815707477,1000.0016345048151,1000.002213597409,1000.0029409981454,1000.0038402262367,1000.0049359410586,1000.0062537018949,1000.0078197243528,1000.0096606398919,1000.0118032637741,1000.0142743756124,1000.0171005156315,1000.0203077987887,1000.0239217480655,1000.0279671475244,1000.0324679151518,1000.0374469950432,1000.0429262681357,1000.0489264804397
-0.07272,1000.0,1000.0,1000.0000000000001,1000.0000000000014,1000.0000000000167,1000.000000000155,1000.0000000011261,1000.0000000065382,1000.0000000309961,1000.0000001225745,1000.0000004129907,1000.0000012100046,1000.0000031417572,1000.0000073533442,1000.0000157459649,1000.0000312418321,1000.0000580547392,1000.0001019461896,1000.0001704492615,1000.000273046018,1000.0004212886249,1000.0006288589001,1000.0009115653535,1000.001287280554,1000.0017758246511,1000.0023988029677,1000.0031794068054,1000.0041421870292,1000.0053128097954,1000.006717803108,1000.0083843018937,1000.0103397981247,1000.0126119012916,1000.0152281133276,1000.0182156209747,1000.0216011075804,1000.0254105854556,1000.0296692492088,1000.0344013498902,1000.0396300893256,1000.0453775336829,1000.051664545073
-0.07248,1000.0,1000.0,1000.0000000000001,1000.0000000000017,1000.0000000000208,1000.0000000001907,1000.000000001369,1000.0000000078605,1000.000000036869,1000.0000001443345,1000.0000004817414,1000.0000013991889,1000.0000036041054,1000.0000083744707,1000.0000178148781,1000.000035136612,1000.0000649400331,1000.0001134781062,1000.0001888827152,1000.0003013395219,1000.0004632018838,1000.0006890392016,1000.0009956196129,1000.0014018308207,1000.0019285458363,1000.0025984424507,1000.0034357863352,1000.0044661879687,1000.0057163432116,1000.0072137665284,1000.0089865247246,1000.0110629777894,1000.0134715321144,1000.0162404100972,1000.0193974389666,1000.0229698606452,1000.0269841635862,1000.0314659368004,1000.0364397457121,1000.0419290290415,1000.0479560155849,1000.0545416595363
-0.07224,1000.0,1000.0,1000.0000000000001,1000.0000000000022,1000.0000000000258,1000.0000000002343,1000.0000000016629,1000.0000000094424,1000.0000000438191,1000.0000001698224,1000.0000005615016,1000.0000016167395,1000.0000041315138,1000.0000095308186,1000.0000201423683,1000.0000394921578,1000.0000725985358,1000.0001262425885,1000.0002091960223,1000.0003323923378,1000.0005090322558,1000.0007546195181,1000.0010869279165,1000.0015259043626,1000.0020935157904,1000.002813549624,1000.003711378502,1000.00481370007,1000.0061482621227,1000.0077435823837,1000.0096286709473,1000.0118327620057,1000.01438506008,1000.0173145046384,1000.0206495557707,1000.024418002538,1000.0286467947251,1000.0333618979977,1000.0385881719018,1000.0443492697078,1000.0506675587935,1000.0575640600538
-0.07200000000000001,1000.0,1000.0,1000.0000000000002,1000.0000000000027,1000.0000000000321,1000.0000000002876,1000.0000000020184,1000.0000000113334,1000.0000000520373,1000.0000001996523,1000.0000006539601,1000.0000018667151,1000.0000047326895,1000.0000108393613,1000.0000227589735,1000.0000443598284,1000.0000811118299,1000.0001403630835,1000.0002315683552,1000.0003664553258,1000.0005591201477,1000.000826049279,1000.0011860694758,1000.0016602318551,1000.0022716388772,1000.0030452249375,1000.0040075020545,1000.0051862820859,1000.0066103861924,1000.0083093511093,1000.0103131403772,1000.0126518671632,1000.0153555338086,1000.0184537918375,1000.0219757249046,1000.0259496560833,1000.0304029799955,1000.035362019562,1000.0408519065924,1000.0468964850189,1000.0535182352852,1000.0607382182164
-0.07175999999999999,1000.0,1000.0,1000.0000000000002,1000.0000000000034,1000.0000000000398,1000.0000000003529,1000.0000000024478,1000.0000000135921,1000.0000000617467,1000.000000234535,1000.0000007610525,1000.0000021537259,1000.0000054174392,1000.000012319076,1000.0000256986114,1000.0000497963259,1000.0000905695038,1000.0001559744953,1000.0002561946542,1000.00040380033,1000.0006138330878,1000.0009038120821,1000.0012936655946,1000.0018055948068,1000.0024638797776,1000.0032946392919,1000.0043255568776,1000.0055855850339,1000.0071046388123,1000.0089132885574,1000.0110424600566,1000.0135231487085,1000.0163861527354,1000.019661828997,1000.0233798736693,1000.0275691289543,1000.0322574160765,1000.0374713941085,1000.0432364436188,1000.0495765737369,1000.0565143509618,1000.0640708478712
-0.07152,1000.0,1000.0,1000.0000000000002,1000.0000000000043,1000.0000000000495,1000.0000000004326,1000.000000002966,1000.0000000162875,1000.0000000732084,1000.0000002752929,1000.0000008849954,1000.0000024830027,1000.0000061968003,1000.0000139911634,1000.0000289989239,1000.0000558642068,1000.0001010698684,1000.0001732241511,1000.0002832868818,1000.0004447217547,1000.0006735676517,1000.0009884279959,1000.0014103823607,1000.0019628286501,1000.0026712669776,1000.0035630379197,1000.0046670282522,1000.0060133568173,1000.0076330520606,1000.0095577312661,1000.0118192898028,1000.0144496069413,1000.0174802731209,1000.0209423420242,1000.0248661094824,1000.0292809201181,1000.0342150017252,1000.0396953266743,1000.0457474991015,1000.0523956662622,1000.0596624521805,1000.0675689115864
-0.07128000000000001,1000.0,1000.0,1000.0000000000003,1000.0000000000055,1000.0000000000613,1000.0000000005298,1000.000000003591,1000.0000000195013,1000.0000000867271,1000.0000003228763,1000.0000010283247,1000.0000028604768,1000.0000070831853,1000.0000158792913,1000.0000327016567,1000.0000626324395,1000.000112720738,1000.0001922728463,1000.0003130753739,1000.0004895382582,1000.0007387515323,1000.0010804560245,1000.0015369335241,1000.0021328260405,1000.0028948964912,1000.0038517445245,1000.0050334913986,1000.006471447154,1000.0081977719939,1000.0102451420881,1000.0126464281458,1000.015434393228,1000.0186414145076,1000.0222992320998,1000.0264387267246,1000.0310897268272,1000.0362808448829,1000.0420393419082,1000.0483910186925,1000.0553601319077,1000.0629693330325,1000.0712396279108
-0.07103999999999999,1000.0,1000.0,1000.0000000000005,1000.0000000000068,1000.0000000000758,1000.0000000006484,1000.0000000043442,1000.0000000233301,1000.0000001026588,1000.000000378382,1000.0000011939395,1000.0000032928673,1000.0000080905412,1000.0000180098597,1000.0000368530721,1000.000070177007,1000.0001256402678,1000.0002132959629,1000.0003458102782,1000.0005385945466,1000.0008098457157,1000.0011804966911,1000.0016740834998,1000.0023165402837,1000.0031359357083,1000.0041621655407,1000.0054266161313,1000.0069618126045,1000.0088010640213,1000.0109781158806,1000.0135268182988,1000.0164808162199,1000.01987326615,1000.0237365822821,1000.0281022134826,1000.0330004514659,1000.0384602695907,1000.0445091910245,1000.0511731845347,1000.0584765858362,1000.0664420422314,1000.0750904781893
-0.0708,1000.0,1000.0,1000.0000000000006,1000.0000000000085,1000.0000000000939,1000.0000000007929,1000.000000005251,1000.0000000278878,1000.000000121418,1000.0000004430756,1000.0000013851507,1000.0000037877793,1000.000009234527,1000.0000204122946,1000.0000415044001,1000.0000785815628,1000.0001399578607,1000.0002364846706,1000.0003817630926,1000.0005922632862,1000.0008873467968,1000.001289194775,1000.0018226505397,1000.0025149889469,1000.003395627441,1000.0044957946025,1000.0058481717323,1000.0074865218262,1000.0094453185117,1000.0117593854321,1000.0144635543729,1000.0175923483179,1000.0211796936919,1000.0252586643608,1000.0298612585434,1000.0350182086493,1000.040758823159,1000.0471108590091,1000.054100422476,1000.0617518962542,1000.070087890261,1000.07912921364
-0.07056,1000.0,1000.0,1000.0000000000007,1000.0000000000107,1000.0000000001161,1000.0000000009687,1000.0000000063418,1000.0000000333083,1000.0000001434881,1000.0000005184156,1000.0000016057368,1000.0000043538139,1000.0000105327098,1000.0000231193695,1000.0000467123308,1000.0000879381414,1000.0001558151453,1000.0002620472197,1000.0004212283144,1000.0006509471438,1000.0009717894394,1000.0014072422128,1000.0019835100853,1000.0027292576654,1000.0036752941784,1000.0048542172332,1000.0063000320565,1000.0080477610685,1000.0101330566482,1000.0125918276457,1000.0154598878503,1000.0187726324001,1000.0225647461124,1000.0268699459816,1000.031720758661,1000.037148332597,1000.0431822836143,1000.0498505721085,1000.0571794095697,1000.0651931918949,1000.0739144568141,1000.0833638627275
-0.07032,1000.0,1000.0,1000.0000000000009,1000.0000000000133,1000.0000000001435,1000.0000000011826,1000.0000000076528,1000.0000000397495,1000.0000001694316,1000.0000006060812,1000.0000018600057,1000.0000050006901,1000.0000120047807,1000.0000261675577,1000.0000525395496,1000.0000983479262,1000.0001733670249,1000.0002902103184,1000.0004645251869,1000.0007150809375,1000.0010637489581,1000.0015353811282,1000.0021575982526,1000.0029605040802,1000.0039763424678,1000.0052391156536,1000.0067841807405,1000.0086478397526,1000.0108669363451,1000.0134784697533,1000.0165192340588,1000.0200254885148,1000.0240326625939,1000.0285750976527,1000.0336858256588,1000.0393963842931,1000.0457366668808,1000.0527348049973,1000.0604170811952,1000.0688078690641,1000.077929597739,1000.0878027379816
-0.07008,1000.0,1000.0000000000001,1000.0000000000011,1000.0000000000167,1000.000000000177,1000.0000000014423,1000.0000000092273,1000.0000000473971,1000.0000001999024,1000.0000007080044,1000.0000021528647,1000.000005739381,1000.0000136727947,1000.0000295974191,1000.0000590553216,1000.0001099220833,1000.0001927828137,1000.0003212206186,1000.0005119995787,1000.0007851339468,1000.0011638440835,1000.0016744070693,1000.0023459155517,1000.0032099620393,1000.0043002675865,1000.0056522739048,1000.0073027167545,1000.009289196423,1000.0116497585652,1000.0144224959632,1000.0176451791099,1000.0213549210695,1000.0255878799244,1000.0303790003167,1000.035761794137,1000.041768159292,1000.0484282346483,1000.0557702886779,1000.0638206389613,1000.0726035995173,1000.0821414528624,1000.0924544437486
-0.06984,1000.0,1000.0000000000001,1000.0000000000015,1000.0000000000208,1000.0000000002184,1000.0000000017578,1000.0000000111163,1000.0000000564693,1000.0000002356601,1000.0000008264057,1000.0000024898989,1000.0000065822651,1000.0000155614339,1000.0000334540237,1000.000066336126,1000.0001227826613,1000.0002142474531,1000.0003553462988,1000.0005640259756,1000.0008616123436,1000.0012727398606,1000.001825172389,1000.0025495307503,1000.0034789459392,1000.0046486583469,1000.0060955830969,1000.0078578600634,1000.0099744047874,1000.0124844736998,1000.0154272541388,1000.0188414868336,1000.0227651259789,1000.027235039814,1000.0322867527957,1000.0379542290026,1000.0442696952945,1000.0512635019604,1000.0589640180436,1000.0673975582104,1000.0765883378784,1000.0865584532984,1000.0973278833628
-0.0696,1000.0,1000.0000000000001,1000.0000000000019,1000.000000000026,1000.0000000002691,1000.0000000021405,1000.0000000133808,1000.0000000672221,1000.0000002775867,1000.0000009638345,1000.0000028774596,1000.0000075432946,1000.0000176982984,1000.0000377874139,1000.0000744663457,1000.0001370635633,1000.0002379628219,1000.0003928787598,1000.0006210096035,1000.0009450617795,1000.0013911507205,1000.0019885898139,1000.0027695849442,1000.003768855288,1000.005023202137,1000.0065710468999,1000.0084519575395,1000.0107061800131,1000.0133741882103,1000.0164962627427,1000.0201121059816,1000.0242604980823,1000.028978996482,1000.0343036795057,1000.0402689332702,1000.046907279996,1000.0542492450708,1000.0623232597113,1000.0711555957976,1000.080770329335,1000.0911893290335,1000.1024322666005
-0.06936,1000.0,1000.0000000000001,1000.0000000000024,1000.0000000000324,1000.0000000003314,1000.0000000026043,1000.0000000160933,1000.0000000799561,1000.0000003267045,1000.0000011232165,1000.0000033227626,1000.0000086381821,1000.000020114227,1000.0000426531124,1000.0000835390181,1000.0001529115993,1000.0002641491445,1000.0004341344419,1000.0006833886961,1000.0010360701355,1000.0015198437353,1000.0021656362164,1000.0030072958465,1000.004081179503,1000.0054256902059,1000.0070807872929,1000.0090874891412,1000.0114873852998,1000.0143221715512,1000.0176332180672,1000.0214611777186,1000.0258456388511,1000.0308248245389,1000.0364353384664,1000.0427119561598,1000.0496874592334,1000.0573925096032,1000.0658555601606,1000.0751027981771,1000.0851581176454,1000.0960431168293,1000.1077771174557
-0.06912,1000.0,1000.0000000000001,1000.000000000003,1000.0000000000404,1000.0000000004077,1000.0000000031661,1000.0000000193394,1000.0000000950231,1000.000000384198,1000.0000013079045,1000.0000038339989,1000.0000098846077,1000.0000228436484,1000.0000481126729,1000.0000936566455,1000.0001704876155,1000.0002930464954,1000.0004794567518,1000.0007516368875,1000.0011352704092,1000.0016596420205,1000.0023573565379,1000.0032639622265,1000.0044175028515,1000.0058580230831,1000.0076270504286,1000.0097670741843,1000.0123210385132,1000.0153318631218,1000.0188420014543,1000.0228930430636,1000.0275253640012,1000.0327778267182,1000.0386875291108,1000.0452896009374,1000.0526170448147,1000.0607006183332,1000.0695687534298,1000.0792475089822,1000.0897605525716,1000.1011291674834,1000.1133722812054
-0.06888,1000.0,1000.0000000000002,1000.0000000000038,1000.0000000000502,1000.000000000501,1000.0000000038456,1000.0000000232208,1000.0000001128354,1000.0000004514382,1000.0000015217388,1000.0000044204585,1000.0000113024491,1000.0000259249692,1000.000054234285,1000.000104932079,1000.0001899677187,1000.0003249164233,1000.0005292181384,1000.0008262657792,1000.0012433438072,1000.0018114283688,1000.0025648679724,1000.0035409686408,1000.0047795097122,1000.0063222163474,1000.0082122128784,1000.0104934780265,1000.0132103192664,1000.0164068796987,1000.0201266870321,1000.0244122508806,1000.0293047116919,1000.0348435422392,1000.0410663007636,1000.04800843347,1000.0557031231111,1000.0641811797788,1000.0734709696754,1000.0835983775205,1000.0945867982861,1000.1064571541216,1000.1192279325682
-0.06864,1000.0,1000.0000000000002,1000.0000000000048,1000.0000000000624,1000.0000000006154,1000.0000000046671,1000.0000000278577,1000.000000133875,1000.0000005300105,1000.0000017691128,1000.000005092668,1000.0000129140354,1000.000029400999,1000.0000610934319,1000.0001174894725,1000.0002115445905,1000.0003600436826,1000.000583822292,1000.0009078276488,1000.0013610229873,1000.0019761490443,1000.0027893643145,1000.0038397903242,1000.005168989991,1000.0068204065362,1000.0088387879986,1000.0112696188463,1000.0141585760645,1000.0175510228943,1000.021491549436,1000.0260235658114,1000.0311889506175,1000.0370277550078,1000.0435779609056,1000.0508752905058,1000.0589530633121,1000.0678420963934,1000.0775706432651,1000.0881643667378,1000.099646341176,1000.1120370798213,1000.125354583122
-0.0684,1000.0,1000.0000000000003,1000.000000000006,1000.0000000000775,1000.0000000007552,1000.0000000056593,1000.0000000333926,1000.000000158705,1000.0000006217465,1000.0000020550489,1000.0000058625455,1000.0000147444285,1000.0000333194167,1000.0000687736058,1000.0001314653156,1000.0002354289022,1000.0003987380902,1000.0006437064936,1000.0009969183288,1000.0014890954966,1000.0021548177904,1000.0030321205386,1000.0041619983285,1000.0055878447957,1000.0073548573254,1000.0095094325742,1000.0120985747056,1000.0151693337365,1000.0187682869066,1000.0229410718232,1000.0277319765007,1000.0331835883915,1000.0393365021087,1000.0462290837252,1000.0538972882428,1000.0623745259692,1000.0716915730462,1000.0818765211616,1000.0929547614742,1000.1049489979456,1000.1178792855322,1000.1317630890269
-0.06816,1000.0,1000.0000000000005,1000.0000000000075,1000.0000000000963,1000.000000000926,1000.0000000068568,1000.0000000399934,1000.0000001879831,1000.0000007287599,1000.000002385283,1000.0000067435726,1000.0000168217342,1000.0000377332822,1000.0000773670896,1000.0001470095536,1000.0002618508407,1000.0004413365169,1000.0007093441218,1000.0010941802698,1000.0016284074142,1000.0023485200655,1000.0032944976243,1000.0045092649233,1000.0060380923867,1000.0079279659947,1000.0102269537587,1000.012983590916,1000.016246301176,1000.0200628665809,1000.0244799542005,1000.0295427041359,1000.0352943802468,1000.0417760826155,1000.0490265189918,1000.0570818312195,1000.0659754718632,1000.075738125829,1000.0863976716353,1000.0979791770516,1000.1105049240523,1000.1239944583416,1000.1384646590959
-0.06792000000000001,1000.0,1000.0000000000006,1000.0000000000094,1000.0000000001194,1000.0000000011344,1000.0000000083005,1000.0000000478586,1000.000000222476,1000.0000008534886,1000.0000027663602,1000.000007750985,1000.000019177445,1000.0000427015958,1000.0000869758027,1000.0001642867917,1000.0002910617378,1000.0004882050026,1000.0007812473026,1000.0012003057589,1000.0017798671599,1000.0025584174475,1000.0035779475492,1000.0048833691569,1000.0065218742748,1000.0085422700208,1000.0109943161128,1000.01392808747,1000.0173933791078,1000.0214391654528,1000.0261131216837,1000.0314612108663,1000.0375273375557,1000.0443530661587,1000.0519774006206,1000.0604366208299,1000.069764170426,1000.0799905903452,1000.0911434923855,1000.1032475671979,1000.1163246214053,1000.130393638922,1000.1454708619747
-0.06767999999999999,1000.0,1000.0000000000007,1000.0000000000118,1000.0000000001479,1000.0000000013886,1000.0000000100397,1000.0000000572223,1000.0000002630775,1000.0000009987406,1000.0000032057419,1000.0000089019871,1000.0000218468185,1000.0000482899121,1000.0000977122241,1000.0001834776027,1000.000323335833,1000.0005397410349,1000.0008599697537,1000.0013160403656,1000.0019444495636,1000.002785752332,1000.0038840186089,1000.0052862027774,1000.0070414617101,1000.0092004540948,1000.0118146491028,1000.0149356669664,1000.0186146683847,1000.0229018043584,1000.0278457333653,1000.0334932088693,1000.0398887370432,1000.0470743022333,1000.0550891560258,1000.0639696646786,1000.0737492090567,1000.0844581309515,1000.0961237196755,1000.1087702330443,1000.1224189472028,1000.1370882301876,1000.1527936345972
-0.06744,1000.0,1000.0000000000009,1000.0000000000149,1000.0000000001831,1000.0000000016981,1000.000000012133,1000.0000000683602,1000.0000003108277,1000.0000011677482,1000.0000037119262,1000.0000102159886,1000.0000248692953,1000.0000545710091,1000.0001097003923,1000.0002047799321,1000.0003589721546,1000.0005963759661,1000.0009461097853,1000.0014421865595,1000.0021232001138,1000.0030318528146,1000.0042143609179,1000.0057197763232,1000.0075992623264,1000.0099053572704,1000.0126912546986,1000.0160101225999,1000.0199144783066,1000.0244556300204,1000.0296831911037,1000.0356446692837,1000.0423851298038,1000.0499469292454,1000.058369515147,1000.0676892855382,1000.0779395019699,1000.0891502494569,1000.1013484368478,1000.1145578314301,1000.1287991219981,1000.1440900050999,1000.1604452897145
-0.06720000000000001,1000.0,1000.0000000000011,1000.0000000000186,1000.0000000002266,1000.0000000020751,1000.0000000146504,1000.0000000815968,1000.0000003669365,1000.0000013642283,1000.0000042945833,1000.0000117148678,1000.000028288957,1000.00006162562,1000.0001230769893,1000.0002284106147,1000.0003982965394,1000.0006585775978,1000.0010403134945,1000.0015796075439,1000.002317239448,1000.0032981378325,1000.0045707321859,1000.0061862255061,1000.0081978270856,1000.0106599804213,1000.0136276152864,1000.0171554464677,1000.0212973352568,1000.0261057239496,1000.0316311486273,1000.0379218314547,1000.0450233506302,1000.0529783838687,1000.0618265197824,1000.0716041306152,1000.0823442993487,1000.0940767941282,1000.1068280831495,1000.1206213835177,1000.1354767380815,1000.1514111147965,1000.1684385237523
-0.06695999999999999,1000.0000000000001,1000.0000000000014,1000.0000000000233,1000.00000000028,1000.0000000025335,1000.0000000176749,1000.0000000973139,1000.0000004328095,1000.0000015924506,1000.0000049647075,1000.0000134232644,1000.0000321550324,1000.0000695432327,1000.0001379925183,1000.0002546070104,1000.0004416638006,1000.0007268529404,1000.001143278163,1000.0017292313221,1000.0025277680951,1000.0035861225821,1000.0049550037887,1000.0066878178992,1000.0088398575413,1000.0114674940259,1000.0146274019149,1000.018375838213,1000.0227679916786,1000.0278574116896,1000.0336955209824,1000.0403312125222,1000.0478105276837,1000.0561764107434,1000.0654685332655,1000.0757231811576,1000.0869731968451,1000.099247969045,1000.1125734629105,1000.126972283767,1000.1424637682279,1000.1590640970918,1000.17678642505
-0.06672,1000.0000000000001,1000.0000000000018,1000.0000000000291,1000.0000000003458,1000.0000000030907,1000.0000000213058,1000.0000001159598,1000.0000005100786,1000.0000018573159,1000.0000057347863,1000.0000153689032,1000.0000365224513,1000.0000784229584,1000.0001546125729,1000.0002836287566,1000.0004894600348,1000.000801751133,1000.0012557558322,1000.0018920549493,1000.0027560714129,1000.0038974241255,1000.0053691670184,1000.0072269597906,1000.009528213241,1000.0123312460574,1000.0156944826084,1000.0196757136907,1000.0243314350213,1000.0297162719706,1000.0358824938269,1000.0428796167898,1000.050754091875,1000.0595490718102,1000.0693042497004,1000.0800557615438,1000.0918361444783,1000.1046743427711,1000.1185957539556,1000.1336223080599,1000.1497725735096,1000.1670618839594,1000.185502480996
-0.06648,1000.0000000000001,1000.0000000000023,1000.0000000000364,1000.0000000004268,1000.000000003767,1000.0000000256607,1000.000000138061,1000.0000006006361,1000.0000021644433,1000.0000066189907,1000.0000175829534,1000.0000414524542,1000.0000883744815,1000.0001731192178,1000.000315759664,1000.0005421051071,1000.000883866579,1000.0013785571296,1000.0020691490754,1000.0030035248504,1000.0042337673631,1000.0058153397348,1000.0078062034723,1000.0102659196016,1000.0132547703857,1000.0168329312261,1000.0210597142179,1000.0259928973113,1000.0316881465349,1000.0381985334412,1000.0455741458568,1000.0538617870588,1000.0631047565141,1000.0733427041232,1000.0846115493573,1000.0969434565849,1000.1103668581438,1000.1249065172021,1000.140583623083,1000.1574159124422,1000.1754178104238,1000.1946005866533
-0.06624,1000.0000000000001,1000.0000000000028,1000.0000000000455,1000.0000000005261,1000.0000000045875,1000.0000000308793,1000.0000001642344,1000.0000007066743,1000.0000025202708,1000.0000076333878,1000.0000201004258,1000.0000470132607,1000.0000995190908,1000.0001937124752,1000.0003513097437,1000.000600055293,1000.0009738422574,1000.0015125552895,1000.0022616626917,1000.0032715994191,1000.0045969912072,1000.006295773208,1000.0084282547012,1000.0110561759276,1000.0142417952846,1000.0180470363885,1000.0225327158405,1000.0277578646856,1000.0337791498595,1000.0406503965711,1000.048422208513,1000.0571416799185,1000.0668521916186,1000.0775932821963,1000.0894005849137,1000.1023058211354,1000.1163368413463,1000.1315177054584,1000.1478687948235,1000.165406949159,1000.1841456223964,1000.2040950522427
-0.066,1000.0000000000001,1000.0000000000036,1000.0000000000567,1000.000000000648,1000.0000000055819,1000.0000000371275,1000.0000001952034,1000.0000008307311,1000.0000029321658,1000.0000087961769,1000.0000229606111,1000.0000532808003,1000.0001119908009,1000.0002166119318,1000.0003906173876,1000.0006638061041,1000.0010723732504,1000.0016586904169,1000.0024708281461,1000.0035618674543,1000.0049890550674,1000.0068128592851,1000.0090959804941,1000.0119023637707,1000.0152962522858,1000.0193413107476,1000.0240998389451,1000.0296320872656,1000.0359956792192,1000.0432451406062,1000.0514315309663,1000.0606021701778,1000.070800451348,1000.0820657302268,1000.0944332811102,1000.1079343093761,1000.1225960113062,1000.1384416725498,1000.1554907974003,1000.1737592619254,1000.1932594848575,1000.2140006109811
-0.06576,1000.0000000000002,1000.0000000000045,1000.0000000000707,1000.0000000007975,1000.000000006786,1000.0000000446016,1000.0000002318139,1000.000000975741,1000.000003408553,1000.0000101279547,1000.0000262075658,1000.0000603395151,1000.0001259375726,1000.0002420584761,1000.0004340517099,1000.000733895308,1000.0011802104971,1000.0018179740083,1000.0026979664434,1000.0038760086854,1000.0054120456613,1000.0073691378991,1000.0098124172765,1000.0128080556526,1000.0164222853991,1000.0207205006296,1000.0257664582423,1000.0316215894043,1000.03834442512,1000.0459901341278,1000.0546101674365,1000.0642520011809,1000.074958967893,1000.0867701655504,1000.0997204336433,1000.1138403858411,1000.1291564894694,1000.1456911828262,1000.1634630222818,1000.1824868520497,1000.2027739904465,1000.2243324273402
-0.06552,1000.0000000000002,1000.0000000000058,1000.000000000088,1000.0000000009807,1000.0000000082429,1000.0000000535346,1000.0000002750558,1000.0000011450943,1000.0000039590561,1000.0000116520091,1000.0000298906456,1000.0000682832341,1000.0001415226325,1000.0002703161623,1000.0004820150443,1000.00081090613,1000.0012981647475,1000.0019914936862,1000.0029444927635,1000.0042158165214,1000.0058681840304,1000.0079673047611,1000.0105807791857,1000.013777023901,1000.0176242604024,1000.0221895956898,1000.0275382127027,1000.0337326798167,1000.0408323815437,1000.0488930671903,1000.0579665104024,1000.0681002700376,1000.0793375414,1000.0917170863082,1000.1052732305268,1000.1200359175737,1000.1360308086904,1000.1532794196934,1000.1717992864357,1000.1916041516329,1000.2127041667973,1000.2351061039589
-0.06528,1000.0000000000003,1000.0000000000073,1000.0000000001095,1000.000000001205,1000.0000000100038,1000.0000000642015,1000.0000003260844,1000.0000013427039,1000.0000045946585,1000.000013394647,1000.0000340650954,1000.0000772161317,1000.0001589259097,1000.0003016742294,1000.0005349456363,1000.0008954706896,1000.0014271107951,1000.0021804182536,1000.0032119223429,1000.0045832047394,1000.0063598329996,1000.0086102195364,1000.0114044668971,1000.0148132500509,1000.0189067747344,1000.0237538392156,1000.0294210161837,1000.03597196245,1000.0434668569814,1000.0519619624446,1000.0615093017466,1000.07215643873,1000.0839463509787,1000.0969173823112,1000.1111032627706,1000.1265331845805,1000.1432319234323,1000.1612199955338,1000.1805138419503,1000.2011260328751,1000.2230654855189,1000.246337690289
-0.06504,1000.0000000000005,1000.0000000000092,1000.0000000001361,1000.0000000014791,1000.0000000121305,1000.0000000769274,1000.0000003862489,1000.0000015730814,1000.0000053278833,1000.0000153855583,1000.0000387926976,1000.0000872537719,1000.0001783455883,1000.000336449266,1000.0005933205088,1000.0009882736365,1000.0015679919287,1000.0023860029818,1000.0035018765924,1000.0049802144065,1000.0068895048538,1000.0093009142132,1000.0122870766083,1000.015920934361,1000.0202746674537,1000.025418738435,1000.0314210679982,1000.0383463472232,1000.0462554852601,1000.0552051859746,1000.0652476435298,1000.0764303447569,1000.0887959651642,1000.1023823452643,1000.1172225343241,1000.1333448894585,1000.1507732190455,1000.169526960612,1000.1896213845466,1000.2110678161795,1000.2338738698797,1000.2580436898548
-0.0648,1000.0000000000006,1000.0000000000116,1000.000000000169,1000.0000000018141,1000.0000000146968,1000.0000000920967,1000.0000004571216,1000.000001841424,1000.0000061729954,1000.0000176582208,1000.0000441424858,1000.0000985242469,1000.0001999997884,1000.0003749875407,1000.000657658531,1000.0010900560263,1000.001721824655,1000.002609595197,1000.0038160895392,1000.0054090211439,1000.0074598693737,1000.0100426018416,1000.0132324094013,1000.0171045057092,1000.0217330295761,1000.0271900752018,1000.0335448638542,1000.040863061132,1000.0492062367307,1000.0586314584873,1000.0691910091127,1000.0809322121258,1000.0938973527178,1000.1081236793318,1000.1236434723616,1000.1404841673649,1000.1586685213935,1000.1782148123319,1000.1991370624495,1000.2214452786234,1000.2451457028712,1000.270241067901
-0.06456,1000.0000000000007,1000.0000000000146,1000.0000000002099,1000.000000002223,1000.0000000177905,1000.0000001101621,1000.0000005405344,1000.0000021537132,1000.0000071462297,1000.0000202503487,1000.0000501915279,1000.0001111694202,1000.0002241283868,1000.0004176675094,1000.0007285237042,1000.0012016194478,1000.0018897037095,1000.0028526401861,1000.0041564146139,1000.0058719427584,1000.008073762254,1000.010838685665,1000.0142444810035,1000.0183686318923,1000.0232872148166,1000.0290739170849,1000.035799207197,1000.0435296597537,1000.0523274298495,1000.0622498668952,1000.0733492546686,1000.0856726627317,1000.0992618938195,1000.1141535120917,1000.1303789379597,1000.1479645963841,1000.1669321068812,1000.1872985049067,1000.2090764856813,1000.2322746628645,1000.256897835717,1000.282947259504
-0.06432,1000.0000000000009,1000.0000000000183,1000.0000000002601,1000.0000000027219,1000.0000000215168,1000.0000001316574,1000.0000006386184,1000.0000025168254,1000.0000082660433,1000.0000232043893,1000.0000570257862,1000.0001253462732,1000.0002509949762,1000.0004649024942,1000.0008065286453,1000.0013238303749,1000.0020728073074,1000.0031166873499,1000.0045248316816,1000.0063714471036,1000.0087341937262,1000.0116927684228,1000.0153275316746,1000.0197182299956,1000.0249428503383,1000.0310766283908,1000.0381912204055,1000.0463540385223,1000.0556277424423,1000.0660698754882,1000.0777326301884,1000.0906627271296,1000.104901390551,1000.1204844046817,1000.1374422358658,1000.1558002068824,1000.1755787113699,1000.1967934578104,1000.2194557340359,1000.2435726846265,1000.269147594865,1000.2961801760664
-0.06408,1000.0000000000011,1000.000000000023,1000.0000000003223,1000.0000000033298,1000.0000000260013,1000.000000157211,1000.0000007538513,1000.0000029386589,1000.0000095534023,1000.0000265680742,1000.0000647410612,1000.000141228378,1000.000280888991,1000.0005171435754,1000.0008923383336,1000.001457624828,1000.0022724027509,1000.0034033967589,1000.0049234545216,1000.006910160434,1000.0094443577196,1000.012608662232,1000.016486036716,1000.0211584774299,1000.0267058482126,1000.0332048819481,1000.0407283568019,1000.0493444448706,1000.0591162238951,1000.0701013380926,1000.0823517915393,1000.0959138564333,1000.11082807858,1000.127129363224,1000.1448471256232,1000.1640054923066,1000.184623540623,1000.2067155658542,1000.2302913667723,1000.255356542001,1000.2819127908926,1000.3099582138248
-0.06384000000000001,1000.0000000000015,1000.0000000000288,1000.0000000003989,1000.0000000040699,1000.0000000313931,1000.0000001875619,1000.0000008891102,1000.0000034282773,1000.0000110320985,1000.0000303950276,1000.0000734440242,1000.0001590074895,1000.0003141279909,1000.0005748826748,1000.000986674079,1000.0016040132814,1000.002489852299,1000.0037145459776,1000.0053545385693,1000.0074908760041,1000.010207641236,1000.013590398644,1000.0177247171039,1000.0226948230311,1000.028582416877,1000.035465670812,1000.0434184124991,1000.052509490122,1000.062802306999,1000.07435450979,1000.0872178119849,1000.1014379335709,1000.1170546380974,1000.1341018493991,1000.1526078317459,1000.1725954189258,1000.1940822795929,1000.2170812080004,1000.2416004309422,1000.2676439232816,1000.2952117258458,1000.324300260694
-0.0636,1000.0000000000019,1000.000000000036,1000.0000000004934,1000.0000000049702,1000.0000000378703,1000.0000002235785,1000.0000010477338,1000.0000039960705,1000.0000127291056,1000.0000347454389,1000.000083253347,1000.0001788952777,1000.0003510601244,1000.0006386558624,1000.0010903177545,1000.0017640858722,1000.0027266193725,1000.0040520372507,1000.0058204890427,1000.0081165630678,1000.0110276341359,1000.0146422391184,1000.0190485505409,1000.0243329985764,1000.0305790730001,1000.0378663203686,1000.0462695386396,1000.0558581617661,1000.0666958201723,1000.0788400590052,1000.0923421940674,1000.1072472849013,1000.123594205116,1000.1414157913808,1000.1607390542524,1000.1815854359378,1000.2039711020781,1000.2279072565537,1000.2534004701071,1000.280453015202,1000.3090632009939,1000.3392257035428
-0.06336,1000.0000000000024,1000.0000000000451,1000.0000000006096,1000.0000000060643,1000.0000000456442,1000.0000002662799,1000.0000012335911,1000.0000046539378,1000.0000146749751,1000.0000396868054,1000.0000943009396,1000.0002011252064,1000.0003920667854,1000.000709046901,1000.0012041163095,1000.0019390179319,1000.0029842751143,1000.0044179050755,1000.006323869476,1000.0087903763016,1000.0119081393606,1000.015768685936,1000.0204627829495,1000.0260790307404,1000.0327026537859,1000.0404145008745,1000.049290254063,1000.0593998361563,1000.0708070001016,1000.0835690800083,1000.097736881902,1000.1133546922407,1000.1304603831775,1000.1490855951832,1000.1692559796207,1000.1909914860042,1000.214306680818,1000.2392110868041,1000.2657095335188,1000.2938025116501,1000.3234865250806,1000.3547544359825
-0.06312000000000001,1000.0000000000031,1000.0000000000565,1000.0000000007525,1000.0000000073929,1000.0000000549661,1000.0000003168615,1000.0000014511626,1000.0000054154937,1000.0000169042779,1000.0000452947488,1000.0001067332963,1000.0002259545613,1000.0004375654559,1000.0007866910128,1000.0013289865352,1000.0021300757867,1000.0032645052303,1000.0048143240493,1000.0068674105149,1000.0095156654608,1000.0128531833435,1000.0169744932509,1000.0219729400371,1000.0279392530491,1000.0349603291895,1000.0431182398161,1000.052489457697,1000.0631442908299,1000.0751465038942,1000.088553104821,1000.103414272765,1000.1197734040695,1000.1376672541279,1000.1571261549625,1000.1781742905811,1000.2008300145104,1000.225106196202,1000.2510105851704,1000.278546183694,1000.3077116206703,1000.3385015207552,1000.3709068642356
-0.06287999999999999,1000.0000000000039,1000.0000000000706,1000.0000000009283,1000.0000000090048,1000.0000000661342,1000.0000003767234,1000.0000017056313,1000.0000062962997,1000.000019456097,1000.0000516539177,1000.0001207129709,1000.0002536666547,1000.0004880127809,1000.0008722789318,1000.0014659201696,1000.002338622955,1000.003569117278,1000.0052436172176,1000.0074540192587,1000.0102959856287,1000.0138670270628,1000.0182646788269,1000.0235848395964,1000.0299203186163,1000.037359614971,1000.0459859351622,1000.0558764419015,1000.0671017178432,1000.0797254223189,1000.0938041162834,1000.1093872299176,1000.1265171480594,1000.1452293902996,1000.1655528648151,1000.1875101775028,1000.2111179805166,1000.2363873467704,1000.2633241592434,1000.2919295059911,1000.3222000735774,1000.3541285332267,1000.3877039153356
-0.06264,1000.0000000000049,1000.0000000000881,1000.0000000011439,1000.0000000109585,1000.0000000795023,1000.0000004475046,1000.0000020029869,1000.0000073141257,1000.0000223745728,1000.0000588589778,1000.0001364201795,1000.000284573202,1000.0005439078536,1000.0009665612042,1000.0016159892805,1000.0025661266396,1000.0039000482575,1000.0057082647155,1000.0080867888773,1000.0111351077078,1000.0149541772865,1000.0196445359101,1000.025304603868,1000.0320292128648,1000.0399083856421,1000.049026368415,1000.0594609055083,1000.0712827366979,1000.0845552925258,1000.0993345604855,1000.1156690946837,1000.1336001427369,1000.153161865714,1000.1743816294832,1000.197280348571,1000.2218728663875,1000.2481683582804,1000.2761707462798,1000.3058791165329,1000.3372881323065,1000.3703884370475,1000.4051670433544
-0.0624,1000.0000000000061,1000.0000000001099,1000.0000000014085,1000.0000000133246,1000.0000000954892,1000.0000005311213,1000.0000023501445,1000.0000084892438,1000.0000257095115,1000.0000670157009,1000.0001540545475,1000.0003190168899,1000.0006057957444,1000.0010703527813,1000.0017803519845,1000.002814164595,1000.0042593726083,1000.0062109128412,1000.0087690086754,1000.0120370293668,1000.0161193982791,1000.0211196455579,1000.0271386723559,1000.0342732666898,1000.0426148878461,1000.0522487180808,1000.0632529672702,1000.0756984076651,1000.0896481111541,1000.1051573595835,1000.1222736989047,1000.1410371095221,1000.1614802676596,1000.1836288754355,1000.2075020403465,1000.2331126878096,1000.2604679931721,1000.2895698221106,1000.320415170555,1000.3529965972073,1000.387302643361,1000.4233182361133
-0.06216,1000.0000000000077,1000.000000000137,1000.0000000017327,1000.0000000161873,1000.0000001145908,1000.0000006298116,1000.0000027550802,1000.0000098447573,1000.0000295170582,1000.0000762421613,1000.000173837011,1000.0003573741523,1000.0006742712893,1000.0011845379211,1000.0019602585221,1000.0030844323903,1000.0046493106362,1000.0067543835833,1000.0095041746279,1000.0130059864698,1000.0173677239932,1000.022695889456,1000.0290938151256,1000.0366601700975,1000.0454877542047,1000.0556625736016,1000.0672631797613,1000.0803602455541,1000.0950163478809,1000.1112859250491,1000.129215377827,1000.1488432852025,1000.1702007087091,1000.1933115623956,1000.2181930287793,1000.2448560042764,1000.2733055605138,1000.303541410543,1000.3355583712671,1000.36934681537,1000.4048931077016,1000.4421800224699
-0.06192,1000.0000000000098,1000.0000000001705,1000.0000000021297,1000.000000019648,1000.0000001373933,1000.0000007461877,1000.0000032269837,1000.0000114069707,1000.0000338604432,1000.0000866700445,1000.0001960118776,1000.0004000581501,1000.0007499831255,1000.0013100753732,1000.0021570576396,1000.0033787509918,1000.0050722372534,1000.007341684443,1000.0102960001781,1000.014046464719,1000.0187044704115,1000.0243794628062,1000.0311771460856,1000.039197985733,1000.048536016947,1000.0592779489535,1000.071502542829,1000.0852802329099,1000.1006729582733,1000.1177341700992,1000.1365089820439,1000.1570344333318,1000.1793398375339,1000.2034471935414,1000.2293716387715,1000.2571219279987,1000.2867009242533,1000.3181060909525,1000.3513299767886,1000.3863606869127,1000.4231823356456,1000.4617754773466
-0.06168,1000.0000000000124,1000.0000000002121,1000.0000000026155,1000.0000000238277,1000.000000164589,1000.0000008832942,1000.0000037764336,1000.0000132058038,1000.0000388108087,1000.0000984460856,1000.0002208490714,1000.0004475219988,1000.0008336380373,1000.001448003938,1000.0023722034064,1000.0036990748388,1000.0055306912726,1000.0079760188643,1000.0111484276924,1000.0151632120032,1000.0201352486462,1000.0261768880242,1000.0333961371329,1000.0418951633238,1000.0517691225175,1000.0631052972923,1000.0759825181608,1000.090470834404,1000.1066313979148,1000.1245165234859,1000.1441698908875,1000.1656268571784,1000.188914851372,1000.214053827463,1000.2410567556068,1000.2699301347955,1000.3006745135651,1000.333285008087,1000.3677518094156,1000.404060673721,1000.4421933910367,1000.482128229458
-0.06144,1000.0000000000156,1000.0000000002638,1000.000000003209,1000.0000000288713,1000.0000001969952,1000.0000010446777,1000.0000044155946,1000.0000152752556,1000.0000444481232,1000.000111733639,1000.0002486465607,1000.000500262226,1000.000926005578,1000.0015994483352,1000.0026072623677,1000.0040475002645,1000.0060273850354,1000.0086607969743,1000.0120656401871,1000.0163612509642,1000.0216659781827,1000.0280950284998,1000.0357586322649,1000.0447605539914,1000.0551969459384,1000.0671555252343,1000.0807150433669,1000.095945010613,1000.1129056357939,1000.1316479424191,1000.1522140248271,1000.1746374115495,1000.1989435072411,1000.2251500887409,1000.2532678348755,1000.283300873356,1000.3152473314486,1000.3490998800031,1000.3848462629046,1000.4224698060918,1000.4619499020043,1000.5032624667227
-0.0612,1000.0000000000196,1000.0000000003275,1000.000000003934,1000.0000000349519,1000.0000002355753,1000.0000012344638,1000.0000051584412,1000.0000176539215,1000.0000508621895,1000.0001267143961,1000.0002797329905,1000.0005588224942,1000.0010279230121,1000.0017656254478,1000.0028639211147,1000.0044262743696,1000.0065652145213,1000.0093996468213,1000.0130520735606,1000.0176458920682,1000.0233029006272,1000.030141102849,1000.0382728621732,1000.0478034250254,1000.0588298056207,1000.071440007572,1000.0857125464825,1000.1017162322083,1000.1195101680925,1000.139143925884,1000.1606578582572,1000.184083515006,1000.2094441335474,1000.2367551789247,1000.2660249128103,1000.2972549749269,1000.3304409637643,1000.3655730064602,1000.4026363102339,1000.4416116898756,1000.482476067506,1000.5252029422236
-0.06096,1000.0000000000247,1000.0000000004063,1000.0000000048186,1000.0000000422759,1000.0000002814635,1000.0000014574482,1000.0000060210118,1000.0000203855727,1000.0000581537599,1000.0001435902623,1000.0003144705347,1000.0006237976049,1000.0011403005994,1000.0019478509585,1000.0031439942943,1000.0048378043743,1000.0071472699636,1000.0101964261388,1000.0141124293617,1000.0190227472166,1000.0250525939873,1000.0323226996934,1000.0409474593511,1000.0510334751633,1000.0626784786673,1000.0759706024699,1000.090987960941,1000.1077984946058,1000.1264600324312,1000.1470205284135,1000.1695184327426,1000.1939831625392,1000.2204356421637,1000.2488888879925,1000.2793486171155,1000.3118138635068,1000.3462775887999,1000.3827272778628,1000.4211455119358,1000.461510514215,1000.5037966644898,1000.547974980817
-0.06072,1000.0000000000309,1000.0000000005037,1000.0000000058968,1000.00000005109,1000.000000335995,1000.0000017191993,1000.0000070216938,1000.0000235198,1000.0000664357619,1000.0001625853989,1000.0003532579689,1000.0006958377745,1000.001264127194,1000.0021475463342,1000.0034494329826,1000.0052846673291,1000.0077768468017,1000.0110552344049,1000.0152516877952,1000.0204977435191,1000.0269219870274,1000.0346477924098,1000.0437914730595,1000.054460849603,1000.0667542157817,1000.0807596661306,1000.0965547398804,1000.1142063318109,1000.1337708211671,1000.15529437277,1000.1788133690318,1000.2043549368744,1000.2319375389957,1000.2615716041627,1000.2932601760155,1000.3269995641319,1000.3627799847957,1000.4005861820406,1000.440398022145,1000.4821910568818,1000.5259370525423,1000.5716044831156
-0.06048,1000.0000000000389,1000.0000000006239,1000.00000000721,1000.0000000616873,1000.0000004007384,1000.0000020261764,1000.0000081815475,1000.0000271127336,1000.0000758346505,1000.0001839484563,1000.0003965340044,1000.0007756532455,1000.0014004762519,1000.0023662462891,1000.0037823336033,1000.0057696204353,1000.0084574573027,1000.0119804256287,1000.0164751215082,1000.022077137902,1000.0289183745118,1000.0371247548268,1000.0468143853008,1000.058096156091,1000.0710687573205,1000.0858200686847,1000.1024268717537,1000.1209548316567,1000.1414586961823,1000.1639826642216,1000.1885608807719,1000.215218021591,1000.2439699364829,1000.2748243257618,1000.3077814294845,1000.3428347134691,1000.379971539911,1000.4191738135983,1000.4604185973517,1000.5036786924513,1000.5489231815079,1000.5961179325761
-0.06024,1000.0000000000487,1000.0000000007719,1000.0000000088078,1000.0000000744174,1000.0000004775364,1000.0000023858646,1000.0000095246705,1000.0000312278421,1000.0000864918932,1000.0002079549972,1000.0004447808741,1000.0008640192037,1000.001550512188,1000.0026056066262,1000.004144947237,1000.006295611749,1000.009192842539,1000.0129766214433,1000.0177883096187,1000.0237675318742,1000.0310494325101,1000.0397623768722,1000.0500261266224,1000.0619504807112,1000.0756343489154,1000.091165209507,1000.1086188952282,1000.128059650187,1000.1495404026713,1000.1731032036728,1000.198779786936,1000.2265922128123,1000.2565535645299,1000.288668671386,1000.3229348386363,1000.3593425684388,1000.397876260091,1000.438514881044,1000.4812326028098,1000.5259993980163,1000.5727815965322,1000.6215423999008
-0.06,1000.000000000061,1000.0000000009544,1000.0000000107502,1000.0000000896954,1000.0000005685503,1000.0000028069295,1000.000011078607,1000.0000359368204,1000.0000985656017,1000.0002349101347,1000.0004985282005,1000.0009617810454,1000.0017154971447,1000.0028674125426,1000.0045396894355,1000.006865791419,1000.0099869849183,1000.0140487247608,1000.0191971523027,1000.0255758868452,1000.0333232342396,1000.0425698807397,1000.0534370924202,1000.0660354041536,1000.0804637575526,1000.0968090329767,1000.1151459145109,1000.1355370264542,1000.1580332833375,1000.1826744012008,1000.2094895246565,1000.2384979313065,1000.2697097818572,1000.3031268904945,1000.3387434955613,1000.3765470153036,1000.4165187774211,1000.4586347144277,1000.5028660194831,1000.5491797594639,1000.5975394436991,1000.6479055480631
-0.05976,1000.0000000000764,1000.0000000011789,1000.0000000131096,1000.0000001080149,1000.0000006763128,1000.0000032993927,1000.0000128748104,1000.0000413205773,1000.0001122323239,1000.0002651514008,1000.0005583571681,1000.0010698600179,1000.0018967981971,1000.0031535874272,1000.004969150571,1000.0074835234907,1000.0108441212986,1000.0152019340203,1000.0207078859761,1000.0275095400287,1000.0357482664798,1000.0455569376135,1000.0570581597832,1000.0703630185071,1000.0855702881635,1000.102766044734,1000.1220236151612,1000.1434037978007,1000.1669552930696,1000.1927152900729,1000.2207101625451,1000.2509562350834,1000.2834605878609,1000.3182218745284,1000.355231133707,1000.3944725793231,1000.4359243590714,1000.4795592735976,1000.5253454516361,1000.5732469784296,1000.623224476376,1000.6752356380737
-0.05952,1000.0000000000955,1000.000000001455,1000.0000000159725,1000.0000001299612,1000.0000008037895,1000.0000038748325,1000.0000149491606,1000.0000474703279,1000.0001276890027,1000.0002990518472,1000.0006249049917,1000.0011892592116,1000.0020958949491,1000.0034662020654,1000.0054361065917,1000.0081523980933,1000.0117687564407,1000.0164417577055,1000.0223270986567,1000.029576220423,1000.0383334459464,1000.0487336842178,1000.0609007040218,1000.0749459435874,1000.090967799595,1000.1090513271591,1000.1292682789691,1000.1516774140418,1000.1763250123623,1000.2032455393525,1000.2324624124459,1000.2639888302735,1000.2978286326064,1000.3339771660167,1000.3724221361074,1000.4131444321187,1000.4561189138195,1000.5013151539036,1000.5486981317488,1000.5982288764534,1000.6498650586433,1000.703561531718
-0.05928,1000.0000000001194,1000.0000000017941,1000.0000000194436,1000.0000001562286,1000.0000009544488,1000.0000045466122,1000.0000173425465,1000.0000544888053,1000.0001451551278,1000.0003370234227,1000.0006988697467,1000.0013210699968,1000.0023143876546,1000.0038074844501,1000.0059435304536,1000.0088762443684,1000.0127656772623,1000.0177740297229,1000.0240617462458,1000.0317840657679,1000.0410881367,1000.05211074047,1000.0649766163697,1000.0797973445171,1000.0966707219184,1000.115680556284,1000.1368968003636,1000.1603759532917,1000.1861616624934,1000.2142854683811,1000.2447676431931,1000.2776180841413,1000.312837229091,1000.3504169700936,1000.3903415461624,1000.4325884017345,1000.4771290014131,1000.5239295948891,1000.5729519285647,1000.6241539024153,1000.6774901721504,1000.732912697865
-0.05904,1000.000000000149,1000.0000000022103,1000.0000000236482,1000.0000001876392,1000.0000011323433,1000.0000053301397,1000.0000201015176,1000.0000624916006,1000.0001648750817,1000.0003795206163,1000.0007810155314,1000.0014664788494,1000.0025540057665,1000.0041798300336,1000.0064946039873,1000.009659143802,1000.0138399674421,1000.0192049250518,1000.0259191689838,1000.0341416395624,1000.0440221674903,1000.0556992269264,1000.0692983213322,1000.0849309487965,1000.1026940730695,1000.1226700178722,1000.1449267018289,1000.1695181366316,1000.1964851193836,1000.2258560597852,1000.2576478927353,1000.2918670363142,1000.3285103635749,1000.3675661639368,1000.4090150761992,1000.4528309803424,1000.4989818394453,1000.5474304863654,1000.5981353523988,1000.6510511371101,1000.7061294199938,1000.7633192156846
-0.0588,1000.0000000001859,1000.0000000027205,1000.0000000287365,1000.0000002251658,1000.0000013422033,1000.0000062431627,1000.0000232790144,1000.0000716086429,1000.0001871207062,1000.000427044402,1000.0008721780132,1000.0016267746313,1000.0028166170006,1000.0045858125432,1000.0070927303619,1000.0105054441731,1000.0149970226458,1000.0207409760123,1000.0279071085112,1000.0366579486679,1000.047145849659,1000.0595107827636,1000.0738787945421,1000.0903610638579,1000.1090534759512,1000.1300366239456,1000.153376149754,1000.179123343205,1000.2073159278785,1000.2379789729068,1000.2711258806924,1000.3067594104543,1000.3448727063691,1000.3854503066812,1000.4284691165319,1000.4738993324695,1000.5217053107795,1000.5718463750677,1000.6242775610567,1000.6789502984691,1000.7358130312757,1000.7948117785837
-0.05856,1000.0000000002316,1000.0000000033457,1000.0000000348889,1000.0000002699583,1000.0000015895453,1000.0000073061021,1000.0000269351843,1000.0000819858344,1000.0002121941034,1000.0004801465072,1000.0009732703791,1000.001803356352,1000.0031042369449,1000.0050281953928,1000.0077415471793,1000.011419774155,1000.0162425664123,1000.0223890891909,1000.030033725573,1000.039342461536,1000.0504699956481,1000.0635575843401,1000.0787315811754,1000.096102595162,1000.115765176061,1000.137797929822,1000.1622639707858,1000.189211625813,1000.218675316535,1000.2506765577457,1000.2852250214331,1000.3223196264673,1000.3619496231797,1000.4040956499147,1000.4487307451269,1000.4958213038631,1000.5453279716436,1000.5972064720113,1000.6514083664919,1000.7078817475522,1000.7665718664741,1000.8274216989881
-0.058320000000000004,1000.0000000002883,1000.0000000041108,1000.000000042321,1000.0000003233746,1000.0000018807948,1000.000008542432,1000.000031138293,1000.0000937868487,1000.0002404306804,1000.000539434,1000.001085289675,1000.0019977413675,1000.0034190391333,1000.0055099435591,1000.0084449400072,1000.0124070582997,1000.0175826663452,1000.0241565625665,1000.032307617804,1000.042205126378,1000.0540059372947,1000.0678523633834,1000.0838708138207,1000.1021710635689,1000.1228460582157,1000.1459721500723,1000.1716096669221,1000.1998037250728,1000.2305852107952,1000.2639718671177,1000.2999694352052,1000.3385728106009,1000.3797671841858,1000.423529145753,1000.4698277347023,1000.5186254276449,1000.569879056876,1000.6235406568688,1000.679558238354,1000.7378764913128,1000.7984374194632,1000.8611809096653
-0.05808,1000.0000000003587,1000.0000000050464,1000.0000000512907,1000.0000003870167,1000.0000022234301,1000.0000099791077,1000.0000359657423,1000.0001071951166,1000.0002722024758,1000.0006055742607,1000.0012093236272,1000.0022115741571,1000.0037633657839,1000.0060342362029,1000.0092070567309,1000.0134725329088,1000.0190237512523,1000.0260511036479,1000.0347378385841,1000.0452563904698,1000.0577655453335,1000.0724084264589,1000.0893112317157,1000.1085826241717,1000.1303136648417,1000.1545781761537,1000.1814334324018,1000.2109210855014,1000.2430682482211,1000.2778886710172,1000.3153839616133,1000.3555448080436,1000.3983521757713,1000.4437784577274,1000.4917885627991,1000.5423409335982,1000.5953884884649,1000.6508794858012,1000.708758311152,1000.7689661891322,1000.8314418234615,1000.8961219691257
-0.05784,1000.0000000004458,1000.0000000061895,1000.0000000621067,1000.000000462773,1000.0000026261453,1000.0000116470508,1000.0000415052021,1000.0001224160053,1000.0003079217672,1000.0006793003166,1000.0013465578961,1000.0024466355778,1000.004139739039,1000.0066044797862,1000.0100323223653,1000.0146217623023,1000.0205726285932,1000.0280808478049,1000.0373339159562,1000.0485072193693,1000.0617612486471,1000.077239674018,1000.0950681993851,1000.1153540843511,1000.1381862133004,1000.163635592895,1000.191756169266,1000.2225858700913,1000.256147792047,1000.2924514691235,1000.3314941710772,1000.3732621933407,1000.4177321099181,1000.4648719691801,1000.5146424192131,1000.566997754675,1000.621886881172,1000.6792541962408,1000.7390403882414,1000.8011831560583,1000.8656178535678,1000.9322780635001
-0.0576,1000.0000000005534,1000.0000000075847,1000.0000000751368,1000.0000005528663,1000.000003099037,1000.0000135816961,1000.0000478558721,1000.0001396792138,1000.000348044992,1000.0007614165861,1000.0014982838271,1000.0027048526928,1000.0045508728339,1000.0072243218573,1000.0109254545555,1000.0158606557791,1000.022236502611,1000.0302543772639,1000.0401058721808,1000.0519691167382,1000.0660060540904,1000.0823606199853,1000.101157725788,1000.1225029223106,1000.146482613678,1000.1731646954324,1000.2025995033583,1000.2348209753237,1000.2698479451702,1000.3076855037566,1000.348326376751,1000.3917522812908,1000.4379352341026,1000.4868387921921,1000.5384192139895,1000.5926265340975,1000.6494055487854,1000.7086967123416,1000.7704369465193,1000.8345603667908,1000.9009989300829,1000.969683009245
-0.057359999999999994,1000.0000000006866,1000.0000000092862,1000.0000000908199,1000.0000006599115,1000.0000036538204,1000.0000158236088,1000.0000551298833,1000.0001592414029,1000.0003930770066,1000.0008528050626,1000.0016659067313,1000.0029883092027,1000.0049996854283,1000.0078976655378,1000.0118914798032,1000.017195485311,1000.024022993189,1000.0325807408112,1000.0430642439728,1000.0556541448193,1000.0705135669375,1000.0877864119425,1000.107596484036,1000.1300473061654,1000.1552224871101,1000.1831865066695,1000.213985800851,1000.2476500467081,1000.2841935646796,1000.323616773384,1000.3659076470144,1000.4110431384387,1000.4589905418156,1000.509708777165,1000.5631495861057,1000.6192586331862,1000.6779765111372,1000.7392396512344,1000.8029811419644,1000.8691314605543,1000.9376191227635,1001.0083712568222
-0.057120000000000004,1000.000000000851,1000.0000000113591,1000.0000001096791,1000.0000007869816,1000.0000043040731,1000.0000184191792,1000.0000634538526,1000.0001813890705,1000.0004435756863,1000.0009544319231,1000.0018509546551,1000.0032992564028,1000.0054893124683,1000.0086286845136,1000.0129357501351,1000.0186329035864,1000.0259401549371,1000.0350694735823,1000.0462201026626,1000.0595749446579,1000.0752980108866,1000.0935328506711,1000.1144018302705,1000.1380061119852,1000.1644261828591,1000.1937227932917,1000.2259381831234,1000.2610974924847,1000.2992102743584,1000.3402720439196,1000.3842658155796,1000.4311635920129,1000.4809277803649,1000.5335125195271,1000.5888649091274,1000.6469261360144,1000.7076324978099,1000.7709163258364,1000.8367068116041,1000.9049307422762,1000.9755131512621,1001.0483778904522
-0.05688,1000.0000000010538,1000.0000000138826,1000.0000001323369,1000.0000009376832,1000.0000050655163,1000.0000214214049,1000.0000729706095,1000.0002064417087,1000.0005001569263,1000.001067354657,1000.0020550877791,1000.0036401248719,1000.0060231208711,1000.0094218389287,1000.0140639607473,1000.0201799630979,1000.0279964973892,1000.0377306180278,1000.0495850756012,1000.0637447576441,1000.0803742494675,1000.0996164111925,1000.1215918241402,1000.1463989435529,1000.1741147972335,1000.2047960837557,1000.2384805437629,1000.2751884995993,1000.3149244796183,1000.3576788626206,1000.4034294943644,1000.4521432418032,1000.5037774617917,1000.5582813697315,1000.6155973003338,1000.6756618577092,1000.7384069556625,1000.8037607516562,1000.8716484796475,1000.9419931880986,1001.0147163900675,1001.0897386325303
-0.056639999999999996,1000.0000000013038,1000.0000000169515,1000.0000001595336,1000.000001116247,1000.0000059563347,1000.0000248907684,1000.0000838411055,1000.0002347552467,1000.000563500031,1000.0011927296689,1000.0022801083563,1000.0040135367294,1000.0066047232751,1000.0102818918068,1000.0152821681069,1000.0218441355822,1000.0302010054187,1000.0405747449418,1000.053171367456,1000.0681774467567,1000.0857578069531,1000.1060542631083,1000.1291852483711,1000.1552461510079,1000.1843101911845,1000.2164296847537,1000.2516375638407,1000.2899490477602,1000.3313633803276,1000.3758655696937,1000.423428083902,1000.4740124694051,1000.5275708709917,1000.5840474403011,1000.6433796267387,1000.705499349505,1000.7703340529739,1000.8378076500815,1000.907841359976,1000.980354447127,1001.055264869565,1001.1324898440516
-0.056400000000000006,1000.0000000016115,1000.0000000206804,1000.0000001921483,1000.0000013276282,1000.0000069975398,1000.0000288962232,1000.0000962465272,1000.0002667258136,1000.0006343535415,1000.0013318204267,1000.0025279712809,1000.0044223185932,1000.0072379932361,1000.0112139262437,1000.0165968088252,1000.0236333322189,1000.0325631603869,1000.0436129751873,1000.056991782161,1000.0728875184194,1000.0914648898428,1000.1128642914741,1000.137201628841,1000.1645688499691,1000.1950350083653,1000.2286476981318,1000.2654347276404,1000.3054059239524,1000.3485549841095,1000.394861310392,1000.4442917842608,1000.4968024480035,1000.5523400744081,1000.6108436134828,1000.6722455117614,1000.7364729044871,1000.8034486843168,1000.8730924524434,1000.9453213594559,1001.0200508440464,1001.0971952780122,1001.1766685259979
-0.05616,1000.0000000019902,1000.0000000252071,1000.0000002312248,1000.0000015776272,1000.0000082133857,1000.0000335162989,1000.0001103906317,1000.0003027938459,1000.0007135415286,1000.001486006186,1000.0028007953271,1000.0048695152755,1000.0079270812079,1000.0122233634064,1000.0180147193441,1000.0255559246301,1000.0350929620679,1000.0468570021654,1000.0610597455737,1000.077890145026,1000.0975124089797,1000.1200651182779,1000.1456612552314,1000.1743889412185,1000.2063126937414,1000.2414750383562,1000.2798983389379,1000.321586737517,1000.3665281202225,1000.4146960477166,1000.466051606603,1000.5205451528277,1000.5781179294331,1000.6387035496494,1000.702229342687,1000.7686175641707,1000.8377864763156,1000.9096513050125,1000.9841250822286,1001.0611193827646,1001.1405449645886,1001.2223123218458
-0.05592,1000.0000000024556,1000.0000000306973,1000.0000002780002,1000.0000018730256,1000.00000963184,1000.0000388403364,1000.0001265023193,1000.0003434485486,1000.0008019703496,1000.001656791261,1000.0031008749817,1000.0053584040833,1000.0086764311005,1000.0133159810434,1000.0195431560282,1000.0276207661469,1000.0378009506719,1000.0503191141933,1000.0653893278338,1000.0832011869489,1000.1039180009234,1000.1276761229428,1000.1545852004745,1000.1847291289504,1000.2181675105421,1000.2549374481002,1000.2950555351914,1000.3385199329315,1000.385312450945,1000.4354005724327,1000.4887393818703,1000.5452733685592,1000.6049380905947,1000.6676616923282,1000.7333662746005,1000.8019691214059,1000.87338378959,1000.9475210700456,1001.0242898299281,1001.1035977458605,1001.1853519381348,1001.2694595156555
-0.05568000000000001,1000.0000000030271,1000.0000000373499,1000.0000003339401,1000.000002221744,1000.0000112851193,1000.0000449698723,1000.0001448384745,1000.0003892327674,1000.0009006359563,1000.0018458149766,1000.0034306930788,1000.0058925100273,1000.0094907978353,1000.014497933072,1000.0211898164051,1000.0298372142921,1000.0406982301555,1000.0540122182402,1000.069995267162,1000.0888372160764,1000.1107000509547,1000.1357174645775,1000.1639953420749,1000.1956129410358,1000.2306245593775,1000.2690615161612,1000.3109343042295,1000.3562348052704,1000.4049384858228,1000.4570065161371,1000.5123877727162,1000.5710207001794,1000.6328350193783,1000.697753277057,1000.7656922383424,1000.8365641274988,1000.9102777251024,1000.9867393314244,1001.0658536066686,1001.1475242989809,1001.2316548710148,1001.3181490354498
-0.05544,1000.0000000037285,1000.0000000454037,1000.0000004007785,1000.0000026330251,1000.0000132102962,1000.0000520201814,1000.0001656870878,1000.0004407482689,1000.0010106317234,1000.002054862225,1000.0037929340792,1000.0064756216751,1000.0103752655064,1000.0157757696894,1000.0229628608105,1000.032215153515,1000.0437964916009,1000.0579498635328,1000.0748929933058,1000.0948155387704,1000.1178777152661,1000.1442101031739,1000.1739143821435,1000.2070647477665,1000.2437097956088,1000.2838746934076,1000.3275634987585,1000.3747615132755,1000.4254375933297,1000.4795463615482,1000.5370302824779,1000.5978215806842,1000.6618439907487,1000.7290143367844,1000.7992439448564,1000.8724398955765,1000.9485061266142,1001.0273443962692,1001.1088551198851,1001.1929380909704,1001.2794930985964,1001.3684204521031
-0.0552,1000.000000004588,1000.0000000551449,1000.0000004805653,1000.0000031176424,1000.0000154499872,1000.0000601219992,1000.0001893706892,1000.000498661476,1000.0011331568638,1000.0022858747168,1000.004190498129,1000.0071118078395,1000.0113352664026,1000.0171564583467,1000.024870934876,1000.0347650187333,1000.0471080373566,1000.0621462658661,1000.080098651642,1000.1011542194277,1000.1254709437103,1000.1531758213279,1000.1843658679254,1000.2191097810738,1000.2574500471841,1000.2994053091921,1000.3449728513416,1000.394131092917,1000.4468420130411,1000.5030534533404,1000.5627012647265,1000.6257112794157,1000.6920011003327,1000.7614817079741,1000.8340588902907,1000.9096345047582,1000.9881075839966,1001.0693752974616,1001.1533337821327,1001.2398788550131,1001.3289066197945,1001.4203139793459
-0.054959999999999995,1000.0000000056406,1000.0000000669163,1000.0000005757213,1000.0000036881414,1000.0000180531309,1000.0000694234406,1000.00021625012,1000.0005637096925,1000.0012695254715,1000.0025409629712,1000.0046265159391,1000.007805435141,1000.0123766009325,1000.0186474056277,1000.0269231929061,1000.0374978197293,1000.0506458059897,1000.0666163326816,1000.0856291279953,1000.1078721047157,1000.1335005031854,1000.1626372465653,1000.1953742129123,1000.2317741543221,1000.2718730330462,1000.3156825883437,1000.3631929899747,1000.4143754715722,1000.4691848684569,1000.5275620096612,1000.5894359335427,1000.6547259111625,1000.7233432724186,1000.7951930375781,1000.8701753620189,1000.9481868052987,1001.0291214375695,1001.1128717972474,1001.1993297140212,1001.2883870109619,1001.3799360988576,1001.4738704750616
-0.054720000000000005,1000.0000000069284,1000.0000000811278,1000.0000006891024,1000.0000043591162,1000.0000210758667,1000.0000800921304,1000.0002467286597,1000.0006367078214,1000.0014211761655,1000.0028224189765,1000.0051043643571,1000.0085611862371,1000.0135054581383,1000.0202564795991,1000.0291293215623,1000.0404251656619,1000.0544233971323,1000.0713756877963,1000.0915020728557,1000.1149888469444,1000.141987999893,1000.1726178722789,1000.2069647163084,1000.2450848802015,1000.2870073793962,1000.3327366657812,1000.3822554510557,1000.4355274793836,1000.4925001767942,1000.553107130423,1000.6172703703779,1000.684902441669,1000.7559082641933,1000.8301867860862,1000.9076324405844,1000.9881364195104,1001.0715877780801,1001.1578743863492,1001.2468837425369,1001.3385036629378,1001.4326228623098,1001.5291314376368
-0.05448,1000.0000000085028,1000.0000000982698,1000.0000008240746,1000.0000051475266,1000.0000245825279,1000.0000923175775,1000.000281256558,1000.0007185556605,1000.0015896824724,1000.0031327297278,1000.0056276829366,1000.0093840791503,1000.0147284374003,1000.021992033425,1000.0314995648879,1000.0435592909887,1000.0584550978147,1000.076440697706,1000.0977359272683,1000.1225249292222,1000.1509559035082,1000.1831420807209,1000.219163584709,1000.2590698910062,1000.3028826385262,1000.3505986038876,1000.4021926953185,1000.4576208637878,1000.5168228621661,1000.579724809195,1000.6462415347316,1000.7162786971779,1000.7897346742299,1000.866502235038,1000.9464700063182,1001.0295237475633,1001.1155474517622,1001.2044242883561,1001.2960374048289,1001.3902706025802,1001.4870089017243,1001.586139008311
-0.05424,1000.0000000104253,1000.0000001189275,1000.0000009846012,1000.0000060730615,1000.0000286467597,1000.000106313803,1000.000320335981,1000.0008102457581,1000.0017767638776,1000.0034745914959,1000.0062003912474,1000.0102794872961,1000.0160525707469,1000.0238629294533,1000.0340447496238,1000.0469130814695,1000.0627559086442,1000.0818284974795,1000.104349948048,1000.1305016896702,1000.1604275701367,1000.194235164514,1000.2319979520361,1000.2737580569167,1000.3195293054094,1000.369300407408,1000.423038121063,1000.4806903011262,1000.5421887656362,1000.6074519417765,1000.6763872713273,1000.7488933702923,1000.8248619471268,1000.904179490529,1000.9867287417992,1001.0723899689862,1001.1610420609591,1001.2525634595487,1001.3468329473114,1001.4437303074947,1001.5431368715836,1001.6449359685139
-0.054000000000000006,1000.0000000127711,1000.000000143799,1000.000001175344,1000.0000071585546,1000.000033352779,1000.0001223222554,1000.0003645264176,1000.0009128718966,1000.0019842976421,1000.0038509249617,1000.0068267071158,1000.0112531604725,1000.0174853461288,1000.0258785642382,1000.0367763114162,1000.0505001010022,1000.0673415707516,1000.0875570173545,1000.1113642336348,1000.1389413462193,1000.1704272658117,1000.205923348671,1000.2454958999625,1000.2891792047589,1000.3369788347717,1000.3888750388403,1000.4448260779012,1000.504771408801,1000.5686346558548,1000.6363263353945,1000.7077463179573,1000.7827860265614,1000.8613303789245,1000.9432594875504,1001.0284501352064,1001.1167770451178,1001.2081139657573,1001.3023345897924,1001.399313325892,1001.4989259408857,1001.6010500883825,1001.7055657384966
-0.05376,1000.0000000156307,1000.0000001737163,1000.0000014017807,1000.0000084304596,1000.000038796791,1000.0001406150387,1000.0004144505826,1000.0010276382455,1000.0022143314287,1000.0042648912637,1000.0075111658458,1000.0123112468623,1000.0190347317053,1000.028048894551,1000.0397063219701,1000.0543346193501,1000.0722285935668,1000.0936450101034,1000.1187997506654,1000.1478670220788,1000.1809801906253,1000.2182338132243,1000.2596864789328,1000.305364137362,1000.3552636587698,1000.4093564344541,1000.4675918811604,1000.5299007581266,1000.5961982404349,1000.6663867186899,1000.740358314171,1000.8179971119632,1000.8991811234788,1000.9837839953449,1001.0716764847482,1001.162727722696,1001.2568062868182,1001.353781104691,1001.4535222075187,1001.5559013525676,1001.6607925311646,1001.7680723774539
-0.05352,1000.0000000191134,1000.0000002096704,1000.0000016703417,1000.0000099193923,1000.000045088578,1000.0001614984741,1000.0004708008308,1000.0011558691732,1000.0024690966841,1000.0047199088373,1000.0082586402068,1000.0134603157187,1000.0207092006799,1000.0303844637568,1000.0428475163409,1000.0584316397496,1000.0774342821965,1000.1001120777063,1000.1266783595484,1000.1573027699072,1000.1921125012652,1000.2311947139685,1000.2745997270158,1000.3223446504758,1000.3744172019716,1000.4307795173635,1000.4913718231045,1000.5561158837747,1000.62491817371,1000.6976727478849,1000.774263805955,1000.8545679562025,1000.9384561944795,1001.0257956182492,1001.1164508984278,1001.2102855326422,1001.307162903272,1001.406947162675,1001.5095039665442,1001.6147010746779,1001.7224088366563,1001.8325005781431
-0.05328000000000001,1000.0000000233509,1000.0000002528392,1000.0000019885686,1000.0000116607492,1000.0000523532849,1000.0001853170413,1000.0005343461603,1000.001299019848,1000.0027510229771,1000.0052196713501,1000.0090743616336,1000.0147073813635,1000.0225177575295,1000.0328964296594,1000.0462133217713,1000.0628069281432,1000.0829767665178,1000.1069786998463,1000.1350228419876,1000.1672735980718,1000.2038513357993,1000.2448352056299,1000.2902666913774,1000.3401535525153,1000.3944738993811,1000.4531802138717,1000.5162031876627,1000.5834552969657,1000.654834068479,1000.7302250171803,1000.8095042548825,1000.8925407807143,1000.9791984724094,1001.0693378017057,1001.1628172992025,1001.2594947944552,1001.359228456431,1001.4618776581127,1001.5673036873081,1001.6753703237994,1001.7859443009899,1001.898895668266
-0.053040000000000004,1000.0000000285023,1000.0000003046231,1000.0000023652957,1000.0000136954113,1000.000060733417,1000.0002124577161,1000.0006059398047,1000.0014586875755,1000.0030627531638,1000.0057681664866,1000.009963942236,1000.0160599278901,1000.0244699647845,1000.0355965926918,1000.0498178866276,1000.067477042237,1000.0888750298013,1000.1142662616269,1000.1438569274153,1000.177805495509,1000.2162248367583,1000.2591854630385,1000.3067194474721,1000.3588246817526,1000.4154692116515,1000.4765954667598,1000.5421242618667,1000.611958495148,1000.6859865040308,1000.764085065233,1000.8461220431577,1000.9319587023866,1001.0214517070559,1001.1144548336714,1001.2108204253893,1001.3104006157147,1001.4130483484809,1001.5186182192765,1001.6269671614574,1001.7379549977084,1001.8514448759494,1001.9673036062746
-0.0528,1000.000000034759,1000.0000003666842,1000.0000028108633,1000.0000160705454,1000.0000703910748,1000.0002433547482,1000.0006865274772,1000.0016366239696,1000.0034071595131,1000.0063696957753,1000.0109333978872,1000.0175259349476,1000.0265759708541,1000.0384974250941,1000.0536761102496,1000.0724593613909,1000.095148938084,1000.1219970819644,1000.153205320035,1000.1889254571436,1000.2292621747388,1000.274276702798,1000.3239911187238,1000.3783929240029,1000.4374396408111,1000.5010632491133,1000.5691743478658,1000.6416659723002,1000.7184170348423,1000.799295382366,1000.8841604794525,1000.9728657381403,1001.0652605209457,1001.1611918470137,1001.2605058321287,1001.3630488927068,1001.4686687423609,1001.5772152075615,1001.6885408865825,1001.8025016735016,1001.9189571666541,1002.0377709786728
-0.052559999999999996,1000.0000000423507,1000.0000004409934,1000.0000033373606,1000.0000188405133,1000.0000815104545,1000.0002784949204,1000.0007771563187,1000.0018347480078,1000.0037873608477,1000.0070288955093,1000.0119891724437,1000.0191139046548,1000.028846538953,1000.0416121011397,1000.0578036737797,1000.0777721174107,1000.1018192703709,1000.1301944427413,1000.1630937265692,1000.2006615099672,1000.2429935726386,1000.2901412055754,1000.3421158968292,1000.3988942309489,1000.4604227466533,1000.5266225788525,1000.597393775691,1000.6726192300356,1000.7521682001393,1000.8358994187031,1000.9236638057341,1001.0153068105668,1001.1106704139064,1001.2095948231056,1001.3119198941139,1001.4174863123856,1001.5261365630469,1001.6377157181736,1001.7520720663878,1001.8690576073194,1001.9885284308987,1002.1103449990326
-0.052320000000000005,1000.0000000515544,1000.0000005298862,1000.0000039589077,1000.0000220679048,1000.000094300632,1000.0003184233079,1000.0008789845505,1000.0020551599317,1000.0042067405896,1000.0077507585568,1000.0131381627668,1000.0208328891629,1000.0312930764628,1000.0449545275329,1000.062217070864,1000.0834344248885,1000.1089077480437,1000.1388826168177,1000.1735488825186,1000.2130427372916,1000.2574503277367,1000.3068123359187,1000.3611290592859,1000.4203656354034,1000.4844571597941,1000.5533135296755,1000.6268239121891,1000.704860784651,1000.7872835291872,1000.873941587834,1000.9646771994372,1001.0593277487345,1001.1577277626318,1001.2597105902686,1001.3651098030236,1001.4737603489006,1001.5854994932724,1001.7001675751353,1001.8176086050664,1001.9376707281664,1002.0602065724922,1002.1850735009158
-0.05208,1000.0000000627016,1000.0000006361265,1000.0000046919804,1000.0000258247068,1000.0001089986724,1000.0003637496163,1000.0009932919545,1000.0023001561858,1000.0046689660105,1000.0085406575083,1000.0143877451897,1000.0226925197534,1000.0339276659103,1000.0485393755024,1000.0669336401322,1000.0894663134169,1000.1164370662563,1000.1480868981674,1000.1845985807048,1000.2260993054638,1000.272664836437,1000.3243245649586,1000.3810669900416,1000.4428452699406,1000.5095825983581,1000.581177245891,1000.657507174119,1000.7384341786067,1000.8238075512837,1000.9134672754482,1001.0072467808651,1001.1049752944815,1001.2064798259837,1001.3115868281941,1001.4201235711688,1001.5319192665654,1001.6468059759078,1001.7646193331585,1001.885199108741,1002.0083896389893,1002.1340401420345,1002.2620049384049
-0.05184,1000.0000000761904,1000.0000007629826,1000.0000055557833,1000.0000301936285,1000.0001258730874,1000.000415155105,1000.0011214911534,1000.0025722452874,1000.0051780084583,1000.0094043687627,1000.0157458028107,1000.024703036586,1000.0367630963574,1000.0523821130216,1000.0719715974858,1000.0958887592689,1000.124430924442,1000.1578336307673,1000.1962716982104,1000.239862488635,1000.288670616735,1000.3427134905164,1000.4019671972479,1000.4663723823485,1000.5358398812142,1000.6102559535526,1000.6894870373092,1000.7733839878455,1000.8617858013807,1000.9545228434015,1001.0514196158405,1001.1522971037857,1001.2569747452096,1001.3652720671301,1001.4770100297603,1001.5920121173133,1001.7101052107016,1001.8311202737603,1001.954892881037,1002.0812636117839,1002.2100783316231,1002.341188380474
-0.05160000000000001,1000.0000000924979,1000.0000009143149,1000.0000065726792,1000.0000352695973,1000.0001452276778,1000.0004734001658,1000.0012651397834,1000.0028741647625,1000.0057381647503,1000.0103480978258,1000.0172207539999,1000.0268753196173,1000.0398128958929,1000.0564990380402,1000.0773500692961,1000.1027237178871,1000.1329140575376,1000.1681502381222,1000.2085982238963,1000.2543646940637,1000.3055023311913,1000.3620158577114,1000.4238683315241,1000.4909873516151,1000.5632709417855,1000.6405929722116,1000.7228080464909,1000.8097558298513,1000.9012648265145,1000.9971556346642,1001.0972437193132,1001.2013417491668,1001.309261545268,1001.4208156882517,1001.5358188284375,1001.6540887394863,1001.7754471524273,1001.8997204028561,1002.0267399202016,1002.1563425843106,1002.2883709712353,1002.4226735070935
-0.05136,1000.0000001121947,1000.0000010946794,1000.0000077686819,1000.0000411614509,1000.0001674058033,1000.0005393326074,1000.0014259536215,1000.003208899205,1000.006354079793,1000.0113785058803,1000.018821582174,1000.0292209207504,1000.0430913652858,1000.0609073127914,1000.0830891265837,1000.1099941572621,1000.1419122680136,1000.1790652535312,1000.221609286606,1000.2696394880732,1000.3231958105505,1000.38226958022,1000.4468102048926,1000.5167317046223,1000.5919188426114,1000.6722327274811,1000.7575158260088,1000.8475963726542,1000.9422921932571,1001.0414139793662,1001.1447680601433,1001.2521587233449,1001.3633901374903,1001.4782679254455,1001.5966004362873,1001.7181997581921,1001.8428825106699,1001.9704704500606,1002.100790917998,1002.2336771586517,1002.3689685270089,1002.506510607293
-0.05112,1000.0000001359634,1000.0000013094468,1000.0000091740208,1000.0000479938408,1000.000192795107,1000.0006138966685,1000.0016058206462,1000.0035796993743,1000.0070307702352,1000.0125027372959,1000.0205578663408,1000.0317520965104,1000.0466136118647,1000.0656249979754,1000.0892098186968,1000.1177240904143,1000.1514524566057,1000.1906083486551,1000.2353371812862,1000.2857216195536,1000.3417880745473,1000.4035137583854,1000.4708338062512,1000.5436481290792,1000.6218277858746,1000.7052207593048,1000.7936570859923,1000.8869533390724,1000.9849164901946,1001.0873471956754,1001.1940425605352,1001.3047984373782,1001.4194113165638,1001.5376798612677,1001.6594061368975,1001.7843965795648,1001.9124627433972,1002.0434218616629,1002.1770972521674,1002.3133185932404,1002.451922092906,1002.5927505705232
-0.05088000000000001,1000.0000001646193,1000.0000015649426,1000.0000108237889,1000.0000559093814,1000.0002218327589,1000.0006981428671,1000.0018068162157,1000.003990102613,1000.0077736495963,1000.013728448734,1000.0224398133341,1000.0344818424966,1000.0503955852512,1000.0706710888874,1000.0957342090328,1000.1259386100412,1000.161562655361,1000.2028103645754,1000.2498153978016,1000.302647046387,1000.3613173558869,1000.4257887007706,1000.4959813205697,1000.5717804904745,1000.6530431282434,1000.7396037348451,1000.8312796334511,1000.9278755161782,1001.0291873359245,1001.1350055964829,1001.2451181015589,1001.3593122251618,1001.4773767641368,1001.599103429778,1001.7242880305292,1001.8527313923756,1001.9842400581,1002.1186268013792,1002.2557109868684,1002.3953188030497,1002.5372833907148,1002.6814448865201
-0.050640000000000004,1000.0000001991356,1000.0000018686089,1000.0000127586832,1000.0000650710647,1000.0002550112428,1000.0007932386891,1000.0020312192855,1000.0044439543891,1000.0085885544885,1000.0150638392261,1000.0244782908225,1000.0374239283341,1000.0544541132679,1000.0760655513437,1000.1026854101625,1000.1346639221546,1000.1722720592613,1000.2157033410248,1000.2650786475288,1000.3204529592768,1000.3818231212749,1000.4491359424278,1000.5222961444906,1000.6011738451385,1000.685611391555,1000.7754294569562,1000.8704323787169,1000.9704127598884,1001.0751553819733,1001.1844404908162,1001.2980465232232,1001.4157523423116,1001.5373390466548,1001.6625914134567,1001.7912990302375,1001.923257163466,1002.0582674066372,1002.1961381446995,1002.3366848666083,1002.4797303531823,1002.6251047633607,1002.7726456383987
-0.0504,1000.0000002406722,1000.0000022291935,1000.0000150258504,1000.0000756649716,1000.0002928847488,1000.0009004802056,1000.0022815298,1000.0049454311481,1000.0094817722078,1000.0165176816164,1000.0266848616319,1000.0405929338568,1000.0588069389627,1000.0818293586057,1000.1100876198251,1000.1439273804775,1000.1836110585098,1000.229320546207,1000.28116289049,1000.3391778060898,1000.4033460929571,1000.4735982636921,1000.5498229024878,1000.6318744539135,1000.7195802741619,1000.812746873391,1000.9111653426974,1001.0146160004499,1001.1228723166927,1001.2357041863202,1001.3528806257016,1001.4741719662868,1001.5993516145214,1001.7281974415347,1001.8604928594851,1001.9960276347539,1002.1345984817316,1002.2760094749597,1002.4200723119678,1002.5666064543193,1002.715439170141,1002.8664054977284
-0.050159999999999996,1000.0000002906111,1000.0000026569677,1000.0000176798541,1000.0000879033197,1000.0003360762289,1000.0010213046893,1000.0025604873251,1000.0054990645427,1000.010460069755,1000.0180993554334,1000.0290718194495,1000.0440042865858,1000.0634727588252,1000.0879845293749,1000.1179661578842,1000.1537575216993,1000.1956112715931,1000.2436965073329,1000.298105363167,1000.3588613168675,1000.4259282709356,1000.4992197096824,1000.5786074637773,1000.6639297966325,1000.7549986631622,1000.8516060869689,1000.9535296651727,1001.0605372490561,1001.172390870378,1001.28884999305,1001.4096741719628,1001.53462519801,1001.6634688028453,1001.7959759899923,1001.93192405151,1002.0710973220723,1002.2132877153723,1002.3582950813928,1002.5059274173761,1002.6560009602832,1002.8083401841366,1002.9627777218436
-0.049920000000000006,1000.0000003505966,1000.0000031639804,1000.0000207837745,1000.000102027869,1000.000385285148,1000.001157304237,1000.0028710908622,1000.0061097668682,1000.0115307239685,1000.0198188806787,1000.0316522251683,1000.0476742995025,1000.0684712608944,1000.0945541652441,1000.1263475022771,1000.164184099259,1000.2083055764152,1000.2588670387851,1000.3159446035218,1000.3795445256453,1000.4496129516218,1000.5260456058888,1000.6086969549922,1000.6973885820645,1000.7919166418135,1000.8920583606722,1000.997577607786,1001.108229598936,1001.2237648146554,1001.3439322213453,1001.4684818843083,1001.5971670572296,1001.7297458257784,1001.8659823750122,1002.0056479420175,1002.1485215072147,1002.2943902703158,1002.4430499501755,1002.5943049417856,1002.7479683584155,1002.9038619823554,1003.0618161438132
-0.04968,1000.0000004225831,1000.0000037643514,1000.0000244104639,1000.0001183137449,1000.0004412960307,1000.0013102405653,1000.0032166201114,1000.006782858131,1000.0127015534185,1000.0216869534808,1000.0344399451841,1000.0516202108574,1000.0738231649899,1000.1015624903741,1000.1352593273228,1000.1752381196516,1000.2217281441491,1000.2748692732296,1000.3347204792236,1000.4012697957639,1000.4744447502874,1000.5541225778835,1000.6401397773124,1000.7323007626533,1000.8303855020862,1000.9341561282188,1001.0433625628422,1001.1577472325805,1001.2770489683259,1001.4010061864684,1001.5293594479692,1001.6618534852286,1001.7982387784729,1001.9382727543081,1002.0817206699924,1002.2283562383296,1002.3779620401522,1002.530329764246,1002.68526030831,1002.8425637690962,1003.002059345188,1003.1635751718769
-0.04944,1000.0000005088921,1000.0000044746105,1000.0000286439717,1000.0001370737011,1000.0005049878279,1000.0014820609438,1000.0036006580269,1000.0075240944005,1000.0139809514552,1000.0237149826744,1000.0374496903095,1000.0558602242155,1000.0795502627511,1000.1090348905167,1000.1447305408974,1000.1869518771216,1000.2359144710106,1000.2917416902044,1000.3544742129314,1000.4240808418397,1000.5004696198048,1000.5834985669754,1000.6729856192227,1000.7687175445907,1000.8704577522758,1000.9779529994448,1001.090939056687,1001.2091454233346,1001.3322991973752,1001.4601282072257,1001.5923635085171,1001.728741341186,1001.8690046325444,1002.0129041218244,1002.1601991717567,1002.3106583234468,1002.4640596423963,1002.6201908960467,1002.7788495966968,1002.9398429380126,1003.1029876485327,1003.268109781481
-0.04920000000000001,1000.0000006122777,1000.0000053140895,1000.0000335811658,1000.0001586628833,1000.0005773441931,1000.0016749153958,1000.0040271148463,1000.0083396977121,1000.0153779208007,1000.025915127864,1000.0406970560668,1000.0604135497482,1000.085675458771,1000.1169979529813,1000.1547913224156,1000.1993589890506,1000.250901410639,1000.309524145256,1000.3752484080951,1000.4480227522532,1000.5277348699304,1000.6142228464536,1000.7072854699196,1000.8066913986127,1000.9121871254256,1001.0235037665904,1001.140362754085,1001.2624805380873,1001.3895724161837,1001.5213556058897,1001.657551670675,1001.7978884000397,1001.9421012331304,1002.0899343041227,1002.2411411768023,1002.3954853258593,1002.552740413514,1002.7126904022776,1002.875129537879,1003.0398622305755,1003.2067028581325,1003.3754755095828
-0.048960000000000004,1000.0000007360044,1000.0000063053747,1000.00003933357,1000.0001834841406,1000.0006594647444,1000.0018911752508,1000.0045002536709,1000.0092363875914,1000.0169021097555,1000.0283003390387,1000.0441985644314,1000.0653004468464,1000.0922228129106,1000.125479507644,1000.1654731617311,1000.2124944321608,1000.2667272072216,1000.3282578997797,1000.3970870754497,1000.4731420123469,1000.5562891873344,1000.6463460386342,1000.7430916335958,1000.8462760717599,1000.955628588808,1001.0708644117423,1001.1916904638587,1001.3178100413298,1001.4489265902108,1001.584746709699,1001.7249824988083,1001.869353352125,1002.017587297821,1002.1694219587308,1002.3246052056712,1002.4828955616382,1002.6440624061587,1002.807886020932,1002.9741575108794,1003.1426786287504,1003.3132615263839,1003.4857284514843
-0.04872,1000.0000008839372,1000.0000074748272,1000.0000460294467,1000.0002119939286,1000.0007525773491,1000.0021334530206,1000.0050247174618,1000.0102214139025,1000.0185638495095,1000.0308843969779,1000.0479717059701,1000.0705422666629,1000.0992175820327,1000.1345086668401,1000.1768088963814,1000.2263945765369,1000.283431525931,1000.347985647694,1000.4200356558961,1000.4994865235934,1000.5861826512188,1000.6799201271449,1000.780457738638,1000.8875265937547,1001.0008383477483,1001.120092108371,1001.2449801383935,1001.3751924928691,1001.5104207321393,1001.6503608456419,1001.794715510535,1001.9431957957845,1002.0955224084208,1002.2514265651965,1002.4106505604261,1002.5729480896272,1002.7380843787892,1002.9058361606243,1003.0759915319248,1003.2483497200247,1003.4227207812164,1003.598925249673
-0.048479999999999995,1000.0000010606487,1000.0000088531841,1000.0000538161555,1000.0002447088873,1000.0008580515766,1000.0024046238523,1000.0056055578494,1000.011302591651,1000.0203741935118,1000.0336819558034,1000.0520349842066,1000.076161496975,1000.1066862641644,1000.1441158678264,1000.1888327515786,1000.2410972226111,1000.3010554865832,1000.3687515456314,1000.4441410472252,1000.527105626958,1000.617466753498,1000.7149984741499,1000.8194387521513,1000.9304992890883,1001.0478738555416,1001.1712452293351,1001.3002908799724,1001.4346875527193,1001.5741149055365,1001.7182583430774,1001.8668111784802,1002.0194762384101,1002.1759670114179,1002.3360084251058,1002.4993373243236,1002.6657027108683,1002.8348657949291,1003.0065998997549,1003.1806902535772,1003.3569336965589,1003.5351383253086,1003.7151230931429
-0.048240000000000005,1000.0000012715425,1000.0000104762478,1000.0000628628183,1000.000282213132,1000.0009774133346,1000.0027078484496,1000.0062482654608,1000.0124883371669,1000.0223449579591,1000.0367085862958,1000.056407960319,1000.0821818068791,1000.1146566419537,1000.1543329139806,1000.2015803783868,1000.2566416357994,1000.3196416944388,1000.3906012397938,1000.4694516270619,1000.5560501220722,1000.6501944144146,1000.7516358326658,1000.8600909892575,1000.9752517835944,1001.0967938175904,1001.2243833488602,1001.357682940863,1001.4963559795445,1001.6400702218766,1001.7885005295453,1001.9413309250606,1002.0982560903692,1002.2589824112022,1002.4232286547254,1002.590726354002,1002.7612199604359,1002.9344668147389,1003.1102369778998,1003.2883129560106,1003.4684893464115,1003.6505724273137,1003.8343797086642
-0.048,1000.000001522998,1000.0000123856782,1000.0000733633273,1000.0003251663408,1000.0011123608107,1000.0030465976464,1000.0069588020197,1000.0137877060488,1000.0244887639645,1000.0399808207638,1000.0611112992297,1000.0886280926984,1000.123157827158,1000.1651930168675,1000.2150888926237,1000.2730685817575,1000.3392342715558,1000.4135818933298,1000.4960172763363,1000.5863722869684,1000.684419998774,1000.7898883595738,1000.9024721231827,1001.0218430119152,1001.1476581965453,1001.2795672456398,1001.417217724643,1001.5602596304549,1001.7083488390347,1001.8611497281597,1002.0183371189613,1002.1795976607302,1002.3446307651826,1002.513149179642,1002.6848792737517,1002.8595611014399,1003.0369482888374,1003.216807789525,1003.3989195406833,1003.583076047223,1003.7690819156029,1003.956753354627
-0.04776,1000.0000018225393,1000.0000146299027,1000.0000855397407,1000.0003743127165,1000.0012647818219,1000.0034246787228,1000.0077436343021,1000.0152104329437,1000.0268190814803,1000.0435161995453,1000.0661668171697,1000.0955265251943,1000.1322203062658,1000.1767308392848,1000.2293969146226,1000.2904203624106,1000.3598788888695,1000.4377422144303,1000.5238894034943,1000.6181258986031,1000.7201993330408,1000.8298136295853,1000.9466411964033,1001.0703332261373,1001.2005282187353,1001.3368589073465,1001.4789577890592,1001.6264614624585,1001.7790139615523,1001.9362692568906,1002.0978930736113,1002.2635641550887,1002.4329750811061,1002.6058327316941,1002.7818584721698,1002.9607881214932,1003.1423717546634,1003.3263733803111,1003.5125705266847,1003.7007537626363,1003.890726174801,1004.0823028177279
-0.04752000000000001,1000.000002179032,1000.000017265157,1000.0000996461,1000.0004304908748,1000.0014367725894,1000.0038462633767,1000.0086097696856,1000.0167669726749,1000.0293502742035,1000.0473333180329,1000.0715975292369,1000.1029045961812,1000.1418759849015,1000.188982536468,1000.2445446065415,1000.3087408489512,1000.381622794696,1000.4631324803416,1000.5531209641662,1000.6513662484181,1000.7575897170902,1000.8714706435143,1000.9926586257816,1001.1207839981344,1001.255466374043,1001.3963215283493,1001.542966841877,1001.6950255267059,1001.8521298335185,1002.0139234202958,1002.18006303796,1002.3502196655604,1002.5240792064178,1002.701342837835,1002.8817270906414,1003.0649637209157,1003.2507994244899,1003.4389954350559,1003.6293270385919,1003.8215830301643,1004.0155651337154,1004.2110874010024
-0.04728,1000.0000026029118,1000.0000203566784,1000.0001159727325,1000.0004946447906,1000.0016306581655,1000.0043159177195,1000.00956479389,1000.0184685436491,1000.0320976468402,1000.0514518761423,1000.0774276994864,1000.1107911677856,1000.1521582350222,1000.2019858002784,1000.2605737128983,1000.3280755183521,1000.4045148470883,1000.4898045656073,1000.5837664854623,1000.686150162949,1000.7966499414397,1000.9149198424657,1001.0405862140526,1001.1732582286833,1001.3125364229711,1001.4580195150266,1001.6093097447084,1001.7660169710816,1001.9277617401438,1002.0941775102742,1002.2649121965828,1002.4396291703915,1002.6180078275083,1002.7997438191308,1002.984549022188,1003.1721513115164,1003.3622941842137,1003.5547362765319,1003.7492508054476,1003.945624960332,1004.1436592646759,1004.3431669233913
-0.04704,1000.0000031064504,1000.0000239800694,1000.000134851077,1000.0005678358453,1000.001849014476,1000.0048386340694,1000.0106169103896,1000.0203271726324,1000.0350774933262,1000.0558927282369,1000.0836828909054,1000.1192165209679,1000.1631019407322,1000.2157799013688,1000.277527598465,1000.3484714866565,1000.4286055424259,1000.5178119660435,1000.6158820855519,1000.7225360193064,1000.837440298978,1000.9602231161841,1001.0904871551636,1001.2278201501588,1001.3718033970317,1001.52201848417,1001.6780525097244,1001.8395020354878,1002.0059760018534,1002.1770977991806,1002.3525066620034,1002.5318585256537,1002.714826460925,1002.9011007816143,1003.0903889020725,1003.2824150070446,1003.476919583733,1003.6736588558592,1003.8724041511865,1004.072941227205,1004.2750695742102,1004.4786017105976
-0.04680000000000001,1000.0000037040645,1000.0000282228538,1000.0001566591017,1000.0006512560982,1000.0020946921578,1000.0054198647889,1000.0117749818608,1000.0223557414447,1000.0383071468062,1000.0606779346172,1000.0903900167397,1000.1282124051771,1000.1747435450279,1000.2304057321087,1000.2954512867952,1000.369977542823,1000.4539470445292,1000.5472098232509,1000.6495254938226,1000.7605837613099,1000.8800225974471,1001.007443812268,1001.1424260406062,1001.2845353303505,1001.4333336003976,1001.5883852627871,1001.7492622979003,1001.9155480487941,1002.0868399701742,1002.2627515348549,1002.4429134690488,1002.6269744590807,1002.8146014468298,1003.0054796094817,1003.199312100837,1003.3958196161566,1003.5947398299168,1003.7958267455415,1003.9988499877923,1004.2035940617124,1004.4098575965662,1004.6174525888397
-0.046560000000000004,1000.0000044126735,1000.0000331862543,1000.000181827377,1000.0007462428892,1000.0023708423089,1000.0060655582671,1000.0130485737515,1000.0245680356522,1000.0418050314504,1000.0658308146647,1000.0975773932679,1000.137812089248,1000.1871210975993,1000.2459058504181,1000.3143914995572,1000.3926441833202,1000.4805932145118,1000.5780549498947,1000.6847560718727,1000.8003549165496,1000.9244601729621,1001.0566467465492,1001.196468867048,1001.3434706777218,1001.497194613135,1001.6571878896293,1001.8230074191239,1001.9942234277828,1002.1704220257456,1002.3512069378983,1002.5362005715625,1002.725044566373,1002.9173999450231,1003.1129469609485,1003.3113847200868,1003.5124306382074,1003.7158197824737,1003.921304135469,1004.1286518114798,1004.3376462480473,1004.5480853903659,1004.7597808817821
-0.04632,1000.0000052521144,1000.0000389872137,1000.0002108458609,1000.0008542948344,1000.0026809441262,1000.006782196843,1000.014447999516,1000.0269787944928,1000.0455907149762,1000.071376000076,1000.1052747919887,1000.1480504109913,1000.2002743006007,1000.2623245208641,1000.3343966924609,1000.4165236426948,1000.5085996360424,1000.6104058498805,1000.7216348289364,1000.8419126074629,1000.9708178971721,1001.1078982067785,1001.2526830369698,1001.4046944394038,1001.5634552869293,1001.72849560899,1001.8993573243772,1002.0755976679906,1002.2567915680634,1002.4425331905358,1002.6324368305765,1002.82613729884,1003.0232899222004,1003.2235702552435,1003.4266735793261,1003.6323142500188,1003.8402249407287,1004.0501558197682,1004.2618736896749,1004.4751611108222,1004.6898155259706,1004.9056483981442
-0.046079999999999996,1000.000006245622,1000.0000457606995,1000.0002442714978,1000.0009770894123,1000.0030288347675,1000.0075768372202,1000.0159843684081,1000.0296037634022,1000.0496849638388,1000.0773394908588,1000.1135134946844,1000.1589638298188,1000.2142445576603,1000.2797077592627,1000.3555170950171,1000.4416699283548,1000.538023645244,1000.6443227436271,1000.7602244428889,1000.8853215684837,1001.0191621909917,1001.1612659633713,1001.3111373668416,1001.4682762071894,1001.6321857492537,1001.8023788733688,1001.9783826071815,1002.1597413441851,1002.346019015211,1002.5368004357922,1002.7316920130944,1002.930321961935,1003.1323401503573,1003.3374176709845,1003.54524621439,1003.7555373044397,1003.9680214423701,1004.1824471957832,1004.3985802602668,1004.6162025146236,1004.8351110853644,1005.0551174319276
-0.045840000000000006,1000.0000074203836,1000.0000536623202,1000.0002827366862,1000.0011165021733,1000.003418741309,1000.0084571529393,1000.0176696349744,1000.032459747748,1000.0541097990504,1000.083748711299,1000.1223263477418,1000.1705904778751,1000.2290750206548,1000.2981033743299,1000.3778047466768,1000.4681388511167,1000.568924355802,1000.6798675880445,1000.8005892755035,1000.9306481570421,1001.0695610318184,1001.2168192733153,1001.3719020881704,1001.5342869161389,1001.7034573999142,1001.8789093383002,1002.0601549970158,1002.2467261026454,1002.4381757952364,1002.634079768172,1002.8340367822553,1003.037668705053,1003.244620196355,1003.4545581356233,1003.6671708668654,1003.8821673198204,1004.0992760530439,1004.3182442538471,1004.5388367216034,1004.7608348542676,1004.9840356526985,1005.2082507532762
-0.0456,1000.0000088081792,1000.0000628712954,1000.0003269587226,1000.001274627748,1000.00385531504,1000.0094314792543,1000.0195166507779,1000.0355646685665,1000.0588885537665,1000.0906325674433,1000.1317478177253,1000.1829702121795,1000.2448106372875,1000.3175610099855,1000.4013135335291,1000.4959880562755,1000.6013626846105,1000.7171040971137,1000.8427953884076,1000.9779603653814,1001.1220839617092,1001.2746288851895,1001.435048849817,1001.6027988446151,1001.7773429091833,1001.9581598589268,1002.1447473546294,1002.3366246554772,1002.533334339701,1002.7344432266407,1002.9395426899157,1003.1482485138612,1003.3602004141204,1003.5750613176215,1003.7925164763261,1004.0122724723823,1004.234056158919,1004.4576135700896,1004.6827088255806,1004.909123048203,1005.1366533080345,1005.3651116025753
-0.04536,1000.0000104461213,1000.0000735938271,1000.0003777503191,1000.0014538027986,1000.0043436682273,1000.0105088605103,1000.021539218431,1000.0389376203856,1000.0640459327288,1000.0980215061966,1000.1418140483238,1000.196144667917,1000.2614981996321,1000.3381321884932,1000.4260992257695,1000.5252770554365,1000.635401378222,1000.7560977633475,1000.8869105600326,1001.0273278335092,1001.1768020968444,1001.334767045632,1001.5006507219273,1001.6738856160987,1001.8539162178769,1002.0402044886712,1002.2322336696052,1002.4295107773223,1002.6315680797558,1002.8379637902561,1003.0482821719983,1003.2621332055004,1003.4791519398169,1003.6989976216828,1003.9213526757097,1004.1459215918028,1004.372429762531,1004.6006223025846,1004.8302628741266,1005.0611325353582,1005.2930286245712,1005.5257636880743
-0.04512000000000001,1000.0000123775054,1000.0000860669111,1000.0004360312754,1000.0016566309586,1000.0048894132339,1000.0116990996349,1000.0237521472078,1000.0425989299905,1000.0696080719438,1000.1059475738765,1000.1525629159246,1000.2101573095154,1000.279186389645,1000.3598703498,1000.4522195106584,1000.5560672531973,1000.6711050335729,1000.7969158730217,1000.9330042958848,1001.078821855068,1001.2337881295547,1001.3973074980579,1001.5687821918357,1001.7476221927266,1001.9332525289329,1002.1251184692146,1002.3226890490515,1002.5254592930395,1002.7329514330486,1002.9447153645076,1003.1603285344373,1003.3793954142864,1003.6015466774255,1003.8264381743238,1004.0537497769648,1004.2831841470122,1004.5144654687927,1004.747338177621,1004.9815657057742,1005.216929262047,1005.45322665591,1005.6902711735302
-0.04488,1000.0000146527898,1000.000100562656,1000.0005028414653,1000.0018860100641,1000.0054987044863,1000.0130128105637,1000.0261713115502,1000.0465702181056,1000.0756026013614,1000.1144444778928,1000.164034088478,1000.2250534852341,1000.2979258284806,1000.3828308950427,1000.4797340300789,1000.588421978913,1000.7085401243205,1000.8396275275674,1000.9811478455373,1001.1325153904907,1001.2931163381882,1001.4623254897524,1001.6395191688571,1001.824084878209,1002.0154283088289,1002.2129782307436,1002.4161897169645,1002.6245460764267,1002.837559802015,1003.054772779351,1003.2757559511066,1003.5001085896529,1003.7274572968066,1003.9574548221351,1004.1897787695784,1004.4241302450433,1004.6602324842046,1004.8978294893095,1005.1366846956869,1005.3765796824305,1005.6173129369643,1005.8586986795704
-0.04464,1000.0000173307217,1000.0001173931573,1000.0005793552097,1000.0021451616592,1000.0061782829915,1000.0144614728424,1000.0288137111287,1000.0508744619356,1000.0820587076595,1000.1235476477095,1000.1762690827832,1000.2408804793116,1000.3177691225352,1000.4070712260121,1000.5087044133493,1000.62240651309,1000.7477750212491,1000.8843036585386,1001.031414212764,1001.1884830729116,1001.354862589393,1001.5298977710785,1001.7129389809262,1001.9033513123541,1002.1005212803943,1002.3038613834038,1002.5128130046271,1002.726848039829,1002.9454695629202,1003.1682117778755,1003.3946394522719,1003.6243469845252,1003.8569572221071,1004.0921201203154,1004.3295113093154,1004.5688306200364,1004.8098006061775,1005.0521650892603,1005.2956877457228,1005.5401507489921,1005.7853534748606,1006.0311112750328
-0.04440000000000001,1000.0000204796302,1000.0001369159983,1000.0006668971967,1000.0024376630207,1000.0069355237305,1000.0160574888978,1000.031697533219,1000.0555360597065,1000.0890071987254,1000.1332942972036,1000.1893113228784,1000.2576875649687,1000.3387709101618,1000.4326507851742,1000.539194310553,1000.658088114321,1000.7888800132944,1000.9310170433182,1001.0838781665606,1001.246801215137,1001.4191043416391,1001.6001025961117,1001.7891203728511,1001.9855004673914,1002.1886104176009,1002.3978467108986,1002.6126373433142,1002.8324431262023,1003.0567580574949,1003.2851090076932,1003.5170549158847,1003.7521856466444,1003.9901206232162,1004.2305073243455,1004.4730197101763,1004.7173566255357,1004.9632402157105,1005.2104143796754,1005.4586432779668,1005.7077099065242,1005.957414743394,1006.2075744718951
-0.044160000000000005,1000.0000241789095,1000.0001595404535,1000.0007669600949,1000.0027674818783,1000.0077784860619,1000.017814244064,1000.0348422174796,1000.060580897297,1000.0964805699449,1000.1437234885462,1000.203206199689,1000.275526058443,1000.3609879092573,1000.45963109648,1000.5712694266463,1000.695536047047,1000.8319273294986,1000.9798423218957,1001.1386162534042,1001.3075478180363,1001.4859206503563,1001.6730197250845,1001.8681435065697,1002.0706126464852,1002.2797759427189,1002.4950141666244,1002.7157422596903,1002.9414103040153,1003.1715035875454,1003.4055420154249,1003.6430790620846,1003.8837004131996,1004.1270224106235,1004.3726903851435,1004.6203769399118,1004.869780230409,1005.1206222737488,1005.372647310172,1005.6256202320351,1005.879325089928,1006.133563681327,1006.3881542240758
-0.04392,1000.0000285207173,1000.0001857344611,1000.0008812239573,1000.0031390138284,1000.0087159668568,1000.0197461686992,1000.0382685220006,1000.0660364153047,1000.1045130700362,1000.1548761946806,1000.2180011282978,1000.2944493696998,1000.3844789606339,1000.4880758011476,1000.60499754981,1000.7348216029259,1000.8769911540118,1001.0308560062006,1001.1957068016433,1001.370802570692,1001.5553921645037,1001.7487304179796,1001.9500899523038,1002.1587694729244,1002.3740993139575,1002.5954448601179,1002.8222083613701,1003.0538295521828,1003.2897853994781,1003.5295892310008,1003.7727894374285,1004.0189678951135,1004.2677382198638,1004.5187439337566,1004.771656605026,1005.0261740042185,1005.282018306967,1005.5389343640085,1005.7966880517698,1006.0550647113929,1006.3138676800668,1006.5729169156149
-0.04368,1000.0000336119192,1000.0002160324752,1000.0010115776699,1000.003557122886,1000.0097575570961,1000.0218688036127,1000.0419985925577,1000.0719316793586,1000.1131407702594,1000.1667953653589,1000.2337456090163,1000.3145130572582,1000.4093050759109,1000.5180506984499,1000.6404485853624,1000.776018128362,1000.9241476478834,1001.0841364968697,1001.255229933961,1001.4366468592488,1001.6276011324393,1001.8273174379918,1002.0350426901199,1002.2500538902219,1002.4716632244795,1002.6992210553057,1002.9321173346724,1003.1697818575485,1003.4116836816972,1003.6573299651251,1003.9062644125457,1004.1580654749861,1004.4123444098271,1004.6687432800964,1004.9269329499873,1005.1866111169385,1005.4475004080143,1005.7093465588754,1005.971916686584,1006.2349976622972,1006.4983945861192,1006.7619293636754
-0.043440000000000006,1000.0000395763115,1000.0002510442715,1000.001160142516,1000.0040271850479,1000.0109137013386,1000.0241988675655,1000.0460560330403,1000.0782974507182,1000.1224016329803,1000.179525991545,1000.2504912858227,1000.3357748794236,1000.4355294809193,1000.549623781212,1000.6776945836699,1000.819201045414,1000.9734749636929,1001.1397640923843,1001.3172675717981,1001.5051637673633,1001.7026313990815,1001.9088650460121,1002.1230861022735,1002.3445501527863,1002.5725515918023,1002.8064261589776,1003.0455519324547,1003.2893492023229,1003.5372795518471,1003.7888443964879,1004.0435831694558,1004.3010712946293,1004.5609180505994,1004.8227644011566,1005.086280845875,1005.3511653280738,1005.6171412251397,1005.8839554370456,1006.1513765821511,1006.4191933044473,1006.6872126928793,1006.9552588108866
-0.0432,1000.0000465571571,1000.0002914648247,1000.0013292980949,1000.0045551351978,1000.0121957605102,1000.0267543275487,1000.0504659781659,1000.0851662587783,1000.1323355817932,1000.1931151710429,1000.2682920057271,1000.3582948462174,1000.4632176596648,1000.5828652718158,1000.7168097685962,1000.8644478733365,1001.0250532609625,1001.1978209991721,1001.3819034409491,1001.5764380780504,1001.7805684046859,1001.9934589969439,1002.2143059675976,1002.4423438188401,1002.6768495496373,1002.9171447118754,1003.1625959647258,1003.4126145544493,1003.6666550471193,1003.9242135621683,1004.1848256921911,1004.4480642460079,1004.7135369147996,1004.9808839328064,1005.2497757826753,1005.5199109794926,1005.7910139555815,1006.062833059339,1006.335138674952,1006.6077214652081,1006.8803907363464,1007.1529729216342
-0.04296,1000.0000547200805,1000.0003380853776,1000.001521710794,1000.0051475175488,1000.013616078131,1000.0295544719198,1000.0552551685672,1000.0925724755895,1000.1429845733375,1000.2076121755074,1000.2872038792497,1000.3821352722231,1000.4924373990991,1000.6178476589979,1000.757870566809,1000.911838251107,1001.0789647227272,1001.2583913430694,1001.4492230787397,1001.6505562773325,1001.8614991856565,1002.0811865382788,1002.308789458363,1002.5435217460123,1002.7846434425885,1003.0314623828143,1003.2833342924523,1003.5396618613071,1003.7998931180286,1004.0635193516222,1004.3300727611075,1004.5991239659603,1004.8702794727781,1005.1431791655169,1005.4174938655731,1005.6929229923072,1005.9691923430546,1006.2460520032216,1006.523274390989,1006.8006524368292,1007.077997895052,1007.3551397825831
-0.04272000000000001,1000.0000642563624,1000.0003918058015,1000.0017403649188,1000.0058115395088,1000.0151880494344,1000.0326199853243,1000.0604520265863,1000.1005523900567,1000.1543926677198,1000.2230685149487,1000.3072853372917,1000.4073608247896,1000.523258828311,1000.6546457282383,1000.8009556299547,1000.9614539522029,1001.1352935638239,1001.3215611720508,1001.5193138320798,1001.7276065484377,1001.9455123656147,1002.172136398679,1002.4066251269311,1002.6481720765344,1002.8960208102958,1003.149465952108,1003.4078528105449,1003.6705760324942,1003.9370776111784,1004.2068444895845,1004.4794059360496,1004.7543308197256,1005.0312248765817,1005.309728028825,1005.589511799958,1005.8702768524565,1006.1517506639311,1006.4336853496004,1006.7158556332021,1006.998056964484,1007.2801037787212,1007.5618278919534
-0.042480000000000004,1000.0000753866907,1000.0004536484331,1000.0019885968653,1000.0065551296198,1000.0169261944645,1000.035973027218,1000.0660867355709,1000.1091442857578,1000.1666061027684,1000.2395380063383,1000.3285971924561,1000.4340385771309,1000.5557544631582,1000.6933365982176,1000.846145863596,1001.0133789068605,1001.1941260473991,1001.3874184679017,1001.5922648651682,1001.8076787763158,1002.0326981574229,1002.2663987881064,1002.5079029044977,1002.756384235028,1003.011070384622,1003.2712433084499,1003.5362384446724,1003.8054429367627,1004.0782932664732,1004.3542725336795,1004.632907554448,1004.9137658995974,1005.1964529592163,1005.4806090912375,1005.7659068919943,1006.0520486119528,1006.3387637291681,1006.6258066854286,1006.9129547847436,1007.2000062502024,1007.4867784328475,1007.7731061647194
-0.04224,1000.0000883654224,1000.0005247734872,1000.0022701323757,1000.0073869992208,1000.0188462340991,1000.0396373120551,1000.072191319703,1000.1183885182277,1000.1796733666396,1000.2570768394221,1000.3512026964588,1000.4622380564783,1000.5899992450254,1000.7339997505941,1000.8935244487668,1001.067699216363,1001.2555504929376,1001.456053148982,1001.6681671579171,1001.8908645425614,1002.1231483553397,1002.3640653878464,1002.6127140895269,1002.8682489158055,1003.1298820762,1003.3968834350192,1003.6685791371847,1003.9443493879684,1004.223625703261,1004.5058878608878,1004.790660718217,1005.0775110123318,1005.3660442226249,1005.6559015488251,1005.9467570378606,1006.2383148787867,1006.5303068748894,1006.8224900949684,1007.1146447009193,1007.4065719454828,1007.6980923319663,1007.9890439265326
-0.041999999999999996,1000.0001034854212,1000.0006064962366,1000.0025891272093,1000.0083167082765,1000.0209651696301,1000.0436381921778,1000.0787997259624,1000.1283275939738,1000.1936452717869,1000.275743643551,1000.375167598277,1000.4920312927936,1000.626070580077,1000.7767170603092,1000.9431768641828,1001.1245031681624,1001.3196572853502,1001.5275570742979,1001.7471135059452,1001.977257122166,1002.2169563292601,1002.4652293428604,1002.7211513387437,1002.9838580729412,1003.2525469639457,1003.5264763987342,1003.8049638363442,1004.0873831344734,1004.3731614100589,1004.6617756577147,1004.9527492844559,1005.2456486704501,1005.54007982964,1005.8356852178584,1006.1321407170905,1006.4291528109848,1006.7264559571624,1007.023810155283,1007.3209987053879,1007.6178261481884,1007.9141163772304,1008.2097109119586
-0.041760000000000005,1000.0001210835428,1000.000700306142,1000.0029502114928,1000.0093547355616,1000.0233013659854,1000.0480027434754,1000.0859479083268,1000.1390062513656,1000.2085750304637,1000.2955995557306,1000.4005602032755,1000.5234928683216,1000.6640483793229,1000.8215728267826,1000.9951909094883,1001.1838812522486,1001.3865388855555,1001.6020240493312,1001.8291985226014,1002.0669514825664,1002.3142170215102,1002.5699852569361,1002.8333086611493,1003.103304913575,1003.3791572879941,1003.6601133430966,1003.9454824893035,1004.2346328524308,1004.5269877382817,1004.822021914465,1005.1192578603483,1005.418262087818,1005.7186416002819,1006.0200405318473,1006.3221369903658,1006.6246401151587,1006.9272873512992,1007.2298419362794,1007.5320905909318,1007.8338414040253,1008.1349218985774,1008.4351772673108
-0.04152,1000.000141546848,1000.0008078880677,1000.0033585378146,1000.0105125528692,1000.0258746376418,1000.0527598521824,1000.0936739118312,1000.1504715401735,1000.2245183276253,1000.3167082848043,1000.4274514272607,1000.5566999609796,1000.7040150915692,1000.8686537971752,1001.0496567198902,1001.2459261683308,1001.4562898313892,1001.6795498217936,1001.9145186305681,1002.1600442719882,1002.4150269326906,1002.6784291766801,1002.9492814007044,1003.2266838797325,1003.5098064310238,1003.7978864693215,1004.0902260232782,1004.3861881271936,1004.6851928840368,1004.9867134075423,1005.2902717860527,1005.5954351631941,1005.9018119960119,1006.2090485265325,1006.5168254852655,1006.8248550330219,1007.1328779391423,1007.4406609887604,1007.747994608264,1008.0546906960933,1008.3605806450082,1008.6655135416382
-0.04128,1000.0001653196288,1000.0009311458838,1000.0038198336412,1000.0118027041925,1000.0287063388503,1000.0579403054892,1000.1020179604571,1000.1627729051967,1000.2415333982428,1000.3391361804411,1000.4559148558324,1000.591732393653,1000.7460557429849,1000.9180491970585,1001.1066667890225,1001.3107328420887,1001.5290067484138,1001.7602320880774,1002.003172064921,1002.2566338199455,1002.5194841203277,1002.7906585889075,1003.0691662329432,1003.3540906445578,1003.644588914424,1003.9398890326856,1004.2392863422727,1004.5421394505644,1004.8478658860104,1005.1559376980508,1005.4658771340789,1005.7772524804157,1006.0896741207474,1006.4027908417373,1006.7162863989528,1007.0298763449009,1007.3433051133854,1007.656343349533,1007.9687854719011,1008.2804474514976,1008.5911647919077,1008.9007906947282
-0.04104000000000001,1000.0001929113475,1000.0010722285758,1000.0043404579864,1000.0132388891398,1000.0318194564297,1000.063576883062,1000.111022544631,1000.175962268263,1000.2596811017061,1000.3629522979228,1000.4860267983246,1000.628672677003,1000.7902579692546,1000.9698507528823,1001.1663159829571,1001.3783984320256,1001.6047883508751,1001.844170489472,1002.0952588656306,1002.3568201269139,1002.6276881864654,1002.9067724067796,1003.1930611501691,1003.4856220969859,1003.7836003827806,1004.0862153270956,1004.3927563119415,1004.7025782061156,1005.0150966113692,1005.3297831183746,1005.6461606966091,1005.9637992965097,1006.2823117097931,1006.6013497111344,1006.9206004887818,1007.2397833611809,1007.5586467698469,1007.8769655344951,1008.1945383540465,1008.511185536005,1008.8267469364525,1009.1410800932399
-0.0408,1000.0002249055967,1000.0012335591563,1000.0049274627918,1000.0148360511641,1000.0352387060399,1000.0697044509897,1000.1207325106088,1000.190094111731,1000.2790249973516,1000.3882284637277,1000.5178663423198,1000.6676060527543,1000.8367120482468,1001.0241527151053,1001.2287015550982,1001.4490223374777,1001.6837354441124,1001.9314666101463,1002.1908808721374,1002.4607048563738,1002.7397402679076,1003.026870958849,1003.3210654497963,1003.6213763297767,1003.9269375919165,1004.2369606733848,1004.5507297483327,1004.8675966585241,1005.1869757457977,1005.5083387629912,1005.8312099771437,1006.1551615342037,1006.4798091232344,1006.8048079565284,1007.1298490674665,1007.4546559183474,1007.7789813043681,1008.1026045363699,1008.4253288831343,1008.7469792533727,1009.0674000976965,1009.3864535115162
-0.04056,1000.0002619701967,1000.0014178666416,1000.0055886593287,1000.0166104707665,1000.0389906319785,1000.0763600582328,1000.1311951518832,1000.2052255636739,1000.2996314213372,1000.4150393421697,1000.5515154090358,1000.7086205378101,1000.88551093359,1001.0810518824114,1001.2939231624138,1001.5227062082535,1001.7659509289186,1002.0222239773988,1002.2901417205092,1002.5683913297302,1002.8557430296148,1003.1510559815138,1003.4532797263296,1003.7614526313926,1004.0746984009613,1004.3922214117973,1004.7133014109593,1005.0372879473575,1005.3635947880869,1005.6916944839296,1006.0211131868656,1006.3514257792177,1006.6822513441641,1007.0132489870128,1007.3441140031538,1007.6745743799574,1008.0043876146586,1008.3333378273967,1008.6612331473361,1008.9879033496393,1009.3131977216113,1009.6369831373444
-0.04032000000000001,1000.0003048685634,1000.0016282212683,1000.0063326895724,1000.0185798629586,1000.0431037089679,1000.0835830331882,1000.1424602992943,1000.2214164803961,1000.3215695594204,1000.4434624965446,1000.5870588019441,1000.7518069604921,1000.936750279443,1001.1406476163543,1001.3620828714674,1001.5995539435625,1001.8515397947663,1002.116548050429,1002.3931468288338,1002.6799845092349,1002.9758006459064,1003.2794305991152,1003.5898058508548,1003.9059514652787,1004.2269817517337,1004.5520948817186,1004.8805669830648,1005.2117460680157,1005.5450460318586,1005.8799408733479,1006.215959228123,1006.5526792646823,1006.8897239640512,1007.2267567852922,1007.5634777066946,1007.8996196248465,1008.2349450894194,1008.5692433493483,1008.9023276854481,1009.2340330048521,1009.5642136736296,1009.8927415652813
-0.040080000000000005,1000.0003544724912,1000.0018680734115,1000.0071691033999,1000.0207634803887,1000.0476084483568,1000.0914150842603,1000.1545804154138,1000.2387295336584,1000.3449115249198,1000.4735784560086,1000.6245842617964,1000.797259003986,1000.9905284733677,1001.2030418650536,1001.4332851744665,1001.6796717019065,1001.9406091249042,1002.2145462218301,1002.500003396115,1002.7955909951235,1003.1000187965191,1003.4120993194646,1003.7307469664626,1004.0549744655191,1004.3838876648841,1004.7166794184961,1005.0526230692603,1005.3910658702819,1005.7314225650935,1006.0731692640763,1006.415837696004,1006.7590098737469,1007.1023131863717,1007.4454159123167,1007.788023137254,1008.1298730536818,1008.4707336158051,1008.8103995218653,1009.1486894960573,1009.4854438430294,1009.8205222493591,1010.1538018080851
-0.03984,1000.0004117765072,1000.0021412963318,1000.0081084412934,1000.023182220743,1000.0525375060039,1000.099900400219,1000.1676106873153,1000.2572302948994,1000.3697324322145,1000.50547077659,1000.6641825145198,1000.8450732415818,1001.0469466601021,1001.2683391770645,1001.507636994893,1001.7631679000732,1002.0332680901629,1002.316327807467,1002.6108203892906,1002.915319010654,1003.2285046503865,1003.5491680169381,1003.8762074711176,1004.2086244198355,1004.5455172233003,1004.886074337458,1005.2295671803123,1005.5753430439894,1005.9228182567529,1006.2714717172457,1006.6208388669984,1006.9705061292847,1007.3201058173548,1007.669311499056,1008.0178337950939,1008.3654165827292,1008.7118335741454,1009.0568852380992,1009.4003960340737,1009.7422119295444,1010.0821981727862,1010.4202372957005
-0.039599999999999996,1000.0004779139732,1000.0024522331793,1000.0091623231639,1000.0258587392175,1000.0579257931884,1000.1090857525618,1000.1816091209394,1000.2769873207014,1000.3961104711343,1000.5392261028111,1000.7059473195927,1000.8953491724219,1001.1061087660106,1001.3366467161894,1001.5852476944053,1001.8501532137622,1002.129627944765,1002.4220040387228,1002.725708532962,1003.0392783901794,1003.3613668527439,1003.6907439191626,1004.0262930043532,1004.3670052566218,1004.7119725597298,1005.0603799223103,1005.4114977224449,1005.7646741093223,1006.1193277481368,1006.4749410147332,1006.8310536925454,1007.1872571885416,1007.5431892617186,1007.8985292433001,1008.2529937194101,1008.6063326426925,1008.9583258377506,1009.3087798654454,1009.6575252123517,1010.004413773596,1010.3493165995562,1010.69212187931
-0.039360000000000006,1000.0005541751234,1000.0028057486229,1000.0103435436171,1000.0288175661406,1000.0638105905665,1000.119020599991,1000.1966366372436,1000.2980722397547,1000.4241269825326,1000.5749342302656,1000.7499755192978,1000.9481892582073,1001.1681215247007,1001.408074277759,1001.6662290815658,1001.9407405804172,1002.2298020247206,1002.5316880576981,1002.8447803024227,1003.1675805708333,1003.498715516131,1003.8369355978543,1004.181110438343,1004.5302220365495,1004.8833568491426,1005.2396974184153,1005.5985139916471,1005.9591564122213,1006.3210464494298,1006.683670656867,1007.0465737978963,1007.4093528431405,1007.7716515237926,1008.1331554118686,1008.4935874915903,1008.8527041829798,1009.2102917781435,1009.5661632516983,1009.9201554087224,1010.2721263360746,1010.6219531256291,1010.9695298407379
-0.03912,1000.0006420272472,1000.0032072852813,1000.0116661733664,1000.0320852284451,1000.0702316628344,1000.1297571916226,1000.2127571656063,1000.3205598355324,1000.4538665279829,1000.6126881608237,1000.7963670793013,1001.0036989501526,1001.2330944920205,1001.482734293604,1001.7506954087111,1002.0350451897659,1002.3339057335845,1002.6454948994948,1002.9681499035471,1003.3003385708981,1003.6406621979385,1003.9878529460868,1004.3407678553152,1004.6983809304521,1005.0597742873274,1005.4241290122783,1005.7907161541731,1006.1588881059832,1006.5280705224523,1006.897754846357,1007.2674914672326,1007.6368835053835,1008.0055811949857,1008.3732768292182,1008.7397002249314,1009.1046146624958,1009.4678132568877,1009.8291157178751,1010.1883654597744,1010.5454270242594,1010.9001837828524,1011.2525358888596
-0.03888,1000.0007431372442,1000.0036629256667,1000.013145668022,1000.0356903770754,1000.0772313777128,1000.1413506744956,1000.2300377421483,1000.3445281345345,1000.4854169656888,1000.6525841648004,1000.8452251370906,1001.0619867248165,1001.3011400710229,1001.5607418481011,1001.8387633809843,1002.1331844875535,1002.4420565423677,1002.7635414895267,1003.0959332684922,1003.4376669846831,1003.7873198950684,1004.1436071732041,1004.5053745430666,1004.8715892156935,1005.2413300882944,1005.613777830105,1005.9882052463312,1006.3639681523213,1006.7404968830045,1007.1172884919151,1007.4938996485411,1007.869940214346,1008.2450674610587,1008.6189808858476,1008.9914175741258,1009.3621480601573,1009.7309726370812,1010.097718070635,1010.462234674146,1010.8243937059325,1011.1840850538501,1011.541215175217
-0.03864000000000001,1000.0008593967967,1000.0041794597007,1000.0147989834718,1000.0396639179561,1000.0848548251474,1000.1538591994122,1000.2485486049394,1000.3700584898511,1000.5188695201056,1000.6947218353495,1000.8966560413681,1001.1231641098548,1001.3723735260298,1001.6422146826769,1001.9305521533173,1002.2352781668269,1002.5543739766771,1002.8859466278057,1003.2282480381681,1003.5796819640041,1003.9388030250707,1004.3043107861047,1004.6750409767675,1005.0499552587694,1005.4281304678713,1005.8087479225293,1006.191083160432,1006.574496308586,1006.9584231893856,1007.3423671980751,1007.7258919447197,1008.1086146282444,1008.4902000957204,1008.8703555330812,1009.2488257311896,1009.6253888719192,1009.9998527814317,1010.3720516013556,1010.7418428325552,1011.1091047103167,1011.4737338738211,1011.8356432966351
-0.038400000000000004,1000.0009929504306,1000.0047644584133,1000.0166446986466,1000.0440391476461,1000.0931499387399,1000.167344028302,1000.2683632905106,1000.3972356657348,1000.5543188522525,1000.7392041433612,1000.9507693919555,1001.1873457104675,1001.4469129977067,1001.727273201715,1002.0261833292493,1002.3414481614959,1002.6709796065635,1003.0128309763344,1003.3652135481847,1003.7265012034724,1004.0952274113788,1004.4700775748836,1004.8498788053479,1005.2335885026821,1005.6202826322357,1006.0091442544144,1006.3994526359257,1006.7905731202715,1007.1819478362738,1007.5730872604338,1007.9635626101548,1008.3529990223108,1008.7410694597543,1009.1274892834003,1009.5120114269448,1009.8944221133543,1010.2745370558806,1010.6521980907481,1011.0272701933537,1011.3996388345167,1011.7692076378185,1012.1358963032909
-0.03816,1000.0011462267547,1000.0054263543012,1000.0187031459593,1000.0488518936526,1000.1021676194282,1000.181869643282,1000.289558731938,1000.426147923497,1000.5918631310828,1000.7861374932882,1001.0076780806851,1001.2546492370655,1001.5248795197092,1001.8160404804602,1002.1257809621975,1002.4518186427977,1002.7919970397007,1003.1443170502298,1003.5069508188863,1003.8782439301887,1004.2567102732296,1004.641022603398,1005.0300008430123,1005.4225994596164,1005.8178947718928,1006.2150727002194,1006.6134172562009,1007.0122999192579,1007.4111699544038,1007.8095456667353,1008.2070065531688,1008.6031862925577,1008.9977665060452,1009.3904712166725,1009.7810619383933,1010.1693333281128,1010.5551093390878,1010.9382398193094,1011.3185975038892,1011.6960753557374,1012.0705842137729,1012.4420507124925
-0.03792000000000001,1000.0013219731948,1000.0061745284511,1000.0209965486338,1000.0541406572347,1000.1119618580042,1000.1975038527352,1000.3122153524138,1000.4568871011677,1000.6316040968798,1000.8356317694489,1001.067498321497,1001.3251955211385,1001.6063970227589,1001.9086422597615,1002.2294715431123,1002.5665160018006,1002.91755190034,1003.2805291944168,1003.6535825308017,1004.0350308787356,1004.4233702007971,1004.817262184988,1005.215521045874,1005.6170996887181,1006.0210760407565,1006.426640024482,1006.8330814305266,1007.2397788072391,1007.6461893954767,1008.0518400832444,1008.4563193238275,1008.8592699449746,1009.2603827701196,1009.6593909719833,1010.0560650817848,1010.4502085821698,1010.8416540178042,1011.2302595637641,1011.6159059979652,1011.9984940297091,1012.377941941832,1012.7541835088846
-0.037680000000000005,1000.0015232945631,1000.007019405499,1000.0235491667253,1000.059946761841,1000.1225898618098,1000.2143179022445,1000.336417164689,1000.4895486998881,1000.6736471322395,1000.8878003909093,1001.1303496902576,1001.3991085420927,1001.6915923509661,1002.0052069543142,1002.3373840028179,1002.6856688476796,1003.0477718250119,1003.4215935779348,1003.8052330184602,1004.1969842851844,1004.5953271498886,1004.9989138782204,1005.4065545089923,1005.817201794584,1006.2299365561857,1006.6439538834474,1007.0585503972807,1007.4731126605292,1007.8871067385081,1008.3000688625846,1008.7115971232053,1009.1213441061549,1009.5290103820621,1009.9343387607724,1010.3371092269023,1010.7371344791908,1011.1342560032492,1011.5283406143895,1011.9192774140491,1012.30697510972,1012.6913596541614,1013.0723721649655
-0.03744,1000.0017536958319,1000.0079725562763,1000.0263874502078,1000.0663145033731,1000.1341121796501,1000.2323865821153,1000.3622518656027,1000.5242319636379,1000.7181013246477,1000.9427603564405,1001.1963551534336,1001.4765154419982,1001.7805952653515,1002.1058656475601,1002.4496497005989,1002.809407991926,1003.1827864439258,1003.5676381737569,1003.9620282495796,1004.3642278663679,1004.7727024218343,1005.1860964677745,1005.6032174485202,1006.0230194108506,1006.4445873841239,1006.8671228118156,1007.2899302123265,1007.7124051200617,1008.1340232814207,1008.554331036879,1008.9729367980224,1009.389503519371,1009.8037420639653,1010.2154053655916,1010.6242832970615,1011.0301981617085,1011.4330007334006,1011.8325667783569,1012.2287939996058,1012.6215993518852,1013.0109166810946,1013.3966946480655
-0.0372,1000.0020171295076,1000.0090468089866,1000.02954020017,1000.0732913039366,1000.1465928279367,1000.251788336004,1000.3898109316958,1000.5610399597847,1000.765079529633,1001.0006322900098,1001.2656410974824,1001.557546541417,1001.873538448914,1002.2107520886566,1002.5664024153845,1002.9378664356618,1003.3227273659403,1003.7187927426043,1004.1240958086238,1004.5368868038498,1004.9556186483485,1005.3789299505377,1005.8056271892634,1006.234667189359,1006.6651405299497,1007.0962562153125,1007.5273277433002,1007.9577605873652,1008.3870410386621,1008.8147263169553,1009.2404358413695,1009.6638435467462,1010.0846711334763,1010.5026821449536,1010.9176767751904,1011.32948731836,1011.7379741813211,1012.14302238908,1012.5445385214066,1012.9424480263548,1013.3366928631841,1013.7272294331868
-0.03696000000000001,1000.0023180480296,1000.0102563694804,1000.0330387382837,1000.0809278689616,1000.160099418157,1000.2726053709544,1000.4191897163005,1000.6000796609013,1000.8146984350066,1001.0615404873795,1001.3383373595964,1001.6423353569944,1001.9705575139743,1002.3200026922646,1002.6877783402924,1003.0711793608211,1003.467728167865,1003.8751888215006,1004.2915648854587,1004.7150877332964,1005.1441997820557,1005.5775355275797,1006.0139021582936,1006.4522607955178,1006.8917089356408,1007.3314643696588,1007.7708506703625,1008.2092842270499,1008.6462627453651,1009.0813550981052,1009.5141923999901,1009.9444601779795,1010.371891513883,1010.7962610446978,1011.2173797163933,1011.6350901975742,1012.0492628698969,1012.4597923219358,1012.8665942821635,1013.2696029348006,1013.6687685694806,1014.0640555220222
-0.03672,1000.0026614616517,1000.0116169505151,1000.0369170829499,1000.0892783443248,1000.1747032808566,1000.294923762485,1000.4504875400546,1000.6414620180816,1000.8670786147572,1001.1256129508256,1001.4145772453796,1001.7310186051027,1002.071790994924,1002.4337565232761,1002.813916061772,1003.2094841056864,1003.6179243679389,1004.036959696381,1004.4645662479754,1004.898958717766,1005.338571070908,1005.7820355800185,1006.2281618624701,1006.6759168876077,1007.1244064609264,1007.5728584035916,1008.0206074710733,1008.4670819534997,1008.9117918458027,1009.3543184502391,1009.7943052660634,1010.2314500236822,1010.6654977289262,1011.0962345942013,1011.523482745489,1011.9470956063628,1012.3669538718082,1012.7829619953475,1013.1950451226619,1013.6031464135365,1014.0072247015837,1014.407252447879
-0.03648,1000.0030530022934,1000.0131459115853,1000.0412121347717,1000.0984004782302,1000.1904795938977,1000.3188335655565,1000.4838077886808,1000.6853020425918,1000.922344592382,1001.192981434567,1001.4944975586551,1001.8237362190918,1002.1773803560346,1002.5521552979646,1002.9449565564115,1003.3529201591875,1003.7734534190304,1004.2042403952371,1004.6432322359418,1005.088629242795,1005.5388590548613,1005.9925536675113,1006.448526888874,1006.905753119213,1007.3633478877159,1007.8205503052565,1008.2767074286876,1008.731260440994,1009.1837325052476,1009.6337181313901,1010.080873892254,1010.5249103318768,1010.9655849206537,1011.4026959254978,1011.8360770773016,1012.2655929317007,1012.6911348319211,1013.1126173941118,1013.5299754459518,1013.9431613585081,1014.3521427193687,1014.7569003020864
-0.03624000000000001,1000.0034989938823,1000.0148624087064,1000.0459638683708,1000.108355782044,1000.207507506567,1000.3444289201593,1000.5192580037514,1000.7317188785453,1000.9806248934118,1001.2637814779067,1001.5782386178682,1001.9206313523249,1002.2874699844673,1002.6753433699171,1003.0810431722244,1003.5016291394647,1003.9344546859434,1004.3771676652623,1004.8276967387776,1005.2842301953647,1005.7451915464161,1006.2092145106134,1006.6751188891297,1007.1418881255748,1007.6086489085044,1008.074652912639,1008.5392606245648,1009.0019271180263,1009.4621896061213,1009.9196565856055,1010.3739983912594,1010.8249389891076,1011.2722488520046,1011.7157387772461,1012.1552545219317,1012.5906721470161,1013.0218939749204,1013.4488450781015,1013.8714702270519,1014.2897312359328,1014.7036046525009,1015.1130797463277
-0.036000000000000004,1000.0040065297393,1000.0167875552858,1000.051215531946,1000.1192096926337,1000.2258702639839,1000.3718081578003,1000.5569499744508,1000.7808358763384,1001.0420520985723,1001.3381524391593,1001.6659442736717,1002.0218503829468,1002.4022071856385,1002.8034677189557,1003.2223216135291,1003.655754776572,1004.1010694273515,1004.5558799550452,1005.0180951787403,1005.4858938485808,1005.9576976171197,1006.4321439793048,1006.9080605700594,1007.3844415164107,1007.8604261213396,1008.3352799106358,1008.8083779372704,1009.279190168351,1009.7472687508914,1010.2122369475944,1010.6737795421043,1011.1316345282845,1011.5855859161031,1012.0354575053793,1012.4811074966708,1012.9224238252863,1013.359320119504,1013.7917321974821,1014.2196150291171,1014.642940099352,1015.0616931183108,1015.47587203128
-0.03576,1000.0045835575992,1000.0189445946788,1000.0570138545154,1000.1310317360418,1000.2456553320384,1000.4010739093254,1000.596999830841,1000.832780667405,1001.1067628982053,1001.4162375310572,1001.7577619284441,1002.1275429211838,1002.5217421817688,1002.9366779438849,1003.3689399302515,1003.8154429001422,1004.273440783163,1004.7405174025932,1005.2145645002744,1005.6937538527934,1006.1765075907324,1006.6614690883554,1007.1474756913142,1007.6335338758121,1008.1187970319463,1008.6025458353294,1009.0841710489111,1009.563158539275,1010.039076272208,1010.5115630545995,1010.9803188036359,1011.4450961436911,1011.9056931526757,1012.3619471008327,1012.8137290449426,1013.2609391591029,1013.7035026994886,1014.1413665147807,1014.5744960263961,1015.0028726134094,1015.4264913463297,1015.8453590218476
-0.035519999999999996,1000.0052389728859,1000.0213590838351,1000.0634092579755,1000.1438956875504,1000.2669545162522,1000.4323332055899,1000.6395281281307,1000.8876852278286,1001.174898133655,1001.498183841666,1001.8538425402752,1002.237861800384,1002.6462280936768,1003.0751262381516,1003.521048489921,1003.9808414096019,1004.4517137443476,1004.9312218057765,1005.4172431417709,1005.9079452091415,1006.401753018857,1006.8973179752139,1007.3934890456013,1007.8892867448278,1008.383880038633,1008.8765660611591,1009.3667524344868,1009.8539419330953,1010.3377192263243,1010.8177394416924,1011.2937183115903,1011.7654236897172,1012.2326682483482,1012.6953031913067,1013.1532128394414,1013.6063099650967,1014.0545317694385,1014.4978364116402,1014.93620001204,1015.3696140626446,1015.7980831880051,1016.2216232077405
-0.035280000000000006,1000.0059827209029,1000.0240590903566,1000.0704560779348,1000.1578797353054,1000.2898640856056,1000.4656975856404,1000.6846599400989,1000.9456859523831,1001.246602850469,1001.5841423687037,1001.9543406420474,1002.352963084838,1002.7758209409348,1003.2189673852898,1003.6787999706947,1004.152100266478,1004.6360351457447,1005.1281366164786,1005.6262710316179,1006.1286042678471,1006.6335666816656,1007.1398199032436,1007.6462264644308,1008.1518226296647,1008.65579444286,1009.1574568137424,1009.6562353768403,1010.1516508240449,1010.6433054119078,1011.1308713623192,1011.6140809007427,1012.0927177044935,1012.5666095616494,1013.0356220675305,1013.4996532095524,1013.9586287124212,1014.4124980341244,1014.8612309191703,1015.3048144292686,1015.7432503834066,1016.1765531492956,1016.6047477366922
-0.03504,1000.0068259086311,1000.0270754014465,1000.0782127882674,1000.1730666390242,1000.3144848897126,1000.5012831973579,1000.7325249430758,1001.0069237169577,1001.3220263381371,1001.6742680390236,1002.0594143447278,1002.4730060611643,1002.9106796251576,1003.368358737215,1003.8423493370467,1004.3293714692494,1004.8265536413484,1005.3314069171936,1005.841789566696,1006.3558687089773,1006.8720825711368,1007.3891052475307,1007.9058148065093,1008.4212649926291,1008.9346604426481,1009.4453351656514,1009.9527339646853,1010.4563964584498,1010.9559433721987,1011.4510647923362,1011.941510110699,1012.4270794173203,1012.9076161319649,1013.383000693636,1013.8531451530471,1014.3179885356737,1014.7774928625831,1015.2316397330665,1015.6804273874726,1016.1238681808678,1016.5619864085332,1016.9948164331075
-0.0348,1000.0077809268615,1000.0304417462415,1000.086742231366,1000.189543887736,1000.3409224757455,1000.5392108990732,1000.7832575009822,1001.0715439418349,1001.401322170735,1001.7687197293968,1002.1692253425887,1002.5981532323653,1003.0509659167221,1003.5234601966647,1004.0118538202471,1004.5128090335543,1005.0234196854245,1005.5411794038555,1006.0639415974322,1006.589877530027,1007.1174358813228,1007.6453054878837,1008.1723819534469,1008.6977382504658,1009.2205991334467,1009.7403190396833,1010.2563630981437,1010.768290862394,1011.275742404663,1011.7784264415131,1012.2761101991194,1012.7686107634869,1013.2557876958336,1013.7375367248196,1014.213784355006,1014.6844832549857,1015.1496083092837,1015.6091532357683,1016.0631276852885,1016.5115547529448,1016.9544688411233,1017.391913823484
-0.03456000000000001,1000.0088615834266,1000.0341950320554,1000.0961118537425,1000.2074038564796,1000.369287205591,1000.5796063628069,1000.8369967521201,1001.1396966565746,1001.4846482493066,1001.8676602895,1002.2839389213208,1002.7285703155519,1003.1968444459255,1003.6844342047964,1004.1874729046322,1004.7025689787251,1005.2267855204067,1005.7576023758108,1006.2928714202901,1006.8307710411678,1007.3697630064545,1007.9085532097986,1008.4460568135186,1008.9813677808097,1009.5137325171407,1010.0425272202762,1010.5672385024174,1011.087446857491,1011.6028125787125,1012.1130637730575,1012.6179861629056,1013.1174144069896,1013.6112247110742,1014.0993285327628,1014.5816672144274,1015.0582074037173,1015.5289371428198,1015.9938625260645,1016.4530048410387,1016.9063981215023,1017.3540870514477,1017.796125168952
-0.03432,1000.0100832483228,1000.0383755930101,1000.1063939422762,1000.2267439550183,1000.3996943643456,1000.6226001679526,1000.8938866842033,1001.2115365508072,1001.5721668283068,1001.9712565476763,1002.403723948078,1002.8644262210703,1003.3484826752288,1003.8514457096804,1004.3693682946732,1004.8988092950898,1005.4368051455675,1005.98082570661,1006.5287247511474,1007.078690841472,1007.629201520132,1008.1789820866309,1008.7269693067678,1009.2722799101265,1009.8141834927062,1010.3520793467403,1010.8854767234474,1011.4139780588235,1011.9372647357785,1012.4550850056781,1012.9672437421187,1013.4735937461763,1013.9740283640343,1014.4684752143722,1014.9568908543504,1015.4392562398685,1015.9155728585148,1016.3858594328088,1016.850149107479,1017.30848704806,1017.7609283894631,1018.207536482705
-0.03408,1000.0114630115528,1000.0430274544805,1000.117665867109,1000.2476667792279,1000.4322642755184,1000.6683279049155,1000.9540762211102,1001.2872230382482,1001.6640445569935,1002.0796793335678,1002.5287528803477,1003.0058930523006,1003.5060508938199,1004.0246621585412,1004.557703906983,1005.1016899371792,1005.6536343123661,1006.2110008420697,1006.7716487263865,1007.3337798231654,1007.8958901827449,1008.4567268901102,1009.0152503784878,1009.5706019300002,1010.1220758751284,1010.669095934624,1011.2111951515446,1011.7479989006603,1012.2792105169433,1012.8045991429703,1013.3239894509677,1013.8372529461955,1014.3443006033696,1014.8450766267672,1015.3395531579426,1015.8277257831621,1016.309609716408,1016.7852365537227,1017.25465151134,1017.7179110740011,1018.175080991513,1018.6262345713525
-0.03384000000000001,1000.0130198545438,1000.0481986102122,1000.1300103231404,1000.2702802531749,1000.467122407171,1000.7169302688229,1001.0177192973805,1001.36692030612,1001.7604525044552,1002.1931034831994,1002.6592017565271,1003.1531460867081,1003.6697221931664,1004.2042534708364,1004.7526458430912,1005.3113727976875,1005.8774305005687,1006.4482807791575,1007.0217918848817,1007.5961821568669,1008.1699689299912,1008.7419234820778,1009.3110319940625,1009.876462094931,1010.4375343959897,1010.9936983789161,1011.544512027033,1012.0896246443666,1012.6287623729535,1013.1617159853747,1013.6883305915635,1014.2084969544081,1014.7221441569839,1015.2292334056305,1015.7297527881486,1016.2237128358887,1016.7111427632024,1017.1920872783603,1017.6666038772303,1018.1347605453411,1018.5966338058931,1019.0523070612236
-0.033600000000000005,1000.0147748360232,1000.0539413140797,1000.1435155731017,1000.2946977679401,1000.5043994779788,1000.7685531546497,1001.0849749340613,1001.4507973657909,1001.8615661861586,1002.311707846259,1002.7952501895645,1003.3063637608695,1003.8396724474032,1004.3903920169396,1004.9543623684782,1005.5280216882325,1006.1083529016119,1006.69282005247,1007.2793041578514,1007.866043284902,1008.4515788696208,1009.0347088145547,1009.614447142207,1010.1899896285679,1010.7606847125033,1011.326008965687,1011.8855464543029,1012.4389713946874,1012.986033582554,1013.5265461503955,1014.0603752758684,1014.5874315239229,1015.1076625570182,1015.621046991526,1016.1275892152254,1016.6273150115571,1017.1202678619346,1017.6065058187112,1018.0860988590919,1018.5591266449629,1019.0256766258021,1019.48584243197
-0.03336,1000.0167512932621,1000.0603123867766,1000.1582756915698,1000.3210383173928,1000.5442315639987,1000.8233477546086,1001.1560073167609,1001.5390281055605,1001.9675655930339,1002.4356752966622,1002.9370813647945,1003.4657276606187,1004.0160802996937,1004.5832526035399,1005.1630238989484,1005.7518023279634,1006.3465624102109,1006.9447747292644,1007.5443368674939,1008.1435099235644,1008.7408622872377,1009.3352209389338,1009.9256298473628,1010.5113147390996,1011.0916534256836,1011.6661508928237,1012.2344184249056,1012.7961561250002,1013.3511382797159,1013.8992011016304,1014.4402324563658,1014.9741632457594,1015.50096017337,1016.0206196646516,1016.5331627526133,1017.0386307717799,1017.5370817297802,1018.0285872478381,1018.5132299795935,1018.9911014326941,1019.4623001300357,1019.9269300578204
-0.03312,1000.0189750596136,1000.0673735343261,1000.1743908027262,1000.3494266214763,1000.5867601943507,1000.8814706432789,1001.2309858587561,1001.6317913260618,1002.0786352014768,1002.5651927229895,1003.0848820170521,1003.6314224901597,1004.1991271274193,1004.7830124378353,1005.3788029658278,1005.9828823110681,1006.5922215949779,1007.2043023836306,1007.8170427049166,1008.4287300448365,1009.0379626317438,1009.6435989950097,1010.2447151621328,1010.8405686148961,1011.430568078987,1012.0142482714627,1012.5912488215743,1013.1612966837324,1013.7241914622658,1014.2797931594405,1014.8280119386114,1015.3687995631316,1015.9021422295741,1016.4280545621908,1016.9465745756448,1017.457759446232,1017.9616819591662,1018.4584275220567,1018.9480916532932,1019.4307778693794,1019.9065959079021,1020.3756602332738
-0.032880000000000006,1000.0214746992898,1000.0751916834845,1000.1919673210157,1000.3799932524814,1000.6321324566596,1000.943083875937,1001.3100852790482,1001.7292707923809,1002.1949640021727,1002.7004510399856,1003.2388424310021,1003.8036360663207,1004.3889970341462,1004.9898511198431,1005.6018742103414,1006.221431104271,1006.8454946996255,1007.4715621016659,1008.0975757393288,1008.7218528895145,1009.3430245322196,1009.9599832313926,1010.5718391909841,1011.1778834512434,1011.7775571878262,1012.3704261580395,1012.9561594525785,1013.534511830805,1014.1053090302181,1014.6684355409864,1015.223824422806,1015.7714488144034,1016.3113148470002,1016.8434557236258,1017.3679267678561,1017.8848012798579,1018.3941670657787,1018.8961235296557,1019.3907792359971,1019.8782498668055,1020.358656509649,1020.8321242239731
-0.03264,1000.0242817603341,1000.0838393282438,1000.2111181825921,1000.4128747478583,1000.6805010912553,1001.0083550742683,1001.3934856649691,1001.831655268328,1002.3167455094936,1002.8416451797116,1003.3991564206264,1003.9825592917255,1004.5858768204196,1005.2039506135335,1005.8324143568622,1006.4676200232916,1007.1065476232463,1007.7467144658594,1008.3860914065992,1009.0230289598641,1009.6561937945204,1010.2845150058334,1010.907139094064,1011.5233924574056,1012.132750249634,1012.7348105671161,1013.3292730670901,1013.9159212553232,1014.494607805595,1015.0652423819956,1015.6277815273409,1016.1822202582595,1016.7285850715082,1017.2669281187485,1017.7973223502395,1018.3198574632571,1018.8346365199845,1019.3417731232679,1019.8413890579974,1020.3336123217349,1020.8185754812264,1021.2964143021363
-0.0324,1000.0274310467494,1000.0933948900797,1000.2319630722442,1000.4482137185776,1000.7320245863561,1001.0774575142581,1001.4813725366524,1001.939138552606,1002.444177773419,1002.9889740861997,1003.5660213132987,1004.1683861335896,1004.789955961095,1005.4254952252672,1006.0706021940883,1006.7216222177201,1007.3755479093857,1008.0299215485502,1008.6827465070878,1009.3324100216887,1009.9776174073671,1010.6173367950851,1011.2507531005615,1011.8772298732149,1012.4962777634122,1013.1075284936368,1013.7107133799062,1014.3056456025462,1014.8922055614361,1015.4703287676251,1016.0399958213411,1016.6012241077726,1017.1540609088977,1017.6985776843642,1018.2348653190804,1018.7630301715512,1019.2831907866317,1019.7954751605168,1020.3000184654863,1020.7969611580149,1021.2864474070271,1021.7686237898678
-0.03216000000000001,1000.0309609107404,1000.103943091792,1000.2546286450252,1000.4861589537592,1000.7868672753714,1001.1505702173343,1001.573936914453,1002.0519195180457,1002.5774633952359,1003.1426407149222,1003.7396379397794,1004.361313609464,1005.0014265905036,1005.6546715907951,1006.3166185653523,1006.9836126654615,1007.6526647450033,1008.321346915502,1008.9876992137428,1009.6501491167484,1010.3074435588248,1010.9585922151487,1011.6028205324212,1012.2395309959525,1012.8682712594991,1013.4887079453107,1014.1006051061975,1014.7038065107705,1015.2982210606075,1015.8838107730019,1016.4605808667662,1017.028571573905,1017.587851369668,1018.1385113701793,1018.6806606928602,1019.2144226121939,1019.7399313736729,1020.2573295533679,1020.7667658705584,1021.2683933771618,1021.7623679609884,1022.2488471107226
-0.031920000000000004,1000.034913566024,1000.115575339315,1000.2792487322462,1000.5268655090582,1000.8451994209069,1001.2278780261657,1001.6713753678301,1002.170202129913,1002.7168095208983,1003.3028520091981,1003.9202106008375,1004.561541749528,1005.220483464216,1005.8916686389729,1006.5706463358106,1007.2537681442526,1007.9380689367222,1008.621155606991,1009.301109057953,1009.9764005531878,1010.6458216310546,1011.3084260200645,1011.9634818068777,1012.6104321863374,1013.2488633087282,1013.8784779546775,1014.4990739762326,1015.1105266284834,1015.7127740751727,1016.3058054846211,1016.8896512416565,1017.4643748904443,1018.0300664954977,1018.5868371666943,1019.1348145414402,1019.6741390553389,1020.2049608636185,1020.7274373005766,1021.2417307845732,1021.7480070925639,1022.2464339415687,1022.7371798253961
-0.03168,1000.0393354231363,1000.1283901190938,1000.3059645457602,1000.5704948006647,1000.9071973130987,1001.3095716978007,1001.7738900832749,1002.2941954853811,1002.8624278580487,1003.4698189027697,1004.1079470623083,1004.7692735892246,1005.4473239526733,1006.1366775885145,1006.8328703935262,1007.5322672376625,1008.2319329219291,1008.9295141539399,1009.6231369504932,1010.3113199309889,1010.9929022299286,1011.6669841353339,1012.3328784733324,1012.990070908523,1013.6381875652304,1014.2769686244219,1014.9062467829392,1015.5259296639291,1016.1359854377451,1016.7364310532851,1017.3273225944822,1017.908747369603,1018.4808174159506,1019.0436641628866,1019.5974340446077,1020.1422848931459,1020.6783829735095,1021.2059005482475,1021.7250138792242,1022.2359015909941,1022.7387433336461,1023.2337186939528
-0.03144000000000001,1000.0442774476472,1000.1424934011176,1000.3349248631326,1000.6172146827907,1000.9730433546955,1001.3958479810655,1001.88168891318,1002.4241138316569,1003.0145346704347,1003.643756299182,1004.3030585267359,1004.9847151384603,1005.6821480114662,1006.3898919215328,1007.1034776275117,1007.8192903182476,1008.5344307572452,1009.2465905716489,1009.953945180309,1010.6550641455173,1011.3488371930029,1012.0344136699699,1012.7111532291403,1013.3785857492869,1014.0363787887176,1014.6843111524657,1015.3222514095393,1015.9501404150443,1016.5679770735046,1017.1758067280031,1017.7737116797467,1018.3618034391627,1018.9402163870152,1019.5091025860146,1020.0686275330255,1020.6189666817687,1021.1603025978479,1021.6928226336178,1022.2167170311,1022.7321773778783,1023.239395354427,1023.7385617223199
-0.031200000000000006,1000.0497955421504,1000.1579990513238,1000.3662862012109,1000.6671995215788,1001.0429261490789,1001.4869096971901,1001.9949854274205,1002.5601765871418,1003.1733507763656,1003.824883056473,1004.5057596115795,1005.2080753584715,1005.9251581601904,1006.6515073663724,1007.382656915611,1008.1150195409484,1008.8457381175209,1009.5725543642385,1010.2936974241254,1011.0077914019424,1011.7137796083704,1012.4108629394003,1013.0984499461886,1013.7761164479363,1014.4435728773881,1015.1006378675714,1015.7472168675779,1016.3832848096667,1017.0088720423618,1017.62405289991,1018.2289364034793,1018.8236586893779,1019.4083768392748,1019.9832638509226,1020.5485045385548,1021.10429219259,1021.6508258606509,1022.188308137847,1022.7169433751318,1023.2369362313315,1023.7484905080119,1024.2518082173262
-0.03096,1000.0559509528485,1000.1750292525547,1000.4002129775481,1000.7206302668318,1001.1170405926812,1001.5829658249487,1002.1139989689507,1002.7026083670348,1003.3391015526934,1004.0134219786861,1004.7162683354842,1005.4395661478217,1006.1765594712858,1006.9217218910813,1007.6705991234978,1008.419638847936,1009.1660323064959,1009.907576540883,1010.6425587678975,1011.3696612414997,1012.0878838453096,1012.7964815000851,1013.4949137090886,1014.1828039377048,1014.8599069121885,1015.5260822761613,1016.1812733460209,1016.825489956659,1017.4587945918825,1018.0812911567905,1018.6931158791772,1019.294429930177,1019.8854134362228,1020.4662606193432,1021.0371758544293,1021.5983704731676,1022.1500601770753,1022.6924629482401,1023.2257973673419,1023.7502812653681,1024.266130649008,1024.7735588506648
-0.030719999999999997,1000.0628107014976,1000.1937149247481,1000.4368776455913,1000.7776945052925,1001.1955879519362,1001.6842315668767,1002.2389546869208,1002.8516389843178,1003.5120169131766,1004.209599781425,1004.9348060785914,1005.6794023025956,1006.4365595333127,1007.2007356715949,1007.9674970786837,1008.7333339487799,1009.4954922431049,1010.2518296080206,1011.0006957045781,1011.7408345444137,1012.4713055619458,1013.1914201615041,1013.9006908310964,1014.5987903652374,1015.2855191795251,1015.9607790879454,1016.6245522395184,1017.2768841765527,1017.9178701900855,1018.5476443178237,1019.1663704643141,1019.774235229267,1020.3714421138154,1020.9582068407631,1021.5347535773161,1022.1013118903804,1022.6581142975537,1023.2053943032837,1023.743384830703,1024.272316976512,1024.7924190298265,1025.3039157068208
-0.030480000000000007,1000.070448043393,1000.2141961558141,1000.4764608244711,1000.8385865253223,1001.2787759605006,1001.7909284378042,1002.3700835938488,1003.0075034773513,1003.6923313163146,1004.4136470895502,1005.1615975772364,1005.9278015127427,1006.7053684516757,1007.4887510982701,1008.27354558345,1009.0562923398447,1009.8342984871053,1010.6054876008138,1011.368276170936,1012.1214735715735,1012.8642017512897,1013.5958310360921,1014.3159289075081,1015.0242191470497,1015.7205492304266,1016.4048642774655,1017.0771862120407,1017.7375970670222,1018.386225592524,1019.0232365020696,1019.648821830052,1020.2631939829132,1020.866580152178,1021.4592178249331,1022.0413511805182,1022.6132282042255,1023.1750983820997,1023.7272108673847,1024.2698130302413,1024.803149319204,1025.3274603763416,1025.8429823589324
-0.030240000000000003,1000.0789429519956,1000.2366226272851,1000.5191513994454,1000.9035073637995,1001.3668189011495,1001.9032843340118,1002.5076225998268,1003.1704421125453,1003.8802837474343,1004.6257984089134,1005.3968708927573,1006.1849843327328,1006.9831988239191,1007.7859727572749,1008.588941402932,1009.3887032991503,1010.1826332404886,1010.9687260907233,1011.7454695608244,1012.5117419830035,1013.2667307644259,1014.0098675666786,1014.740776846921,1015.4592350042144,1016.1651379182981,1016.8584751245926,1017.5393092398305,1018.2077595480297,1018.8639888893932,1019.5081931773349,1020.1405930116808,1020.7614269677877,1021.3709462287172,1021.9694102961136,1022.5570835692359,1023.1342326239944,1023.7011240573054,1024.2580227886049,1024.8051907314345,1025.3428857647982,1025.8713609474232,1026.3908639288093
-0.03,1000.0883826306936,1000.2611540402016,1000.5651466048208,1000.9726648530135,1001.4599376932111,1002.0215336069,1002.6518145506969,1003.3407003917605,1004.0761177069156,1004.8462921057387,1005.640857389295,1006.4511741622955,1007.2702657259425,1008.0926074235119,1008.9138832651671,1009.730757893475,1010.5406803613,1011.3417222055675,1012.132446750946,1012.9118048687916,1013.679052346076,1014.4336845661967,1015.175384914636,1015.903984009048,1016.6194274485225,1017.3217502667139,1018.0110566658815,1018.6875039183354,1019.3512895638403,1020.0026412200757,1020.6418084699321,1021.2690564035339,1021.8846604817936,1022.4889024577265,1023.0820671460883,1023.6644398745618,1024.2363044833085,1024.7979417662295,1025.34962826831,1025.8916353701254,1026.4242286039132,1026.9476671562686
-0.02976000000000001,1000.0988620520674,1000.2879605395937,1000.6146520896098,1001.046273669683,1001.5583599872378,1002.1459171426358,1002.8029082717239,1003.5185290660697,1004.2800812062313,1005.0753703953192,1005.8937917222056,1006.7265972387922,1007.5667867106059,1008.4088640664577,1009.2485718743995,1010.0826489989163,1010.9086253910058,1011.7246546631344,1012.5293801401136,1013.3218287934085,1014.1013276834227,1014.867438270495,1015.6199047889899,1016.3586136445424,1017.0835614406172,1017.7948297632817,1018.4925652665831,1019.1769639239791,1019.8482585620526,1020.5067089868904,1021.152594163699,1021.7862060265556,1022.4078445854399,1023.0178140678838,1023.6164198873415,1024.2039662732195,1024.7807544311488,1025.3470811285688,1025.9032376216292,1026.449508856002,1026.9861728874043,1027.5135004781405
-0.029520000000000005,1000.1104845248971,1000.3172231231614,1000.6678819476202,1001.1245553652468,1001.6623202417393,1002.2766824187679,1002.9611585846283,1003.7041841212402,1004.4924267352338,1005.3132793020346,1006.155911798101,1007.0114826016146,1007.8729817787838,1008.7349538288853,1009.5932098977075,1010.4445712952099,1011.2866555560578,1012.1177037794351,1012.9364436635983,1013.7419818155639,1014.5337194309137,1015.3112863675751,1016.0744895945562,1016.8232728411062,1017.5576849681363,1018.2778551385368,1018.9839732969683,1019.6762748057823,1020.3550283427791,1021.0205263658505,1021.6730776029887,1022.3130011444274,1022.9406218050833,1023.5562664962886,1024.1602614008743,1024.7529297886022,1025.334590342561,1025.9055558935386,1026.4661324801766,1027.0166186691636,1027.5573050827595,1028.0884740913198
-0.02928,1000.1233622889852,1000.3491340513251,1000.725058742156,1001.2077384166603,1001.7720598270259,1002.4140835887816,1003.126826354529,1003.8979267961494,1004.713411265488,1005.5602686580885,1006.4274587756709,1007.3060620988291,1008.189073393624,1009.0710900493325,1009.948001995588,1010.8167213039743,1011.6749598131601,1012.5210515202928,1013.3538128503416,1014.1724335503787,1014.9763917767855,1015.7653880679145,1016.5392939757742,1017.2981120530624,1018.0419446376519,1018.7709694626387,1019.4854205736918,1020.1855733839191,1020.8717329632658,1021.5442248636035,1022.2033879370215,1022.8495687248367,1023.483117087199,1024.104382814486,1024.7137130169242,1025.3114501318405,1025.8979304214583,1026.4734828604032,1027.0384283327087,1027.5930790743644,1028.1377383103177,1028.6727000450353
-0.02904000000000001,1000.1376171376984,1000.383897234525,1000.7864134936832,1001.2960582600285,1001.8878271111814,1002.5583815431195,1003.3001785098637,1004.100023572786,1004.9432962249041,1005.8165920737302,1006.708677038355,1007.6105703660928,1008.5152864675072,1009.4174882577021,1010.3131548261084,1011.1992974009523,1012.0737288689685,1012.9348815278034,1013.7816648554841,1014.6133552073214,1015.429510485797,1016.229904151445,1017.0144741476785,1017.7832833126907,1018.5364886457214,1019.2743174112117,1019.9970485368569,1020.7049981217566,1021.3985081448772,1022.0779376725693,1022.7436560228211,1023.3960374654094,1024.0354571302314,1024.6622878677545,1025.2768978608403,1025.8796488300802,1026.4708947081294,1027.0509806845778,1027.6202425432887,1028.1790062301866,1028.7275876021226,1029.266292317455
-0.028800000000000006,1000.1533810679324,1000.421728606083,1000.8521856483361,1001.3897573304371,1002.0098775543753,1002.7098439761826,1003.4814880680432,1004.3107461733016,1005.1823474811926,1006.0825069179579,1006.9998141788325,1007.9252448183836,1008.8518483625211,1009.7743661848365,1010.6888770633034,1011.5924998426339,1012.4831552142008,1013.3593791611627,1014.2201785071579,1015.0649196422675,1015.89324295592,1016.7049970283048,1017.5001879602062,1018.278940297643,1019.0414668490182,1019.7880453378497,1020.5190003245932,1021.2346892022425,1021.9354913510643,1022.6217997502877,1023.2940145057656,1023.9525378753117,1024.597770467109,1025.230108358418,1025.849940937088,1026.4576493110842,1027.0536051643612,1027.638169963197,1028.2116944372422,1028.7745182753274,1029.3269699884927,1029.8693669024901
-0.028560000000000002,1000.1707969569886,1000.4628564781979,1000.9226230290303,1001.4890851107465,1002.1384738133877,1002.8687454610053,1003.6710341686401,1004.5303715660001,1005.4308353360434,1006.3582743115463,1007.3011209970887,1008.2503256562006,1009.198988905994,1010.1419437875036,1011.0753794311572,1011.9965308085026,1012.9034331733161,1013.7947315529387,1014.6695343685558,1015.5273014246322,1016.3677582898791,1017.1908308142024,1017.9965949768714,1018.7852384124797,1019.5570308483391,1020.3123013602537,1021.0514208610272,1021.7747886174525,1022.4828218782645,1023.1759479114771,1023.8545979126355,1024.519202369139,1025.170187559849,1025.8079729410517,1026.4329692249578,1027.0455769993634,1027.6461857699142,1028.2351733318728,1028.812905398138,1029.3797354257524,1029.9360045953035,1030.482041907174
-0.028319999999999998,1000.1900192656105,1000.5075218601391,1000.9979817462792,1001.5942981629369,1002.2738858249779,1003.0353674962942,1003.8691020757515,1004.7591819395908,1005.6890344876884,1006.6441590889629,1007.6128514679793,1008.5860558418879,1009.5569403767648,1010.5204432447134,1011.4728747094978,1012.4115944157684,1013.3347589272471,1014.241127638958,1015.1299147741696,1016.0006768792268,1016.8532273419613,1017.6875713815882,1018.5038565297799,1019.30233484707,1020.0833340499895,1020.8472354242507,1021.5944569226283,1022.325440236995,1023.0406409261305,1023.7405208998815,1024.4255427248988,1025.0961653414804,1025.7528408752598,1026.3960122992014,1027.026111756194,1027.6435593946167,1028.2487626016884,1028.8421155445096,1029.4239989481873,1029.994780055619,1030.5548127253826,1031.1044376334764
-0.028080000000000008,1000.2112147661709,1000.5559787642712,1001.0785261109602,1001.7056601920633,1002.4163909239479,1003.2099985880518,1004.0759832174392,1004.9974647180053,1005.9572240372423,1006.94042980654,1007.9352627567575,1008.9326811249508,1009.9259375409432,1010.91008900362,1011.8815777892711,1012.8378967830572,1013.7773305845105,1014.6987582358853,1015.6015039129647,1016.4852241742427,1017.3498228101197,1018.1953864552773,1019.022135818245,1019.8303886777485,1020.6205317690902,1021.3929994089148,1022.1482572448562,1022.8867899159344,1023.6090917065159,1024.3156594981328,1025.0069874892909,1025.68356327808,1026.3458649965662,1026.9943592573695,1027.6294997272535,1028.2517261841845,1028.86146394631,1029.4591235859675,1030.0451008609325,1030.6197768099498,1031.1835179711302,1031.7366766908426
-0.027840000000000004,1000.2345632947167,1000.6084944650858,1001.1645285084008,1001.8234420949005,1002.5662739399552,1003.3929343031518,1004.2919751942322,1005.2455125436613,1006.2356874637854,1007.2473587199776,1008.2686152045684,1009.2904500379714,1010.3062176588713,1011.311107797207,1012.3017057001683,1013.2756460670163,1014.2313482257922,1015.1678160928336,1016.0844878861373,1016.9811233843699,1017.8577193037582,1018.7144456842892,1019.5515979841539,1020.3695609457473,1021.1687813106765,1021.9497472099872,1022.7129726076004,1023.4589855819924,1024.1883195322105,1024.9015066178265,1025.5990729090597,1026.2815348481017,1026.9493967165638,1027.603148874946,1028.2432665939127,1028.8702093382497,1029.4844203958453,1030.08632676822,1030.6763392577936,1031.2548527015135,1031.8222463116908,1032.3788840936136
-0.0276,1000.2602585252725,1000.6653497241018,1001.2562692594119,1001.9479220228003,1002.7238273053432,1003.5844773307559,1004.5173817959002,1005.5036232709176,1006.5247126116877,1007.5652217757629,1008.6131723290852,1009.6596139084753,1010.6980205085348,1011.7237286786802,1012.7334776550475,1013.7250525156767,1014.6970139651702,1015.6484959594331,1016.5790547811133,1017.4885565699154,1018.3770934272592,1019.2449207291689,1020.0924102025486,1020.920014750578,1021.7282420654849,1022.517634837727,1023.288755934803,1024.0421773366882,1024.7784719193826,1025.4982074030743,1026.2019419484668,1026.8902210094386,1027.5635751436148,1028.2225185527848,1028.8675481783337,1029.4991432173085,1030.1177649556082,1030.7238568384435,1031.3178447163803,1031.9001372193159,1032.4711262215787,1033.031187369753
-0.02736000000000001,1000.288508764481,1000.7268389777214,1001.3540364720564,1002.079385461785,1002.889351175854,1003.7849375533957,1004.7525130284631,1005.7720999717379,1006.824591692139,1007.8942986183679,1008.9692008420071,1010.0404268883426,1011.1015884268788,1012.1481830739027,1013.1771151123725,1014.1863285397019,1015.1745320290138,1016.1409946713209,1017.085394762683,1018.0077078727534,1018.9081238800306,1019.7869853655143,1020.6447417881035,1021.4819153590046,1022.299075621033,1023.0968205297677,1023.875762408807,1024.6365175709357,1025.3796987042156,1026.1059093480053,1026.8157399509987,1027.5097651275025,1028.1885418209024,1028.8526081528255,1029.5024827889697,1030.1386646922895,1030.7616331644324,1031.3718480993807,1031.9697503909067,1032.5557624490245,1033.1302887910822,1033.6937166811995
-0.027120000000000005,1000.319537764305,1000.7932704594344,1001.4581258563683,1002.2181252970296,1003.063153526082,1003.9946320857505,1004.997685106655,1006.0512509068013,1007.1356212508686,1008.2348725645501,1009.3369706345595,1010.4331459520598,1011.5171663207599,1012.5847048042184,1013.632841809769,1014.6596887554601,1015.6641088074019,1016.6455112088299,1017.6037001380035,1018.5387635868001,1019.4509915317251,1020.3408155633055,1021.2087642780206,1022.055430291037,1022.8814458503099,1023.687464842154,1024.474149563441,1025.2421610599197,1025.9921521393508,1026.7247623945802,1027.4406147383843,1028.140313075299,1028.8244408274363,1029.493560099918,1030.1482113231098,1030.7889132477335,1031.4161631984089,1032.030437513576,1032.6321921168624,1033.2218631780243,1033.7998678316558,1034.3666049295553
-0.02688,1000.3535855501508,1000.8649662934955,1001.5688405580065,1002.3644419230476,1003.2455502869244,1004.213885355053,1005.2532204912322,1006.3413895452446,1007.4581021875468,1008.5872306313773,1009.7167548178696,1010.8380309503054,1011.9450017331765,1013.0335301641419,1014.1008838517835,1015.1453500814691,1016.165952957974,1017.1622468071072,1018.1341654719888,1019.0819122778228,1020.0058795457355,1020.9065896134694,1021.7846515611375,1022.6407294511376,1023.4755190447025,1024.2897307836731,1025.0840774194849,1025.8592650994656,1026.615987030971,1027.3549190702226,1028.0767167486372,1028.7820133717616,1029.4714189165786,1030.145519520455,1030.8048774055467,1031.4500311204358,1032.0814960094506,1032.6997648418173,1033.305308549296,1033.8985770335107,1034.4800000137996,1035.0499878937308
-0.026639999999999997,1000.3909092613795,1000.942262512535,1001.6864909603155,1002.5186433402024,1003.4368654573152,1004.4430291488383,1005.5194478918481,1006.6428345502658,1007.7923397419294,1008.951663531955,1010.1088297319433,1011.2553446329649,1012.3853448797025,1013.494897969987,1014.5814697692939,1015.6435318071922,1016.6802754828198,1017.6914050399466,1018.6769876770843,1019.6373448782894,1020.5729734783799,1021.4844882307654,1022.3725799839758,1023.2379852369727,1024.0814640250608,1024.9037839288976,1025.7057085994072,1026.4879896222271,1027.2513608562276,1027.99653460631,1028.7241991554524,1029.435017301923,1030.1296256368728,1030.8086343637603,1031.4726275104395,1032.122163421706,1032.757775447888,1033.3799727660082,1033.9892412859149,1034.5860446057777,1035.170824990494,1035.744004353494
-0.026400000000000007,1000.4317840007633,1001.0255090188202,1001.8113944892897,1002.681045273476,1003.6374312291225,1004.6824026728339,1005.7967022814967,1006.955909778771,1008.1386434962106,1009.3284656889151,1010.5134749733928,1011.6853526914492,1012.8384487044676,1013.9690496280698,1015.0748305983784,1016.1544556810794,1017.207289824342,1018.2331919222876,1019.2323661213762,1020.2052548002144,1021.1524613957414,1022.0746946739913,1022.9727284737802,1023.8473726648351,1024.6994522691225,1025.5297925472912,1026.3392084578759,1027.1284973293725,1027.8984338959026,1028.6497670716408,1029.3832180023385,1030.0994790515863,1030.7992134671526,1031.4830555375434,1032.1516110970344,1032.805458273293,1033.4451483985363,1034.0712070253326,1034.6841350033055,1035.2844095844516,1035.8724855334215,1036.4487962256517
-0.026160000000000003,1000.4765036890182,1001.1150694866969,1001.9438754274207,1002.8519713164703,1003.847588127147,1004.9323526210919,1006.0853249247895,1007.2809442973186,1008.4973273957239,1009.7179352676413,1010.9309734437193,1012.1283238219601,1013.3045689571767,1014.456229223846,1015.5811999798852,1016.6783460189955,1017.7472119811436,1018.787816032349,1019.8005027559391,1020.7858380668451,1021.7445340089547,1022.6773948842518,1023.5852786792484,1024.4690695124,1025.3296580559286,1026.1679277489743,1026.9847452286167,1027.7809538383135,1028.557369382829,1029.3147775213897,1030.0539323519731,1030.775555856973,1031.480337966385,1032.168937057859,1032.841980759677,1033.5000669573865,1034.1437649306442,1034.7736165661067,1035.3901376066533,1035.9938189080567,1036.5851276823491,1037.1645087132308
-0.02592,1000.5253819200985,1001.2113211692913,1002.0842647030834,1003.0317530603357,1004.0676851186597,1005.193233209281,1006.3856633685623,1007.6182723613707,1008.868709734286,1010.1203741754256,1011.3616113646814,1012.5845297568886,1013.7839642392331,1014.956683581068,1016.1008142298981,1017.2154297843936,1018.3002605964864,1019.3554886071398,1020.3816022163428,1021.3792934192695,1022.3493847851589,1023.2927775996138,1024.2104150883495,1025.1032564392476,1025.9722585886616,1026.8183636095503,1027.642490150946,1028.445527810709,1029.2283336311552,1029.9917301274604,1030.7365044174956,1031.4634081368229,1032.1731579064676,1032.866436182506,1033.5438923617232,1034.2061440509756,1034.8537784326309,1035.4873536768412,1036.1074003650822,1036.714422899587,1037.308900880897,1037.8912904414108
-0.02568000000000001,1000.5787528124829,1001.314654662337,1002.2328997265453,1003.2207302811906,1004.2980797725679,1005.465406258049,1006.698071486628,1007.9682334525419,1009.2531132001407,1010.5360881225995,1011.8056783560766,1013.054245358397,1014.2768961113676,1015.4706623814782,1016.6339124695905,1017.765936726622,1018.8666571035751,1019.936423693468,1020.9758719783371,1021.9858224759002,1022.967210110053,1023.9210345201312,1024.848325195317,1025.75011715541,1026.627434164403,1027.4812773407855,1028.3126176411374,1029.122391124318,1029.9114962085232,1030.6807923508502,1031.4310997349423,1032.1631996648093,1032.8778354445435,1033.5757135831748,1034.2575052074721,1034.9238475975155,1035.575345783454,1036.2125741592806,1036.8360780823425,1037.4463754368223,1038.0439581464707,1038.6292936270595
-0.025440000000000004,1000.6369718512085,1001.4254735633597,1002.3901242107172,1003.4192511137067,1004.5391383876366,1005.7492412397003,1007.0229094875862,1008.3311722801494,1009.650864887625,1010.9653866506744,1012.2634674816596,1013.5377486811502,1014.783629171353,1015.998418255479,1017.180736726914,1018.3300994919,1019.4466258443232,1020.5308382732273,1021.5835224885906,1022.6056298677734,1023.5982094270065,1024.5623604501452,1025.4991996456176,1026.409838568571,1027.2953683231983,1028.1568494412354,1028.995305444346,1029.811719026006,1030.6070300899723,1031.3821350962944,1032.1378873185024,1032.8750977252878,1033.5945362791485,1034.2969335019131,1034.9829821988753,1035.6533392638246,1036.3086275096414,1036.949437485526,1037.5763292539862,1038.1898341095264,1038.79045622745,1039.3786742358907
-0.0252,1000.7004167149363,1001.5441940559083,1002.5562880202148,1003.6276722533908,1004.7912361358481,1006.0451153383472,1007.3605439387211,1008.7074388017097,1010.0622963298607,1011.4085831827766,1012.735275318004,1014.0353210582168,1015.3044311548387,1016.5402068956948,1017.7415320608432,1018.9081537564551,1020.0403942098563,1021.1389524099833,1022.2047673162904,1023.2389233942735,1024.2425853961777,1025.2169534601842,1026.1632324001291,1027.0826109501054,1027.976248015607,1028.8452638650115,1029.6907348043562,1030.5136903022676,1031.3151118290662,1032.0959328838558,1032.857039832446,1033.5992732854675,1034.3234298225398,1035.0302639235395,1035.7204900079769,1036.3947845124994,1037.0537879576398,1037.6981069702806,1038.3283162394796,1038.9449603914006,1039.5485557749662,1040.139592154047
-0.02496000000000001,1000.7694880818387,1001.6712444183557,1002.731747056131,1003.8463591899873,1005.0547572228054,1006.353413525802,1007.7113478083612,1009.0973882646585,1010.4877435545584,1011.8659950982494,1013.2214020479835,1014.547247211636,1015.8395730606424,1017.0962871946317,1018.3165467092745,1019.5003383828234,1020.6481928036671,1021.7609894176982,1022.8398233263789,1023.8859142000123,1024.9005440743165,1025.8850150691057,1026.8406209191355,1027.7686281205279,1028.6702637892815,1029.5467082092198,1030.3990906516497,1031.228487467743,1032.0359217467035,1032.822364037904,1033.5887337801682,1034.3359011844304,1035.0646893896196,1035.7758767644118,1036.4701992654786,1037.148352790235,1037.810995481858,1038.4587499585914,1039.0922054496223,1039.7119198271637,1040.3184215296278,1040.9122113744627
-0.024720000000000006,1000.8446104076226,1001.8070644128017,1002.9168631367974,1004.0756864237161,1005.3300950121115,1006.6745285971219,1008.075700468787,1009.5013812105484,1010.9275471041506,1012.3379437731799,1013.7221515215535,1015.0738153315158,1016.3893292457085,1017.6669213530711,1018.9060322086766,1020.106895548882,1021.2702555784518,1022.3971760040581,1023.4889108282817,1024.5468169280555,1025.5722950717468,1026.5667504042156,1027.5315663250733,1028.4680876144398,1029.3776099557545,1030.2613738822934,1031.120561773037,1031.9562969359354,1032.7696441027445,1033.561610859498,1034.3331496772025,1035.0851603066674,1035.818492371899,1036.5339480467414,1037.232284735336,1037.9142177026483,1038.5804226196663,1039.2315380009798,1039.8681675217726,1040.490882207841,1041.100222496848,1041.6967001722032
-0.024480000000000002,1000.9262326685056,1001.9521046266779,1003.1120039598221,1004.3160377500806,1005.6176522068797,1007.0088612655301,1008.4539877632814,1009.9197835469145,1011.3820521254195,1012.8247546909132,1014.2378313861104,1015.6153172237225,1016.9539775873229,1018.2523750541932,1019.5102435778476,1020.7280709393307,1021.9068200337446,1023.0477424729758,1024.1522537822361,1025.2218499292333,1026.2580517639724,1027.2623684146151,1028.2362736171694,1029.181190896093,1030.0984848066323,1030.9894563205728,1031.8553410284278,1032.6973092360117,1033.5164673127133,1034.3138598428875,1035.0904722674338,1035.8472337979356,1036.585020452949,1037.3046581135927,1038.0069255292735,1038.6925572282805,1039.3622463048678,1040.016647066369,1040.6563775322231,1041.2820217825795,1041.8941321580944,1042.4932313151533
-0.024239999999999998,1001.0148290614925,1002.1068256913354,1003.3175430708836,1004.567806527259,1005.9178409946458,1007.3568202175126,1008.8466020348211,1010.3529665828955,1011.851608424748,1013.3267575197444,1014.7687531853568,1016.1720484272644,1017.5337996161248,1018.852917609541,1020.1294394745157,1021.3641139109903,1022.5581273883107,1023.712922902768,1024.8300799821825,1025.9112354488718,1026.9580314815373,1027.9720820636055,1028.9549518659094,1029.9081435555272,1030.8330908110804,1031.7311551868688,1032.6036255502484,1033.4517192128908,1034.2765841484031,1035.0793018765062,1035.860890724374,1036.6223092667253,1037.3644598099822,1038.0881918305192,1038.794305308422,1039.483553920192,1040.156648069215,1040.8142577434926,1041.4570151974706,1042.0855174597627,1042.7003286718325,1043.3019822647705
-0.024000000000000007,1001.1108996538243,1002.2716974211032,1003.533859890964,1004.8313959754099,1006.2310832095014,1007.7188221859095,1009.2539421764781,1010.8013070895297,1012.336570549813,1013.8442862178947,1015.3152324856851,1016.7443083590526,1018.129080676135,1019.468822131521,1020.7638823779369,1022.0152776835315,1023.2244227774042,1024.3929553486423,1025.5226212624295,1026.6151998367852,1027.6724557226548,1028.6961085433973,1029.6878144293735,1030.6491555261646,1031.581634834369,1032.486674589717,1033.365616963201,1034.2197262473426,1035.0501919581773,1035.858132463363,1036.6445988715507,1037.4105790045737,1038.157001334028,1038.8847388055492,1039.5946125030737,1040.2873951254558,1040.9638142616132,1041.6245554597842,1042.2702650927808,1042.901553025233,1043.5189950913955,1044.1231353935977
-0.023760000000000003,1001.2149709730194,1002.4471978770948,1003.7613398095533,1005.1072195097604,1006.5578105136269,1008.0952920436565,1009.676413706208,1011.2651873872062,1012.8372978999449,1014.3776791677445,1015.8775890318293,1017.3324004876025,1018.7401101132084,1020.1003657337146,1021.4138387986507,1022.6818195567042,1023.9059554758816,1025.0880820704176,1026.2301137289585,1027.3339737813476,1028.4015503893897,1029.434669512872,1030.4350791921556,1031.4044413245413,1032.344328378146,1033.256223323963,1034.1415216249868,1035.0015344967005,1035.837492907556,1036.6505519614082,1037.441795422579,1038.2122402257792,1038.9628408692458,1039.6944936280588,1040.4080405510877,1041.1042732230712,1041.7839362855266,1042.447730718267,1043.0963168885517,1043.7303173781258,1044.3503196002887,1044.9568782200377
-0.02352,1001.3275965284957,1002.6338123059911,1004.000374296263,1005.3957010507518,1006.8984645375106,1008.4866628551233,1010.114428801905,1011.7449953961293,1013.3541548017529,1014.9272792771733,1016.4561468711917,1017.9366324768079,1019.3671814348498,1020.7478297037705,1022.0795794619762,1023.3640011024187,1024.6029790972327,1025.7985497371894,1026.9527979686598,1028.0677925224388,1029.1455460036198,1030.1879913159976,1031.1969687857677,1032.174220272326,1033.1213878037563,1034.0400150951343,1034.931550851512,1035.7973531207308,1036.6386942056024,1037.456765810317,1038.2526842082398,1039.0274952946922,1039.7821794403535,1040.517656096282,1041.23478812543,1041.934385851494,1042.6172108264643,1043.2839793249657,1043.935365577625,1044.572004758063,1045.1944957392454,1045.8034036352578
-0.02328000000000001,1001.4493572553531,1002.8320320507514,1004.2513611288449,1005.697275409895,1007.2534970859682,1008.8933759979551,1010.5684064120235,1012.2411247651053,1013.8875106638271,1015.4934341594109,1017.0512345553348,1018.5573164051023,1020.010592543423,1021.4114997476113,1022.7613795607409,1024.0620884240184,1025.3157518578332,1026.5246096953238,1027.6909193200947,1028.816896124208,1029.9046779811904,1030.956305256892,1031.9737108642366,1032.9587167721484,1033.9130346080676,1034.83826879507,1035.7359211921803,1036.6073965564708,1037.4540083792176,1038.2769848051703,1039.0774744494959,1039.856551998026,1040.615223524208,1041.3544314881403,1042.0750594042406,1042.777936177933,1043.4638401205057,1044.13350265666,1044.787611742277,1045.426815011384,1046.051722671709,1046.662910167933
-0.023040000000000005,1001.5808618705241,1003.0423533458103,1004.5147046488808,1006.0123886511313,1007.6233703028095,1009.31588124384,1011.0387723282656,1012.7539749652137,1014.4377400985264,1016.0764962817397,1017.6631853118255,1019.1947689563212,1020.6706459423156,1022.0916662077911,1023.4595189833043,1024.776352391951,1026.0445368186558,1027.266518214935,1028.4447281237256,1029.5815297282447,1030.6791868873872,1031.7398478570801,1032.765538362727,1033.7581605672535,1034.719495683883,1035.6512087628762,1036.5548546912103,1037.4318847797617,1038.2836535347717,1039.1114253580902,1039.9163810190514,1040.699623806278,1041.4621853110377,1042.2050308222422,1042.9290643315692,1043.6351331587953,1044.3240322144318,1044.9965079206904,1045.6532618136812,1046.2949538502578,1046.9222054425884,1047.5356022426395
-0.0228,1001.7227471311635,1003.2652760582417,1004.7908161030863,1006.3414984842253,1008.0085568561619,1009.7546368637578,1011.5259592872319,1013.2839514151651,1015.0052230766865,1016.6768231474131,1018.2923372490569,1019.8493116430145,1021.347648973886,1022.7886243129046,1024.1742825718934,1025.507068909025,1026.789602155873,1028.0245367645925,1029.2144799997504,1030.3619438337778,1031.4693187188832,1032.5388611387084,1033.572689781641,1034.5727870261805,1035.5410036049564,1036.4790650700825,1037.3885791727782,1038.271043590257,1039.1278536428783,1039.9603097827012,1040.7696247254412,1041.5569301574,1042.3232829876522,1043.069671140609,1043.7970188995923,1044.5061918213828,1045.1980012468912,1045.8732084355838,1046.5325283519946,1047.1766331322294,1047.806155257265,1048.421690458326
-0.02256000000000001,1001.875677984858,1003.5013023873618,1005.0801140760444,1006.6850746916463,1008.4095401470883,1010.2101097608014,1012.0304071040063,1013.8314656410113,1015.590345117603,1017.2947775128706,1018.9390335958946,1020.5212710638663,1022.0419140906934,1023.5026744594271,1024.9059604125284,1026.2545192064497,1027.5512214614723,1028.7989323153229,1030.0004361545637,1031.1583946058638,1032.2753252130951,1033.3535929346242,1034.3954094970732,1035.402837453323,1036.3777969364455,1037.3220738308207,1038.2373285507936,1039.1251049206946,1039.9868388470877,1040.8238666021873,1041.6374326204075,1042.4286967634614,1043.198741043376,1043.9485758138624,1044.6791454530494,1045.39133356757,1046.085967751323,1046.7638239332273,1047.4256303477862,1048.072071160912,1048.7037897815576,1049.3213918875656
-0.022320000000000007,1002.0403476010001,1003.750935471541,1005.3830249573159,1007.0435995236302,1008.8268144731829,1010.6827755607551,1012.5525627677282,1014.3969354011913,1016.1934974468808,1017.9307275748404,1019.6036229129405,1021.2109791342866,1022.7537591013397,1024.2341224695238,1025.6548481022062,1027.0189901183605,1028.3296740235405,1029.5899776254003,1030.8028636690715,1031.9711441664583,1033.0974641413939,1034.1842971832375,1035.2339480569337,1036.248559385998,1037.2301205326746,1038.1804775000792,1039.101343127481,1039.9943071356704,1040.8608457627438,1041.7023308481455,1042.5200382976784,1043.315155909297,1044.0887905685145,1044.8419748394722,1045.5756729872421,1046.290786471533,1046.9881589533957,1047.6685808559994,1048.3327935188518,1048.9814929824768,1049.6153334378828,1050.234930372377
-0.022080000000000002,1002.2174772724856,1004.0146780270895,1005.69998355158,1007.4175681739868,1009.2608852688783,1011.1731187865112,1013.0928806257099,1014.9807849016283,1016.8150772437514,1018.585047245169,1020.2864593891993,1021.918773399832,1023.4835074965039,1024.983279926454,1026.4212470911748,1027.8007744290517,1029.1252451769863,1030.3979515934482,1031.6220358533214,1032.8004609499167,1033.9359996649764,1035.0312342843831,1036.0885625365083,1037.1102069494834,1038.0982258914812,1039.0545252272334,1039.980869946001,1040.878895383287,1041.7501178276132,1042.595944410163,1043.4176822414768,1044.2165467999375,1044.9936696007098,1045.7501051870408,1046.486837492256,1047.2047856229224,1047.904809113145,1048.5877126978953,1049.254250650344,1049.9051307248067,1050.5410177434544,1051.162536861494
-0.02184,1002.4078161767848,1004.2930309240454,1006.0314337273861,1007.8074892219203,1009.7122693017843,1011.6816329926552,1013.6518225322269,1015.5834449787957,1017.4554878587768,1019.2581163979571,1020.9879031127037,1022.6449973250873,1024.2314887518448,1025.7504644881801,1027.2054650046891,1028.6001712009088,1029.9382266361406,1031.2231395945375,1032.4582325851918,1033.6466200435752,1034.7912026767945,1035.894671442165,1036.959516881884,1037.9880412007615,1038.9823714980707,1039.944473199848,1040.8761631340724,1041.7791219384924,1042.654905644865,1043.5049563783778,1044.3306121686137,1045.1331159022031,1045.9136234660036,1046.6732111388196,1047.4128822929192,1048.133573466254,1048.8361598637941,1049.5214603427742,1050.1902419324472,1050.8432239346043,1051.4810816468262,1052.10444974635
-0.021600000000000008,1002.6121409853918,1004.5864917816906,1006.3778291669098,1008.2138851044348,1010.1814948957749,1012.208820933566,1014.2298580355033,1016.205353323077,1018.11513907236,1019.9503211571754,1021.7083203808825,1023.3900006213752,1024.9980386687632,1026.5360002378752,1028.0078160007447,1029.4174861374545,1030.768916861656,1032.0658338498292,1033.3117406819301,1034.509903560535,1035.663351175078,1036.7748830388405,1037.847082283894,1038.8823305022959,1039.8828231984505,1040.8505850166348,1041.7874842763524,1042.6952465748075,1043.5754673540869,1044.4296234137444,1045.2590833979762,1046.0651173133926,1046.8489051467216,1047.611544656781,1048.3540584150624,1049.0774001663617,1049.7824605764088,1050.4700724282213,1051.141015323462,1051.7960199397094,1052.4357718894576,1053.0609152219051
-0.021360000000000004,1002.8312553106907,1004.8955536074606,1006.739634219285,1008.6372926208905,1010.6691021841873,1012.7551947686684,1014.8274646062234,1016.8469547453609,1018.794447396649,1020.6620542270538,1022.448084052733,1024.1541396151752,1025.7834997547607,1027.3402180729545,1028.8286211653215,1030.2530319829605,1031.6176214631002,1032.9263338311073,1034.1828543058405,1035.3906010459066,1036.5527306696958,1037.672151040951,1038.7515375837693,1039.7933509270135,1040.799854603601,1041.7731320907092,1042.7151028167061,1043.6275369655584,1044.512069031448,1045.3702101471074,1046.203359248503,1047.0128131581623,1047.799775677258,1048.565365777323,1049.3106249791554,1050.0365240009858,1050.7439687514518,1051.4338057360953,1052.106826939361,1052.7637742376871,1053.4053433933566,1054.0321876733653
-0.02112,1003.0659889794008,1005.2207034307304,1007.1173247897602,1009.0782633960472,1011.1756433174904,1013.3212762287144,1015.4451278324439,1017.5087014137273,1019.4938363502204,1021.3937151974058,1023.2075738777954,1024.9377775950384,1026.588221583872,1028.1634560756659,1029.6682088905975,1031.1071289063648,1032.4846535871243,1033.8049466520893,1035.071875357885,1036.2890098720532,1037.4596345785299,1038.586765396442,1039.6731696706959,1040.7213866560624,1041.733747487248,1042.7123940472334,1043.6592964556066,1044.5762690809454,1045.4649850863696,1046.3269895754206,1047.1637114349141,1047.976473983736,1048.7665045387478,1049.5349430053857,1050.2828495938616,1051.0112117537549,1051.720950411194,1052.4129255843661,1053.0879414450608,1053.7467508865348,1054.3900596512276,1055.018530065778
-0.02088000000000001,1003.3171971219759,1005.5624210843785,1007.5113893824812,1009.5373644293177,1011.7016827621347,1013.9075968819701,1016.0833417179228,1018.1910531933693,1020.2137368338919,1022.1457109471025,1023.9871769199793,1025.74128525002,1027.412561245383,1029.0060599688966,1030.5269153354914,1031.9801049648254,1033.3703343827567,1034.7019875345284,1035.9791139439094,1037.2054357044333,1038.384364692569,1039.519024498739,1040.6122739446828,1041.6667304403372,1042.6847922459567,1043.6686591820219,1044.6203516072185,1045.5417276435903,1046.434498715536,1047.3002435142337,1048.1404205186886,1048.956379209399,1049.749370107102,1050.5205537610605,1051.2710088012525,1052.001739158044,1052.713680542249,1053.4077062683593,1054.0846324944084,1054.7452229434493,1055.3901931640505,1056.0202143804568
-0.020640000000000006,1003.5857590676413,1005.9211780350736,1007.9223301758143,1010.0151786007536,1012.2477975563526,1014.5146983649585,1016.7426089504087,1018.8944779600045,1020.954587482564,1022.9184560256275,1024.7872879612723,1026.5650410896526,1028.2568837756453,1029.8683835565532,1031.4050848721868,1032.872296554592,1034.274993455289,1035.617780264112,1036.9048888318057,1038.1401929594642,1039.3272316340492,1040.4692356448422,1041.5691547743695,1042.629684057819,1043.6532883558673,1044.6422249175698,1045.5985638546472,1046.5242065829557,1047.4209023564465,1048.2902630503538,1049.1337763598256,1049.9528175773517,1050.748660102957,1051.5224848286396,1052.2753885249645,1053.0083913442493,1053.7224435419776,1054.4184315063094,1055.0971831748989,1055.7594729087211,1056.4060258841716,1057.0375220572855
-0.0204,1003.8725770351664,1006.2974363658495,1008.3506641959807,1010.5123052072771,1012.8145776024741,1015.1431326585652,1017.4234412194656,1019.6194519639852,1021.7168350674398,1023.7123730840387,1025.608309953644,1027.4094319108515,1029.121562635601,1030.7507892085,1032.3030705761475,1033.7840489043913,1035.1989693617736,1036.552657687153,1037.8495279487136,1039.0936053017322,1040.2885553532997,1041.437715531538,1042.5441259924053,1043.610558807978,1044.6395448660196,1045.6333982952342,1046.5942384409313,1047.52400952512,1048.4244981759643,1049.2973490291656,1050.1440786029395,1050.9660876375938,1051.7646720753635,1052.5410328391295,1053.2962845515628,1054.0314633200232,1054.7475336976233,1055.4453949174163,1056.1258864846804,1056.7897932017167,1057.4378496902862,1058.0707444687255
-0.02016000000000001,1004.1785746099929,1006.6916479461919,1008.7969245885271,1011.0293605322743,1013.4026260008314,1015.7934624145257,1018.1263595883562,1020.3664602491295,1022.5009349522421,1024.5278933586442,1026.450654522207,1028.274853314622,1030.0069802367273,1031.653648392645,1033.2212347621141,1034.7157166137256,1036.14261015047,1037.5069622503436,1038.8133689204803,1040.0660061827225,1041.2686656664337,1042.4247907918316,1043.5375114304713,1044.6096760452858,1045.643880930295,1046.6424965055664,1047.6076907977535,1048.5414503198701,1049.445598595801,1050.3218125785281,1051.1716371996,1051.9964982687372,1052.797713921106,1053.5765047881152,1054.334003046984,1055.0712604853363,1055.7892557000273,1056.4889005342536,1057.1710458436905,1057.8364866707766,1058.485966896135,1059.1201834273465
-0.019920000000000007,1004.5046949989749,1007.1042537444594,1009.2616619081946,1011.5669783662117,1014.0125593419214,1016.4662612497415,1018.8518948397427,1021.1359970492009,1023.3073515298613,1025.3654571373872,1027.3147424530994,1029.1617102093371,1030.9135284552783,1032.5773421969393,1034.1599495115404,1035.667664184056,1037.1062738945307,1038.4810465360267,1039.7967596078392,1041.057739377399,1042.2679027919537,1043.4307985312973,1044.5496454551694,1045.6273677144873,1046.6666263419556,1047.6698474220427,1048.6392470783014,1049.576853572653,1050.484526823534,1051.3639756388488,1052.2167729374512,1053.0443692061742,1053.8481044119255,1054.629218562044,1055.3888610818942,1056.1280991569238,1056.8479251671795,1057.5492633254403,1058.2329756154663,1058.8998671141837,1059.5506907706472,1060.1861517051602
-0.019680000000000003,1004.8518990547354,1007.5356834584143,1009.7454455558573,1012.1258106241701,1014.6450081102221,1017.1621141610404,1019.6005879432696,1021.928566304015,1024.1365587748653,1026.2255143378497,1028.2010042887287,1030.0704174173056,1031.8416092460138,1033.5222619473498,1035.1195972927621,1036.640266639733,1038.0903293126871,1039.4752738819434,1040.800058724729,1042.0691596007691,1043.2866179653417,1044.456086940555,1045.580873578302,1046.6639769586486,1047.708122139455,1048.7157902046454,1049.6892447586517,1050.6305552438034,1051.541617449728,1052.4241715581438,1053.2798180332727,1054.1100316331908,1054.916173783745,1055.6995035256214,1056.4611872173136,1057.2023071521905,1057.9238692264596,1058.6268097762693,1059.3120016862108,1059.9802598577148,1060.6323461140241,1061.2689736082818
-0.01944,1005.2211630625194,1007.986355360829,1010.2488652242326,1012.7065279154544,1015.3006170515687,1017.8816179135664,1020.3729905025285,1022.7446821584931,1024.9890407815485,1027.1085250729507,1029.1098809126488,1031.0014002727762,1032.7916352490583,1034.4888098205586,1036.100571577407,1037.6339101465958,1039.095156388959,1040.4900190012643,1041.8236364580957,1043.100633127051,1044.3251740573091,1045.5010159124026,1046.6315530727518,1047.7198587336882,1048.7687212195597,1049.7806759115465,1050.7580332480006,1051.70290325732,1052.617217055263,1053.502745697941,1054.361116737476,1055.1938287840883,1056.0022643384418,1056.7877011222652,1057.5513221037802,1058.2942243871216,1059.017427111323,1059.7218784842016,1060.4084620591277,1061.0780023478455,1061.731269849846,1062.368985567967
-0.01920000000000001,1005.6134762834133,1008.4566764779512,1010.7725324236318,1013.3098201503025,1015.9800455940501,1018.6253814921336,1021.1696652678999,1023.5848695274894,1025.8652923664752,1028.014960279478,1030.0418241955576,1031.9550952794311,1033.7640304547494,1035.4773995132928,1037.1032775121994,1038.648992684856,1040.12114704563,1041.5256686549799,1042.8678751392133,1044.152538459601,1045.3839462421056,1046.5659577083636,1047.7020536371754,1048.79538047117,1049.8487889982246,1050.864868158065,1051.8459745457199,1052.7942581560478,1053.7116848646808,1054.6000560848295,1055.4610259839005,1056.296116592268,1057.1067310902706,1057.8941655189121,1058.6596191245908,1059.4042035179975,1060.1289508015393,1060.8348207976705,1061.5227074918314,1062.1934447878093,1062.8478116598164,1063.4865367740817
-0.018960000000000005,1006.0298382489209,1008.9470431397806,1011.3170820847846,1013.9363971884832,1016.6839683286747,1019.3940266213028,1021.9911867203521,1024.4496647309347,1026.765819739652,1028.9453024132877,1030.997297706029,1032.9319508308176,1034.7592309297925,1036.488456971489,1038.1281326492856,1039.6859247793157,1041.1687058724997,1042.582622379596,1043.9331699694403,1045.2252670544758,1046.4633227187367,1047.65129767747,1048.7927581123186,1049.890922792147,1050.9487041219863,1051.968743825649,1052.9534439479758,1053.9049938059927,1054.8253934482575,1055.7164741103516,1056.5799160875936,1057.4172643859667,1058.2299424596158,1059.0192642978536,1059.7864450857764,1060.5326106295747,1061.2588057096325,1061.9660015008365,1062.6551021794721,1063.326950819143,1063.9823346637795,1064.6219898536351
-0.01872,1006.4712558031226,1009.4578418547466,1011.8831741480712,1014.5869894388421,1017.4130754589465,1020.1881882656608,1022.8381416415059,1025.339616119022,1027.6911411685674,1029.900046139757,1031.9767774186473,1033.9324279301688,1035.7776855446589,1037.5224211224415,1039.1755676811667,1040.7451302357133,1042.2382508636792,1043.661293223708,1045.0199297560935,1046.3192240552771,1047.5637054445463,1048.7574349884333,1049.9040632116705,1051.00688023624,1052.068859195432,1053.0926937877223,1054.0808307719608,1055.0354981189507,1055.9587294430496,1056.8523852504975,1057.718171462783,1058.5576556047392,1059.3722809880219,1060.1633791703464,1060.9321809283356,1061.6798259459727,1062.4073713904584,1063.1157995218919,1063.8060244618002,1064.4788982275422,1065.135216124398,1065.7757215743138
-0.01848000000000001,1006.9387398900117,1009.9894506922724,1012.4714952824867,1015.2623485763839,1018.1680733902405,1021.0085152767305,1023.7111298288505,1026.2552848379419,1028.6417877772894,1030.879699153802,1032.980752546529,1034.9570010298519,1036.8198568162793,1038.5797447183086,1040.2460272834173,1041.8270469816089,1043.3302142559673,1044.7621085834421,1046.128577744704,1047.4348291220872,1048.685510960783,1049.8847834518394,1051.0363803403325,1052.143662077241,1053.2096615936198,1054.237123719013,1055.2285391622243,1056.1861738559392,1057.1120943535282,1058.0081898636383,1058.8761914182035,1059.7176885922734,1060.534144128586,1061.3269067646704,1062.0972225140358,1062.8462446143005,1063.5750423227319,1064.2846087125588,1064.9758676007043,1065.6496797185073,1066.306848220968,1066.9481236165225
-0.018240000000000006,1007.4333020850789,1010.5422410591682,1013.0827605787251,1015.9632482157158,1018.9496852966524,1021.8556710284911,1024.6107648051814,1027.197245593301,1029.6183043458823,1031.8847830024881,1034.0097263785258,1036.0061588774483,1037.886221759199,1039.6608951898008,1041.3399709692003,1042.932127920572,1044.4450433819384,1045.8855110539264,1047.2595524685355,1048.5725172788207,1049.8291712376554,1051.0337723628436,1052.1901364353234,1053.3016931610384,1054.3715342976502,1055.4024549288108,1056.396988921664,1057.3574394559819,1058.2859053782138,1059.1843040150718,1060.0543909796177,1060.897777416945,1061.7159450646068,1062.5102594429316,1063.2819814404274,1064.0322775179384,1064.7622287206275,1065.4728386580616,1066.1650405886028,1066.8397037242,1067.4976388547864,1068.1396033773065
-0.018000000000000002,1007.9559508718228,1011.1165799846301,1013.717715295776,1016.6904846380975,1019.7586517652117,1022.7303341385361,1025.5376746147472,1028.1660874987879,1030.6212501928783,1032.9158339884402,1035.0642171951085,1037.0804054386058,1038.9772728118062,1040.7663555734339,1042.457874015997,1044.0608418573831,1045.5832015929618,1047.0319593497202,1048.4133086661723,1049.7327398278367,1050.9951345859095,1052.2048474097055,1053.3657748711025,1054.481414808177,1055.5549167943288,1056.5891252578108,1057.5866164056354,1058.5497299275644,1059.4805962985665,1060.3811603634326,1061.2532017738286,1062.0983527535152,1062.9181135890458,1063.71386617836,1064.4868859160545,1065.2383521497263,1065.969357405016,1066.6809155464714,1067.37396901596,1068.0493952691882,1068.7080125131793,1069.3505848327156
-0.017759999999999998,1008.5076876655683,1011.7128329431811,1014.3771366600238,1017.4448775811102,1020.5957315269206,1023.6331992833728,1026.4925027137472,1029.1624150170935,1031.6512001473627,1033.9734041602571,1036.144759268885,1038.180260902412,1040.0935188432147,1041.8966255177854,1043.6002284698848,1045.2136744994812,1046.745169257305,1048.2019292992734,1049.5903182721916,1050.9159653367703,1052.183866639834,1053.398471653024,1054.5637564351193,1055.6832857858249,1056.7602660446632,1057.797590043254,1058.7978754838539,1059.763497807417,1060.6966184347614,1061.599209113571,1062.4730729787684,1063.3198628305327,1064.141097049339,1064.938173497627,1065.7123817003633,1066.4649135495529,1067.1968727388091,1067.909283101888,1068.6030960023738,1069.2791968995077,1069.9384111966046,1070.5815094630095
-0.017520000000000008,1009.0895025888001,1012.3313671524917,1015.0618356158225,1018.2272709909682,1021.4617021761732,1024.564978013707,1027.47590886657,1030.1868489102528,1032.708745533367,1035.0580623177725,1037.2519038822752,1039.3062627060692,1041.2354861814388,1043.0522223128908,1044.7675441746655,1046.3911294848504,1047.931444786146,1049.3959148686665,1050.791071438377,1052.1226806570837,1053.3958513730797,1054.615126538807,1055.784560338147,1056.9077833154088,1057.9880574888518,1059.0283231213348,1060.0312385402865,1060.9992141579626,1061.9344416407664,1062.8389190093344,1063.714472314055,1064.5627744187323,1065.3853613337096,1066.1836464651365,1066.958933086035,1067.712425284787,1068.4452376055533,1069.1584035612454,1069.8528831716494,1070.5295696560572,1071.189295390413,1071.8328372228298
-0.017280000000000004,1009.7023700041287,1012.9725555167742,1015.7726586938959,1019.038533929346,1022.3573610696659,1025.52639975198,1028.4885702192005,1031.2400273600056,1033.794495317031,1036.1703951733343,1038.3862204951124,1040.4589667040404,1042.4037197811697,1044.2336820548846,1045.9603499323207,1047.5937295376998,1049.1425457841772,1050.6144293070204,1052.0160776739458,1053.3533920591842,1054.631592228796,1055.8553130237797,1057.0286853349312,1058.1554041887773,1059.2387861581378,1060.2818179349172,1061.2871975769012,1062.2573696672594,1063.1945554006345,1064.1007784263536,1064.9778871304134,1065.8275739172277,1066.6513919542526,1067.4507697631188,1068.227023976204,1068.9813705247282,1069.7149344812067,1070.4287587435153,1071.1238117185162,1071.8009941389098,1072.4611451268363,1073.1050476009448
-0.01704,1010.347243813013,1013.6367810770854,1016.510489823931,1019.8795614554544,1023.2835262275502,1026.518212802946,1029.5311823907982,1032.3226071096476,1034.9090772779434,1037.311008539675,1039.5482979410688,1041.63894836811,1043.5987844244098,1045.4415608453032,1047.17919469981,1048.822017662042,1050.3790102395474,1051.858006332583,1053.265867027684,1054.6086264106011,1055.8916132938916,1057.1195527458065,1058.296650890873,1059.4266659312575,1060.512967834357,1061.5585886896936,1062.5662653665554,1063.5384757987367,1064.477469975199,1065.3852965158105,1066.2638255506201,1067.1147684917312,1067.939695182528,1068.7400488246917,1069.5171590150687,1070.272253168849,1071.0064665600944,1071.7208511734464,1072.4163835302215,1073.0939716268306,1073.7544611024928,1074.3986407357966
-0.01680000000000001,1011.0250525304485,1014.3244420620931,1017.2762521875794,1020.7512755980804,1024.241037350703,1027.5411854856152,1030.6044606852627,1033.4352647228018,1036.0531392941664,1038.4805286284918,1040.7387457321688,1042.846804093234,1044.8212660248914,1046.676436092415,1048.4246488863355,1050.0765584343476,1051.6413978116382,1053.1272014155288,1054.5409913657759,1055.8889324489267,1057.1764605672065,1058.40838928744,1059.5889984411126,1060.7221080564345,1061.8111403005785,1062.8591716008486,1063.8689766958385,1064.8430660303693,1065.7837176377225,1066.693004436698,1067.5728176985044,1068.4248873004178,1069.2507992724068,1070.0520110537939,1070.8298648050218,1071.5855990612183,1072.3203589667187,1073.035205290848,1073.7311223933734,1074.409025281754,1075.0697658805732,1075.7141386154706
-0.016560000000000005,1011.7366941479776,1015.0359575401667,1018.0709101159233,1021.6546264306683,1025.2307569662669,1028.5961073973324,1031.7091414325955,1034.5786979682928,1037.2273507496984,1039.6796034681795,1041.9581954795879,1044.0831526172,1046.0717730441543,1047.9389079223217,1049.6973057587197,1051.3579394028436,1052.9302912241628,1054.4225931648893,1055.8420257526939,1057.1948821568315,1058.4867033288604,1059.7223895398192,1060.9062927491966,1062.04229341981,1063.1338646899642,1064.184126237325,1065.19588970494,1066.1716971903304,1067.1138540055128,1068.0244566835634,1068.9054170229751,1069.7584828143863,1070.585255777099,1071.3872071389144,1072.1656912171993,1072.9219572979894,1073.6571600602913,1074.3723687522725,1075.0685752928657,1075.7467014450483,1076.4076051845273,1077.0520863688866
-0.01632,1012.4830307995833,1015.7717735776115,1018.8954709205125,1022.5905931395081,1026.2535715951883,1029.683790710453,1032.8459833680279,1035.7536272463187,1038.4324039861867,1040.9089043684721,1043.2073023638125,1045.348636491905,1047.3509379613147,1049.2296006456652,1050.9977829041425,1052.6667725457771,1054.2462977187113,1055.7447847772905,1057.1695698951362,1058.527072201286,1059.8229355748663,1061.0621451328104,1062.249123332896,1063.3878096404464,1064.4817269033952,1065.534036935579,1066.5475872976817,1067.5249508634383,1068.468459442919,1069.3802324861801,1070.2622016944892,1071.116132211036,1071.9436409395523,1072.7462124406131,1073.5252127762221,1074.2819016094506,1075.0174428141831,1075.7329138079444,1076.4293137863688,1077.1075710096345,1077.7685492678884,1078.4130536333914
-0.01608000000000001,1013.2648832472684,1016.5323700428648,1019.750986857681,1023.560185306524,1027.3103931555622,1030.8050717015333,1034.0157692344392,1036.9607972280885,1039.6690159590541,1042.1691275814876,1044.486746794173,1046.6439237378377,1048.6594189206069,1050.5491643972825,1052.3267238615226,1054.0036958944645,1055.590050669592,1057.0944056438248,1058.5242497412241,1059.886125525398,1061.1857776019385,1062.4282740131093,1063.6181060359152,1064.7592706665857,1065.855339169281,1066.9095143538534,1067.9246786905012,1068.9034349350945,1069.8481406004391,1070.7609373440362,1071.6437761351135,1072.4984388998855,1073.3265572141943,1074.1296285093472,1074.9090301742553,1075.6660318704598,1076.401806322865,1077.1174388053307,1077.813935504642,1078.4922309171586,1079.1531944084018,1079.7976360459445
-0.015840000000000007,1014.0830252053842,1017.318267880906,1020.6385570332845,1024.5644442080206,1028.4021604098489,1031.960812333668,1035.2193074423585,1038.200978556188,1040.9379299570878,1043.4609960287505,1045.797236136698,1047.969709569055,1049.9979014514186,1051.8982768501967,1053.6847998289259,1055.3693752339111,1056.9622112776667,1058.4721130372154,1059.9067191611803,1061.272693022828,1062.575877675885,1063.8214221068565,1065.0138846849732,1066.1573184274282,1067.2553416902676,1068.3111971140243,1069.3278010496467,1070.307785224011,1071.253532043168,1072.1672046506685,1073.0507726389085,1073.9060341391537,1074.7346348798533,1075.5380846948638,1076.3177718769984,1077.0749757031494,1077.8108774014354,1078.5265697855984,1079.2230657450234,1079.9013057485995,1080.562164495844,1081.2064568282308
-0.015600000000000003,1014.9381775250417,1018.1300369157102,1021.5593293672771,1025.6044442630607,1029.5298405843307,1033.1519020118703,1036.4574338989598,1039.474969709322,1042.239917482208,1044.7852611847795,1047.1395065954412,1049.3267182689776,1051.3671003368484,1053.2776450761223,1055.072711515714,1056.764505946598,1058.3634704059302,1059.8785939394459,1061.317661767309,1062.6874553504415,1063.993913837256,1065.242265118599,1066.4371328823865,1067.5826246196332,1068.682404423927,1069.739753576745,1070.7576212610177,1071.73866724698,1072.685298010707,1073.5996974489155,1074.4838531227083,1075.3395787822453,1076.1685337821145,1076.9722398845809,1077.7520958582338,1078.5093902077779,1079.2453123129083,1079.9609622074552,1080.6573591919334,1081.3354494415482,1081.996112746175,1082.6401684977827
-0.015359999999999999,1015.8310022621939,1018.9683041454299,1022.5145026329285,1026.6812946512355,1030.6944311782574,1034.3792595272491,1037.731014020777,1040.783599045504,1043.5757803030388,1046.1427051305288,1048.514325260323,1050.7157052298478,1052.767761643469,1054.6880075650292,1056.491191151861,1058.189815011751,1059.794550569068,1061.3145670220022,1062.7577928853473,1064.1311248911977,1065.4405958561847,1066.6915104784848,1067.8885559459911,1069.0358926403226,1070.1372290091776,1071.1958837615896,1072.2148378443185,1073.1967781273077,1074.1441343201273,1075.0591103286429,1075.9437110188276,1076.7997651656392,1077.6289452165786,1078.432784382393,1079.2126914743485,1079.9699638331226,1080.7057986346174,1081.4213028097056,1082.1175017757146,1082.7953471454489,1083.4557235532984,1084.0994547163655
-0.015120000000000008,1016.7620966551899,1019.833762396416,1023.5053284522031,1027.7961409820068,1031.8969618516765,1035.6438350885337,1039.0409448382113,1042.1277269404022,1044.9463526066138,1047.5341427076905,1049.922492258324,1052.1374590978169,1054.2006648587835,1056.1301363542789,1057.9410046085434,1059.6460631174252,1061.256208037225,1062.7807847415966,1064.2278616424533,1065.6044478347214,1066.91666730587,1068.16989940897,1069.3688929693812,1070.5178596411356,1071.6205508144249,1072.6803213895364,1073.7001829901265,1074.682848626687,1075.6307703928592,1076.546171448845,1077.4310732925574,1078.2873191219537,1079.1165939376565,1079.9204419133484,1080.7002814650316,1081.4574183733332,1082.1930572513547,1082.9083116007912,1083.6042126586833,1084.281717204271,1084.9417144684512,1085.5850322661818
-0.014880000000000004,1017.7319870397796,1020.7271794461888,1024.5331134922196,1028.950167271553,1033.1384966315682,1036.9466126611,1040.3881573938854,1043.5082482069624,1046.3525034204695,1048.9604239340547,1051.364843157723,1053.5928041641255,1055.666625268703,1057.604839392418,1059.4229537486226,1061.1340469982165,1062.749235161559,1064.278035654193,1065.7286532703224,1067.1082064701086,1068.4229078456272,1069.678209198636,1070.8789190869768,1072.0292987849994,1073.1331411864523,1074.1938361243624,1075.2144247941437,1076.1976453726402,1077.145971475629,1078.0616447523587,1078.9467026509217,1079.8030021829877,1080.6322403561244,1081.4359718159285,1082.2156241404812,1082.9725111502498,1083.7078445329737,1084.4227440318434,1085.118246403788,1085.7953133209144,1086.4548383604956,1087.097653206177
-0.01464,1018.7411227316229,1021.6494074013774,1025.5992216493164,1030.1445980097683,1034.4201362322199,1038.288612427216,1041.773619265848,1044.9260946428083,1047.7951391652146,1050.422436551866,1052.8422515076486,1055.082602893722,1057.1664964743866,1059.1129630440832,1060.9378789198147,1062.654601917084,1064.274462845188,1065.8071468755882,1067.2609915559112,1068.6432216272833,1069.9601356533512,1071.217255626206,1072.4194478900063,1073.5710216544644,1074.6758098514674,1075.7372359667352,1076.7583696446459,1077.7419732396095,1078.690541015461,1079.6063323350256,1080.4913999062303,1081.347613937881,1082.1766828920947,1082.9801713900204,1083.759515724553,1084.5160373518945,1085.2509546683802,1085.9653933263207,1086.6603953000285,1087.3369268785468,1087.9958857332933,1088.638107185569
-0.01440000000000001,1019.7898699083614,1022.6013923630683,1026.7050763743246,1031.3807004763446,1035.743020638054,1039.6708935039435,1043.1983373413962,1046.38223782189,1049.275206445995,1051.9211088106078,1054.3556316083072,1056.6077586813524,1058.701173133781,1060.6553948171731,1062.486661667971,1064.208604365352,1065.83276323058,1067.3689867568517,1068.825741505572,1070.2103553304387,1071.5292100688355,1072.787895594268,1073.9913340511303,1075.1438808676826,1076.249407522855,1077.3113698541301,1078.3328648149225,1079.3166779342537,1080.265323238136,1081.1810770176019,1082.0660065417035,1082.921994592704,1083.750760528799,1084.5538784451078,1085.332792897562,1086.0888325700746,1086.823222198112,1087.5370930077324,1088.231491885484,1088.907389459077,1089.565687239768,1090.207223953632
-0.014160000000000006,1020.8785055251756,1023.5841843214745,1027.8521631705535,1032.6597873361748,1037.1083319755867,1041.0945569434293,1044.6633608651384,1047.877692153296,1050.7936951052804,1053.4574125062857,1055.905941533659,1058.1692188566503,1060.2715939491811,1062.2330663334317,1064.0702276914635,1065.7969750017544,1067.4250526241162,1068.964467795247,1070.42381224312,1071.8105136839838,1073.131034468275,1074.3910299929657,1075.5954761778894,1076.7487729221416,1077.8548287356855,1078.917130486557,1079.9388012806335,1080.9226488048166,1081.8712059499253,1082.7867651401775,1083.6714074988831,1084.5270277511386,1085.3553555868016,1086.1579740682616,1086.9363355582775,1087.6917755565926,1088.425524764968,1089.138719644872,1089.832411687326,1090.5075755781177,1091.1651164119746,1091.8058760850163
-0.013920000000000002,1022.0072112994795,1024.5989471168152,1029.0420321388792,1033.9832193902723,1038.517297561947,1042.5607489158292,1046.1697846732313,1049.4135181292654,1052.3516414676374,1055.0323662152475,1057.494186350948,1059.767977888159,1061.878744855574,1063.8469565014618,1065.6895499994578,1067.4206817966606,1069.0522946269948,1070.5945497525156,1072.0561601161733,1073.444649967575,1074.7665593485824,1076.027606774142,1077.2328198771868,1078.3866412499528,1079.4930148932376,1080.5554573647191,1081.5771167499727,1082.5608218636344,1083.5091235527557,1084.4243295702993,1085.308534178984,1086.1636434093127,1086.9913967125572,1087.7933856066413,1088.5710698005782,1089.3257911942526,1090.0587860795476,1090.7711958120644,1091.4640761769351,1092.1384056351271,1092.7950926064082,1093.434981920368
-0.013680000000000012,1023.1760678019748,1025.6469685817074,1030.276300873579,1035.352408779165,1039.9711934005322,1044.0706643200015,1047.7187528370146,1050.9908259671004,1053.9501319655076,1056.6470388981902,1059.1214217012184,1061.4050809404134,1063.5236625551393,1065.4980950298175,1067.3456524048686,1069.0807435061542,1070.7155035916244,1072.2602430947038,1073.723792120436,1075.113768045791,1076.4367857233085,1077.6986243342851,1078.904361125968,1080.0584795769137,1081.1649576150362,1082.2273401275686,1083.248798991241,1084.2321831051854,1085.1800603531642,1086.0947530032154,1086.9783677347918,1087.8328212396912,1088.6598621546034,1089.4610899362851,1090.2379711751096,1090.9918537516398,1091.7239791683896,1092.4354933308898,1093.1274560054228,1093.8008491429239,1094.4565842277011,1095.0955087843827
-0.013440000000000007,1024.3850486926524,1026.7296706283264,1031.5566574746401,1036.7688224070876,1041.4713479139057,1045.6255506355774,1049.3114625506178,1052.6107794974953,1055.5903070137604,1058.302553755138,1060.7887576327983,1063.08162768578,1065.2074383080876,1067.18756619783,1069.0396132762737,1070.7782334061415,1072.415748338994,1073.9626126937867,1075.427769586498,1076.8189260409556,1078.1427687822636,1079.4051351616583,1080.6111499065055,1081.7653355465413,1082.8717023501822,1083.9338221554333,1084.95488942623,1085.9377720901564,1086.8850541374354,1087.7990715284539,1088.6819426290217,1089.5355941415255,1090.3617833063986,1091.1621169976067,1091.9380682176984,1092.6909904046913,1093.4221298889288,1094.1326367787344,1094.8235745059756,1095.4959282240152,1096.150612219114,1096.7884764706248
-0.013200000000000003,1025.6340151415075,1027.8486193277715,1032.8848638752488,1038.233985778123,1043.0191460883354,1047.226712175543,1050.9491684087716,1054.2746004346939,1057.273365259291,1060.0000924498825,1062.49736279955,1064.7987764770326,1066.9312220807317,1068.916512980563,1070.7725696411899,1072.5142833753273,1074.1541562226394,1075.7027818738131,1077.1692122092459,1078.5612403468026,1079.8856218903331,1081.148249821084,1082.3542941778996,1083.5083146789702,1084.6143523242665,1085.676004505516,1086.6964870548316,1087.678685859647,1088.625200075848,1089.5383785245206,1090.4203505198482,1091.2730521175743,1092.0982485745628,1092.897553655465,1093.6724463015394,1094.424285081273,1095.154320766712,1095.863707318889,1096.553511517059,1097.2247214271174,1097.8782538725707,1098.5149610452718
-0.01296,1026.9227104746599,1029.0055349408706,1034.2627595405006,1039.7494872923985,1044.6160340736392,1048.875514780911,1052.633187115223,1055.9835730680888,1059.000568244719,1061.7408997424923,1064.2484690621231,1066.5577489185926,1068.696227088434,1070.686141565313,1072.5457216779066,1074.2900883640593,1075.9319175760295,1077.4819368382323,1078.9493024563885,1080.341890019341,1081.6665209617177,1082.9291413124918,1084.1349642197831,1085.2885847005853,1086.394072855637,1087.4550502154439,1088.4747527464597,1089.4560832150048,1090.4016549914259,1091.3138289170306,1092.1947445088479,1093.046346512254,1093.8704076076074,1094.6685479188213,1095.4422518481033,1096.1928826636376,1096.9216951896965,1097.6298468869488,1098.3184075611719,1098.9883678985016,1099.6406469928206,1100.2760990042998
-0.012720000000000009,1028.2507550872679,1030.2023017399868,1035.6922654127811,1041.3169828840762,1046.263524136573,1050.573390871685,1054.3649025495038,1057.7390493142586,1060.7732454345146,1063.526288486067,1066.0433764550526,1068.3598348049954,1070.5037347069608,1072.4977262374982,1074.3603375775454,1076.106911234085,1077.7502905314375,1079.3013314691643,1080.7692903493034,1082.1621215403406,1083.4867092070222,1084.7490498024906,1085.9543973491725,1087.1073802468827,1088.2120960449377,1089.2721889800932,1090.2909139047263,1091.2711893708733,1092.2156420018366,1093.1266438099021,1094.0063437619012,1094.856694622634,1095.6794758973822,1096.4763135329722,1097.2486969104684,1097.9979935631538,1098.7254619746448,1099.432262749141,1100.1194683953522,1100.788071924907,1101.4389944329794,1102.0730918018596
-0.012480000000000005,1029.6176416650267,1031.440977811108,1037.1753884792283,1042.9382013466068,1047.9632002761111,1052.3218451312036,1056.1457714437072,1059.542454360282,1062.5927998171617,1065.3576451868566,1067.8834587064896,1070.2063976027482,1072.3550999191689,1074.3526147947796,1076.217758928015,1077.966088114524,1079.6106063498855,1081.1622926330738,1082.6304987460048,1084.023254079005,1085.347502374897,1086.60928784712,1087.8139031253645,1088.9660080504473,1090.0697259470182,1091.1287223082152,1092.1462696094925,1093.1253010833252,1094.0684556342112,1094.9781155874186,1095.856438599016,1096.705384776499,1097.5267398458234,1098.3221350353979,1099.09306421866,1099.8408987554953,1100.5669003925132,1101.2722325182267,1101.9579700178913,1102.6251079313574,1103.274569083711,1103.9072108310809
-0.012240000000000001,1031.0227307561854,1032.723804607331,1038.7142267161382,1044.6149501154612,1049.716724302268,1054.1224606544672,1057.9773295240057,1061.3952927729345,1064.460713974422,1067.236436032619,1069.7701692271512,1072.0988804022256,1074.25175723238,1076.2522344323722,1078.1194065695365,1079.8690342296707,1081.514275223088,1083.0662259585238,1084.534329096212,1085.9266852256999,1087.2502944656467,1088.5112460864354,1089.7148690264944,1090.8658526003928,1091.968344214084,1093.0260291500485,1094.0421962296455,1095.0197922484397,1095.9614674101135,1096.8696134861416,1097.7463960536852,1098.5937818796276,1099.4135623005911,1100.2073732801723,1100.9767126932145,1101.722955283724,1102.447365661386,1103.1511096366087,1103.83526414192,1104.5008259455024,1105.1487193285977,1105.7798028707211
-0.01200000000000001,1032.4652467358349,1034.0532163839232,1040.3109746691816,1046.3491217442936,1051.5258425913582,1055.976905754676,1059.8611982961431,1063.2991552407748,1066.3785567745897,1069.1642135375932,1071.7050477096261,1074.038812474487,1076.195227195894,1078.198098224221,1080.0667870421757,1081.8172503153,1083.4627926606834,1085.0146221962555,1086.4822677759917,1087.873897302697,1089.196564019454,1090.4563995114613,1091.6587666963458,1092.80838237005,1093.9094163051964,1094.965572089488,1095.980153598713,1096.956120062088,1097.8961319901593,1098.8025897249731,1099.6776659889688,1100.5233335184198,1101.341388644738,1102.1334715151302,1102.9010835102788,1103.6456023117235,1104.3682949886256,1105.0703294075556,1105.7527842160375,1106.4166576079733,1107.0628750445208,1107.6922960758566
-0.011760000000000007,1033.9442742037288,1035.4318495511188,1041.9679297652824,1048.142701157047,1053.392393595323,1057.8869415033857,1061.7990925489785,1065.2557260222643,1068.3479907621515,1071.1426238759122,1073.689727409339,1076.027816503868,1078.1871235890817,1080.1918122701193,1082.0614996951313,1083.8123296929125,1085.4577465319055,1087.0090642304745,1088.4758930706073,1089.8664643203285,1091.1878810474004,1092.4463143714806,1093.647158829177,1094.795156680481,1095.8944983295244,1096.9489041680304,1097.9616918203815,1098.9358318078264,1099.87399394503,1100.7785862599796,1101.6517878367622,1102.495576684203,1103.3117535066028,1104.1019620778666,1104.8677067841957,1105.6103677938204,1106.3312142279551,1107.0314156401396,1107.712052057485,1108.3741227941446,1109.0185542123436,1109.646206577805
-0.011520000000000002,1035.4587548560899,1036.8625518325239,1043.68749925379,1049.9977735882392,1055.3183160391345,1059.854429956789,1063.7928285433486,1067.2667910789935,1070.370780232511,1073.1734149000072,1075.7259431103475,1078.0676165051418,1080.2291612936804,1082.2350835265684,1084.105244479226,1085.8559660265807,1087.5008247892054,1089.0512347714005,1090.516882837917,1091.906059612947,1093.2259146415322,1094.4826557595998,1095.6817067320471,1096.827833240717,1097.9252445655352,1098.9776763838747,1099.9884587483893,1100.9605723183947,1101.8966951993234,1102.7992422112904,1103.670398008386,1104.512145168113,1105.3262881395447,1106.1144737608438,1106.8782089184742,1107.6188758120825,1108.3377452035118,1109.0359879604587,1109.7146851509178,1110.3748369008204,1111.0173701918575,1111.643145747654
-0.011279999999999998,1037.0074848706925,1038.3483915859942,1045.4722082461421,1051.9165336242372,1057.3056581713254,1061.8813433965113,1065.844333186107,1069.3342471711221,1072.448800250343,1075.2584450871866,1077.8155400061685,1080.160046644325,1082.3231650597454,1084.3297285224287,1086.1998306162452,1087.949961949469,1089.5938240550174,1091.1429249049825,1092.607023023432,1093.994464321462,1095.312441426779,1096.567196035764,1097.7641787204743,1098.908176517456,1100.0034158060128,1101.0536460134276,1102.0622082855796,1103.0320922532978,1103.9659832885684,1104.8663021003779,1105.7352381129083,1106.5747777611798,1107.386728604458,1108.1727399769652,1108.9343207550082,1109.6728547097252,1110.3896138279617,1111.0857699149406,1111.7624047373567,1112.420518921263,1113.0610397832943,1113.6848282446451
-0.011040000000000008,1038.589112843022,1039.8926671036545,1047.3247086273943,1053.9012951528682,1059.356587915907,1063.9697744665891,1067.9556540973163,1071.460111843962,1074.5840465574909,1077.3996933742974,1079.9604834672662,1082.3070609447327,1084.4710791554248,1086.4776829569532,1088.3471861492087,1090.0962385698333,1091.738659086557,1093.2860435192083,1094.7482170505439,1096.133576749631,1097.4493548852397,1098.7018241207672,1099.8964593837388,1101.0380669730846,1102.1308885700917,1103.1786857985342,1104.184809547424,1105.1522572396234,1106.0837204782647,1106.9816249481787,1107.8481640351436,1108.6853273129427,1109.4949248097016,1110.278607781462,1111.0378865785253,1111.7741460786974,1112.4886590737542,1113.1825979257696,1113.8570447542622,1114.5130003703641,1115.1513921380201,1115.773080912793
-0.010800000000000004,1040.2021383094655,1041.4989161910905,1049.2477891915391,1055.9545025338991,1061.4734042087098,1066.1219474675677,1070.1289708144186,1073.6465345358824,1076.7786465894424,1079.599270090241,1082.16286989713,1084.5107440734703,1086.6749780898901,1088.6810123644086,1090.549368553248,1092.2968460321365,1093.9373732906652,1095.4826277757513,1096.9424962517,1098.3254227571908,1099.6386757134344,1100.888555819584,1102.0805598760576,1103.2195113262983,1104.3096653347852,1105.3547941502495,1106.35825703926,1107.323058023874,1108.2518938913488,1109.1471943791594,1110.0111560172115,1110.845770791338,1111.652850550088,1112.434047890712,1113.1908741159175,1113.924714740156,1114.6368429353427,1115.3284312354208,1116.0005617629142,1116.6542351953742,1117.2903786530899,1117.9098526597138
-0.01056,1041.8449108913035,1043.1709262147501,1051.244387178452,1058.078743150788,1063.6585496726887,1068.3402309592136,1072.3666072828107,1075.8958089553626,1079.0348717468846,1081.859429131686,1084.4249388212772,1086.773323351793,1088.9370785520466,1090.9419239871645,1092.8085765482863,1094.5539752738453,1096.1921504286756,1097.734854766383,1099.192031479435,1100.5721673282412,1101.8825633504907,1103.1295453115542,1104.318629370753,1105.4546539720554,1106.5418859223616,1107.5841065051397,1108.5846819828894,1109.5466217701303,1110.4726267790911,1111.365129866027,1112.226329878067,1113.0582204779805,1113.8626146787894,1114.6411658315837,1115.3953856637831,1116.1266598509271,1116.8362615152341,1117.5253629729298,1118.1950459955008,1118.8463108043738,1119.4800839816353,1120.0972254494395
-0.01032000000000001,1043.5156300907356,1044.912744615001,1053.3176011847022,1060.2767613410267,1065.9146246553246,1070.6271517146577,1074.6710456905075,1078.2103867963563,1081.3551510005927,1084.1825814676033,1086.749086300863,1089.097182086091,1091.259752666071,1093.2627799619736,1095.1271632214157,1096.8699710885642,1098.5053276243827,1100.045054469371,1101.49914601438,1102.8761274337037,1104.1833287975935,1105.4270979291118,1106.612967800337,1107.7457896848966,1108.8298401686218,1109.8689079600854,1110.8663649193581,1111.8252246321367,1112.7481910637207,1113.6376992440353,1114.495949500548,1115.3249364289434,1116.1264735427712,1116.9022143523885,1117.65367047571,1118.3822272678765,1119.0891573661681,1119.7756324745544,1120.4427336548997,1121.091460345778,1121.7227382926635,1122.3374265430487
-0.010080000000000006,1045.2123457673083,1046.7286905162007,1055.4707060572368,1062.5514742314188,1068.244403097379,1072.9854104542549,1077.0449420443138,1080.5928931652475,1083.7420861834803,1086.571310310407,1089.137879995217,1091.4848745323309,1093.645542866686,1095.6461121136917,1097.5076507455958,1099.2473467753582,1100.8794099489087,1102.4157242741985,1103.866330033648,1105.2397864467584,1106.5434489834995,1107.7836844761018,1108.9660401300812,1110.0953778499997,1111.175982113464,1112.2116474242155,1113.20574982396,1114.161305832944,1115.0810213841507,1115.9673327241348,1116.822440813194,1117.648340426402,1118.4468449053438,1119.2196073173475,1119.9681386296027,1120.6938233889882,1121.3979333067773,1122.0816390748057,1122.74602068182,1123.39207645229,1124.0207309924856,1124.6328421981996
-0.009840000000000002,1046.9329593199109,1048.6233673601562,1057.707169642929,1064.9059894058094,1070.6508502082975,1075.417899369815,1079.4911435246545,1083.0461437769795,1086.1984690435916,1089.0283880406078,1091.594075971045,1093.939142600775,1096.0971785087077,1098.0946384775982,1099.952746821569,1101.6888005061703,1103.317086718773,1104.8495452148222,1106.2962567832853,1107.6658102580604,1108.965582825715,1110.2019572377928,1111.3804923194723,1112.506058378441,1113.5829458721103,1114.6149534480755,1115.6054598951594,1116.5574834152596,1117.4737308093086,1118.3566385707127,1119.208407433731,1120.031031589106,1120.8263235247803,1121.5959352544432,1122.341376545786,1123.0640306426744,1123.7651678830055,1124.4459575408214,1125.1074781629354,1125.7507266235496,1126.3766260825982,1126.986033002927
-0.009600000000000011,1048.675225595997,1050.601677146069,1060.030671917597,1067.3436248731466,1073.1371423802234,1077.9277218455973,1082.01270800613,1085.5731642922124,1088.7273004175381,1091.556795234231,1094.1206375988766,1096.4629346341094,1098.6175945375226,1100.6112818712752,1102.4653631589001,1104.1972337227244,1105.8212498145044,1107.349400215118,1108.7918007550895,1110.157065387963,1111.452589281741,1112.6847679743998,1113.859169260949,1114.9806695938207,1116.053563472059,1117.0816520131357,1118.0683152987083,1119.0165719420656,1119.9291284969956,1120.8084207203206,1121.6566482491698,1122.4758039152528,1123.2676986612735,1124.0339828276865,1124.776164425731,1125.4956248940414,1126.19363274293,1126.871355416703,1127.5298696456377,1128.170170512163,1128.793179417798,1129.3997511066061
-0.009360000000000007,1050.4367555458718,1052.6688367212791,1062.4451268497926,1069.867931671864,1075.7066896696435,1080.5182147008034,1084.6129260652517,1088.1772121142326,1091.3318118407474,1094.1597421072681,1096.7207568491451,1099.0594265696618,1101.2099525296023,1103.1991908237117,1105.0486363024659,1106.7757718679934,1108.3950143236932,1109.918394649317,1111.3560581695542,1112.716639396536,1114.0075476902427,1115.2351881970765,1116.4051349940453,1117.522268387571,1118.5908849523091,1119.614786577453,1120.5973531620627,1121.5416024419192,1122.4502395920517,1123.325698634526,1124.1701772250487,1124.9856660497016,1125.7739738036066,1126.5367485246247,1127.2754959016997,1127.991595057891,1128.6863122142672,1129.3608125666074,1130.016170647738,1130.653379400975,1131.273358151943,1131.8769596350726
-0.009120000000000003,1052.215019635798,1054.8303963583205,1064.9547071890963,1072.4827193328551,1078.3631610944585,1083.1929732188732,1087.295345753047,1090.8618009323995,1094.0154898882024,1096.8406926762113,1099.3978782912038,1101.7320457924327,1103.8776644125758,1105.8617631734508,1107.7059511181233,1109.4277877675486,1111.0417418251407,1112.5598795352153,1113.9923700836791,1115.347863910911,1116.6337807223608,1117.8565320471812,1119.0216955162175,1120.1341529646359,1121.1982010468923,1122.217640699808,1123.1958501416507,1124.1358449216916,1125.0403276867196,1125.9117297099133,1126.7522457669313,1127.5638635987136,1128.3483889387537,1129.1074668823294,1129.8426002205488,1130.555165241681,1131.2464254077554,1131.9175432397462,1132.5695906852081,1133.2035581946232,1133.8203626943257,1134.4208546127747
-0.008879999999999999,1054.0073520293254,1057.0922616854086,1067.563873064876,1075.1920849807036,1081.1105134609336,1085.9558796331894,1090.0638007689877,1093.6307286228744,1096.7821038357677,1099.6033922077381,1102.155726354021,1104.4844982254403,1106.624419400742,1108.6026728623576,1110.4409674558938,1112.1569281717857,1113.7650668184995,1115.2774778585735,1116.7043486166235,1118.0543407579698,1119.3348804266077,1120.5523822580417,1121.7124246656965,1122.819888651235,1123.8790689210473,1124.8937637074887,1125.8673480252123,1126.802833906174,1127.7029203000316,1128.570034699573,1129.4063680861668,1130.213904441996,1130.9944458120972,1131.7496336975469,1132.480967405467,1133.1898198604076,1133.8774512866444,1134.5450210958606,1135.1935982549464,1135.8241703608228,1136.437651610649,1137.0348898245443
-0.008640000000000009,1055.8109555416681,1059.4607191896719,1070.277404584417,1078.000446330349,1083.9530240253669,1088.8111354061923,1092.9224423960163,1096.4881088832358,1099.6357370315814,1102.4518983571372,1104.9983362562475,1107.3207990716635,1109.4542145657554,1111.425900349282,1113.2576504187668,1114.9671438903683,1116.5689267335108,1118.0751144651895,1119.4959067317359,1120.8399716426798,1122.1147378091969,1123.3266196424072,1124.4811935207067,1125.5833372100813,1126.6373414062937,1127.6469998547625,1128.6156828169246,1129.5463974528643,1130.441837825036,1131.3044265953542,1132.1363500195712,1132.9395874920515,1133.7159366285393,1134.4670346715382,1135.1943768463843,1135.8993321743123,1136.583157153332,1137.2470076423278,1137.8919492238047,1138.5189662726941,1139.128969919954,1139.7228050683636
-0.008400000000000005,1057.62290736718,1061.9424663894042,1073.100439351368,1080.9125794273104,1086.8953277948715,1091.763298075852,1095.875775947726,1099.438407333973,1102.58082269576,1105.390616701374,1107.9300893010143,1110.2453078938101,1112.3713897206824,1114.3357673146957,1116.1603049018224,1117.8627241778381,1119.4575961725561,1120.9570501695825,1122.3712922195066,1123.708992012559,1124.977576586527,1126.1834567388094,1127.332203945012,1128.4286902899375,1129.4772003584135,1130.4815215933284,1131.4450179240453,1132.3706902582355,1133.2612265578737,1134.1190435827,1134.9463219127626,1135.745035508582,1136.5169768003664,1137.2637780936427,1137.986929921342,1138.6877968500382,1139.3676311521704,1140.027584680375,1140.6687192198738,1141.292015546689,1141.898381380679,1142.4886583909697
-0.00816,1059.4401655750219,1064.5446476634884,1076.0385157405756,1083.9336619405306,1089.9424602627298,1094.81732345507,1098.928702505239,1102.4864828575883,1105.622184913196,1108.4243414263,1110.955753290226,1113.262768782366,1115.3806673639504,1117.3369763991905,1119.1536151411974,1120.8483361067795,1122.435726119988,1123.9279208110015,1125.3351266095592,1126.666009833956,1127.9279918331808,1129.1274763379893,1130.2700269988468,1131.3605077265834,1132.4031948535028,1133.4018676680814,1134.3598821566563,1135.2802315653928,1136.1655965169882,1137.0183867747878,1137.840776272385,1138.6347326717218,1139.4020424442367,1140.1443322645928,1140.8630873485433,1141.559667243686,1142.2353194856614,1142.8911914564299,1143.5283407208924,1144.1477440698604,1144.7503054584954,1145.3368629978786
-0.00792000000000001,1061.2595763630477,1067.2748965829749,1079.0976227214815,1087.0693228279877,1093.0999064151092,1097.97861402999,1102.0865667949206,1105.637635029283,1108.7650856748694,1111.5583020239792,1114.0805289142743,1116.3783564674122,1118.4871985379577,1120.434656829711,1122.24269012573,1123.9290697802514,1125.508388968757,1126.9927821060478,1128.3924498597287,1129.7160501269052,1130.9709943709422,1132.16367573363,1133.2996470582154,1134.3837615369168,1135.4202850625823,1136.4129868774717,1137.3652133785847,1138.279948710007,1139.1598648881948,1140.007363560567,1140.8246110206726,1141.6135677464606,1142.3760134585716,1143.113568489787,1143.827712098248,1144.5197982339002,1145.1910691711657,1145.842667344739,1146.4756456649386,1147.0909765406755,1147.6895597991872,1148.2722296601692
-0.007680000000000006,1063.0778820547428,1070.1413866729529,1082.284257828014,1090.3256998433085,1096.373657402053,1101.2530748988877,1105.355212510583,1108.8976589131184,1112.0152792173606,1114.798217229595,1117.310103329408,1119.5977295715047,1121.696615786522,1123.634417106035,1125.4331160333552,1127.11049053612,1128.6811305083925,1130.1571614341146,1131.5487719511939,1132.8646063808715,1134.112062014933,1135.297517807719,1136.4265127474814,1137.5038867060584,1138.5338928998717,1139.5202885890533,1140.4664088958518,1141.3752273868556,1142.24940617412,1143.0913376415576,1143.9031794237653,1144.6868839063477,1145.4442232462743,1146.1768107044184,1146.886118923495,1147.5734956611898,1148.2401773916372,1148.8873011121864,1149.5159146318495,1150.12698556942,1150.721409250294,1151.3000156595135
-0.007440000000000002,1064.891729818823,1073.152891712786,1085.6054943887818,1093.709506059221,1099.7702760826085,1104.6471784808316,1108.741046320974,1112.272908471596,1115.379074912934,1118.1503574529688,1120.650712179229,1122.927092260697,1125.0150944682523,1126.942406004178,1128.7310169481918,1130.3986993982649,1131.9600301281646,1133.4271178082033,1134.8101326408685,1136.1177001011354,1137.3571989251543,1138.5349901973113,1139.656595930486,1140.7268400111436,1141.7499606868646,1142.7297012508254,1143.6693838217109,1144.5719698744965,1145.4401102840143,1146.2761869919138,1147.082347926782,1147.8605364480206,1148.612516312866,1149.3398929591142,1150.0441317369052,1150.7265735993292,1151.3884486648715,1152.030887988442,1152.6549338171653,1153.2615485586743,1153.8516226507188,1154.4259814893749
-0.007200000000000012,1066.6976810858473,1076.3188579103537,1089.0690600665243,1097.2281073559454,1103.2969733315545,1108.168039838664,1112.2511123741351,1115.7703703736636,1118.8634104730163,1121.6216174485457,1124.1092117876747,1126.3732660064989,1128.4494241256398,1130.3653835847817,1132.143125535715,1133.8004034422956,1135.3517708940822,1136.8093116814546,1138.183171013653,1139.48195012122,1140.7130046920618,1141.88267416497,1142.9964603764809,1144.059168492425,1145.0750194374564,1146.0477404985131,1146.980639013564,1147.8766628087365,1148.7384501501804,1149.5683713237627,1150.368563473611,1151.1409599706183,1151.8873153103627,1152.6092263328087,1153.3081503968083,1153.985421018747,1154.6422613879263,1155.2797960949842,1155.899061349118,1156.5010139114584,1157.0865389330474,1157.6564568543752
-0.006960000000000008,1068.4922216309753,1079.6494904157646,1092.6834289646251,1100.889613080209,1106.9616972798322,1111.8235047623155,1115.893179423052,1119.3977503070607,1122.4759375548028,1125.2196012991958,1127.6931635858898,1129.9437735094168,1132.0070919497368,1133.9108042364333,1135.6768656967718,1137.3229980879723,1138.863721503906,1140.3110865860556,1141.6752068241296,1142.96465366424,1144.1867551327216,1145.3478251434087,1146.4533420656655,1147.5080895310164,1148.5162687182342,1149.4815888078977,1150.4073405260815,1151.2964564446186,1152.1515608063125,1152.975010988852,1153.7689322383442,1154.5352469430468,1155.2756994460262,1155.9918771882838,1156.6852288145478,1157.3570797502803,1158.0086456617419,1158.6410441347466,1159.2553048472444,1159.8523784625381,1160.433144431086,1160.9984178574136
-0.006720000000000004,1070.2717722868397,1083.1558569024785,1096.4579299389693,1104.702982502034,1110.7732381009334,1115.622253208777,1119.6758431534097,1123.163574361193,1126.2251223234887,1128.9527222535783,1131.4109333008378,1133.6469373007994,1135.6963808467285,1137.5869142504262,1139.340449687711,1140.974663796877,1142.5040325904727,1143.94056506698,1145.2943360826969,1146.5738816010721,1147.7864972386637,1148.9384673889667,1150.035243562753,1151.0815849557318,1152.081670500658,1153.0391891034224,1153.9574129864377,1154.8392578077253,1155.6873323236127,1156.5039797076038,1157.2913121548347,1158.0512400411094,1158.785496633678,1159.495659143861,1160.1831667523788,1160.8493361147516,1161.495374757559,1162.122392700253,1162.7314125768478,1163.323378483576,1163.8991637398342,1164.459577718392
-0.00648,1072.0327002454756,1086.8500125539274,1100.4028749784504,1108.6781507581852,1114.7413519279262,1119.5739216097854,1123.6086471678345,1127.0773088889848,1130.1203643401018,1132.8303207539943,1135.2718082136828,1137.4919963054097,1139.5264853658498,1141.40286716563,1143.1429929263468,1144.7644803776568,1146.2817505595754,1147.7067620818943,1149.0495440435857,1150.3185910497787,1151.5211614076466,1152.6635058646264,1153.7510455684,1154.7885122785708,1155.7800600949104,1156.7293554035452,1157.6396499632767,1158.5138407979437,1159.3545196597233,1160.164014172847,1160.9444222842064,1161.6976412871654,1162.4253924133466,1163.1292417803866,1163.8106183246848,1164.4708292249156,1165.1110732257139,1165.7324521950366,1166.3359811884993,1166.9225972458864,1167.493167106397,1168.0484939979347
-0.006240000000000009,1073.7713309033534,1090.745150662217,1104.5297118113574,1112.826178432123,1118.8769080311533,1123.6892481542293,1127.70222671057,1131.149502909589,1134.1721378159953,1136.8628046762728,1139.2861364912071,1141.489244350837,1143.5076494586447,1145.3688608382845,1147.094650424238,1148.7025628257627,1150.2069528764725,1151.6197197690872,1152.9508394849781,1154.208759195412,1155.4006948278668,1156.5328592109613,1157.610639497168,1158.638736898176,1159.6212779957687,1160.5619043245651,1161.4638451428095,1162.329977051068,1163.162873218103,1163.9648443183683,1164.737972803196,1165.4841417681857,1166.205059408312,1166.9022798459632,1167.5772209585728,1168.2311797096036,1168.8653453905804,1169.4808111062239,1170.0785837747344,1170.6595928673696,1171.2246980729644,1171.774696041928
-0.006000000000000005,1075.4839601989006,1094.85578518464,1108.851206623795,1117.159430475277,1123.1920648452178,1127.9802465476494,1131.9684805661723,1135.3919584282562,1138.392160561243,1141.0618170660516,1143.4654938365709,1145.6501958358822,1147.6513312507227,1149.4963013895674,1151.2067799720876,1152.8002238003867,1154.2909098813168,1155.6906686427874,1157.0094153209745,1158.2555433514929,1159.436221018486,1160.557618792406,1161.6250860537707,1162.6432902281554,1163.6163275832257,1164.5478123721186,1165.4409492283082,1166.2985924621166,1167.123295009834,1167.9173491328431,1168.6828204829103,1169.421576791191,1170.135312168324,1170.8255677973534,1171.493749643234,1172.1411436802384,1172.7689290429105,1173.3781894308834,1173.9699230381495,1174.545051229683,1175.1044261500056,1175.6488374173323
-0.005760000000000001,1077.1668673874526,1099.1979729711923,1113.3816642137758,1121.6917916317916,1127.700481895588,1132.4604152118784,1136.4207780231945,1139.8179355028196,1142.7935974027084,1145.440438099605,1147.822884144799,1149.9877852045145,1151.9704014371396,1153.7980006094037,1155.4921386265007,1157.0701692587052,1158.5462796273232,1159.9322216850205,1161.2378419913405,1162.4714736871613,1163.6402319297174,1164.7502402023838,1165.8068061724002,1166.8145600971884,1167.7775650077092,1168.6994053338658,1169.5832588608569,1170.431955653193,1171.2480266862472,1172.0337442736302,1172.7911558990752,1173.5221127042303,1174.2282936146664,1174.9112258816533,1175.5723026599908,1176.212798120328,1176.8338804992065,1177.4366234151303,1178.0220157195545,1178.5909701042629,1179.1443306485219,1179.6828794586088
-0.005520000000000011,1078.8163281944453,1103.7895853877462,1118.1371949594306,1126.438927576204,1132.4175767084826,1137.1449909068244,1141.0742097992622,1144.44240087919,1147.391306828987,1150.0134299681802,1152.372982809367,1154.5166088238554,1156.479383855883,1158.2884153303926,1159.965120974265,1161.5267356884265,1162.9873441497361,1164.35860971111,1165.6503019769543,1166.8706869403266,1168.0268208966231,1169.1247754965784,1170.1698125647229,1171.1665216438996,1172.1189294612707,1173.0305879540344,1173.9046457221796,1174.7439065276394,1175.5508775657647,1176.3278095861608,1177.0767304624746,1177.7994734551473,1178.4977011434191,1179.1729257992104,1179.8265268191144,1180.459765709586,1181.0737990257842,1181.6696895900625,1182.2484162570615,1182.8108824452515,1183.3579236169408,1183.890313858194
-0.005280000000000007,1080.4286282838473,1108.6506429139492,1123.1360413464902,1131.4186041510538,1137.360838857739,1142.0512587530554,1145.9458947653527,1149.28233191558,1152.20214248023,1154.797536214553,1157.1324341290465,1159.2532206436827,1161.1947495517966,1162.9839400244853,1164.642050371757,1166.1861800852175,1167.6302982646437,1168.9859690634134,1170.2628764537985,1171.469212090337,1172.6119673830028,1173.6971570555302,1174.7299927443178,1175.7150195424722,1176.656224640378,1177.5571246664788,1178.4208365684574,1179.2501356328034,1180.0475033517516,1180.815167201168,1181.5551339181898,1182.2692175139657,1182.9590629907698,1183.6261665304107,1184.2718927655126,1184.8974896249172,1185.5041011505118,1186.0927786088482,1186.6644901623238,1187.2201293179494,1187.7605223341752,1188.2864347359318
-0.005040000000000003,1082.0000769753908,1113.8037294499716,1128.3989802771362,1136.6510806428548,1142.5502168739736,1147.1989342078546,1151.0553578763236,1154.3570910764477,1157.2453246526834,1159.8118505922507,1162.1202177956518,1164.2164965362203,1166.1352791545205,1167.9032673765262,1169.5415378490568,1171.0670373043877,1172.4936054706072,1173.8326961532287,1175.0938985554128,1176.2853224127723,1177.4138878931008,1178.4855474116382,1179.505457821995,1180.478115814644,1181.4074656188752,1182.2969855692845,1183.1497583440819,1183.9685284476159,1184.7557496260672,1185.5136242640956,1186.2441363387127,1186.9490791557125,1187.6300788298847,1188.2886142694192,1188.9260342707776,1189.5435722109542,1190.1423587308598,1190.7234327302485,1191.287750936515,1191.8361962633383,1192.3695851379382,1192.8886739456582
-0.004799999999999999,1083.5270211411273,1119.274510234242,1133.9498238330505,1142.1595991891945,1148.0085997173628,1152.6106383967706,1156.4250004660769,1159.6888919486782,1162.5429025921535,1165.07827606445,1167.3581049391828,1169.42808766579,1171.322513804374,1173.06783696244,1174.6849287085397,1176.190564725608,1177.5984408070362,1178.9198886253434,1180.1643929436207,1181.3399735457833,1182.4534726140043,1183.510774540352,1184.5169765118421,1185.4765226108643,1186.3933104594125,1187.2707769171645,1188.1119676017447,1188.919593773576,1189.6960792510004,1190.443599385216,1191.1641136569383,1191.8593931086853,1192.5310435647739,1193.1805253920738,1193.8091704018261,1194.4181963745827,1195.0087195980104,1195.5817657346915,1196.1382792795262,1196.6791318204375,1197.2051292792596,1197.717018279917
-0.0045600000000000085,1085.0058592092446,1125.0923832475196,1139.816047360776,1147.9709986564308,1153.7624207760396,1158.3124944638046,1162.080690321263,1165.30338397946,1168.1203345874085,1170.6221007854208,1172.8712304214846,1174.9129894411838,1176.7813210521294,1178.5023983407682,1180.096863017747,1181.5813003288447,1182.9692466722593,1184.2718990586343,1185.4986275164456,1186.65735331696,1187.7548334618948,1188.7968782166108,1189.7885198803442,1190.7341454273405,1191.6376019673291,1192.5022814754968,1193.3311895150018,1194.127001459819,1194.8921088568873,1195.6286579363255,1196.3385818152951,1197.0236275965085,1197.6853793031692,1198.3252773951301,1198.9446354599,1199.544654555126,1200.1264355878557,1200.6909900440594,1201.239249324999,1201.7720729016385,1202.2902554618768,1202.7945331959652
-0.004320000000000004,1086.4330552009585,1131.2913133446607,1146.0295912032059,1154.116497892803,1159.8424283370778,1164.3348881577767,1168.0525141603464,1171.2303980661607,1174.0072275659363,1176.4727323914162,1178.688822371146,1180.7002667428205,1182.5406161517753,1184.2357287269788,1185.8059899361272,1187.2677739083606,1188.6344411302907,1189.9170405469222,1191.1248164241945,1192.2655823387556,1193.3460023864313,1194.3718061453756,1195.3479554094904,1196.2787751987908,1197.16805790192,1198.0191469317547,1198.835004565133,1199.6182674349843,1200.371292283501,1201.0961939616116,1201.7948772019563,1202.4690633518621,1203.1203129965959,1203.7500452084528,1204.3595540078854,1204.950022507266,1205.5225351176734,1206.0780881281403,1206.6175989106162,1207.1419139590812,1207.651815935281,1208.148029864519
-0.00408,1087.8051527246616,1137.9108886207569,1152.6278768613288,1160.6326895531683,1166.2846639156119,1170.7134341353226,1174.3757340437257,1177.504894539943,1180.2382777314583,1182.664632126071,1184.8451304623009,1186.8239768994576,1188.6342801893989,1190.3015466594884,1191.8458772486943,1193.2834127608564,1194.6273200047528,1195.8884854206153,1197.076015616235,1198.1976065571025,1199.2598210802657,1200.2683009759373,1201.227931446657,1202.1429703032497,1203.0171506455001,1203.853763329341,1204.655723832437,1205.4256269417133,1206.1657918372728,1206.8782995315557,1207.5650241703556,1208.2276593660076,1208.8677404801952,1209.4866635816888,1210.0857016569812,1210.6660185377389,1211.228680920027,1211.774668780289,1212.3048844376635,1212.8201604680385,1213.321266639778,1213.808916012443
-0.00384000000000001,1089.1187888504185,1144.9977616970473,1159.655183299923,1167.5628824005146,1173.1317812671678,1177.4902770370493,1181.0920737817366,1184.1682371396505,1186.854533741775,1189.2385684811447,1191.380671018966,1193.3244070719459,1195.1023904247738,1196.7397358723224,1198.2562292605683,1199.667754026824,1200.9872640384642,1202.2254675518816,1203.391320582355,1204.4923906886029,1205.5351303453845,1206.5250858081586,1207.4670590419973,1208.365234904899,1209.2232822111296,1210.044434886608,1210.8315577614026,1211.5872003725685,1212.3136413134068,1213.0129250584807,1213.6868927480382,1214.3372080841539,1214.965379241791,1215.5727775087446,1216.160653223315,1216.7301494662634,1217.2823138760139,1217.8181088871768,1218.338420637944,1218.8440667484103,1219.335803136987,1219.8143300139036
-0.003600000000000006,1090.3707077873196,1152.607337624071,1167.1642838051048,1174.9587094765232,1180.4346341865173,1184.7156631968282,1188.2512772312407,1191.269739762817,1193.904933307284,1196.2431447296055,1198.3437463583525,1200.2495861291363,1201.9927253069163,1203.5978439681166,1205.0843795745568,1206.4679319628387,1207.7612210038628,1208.9747596078407,1210.1173390207862,1211.196386547818,1212.2182343004397,1213.1883244802286,1214.1113684992754,1214.9914719351418,1215.8322338074684,1216.6368262869837,1217.4080593069027,1218.148433393545,1218.8601832094068,1219.5453137051036,1220.2056303383024,1220.842764491968,1221.4581949793392,1222.0532663370432,1222.6292044651227,1223.1871300624073,1223.7280702195844,1224.2529684646556,1224.7626935018877,1225.2580468426468,1225.7397694922406,1226.20854782922
-0.003360000000000002,1091.5577742861979,1160.806788488227,1175.2192748918112,1182.8828662491917,1188.2549537396067,1192.4505715935236,1195.913701805074,1198.8692285191478,1201.4488381415385,1203.7373100935633,1205.792934797199,1207.6577556159646,1209.3632181594392,1210.9335202962332,1212.38771441916,1213.7410878029207,1215.00610304077,1216.1930586926046,1217.3105655167722,1218.365897414356,1219.365255020357,1220.313967006675,1221.2166460881417,1222.0773115116262,1222.8994863591863,1223.686275662214,1224.4404297124267,1225.164395823504,1225.8603609888178,1226.530287295042,1227.1759415214012,1227.7989200347145,1228.400669850173,1228.9825065453786,1229.5456295752952,1230.0911354275845,1230.6200289734038,1231.1332333024125,1231.6315982782216,1232.1159080086447,1232.586887391531,1233.0452078698465
-0.0031200000000000117,1092.6769866907555,1169.6767218321856,1183.8973493604979,1191.4109228359343,1196.667182558459,1200.7685625652807,1204.1521773319187,1207.0389080481905,1209.5579059176316,1211.792236045254,1213.7989703427472,1215.619252110533,1217.2838416427137,1218.8164020774223,1220.2355600814458,1221.556258212493,1222.7906758962756,1223.9488761787543,1225.0392718037838,1226.0689685881018,1227.0440232710964,1227.9696403955977,1228.8503248611748,1229.69000168442,1230.49211112165,1231.259685023408,1231.995408712518,1232.7016715691514,1233.3806087151345,1234.034135616544,1234.6639770028698,1235.2716911883197,1235.8586906458631,1236.426259506178,1236.9755685168734,1237.5076878915654,1238.0235983958667,1238.524200952488,1239.0103249963217,1239.4827357694326,1239.9421407130637,1240.38919508726
-0.0028800000000000076,1093.7254895612678,1179.3215039758252,1193.2981761454241,1200.640260662662,1205.7671194093111,1209.7642034512921,1213.0602565365857,1215.8714662313664,1218.3240704192385,1220.499187956539,1222.4525184334368,1224.2241971946678,1225.8442202885637,1227.3356564700355,1228.7166604114166,1230.0017932977814,1231.2029218299642,1232.3298493469993,1233.3907705195372,1234.3926062617086,1235.3412551763745,1236.241785512881,1237.0985838832798,1237.9154719947048,1238.695799355955,1239.4425176845486,1240.1582412006617,1240.8452959127928,1241.5057602279999,1242.1414986603795,1242.7541900010267,1243.345351007743,1243.9163564436121,1244.4684561195704,1245.0027894627467,1245.5203980291872,1246.0222362991626,1246.5091810300237,1246.9820393915377,1247.44155606875,1247.8884194854224,1248.3232672752722
-0.0026400000000000035,1094.7005857966985,1189.8587215213124,1203.5352145807014,1210.6822285303022,1215.6646190650058,1219.546169759838,1222.7456331257881,1225.4737530484938,1227.8534410034035,1229.9636149943808,1231.8584327822405,1233.5769024680499,1235.1481683502723,1236.5946385144837,1237.9339441216582,1239.1802240985214,1240.3449994011942,1241.4377865968618,1242.4665398147768,1243.437976206364,1244.3578202513927,1245.2309902370582,1246.0617427102006,1246.8537858491393,1247.6103694917347,1248.3343573856794,1249.028285729646,1249.6944110223876,1250.3347494864183,1250.9511097894163,1251.5451203876146,1252.118252519099,1252.6718396522833,1253.2070940257988,1253.725120786488,1254.2269301319907,1254.713447786293,1255.1855240752152,1255.6439418202053,1256.0894232300868,1256.5226359393287,1256.9441983163424
-0.0023999999999999994,1095.59974818331,1201.4824413429333,1214.7925214635577,1221.7159264412885,1226.535385416209,1230.2875474364319,1233.3792522116973,1236.0148999486235,1238.313575764083,1240.3516867361882,1242.1816414061373,1243.841174179477,1245.3584698902202,1246.7551941900874,1248.048391077785,1249.2517266389723,1250.376335189383,1251.4314129737145,1252.4246457063746,1253.3625233637574,1254.250576446475,1255.0935562944724,1255.8955747481125,1256.660213748373,1257.3906123618256,1258.0895366150596,1258.7594360741223,1259.4024900870538,1260.0206458815292,1260.6156501838593,1261.189075639791,1261.7423430309168,1262.2767400651962,1262.7934373566325,1263.2935020838747,1263.7779097206562,1264.2475541554381,1264.7032564582787,1265.1457725059736,1265.5757996390616,1265.9939824942762,1266.4009181317745
-0.002160000000000009,1096.4206303006235,1214.3195309032767,1227.1968344165077,1233.8676617228427,1238.505277616897,1242.1137682623119,1245.08614500362,1247.6195637845335,1249.828781312127,1251.7873813316153,1253.545813571089,1255.1403903118571,1256.5982274678681,1257.9401649688466,1259.1825946682436,1260.338658061461,1261.4190609037983,1262.4326446641342,1263.3867979701836,1264.2877595021619,1265.140845293823,1265.9506221878742,1266.7210421699765,1267.4555477787549,1268.1571557967918,1268.8285244046874,1269.472007585254,1270.0896995855253,1270.6834715454602,1271.2550018962665,1271.8058017600208,1272.3372363064873,1272.8505428158812,1273.3468460390868,1273.827171326328,1274.2924559021226,1274.7435585916978,1275.1812682469597,1275.6063110749378,1276.0193570356064,1276.421025447123,1276.8118899132103
-0.001920000000000005,1097.1610767189122,1228.9202395273821,1241.263697285289,1247.6359941637147,1252.0613711265753,1255.5031403654048,1258.3375035253262,1260.7529443556605,1262.8590855188966,1264.7261822519508,1266.4023848957727,1267.9223416881455,1269.311920897187,1270.5910005922528,1271.7752142117683,1272.8770940229447,1273.9068486681813,1274.8729085163875,1275.7823182566976,1276.6410258782885,1277.454099507086,1278.22589286069,1278.9601733762042,1279.6602227434007,1280.328916718842,1280.9687891656586,1281.5820839322357,1282.1707972484076,1282.7367126509384,1283.281429967311,1283.8063895326413,1284.3128925514425,1284.8021183183525,1285.2751388619379,1285.7329314607507,1286.1763893919435,1286.6063312034541,1287.0235087463357,1287.4286141607154,1287.822285974531,1288.2051144466573,1288.577646263811
-0.001680000000000001,1097.8191324262236,1244.9606951514463,1256.7095052288319,1262.7560305357965,1266.9510354573708,1270.2121874826003,1272.8971514587167,1275.1849224165783,1277.179530966117,1278.9476169890359,1280.5348377443806,1281.9740393889233,1283.289740135447,1284.5007778189356,1285.6219659829665,1286.6651784580608,1287.6400867213838,1288.5546769759203,1289.4156223389114,1290.228556768807,1290.998280585612,1291.7289172767191,1292.4240349171705,1293.0867414330653,1293.7197602271597,1294.3254908544557,1294.9060581730037,1295.4633525089246,1295.999062742449,1296.5147037641123,1297.0116394144763,1297.4911017713735,1297.954207461355,1298.4019715298862,1298.8353192958718,1299.2550965319047,1299.6620782459436,1300.0569762885577,1300.4404459690395,1300.8130918311476,1301.1754727131674,1301.5281061959058
-0.0014400000000000107,1098.3930514272508,1265.0868730678264,1276.0158811375352,1281.6290229551814,1285.5212369032224,1288.5464559923225,1291.037025932263,1293.1591386993327,1295.0093383292985,1296.6494509431675,1298.1218279040822,1299.4569334570865,1300.6775060675945,1301.8010152868678,1302.8411982503758,1303.809065788343,1304.7135863616245,1305.5621656359701,1306.3609916522405,1307.115288855527,1307.8295086794155,1308.5074749518526,1309.1524964855917,1309.7674554125472,1310.3548773079337,1310.9169874515264,1311.4557564023944,1311.9729372415604,1312.4700962507302,1312.9486383708454,1313.409828472828,1313.854809241656,1314.2846163012123,1314.7001910755398,1315.1023917811262,1315.4920028667486,1315.8697431565265,1316.2362729040026,1316.5921999272068,1316.9380849645,1317.274446366802,1317.6017642222819
-0.0012000000000000066,1098.8813044611234,1284.5899399953375,1294.7657151730684,1299.9795312674898,1303.591891623487,1306.3984554850063,1308.7084428293635,1310.676353211309,1312.391890203611,1313.912477842583,1315.2774411322973,1316.5150613190492,1317.6464438388664,1318.6878013021292,1319.6518809129357,1320.5488989714459,1321.3871760267737,1322.1735821813522,1322.913857555799,1323.6128481101623,1324.274682550469,1324.9029072873013,1325.5005909283518,1326.0704062534858,1326.6146952861973,1327.1355214978312,1327.6347120934668,1328.1138925651621,1328.574515153858,1329.0178824672112,1329.4451672115472,1329.8574287814652,1330.2556272893853,1330.6406354949916,1331.0132490007559,1331.3741950072595,1331.7241398655256,1332.0636956191752,1332.393425694104,1332.7138498653699,1333.0254486085441,1333.3286669246627
-0.0009600000000000025,1099.2825857903813,1320.3582800826837,1329.022680480724,1333.4626388516442,1336.5399635835736,1338.9317154622831,1340.9009336041731,1342.5790267562481,1344.0422917750045,1345.3395740360709,1346.5043276845327,1347.5606152270254,1348.5263964945302,1349.4154698559719,1350.238685970308,1351.0047424416452,1351.7207239574172,1352.3924810079234,1353.0249024570876,1353.6221161384963,1354.1876393515422,1354.7244936833138,1355.2352939189732,1355.7223177993571,1356.187561399639,1356.6327835616564,1357.0595418878584,1357.469222155886,1357.8630625498643,1358.242173769403,1358.6075558314578,1358.9601121976266,1359.3006617223286,1359.629948813234,1359.948652115557,1360.2573919701717,1360.5567368474365,1360.8472089208458,1361.1292889147276,1361.4034203363967,1361.6700131840669,1361.9294472064023
-0.0007200000000000123,1099.5958190189513,1333.3982468063994,1341.3937599322553,1345.4827983110374,1348.3146526415746,1350.5146184381479,1352.3253679648574,1353.8680581911856,1355.2130025449178,1356.4052005535673,1357.4754638923087,1358.445949311997,1359.3331909311485,1360.149889537542,1360.906031128952,1361.6096191000215,1362.2671718386525,1362.8840715652373,1363.4648153636276,1364.0131999017,1364.5324600006334,1365.0253743454748,1365.494347331859,1365.9414732753514,1366.368587380841,1366.7773066336244,1367.1690629219443,1367.545130102938,1367.9066462975286,1368.254632391159,1368.5900074908575,1368.9136019209873,1369.2261682137523,1369.528390454706,1369.8208922700778,1370.104243685967,1370.3789670452,1370.6455421328792,1370.9044106341366,1371.155980025679,1371.400626985135,1371.6387003880202
-0.0004800000000000082,1099.8201619028437,1445.0669888099299,1449.1390596825186,1451.2300283831019,1452.680780046476,1453.8091096952928,1454.7385840925763,1455.5309702341237,1456.222147588176,1456.83509594817,1457.385560173411,1457.8848690033344,1458.3414807208192,1458.7618956591793,1459.1512268883075,1459.5135739362956,1459.8522768715302,1460.1700944927952,1460.4693326032298,1460.7519384319476,1461.0195714874324,1461.2736576258199,1461.5154309253644,1461.7459665461554,1461.9662068208859,1462.1769821917478,1462.3790281736597,1462.572999218778,1462.7594801394564,1462.9389955891547,1463.112017985117,1463.278974170707,1463.4402510507416,1463.5962003841726,1463.7471428809147,1463.8933717205825,1464.0351555882703,1464.1727413047142,1464.306356114089,1464.4362096814891,1464.5624958431256,1464.6853941450202
-0.0002400000000000041,1099.9550101234813,1332.2303656660752,1337.6902691350738,1340.5078542565743,1342.4695441183658,1343.999495433049,1345.2627560347998,1346.3418816425576,1347.2848632153698,1348.1224636298828,1348.8757797111075,1349.5600054711722,1350.1864959701643,1350.7639860584607,1351.2993528429688,1351.7981152042184,1352.2647735619012,1352.703048276861,1353.116051362166,1353.506412948838,1353.8763762387723,1354.2278700048269,1354.5625647723546,1354.8819169310318,1355.1872037795697,1355.4795516634363,1355.7599587847117,1356.0293138552033,1356.288411472825,1356.5379648903759,1356.7786166910903,1357.0109477703616,1357.2354849365918,1357.4527073785437,1357.6630521962463,1357.8669191535985,1358.0646747804747,1358.2566559282727,1358.4431728639524,1358.6245119725595,1358.8009381261477,1358.9726967672473
0.0,1100.0,2309.2468126145986,2291.2713638121368,2281.9963993855677,2275.532886300051,2270.4866371028625,2266.315899333822,2262.749875826505,2259.631185798775,2256.8589429426975,2254.363947099693,2252.0963454538205,2250.0188681090704,2248.1028344379515,2246.3256548044055,2244.6691938482754,2243.118657124408,2241.661809792864,2240.2884137785068,2238.9898131555783,2237.758622778844,2236.5884904870572,2235.4739127863486,2234.410090095638,2233.3928117176956,2232.4183634583687,2231.4834527195444,2230.5851472276995,2229.7208245135143,2228.888129948927,2228.0849416549954,2227.3093409707703,2226.5595874566416,2225.834097620618,2225.13142672094,2224.450253126054,2223.7893648123736,2223.1476476586804,2222.524075257793,2221.9177000157124,2221.3276453479493,2220.753098814904
0.00023999999999999022,1099.9550101234813,1332.2303656660647,1337.690269135063,1340.507854256564,1342.4695441183553,1343.9994954330386,1345.2627560347896,1346.3418816425474,1347.2848632153593,1348.1224636298725,1348.8757797110975,1349.560005471162,1350.1864959701538,1350.7639860584502,1351.2993528429583,1351.7981152042082,1352.2647735618912,1352.7030482768505,1353.1160513621558,1353.5064129488276,1353.8763762387623,1354.2278700048164,1354.5625647723443,1354.8819169310218,1355.1872037795595,1355.4795516634263,1355.7599587847017,1356.029313855193,1356.288411472815,1356.5379648903659,1356.7786166910803,1357.0109477703518,1357.235484936582,1357.4527073785334,1357.6630521962365,1357.8669191535887,1358.0646747804647,1358.2566559282627,1358.4431728639422,1358.6245119725497,1358.8009381261377,1358.9726967672377
0.0004799999999999943,1099.8201619028437,1445.0669888099133,1449.1390596825017,1451.230028383085,1452.6807800464594,1453.809109695276,1454.7385840925594,1455.530970234107,1456.2221475881593,1456.8350959481531,1457.3855601733942,1457.8848690033178,1458.3414807208023,1458.7618956591623,1459.1512268882907,1459.5135739362788,1459.8522768715134,1460.1700944927786,1460.4693326032132,1460.7519384319307,1461.0195714874158,1461.273657625803,1461.5154309253478,1461.7459665461388,1461.9662068208693,1462.176982191731,1462.3790281736428,1462.5729992187614,1462.7594801394398,1462.9389955891384,1463.1120179851007,1463.2789741706906,1463.440251050725,1463.5962003841562,1463.7471428808983,1463.8933717205662,1464.035155588254,1464.1727413046979,1464.3063561140725,1464.436209681473,1464.5624958431092,1464.685394145004
0.0007199999999999984,1099.5958190189513,1333.3982468063862,1341.3937599322417,1345.4827983110235,1348.3146526415608,1350.5146184381338,1352.3253679648435,1353.8680581911717,1355.2130025449037,1356.4052005535532,1357.4754638922946,1358.445949311983,1359.3331909311344,1360.1498895375278,1360.906031128938,1361.6096191000074,1362.2671718386384,1362.8840715652232,1363.4648153636135,1364.0131999016858,1364.5324600006195,1365.0253743454607,1365.4943473318451,1365.9414732753373,1366.3685873808272,1366.7773066336104,1367.1690629219302,1367.5451301029238,1367.9066462975145,1368.254632391145,1368.5900074908436,1368.9136019209734,1369.2261682137384,1369.528390454692,1369.820892270064,1370.1042436859532,1370.378967045186,1370.645542132865,1370.9044106341225,1371.1559800256653,1371.400626985121,1371.6387003880063
0.0009599999999999886,1099.2825857903813,1320.3582800826716,1329.022680480711,1333.4626388516313,1336.5399635835604,1338.93171546227,1340.9009336041597,1342.5790267562347,1344.042291774991,1345.3395740360572,1346.504327684519,1347.5606152270118,1348.5263964945168,1349.4154698559582,1350.2386859702947,1351.0047424416316,1351.7207239574036,1352.3924810079097,1353.024902457074,1353.6221161384826,1354.1876393515286,1354.7244936833001,1355.2352939189598,1355.7223177993435,1356.1875613996256,1356.6327835616428,1357.059541887845,1357.4692221558723,1357.8630625498506,1358.2421737693896,1358.6075558314444,1358.960112197613,1359.300661722315,1359.6299488132206,1359.9486521155436,1360.257391970158,1360.556736847423,1360.8472089208324,1361.129288914714,1361.4034203363833,1361.6700131840535,1361.9294472063889
0.0011999999999999927,1098.8813044611234,1284.5899399953264,1294.7657151730566,1299.9795312674778,1303.5918916234748,1306.398455484994,1308.708442829351,1310.6763532112966,1312.3918902035982,1313.9124778425703,1315.2774411322848,1316.5150613190365,1317.6464438388537,1318.6878013021162,1319.651880912923,1320.548898971433,1321.387176026761,1322.1735821813395,1322.913857555786,1323.6128481101493,1324.2746825504562,1324.9029072872886,1325.500590928339,1326.070406253473,1326.6146952861845,1327.1355214978182,1327.6347120934538,1328.1138925651492,1328.5745151538454,1329.0178824671984,1329.4451672115345,1329.8574287814524,1330.2556272893726,1330.6406354949788,1331.013249000743,1331.3741950072467,1331.7241398655126,1332.0636956191624,1332.393425694091,1332.7138498653571,1333.0254486085314,1333.32866692465
0.0014399999999999968,1098.3930514272508,1265.0868730678164,1276.0158811375245,1281.62902295517,1285.5212369032108,1288.546455992311,1291.0370259322513,1293.159138699321,1295.0093383292867,1296.6494509431554,1298.1218279040702,1299.4569334570745,1300.6775060675827,1301.8010152868555,1302.8411982503637,1303.809065788331,1304.7135863616124,1305.562165635958,1306.3609916522282,1307.1152888555148,1307.8295086794033,1308.5074749518403,1309.1524964855794,1309.7674554125351,1310.3548773079217,1310.9169874515142,1311.4557564023823,1311.9729372415482,1312.4700962507181,1312.9486383708331,1313.409828472816,1313.854809241644,1314.2846163012,1314.7001910755275,1315.102391781114,1315.4920028667364,1315.8697431565142,1316.2362729039905,1316.5921999271945,1316.9380849644879,1317.2744463667898,1317.6017642222696
0.001679999999999987,1097.8191324262239,1244.960695151437,1256.7095052288216,1262.7560305357858,1266.9510354573601,1270.2121874825893,1272.8971514587056,1275.1849224165671,1277.1795309661059,1278.9476169890245,1280.5348377443693,1281.9740393889117,1283.2897401354353,1284.500777818924,1285.6219659829549,1286.665178458049,1287.6400867213724,1288.5546769759087,1289.4156223388998,1290.2285567687954,1290.9982805856005,1291.7289172767073,1292.424034917159,1293.0867414330537,1293.719760227148,1294.325490854444,1294.9060581729918,1295.463352508913,1295.9990627424372,1296.5147037641004,1297.0116394144648,1297.4911017713616,1297.9542074613435,1298.4019715298746,1298.8353192958602,1299.255096531893,1299.6620782459318,1300.0569762885461,1300.4404459690277,1300.813091831136,1301.1754727131556,1301.528106195894
0.0019199999999999912,1097.1610767189122,1228.9202395273737,1241.2636972852795,1247.635994163705,1252.061371126565,1255.5031403653945,1258.3375035253157,1260.75294435565,1262.8590855188859,1264.7261822519401,1266.4023848957618,1267.9223416881346,1269.3119208971762,1270.5910005922417,1271.7752142117574,1272.8770940229338,1273.9068486681701,1274.8729085163764,1275.7823182566865,1276.6410258782773,1277.454099507075,1278.2258928606786,1278.9601733761929,1279.6602227433896,1280.328916718831,1280.9687891656474,1281.5820839322246,1282.1707972483964,1282.7367126509273,1283.2814299673,1283.8063895326302,1284.3128925514313,1284.8021183183414,1285.2751388619267,1285.7329314607396,1286.1763893919324,1286.606331203443,1287.0235087463245,1287.428614160704,1287.82228597452,1288.205114446646,1288.5776462637996
0.0021599999999999953,1096.4206303006238,1214.319530903269,1227.1968344164989,1233.8676617228334,1238.5052776168875,1242.113768262302,1245.08614500361,1247.6195637845235,1249.8287813121167,1251.787381331605,1253.5458135710787,1255.1403903118467,1256.5982274678577,1257.940164968836,1259.1825946682332,1260.3386580614506,1261.4190609037878,1262.4326446641235,1263.3867979701731,1264.2877595021514,1265.1408452938124,1265.9506221878635,1266.7210421699658,1267.455547778744,1268.1571557967814,1268.8285244046767,1269.4720075852433,1270.0896995855146,1270.6834715454495,1271.2550018962556,1271.8058017600101,1272.3372363064764,1272.8505428158705,1273.346846039076,1273.8271713263173,1274.292455902112,1274.743558591687,1275.181268246949,1275.606311074927,1276.0193570355957,1276.4210254471122,1276.8118899131994
0.0023999999999999994,1095.59974818331,1201.4824413429262,1214.7925214635495,1221.7159264412796,1226.5353854162,1230.2875474364223,1233.3792522116878,1236.014899948614,1238.3135757640734,1240.3516867361784,1242.1816414061273,1243.841174179467,1245.35846989021,1246.7551941900774,1248.048391077775,1249.251726638962,1250.376335189373,1251.4314129737043,1252.4246457063643,1253.3625233637472,1254.2505764464645,1255.0935562944621,1255.8955747481023,1256.6602137483628,1257.3906123618153,1258.0895366150494,1258.759436074112,1259.4024900870436,1260.0206458815187,1260.615650183849,1261.1890756397806,1261.7423430309063,1262.276740065186,1262.793437356622,1263.2935020838643,1263.7779097206458,1264.2475541554277,1264.7032564582682,1265.1457725059631,1265.5757996390514,1265.9939824942658,1266.400918131764
0.0026399999999999896,1094.7005857966985,1189.8587215213058,1203.5352145806937,1210.682228530294,1215.6646190649972,1219.5461697598291,1222.745633125779,1225.4737530484847,1227.8534410033942,1229.9636149943715,1231.858432782231,1233.5769024680403,1235.1481683502627,1236.594638514474,1237.9339441216487,1239.1802240985116,1240.3449994011844,1241.4377865968518,1242.466539814767,1243.437976206354,1244.3578202513827,1245.2309902370482,1246.0617427101909,1246.8537858491293,1247.6103694917247,1248.3343573856694,1249.028285729636,1249.6944110223778,1250.3347494864083,1250.9511097894062,1251.5451203876046,1252.118252519089,1252.6718396522733,1253.2070940257888,1253.725120786478,1254.2269301319807,1254.713447786283,1255.1855240752052,1255.6439418201953,1256.0894232300768,1256.5226359393187,1256.9441983163324
0.0028799999999999937,1093.7254895612678,1179.321503975819,1193.2981761454168,1200.640260662654,1205.767119409303,1209.7642034512837,1213.060256536577,1215.8714662313578,1218.3240704192297,1220.4991879565298,1222.4525184334277,1224.2241971946587,1225.8442202885544,1227.3356564700262,1228.7166604114075,1230.001793297772,1231.202921829955,1232.3298493469897,1233.3907705195277,1234.392606261699,1235.341255176365,1236.2417855128713,1237.0985838832703,1237.9154719946953,1238.6957993559454,1239.442517684539,1240.1582412006521,1240.8452959127833,1241.5057602279903,1242.14149866037,1242.7541900010172,1243.3453510077334,1243.9163564436024,1244.4684561195609,1245.002789462737,1245.5203980291774,1246.0222362991528,1246.5091810300141,1246.982039391528,1247.4415560687405,1247.8884194854127,1248.3232672752624
0.0031199999999999978,1092.6769866907555,1169.67672183218,1183.8973493604908,1191.410922835927,1196.6671825584513,1200.7685625652725,1204.1521773319105,1207.0389080481823,1209.557905917623,1211.7922360452453,1213.7989703427386,1215.619252110524,1217.2838416427048,1218.8164020774132,1220.2355600814367,1221.556258212484,1222.7906758962667,1223.9488761787452,1225.0392718037747,1226.0689685880927,1227.044023271087,1227.9696403955884,1228.8503248611655,1229.6900016844106,1230.4921111216408,1231.259685023399,1231.9954087125088,1232.7016715691423,1233.3806087151252,1234.0341356165347,1234.6639770028605,1235.2716911883103,1235.8586906458538,1236.4262595061687,1236.9755685168639,1237.507687891556,1238.023598395857,1238.5242009524784,1239.0103249963122,1239.4827357694232,1239.9421407130544,1240.3891950872508
0.003359999999999988,1091.5577742861979,1160.8067884882219,1175.2192748918048,1182.8828662491846,1188.2549537395992,1192.4505715935159,1195.913701805066,1198.8692285191398,1201.4488381415304,1203.737310093555,1205.7929347971906,1207.657755615956,1209.3632181594305,1210.9335202962243,1212.3877144191513,1213.7410878029118,1215.0061030407614,1216.1930586925957,1217.3105655167633,1218.3658974143468,1219.3652550203478,1220.313967006666,1221.2166460881326,1222.0773115116172,1222.8994863591774,1223.686275662205,1224.4404297124179,1225.1643958234952,1225.8603609888087,1226.5302872950328,1227.1759415213924,1227.7989200347054,1228.400669850164,1228.9825065453695,1229.545629575286,1230.0911354275754,1230.6200289733945,1231.1332333024034,1231.6315982782123,1232.1159080086356,1232.586887391522,1233.0452078698372
0.003599999999999992,1090.3707077873196,1152.607337624066,1167.1642838050984,1174.9587094765166,1180.43463418651,1184.715663196821,1188.251277231233,1191.2697397628094,1193.904933307276,1196.2431447295974,1198.3437463583443,1200.249586129128,1201.992725306908,1203.5978439681082,1205.0843795745484,1206.4679319628303,1207.7612210038544,1208.9747596078323,1210.1173390207778,1211.1963865478094,1212.218234300431,1213.18832448022,1214.1113684992667,1214.991471935133,1215.83223380746,1216.6368262869748,1217.4080593068938,1218.1484333935362,1218.860183209398,1219.545313705095,1220.2056303382938,1220.842764491959,1221.4581949793303,1222.0532663370345,1222.6292044651138,1223.1871300623984,1223.7280702195753,1224.2529684646468,1224.7626935018789,1225.258046842638,1225.7397694922317,1226.2085478292108
0.003839999999999996,1089.1187888504185,1144.9977616970427,1159.6551832999173,1167.5628824005082,1173.131781267161,1177.490277037042,1181.0920737817291,1184.1682371396432,1186.8545337417672,1189.238568481137,1191.3806710189583,1193.324407071938,1195.1023904247659,1196.7397358723142,1198.2562292605603,1199.6677540268158,1200.987264038456,1202.2254675518732,1203.3913205823467,1204.4923906885947,1205.535130345376,1206.5250858081502,1207.467059041989,1208.3652349048903,1209.2232822111214,1210.0444348865994,1210.8315577613942,1211.58720037256,1212.3136413133982,1213.0129250584723,1213.6868927480295,1214.3372080841452,1214.9653792417823,1215.5727775087362,1216.1606532233063,1216.7301494662547,1217.282313876005,1217.818108887168,1218.3384206379353,1218.844066748402,1219.335803136978,1219.8143300138947
0.00408,1087.8051527246616,1137.9108886207528,1152.6278768613233,1160.6326895531622,1166.2846639156055,1170.7134341353158,1174.3757340437187,1177.504894539936,1180.238277731451,1182.6646321260635,1184.8451304622934,1186.8239768994501,1188.634280189391,1190.3015466594804,1191.8458772486865,1193.2834127608485,1194.627320004745,1195.8884854206071,1197.076015616227,1198.1976065570943,1199.2598210802578,1200.2683009759292,1201.2279314466489,1202.1429703032416,1203.017150645492,1203.8537633293329,1204.6557238324287,1205.425626941705,1206.1657918372646,1206.8782995315476,1207.5650241703472,1208.2276593659994,1208.867740480187,1209.4866635816807,1210.0857016569728,1210.6660185377305,1211.2286809200186,1211.7746687802805,1212.3048844376551,1212.8201604680303,1213.3212666397696,1213.8089160124346
0.0043199999999999905,1086.4330552009587,1131.2913133446568,1146.0295912032007,1154.1164978927973,1159.8424283370716,1164.3348881577701,1168.0525141603396,1171.2303980661538,1174.0072275659293,1176.472732391409,1178.6888223711387,1180.7002667428133,1182.5406161517678,1184.2357287269713,1185.8059899361197,1187.2677739083529,1188.634441130283,1189.9170405469144,1191.1248164241865,1192.2655823387477,1193.3460023864234,1194.3718061453676,1195.3479554094824,1196.2787751987828,1197.168057901912,1198.0191469317467,1198.835004565125,1199.6182674349761,1200.3712922834927,1201.0961939616036,1201.794877201948,1202.469063351854,1203.1203129965877,1203.7500452084448,1204.3595540078773,1204.950022507258,1205.5225351176653,1206.078088128132,1206.617598910608,1207.141913959073,1207.651815935273,1208.1480298645106
0.004559999999999995,1085.0058592092448,1125.0923832475162,1139.8160473607713,1147.9709986564253,1153.7624207760334,1158.3124944637982,1162.0806903212565,1165.3033839794534,1168.1203345874019,1170.6221007854137,1172.8712304214775,1174.9129894411765,1176.7813210521222,1178.5023983407607,1180.0968630177397,1181.5813003288372,1182.9692466722518,1184.2718990586268,1185.498627516438,1186.6573533169524,1187.754833461887,1188.796878216603,1189.7885198803365,1190.7341454273328,1191.6376019673214,1192.502281475489,1193.3311895149939,1194.1270014598113,1194.8921088568795,1195.6286579363177,1196.3385818152872,1197.0236275965005,1197.6853793031612,1198.3252773951222,1198.944635459892,1199.544654555118,1200.1264355878475,1200.6909900440514,1201.239249324991,1201.7720729016305,1202.2902554618688,1202.794533195957
0.004799999999999999,1083.5270211411273,1119.2745102342385,1133.949823833046,1142.1595991891895,1148.0085997173571,1152.6106383967644,1156.4250004660705,1159.688891948672,1162.542902592147,1165.0782760644433,1167.358104939176,1169.428087665783,1171.322513804367,1173.067836962433,1174.6849287085327,1176.1905647256008,1177.598440807029,1178.9198886253362,1180.1643929436132,1181.3399735457758,1182.4534726139968,1183.5107745403443,1184.5169765118349,1185.4765226108568,1186.393310459405,1187.270776917157,1188.111967601737,1188.9195937735685,1189.6960792509926,1190.4435993852085,1191.1641136569308,1191.8593931086778,1192.5310435647662,1193.180525392066,1193.8091704018182,1194.418196374575,1195.0087195980025,1195.5817657346838,1196.1382792795184,1196.6791318204298,1197.2051292792517,1197.717018279909
0.005039999999999989,1082.000076975391,1113.8037294499686,1128.3989802771318,1136.6510806428498,1142.550216873968,1147.1989342078487,1151.0553578763177,1154.3570910764415,1157.245324652677,1159.8118505922444,1162.1202177956452,1164.2164965362138,1166.1352791545137,1167.9032673765191,1169.54153784905,1171.0670373043804,1172.4936054706002,1173.8326961532216,1175.0938985554058,1176.285322412765,1177.4138878930935,1178.4855474116307,1179.5054578219876,1180.4781158146366,1181.407465618868,1182.296985569277,1183.1497583440744,1183.9685284476084,1184.7557496260597,1185.5136242640883,1186.2441363387052,1186.949079155705,1187.6300788298772,1188.2886142694117,1188.9260342707698,1189.5435722109466,1190.1423587308523,1190.7234327302408,1191.2877509365076,1191.8361962633305,1192.3695851379305,1192.8886739456505
0.005280000000000007,1080.4286282838473,1108.6506429139465,1123.136041346486,1131.418604151049,1137.3608388577338,1142.0512587530498,1145.945894765347,1149.282331915574,1152.2021424802238,1154.7975362145467,1157.1324341290401,1159.253220643676,1161.19474955179,1162.9839400244787,1164.6420503717504,1166.1861800852107,1167.6302982646368,1168.9859690634064,1170.2628764537915,1171.4692120903298,1172.6119673829958,1173.6971570555231,1174.7299927443107,1175.715019542465,1176.656224640371,1177.5571246664715,1178.42083656845,1179.2501356327962,1180.0475033517444,1180.8151672011606,1181.5551339181825,1182.2692175139584,1182.9590629907623,1183.6261665304035,1184.2718927655053,1184.8974896249097,1185.5041011505045,1186.0927786088407,1186.6644901623165,1187.220129317942,1187.7605223341677,1188.2864347359243
0.005519999999999997,1078.8163281944453,1103.7895853877437,1118.1371949594268,1126.4389275761994,1132.4175767084776,1137.144990906819,1141.0742097992568,1144.4424008791843,1147.391306828981,1150.013429968174,1152.3729828093608,1154.516608823849,1156.4793838558767,1158.288415330386,1159.9651209742585,1161.5267356884196,1162.9873441497296,1164.358609711103,1165.6503019769475,1166.8706869403197,1168.0268208966163,1169.1247754965716,1170.169812564716,1171.1665216438928,1172.1189294612639,1173.0305879540274,1173.9046457221725,1174.7439065276324,1175.5508775657577,1176.3278095861538,1177.0767304624676,1177.7994734551403,1178.4977011434119,1179.172925799203,1179.8265268191071,1180.4597657095787,1181.073799025777,1181.6696895900552,1182.2484162570543,1182.8108824452443,1183.3579236169335,1183.8903138581868
0.005759999999999987,1077.1668673874526,1099.1979729711898,1113.3816642137722,1121.6917916317873,1127.7004818955832,1132.4604152118732,1136.4207780231893,1139.8179355028142,1142.7935974027027,1145.440438099599,1147.8228841447929,1149.9877852045083,1151.9704014371334,1153.7980006093974,1155.4921386264944,1157.0701692586988,1158.5462796273166,1159.932221685014,1161.2378419913339,1162.4714736871547,1163.6402319297108,1164.750240202377,1165.8068061723934,1166.8145600971816,1167.7775650077026,1168.699405333859,1169.58325886085,1170.4319556531862,1171.2480266862403,1172.0337442736234,1172.7911558990684,1173.5221127042234,1174.2282936146594,1174.9112258816463,1175.5723026599837,1176.212798120321,1176.8338804991995,1177.4366234151232,1178.0220157195472,1178.5909701042558,1179.1443306485146,1179.6828794586017
0.006000000000000005,1075.4839601989006,1094.8557851846376,1108.8512066237915,1117.159430475273,1123.1920648452133,1127.9802465476444,1131.9684805661673,1135.3919584282507,1138.3921605612375,1141.061817066046,1143.465493836565,1145.6501958358763,1147.6513312507168,1149.4963013895613,1151.2067799720814,1152.8002238003805,1154.2909098813104,1155.690668642781,1157.0094153209682,1158.2555433514863,1159.4362210184795,1160.5576187923994,1161.625086053764,1162.643290228149,1163.6163275832191,1164.547812372112,1165.4409492283014,1166.2985924621098,1167.1232950098272,1167.9173491328365,1168.6828204829035,1169.4215767911842,1170.1353121683171,1170.8255677973466,1171.4937496432271,1172.1411436802314,1172.7689290429034,1173.3781894308765,1173.9699230381427,1174.5450512296761,1175.1044261499985,1175.6488374173255
0.0062399999999999956,1073.7713309033534,1090.7451506622149,1104.529711811354,1112.826178432119,1118.8769080311488,1123.6892481542245,1127.702226710565,1131.1495029095838,1134.17213781599,1136.8628046762674,1139.2861364912014,1141.4892443508313,1143.5076494586388,1145.3688608382786,1147.0946504242318,1148.7025628257566,1150.2069528764664,1151.6197197690808,1152.950839484972,1154.2087591954057,1155.4006948278604,1156.532859210955,1157.6106394971614,1158.6387368981696,1159.6212779957623,1160.5619043245586,1161.4638451428032,1162.3299770510614,1163.1628732180964,1163.9648443183617,1164.7379728031895,1165.4841417681791,1166.2050594083055,1166.9022798459566,1167.5772209585662,1168.2311797095967,1168.8653453905736,1169.480811106217,1170.0785837747276,1170.6595928673628,1171.2246980729576,1171.7746960419213
0.006479999999999986,1072.0327002454756,1086.8500125539254,1100.4028749784475,1108.6781507581813,1114.7413519279219,1119.5739216097809,1123.6086471678298,1127.0773088889798,1130.1203643400966,1132.8303207539889,1135.2718082136773,1137.491996305404,1139.526485365844,1141.402867165624,1143.1429929263409,1144.764480377651,1146.2817505595694,1147.7067620818882,1149.0495440435798,1150.3185910497725,1151.5211614076402,1152.66350586462,1153.7510455683937,1154.7885122785644,1155.7800600949042,1156.7293554035389,1157.6396499632706,1158.5138407979373,1159.354519659717,1160.1640141728406,1160.9444222841998,1161.6976412871588,1162.42539241334,1163.1292417803802,1163.8106183246782,1164.470829224909,1165.1110732257073,1165.73245219503,1166.3359811884927,1166.9225972458798,1167.4931671063905,1168.048493997928
0.006720000000000004,1070.2717722868397,1083.155856902477,1096.4579299389663,1104.7029825020306,1110.7732381009296,1115.6222532087725,1119.6758431534051,1123.1635743611882,1126.2251223234837,1128.952722253573,1131.4109333008325,1133.646937300794,1135.696380846723,1137.5869142504205,1139.3404496877054,1140.9746637968713,1142.5040325904667,1143.9405650669742,1145.2943360826907,1146.5738816010662,1147.7864972386578,1148.9384673889606,1150.035243562747,1151.0815849557257,1152.0816705006519,1153.0391891034162,1153.9574129864316,1154.8392578077192,1155.6873323236066,1156.5039797075974,1157.2913121548286,1158.051240041103,1158.7854966336715,1159.4956591438547,1160.1831667523722,1160.849336114745,1161.4953747575526,1162.1223927002463,1162.7314125768412,1163.3233784835695,1163.8991637398276,1164.4595777183854
0.006959999999999994,1068.4922216309753,1079.649490415763,1092.6834289646224,1100.8896130802057,1106.9616972798283,1111.8235047623114,1115.8931794230475,1119.3977503070562,1122.475937554798,1125.2196012991906,1127.6931635858846,1129.9437735094116,1132.0070919497316,1133.9108042364276,1135.676865696766,1137.3229980879667,1138.8637215039003,1140.31108658605,1141.6752068241237,1142.9646536642342,1144.1867551327157,1145.3478251434028,1146.4533420656594,1147.5080895310102,1148.5162687182283,1149.4815888078915,1150.4073405260756,1151.2964564446124,1152.1515608063064,1152.975010988846,1153.768932238338,1154.5352469430406,1155.2756994460199,1155.9918771882776,1156.6852288145415,1157.357079750274,1158.0086456617355,1158.6410441347402,1159.255304847238,1159.8523784625318,1160.4331444310794,1160.998417857407
0.007199999999999984,1066.6976810858475,1076.3188579103523,1089.0690600665218,1097.2281073559423,1103.2969733315508,1108.16803983866,1112.2511123741308,1115.770370373659,1118.8634104730118,1121.6216174485407,1124.1092117876697,1126.3732660064938,1128.4494241256346,1130.3653835847763,1132.1431255357095,1133.8004034422902,1135.3517708940765,1136.809311681449,1138.1831710136476,1139.4819501212144,1140.713004692056,1141.882674164964,1142.996460376475,1144.059168492419,1145.0750194374507,1146.0477404985072,1146.9806390135582,1147.8766628087305,1148.7384501501745,1149.5683713237568,1150.368563473605,1151.1409599706121,1151.8873153103566,1152.6092263328028,1153.308150396802,1153.985421018741,1154.64226138792,1155.279796094978,1155.8990613491117,1156.501013911452,1157.086538933041,1157.6564568543688
0.007440000000000002,1064.891729818823,1073.1528917127846,1085.6054943887793,1093.7095060592178,1099.7702760826048,1104.6471784808277,1108.7410463209699,1112.2729084715918,1115.3790749129294,1118.150357452964,1120.6507121792242,1122.927092260692,1125.0150944682473,1126.9424060041729,1128.7310169481864,1130.3986993982596,1131.9600301281591,1133.4271178081979,1134.810132640863,1136.11770010113,1137.3571989251486,1138.5349901973057,1139.6565959304803,1140.726840011138,1141.749960686859,1142.7297012508197,1143.6693838217052,1144.5719698744906,1145.4401102840086,1146.276186991908,1147.082347926776,1147.8605364480147,1148.6125163128602,1149.339892959108,1150.044131736899,1150.7265735993233,1151.3884486648653,1152.030887988436,1152.6549338171592,1153.2615485586682,1153.8516226507127,1154.4259814893687
0.007679999999999992,1063.077882054743,1070.1413866729517,1082.2842578280117,1090.3256998433058,1096.3736574020495,1101.2530748988838,1105.3552125105791,1108.8976589131141,1112.0152792173562,1114.7982172295904,1117.3101033294033,1119.5977295715,1121.696615786517,1123.63441710603,1125.43311603335,1127.1104905361149,1128.6811305083872,1130.1571614341094,1131.5487719511884,1132.864606380866,1134.1120620149275,1135.2975178077136,1136.4265127474757,1137.503886706053,1138.5338928998663,1139.5202885890478,1140.4664088958461,1141.37522738685,1142.2494061741143,1143.091337641552,1143.9031794237596,1144.686883906342,1145.4442232462684,1146.1768107044124,1146.886118923489,1147.5734956611836,1148.2401773916313,1148.8873011121805,1149.5159146318433,1150.1269855694138,1150.7214092502882,1151.3000156595074
0.007919999999999983,1061.259576363048,1067.2748965829737,1079.0976227214792,1087.069322827985,1093.0999064151058,1097.9786140299864,1102.0865667949167,1105.637635029279,1108.765085674865,1111.5583020239746,1114.0805289142697,1116.3783564674075,1118.487198537953,1120.434656829706,1122.242690125725,1123.9290697802464,1125.5083889687517,1126.9927821060426,1128.3924498597235,1129.7160501268997,1130.9709943709368,1132.1636757336246,1133.29964705821,1134.3837615369112,1135.4202850625768,1136.4129868774662,1137.365213378579,1138.2799487100015,1139.159864888189,1140.0073635605613,1140.824611020667,1141.613567746455,1142.376013458566,1143.1135684897813,1143.827712098242,1144.5197982338943,1145.1910691711598,1145.8426673447332,1146.4756456649327,1147.0909765406695,1147.6895597991813,1148.2722296601632
0.00816,1059.4401655750219,1064.5446476634872,1076.0385157405735,1083.9336619405278,1089.9424602627266,1094.8173234550663,1098.9287025052354,1102.4864828575844,1105.6221849131916,1108.424341426296,1110.9557532902215,1113.2627687823615,1115.3806673639456,1117.3369763991857,1119.1536151411924,1120.8483361067745,1122.435726119983,1123.9279208109965,1125.3351266095542,1126.6660098339507,1127.9279918331756,1129.1274763379838,1130.2700269988416,1131.360507726578,1132.4031948534976,1133.4018676680762,1134.3598821566509,1135.2802315653873,1136.1655965169828,1137.0183867747824,1137.8407762723793,1138.6347326717164,1139.402042444231,1140.144332264587,1140.8630873485376,1141.55966724368,1142.2353194856557,1142.8911914564242,1143.5283407208867,1144.1477440698545,1144.7503054584897,1145.3368629978727
0.00839999999999999,1057.62290736718,1061.9424663894033,1073.100439351366,1080.912579427308,1086.8953277948685,1091.7632980758485,1095.8757759477223,1099.4384073339693,1102.5808226957558,1105.3906167013697,1107.93008930101,1110.2453078938058,1112.3713897206778,1114.335767314691,1116.1603049018177,1117.8627241778331,1119.4575961725513,1120.9570501695775,1122.3712922195016,1123.708992012554,1124.977576586522,1126.1834567388041,1127.3322039450068,1128.4286902899323,1129.4772003584085,1130.4815215933231,1131.4450179240398,1132.3706902582303,1133.2612265578684,1134.1190435826945,1134.9463219127572,1135.7450355085766,1136.516976800361,1137.2637780936373,1137.9869299213365,1138.6877968500326,1139.3676311521647,1140.0275846803693,1140.6687192198683,1141.2920155466836,1141.8983813806733,1142.488658390964
0.008639999999999981,1055.8109555416684,1059.460719189671,1070.277404584415,1078.0004463303467,1083.953024025364,1088.8111354061891,1092.922442396013,1096.4881088832321,1099.6357370315775,1102.4518983571331,1104.9983362562432,1107.3207990716592,1109.4542145657508,1111.4259003492775,1113.257650418762,1114.9671438903636,1116.568926733506,1118.0751144651847,1119.495906731731,1120.8399716426748,1122.1147378091919,1123.3266196424022,1124.4811935207017,1125.5833372100763,1126.6373414062887,1127.6469998547575,1128.6156828169194,1129.546397452859,1130.4418378250307,1131.304426595349,1132.1363500195657,1132.9395874920463,1133.715936628534,1134.467034671533,1135.1943768463789,1135.899332174307,1136.5831571533265,1137.2470076423222,1137.891949223799,1138.5189662726884,1139.1289699199483,1139.722805068358
0.008879999999999999,1054.0073520293254,1057.092261685408,1067.563873064874,1075.1920849807013,1081.1105134609309,1085.9558796331864,1090.0638007689843,1093.6307286228707,1096.7821038357638,1099.603392207734,1102.155726354017,1104.484498225436,1106.6244194007377,1108.6026728623533,1110.4409674558892,1112.1569281717811,1113.765066818495,1115.277477858569,1116.7043486166187,1118.054340757965,1119.334880426603,1120.552382258037,1121.7124246656915,1122.81988865123,1123.8790689210423,1124.8937637074837,1125.8673480252073,1126.802833906169,1127.7029203000266,1128.5700346995677,1129.4063680861618,1130.2139044419907,1130.9944458120917,1131.7496336975414,1132.4809674054616,1133.1898198604022,1133.8774512866391,1134.5450210958552,1135.193598254941,1135.8241703608173,1136.4376516106436,1137.0348898245388
0.00911999999999999,1052.2150196357982,1054.8303963583198,1064.9547071890947,1072.482719332853,1078.363161094456,1083.1929732188703,1087.2953457530439,1090.861800932396,1094.0154898881988,1096.8406926762075,1099.3978782912,1101.7320457924286,1103.8776644125717,1105.8617631734464,1107.705951118119,1109.4277877675443,1111.0417418251361,1112.5598795352107,1113.9923700836746,1115.3478639109062,1116.633780722356,1117.8565320471764,1119.0216955162127,1120.134152964631,1121.1982010468876,1122.217640699803,1123.1958501416457,1124.1358449216866,1125.0403276867146,1125.9117297099083,1126.752245766926,1127.5638635987084,1128.3483889387487,1129.1074668823242,1129.8426002205435,1130.5551652416757,1131.2464254077502,1131.9175432397408,1132.569590685203,1133.203558194618,1133.8203626943202,1134.4208546127693
0.00935999999999998,1050.436755545872,1052.6688367212785,1062.445126849791,1069.867931671862,1075.706689669641,1080.5182147008004,1084.6129260652488,1088.1772121142292,1091.331811840744,1094.1597421072645,1096.7207568491413,1099.0594265696577,1101.2099525295982,1103.1991908237076,1105.0486363024618,1106.775771867989,1108.3950143236887,1109.9183946493124,1111.3560581695497,1112.7166393965315,1114.0075476902382,1115.2351881970717,1116.4051349940405,1117.5222683875663,1118.5908849523044,1119.6147865774483,1120.597353162058,1121.5416024419144,1122.4502395920467,1123.3256986345211,1124.1701772250437,1124.9856660496966,1125.7739738036014,1126.5367485246195,1127.2754959016945,1127.9915950578857,1128.686312214262,1129.3608125666021,1130.0161706477327,1130.6533794009697,1131.2733581519376,1131.8769596350671
0.009599999999999997,1048.6752255959973,1050.6016771460686,1060.0306719175956,1067.3436248731448,1073.1371423802211,1077.9277218455945,1082.012708006127,1085.5731642922092,1088.7273004175347,1091.5567952342274,1094.120637598873,1096.4629346341055,1098.6175945375185,1100.611281871271,1102.4653631588958,1104.19723372272,1105.8212498145003,1107.3494002151137,1108.7918007550852,1110.1570653879587,1111.4525892817364,1112.684767974395,1113.8591692609446,1114.9806695938162,1116.0535634720545,1117.0816520131311,1118.0683152987035,1119.0165719420609,1119.9291284969909,1120.8084207203158,1121.656648249165,1122.4758039152478,1123.2676986612685,1124.0339828276817,1124.776164425726,1125.4956248940364,1126.193632742925,1126.8713554166977,1127.5298696456325,1128.1701705121577,1128.793179417793,1129.399751106601
0.009839999999999988,1046.932959319911,1048.6233673601557,1057.707169642928,1064.9059894058073,1070.6508502082952,1075.4178993698124,1079.4911435246515,1083.0461437769766,1086.1984690435884,1089.0283880406043,1091.5940759710415,1093.9391426007714,1096.0971785087038,1098.0946384775943,1099.9527468215651,1101.6888005061662,1103.317086718769,1104.8495452148181,1106.296256783281,1107.665810258056,1108.9655828257105,1110.2019572377885,1111.3804923194677,1112.5060583784364,1113.5829458721057,1114.614953448071,1115.6054598951546,1116.5574834152549,1117.4737308093038,1118.356638570708,1119.2084074337263,1120.0310315891013,1120.8263235247755,1121.5959352544385,1122.341376545781,1123.0640306426694,1123.7651678830005,1124.4459575408162,1125.1074781629304,1125.7507266235446,1126.376626082593,1126.9860330029217
0.010080000000000006,1045.2123457673083,1046.7286905162002,1055.4707060572357,1062.5514742314172,1068.244403097377,1072.9854104542524,1077.044942044311,1080.5928931652445,1083.742086183477,1086.5713103104035,1089.1378799952136,1091.4848745323272,1093.6455428666823,1095.6461121136879,1097.5076507455917,1099.2473467753543,1100.8794099489046,1102.4157242741944,1103.8663300336436,1105.2397864467541,1106.5434489834952,1107.7836844760975,1108.9660401300769,1110.0953778499954,1111.1759821134594,1112.211647424211,1113.2057498239556,1114.1613058329394,1115.0810213841462,1115.96733272413,1116.8224408131891,1117.6483404263972,1118.446844905339,1119.2196073173427,1119.968138629598,1120.6938233889832,1121.3979333067723,1122.0816390748007,1122.7460206818153,1123.392076452285,1124.0207309924806,1124.6328421981946
0.010319999999999996,1043.5156300907356,1044.9127446150005,1053.317601184701,1060.2767613410251,1065.9146246553225,1070.6271517146552,1074.6710456905048,1078.2103867963535,1081.3551510005896,1084.1825814676,1086.7490863008595,1089.0971820860873,1091.2597526660675,1093.2627799619697,1095.1271632214118,1096.8699710885603,1098.5053276243789,1100.045054469367,1101.4991460143758,1102.8761274336994,1104.1833287975892,1105.4270979291075,1106.6129678003326,1107.7457896848923,1108.8298401686175,1109.8689079600808,1110.8663649193538,1111.8252246321324,1112.7481910637161,1113.6376992440307,1114.4959495005432,1115.3249364289388,1116.1264735427667,1116.902214352384,1117.6536704757052,1118.3822272678717,1119.0891573661634,1119.7756324745496,1120.4427336548947,1121.0914603457732,1121.7227382926587,1122.3374265430436
0.010559999999999986,1041.8449108913037,1043.17092621475,1051.2443871784508,1058.0787431507863,1063.6585496726866,1068.340230959211,1072.366607282808,1075.8958089553598,1079.0348717468817,1081.8594291316829,1084.4249388212738,1086.7733233517893,1088.937078552043,1090.9419239871609,1092.8085765482826,1094.5539752738416,1096.1921504286715,1097.7348547663792,1099.192031479431,1100.5721673282371,1101.8825633504866,1103.12954531155,1104.3186293707486,1105.4546539720511,1106.5418859223573,1107.5841065051354,1108.584681982885,1109.5466217701257,1110.4726267790866,1111.3651298660225,1112.2263298780624,1113.058220477976,1113.862614678785,1114.6411658315792,1115.3953856637786,1116.1266598509224,1116.8362615152294,1117.525362972925,1118.195045995496,1118.846310804369,1119.4800839816305,1120.0972254494345
0.010800000000000004,1040.2021383094655,1041.4989161910903,1049.2477891915382,1055.9545025338975,1061.4734042087077,1066.1219474675656,1070.128970814416,1073.6465345358797,1076.7786465894394,1079.599270090238,1082.1628698971267,1084.5107440734669,1086.6749780898865,1088.681012364405,1090.5493685532444,1092.2968460321329,1093.9373732906615,1095.4826277757475,1096.942496251696,1098.3254227571867,1099.6386757134303,1100.88855581958,1102.0805598760533,1103.2195113262942,1104.309665334781,1105.3547941502454,1106.3582570392557,1107.3230580238696,1108.2518938913445,1109.147194379155,1110.011156017207,1110.8457707913335,1111.6528505500835,1112.4340478907077,1113.190874115913,1113.9247147401516,1114.6368429353379,1115.328431235416,1116.0005617629095,1116.6542351953694,1117.290378653085,1117.909852659709
0.011039999999999994,1038.589112843022,1039.8926671036543,1047.3247086273934,1053.9012951528669,1059.3565879159053,1063.969774466587,1067.955654097314,1071.4601118439596,1074.5840465574881,1077.3996933742944,1079.960483467263,1082.3070609447293,1084.4710791554216,1086.4776829569498,1088.3471861492053,1090.0962385698297,1091.7386590865533,1093.2860435192044,1094.74821705054,1096.133576749627,1097.4493548852358,1098.7018241207631,1099.8964593837347,1101.0380669730805,1102.1308885700876,1103.17868579853,1104.1848095474197,1105.152257239619,1106.0837204782606,1106.9816249481744,1107.8481640351392,1108.6853273129384,1109.4949248096973,1110.2786077814576,1111.037886578521,1111.7741460786929,1112.4886590737497,1113.182597925765,1113.8570447542577,1114.5130003703596,1115.1513921380154,1115.7730809127881
0.011279999999999984,1037.0074848706927,1038.348391585994,1045.4722082461412,1051.9165336242359,1057.3056581713238,1061.8813433965092,1065.8443331861047,1069.3342471711198,1072.4488002503404,1075.2584450871836,1077.8155400061655,1080.1600466443217,1082.3231650597422,1084.3297285224255,1086.1998306162418,1087.9499619494657,1089.5938240550138,1091.1429249049788,1092.6070230234282,1093.994464321458,1095.3124414267752,1096.56719603576,1097.7641787204705,1098.908176517452,1100.003415806009,1101.0536460134235,1102.0622082855755,1103.0320922532937,1103.9659832885643,1104.8663021003736,1105.735238112904,1106.5747777611755,1107.3867286044538,1108.1727399769609,1108.9343207550037,1109.6728547097207,1110.3896138279574,1111.085769914936,1111.7624047373522,1112.4205189212585,1113.0610397832897,1113.6848282446406
0.011520000000000002,1035.4587548560899,1036.8625518325236,1043.6874992537892,1049.9977735882378,1055.318316039133,1059.8544299567873,1063.7928285433463,1067.266791078991,1070.3707802325082,1073.1734149000044,1075.7259431103446,1078.0676165051389,1080.2291612936772,1082.2350835265652,1084.1052444792226,1085.8559660265773,1087.500824789202,1089.0512347713968,1090.5168828379133,1091.9060596129434,1093.2259146415283,1094.482655759596,1095.681706732043,1096.8278332407128,1097.925244565531,1098.9776763838709,1099.9884587483853,1100.9605723183909,1101.8966951993193,1102.7992422112864,1103.6703980083819,1104.5121451681089,1105.3262881395406,1106.1144737608397,1106.8782089184701,1107.6188758120782,1108.3377452035074,1109.0359879604541,1109.7146851509133,1110.374836900816,1111.017370191853,1111.6431457476494
0.011759999999999993,1033.944274203729,1035.4318495511188,1041.9679297652817,1048.1427011570458,1053.3923935953214,1057.886941503384,1061.7990925489764,1065.255726022262,1068.347990762149,1071.1426238759095,1073.689727409336,1076.027816503865,1078.1871235890785,1080.191812270116,1082.061499695128,1083.812329692909,1085.457746531902,1087.009064230471,1088.4758930706037,1089.866464320325,1091.1878810473968,1092.446314371477,1093.6471588291731,1094.7951566804772,1095.8944983295205,1096.9489041680265,1097.9616918203776,1098.9358318078225,1099.8739939450259,1100.7785862599756,1101.6517878367583,1102.4955766841986,1103.3117535065987,1104.1019620778625,1104.8677067841913,1105.610367793816,1106.3312142279508,1107.0314156401353,1107.7120520574806,1108.3741227941402,1109.0185542123393,1109.6462065778005
0.011999999999999983,1032.465246735835,1034.0532163839232,1040.310974669181,1046.3491217442925,1051.5258425913566,1055.9769057546744,1059.8611982961413,1063.2991552407725,1066.3785567745872,1069.1642135375905,1071.7050477096234,1074.038812474484,1076.195227195891,1078.198098224218,1080.0667870421726,1081.8172503152969,1083.46279266068,1085.0146221962523,1086.482267775988,1087.8738973026934,1089.1965640194503,1090.4563995114577,1091.6587666963421,1092.808382370046,1093.9094163051925,1094.9655720894843,1095.9801535987092,1096.9561200620842,1097.8961319901555,1098.802589724969,1099.6776659889647,1100.5233335184157,1101.3413886447338,1102.133471515126,1102.9010835102747,1103.6456023117191,1104.3682949886215,1105.0703294075515,1105.7527842160332,1106.416657607969,1107.0628750445164,1107.6922960758523
0.012240000000000001,1031.0227307561854,1032.723804607331,1038.7142267161375,1044.61495011546,1049.7167243022664,1054.1224606544656,1057.9773295240038,1061.3952927729324,1064.4607139744198,1067.2364360326164,1069.7701692271485,1072.098880402223,1074.2517572323773,1076.2522344323693,1078.1194065695336,1079.8690342296675,1081.5142752230845,1083.0662259585206,1084.5343290962087,1085.9266852256965,1087.2502944656433,1088.5112460864318,1089.7148690264908,1090.8658526003892,1091.9683442140804,1093.0260291500447,1094.0421962296416,1095.019792248436,1095.9614674101097,1096.8696134861377,1097.7463960536813,1098.5937818796237,1099.4135623005873,1100.2073732801684,1100.9767126932104,1101.72295528372,1102.4473656613816,1103.1511096366046,1103.8352641419158,1104.5008259454983,1105.1487193285934,1105.7798028707168
0.012479999999999991,1029.6176416650267,1031.440977811108,1037.1753884792279,1042.9382013466059,1047.9632002761098,1052.321845131202,1056.1457714437051,1059.5424543602796,1062.5927998171594,1065.3576451868541,1067.883458706487,1070.2063976027455,1072.355099919166,1074.3526147947766,1076.217758928012,1077.966088114521,1079.6106063498823,1081.1622926330706,1082.6304987460016,1084.0232540790016,1085.3475023748936,1086.6092878471165,1087.8139031253609,1088.9660080504439,1090.0697259470146,1091.1287223082115,1092.1462696094889,1093.1253010833213,1094.0684556342073,1094.9781155874148,1095.856438599012,1096.705384776495,1097.5267398458195,1098.322135035394,1099.093064218656,1099.8408987554915,1100.566900392509,1101.2722325182226,1101.9579700178872,1102.6251079313533,1103.2745690837069,1103.9072108310766
0.012719999999999981,1028.250755087268,1030.2023017399868,1035.6922654127804,1041.3169828840753,1046.2635241365717,1050.5733908716834,1054.364902549502,1057.7390493142566,1060.7732454345123,1063.5262884860645,1066.04337645505,1068.3598348049927,1070.503734706958,1072.4977262374953,1074.3603375775424,1076.106911234082,1077.7502905314343,1079.3013314691611,1080.7692903493,1082.1621215403372,1083.4867092070187,1084.7490498024872,1085.954397349169,1087.107380246879,1088.212096044934,1089.2721889800898,1090.2909139047224,1091.2711893708697,1092.215642001833,1093.1266438098983,1094.0063437618976,1094.8566946226301,1095.6794758973786,1096.4763135329683,1097.2486969104646,1097.99799356315,1098.725461974641,1099.4322627491372,1100.1194683953481,1100.788071924903,1101.4389944329753,1102.0730918018555
0.01296,1026.9227104746599,1029.0055349408706,1034.2627595405002,1039.7494872923976,1044.616034073638,1048.8755147809095,1052.6331871152213,1055.9835730680868,1059.000568244717,1061.74089974249,1064.2484690621206,1066.55774891859,1068.6962270884312,1070.6861415653102,1072.5457216779037,1074.2900883640564,1075.9319175760265,1077.481936838229,1078.9493024563853,1080.3418900193376,1081.6665209617145,1082.9291413124886,1084.1349642197797,1085.2885847005819,1086.3940728556336,1087.4550502154402,1088.474752746456,1089.4560832150012,1090.4016549914222,1091.313828917027,1092.1947445088442,1093.0463465122502,1093.8704076076037,1094.6685479188177,1095.4422518480994,1096.192882663634,1096.9216951896926,1097.629846886945,1098.318407561168,1098.9883678984975,1099.6406469928165,1100.2760990042957
0.01319999999999999,1025.6340151415075,1027.8486193277715,1032.8848638752484,1038.2339857781221,1043.0191460883343,1047.2267121755417,1050.94916840877,1054.2746004346918,1057.273365259289,1060.0000924498804,1062.4973627995478,1064.79877647703,1066.931222080729,1068.9165129805606,1070.772569641187,1072.5142833753243,1074.1541562226364,1075.7027818738102,1077.169212209243,1078.5612403467994,1079.88562189033,1081.1482498210808,1082.3542941778965,1083.508314678967,1084.614352324263,1085.6760045055125,1086.6964870548281,1087.6786858596436,1088.6252000758445,1089.5383785245172,1090.4203505198445,1091.2730521175706,1092.0982485745592,1092.8975536554613,1093.6724463015357,1094.424285081269,1095.1543207667082,1095.8637073188852,1096.553511517055,1097.2247214271135,1097.8782538725666,1098.5149610452677
0.01343999999999998,1024.3850486926526,1026.7296706283262,1031.5566574746397,1036.7688224070866,1041.4713479139045,1045.6255506355758,1049.3114625506162,1052.6107794974935,1055.5903070137583,1058.3025537551357,1060.788757632796,1063.0816276857774,1065.207438308085,1067.1875661978272,1069.039613276271,1070.7782334061387,1072.4157483389913,1073.9626126937837,1075.427769586495,1076.8189260409526,1078.1427687822604,1079.4051351616552,1080.6111499065023,1081.7653355465382,1082.871702350179,1083.9338221554299,1084.9548894262266,1085.937772090153,1086.8850541374318,1087.7990715284502,1088.681942629018,1089.5355941415219,1090.3617833063952,1091.162116997603,1091.9380682176948,1092.6909904046877,1093.422129888925,1094.1326367787306,1094.8235745059717,1095.4959282240115,1096.15061221911,1096.7884764706207
0.013679999999999998,1023.1760678019749,1025.6469685817074,1030.2763008735787,1035.3524087791643,1039.971193400531,1044.07066432,1047.718752837013,1050.9908259670985,1053.9501319655058,1056.6470388981882,1059.1214217012161,1061.4050809404112,1063.5236625551368,1065.498095029815,1067.3456524048659,1069.0807435061515,1070.7155035916217,1072.260243094701,1073.723792120433,1075.113768045788,1076.4367857233053,1077.6986243342822,1078.904361125965,1080.0584795769105,1081.1649576150328,1082.2273401275654,1083.248798991238,1084.2321831051822,1085.1800603531608,1086.0947530032117,1086.9783677347884,1087.8328212396877,1088.6598621546,1089.4610899362817,1090.2379711751062,1090.9918537516362,1091.723979168386,1092.435493330886,1093.127456005419,1093.8008491429202,1094.4565842276975,1095.0955087843788
0.013919999999999988,1022.0072112994796,1024.5989471168152,1029.0420321388788,1033.9832193902716,1038.5172975619462,1042.5607489158278,1046.1697846732297,1049.4135181292638,1052.3516414676355,1055.0323662152455,1057.494186350946,1059.7679778881566,1061.8787448555718,1063.8469565014593,1065.689549999455,1067.4206817966578,1069.052294626992,1070.5945497525126,1072.0561601161705,1073.444649967572,1074.7665593485792,1076.0276067741388,1077.2328198771836,1078.38664124995,1079.4930148932344,1080.555457364716,1081.5771167499693,1082.560821863631,1083.5091235527525,1084.4243295702959,1085.3085341789806,1086.1636434093093,1086.9913967125538,1087.793385606638,1088.5710698005746,1089.325791194249,1090.058786079544,1090.7711958120608,1091.4640761769315,1092.1384056351235,1092.7950926064043,1093.4349819203644
0.014160000000000006,1020.8785055251756,1023.5841843214745,1027.8521631705532,1032.659787336174,1037.1083319755855,1041.0945569434282,1044.663360865137,1047.8776921532944,1050.7936951052789,1053.4574125062838,1055.905941533657,1058.169218856648,1060.2715939491789,1062.2330663334294,1064.070227691461,1065.7969750017517,1067.4250526241137,1068.9644677952442,1070.4238122431173,1071.8105136839808,1073.131034468272,1074.3910299929628,1075.5954761778862,1076.7487729221386,1077.8548287356823,1078.9171304865538,1079.9388012806303,1080.9226488048134,1081.871205949922,1082.786765140174,1083.67140749888,1084.5270277511352,1085.3553555867984,1086.1579740682582,1086.936335558274,1087.691775556589,1088.4255247649646,1089.1387196448686,1089.8324116873223,1090.507575578114,1091.165116411971,1091.8058760850124
0.014399999999999996,1019.7898699083615,1022.6013923630683,1026.7050763743243,1031.380700476344,1035.7430206380532,1039.6708935039424,1043.198337341395,1046.3822378218883,1049.2752064459935,1051.921108810606,1054.3556316083052,1056.6077586813503,1058.7011731337789,1060.6553948171709,1062.4866616679687,1064.2086043653494,1065.8327632305773,1067.368986756849,1068.8257415055693,1070.210355330436,1071.5292100688328,1072.7878955942654,1073.9913340511273,1075.1438808676796,1076.249407522852,1077.311369854127,1078.3328648149193,1079.3166779342505,1080.2653232381329,1081.1810770175987,1082.0660065417003,1082.9219945927007,1083.7507605287956,1084.5538784451046,1085.3327928975586,1086.0888325700712,1086.8232221981084,1087.5370930077288,1088.2314918854804,1088.9073894590733,1089.5656872397644,1090.2072239536283
0.014639999999999986,1018.7411227316229,1021.6494074013774,1025.5992216493162,1030.1445980097676,1034.4201362322192,1038.288612427215,1041.7736192658467,1044.9260946428067,1047.795139165213,1050.4224365518642,1052.8422515076468,1055.08260289372,1057.1664964743845,1059.112963044081,1060.9378789198122,1062.6546019170814,1064.2744628451856,1065.8071468755857,1067.2609915559087,1068.6432216272806,1069.9601356533485,1071.217255626203,1072.4194478900033,1073.5710216544614,1074.6758098514645,1075.7372359667322,1076.758369644643,1077.7419732396063,1078.690541015458,1079.6063323350227,1080.4913999062271,1081.3476139378777,1082.1766828920913,1082.9801713900172,1083.7595157245496,1084.516037351891,1085.2509546683768,1085.9653933263173,1086.6603953000251,1087.3369268785434,1087.9958857332897,1088.6381071855656
0.014880000000000004,1017.7319870397796,1020.7271794461888,1024.5331134922194,1028.9501672715523,1033.1384966315675,1036.9466126610992,1040.388157393884,1043.5082482069608,1046.3525034204679,1048.960423934053,1051.3648431577212,1053.5928041641234,1055.666625268701,1057.6048393924157,1059.4229537486203,1061.1340469982142,1062.7492351615565,1064.2780356541905,1065.72865327032,1067.1082064701059,1068.4229078456244,1069.678209198633,1070.878919086974,1072.0292987849964,1073.1331411864494,1074.1938361243594,1075.2144247941408,1076.197645372637,1077.145971475626,1078.0616447523555,1078.9467026509185,1079.8030021829845,1080.6322403561212,1081.4359718159253,1082.215624140478,1082.9725111502464,1083.7078445329705,1084.42274403184,1085.1182464037843,1085.795313320911,1086.4548383604922,1087.0976532061734
0.015119999999999995,1016.76209665519,1019.833762396416,1023.5053284522029,1027.7961409820064,1031.8969618516755,1035.6438350885328,1039.0409448382102,1042.1277269404009,1044.9463526066122,1047.5341427076887,1049.922492258322,1052.1374590978148,1054.2006648587815,1056.1301363542768,1057.941004608541,1059.646063117423,1061.2562080372227,1062.780784741594,1064.2278616424508,1065.604447834719,1066.9166673058673,1068.1698994089672,1069.3688929693785,1070.5178596411326,1071.6205508144221,1072.6803213895334,1073.7001829901235,1074.682848626684,1075.630770392856,1076.546171448842,1077.4310732925542,1078.2873191219505,1079.1165939376533,1079.9204419133453,1080.7002814650284,1081.45741837333,1082.1930572513515,1082.9083116007878,1083.60421265868,1084.2817172042676,1084.9417144684478,1085.5850322661784
0.015359999999999985,1015.8310022621939,1018.9683041454299,1022.5145026329283,1026.6812946512352,1030.6944311782568,1034.3792595272482,1037.7310140207758,1040.7835990455026,1043.5757803030372,1046.1427051305272,1048.5143252603211,1050.715705229846,1052.7677616434669,1054.6880075650272,1056.4911911518589,1058.1898150117488,1059.7945505690657,1061.3145670219997,1062.7577928853448,1064.131124891195,1065.440595856182,1066.691510478482,1067.8885559459884,1069.0358926403198,1070.1372290091747,1071.1958837615866,1072.2148378443158,1073.1967781273047,1074.1441343201243,1075.05911032864,1075.9437110188244,1076.799765165636,1077.6289452165756,1078.43278438239,1079.2126914743453,1079.9699638331194,1080.7057986346142,1081.4213028097022,1082.1175017757114,1082.7953471454455,1083.455723553295,1084.099454716362
0.015600000000000003,1014.9381775250417,1018.1300369157102,1021.5593293672769,1025.6044442630605,1029.52984058433,1033.1519020118694,1036.457433898959,1039.474969709321,1042.2399174822067,1044.785261184778,1047.1395065954396,1049.3267182689758,1051.3671003368465,1053.2776450761203,1055.072711515712,1056.7645059465958,1058.363470405928,1059.8785939394434,1061.3176617673064,1062.687455350439,1063.9939138372536,1065.2422651185966,1066.4371328823838,1067.5826246196305,1068.6824044239243,1069.7397535767423,1070.757621261015,1071.7386672469772,1072.6852980107042,1073.5996974489126,1074.4838531227053,1075.3395787822421,1076.1685337821116,1076.9722398845777,1077.7520958582309,1078.509390207775,1079.245312312905,1079.9609622074518,1080.6573591919303,1081.3354494415448,1081.9961127461715,1082.6401684977793
0.015839999999999993,1014.0830252053842,1017.318267880906,1020.6385570332844,1024.5644442080202,1028.4021604098482,1031.960812333667,1035.2193074423576,1038.2009785561866,1040.9379299570865,1043.4609960287492,1045.7972361366965,1047.9697095690533,1049.9979014514165,1051.8982768501946,1053.6847998289238,1055.3693752339088,1056.9622112776644,1058.4721130372131,1059.906719161178,1061.2726930228255,1062.5758776758828,1063.8214221068538,1065.0138846849707,1066.1573184274255,1067.255341690265,1068.3111971140215,1069.327801049644,1070.307785224008,1071.2535320431653,1072.1672046506656,1073.0507726389055,1073.9060341391507,1074.7346348798503,1075.5380846948608,1076.3177718769955,1077.0749757031463,1077.8108774014322,1078.5265697855953,1079.2230657450202,1079.9013057485963,1080.5621644958405,1081.2064568282274
0.016079999999999983,1013.2648832472685,1016.5323700428648,1019.7509868576809,1023.5601853065236,1027.3103931555618,1030.8050717015326,1034.015769234438,1036.9607972280874,1039.6690159590528,1042.169127581486,1044.4867467941715,1046.643923737836,1048.659418920605,1050.5491643972807,1052.3267238615206,1054.0036958944625,1055.59005066959,1057.0944056438225,1058.5242497412219,1059.8861255253955,1061.185777601936,1062.4282740131068,1063.6181060359127,1064.759270666583,1065.8553391692785,1066.909514353851,1067.9246786904985,1068.9034349350918,1069.8481406004364,1070.7609373440334,1071.6437761351108,1072.4984388998828,1073.3265572141913,1074.1296285093442,1074.9090301742524,1075.666031870457,1076.4018063228618,1077.1174388053275,1077.8139355046387,1078.4922309171554,1079.1531944083986,1079.797636045941
0.01632,1012.4830307995833,1015.7717735776116,1018.8954709205124,1022.5905931395077,1026.2535715951876,1029.6837907104523,1032.8459833680267,1035.7536272463176,1038.4324039861856,1040.9089043684708,1043.2073023638109,1045.3486364919033,1047.3509379613129,1049.2296006456634,1050.9977829041404,1052.666772545775,1054.2462977187092,1055.7447847772883,1057.169569895134,1058.5270722012838,1059.822935574864,1061.0621451328082,1062.2491233328935,1063.387809640444,1064.4817269033927,1065.5340369355765,1066.547587297679,1067.5249508634358,1068.4684594429164,1069.3802324861774,1070.2622016944865,1071.1161322110331,1071.9436409395494,1072.7462124406102,1073.5252127762194,1074.2819016094477,1075.0174428141802,1075.7329138079415,1076.4293137863656,1077.1075710096316,1077.7685492678852,1078.4130536333882
0.01655999999999999,1011.7366941479776,1015.0359575401668,1018.0709101159232,1021.6546264306679,1025.2307569662664,1028.5961073973317,1031.7091414325946,1034.5786979682919,1037.2273507496973,1039.6796034681781,1041.9581954795863,1044.0831526171985,1046.0717730441527,1047.93890792232,1049.697305758718,1051.3579394028418,1052.930291224161,1054.4225931648873,1055.8420257526918,1057.1948821568292,1058.4867033288579,1059.722389539817,1060.906292749194,1062.0422934198075,1063.1338646899617,1064.1841262373223,1065.1958897049376,1066.1716971903277,1067.1138540055103,1068.0244566835609,1068.9054170229724,1069.7584828143836,1070.5852557770963,1071.3872071389117,1072.1656912171966,1072.9219572979864,1073.6571600602883,1074.3723687522693,1075.0685752928625,1075.7467014450451,1076.407605184524,1077.0520863688835
0.01679999999999998,1011.0250525304485,1014.3244420620931,1017.2762521875793,1020.7512755980802,1024.2410373507025,1027.5411854856145,1030.6044606852618,1033.4352647228009,1036.0531392941652,1038.4805286284904,1040.7387457321672,1042.8468040932323,1044.8212660248898,1046.6764360924133,1048.4246488863337,1050.0765584343458,1051.6413978116361,1053.1272014155268,1054.5409913657738,1055.8889324489244,1057.1764605672042,1058.4083892874378,1059.5889984411103,1060.722108056432,1061.811140300576,1062.8591716008461,1063.868976695836,1064.8430660303668,1065.7837176377197,1066.6930044366952,1067.572817698502,1068.424887300415,1069.250799272404,1070.0520110537911,1070.829864805019,1071.5855990612156,1072.320358966716,1073.0352052908452,1073.7311223933702,1074.4090252817512,1075.0697658805702,1075.7141386154676
0.01704,1010.347243813013,1013.6367810770854,1016.5104898239309,1019.8795614554542,1023.2835262275497,1026.5182128029453,1029.5311823907975,1032.3226071096467,1034.9090772779423,1037.3110085396736,1039.5482979410674,1041.6389483681087,1043.5987844244082,1045.4415608453016,1047.1791946998082,1048.8220176620403,1050.3790102395456,1051.858006332581,1053.265867027682,1054.608626410599,1055.8916132938896,1057.1195527458042,1058.2966508908708,1059.426665931255,1060.5129678343546,1061.558588689691,1062.566265366553,1063.5384757987345,1064.4774699751965,1065.385296515808,1066.2638255506176,1067.1147684917285,1067.9396951825254,1068.740048824689,1069.517159015066,1070.2722531688462,1071.0064665600917,1071.7208511734434,1072.4163835302186,1073.0939716268276,1073.7544611024898,1074.3986407357934
0.01727999999999999,1009.7023700041287,1012.9725555167742,1015.7726586938958,1019.0385339293458,1022.3573610696654,1025.5263997519794,1028.4885702191996,1031.2400273600047,1033.79449531703,1036.1703951733332,1038.386220495111,1040.458966704039,1042.403719781168,1044.2336820548828,1045.9603499323189,1047.5937295376982,1049.1425457841754,1050.6144293070183,1052.016077673944,1053.353392059182,1054.631592228794,1055.8553130237774,1057.028685334929,1058.155404188775,1059.2387861581356,1060.281817934915,1061.287197576899,1062.2573696672569,1063.194555400632,1064.100778426351,1064.9778871304106,1065.8275739172252,1066.65139195425,1067.4507697631163,1068.2270239762013,1068.9813705247254,1069.7149344812037,1070.4287587435124,1071.1238117185133,1071.8009941389068,1072.4611451268333,1073.1050476009418
0.01751999999999998,1009.0895025888001,1012.3313671524918,1015.0618356158224,1018.227270990968,1021.4617021761728,1024.5649780137067,1027.4759088665694,1030.186848910252,1032.7087455333658,1035.0580623177714,1037.251903882274,1039.3062627060679,1041.2354861814372,1043.0522223128892,1044.7675441746637,1046.3911294848485,1047.931444786144,1049.3959148686647,1050.7910714383752,1052.1226806570817,1053.3958513730777,1054.615126538805,1055.784560338145,1056.9077833154067,1057.9880574888496,1059.0283231213325,1060.0312385402842,1060.99921415796,1061.9344416407641,1062.838919009332,1063.7144723140525,1064.5627744187298,1065.3853613337071,1066.1836464651337,1066.9589330860324,1067.7124252847843,1068.4452376055506,1069.1584035612425,1069.8528831716467,1070.5295696560545,1071.18929539041,1071.832837222827
0.017759999999999998,1008.5076876655683,1011.7128329431811,1014.3771366600238,1017.4448775811101,1020.5957315269203,1023.6331992833723,1026.4925027137465,1029.1624150170926,1031.6512001473618,1033.973404160256,1036.144759268884,1038.1802609024107,1040.0935188432131,1041.8966255177838,1043.6002284698832,1045.2136744994793,1046.7451692573031,1048.2019292992716,1049.5903182721895,1050.9159653367683,1052.1838666398319,1053.398471653022,1054.5637564351173,1055.6832857858228,1056.760266044661,1057.7975900432518,1058.7978754838516,1059.7634978074148,1060.696618434759,1061.5992091135688,1062.473072978766,1063.3198628305302,1064.1410970493364,1064.9381734976246,1065.7123817003608,1066.4649135495501,1067.1968727388066,1067.9092831018852,1068.603096002371,1069.279196899505,1069.938411196602,1070.5815094630066
0.017999999999999988,1007.9559508718228,1011.1165799846302,1013.717715295776,1016.6904846380972,1019.7586517652113,1022.7303341385357,1025.5376746147465,1028.166087498787,1030.6212501928774,1032.9158339884393,1035.0642171951074,1037.0804054386044,1038.9772728118046,1040.7663555734325,1042.4578740159955,1044.0608418573815,1045.5832015929602,1047.0319593497184,1048.4133086661705,1049.7327398278348,1050.9951345859074,1052.2048474097035,1053.3657748711005,1054.4814148081748,1055.5549167943268,1056.5891252578085,1057.586616405633,1058.549729927562,1059.4805962985643,1060.3811603634304,1061.253201773826,1062.0983527535127,1062.9181135890433,1063.7138661783574,1064.486885916052,1065.2383521497236,1065.9693574050134,1066.6809155464687,1067.3739690159573,1068.0493952691852,1068.7080125131765,1069.350584832713
0.01823999999999998,1007.433302085079,1010.5422410591682,1013.0827605787251,1015.9632482157156,1018.9496852966521,1021.8556710284906,1024.6107648051807,1027.1972455933,1029.6183043458814,1031.884783002487,1034.0097263785246,1036.006158877447,1037.8862217591977,1039.6608951897995,1041.339970969199,1042.9321279205703,1044.4450433819366,1045.8855110539246,1047.2595524685337,1048.5725172788186,1049.8291712376533,1051.0337723628418,1052.1901364353214,1053.3016931610364,1054.3715342976482,1055.4024549288088,1056.3969889216617,1057.3574394559796,1058.2859053782115,1059.1843040150695,1060.0543909796154,1060.8977774169425,1061.7159450646045,1062.510259442929,1063.2819814404252,1064.0322775179359,1064.762228720625,1065.472838658059,1066.1650405886,1066.8397037241973,1067.4976388547836,1068.1396033773037
0.018479999999999996,1006.9387398900117,1009.9894506922724,1012.4714952824867,1015.2623485763837,1018.1680733902401,1021.00851527673,1023.7111298288498,1026.255284837941,1028.6417877772885,1030.8796991538009,1032.980752546528,1034.9570010298507,1036.8198568162782,1038.579744718307,1040.246027283416,1041.8270469816073,1043.3302142559658,1044.7621085834403,1046.1285777447022,1047.4348291220854,1048.6855109607811,1049.8847834518374,1051.0363803403304,1052.1436620772388,1053.2096615936177,1054.237123719011,1055.228539162222,1056.1861738559369,1057.112094353526,1058.008189863636,1058.8761914182012,1059.7176885922709,1060.5341441285836,1061.3269067646681,1062.0972225140333,1062.846244614298,1063.5750423227291,1064.2846087125563,1064.9758676007018,1065.6496797185048,1066.3068482209653,1066.9481236165198
0.018719999999999987,1006.4712558031227,1009.4578418547466,1011.8831741480711,1014.586989438842,1017.4130754589463,1020.1881882656603,1022.8381416415053,1025.3396161190212,1027.6911411685664,1029.9000461397561,1031.9767774186462,1033.9324279301675,1035.7776855446575,1037.5224211224404,1039.1755676811654,1040.7451302357117,1042.2382508636776,1043.6612932237065,1045.0199297560919,1046.3192240552753,1047.5637054445444,1048.7574349884312,1049.9040632116687,1051.006880236238,1052.06885919543,1053.09269378772,1054.0808307719587,1055.0354981189485,1055.9587294430473,1056.8523852504952,1057.7181714627807,1058.5576556047367,1059.3722809880196,1060.163379170344,1060.9321809283333,1061.6798259459702,1062.4073713904559,1063.1157995218891,1063.8060244617977,1064.4788982275395,1065.1352161243954,1065.7757215743113
0.018960000000000005,1006.0298382489209,1008.9470431397807,1011.3170820847846,1013.936397188483,1016.6839683286745,1019.3940266213025,1021.9911867203516,1024.449664730934,1026.7658197396513,1028.9453024132868,1030.997297706028,1032.9319508308165,1034.7592309297913,1036.4884569714877,1038.1281326492842,1039.6859247793143,1041.1687058724983,1042.5826223795943,1043.9331699694387,1045.2252670544742,1046.4633227187348,1047.6512976774682,1048.7927581123167,1049.890922792145,1050.9487041219843,1051.968743825647,1052.9534439479735,1053.9049938059907,1054.8253934482555,1055.7164741103493,1056.5799160875913,1057.4172643859645,1058.2299424596135,1059.0192642978511,1059.7864450857742,1060.5326106295722,1061.2588057096302,1061.966001500834,1062.6551021794696,1063.3269508191402,1063.982334663777,1064.6219898536326
0.019199999999999995,1005.6134762834134,1008.4566764779512,1010.7725324236317,1013.3098201503024,1015.9800455940499,1018.6253814921332,1021.1696652678993,1023.5848695274888,1025.8652923664743,1028.014960279477,1030.0418241955565,1031.95509527943,1033.7640304547483,1035.4773995132916,1037.103277512198,1038.6489926848546,1040.1211470456285,1041.5256686549783,1042.8678751392117,1044.152538459599,1045.3839462421038,1046.5659577083618,1047.7020536371735,1048.795380471168,1049.8487889982225,1050.8648681580632,1051.8459745457178,1052.7942581560455,1053.7116848646788,1054.6000560848274,1055.4610259838983,1056.296116592266,1057.1067310902683,1057.89416551891,1058.6596191245885,1059.404203517995,1060.128950801537,1060.834820797668,1061.522707491829,1062.1934447878068,1062.847811659814,1063.4865367740792
0.019439999999999985,1005.2211630625194,1007.986355360829,1010.2488652242326,1012.7065279154543,1015.3006170515685,1017.8816179135661,1020.3729905025281,1022.7446821584924,1024.9890407815478,1027.1085250729498,1029.109880912648,1031.001400272775,1032.791635249057,1034.4888098205574,1036.1005715774056,1037.6339101465944,1039.0951563889573,1040.490019001263,1041.8236364580941,1043.1006331270494,1044.3251740573073,1045.5010159124008,1046.63155307275,1047.7198587336864,1048.7687212195576,1049.7806759115444,1050.7580332479986,1051.702903257318,1052.6172170552609,1053.502745697939,1054.361116737474,1055.193828784086,1056.0022643384398,1056.787701122263,1057.551322103778,1058.2942243871194,1059.0174271113206,1059.7218784841991,1060.4084620591252,1061.078002347843,1061.7312698498436,1062.3689855679645
0.019680000000000003,1004.8518990547354,1007.5356834584143,1009.7454455558573,1012.12581062417,1014.6450081102219,1017.1621141610401,1019.600587943269,1021.9285663040145,1024.1365587748646,1026.2255143378488,1028.2010042887277,1030.0704174173045,1031.8416092460127,1033.5222619473486,1035.1195972927608,1036.6402666397316,1038.0903293126858,1039.4752738819418,1040.8000587247277,1042.0691596007675,1043.2866179653402,1044.4560869405534,1045.5808735783003,1046.6639769586468,1047.7081221394533,1048.7157902046433,1049.6892447586497,1050.6305552438016,1051.541617449726,1052.4241715581418,1053.2798180332707,1054.1100316331888,1054.916173783743,1055.6995035256193,1056.4611872173114,1057.2023071521883,1057.9238692264573,1058.6268097762668,1059.3120016862085,1059.9802598577123,1060.6323461140219,1061.2689736082793
0.019919999999999993,1004.5046949989749,1007.1042537444594,1009.2616619081946,1011.5669783662116,1014.0125593419211,1016.4662612497411,1018.8518948397423,1021.1359970492003,1023.3073515298606,1025.3654571373863,1027.3147424530985,1029.161710209336,1030.9135284552772,1032.5773421969382,1034.159949511539,1035.6676641840547,1037.1062738945293,1038.4810465360254,1039.7967596078379,1041.0577393773974,1042.267902791952,1043.4307985312957,1044.5496454551676,1045.6273677144854,1046.6666263419538,1047.6698474220407,1048.6392470782994,1049.576853572651,1050.4845268235322,1051.3639756388468,1052.2167729374492,1053.0443692061722,1053.8481044119233,1054.6292185620418,1055.3888610818922,1056.1280991569215,1056.8479251671772,1057.549263325438,1058.232975615464,1058.8998671141815,1059.550690770645,1060.1861517051577
0.020159999999999983,1004.178574609993,1006.691647946192,1008.7969245885271,1011.0293605322743,1013.4026260008312,1015.7934624145254,1018.1263595883557,1020.366460249129,1022.5009349522416,1024.5278933586433,1026.4506545222062,1028.274853314621,1030.0069802367263,1031.6536483926438,1033.2212347621128,1034.7157166137242,1036.142610150469,1037.506962250342,1038.813368920479,1040.066006182721,1041.268665666432,1042.42479079183,1043.5375114304697,1044.609676045284,1045.643880930293,1046.6424965055646,1047.6076907977517,1048.5414503198683,1049.4455985957989,1050.321812578526,1051.1716371995979,1051.9964982687352,1052.7977139211039,1053.5765047881132,1054.334003046982,1055.071260485334,1055.789255700025,1056.4889005342513,1057.1710458436883,1057.8364866707743,1058.4859668961326,1059.1201834273443
0.0204,1003.8725770351664,1006.2974363658495,1008.3506641959807,1010.512305207277,1012.814577602474,1015.1431326585648,1017.4234412194652,1019.6194519639846,1021.7168350674392,1023.712373084038,1025.6083099536434,1027.4094319108506,1029.1215626356,1030.750789208499,1032.3030705761464,1033.7840489043901,1035.1989693617722,1036.5526576871516,1037.8495279487122,1039.0936053017308,1040.288555353298,1041.4377155315365,1042.5441259924037,1043.6105588079763,1044.6395448660178,1045.6333982952324,1046.5942384409295,1047.5240095251181,1048.4244981759625,1049.2973490291636,1050.1440786029375,1050.9660876375917,1051.7646720753614,1052.5410328391274,1053.2962845515608,1054.031463320021,1054.7475336976213,1055.445394917414,1056.1258864846784,1056.7897932017145,1057.4378496902839,1058.070744468723
0.02063999999999999,1003.5857590676414,1005.9211780350736,1007.9223301758143,1010.0151786007535,1012.2477975563525,1014.5146983649581,1016.7426089504083,1018.894477960004,1020.9545874825633,1022.9184560256268,1024.7872879612714,1026.5650410896517,1028.2568837756444,1029.868383556552,1031.4050848721856,1032.8722965545908,1034.2749934552878,1035.6177802641107,1036.9048888318043,1038.1401929594626,1039.3272316340476,1040.4692356448406,1041.569154774368,1042.6296840578173,1043.6532883558655,1044.642224917568,1045.5985638546454,1046.5242065829539,1047.4209023564445,1048.290263050352,1049.1337763598237,1049.9528175773496,1050.748660102955,1051.5224848286375,1052.2753885249624,1053.0083913442472,1053.7224435419753,1054.4184315063071,1055.0971831748968,1055.7594729087189,1056.4060258841694,1057.0375220572832
0.020879999999999982,1003.3171971219759,1005.5624210843786,1007.5113893824812,1009.5373644293177,1011.7016827621346,1013.9075968819699,1016.0833417179225,1018.1910531933688,1020.2137368338913,1022.1457109471019,1023.9871769199787,1025.7412852500192,1027.4125612453818,1029.0060599688957,1030.5269153354905,1031.980104964824,1033.3703343827556,1034.701987534527,1035.9791139439083,1037.205435704432,1038.3843646925677,1039.5190244987375,1040.6122739446812,1041.6667304403356,1042.6847922459551,1043.6686591820203,1044.6203516072167,1045.5417276435885,1046.4344987155341,1047.3002435142319,1048.1404205186868,1048.956379209397,1049.7493701071,1050.5205537610586,1051.2710088012504,1052.001739158042,1052.713680542247,1053.4077062683573,1054.0846324944064,1054.745222943447,1055.3901931640482,1056.0202143804545
0.02112,1003.0659889794008,1005.2207034307304,1007.1173247897602,1009.0782633960471,1011.1756433174902,1013.3212762287142,1015.4451278324435,1017.5087014137268,1019.4938363502199,1021.3937151974051,1023.2075738777947,1024.9377775950375,1026.588221583871,1028.163456075665,1029.6682088905964,1031.1071289063636,1032.484653587123,1033.804946652088,1035.0718753578838,1036.2890098720518,1037.4596345785283,1038.5867653964403,1039.6731696706943,1040.7213866560608,1041.7337474872463,1042.7123940472316,1043.6592964556048,1044.5762690809436,1045.4649850863677,1046.3269895754188,1047.1637114349123,1047.9764739837342,1048.766504538746,1049.5349430053836,1050.2828495938595,1051.0112117537528,1051.720950411192,1052.412925584364,1053.0879414450587,1053.7467508865327,1054.3900596512253,1055.0185300657756
0.02135999999999999,1002.8312553106907,1004.8955536074606,1006.739634219285,1008.6372926208905,1010.6691021841872,1012.7551947686683,1014.8274646062232,1016.8469547453606,1018.7944473966485,1020.6620542270531,1022.4480840527323,1024.1541396151745,1025.7834997547598,1027.3402180729536,1028.8286211653206,1030.2530319829593,1031.617621463099,1032.9263338311061,1034.182854305839,1035.3906010459052,1036.5527306696945,1037.6721510409495,1038.751537583768,1039.793350927012,1040.7998546035997,1041.7731320907076,1042.7151028167045,1043.6275369655566,1044.5120690314461,1045.3702101471056,1046.203359248501,1047.0128131581605,1047.799775677256,1048.5653657773212,1049.3106249791535,1050.0365240009837,1050.7439687514498,1051.4338057360933,1052.106826939359,1052.7637742376849,1053.4053433933543,1054.032187673363
0.02159999999999998,1002.6121409853919,1004.5864917816906,1006.3778291669099,1008.2138851044348,1010.1814948957748,1012.2088209335659,1014.2298580355031,1016.2053533230767,1018.1151390723595,1019.9503211571748,1021.7083203808818,1023.3900006213745,1024.9980386687623,1026.5360002378743,1028.0078160007436,1029.4174861374534,1030.7689168616548,1032.0658338498279,1033.3117406819288,1034.5099035605338,1035.6633511750767,1036.774883038839,1037.8470822838926,1038.8823305022943,1039.882823198449,1040.8505850166332,1041.7874842763508,1042.6952465748059,1043.575467354085,1044.4296234137428,1045.2590833979746,1046.0651173133908,1046.8489051467197,1047.6115446567792,1048.3540584150603,1049.0774001663597,1049.782460576407,1050.4700724282193,1051.14101532346,1051.7960199397073,1052.4357718894553,1053.060915221903
0.02184,1002.4078161767848,1004.2930309240454,1006.0314337273861,1007.8074892219203,1009.7122693017843,1011.681632992655,1013.6518225322266,1015.5834449787953,1017.4554878587762,1019.2581163979565,1020.9879031127031,1022.6449973250866,1024.231488751844,1025.7504644881792,1027.205465004688,1028.6001712009077,1029.9382266361395,1031.2231395945364,1032.4582325851907,1033.646620043574,1034.791202676793,1035.8946714421636,1036.9595168818826,1037.9880412007599,1038.9823714980691,1039.9444731998465,1040.8761631340708,1041.7791219384908,1042.6549056448632,1043.5049563783762,1044.3306121686119,1045.1331159022013,1045.913623466002,1046.6732111388178,1047.4128822929174,1048.133573466252,1048.836159863792,1049.5214603427721,1050.1902419324451,1050.8432239346023,1051.4810816468241,1052.1044497463479
0.02207999999999999,1002.2174772724856,1004.0146780270895,1005.69998355158,1007.4175681739868,1009.2608852688782,1011.1731187865109,1013.0928806257095,1014.980784901628,1016.8150772437509,1018.5850472451684,1020.2864593891986,1021.9187733998314,1023.4835074965031,1024.9832799264532,1026.4212470911737,1027.8007744290508,1029.1252451769851,1030.397951593447,1031.6220358533203,1032.8004609499153,1033.9359996649753,1035.0312342843818,1036.088562536507,1037.110206949482,1038.0982258914796,1039.054525227232,1039.9808699459993,1040.8788953832855,1041.7501178276116,1042.5959444101613,1043.417682241475,1044.2165467999357,1044.993669600708,1045.750105187039,1046.4868374922542,1047.2047856229206,1047.9048091131428,1048.5877126978935,1049.254250650342,1049.9051307248046,1050.5410177434524,1051.1625368614918
0.02231999999999998,1002.0403476010002,1003.750935471541,1005.3830249573159,1007.0435995236302,1008.8268144731828,1010.6827755607549,1012.552562767728,1014.396935401191,1016.1934974468803,1017.9307275748399,1019.60362291294,1021.2109791342859,1022.7537591013389,1024.234122469523,1025.6548481022053,1027.0189901183596,1028.3296740235394,1029.5899776253991,1030.8028636690703,1031.9711441664572,1033.0974641413925,1034.1842971832361,1035.2339480569324,1036.2485593859967,1037.230120532673,1038.1804775000776,1039.1013431274794,1039.994307135669,1040.8608457627422,1041.7023308481437,1042.5200382976768,1043.3151559092953,1044.0887905685129,1044.8419748394704,1045.5756729872403,1046.2907864715312,1046.9881589533938,1047.6685808559973,1048.33279351885,1048.9814929824747,1049.615333437881,1050.234930372375
0.022559999999999997,1001.8756779848582,1003.5013023873618,1005.0801140760444,1006.6850746916463,1008.4095401470883,1010.2101097608013,1012.0304071040059,1013.8314656410109,1015.5903451176026,1017.2947775128702,1018.939033595894,1020.5212710638656,1022.0419140906927,1023.5026744594263,1024.9059604125275,1026.2545192064488,1027.5512214614714,1028.798932315322,1030.0004361545625,1031.1583946058627,1032.275325213094,1033.353592934623,1034.395409497072,1035.4028374533216,1036.3777969364442,1037.3220738308191,1038.2373285507922,1039.125104920693,1039.9868388470861,1040.8238666021857,1041.637432620406,1042.4286967634598,1043.1987410433742,1043.9485758138605,1044.6791454530476,1045.3913335675682,1046.0859677513213,1046.7638239332255,1047.4256303477844,1048.0720711609101,1048.7037897815555,1049.3213918875638
0.022799999999999987,1001.7227471311635,1003.2652760582417,1004.7908161030863,1006.3414984842253,1008.0085568561618,1009.7546368637577,1011.5259592872317,1013.2839514151648,1015.0052230766861,1016.6768231474126,1018.2923372490563,1019.8493116430138,1021.3476489738853,1022.7886243129038,1024.1742825718927,1025.5070689090242,1026.789602155872,1028.0245367645914,1029.2144799997493,1030.3619438337766,1031.469318718882,1032.5388611387073,1033.5726897816398,1034.5727870261792,1035.541003604955,1036.479065070081,1037.3885791727766,1038.2710435902554,1039.127853642877,1039.9603097826996,1040.7696247254396,1041.5569301573985,1042.3232829876506,1043.0696711406074,1043.7970188995907,1044.506191821381,1045.1980012468894,1045.873208435582,1046.5325283519928,1047.1766331322274,1047.8061552572628,1048.4216904583243
0.023040000000000005,1001.5808618705241,1003.0423533458103,1004.5147046488808,1006.0123886511313,1007.6233703028093,1009.3158812438398,1011.0387723282654,1012.7539749652134,1014.4377400985261,1016.0764962817392,1017.663185311825,1019.1947689563207,1020.6706459423149,1022.0916662077904,1023.4595189833035,1024.77635239195,1026.044536818655,1027.266518214934,1028.4447281237244,1029.5815297282436,1030.679186887386,1031.739847857079,1032.765538362726,1033.7581605672522,1034.7194956838816,1035.6512087628748,1036.554854691209,1037.4318847797604,1038.2836535347703,1039.1114253580886,1039.9163810190498,1040.6996238062766,1041.4621853110361,1042.2050308222406,1042.9290643315676,1043.6351331587937,1044.32403221443,1044.9965079206886,1045.6532618136796,1046.294953850256,1046.9222054425866,1047.5356022426377
0.023279999999999995,1001.4493572553531,1002.8320320507514,1004.2513611288449,1005.697275409895,1007.2534970859681,1008.893375997955,1010.5684064120234,1012.241124765105,1013.8875106638268,1015.4934341594104,1017.0512345553343,1018.5573164051017,1020.0105925434223,1021.4114997476106,1022.7613795607401,1024.0620884240175,1025.3157518578323,1026.5246096953229,1027.6909193200938,1028.8168961242068,1029.9046779811893,1030.9563052568908,1031.9737108642355,1032.9587167721472,1033.9130346080663,1034.8382687950689,1035.735921192179,1036.6073965564694,1037.4540083792162,1038.2769848051687,1039.0774744494943,1039.8565519980243,1040.6152235242064,1041.3544314881387,1042.075059404239,1042.7779361779312,1043.463840120504,1044.1335026566585,1044.7876117422752,1045.4268150113821,1046.0517226717072,1046.662910167931
0.023519999999999985,1001.3275965284957,1002.6338123059911,1004.000374296263,1005.3957010507518,1006.8984645375106,1008.4866628551232,1010.1144288019048,1011.7449953961291,1013.3541548017525,1014.9272792771728,1016.4561468711912,1017.9366324768073,1019.3671814348493,1020.7478297037699,1022.0795794619754,1023.3640011024179,1024.6029790972318,1025.7985497371885,1026.9527979686586,1028.067792522438,1029.1455460036186,1030.1879913159964,1031.1969687857666,1032.1742202723246,1033.1213878037552,1034.040015095133,1034.9315508515106,1035.7973531207294,1036.638694205601,1037.4567658103153,1038.2526842082384,1039.0274952946909,1039.782179440352,1040.5176560962805,1041.2347881254284,1041.9343858514922,1042.6172108264627,1043.2839793249639,1043.935365577623,1044.5720047580614,1045.1944957392438,1045.803403635256
0.023760000000000003,1001.2149709730194,1002.4471978770948,1003.7613398095533,1005.1072195097604,1006.5578105136269,1008.0952920436564,1009.6764137062078,1011.265187387206,1012.8372978999446,1014.3776791677442,1015.8775890318288,1017.332400487602,1018.7401101132077,1020.1003657337139,1021.4138387986499,1022.6818195567034,1023.9059554758808,1025.0880820704167,1026.2301137289573,1027.3339737813465,1028.4015503893886,1029.4346695128709,1030.4350791921545,1031.4044413245401,1032.3443283781446,1033.2562233239619,1034.1415216249854,1035.0015344966992,1035.8374929075546,1036.6505519614068,1037.4417954225776,1038.2122402257778,1038.9628408692442,1039.6944936280572,1040.408040551086,1041.1042732230696,1041.7839362855248,1042.4477307182653,1043.0963168885498,1043.730317378124,1044.3503196002869,1044.9568782200358
0.023999999999999994,1001.1108996538243,1002.2716974211032,1003.533859890964,1004.8313959754099,1006.2310832095013,1007.7188221859094,1009.2539421764778,1010.8013070895295,1012.3365705498128,1013.8442862178944,1015.3152324856846,1016.7443083590521,1018.1290806761344,1019.4688221315204,1020.7638823779362,1022.0152776835307,1023.2244227774034,1024.3929553486414,1025.5226212624286,1026.6151998367843,1027.672455722654,1028.6961085433963,1029.6878144293726,1030.6491555261634,1031.5816348343678,1032.4866745897157,1033.3656169631997,1034.2197262473414,1035.050191958176,1035.8581324633617,1036.6445988715493,1037.4105790045721,1038.1570013340267,1038.8847388055478,1039.594612503072,1040.2873951254542,1040.9638142616116,1041.6245554597826,1042.2702650927793,1042.9015530252314,1043.518995091394,1044.123135393596
0.024239999999999984,1001.0148290614925,1002.1068256913354,1003.3175430708836,1004.567806527259,1005.9178409946458,1007.3568202175124,1008.846602034821,1010.3529665828953,1011.8516084247476,1013.3267575197441,1014.7687531853564,1016.1720484272639,1017.5337996161243,1018.8529176095404,1020.129439474515,1021.3641139109897,1022.5581273883099,1023.7129229027672,1024.8300799821816,1025.911235448871,1026.9580314815362,1027.9720820636046,1028.9549518659082,1029.908143555526,1030.833090811079,1031.7311551868677,1032.6036255502472,1033.4517192128894,1034.2765841484018,1035.0793018765048,1035.8608907243727,1036.622309266724,1037.3644598099809,1038.0881918305179,1038.7943053084205,1039.4835539201904,1040.1566480692134,1040.814257743491,1041.457015197469,1042.0855174597611,1042.700328671831,1043.3019822647686
0.024480000000000002,1000.9262326685056,1001.952104626678,1003.1120039598221,1004.3160377500806,1005.6176522068796,1007.00886126553,1008.4539877632812,1009.9197835469142,1011.3820521254192,1012.8247546909129,1014.23783138611,1015.6153172237221,1016.9539775873224,1018.2523750541926,1019.510243577847,1020.72807093933,1021.9068200337438,1023.047742472975,1024.1522537822352,1025.2218499292323,1026.2580517639715,1027.2623684146142,1028.2362736171685,1029.181190896092,1030.0984848066312,1030.9894563205717,1031.8553410284267,1032.6973092360104,1033.516467312712,1034.3138598428861,1035.0904722674325,1035.8472337979342,1036.5850204529477,1037.3046581135914,1038.0069255292722,1038.692557228279,1039.3622463048662,1040.0166470663673,1040.6563775322215,1041.2820217825779,1041.8941321580928,1042.4932313151517
0.024719999999999992,1000.8446104076227,1001.8070644128018,1002.9168631367974,1004.0756864237161,1005.3300950121114,1006.6745285971218,1008.0757004687869,1009.5013812105482,1010.9275471041503,1012.3379437731795,1013.7221515215531,1015.0738153315153,1016.3893292457079,1017.6669213530705,1018.906032208676,1020.1068955488813,1021.2702555784512,1022.3971760040573,1023.488910828281,1024.5468169280548,1025.5722950717459,1026.5667504042144,1027.5315663250722,1028.468087614439,1029.3776099557533,1030.2613738822922,1031.120561773036,1031.9562969359342,1032.7696441027433,1033.5616108594966,1034.3331496772012,1035.085160306666,1035.8184923718977,1036.53394804674,1037.2322847353346,1037.914217702647,1038.580422619665,1039.2315380009782,1039.868167521771,1040.4908822078394,1041.1002224968463,1041.6967001722014
0.024959999999999982,1000.7694880818387,1001.6712444183557,1002.731747056131,1003.8463591899873,1005.0547572228054,1006.353413525802,1007.7113478083611,1009.0973882646583,1010.4877435545582,1011.8659950982491,1013.2214020479831,1014.5472472116355,1015.8395730606419,1017.0962871946311,1018.3165467092738,1019.5003383828227,1020.6481928036665,1021.7609894176974,1022.8398233263781,1023.8859142000114,1024.9005440743156,1025.8850150691048,1026.8406209191344,1027.7686281205267,1028.6702637892804,1029.5467082092187,1030.3990906516485,1031.2284874677418,1032.0359217467023,1032.8223640379026,1033.5887337801669,1034.3359011844293,1035.0646893896183,1035.7758767644104,1036.470199265477,1037.1483527902337,1037.8109954818565,1038.45874995859,1039.0922054496207,1039.711919827162,1040.3184215296262,1040.912211374461
0.0252,1000.7004167149363,1001.5441940559084,1002.5562880202148,1003.6276722533908,1004.7912361358481,1006.0451153383472,1007.3605439387209,1008.7074388017096,1010.0622963298605,1011.4085831827763,1012.7352753180037,1014.0353210582165,1015.3044311548381,1016.5402068956943,1017.7415320608426,1018.9081537564545,1020.0403942098557,1021.1389524099826,1022.2047673162896,1023.2389233942727,1024.2425853961768,1025.2169534601833,1026.163232400128,1027.0826109501043,1027.976248015606,1028.8452638650106,1029.690734804355,1030.5136903022662,1031.315111829065,1032.0959328838546,1032.8570398324446,1033.599273285466,1034.3234298225384,1035.030263923538,1035.7204900079755,1036.394784512498,1037.0537879576382,1037.6981069702792,1038.328316239478,1038.944960391399,1039.5485557749646,1040.1395921540454
0.02543999999999999,1000.6369718512085,1001.4254735633597,1002.3901242107172,1003.4192511137067,1004.5391383876366,1005.7492412397002,1007.022909487586,1008.3311722801492,1009.6508648876247,1010.9653866506742,1012.2634674816593,1013.5377486811499,1014.7836291713526,1015.9984182554786,1017.1807367269134,1018.3300994918993,1019.4466258443225,1020.5308382732267,1021.5835224885898,1022.6056298677726,1023.5982094270056,1024.5623604501443,1025.4991996456167,1026.4098385685702,1027.2953683231972,1028.1568494412343,1028.995305444345,1029.8117190260048,1030.6070300899712,1031.382135096293,1032.1378873185013,1032.8750977252864,1033.5945362791472,1034.2969335019118,1034.982982198874,1035.6533392638232,1036.30862750964,1036.9494374855246,1037.5763292539848,1038.1898341095248,1038.7904562274484,1039.378674235889
0.02567999999999998,1000.5787528124829,1001.314654662337,1002.2328997265453,1003.2207302811906,1004.2980797725679,1005.465406258049,1006.6980714866279,1007.9682334525418,1009.2531132001404,1010.5360881225992,1011.8056783560762,1013.0542453583967,1014.2768961113671,1015.4706623814776,1016.6339124695901,1017.7659367266215,1018.8666571035745,1019.9364236934673,1020.9758719783364,1021.9858224758996,1022.9672101100521,1023.9210345201303,1024.8483251953162,1025.750117155409,1026.6274341644018,1027.4812773407846,1028.3126176411363,1029.122391124317,1029.911496208522,1030.680792350849,1031.4310997349412,1032.1631996648082,1032.8778354445424,1033.5757135831736,1034.2575052074708,1034.9238475975142,1035.5753457834526,1036.212574159279,1036.836078082341,1037.4463754368207,1038.0439581464693,1038.629293627058
0.02592,1000.5253819200985,1001.2113211692913,1002.0842647030834,1003.0317530603357,1004.0676851186597,1005.1932332092808,1006.3856633685622,1007.6182723613705,1008.8687097342857,1010.1203741754254,1011.361611364681,1012.5845297568883,1013.7839642392328,1014.9566835810675,1016.1008142298975,1017.215429784393,1018.3002605964858,1019.3554886071391,1020.3816022163421,1021.3792934192687,1022.3493847851581,1023.292777599613,1024.2104150883486,1025.1032564392467,1025.9722585886607,1026.8183636095491,1027.642490150945,1028.445527810708,1029.228333631154,1029.9917301274593,1030.7365044174942,1031.4634081368217,1032.1731579064665,1032.8664361825047,1033.5438923617219,1034.2061440509742,1034.8537784326295,1035.4873536768398,1036.1074003650806,1036.7144228995853,1037.3089008808956,1037.8912904414094
0.02615999999999999,1000.4765036890182,1001.1150694866969,1001.9438754274207,1002.8519713164703,1003.847588127147,1004.9323526210919,1006.0853249247893,1007.2809442973185,1008.4973273957237,1009.7179352676411,1010.930973443719,1012.1283238219597,1013.3045689571762,1014.4562292238455,1015.5811999798848,1016.678346018995,1017.747211981143,1018.7878160323484,1019.8005027559384,1020.7858380668443,1021.7445340089539,1022.677394884251,1023.5852786792475,1024.469069512399,1025.3296580559277,1026.1679277489734,1026.9847452286156,1027.7809538383124,1028.5573693828278,1029.3147775213886,1030.053932351972,1030.7755558569718,1031.4803379663838,1032.1689370578579,1032.8419807596756,1033.5000669573851,1034.1437649306429,1034.7736165661054,1035.390137606652,1035.9938189080553,1036.5851276823478,1037.1645087132295
0.02639999999999998,1000.4317840007633,1001.0255090188202,1001.8113944892897,1002.681045273476,1003.6374312291225,1004.6824026728339,1005.7967022814966,1006.9559097787709,1008.1386434962105,1009.3284656889149,1010.5134749733926,1011.6853526914489,1012.8384487044673,1013.9690496280693,1015.074830598378,1016.154455681079,1017.2072898243414,1018.233191922287,1019.2323661213755,1020.2052548002138,1021.1524613957407,1022.0746946739905,1022.9727284737794,1023.8473726648342,1024.6994522691216,1025.5297925472903,1026.339208457875,1027.1284973293714,1027.8984338959017,1028.6497670716396,1029.3832180023373,1030.0994790515851,1030.7992134671515,1031.4830555375422,1032.1516110970333,1032.8054582732916,1033.445148398535,1034.0712070253312,1034.6841350033042,1035.2844095844503,1035.87248553342,1036.4487962256503
0.026639999999999997,1000.3909092613795,1000.942262512535,1001.6864909603155,1002.5186433402024,1003.4368654573152,1004.4430291488383,1005.519447891848,1006.6428345502657,1007.7923397419291,1008.9516635319548,1010.1088297319429,1011.2553446329646,1012.3853448797022,1013.4948979699867,1014.5814697692934,1015.6435318071917,1016.6802754828192,1017.6914050399461,1018.6769876770837,1019.6373448782887,1020.5729734783793,1021.4844882307646,1022.372579983975,1023.2379852369719,1024.0814640250599,1024.9037839288967,1025.7057085994063,1026.4879896222262,1027.2513608562265,1027.9965346063088,1028.7241991554513,1029.4350173019218,1030.1296256368717,1030.8086343637592,1031.4726275104383,1032.122163421705,1032.7577754478866,1033.379972766007,1033.9892412859137,1034.5860446057764,1035.1708249904927,1035.7440043534925
0.026879999999999987,1000.3535855501508,1000.8649662934955,1001.5688405580065,1002.3644419230476,1003.2455502869243,1004.213885355053,1005.2532204912322,1006.3413895452445,1007.4581021875467,1008.5872306313771,1009.7167548178694,1010.8380309503052,1011.9450017331761,1013.0335301641416,1014.100883851783,1015.1453500814687,1016.1659529579734,1017.1622468071066,1018.1341654719882,1019.0819122778221,1020.0058795457348,1020.9065896134686,1021.7846515611367,1022.6407294511368,1023.4755190447016,1024.2897307836722,1025.084077419484,1025.8592650994644,1026.61598703097,1027.3549190702215,1028.076716748636,1028.7820133717605,1029.4714189165775,1030.145519520454,1030.8048774055455,1031.4500311204347,1032.0814960094494,1032.6997648418162,1033.3053085492945,1033.8985770335094,1034.4800000137984,1035.0499878937294
0.027120000000000005,1000.319537764305,1000.7932704594344,1001.4581258563683,1002.2181252970296,1003.063153526082,1003.9946320857505,1004.9976851066549,1006.0512509068012,1007.1356212508684,1008.2348725645498,1009.3369706345593,1010.4331459520596,1011.5171663207595,1012.584704804218,1013.6328418097686,1014.6596887554596,1015.6641088074015,1016.6455112088294,1017.603700138003,1018.5387635867994,1019.4509915317244,1020.3408155633048,1021.2087642780199,1022.0554302910363,1022.8814458503091,1023.6874648421531,1024.47414956344,1025.2421610599188,1025.9921521393499,1026.724762394579,1027.4406147383831,1028.1403130752979,1028.8244408274352,1029.493560099917,1030.1482113231086,1030.7889132477324,1031.4161631984075,1032.030437513575,1032.632192116861,1033.2218631780229,1033.7998678316544,1034.366604929554
0.027359999999999995,1000.288508764481,1000.7268389777214,1001.3540364720564,1002.079385461785,1002.889351175854,1003.7849375533957,1004.7525130284631,1005.7720999717378,1006.8245916921388,1007.8942986183677,1008.9692008420069,1010.0404268883424,1011.1015884268785,1012.1481830739023,1013.1771151123721,1014.1863285397013,1015.1745320290133,1016.1409946713203,1017.0853947626824,1018.0077078727527,1018.90812388003,1019.7869853655136,1020.6447417881028,1021.4819153590038,1022.2990756210322,1023.0968205297668,1023.875762408806,1024.6365175709348,1025.3796987042144,1026.1059093480044,1026.8157399509978,1027.5097651275014,1028.1885418209013,1028.8526081528244,1029.5024827889686,1030.1386646922883,1030.7616331644313,1031.3718480993796,1031.9697503909053,1032.5557624490234,1033.130288791081,1033.693716681198
0.027599999999999986,1000.2602585252725,1000.6653497241018,1001.2562692594119,1001.9479220228003,1002.7238273053432,1003.5844773307559,1004.5173817959001,1005.5036232709175,1006.5247126116876,1007.5652217757627,1008.6131723290849,1009.659613908475,1010.6980205085345,1011.7237286786799,1012.7334776550472,1013.7250525156762,1014.6970139651697,1015.6484959594326,1016.5790547811127,1017.4885565699149,1018.3770934272585,1019.2449207291681,1020.092410202548,1020.9200147505773,1021.7282420654841,1022.5176348377262,1023.2887559348021,1024.0421773366872,1024.7784719193814,1025.4982074030734,1026.201941948466,1026.8902210094377,1027.5635751436137,1028.2225185527836,1028.8675481783328,1029.4991432173074,1030.117764955607,1030.7238568384423,1031.3178447163789,1031.9001372193147,1032.4711262215774,1033.0311873697517
0.027840000000000004,1000.2345632947167,1000.6084944650858,1001.1645285084008,1001.8234420949007,1002.5662739399552,1003.3929343031518,1004.2919751942322,1005.2455125436613,1006.2356874637853,1007.2473587199775,1008.2686152045683,1009.290450037971,1010.3062176588711,1011.3111077972067,1012.301705700168,1013.2756460670158,1014.2313482257917,1015.167816092833,1016.0844878861367,1016.9811233843693,1017.8577193037577,1018.7144456842885,1019.5515979841532,1020.3695609457466,1021.1687813106759,1021.9497472099864,1022.7129726075995,1023.4589855819914,1024.1883195322096,1024.9015066178256,1025.5990729090588,1026.2815348481008,1026.949396716563,1027.603148874945,1028.2432665939116,1028.8702093382485,1029.4844203958442,1030.086326768219,1030.6763392577925,1031.2548527015124,1031.8222463116895,1032.3788840936124
0.028079999999999994,1000.211214766171,1000.5559787642712,1001.0785261109603,1001.7056601920633,1002.4163909239479,1003.2099985880518,1004.0759832174392,1004.9974647180053,1005.9572240372422,1006.9404298065399,1007.9352627567573,1008.9326811249506,1009.925937540943,1010.9100890036196,1011.8815777892706,1012.8378967830569,1013.7773305845101,1014.6987582358848,1015.6015039129642,1016.4852241742421,1017.3498228101191,1018.1953864552767,1019.0221358182444,1019.8303886777477,1020.6205317690894,1021.392999408914,1022.1482572448552,1022.8867899159335,1023.609091706515,1024.315659498132,1025.00698748929,1025.6835632780792,1026.3458649965653,1026.9943592573684,1027.6294997272523,1028.2517261841833,1028.861463946309,1029.4591235859664,1030.0451008609314,1030.6197768099485,1031.183517971129,1031.7366766908415
0.028319999999999984,1000.1900192656105,1000.5075218601391,1000.9979817462792,1001.5942981629369,1002.2738858249779,1003.0353674962942,1003.8691020757515,1004.7591819395907,1005.6890344876883,1006.6441590889626,1007.6128514679792,1008.5860558418877,1009.5569403767646,1010.5204432447131,1011.4728747094974,1012.4115944157679,1013.3347589272468,1014.2411276389576,1015.129914774169,1016.0006768792263,1016.8532273419607,1017.6875713815875,1018.5038565297792,1019.3023348470692,1020.0833340499887,1020.8472354242499,1021.5944569226275,1022.325440236994,1023.0406409261298,1023.7405208998806,1024.4255427248977,1025.0961653414795,1025.7528408752587,1026.3960122992003,1027.026111756193,1027.6435593946155,1028.2487626016873,1028.8421155445087,1029.4239989481862,1029.9947800556179,1030.5548127253815,1031.104437633475
0.028560000000000002,1000.1707969569886,1000.4628564781979,1000.9226230290303,1001.4890851107465,1002.1384738133877,1002.8687454610053,1003.6710341686401,1004.530371566,1005.4308353360433,1006.3582743115462,1007.3011209970884,1008.2503256562004,1009.1989889059937,1010.1419437875032,1011.0753794311569,1011.9965308085021,1012.9034331733158,1013.7947315529383,1014.6695343685552,1015.5273014246317,1016.3677582898786,1017.1908308142017,1017.9965949768707,1018.785238412479,1019.5570308483384,1020.312301360253,1021.0514208610264,1021.7747886174516,1022.4828218782636,1023.1759479114762,1023.8545979126346,1024.5192023691382,1025.170187559848,1025.8079729410506,1026.4329692249567,1027.0455769993625,1027.6461857699132,1028.2351733318717,1028.8129053981368,1029.3797354257513,1029.9360045953024,1030.482041907173
0.028799999999999992,1000.1533810679324,1000.421728606083,1000.8521856483362,1001.3897573304371,1002.0098775543753,1002.7098439761826,1003.4814880680431,1004.3107461733015,1005.1823474811924,1006.0825069179577,1006.9998141788324,1007.9252448183835,1008.8518483625207,1009.7743661848363,1010.688877063303,1011.5924998426335,1012.4831552142003,1013.3593791611622,1014.2201785071574,1015.0649196422669,1015.8932429559194,1016.7049970283042,1017.5001879602055,1018.2789402976423,1019.0414668490174,1019.7880453378489,1020.5190003245924,1021.2346892022417,1021.9354913510635,1022.6217997502869,1023.2940145057647,1023.9525378753108,1024.5977704671081,1025.230108358417,1025.849940937087,1026.457649311083,1027.05360516436,1027.6381699631959,1028.211694437241,1028.7745182753263,1029.3269699884916,1029.869366902489
0.029039999999999982,1000.1376171376984,1000.383897234525,1000.7864134936832,1001.2960582600285,1001.8878271111814,1002.5583815431195,1003.3001785098637,1004.100023572786,1004.943296224904,1005.8165920737301,1006.7086770383548,1007.6105703660926,1008.5152864675069,1009.4174882577018,1010.3131548261081,1011.199297400952,1012.0737288689681,1012.934881527803,1013.7816648554837,1014.613355207321,1015.4295104857965,1016.2299041514444,1017.0144741476778,1017.7832833126901,1018.5364886457207,1019.274317411211,1019.9970485368561,1020.7049981217558,1021.3985081448764,1022.0779376725684,1022.7436560228202,1023.3960374654085,1024.0354571302305,1024.6622878677535,1025.2768978608394,1025.8796488300793,1026.4708947081285,1027.0509806845769,1027.6202425432875,1028.1790062301857,1028.7275876021215,1029.266292317454
0.02928,1000.1233622889852,1000.3491340513251,1000.725058742156,1001.2077384166603,1001.7720598270259,1002.4140835887816,1003.1268263545289,1003.8979267961492,1004.7134112654879,1005.5602686580884,1006.4274587756707,1007.306062098829,1008.1890733936237,1009.0710900493322,1009.9480019955877,1010.816721303974,1011.6749598131597,1012.5210515202923,1013.3538128503411,1014.1724335503783,1014.976391776785,1015.7653880679139,1016.5392939757735,1017.2981120530617,1018.0419446376513,1018.770969462638,1019.485420573691,1020.1855733839183,1020.871732963265,1021.5442248636027,1022.2033879370207,1022.8495687248358,1023.4831170871981,1024.104382814485,1024.7137130169233,1025.3114501318396,1025.8979304214574,1026.4734828604023,1027.0384283327078,1027.5930790743632,1028.1377383103165,1028.6727000450344
0.02951999999999999,1000.1104845248971,1000.3172231231614,1000.6678819476202,1001.1245553652468,1001.6623202417393,1002.2766824187679,1002.9611585846283,1003.7041841212402,1004.4924267352337,1005.3132793020345,1006.1559117981008,1007.0114826016145,1007.8729817787836,1008.7349538288851,1009.5932098977072,1010.4445712952096,1011.2866555560574,1012.1177037794348,1012.9364436635979,1013.7419818155635,1014.5337194309132,1015.3112863675747,1016.0744895945556,1016.8232728411057,1017.5576849681356,1018.2778551385362,1018.9839732969676,1019.6762748057815,1020.3550283427783,1021.0205263658497,1021.6730776029879,1022.3130011444266,1022.9406218050824,1023.5562664962878,1024.1602614008734,1024.7529297886013,1025.33459034256,1025.9055558935374,1026.4661324801755,1027.0166186691624,1027.5573050827586,1028.0884740913186
0.02975999999999998,1000.0988620520674,1000.2879605395937,1000.6146520896098,1001.046273669683,1001.5583599872378,1002.1459171426358,1002.8029082717238,1003.5185290660697,1004.2800812062313,1005.075370395319,1005.8937917222055,1006.7265972387921,1007.5667867106057,1008.4088640664575,1009.2485718743993,1010.0826489989159,1010.9086253910054,1011.724654663134,1012.5293801401132,1013.321828793408,1014.1013276834223,1014.8674382704945,1015.6199047889893,1016.3586136445418,1017.0835614406167,1017.794829763281,1018.4925652665825,1019.1769639239784,1019.8482585620519,1020.5067089868896,1021.1525941636982,1021.7862060265549,1022.407844585439,1023.0178140678829,1023.6164198873406,1024.2039662732186,1024.7807544311477,1025.3470811285679,1025.903237621628,1026.4495088560009,1026.9861728874032,1027.5135004781396
0.03,1000.0883826306936,1000.2611540402016,1000.5651466048208,1000.9726648530135,1001.4599376932111,1002.0215336068999,1002.6518145506969,1003.3407003917605,1004.0761177069156,1004.8462921057386,1005.6408573892949,1006.4511741622953,1007.2702657259424,1008.0926074235117,1008.9138832651669,1009.7307578934748,1010.5406803612997,1011.3417222055672,1012.1324467509456,1012.9118048687911,1013.6790523460755,1014.4336845661961,1015.1753849146354,1015.9039840090475,1016.6194274485218,1017.3217502667134,1018.0110566658808,1018.6875039183348,1019.3512895638396,1020.0026412200749,1020.6418084699314,1021.2690564035331,1021.8846604817927,1022.4889024577257,1023.0820671460874,1023.6644398745609,1024.2363044833075,1024.7979417662284,1025.349628268309,1025.8916353701245,1026.4242286039123,1026.9476671562675
0.03023999999999999,1000.0789429519956,1000.2366226272851,1000.5191513994454,1000.9035073637995,1001.3668189011495,1001.9032843340118,1002.5076225998268,1003.1704421125452,1003.8802837474343,1004.6257984089133,1005.3968708927572,1006.1849843327327,1006.9831988239189,1007.7859727572746,1008.5889414029317,1009.38870329915,1010.1826332404883,1010.968726090723,1011.7454695608241,1012.5117419830032,1013.2667307644255,1014.0098675666782,1014.7407768469205,1015.4592350042138,1016.1651379182975,1016.8584751245919,1017.5393092398299,1018.207759548029,1018.8639888893924,1019.5081931773342,1020.1405930116802,1020.7614269677869,1021.3709462287164,1021.9694102961128,1022.557083569235,1023.1342326239936,1023.7011240573045,1024.258022788604,1024.8051907314334,1025.3428857647973,1025.8713609474223,1026.3908639288081
0.03047999999999998,1000.070448043393,1000.2141961558141,1000.4764608244711,1000.8385865253223,1001.2787759605006,1001.7909284378042,1002.3700835938488,1003.0075034773513,1003.6923313163145,1004.4136470895501,1005.1615975772363,1005.9278015127426,1006.7053684516756,1007.4887510982699,1008.2735455834497,1009.0562923398445,1009.8342984871051,1010.6054876008135,1011.3682761709357,1012.121473571573,1012.8642017512892,1013.5958310360917,1014.3159289075077,1015.0242191470492,1015.7205492304261,1016.404864277465,1017.07718621204,1017.7375970670215,1018.3862255925234,1019.0232365020689,1019.6488218300514,1020.2631939829124,1020.8665801521772,1021.4592178249322,1022.0413511805174,1022.6132282042246,1023.1750983820988,1023.7272108673837,1024.2698130302404,1024.8031493192032,1025.3274603763405,1025.8429823589313
0.030719999999999997,1000.0628107014976,1000.1937149247481,1000.4368776455913,1000.7776945052925,1001.1955879519362,1001.6842315668767,1002.2389546869208,1002.8516389843177,1003.5120169131765,1004.2095997814249,1004.9348060785914,1005.6794023025955,1006.4365595333124,1007.2007356715947,1007.9674970786834,1008.7333339487797,1009.4954922431046,1010.2518296080202,1011.0006957045778,1011.7408345444134,1012.4713055619453,1013.1914201615036,1013.9006908310959,1014.5987903652368,1015.2855191795246,1015.9607790879448,1016.6245522395177,1017.276884176552,1017.9178701900848,1018.547644317823,1019.1663704643133,1019.7742352292662,1020.3714421138146,1020.9582068407623,1021.5347535773153,1022.1013118903795,1022.6581142975527,1023.2053943032828,1023.7433848307021,1024.272316976511,1024.7924190298256,1025.30391570682
0.030959999999999988,1000.0559509528485,1000.1750292525547,1000.4002129775481,1000.7206302668318,1001.1170405926812,1001.5829658249487,1002.1139989689507,1002.7026083670348,1003.3391015526933,1004.013421978686,1004.7162683354841,1005.4395661478216,1006.1765594712856,1006.9217218910811,1007.6705991234976,1008.4196388479357,1009.1660323064956,1009.9075765408827,1010.6425587678972,1011.3696612414992,1012.0878838453092,1012.7964815000846,1013.4949137090881,1014.1828039377043,1014.8599069121881,1015.5260822761608,1016.1812733460204,1016.8254899566583,1017.4587945918818,1018.0812911567899,1018.6931158791765,1019.2944299301763,1019.8854134362222,1020.4662606193424,1021.0371758544285,1021.5983704731668,1022.1500601770745,1022.6924629482392,1023.225797367341,1023.7502812653672,1024.266130649007,1024.773558850664
0.031199999999999978,1000.0497955421504,1000.1579990513238,1000.3662862012109,1000.6671995215788,1001.0429261490789,1001.4869096971901,1001.9949854274205,1002.5601765871418,1003.1733507763656,1003.824883056473,1004.5057596115794,1005.2080753584714,1005.9251581601902,1006.6515073663722,1007.3826569156109,1008.1150195409482,1008.8457381175207,1009.5725543642382,1010.2936974241251,1011.007791401942,1011.71377960837,1012.4108629393999,1013.0984499461881,1013.7761164479358,1014.4435728773876,1015.1006378675709,1015.7472168675773,1016.3832848096662,1017.0088720423612,1017.6240528999094,1018.2289364034787,1018.8236586893772,1019.4083768392741,1019.983263850922,1020.548504538554,1021.1042921925892,1021.65082586065,1022.1883081378461,1022.7169433751309,1023.2369362313307,1023.748490508011,1024.2518082173253
0.031439999999999996,1000.0442774476472,1000.1424934011176,1000.3349248631326,1000.6172146827907,1000.9730433546955,1001.3958479810655,1001.88168891318,1002.4241138316568,1003.0145346704346,1003.6437562991819,1004.3030585267358,1004.9847151384602,1005.6821480114661,1006.3898919215326,1007.1034776275116,1007.8192903182473,1008.534430757245,1009.2465905716487,1009.9539451803088,1010.6550641455169,1011.3488371930025,1012.0344136699696,1012.7111532291399,1013.3785857492865,1014.0363787887171,1014.6843111524652,1015.3222514095387,1015.9501404150437,1016.567977073504,1017.1758067280024,1017.773711679746,1018.361803439162,1018.9402163870145,1019.5091025860138,1020.0686275330247,1020.6189666817679,1021.1603025978471,1021.6928226336169,1022.2167170310992,1022.7321773778774,1023.239395354426,1023.738561722319
0.031679999999999986,1000.0393354231363,1000.1283901190938,1000.3059645457602,1000.5704948006647,1000.9071973130987,1001.3095716978007,1001.7738900832749,1002.2941954853811,1002.8624278580487,1003.4698189027696,1004.1079470623082,1004.7692735892244,1005.4473239526732,1006.1366775885143,1006.8328703935259,1007.5322672376623,1008.2319329219288,1008.9295141539396,1009.6231369504928,1010.3113199309886,1010.9929022299283,1011.6669841353335,1012.3328784733319,1012.9900709085225,1013.6381875652298,1014.2769686244213,1014.9062467829388,1015.5259296639285,1016.1359854377446,1016.7364310532845,1017.3273225944815,1017.9087473696023,1018.4808174159499,1019.0436641628858,1019.5974340446069,1020.1422848931452,1020.6783829735087,1021.2059005482467,1021.7250138792234,1022.2359015909932,1022.7387433336452,1023.2337186939519
0.031920000000000004,1000.034913566024,1000.115575339315,1000.2792487322462,1000.5268655090582,1000.8451994209069,1001.2278780261657,1001.6713753678301,1002.1702021299129,1002.7168095208982,1003.3028520091981,1003.9202106008374,1004.5615417495279,1005.2204834642159,1005.8916686389728,1006.5706463358104,1007.2537681442525,1007.938068936722,1008.6211556069908,1009.3011090579527,1009.9764005531874,1010.6458216310542,1011.3084260200641,1011.9634818068772,1012.610432186337,1013.2488633087278,1013.8784779546769,1014.499073976232,1015.1105266284828,1015.7127740751721,1016.3058054846206,1016.8896512416559,1017.4643748904437,1018.0300664954971,1018.5868371666936,1019.1348145414395,1019.6741390553381,1020.2049608636177,1020.7274373005758,1021.2417307845724,1021.748007092563,1022.2464339415678,1022.7371798253952
0.032159999999999994,1000.0309609107404,1000.103943091792,1000.2546286450252,1000.4861589537592,1000.7868672753714,1001.1505702173343,1001.573936914453,1002.0519195180457,1002.5774633952359,1003.1426407149221,1003.7396379397793,1004.3613136094639,1005.0014265905035,1005.654671590795,1006.3166185653521,1006.9836126654612,1007.6526647450031,1008.3213469155016,1008.9876992137425,1009.650149116748,1010.3074435588245,1010.9585922151482,1011.6028205324209,1012.239530995952,1012.8682712594987,1013.4887079453102,1014.100605106197,1014.7038065107699,1015.2982210606069,1015.8838107730013,1016.4605808667656,1017.0285715739043,1017.5878513696673,1018.1385113701787,1018.6806606928595,1019.2144226121932,1019.7399313736722,1020.2573295533671,1020.7667658705576,1021.268393377161,1021.7623679609876,1022.2488471107218
0.032399999999999984,1000.0274310467494,1000.0933948900797,1000.2319630722442,1000.4482137185776,1000.7320245863561,1001.0774575142581,1001.4813725366524,1001.9391385526059,1002.444177773419,1002.9889740861996,1003.5660213132986,1004.1683861335895,1004.7899559610948,1005.4254952252671,1006.0706021940881,1006.72162221772,1007.3755479093854,1008.02992154855,1008.6827465070875,1009.3324100216884,1009.9776174073668,1010.6173367950846,1011.2507531005612,1011.8772298732144,1012.4962777634119,1013.1075284936363,1013.7107133799057,1014.3056456025456,1014.8922055614356,1015.4703287676246,1016.0399958213404,1016.601224107772,1017.154060908897,1017.6985776843636,1018.2348653190797,1018.7630301715506,1019.2831907866309,1019.795475160516,1020.3000184654856,1020.7969611580141,1021.2864474070263,1021.7686237898669
0.03264,1000.0242817603341,1000.0838393282438,1000.2111181825921,1000.4128747478583,1000.6805010912553,1001.0083550742683,1001.3934856649691,1001.831655268328,1002.3167455094936,1002.8416451797116,1003.3991564206262,1003.9825592917254,1004.5858768204195,1005.2039506135333,1005.8324143568619,1006.4676200232915,1007.1065476232461,1007.7467144658592,1008.3860914065989,1009.0230289598638,1009.6561937945202,1010.2845150058331,1010.9071390940636,1011.5233924574053,1012.1327502496335,1012.7348105671157,1013.3292730670896,1013.9159212553226,1014.4946078055945,1015.0652423819952,1015.6277815273403,1016.1822202582589,1016.7285850715075,1017.2669281187478,1017.7973223502388,1018.3198574632564,1018.8346365199837,1019.3417731232671,1019.8413890579966,1020.3336123217341,1020.8185754812256,1021.2964143021355
0.03287999999999999,1000.0214746992898,1000.0751916834845,1000.1919673210157,1000.3799932524814,1000.6321324566596,1000.943083875937,1001.3100852790482,1001.7292707923809,1002.1949640021727,1002.7004510399856,1003.2388424310021,1003.8036360663206,1004.3889970341461,1004.989851119843,1005.6018742103413,1006.2214311042709,1006.8454946996253,1007.4715621016657,1008.0975757393285,1008.7218528895141,1009.3430245322193,1009.9599832313922,1010.5718391909837,1011.177883451243,1011.7775571878259,1012.3704261580392,1012.956159452578,1013.5345118308044,1014.1053090302177,1014.6684355409858,1015.2238244228055,1015.7714488144028,1016.3113148469996,1016.8434557236251,1017.3679267678556,1017.8848012798572,1018.394167065778,1018.8961235296549,1019.3907792359964,1019.8782498668048,1020.3586565096482,1020.8321242239723
0.03311999999999998,1000.0189750596136,1000.0673735343261,1000.1743908027262,1000.3494266214763,1000.5867601943507,1000.8814706432789,1001.2309858587561,1001.6317913260618,1002.0786352014767,1002.5651927229895,1003.0848820170521,1003.6314224901596,1004.1991271274192,1004.7830124378352,1005.3788029658277,1005.982882311068,1006.5922215949777,1007.2043023836304,1007.8170427049164,1008.4287300448362,1009.0379626317434,1009.6435989950094,1010.2447151621325,1010.8405686148958,1011.4305680789867,1012.0142482714624,1012.5912488215738,1013.1612966837318,1013.7241914622654,1014.2797931594399,1014.828011938611,1015.368799563131,1015.9021422295735,1016.4280545621903,1016.9465745756441,1017.4577594462313,1017.9616819591655,1018.458427522056,1018.9480916532925,1019.4307778693787,1019.9065959079014,1020.375660233273
0.03336,1000.0167512932621,1000.0603123867766,1000.1582756915698,1000.3210383173928,1000.5442315639987,1000.8233477546086,1001.1560073167609,1001.5390281055605,1001.9675655930339,1002.4356752966622,1002.9370813647944,1003.4657276606187,1004.0160802996936,1004.5832526035398,1005.1630238989483,1005.7518023279633,1006.3465624102108,1006.9447747292643,1007.5443368674937,1008.1435099235641,1008.7408622872374,1009.3352209389335,1009.9256298473624,1010.5113147390992,1011.0916534256833,1011.6661508928233,1012.2344184249051,1012.7961561249997,1013.3511382797154,1013.89920110163,1014.4402324563654,1014.9741632457589,1015.5009601733694,1016.020619664651,1016.5331627526126,1017.0386307717793,1017.5370817297795,1018.0285872478374,1018.5132299795927,1018.9911014326933,1019.462300130035,1019.9269300578196
0.03359999999999999,1000.0147748360232,1000.0539413140797,1000.1435155731017,1000.2946977679401,1000.5043994779788,1000.7685531546497,1001.0849749340613,1001.4507973657909,1001.8615661861586,1002.311707846259,1002.7952501895644,1003.3063637608694,1003.8396724474031,1004.3903920169395,1004.9543623684781,1005.5280216882323,1006.1083529016116,1006.6928200524699,1007.2793041578511,1007.8660432849018,1008.4515788696206,1009.0347088145544,1009.6144471422068,1010.1899896285676,1010.760684712503,1011.3260089656866,1011.8855464543025,1012.438971394687,1012.9860335825535,1013.526546150395,1014.0603752758678,1014.5874315239224,1015.1076625570176,1015.6210469915254,1016.1275892152248,1016.6273150115566,1017.120267861934,1017.6065058187105,1018.0860988590912,1018.5591266449622,1019.0256766258013,1019.4858424319693
0.03383999999999998,1000.0130198545438,1000.0481986102122,1000.1300103231404,1000.2702802531749,1000.467122407171,1000.7169302688229,1001.0177192973805,1001.36692030612,1001.7604525044552,1002.1931034831993,1002.6592017565271,1003.153146086708,1003.6697221931663,1004.2042534708363,1004.752645843091,1005.3113727976873,1005.8774305005685,1006.4482807791572,1007.0217918848815,1007.5961821568667,1008.1699689299909,1008.7419234820776,1009.3110319940623,1009.8764620949306,1010.4375343959894,1010.9936983789156,1011.5445120270325,1012.0896246443663,1012.628762372953,1013.1617159853743,1013.688330591563,1014.2084969544076,1014.7221441569833,1015.2292334056299,1015.7297527881481,1016.223712835888,1016.7111427632017,1017.1920872783596,1017.6666038772296,1018.1347605453404,1018.5966338058925,1019.0523070612229
0.03408,1000.0114630115528,1000.0430274544805,1000.117665867109,1000.2476667792279,1000.4322642755184,1000.6683279049155,1000.9540762211102,1001.2872230382482,1001.6640445569935,1002.0796793335678,1002.5287528803476,1003.0058930523005,1003.5060508938197,1004.0246621585412,1004.5577039069827,1005.1016899371791,1005.653634312366,1006.2110008420694,1006.7716487263864,1007.3337798231652,1007.8958901827447,1008.4567268901098,1009.0152503784875,1009.5706019299998,1010.1220758751281,1010.6690959346236,1011.2111951515443,1011.7479989006599,1012.2792105169428,1012.8045991429699,1013.3239894509671,1013.8372529461949,1014.344300603369,1014.8450766267666,1015.3395531579421,1015.8277257831614,1016.3096097164073,1016.785236553722,1017.2546515113394,1017.7179110740004,1018.1750809915123,1018.6262345713518
0.03431999999999999,1000.0100832483228,1000.0383755930101,1000.1063939422762,1000.2267439550183,1000.3996943643456,1000.6226001679526,1000.8938866842033,1001.2115365508072,1001.5721668283068,1001.9712565476763,1002.403723948078,1002.8644262210702,1003.3484826752286,1003.8514457096804,1004.3693682946731,1004.8988092950897,1005.4368051455674,1005.9808257066098,1006.5287247511471,1007.0786908414719,1007.6292015201318,1008.1789820866305,1008.7269693067676,1009.2722799101263,1009.8141834927059,1010.35207934674,1010.885476723447,1011.4139780588232,1011.9372647357781,1012.4550850056777,1012.9672437421182,1013.4735937461758,1013.9740283640339,1014.4684752143717,1014.9568908543498,1015.439256239868,1015.9155728585142,1016.3858594328082,1016.8501491074784,1017.3084870480593,1017.7609283894624,1018.2075364827043
0.03455999999999998,1000.0088615834266,1000.0341950320554,1000.0961118537425,1000.2074038564796,1000.369287205591,1000.5796063628069,1000.8369967521201,1001.1396966565746,1001.4846482493066,1001.8676602895,1002.2839389213208,1002.7285703155519,1003.1968444459255,1003.6844342047963,1004.187472904632,1004.702568978725,1005.2267855204066,1005.7576023758106,1006.2928714202899,1006.8307710411676,1007.3697630064543,1007.9085532097984,1008.4460568135183,1008.9813677808095,1009.5137325171404,1010.0425272202758,1010.5672385024169,1011.0874468574907,1011.602812578712,1012.1130637730571,1012.6179861629051,1013.1174144069892,1013.6112247110738,1014.0993285327623,1014.5816672144268,1015.0582074037168,1015.5289371428192,1015.9938625260639,1016.4530048410381,1016.9063981215016,1017.354087051447,1017.7961251689513
0.0348,1000.0077809268615,1000.0304417462415,1000.086742231366,1000.189543887736,1000.3409224757455,1000.5392108990732,1000.7832575009822,1001.0715439418349,1001.401322170735,1001.7687197293967,1002.1692253425886,1002.5981532323653,1003.050965916722,1003.5234601966647,1004.011853820247,1004.5128090335542,1005.0234196854244,1005.5411794038554,1006.063941597432,1006.5898775300269,1007.1174358813225,1007.6453054878834,1008.1723819534467,1008.6977382504655,1009.2205991334464,1009.740319039683,1010.2563630981433,1010.7682908623937,1011.2757424046625,1011.7784264415127,1012.2761101991191,1012.7686107634864,1013.2557876958332,1013.737536724819,1014.2137843550055,1014.6844832549851,1015.1496083092832,1015.6091532357676,1016.0631276852879,1016.5115547529441,1016.9544688411227,1017.3919138234833
0.03503999999999999,1000.0068259086311,1000.0270754014465,1000.0782127882674,1000.1730666390242,1000.3144848897126,1000.5012831973579,1000.7325249430758,1001.0069237169575,1001.3220263381371,1001.6742680390236,1002.0594143447278,1002.4730060611643,1002.9106796251576,1003.3683587372149,1003.8423493370466,1004.3293714692493,1004.8265536413483,1005.3314069171935,1005.8417895666958,1006.3558687089771,1006.8720825711366,1007.3891052475304,1007.9058148065089,1008.4212649926287,1008.9346604426479,1009.4453351656512,1009.9527339646849,1010.4563964584494,1010.9559433721984,1011.4510647923357,1011.9415101106986,1012.4270794173199,1012.9076161319645,1013.3830006936355,1013.8531451530465,1014.3179885356732,1014.7774928625826,1015.2316397330659,1015.680427387472,1016.1238681808671,1016.5619864085327,1016.9948164331068
0.03527999999999998,1000.0059827209029,1000.0240590903566,1000.0704560779348,1000.1578797353054,1000.2898640856056,1000.4656975856404,1000.6846599400989,1000.9456859523831,1001.246602850469,1001.5841423687036,1001.9543406420474,1002.3529630848379,1002.7758209409346,1003.2189673852897,1003.6787999706946,1004.1521002664779,1004.6360351457446,1005.1281366164785,1005.6262710316176,1006.128604267847,1006.6335666816653,1007.1398199032434,1007.6462264644306,1008.1518226296645,1008.6557944428598,1009.1574568137421,1009.65623537684,1010.1516508240445,1010.6433054119074,1011.1308713623189,1011.6140809007422,1012.092717704493,1012.566609561649,1013.0356220675301,1013.499653209552,1013.9586287124206,1014.4124980341239,1014.8612309191698,1015.304814429268,1015.743250383406,1016.176553149295,1016.6047477366915
0.035519999999999996,1000.0052389728859,1000.0213590838351,1000.0634092579755,1000.1438956875504,1000.2669545162522,1000.4323332055899,1000.6395281281307,1000.8876852278286,1001.1748981336549,1001.498183841666,1001.8538425402752,1002.237861800384,1002.6462280936768,1003.0751262381516,1003.5210484899209,1003.9808414096018,1004.4517137443474,1004.9312218057764,1005.4172431417708,1005.9079452091413,1006.4017530188568,1006.8973179752138,1007.3934890456011,1007.8892867448276,1008.3838800386328,1008.8765660611588,1009.3667524344864,1009.8539419330949,1010.3377192263239,1010.817739441692,1011.2937183115898,1011.7654236897167,1012.2326682483477,1012.6953031913063,1013.1532128394408,1013.6063099650962,1014.054531769438,1014.4978364116396,1014.9362000120394,1015.369614062644,1015.7980831880045,1016.22162320774
0.035759999999999986,1000.0045835575992,1000.0189445946788,1000.0570138545154,1000.1310317360418,1000.2456553320384,1000.4010739093254,1000.596999830841,1000.832780667405,1001.1067628982053,1001.4162375310572,1001.757761928444,1002.1275429211838,1002.5217421817687,1002.9366779438849,1003.3689399302514,1003.8154429001421,1004.2734407831629,1004.7405174025931,1005.2145645002742,1005.6937538527933,1006.1765075907322,1006.6614690883553,1007.147475691314,1007.6335338758118,1008.118797031946,1008.6025458353291,1009.0841710489108,1009.5631585392747,1010.0390762722077,1010.511563054599,1010.9803188036356,1011.4450961436906,1011.9056931526752,1012.3619471008323,1012.8137290449422,1013.2609391591025,1013.703502699488,1014.1413665147801,1014.5744960263955,1015.0028726134088,1015.426491346329,1015.8453590218469
0.036000000000000004,1000.0040065297393,1000.0167875552858,1000.051215531946,1000.1192096926337,1000.225870263984,1000.3718081578003,1000.5569499744508,1000.7808358763384,1001.0420520985723,1001.3381524391593,1001.6659442736716,1002.0218503829468,1002.4022071856385,1002.8034677189556,1003.2223216135291,1003.6557547765719,1004.1010694273514,1004.555879955045,1005.01809517874,1005.4858938485806,1005.9576976171195,1006.4321439793046,1006.9080605700592,1007.3844415164104,1007.8604261213394,1008.3352799106356,1008.80837793727,1009.2791901683506,1009.7472687508911,1010.2122369475941,1010.673779542104,1011.1316345282842,1011.5855859161027,1012.0354575053789,1012.4811074966703,1012.9224238252858,1013.3593201195035,1013.7917321974817,1014.2196150291165,1014.6429400993514,1015.0616931183102,1015.4758720312794
0.036239999999999994,1000.0034989938823,1000.0148624087064,1000.0459638683708,1000.108355782044,1000.207507506567,1000.3444289201593,1000.5192580037514,1000.7317188785453,1000.9806248934118,1001.2637814779067,1001.5782386178682,1001.9206313523248,1002.2874699844672,1002.675343369917,1003.0810431722243,1003.5016291394646,1003.9344546859433,1004.3771676652622,1004.8276967387775,1005.2842301953644,1005.7451915464159,1006.2092145106133,1006.6751188891295,1007.1418881255746,1007.6086489085042,1008.0746529126387,1008.5392606245645,1009.001927118026,1009.462189606121,1009.9196565856051,1010.3739983912591,1010.8249389891073,1011.2722488520043,1011.7157387772456,1012.1552545219313,1012.5906721470157,1013.02189397492,1013.448845078101,1013.8714702270513,1014.2897312359322,1014.7036046525003,1015.1130797463271
0.036479999999999985,1000.0030530022934,1000.0131459115853,1000.0412121347717,1000.0984004782302,1000.1904795938977,1000.3188335655565,1000.4838077886808,1000.6853020425918,1000.922344592382,1001.1929814345668,1001.494497558655,1001.8237362190918,1002.1773803560345,1002.5521552979645,1002.9449565564114,1003.3529201591874,1003.7734534190303,1004.204240395237,1004.6432322359417,1005.0886292427949,1005.5388590548611,1005.9925536675111,1006.4485268888737,1006.9057531192128,1007.3633478877157,1007.8205503052561,1008.2767074286874,1008.7312604409938,1009.1837325052472,1009.6337181313897,1010.0808738922536,1010.5249103318763,1010.9655849206532,1011.4026959254975,1011.8360770773013,1012.2655929317002,1012.6911348319206,1013.1126173941113,1013.5299754459513,1013.9431613585076,1014.3521427193681,1014.7569003020858
0.03672,1000.0026614616517,1000.0116169505151,1000.0369170829499,1000.0892783443248,1000.1747032808566,1000.294923762485,1000.4504875400546,1000.6414620180816,1000.8670786147572,1001.1256129508256,1001.4145772453796,1001.7310186051027,1002.0717909949238,1002.4337565232761,1002.8139160617719,1003.2094841056864,1003.6179243679388,1004.0369596963809,1004.4645662479753,1004.8989587177659,1005.3385710709077,1005.7820355800183,1006.2281618624698,1006.6759168876075,1007.1244064609261,1007.5728584035913,1008.020607471073,1008.4670819534995,1008.9117918458024,1009.3543184502388,1009.794305266063,1010.2314500236819,1010.6654977289257,1011.096234594201,1011.5234827454886,1011.9470956063624,1012.3669538718077,1012.782961995347,1013.1950451226613,1013.6031464135359,1014.0072247015833,1014.4072524478785
0.03695999999999999,1000.0023180480296,1000.0102563694804,1000.0330387382837,1000.0809278689616,1000.160099418157,1000.2726053709544,1000.4191897163005,1000.6000796609013,1000.8146984350066,1001.0615404873795,1001.3383373595964,1001.6423353569944,1001.9705575139743,1002.3200026922646,1002.6877783402923,1003.0711793608211,1003.4677281678648,1003.8751888215005,1004.2915648854586,1004.7150877332963,1005.1441997820556,1005.5775355275796,1006.0139021582934,1006.4522607955175,1006.8917089356406,1007.3314643696585,1007.7708506703623,1008.2092842270496,1008.6462627453649,1009.0813550981048,1009.5141923999897,1009.9444601779792,1010.3718915138827,1010.7962610446973,1011.217379716393,1011.6350901975737,1012.0492628698964,1012.4597923219353,1012.866594282163,1013.2696029348001,1013.66876856948,1014.0640555220216
0.03719999999999998,1000.0020171295076,1000.0090468089866,1000.02954020017,1000.0732913039366,1000.1465928279367,1000.251788336004,1000.3898109316958,1000.5610399597847,1000.765079529633,1001.0006322900098,1001.2656410974824,1001.557546541417,1001.873538448914,1002.2107520886566,1002.5664024153845,1002.9378664356617,1003.3227273659402,1003.7187927426041,1004.1240958086237,1004.5368868038497,1004.9556186483484,1005.3789299505374,1005.8056271892633,1006.2346671893588,1006.6651405299494,1007.0962562153122,1007.5273277432999,1007.9577605873649,1008.3870410386619,1008.814726316955,1009.2404358413692,1009.6638435467459,1010.0846711334759,1010.5026821449533,1010.9176767751901,1011.3294873183595,1011.7379741813207,1012.1430223890795,1012.5445385214061,1012.9424480263542,1013.3366928631835,1013.7272294331864
0.03744,1000.0017536958319,1000.0079725562763,1000.0263874502078,1000.0663145033731,1000.1341121796501,1000.2323865821153,1000.3622518656027,1000.5242319636379,1000.7181013246477,1000.9427603564405,1001.1963551534336,1001.4765154419981,1001.7805952653514,1002.1058656475601,1002.4496497005988,1002.8094079919259,1003.1827864439257,1003.5676381737568,1003.9620282495795,1004.3642278663677,1004.7727024218342,1005.1860964677744,1005.6032174485201,1006.0230194108505,1006.4445873841237,1006.8671228118154,1007.2899302123262,1007.7124051200615,1008.1340232814205,1008.5543310368787,1008.972936798022,1009.3895035193707,1009.8037420639648,1010.2154053655911,1010.6242832970612,1011.0301981617082,1011.4330007334003,1011.8325667783564,1012.2287939996054,1012.6215993518847,1013.0109166810942,1013.3966946480649
0.03767999999999999,1000.0015232945631,1000.007019405499,1000.0235491667253,1000.059946761841,1000.1225898618098,1000.2143179022445,1000.336417164689,1000.4895486998881,1000.6736471322395,1000.8878003909093,1001.1303496902576,1001.3991085420927,1001.6915923509661,1002.0052069543141,1002.3373840028179,1002.6856688476795,1003.0477718250118,1003.4215935779347,1003.8052330184601,1004.1969842851843,1004.5953271498885,1004.9989138782203,1005.406554508992,1005.8172017945838,1006.2299365561855,1006.6439538834472,1007.0585503972804,1007.473112660529,1007.8871067385079,1008.3000688625842,1008.7115971232049,1009.1213441061545,1009.5290103820618,1009.934338760772,1010.3371092269019,1010.7371344791904,1011.1342560032488,1011.5283406143892,1011.9192774140487,1012.3069751097196,1012.6913596541609,1013.072372164965
0.03791999999999998,1000.0013219731948,1000.0061745284511,1000.0209965486338,1000.0541406572347,1000.1119618580042,1000.1975038527352,1000.3122153524138,1000.4568871011677,1000.6316040968798,1000.8356317694488,1001.0674983214969,1001.3251955211385,1001.6063970227588,1001.9086422597615,1002.2294715431123,1002.5665160018006,1002.9175519003398,1003.2805291944167,1003.6535825308016,1004.0350308787355,1004.423370200797,1004.8172621849878,1005.2155210458739,1005.6170996887179,1006.0210760407563,1006.4266400244818,1006.8330814305264,1007.2397788072388,1007.6461893954763,1008.0518400832441,1008.4563193238273,1008.8592699449742,1009.2603827701192,1009.6593909719829,1010.0560650817845,1010.4502085821694,1010.8416540178039,1011.2302595637638,1011.6159059979648,1011.9984940297087,1012.3779419418315,1012.7541835088841
0.03816,1000.0011462267547,1000.0054263543012,1000.0187031459593,1000.0488518936526,1000.1021676194282,1000.181869643282,1000.289558731938,1000.426147923497,1000.5918631310828,1000.7861374932882,1001.0076780806851,1001.2546492370653,1001.5248795197092,1001.8160404804602,1002.1257809621974,1002.4518186427977,1002.7919970397007,1003.1443170502297,1003.5069508188861,1003.8782439301885,1004.2567102732295,1004.6410226033979,1005.0300008430122,1005.4225994596163,1005.8178947718926,1006.2150727002191,1006.6134172562007,1007.0122999192577,1007.4111699544036,1007.8095456667351,1008.2070065531685,1008.6031862925573,1008.9977665060449,1009.3904712166722,1009.7810619383929,1010.1693333281123,1010.5551093390875,1010.9382398193089,1011.3185975038888,1011.696075355737,1012.0705842137725,1012.442050712492
0.03839999999999999,1000.0009929504306,1000.0047644584133,1000.0166446986466,1000.0440391476461,1000.0931499387399,1000.167344028302,1000.2683632905106,1000.3972356657348,1000.5543188522525,1000.7392041433612,1000.9507693919554,1001.1873457104674,1001.4469129977067,1001.7272732017149,1002.0261833292493,1002.3414481614959,1002.6709796065635,1003.0128309763343,1003.3652135481846,1003.7265012034723,1004.0952274113787,1004.4700775748835,1004.8498788053477,1005.233588502682,1005.6202826322354,1006.0091442544142,1006.3994526359255,1006.7905731202712,1007.1819478362736,1007.5730872604336,1007.9635626101544,1008.3529990223105,1008.7410694597539,1009.1274892834,1009.5120114269444,1009.8944221133538,1010.2745370558803,1010.6521980907478,1011.0272701933533,1011.3996388345163,1011.769207637818,1012.1358963032905
0.03863999999999998,1000.0008593967967,1000.0041794597007,1000.0147989834718,1000.0396639179561,1000.0848548251474,1000.1538591994122,1000.2485486049394,1000.370058489851,1000.5188695201056,1000.6947218353495,1000.8966560413681,1001.1231641098548,1001.3723735260298,1001.6422146826769,1001.9305521533173,1002.2352781668269,1002.554373976677,1002.8859466278055,1003.228248038168,1003.579681964004,1003.9388030250706,1004.3043107861046,1004.6750409767674,1005.0499552587693,1005.4281304678711,1005.808747922529,1006.1910831604318,1006.5744963085858,1006.9584231893854,1007.3423671980747,1007.7258919447195,1008.108614628244,1008.4902000957201,1008.8703555330809,1009.2488257311893,1009.6253888719189,1009.9998527814314,1010.3720516013552,1010.7418428325548,1011.1091047103164,1011.4737338738206,1011.8356432966347
0.03888,1000.0007431372442,1000.0036629256667,1000.013145668022,1000.0356903770754,1000.0772313777128,1000.1413506744956,1000.2300377421483,1000.3445281345345,1000.4854169656888,1000.6525841648004,1000.8452251370906,1001.0619867248165,1001.3011400710228,1001.5607418481011,1001.8387633809843,1002.1331844875535,1002.4420565423676,1002.7635414895267,1003.0959332684921,1003.437666984683,1003.7873198950683,1004.143607173204,1004.5053745430665,1004.8715892156933,1005.2413300882941,1005.6137778301048,1005.988205246331,1006.363968152321,1006.7404968830043,1007.1172884919149,1007.4938996485408,1007.8699402143457,1008.2450674610585,1008.6189808858472,1008.9914175741255,1009.362148060157,1009.7309726370809,1010.0977180706346,1010.4622346741456,1010.824393705932,1011.1840850538497,1011.5412151752166
0.03911999999999999,1000.0006420272472,1000.0032072852813,1000.0116661733664,1000.0320852284451,1000.0702316628344,1000.1297571916226,1000.2127571656063,1000.3205598355324,1000.4538665279829,1000.6126881608237,1000.7963670793013,1001.0036989501526,1001.2330944920205,1001.482734293604,1001.7506954087111,1002.0350451897659,1002.3339057335845,1002.6454948994947,1002.9681499035471,1003.300338570898,1003.6406621979384,1003.9878529460867,1004.3407678553151,1004.6983809304519,1005.0597742873272,1005.4241290122781,1005.7907161541729,1006.158888105983,1006.528070522452,1006.8977548463567,1007.2674914672324,1007.6368835053833,1008.0055811949854,1008.373276829218,1008.7397002249311,1009.1046146624955,1009.4678132568873,1009.8291157178747,1010.1883654597741,1010.545427024259,1010.9001837828521,1011.2525358888591
0.03935999999999998,1000.0005541751234,1000.0028057486229,1000.0103435436171,1000.0288175661406,1000.0638105905665,1000.119020599991,1000.1966366372436,1000.2980722397547,1000.4241269825326,1000.5749342302656,1000.7499755192978,1000.9481892582072,1001.1681215247006,1001.408074277759,1001.6662290815658,1001.9407405804172,1002.2298020247206,1002.5316880576981,1002.8447803024226,1003.1675805708331,1003.4987155161309,1003.8369355978542,1004.1811104383429,1004.5302220365494,1004.8833568491425,1005.2396974184152,1005.598513991647,1005.9591564122211,1006.3210464494296,1006.6836706568668,1007.046573797896,1007.4093528431401,1007.7716515237922,1008.1331554118683,1008.49358749159,1008.8527041829794,1009.2102917781432,1009.566163251698,1009.920155408722,1010.2721263360743,1010.6219531256287,1010.9695298407376
0.039599999999999996,1000.0004779139732,1000.0024522331793,1000.0091623231639,1000.0258587392175,1000.0579257931884,1000.1090857525618,1000.1816091209394,1000.2769873207014,1000.3961104711343,1000.5392261028111,1000.7059473195927,1000.8953491724219,1001.1061087660106,1001.3366467161894,1001.5852476944053,1001.850153213762,1002.1296279447649,1002.4220040387228,1002.7257085329619,1003.0392783901794,1003.3613668527438,1003.6907439191625,1004.0262930043531,1004.3670052566217,1004.7119725597297,1005.0603799223101,1005.4114977224448,1005.7646741093222,1006.1193277481366,1006.474941014733,1006.8310536925452,1007.1872571885413,1007.5431892617183,1007.8985292432999,1008.2529937194099,1008.6063326426921,1008.9583258377504,1009.3087798654451,1009.6575252123514,1010.0044137735956,1010.3493165995559,1010.6921218793095
0.03983999999999999,1000.0004117765072,1000.0021412963318,1000.0081084412934,1000.023182220743,1000.0525375060039,1000.099900400219,1000.1676106873153,1000.2572302948994,1000.3697324322145,1000.50547077659,1000.6641825145198,1000.8450732415818,1001.0469466601021,1001.2683391770645,1001.507636994893,1001.7631679000731,1002.0332680901629,1002.316327807467,1002.6108203892904,1002.915319010654,1003.2285046503865,1003.549168016938,1003.8762074711175,1004.2086244198354,1004.5455172233001,1004.8860743374579,1005.2295671803122,1005.5753430439893,1005.9228182567526,1006.2714717172455,1006.6208388669982,1006.9705061292844,1007.3201058173546,1007.6693114990558,1008.0178337950937,1008.3654165827289,1008.7118335741452,1009.0568852380989,1009.4003960340733,1009.742211929544,1010.0821981727859,1010.4202372957002
0.04007999999999998,1000.0003544724912,1000.0018680734115,1000.0071691033999,1000.0207634803887,1000.0476084483568,1000.0914150842603,1000.1545804154138,1000.2387295336584,1000.3449115249198,1000.4735784560086,1000.6245842617964,1000.797259003986,1000.9905284733676,1001.2030418650535,1001.4332851744665,1001.6796717019065,1001.9406091249041,1002.21454622183,1002.5000033961148,1002.7955909951235,1003.100018796519,1003.4120993194645,1003.7307469664624,1004.054974465519,1004.383887664884,1004.716679418496,1005.0526230692602,1005.3910658702816,1005.7314225650932,1006.0731692640761,1006.4158376960038,1006.7590098737467,1007.1023131863715,1007.4454159123164,1007.7880231372536,1008.1298730536814,1008.4707336158048,1008.810399521865,1009.1486894960569,1009.4854438430291,1009.8205222493586,1010.1538018080847
0.040319999999999995,1000.0003048685634,1000.0016282212683,1000.0063326895724,1000.0185798629586,1000.0431037089679,1000.0835830331882,1000.1424602992943,1000.2214164803961,1000.3215695594204,1000.4434624965446,1000.5870588019441,1000.7518069604921,1000.936750279443,1001.1406476163542,1001.3620828714674,1001.5995539435625,1001.8515397947663,1002.116548050429,1002.3931468288337,1002.6799845092349,1002.9758006459062,1003.2794305991151,1003.5898058508546,1003.9059514652786,1004.2269817517335,1004.5520948817185,1004.8805669830647,1005.2117460680155,1005.5450460318585,1005.8799408733477,1006.2159592281228,1006.5526792646821,1006.889723964051,1007.226756785292,1007.5634777066944,1007.8996196248462,1008.2349450894192,1008.5692433493481,1008.9023276854477,1009.2340330048518,1009.5642136736293,1009.892741565281
0.040559999999999985,1000.0002619701967,1000.0014178666416,1000.0055886593287,1000.0166104707665,1000.0389906319785,1000.0763600582328,1000.1311951518832,1000.2052255636739,1000.2996314213372,1000.4150393421697,1000.5515154090358,1000.7086205378101,1000.88551093359,1001.0810518824114,1001.2939231624138,1001.5227062082535,1001.7659509289185,1002.0222239773987,1002.2901417205092,1002.5683913297302,1002.8557430296148,1003.1510559815137,1003.4532797263295,1003.7614526313924,1004.0746984009612,1004.3922214117972,1004.7133014109592,1005.0372879473573,1005.3635947880866,1005.6916944839295,1006.0211131868654,1006.3514257792175,1006.6822513441639,1007.0132489870125,1007.3441140031534,1007.6745743799571,1008.0043876146584,1008.3333378273963,1008.6612331473358,1008.9879033496389,1009.313197721611,1009.636983137344
0.0408,1000.0002249055967,1000.0012335591563,1000.0049274627918,1000.0148360511641,1000.0352387060399,1000.0697044509897,1000.1207325106088,1000.190094111731,1000.2790249973516,1000.3882284637277,1000.5178663423198,1000.6676060527543,1000.8367120482468,1001.0241527151053,1001.2287015550982,1001.4490223374776,1001.6837354441124,1001.9314666101463,1002.1908808721373,1002.4607048563737,1002.7397402679076,1003.0268709588489,1003.3210654497963,1003.6213763297766,1003.9269375919164,1004.2369606733847,1004.5507297483326,1004.867596658524,1005.1869757457974,1005.5083387629911,1005.8312099771434,1006.1551615342036,1006.4798091232342,1006.8048079565282,1007.1298490674662,1007.4546559183472,1007.7789813043679,1008.1026045363695,1008.425328883134,1008.7469792533725,1009.0674000976961,1009.3864535115158
0.04103999999999999,1000.0001929113475,1000.0010722285758,1000.0043404579864,1000.0132388891398,1000.0318194564297,1000.063576883062,1000.111022544631,1000.175962268263,1000.2596811017061,1000.3629522979228,1000.4860267983246,1000.628672677003,1000.7902579692546,1000.9698507528823,1001.166315982957,1001.3783984320256,1001.6047883508751,1001.844170489472,1002.0952588656305,1002.3568201269139,1002.6276881864653,1002.9067724067796,1003.193061150169,1003.4856220969858,1003.7836003827805,1004.0862153270955,1004.3927563119414,1004.7025782061154,1005.0150966113691,1005.3297831183744,1005.6461606966088,1005.9637992965095,1006.2823117097929,1006.6013497111342,1006.9206004887816,1007.2397833611807,1007.5586467698466,1007.8769655344947,1008.1945383540461,1008.5111855360046,1008.8267469364522,1009.1410800932396
0.04127999999999998,1000.0001653196288,1000.0009311458838,1000.0038198336412,1000.0118027041925,1000.0287063388503,1000.0579403054892,1000.1020179604571,1000.1627729051967,1000.2415333982428,1000.3391361804411,1000.4559148558324,1000.591732393653,1000.7460557429849,1000.9180491970585,1001.1066667890225,1001.3107328420887,1001.5290067484138,1001.7602320880773,1002.0031720649209,1002.2566338199454,1002.5194841203277,1002.7906585889075,1003.0691662329431,1003.3540906445577,1003.6445889144239,1003.9398890326854,1004.2392863422726,1004.5421394505643,1004.8478658860103,1005.1559376980506,1005.4658771340787,1005.7772524804154,1006.0896741207472,1006.4027908417371,1006.7162863989525,1007.0298763449007,1007.3433051133852,1007.6563433495327,1007.9687854719008,1008.2804474514973,1008.5911647919073,1008.9007906947279
0.04152,1000.000141546848,1000.0008078880677,1000.0033585378146,1000.0105125528692,1000.0258746376418,1000.0527598521824,1000.0936739118312,1000.1504715401735,1000.2245183276253,1000.3167082848043,1000.4274514272607,1000.5566999609796,1000.7040150915692,1000.8686537971752,1001.0496567198902,1001.2459261683308,1001.4562898313892,1001.6795498217936,1001.9145186305681,1002.1600442719882,1002.4150269326906,1002.67842917668,1002.9492814007043,1003.2266838797324,1003.5098064310237,1003.7978864693214,1004.0902260232781,1004.3861881271935,1004.6851928840367,1004.9867134075421,1005.2902717860525,1005.5954351631939,1005.9018119960117,1006.2090485265322,1006.5168254852653,1006.8248550330217,1007.1328779391421,1007.4406609887602,1007.7479946082636,1008.054690696093,1008.3605806450079,1008.6655135416379
0.04175999999999999,1000.0001210835428,1000.000700306142,1000.0029502114928,1000.0093547355616,1000.0233013659854,1000.0480027434754,1000.0859479083268,1000.1390062513656,1000.2085750304637,1000.2955995557306,1000.4005602032755,1000.5234928683216,1000.6640483793229,1000.8215728267826,1000.9951909094882,1001.1838812522486,1001.3865388855555,1001.6020240493311,1001.8291985226012,1002.0669514825664,1002.3142170215101,1002.5699852569361,1002.8333086611492,1003.1033049135749,1003.379157287994,1003.6601133430964,1003.9454824893033,1004.2346328524307,1004.5269877382816,1004.8220219144649,1005.1192578603481,1005.4182620878178,1005.7186416002818,1006.0200405318471,1006.3221369903656,1006.6246401151585,1006.927287351299,1007.2298419362791,1007.5320905909315,1007.833841404025,1008.1349218985772,1008.4351772673105
0.04199999999999998,1000.0001034854212,1000.0006064962366,1000.0025891272093,1000.0083167082765,1000.0209651696301,1000.0436381921778,1000.0787997259624,1000.1283275939738,1000.1936452717869,1000.275743643551,1000.375167598277,1000.4920312927936,1000.626070580077,1000.7767170603092,1000.9431768641828,1001.1245031681624,1001.3196572853502,1001.5275570742979,1001.7471135059452,1001.977257122166,1002.2169563292601,1002.4652293428603,1002.7211513387435,1002.9838580729411,1003.2525469639456,1003.5264763987341,1003.8049638363441,1004.0873831344733,1004.3731614100587,1004.6617756577145,1004.9527492844558,1005.2456486704499,1005.5400798296399,1005.8356852178582,1006.1321407170902,1006.4291528109845,1006.7264559571622,1007.0238101552826,1007.3209987053876,1007.6178261481882,1007.9141163772301,1008.2097109119583
0.04224,1000.0000883654224,1000.0005247734872,1000.0022701323757,1000.0073869992208,1000.0188462340991,1000.0396373120551,1000.072191319703,1000.1183885182277,1000.1796733666396,1000.2570768394221,1000.3512026964588,1000.4622380564783,1000.5899992450254,1000.733999750594,1000.8935244487668,1001.067699216363,1001.2555504929376,1001.456053148982,1001.668167157917,1001.8908645425614,1002.1231483553397,1002.3640653878464,1002.6127140895269,1002.8682489158055,1003.1298820761999,1003.3968834350192,1003.6685791371846,1003.9443493879681,1004.2236257032607,1004.5058878608877,1004.7906607182168,1005.0775110123317,1005.3660442226247,1005.6559015488249,1005.9467570378604,1006.2383148787865,1006.5303068748892,1006.8224900949682,1007.114644700919,1007.4065719454826,1007.698092331966,1007.9890439265323
0.04247999999999999,1000.0000753866907,1000.0004536484331,1000.0019885968653,1000.0065551296198,1000.0169261944645,1000.035973027218,1000.0660867355709,1000.1091442857578,1000.1666061027684,1000.2395380063383,1000.3285971924561,1000.4340385771309,1000.5557544631582,1000.6933365982176,1000.8461458635959,1001.0133789068605,1001.1941260473991,1001.3874184679017,1001.5922648651681,1001.8076787763157,1002.0326981574228,1002.2663987881062,1002.5079029044975,1002.7563842350279,1003.011070384622,1003.2712433084498,1003.5362384446723,1003.8054429367626,1004.0782932664731,1004.3542725336794,1004.6329075544478,1004.9137658995971,1005.1964529592161,1005.4806090912373,1005.7659068919942,1006.0520486119526,1006.3387637291679,1006.6258066854284,1006.9129547847434,1007.200006250202,1007.4867784328472,1007.773106164719
0.04271999999999998,1000.0000642563624,1000.0003918058015,1000.0017403649188,1000.0058115395088,1000.0151880494344,1000.0326199853243,1000.0604520265863,1000.1005523900567,1000.1543926677198,1000.2230685149487,1000.3072853372917,1000.4073608247896,1000.523258828311,1000.6546457282383,1000.8009556299547,1000.9614539522029,1001.1352935638239,1001.3215611720508,1001.5193138320797,1001.7276065484376,1001.9455123656147,1002.1721363986788,1002.406625126931,1002.6481720765343,1002.8960208102957,1003.1494659521079,1003.4078528105448,1003.6705760324941,1003.9370776111783,1004.2068444895843,1004.4794059360494,1004.7543308197254,1005.0312248765815,1005.3097280288249,1005.5895117999578,1005.8702768524564,1006.1517506639309,1006.4336853496002,1006.7158556332018,1006.9980569644838,1007.280103778721,1007.561827891953
0.04296,1000.0000547200805,1000.0003380853776,1000.001521710794,1000.0051475175488,1000.013616078131,1000.0295544719198,1000.0552551685672,1000.0925724755895,1000.1429845733375,1000.2076121755074,1000.2872038792497,1000.3821352722231,1000.4924373990991,1000.6178476589979,1000.757870566809,1000.911838251107,1001.0789647227272,1001.2583913430693,1001.4492230787396,1001.6505562773325,1001.8614991856565,1002.0811865382786,1002.3087894583629,1002.5435217460122,1002.7846434425884,1003.0314623828142,1003.2833342924522,1003.539661861307,1003.7998931180285,1004.063519351622,1004.3300727611073,1004.5991239659602,1004.8702794727778,1005.1431791655167,1005.4174938655729,1005.692922992307,1005.9691923430544,1006.2460520032214,1006.5232743909887,1006.800652436829,1007.0779978950517,1007.3551397825829
0.04319999999999999,1000.0000465571571,1000.0002914648247,1000.0013292980949,1000.0045551351978,1000.0121957605102,1000.0267543275487,1000.0504659781659,1000.0851662587783,1000.1323355817932,1000.1931151710429,1000.2682920057271,1000.3582948462173,1000.4632176596647,1000.5828652718158,1000.7168097685962,1000.8644478733365,1001.0250532609625,1001.1978209991721,1001.3819034409491,1001.5764380780503,1001.7805684046858,1001.9934589969438,1002.2143059675975,1002.44234381884,1002.6768495496372,1002.9171447118753,1003.1625959647258,1003.4126145544492,1003.6666550471192,1003.9242135621682,1004.184825692191,1004.4480642460077,1004.7135369147995,1004.9808839328061,1005.2497757826751,1005.5199109794924,1005.7910139555813,1006.0628330593389,1006.3351386749517,1006.6077214652079,1006.880390736346,1007.1529729216339
0.04343999999999998,1000.0000395763115,1000.0002510442715,1000.001160142516,1000.0040271850479,1000.0109137013386,1000.0241988675655,1000.0460560330403,1000.0782974507182,1000.1224016329803,1000.179525991545,1000.2504912858227,1000.3357748794236,1000.4355294809193,1000.549623781212,1000.6776945836699,1000.819201045414,1000.9734749636928,1001.1397640923843,1001.317267571798,1001.5051637673633,1001.7026313990815,1001.9088650460121,1002.1230861022735,1002.3445501527862,1002.5725515918023,1002.8064261589775,1003.0455519324546,1003.2893492023228,1003.537279551847,1003.7888443964878,1004.0435831694556,1004.3010712946292,1004.5609180505993,1004.8227644011564,1005.0862808458749,1005.3511653280735,1005.6171412251394,1005.8839554370454,1006.1513765821509,1006.419193304447,1006.687212692879,1006.9552588108863
0.04368,1000.0000336119192,1000.0002160324752,1000.0010115776699,1000.003557122886,1000.0097575570961,1000.0218688036127,1000.0419985925577,1000.0719316793586,1000.1131407702594,1000.1667953653589,1000.2337456090163,1000.3145130572582,1000.4093050759109,1000.5180506984499,1000.6404485853624,1000.776018128362,1000.9241476478834,1001.0841364968697,1001.255229933961,1001.4366468592486,1001.6276011324392,1001.8273174379918,1002.0350426901198,1002.2500538902218,1002.4716632244794,1002.6992210553055,1002.9321173346724,1003.1697818575484,1003.4116836816971,1003.657329965125,1003.9062644125456,1004.158065474986,1004.412344409827,1004.6687432800962,1004.9269329499872,1005.1866111169384,1005.4475004080141,1005.7093465588752,1005.9719166865838,1006.234997662297,1006.4983945861189,1006.7619293636751
0.04391999999999999,1000.0000285207173,1000.0001857344611,1000.0008812239573,1000.0031390138284,1000.0087159668568,1000.0197461686992,1000.0382685220006,1000.0660364153047,1000.1045130700362,1000.1548761946806,1000.2180011282978,1000.2944493696998,1000.3844789606339,1000.4880758011476,1000.60499754981,1000.7348216029258,1000.8769911540118,1001.0308560062006,1001.1957068016433,1001.370802570692,1001.5553921645037,1001.7487304179796,1001.9500899523038,1002.1587694729243,1002.3740993139573,1002.5954448601178,1002.82220836137,1003.0538295521827,1003.289785399478,1003.5295892310007,1003.7727894374284,1004.0189678951134,1004.2677382198636,1004.5187439337564,1004.7716566050258,1005.0261740042184,1005.2820183069667,1005.5389343640082,1005.7966880517696,1006.0550647113927,1006.3138676800666,1006.5729169156147
0.04415999999999998,1000.0000241789095,1000.0001595404535,1000.0007669600949,1000.0027674818783,1000.0077784860619,1000.017814244064,1000.0348422174796,1000.060580897297,1000.0964805699449,1000.1437234885462,1000.203206199689,1000.275526058443,1000.3609879092573,1000.45963109648,1000.5712694266463,1000.695536047047,1000.8319273294986,1000.9798423218957,1001.1386162534042,1001.3075478180361,1001.4859206503562,1001.6730197250845,1001.8681435065697,1002.0706126464851,1002.2797759427187,1002.4950141666244,1002.7157422596903,1002.9414103040152,1003.1715035875453,1003.4055420154248,1003.6430790620844,1003.8837004131994,1004.1270224106233,1004.3726903851434,1004.6203769399116,1004.8697802304088,1005.1206222737487,1005.3726473101718,1005.6256202320349,1005.8793250899278,1006.1335636813268,1006.3881542240756
0.044399999999999995,1000.0000204796302,1000.0001369159983,1000.0006668971967,1000.0024376630207,1000.0069355237305,1000.0160574888978,1000.031697533219,1000.0555360597065,1000.0890071987254,1000.1332942972036,1000.1893113228784,1000.2576875649687,1000.3387709101618,1000.4326507851741,1000.539194310553,1000.658088114321,1000.7888800132944,1000.9310170433181,1001.0838781665606,1001.246801215137,1001.4191043416391,1001.6001025961116,1001.7891203728511,1001.9855004673913,1002.1886104176009,1002.3978467108986,1002.6126373433141,1002.8324431262022,1003.0567580574948,1003.2851090076931,1003.5170549158846,1003.7521856466443,1003.9901206232161,1004.2305073243452,1004.4730197101762,1004.7173566255356,1004.9632402157104,1005.2104143796752,1005.4586432779665,1005.707709906524,1005.9574147433938,1006.2075744718949
0.044639999999999985,1000.0000173307217,1000.0001173931573,1000.0005793552097,1000.0021451616592,1000.0061782829915,1000.0144614728424,1000.0288137111287,1000.0508744619356,1000.0820587076595,1000.1235476477095,1000.1762690827832,1000.2408804793116,1000.3177691225352,1000.4070712260121,1000.5087044133493,1000.62240651309,1000.7477750212491,1000.8843036585384,1001.031414212764,1001.1884830729116,1001.354862589393,1001.5298977710785,1001.7129389809262,1001.903351312354,1002.1005212803943,1002.3038613834037,1002.512813004627,1002.7268480398288,1002.94546956292,1003.1682117778754,1003.3946394522718,1003.6243469845251,1003.8569572221069,1004.0921201203153,1004.3295113093153,1004.5688306200361,1004.8098006061773,1005.05216508926,1005.2956877457226,1005.5401507489919,1005.7853534748605,1006.0311112750326
0.04488,1000.0000146527898,1000.000100562656,1000.0005028414653,1000.0018860100641,1000.0054987044863,1000.0130128105637,1000.0261713115502,1000.0465702181056,1000.0756026013614,1000.1144444778928,1000.164034088478,1000.2250534852341,1000.2979258284806,1000.3828308950427,1000.4797340300789,1000.588421978913,1000.7085401243205,1000.8396275275674,1000.9811478455373,1001.1325153904905,1001.2931163381882,1001.4623254897524,1001.6395191688571,1001.824084878209,1002.0154283088289,1002.2129782307436,1002.4161897169644,1002.6245460764266,1002.8375598020149,1003.054772779351,1003.2757559511065,1003.5001085896528,1003.7274572968065,1003.9574548221349,1004.1897787695783,1004.4241302450432,1004.6602324842045,1004.8978294893094,1005.1366846956867,1005.3765796824304,1005.6173129369641,1005.8586986795701
0.04511999999999999,1000.0000123775054,1000.0000860669111,1000.0004360312754,1000.0016566309586,1000.0048894132339,1000.0116990996349,1000.0237521472078,1000.0425989299905,1000.0696080719438,1000.1059475738765,1000.1525629159246,1000.2101573095154,1000.279186389645,1000.3598703498,1000.4522195106584,1000.5560672531973,1000.6711050335729,1000.7969158730217,1000.9330042958848,1001.078821855068,1001.2337881295546,1001.3973074980579,1001.5687821918357,1001.7476221927266,1001.9332525289329,1002.1251184692145,1002.3226890490515,1002.5254592930394,1002.7329514330485,1002.9447153645075,1003.1603285344372,1003.3793954142864,1003.6015466774254,1003.8264381743237,1004.0537497769647,1004.2831841470121,1004.5144654687925,1004.7473381776208,1004.9815657057741,1005.2169292620467,1005.4532266559098,1005.6902711735299
0.045359999999999984,1000.0000104461213,1000.0000735938271,1000.0003777503191,1000.0014538027986,1000.0043436682273,1000.0105088605103,1000.021539218431,1000.0389376203856,1000.0640459327288,1000.0980215061966,1000.1418140483238,1000.196144667917,1000.2614981996321,1000.3381321884932,1000.4260992257695,1000.5252770554365,1000.635401378222,1000.7560977633475,1000.8869105600326,1001.0273278335092,1001.1768020968444,1001.334767045632,1001.5006507219273,1001.6738856160986,1001.8539162178769,1002.0402044886712,1002.2322336696052,1002.4295107773222,1002.6315680797557,1002.837963790256,1003.0482821719982,1003.2621332055003,1003.4791519398168,1003.6989976216827,1003.9213526757096,1004.1459215918026,1004.3724297625308,1004.6006223025845,1004.8302628741264,1005.061132535358,1005.293028624571,1005.5257636880741
0.0456,1000.0000088081792,1000.0000628712954,1000.0003269587226,1000.001274627748,1000.00385531504,1000.0094314792543,1000.0195166507779,1000.0355646685665,1000.0588885537665,1000.0906325674433,1000.1317478177253,1000.1829702121795,1000.2448106372875,1000.3175610099855,1000.4013135335291,1000.4959880562755,1000.6013626846105,1000.7171040971137,1000.8427953884076,1000.9779603653814,1001.1220839617092,1001.2746288851895,1001.435048849817,1001.6027988446151,1001.7773429091832,1001.9581598589268,1002.1447473546293,1002.3366246554772,1002.5333343397009,1002.7344432266406,1002.9395426899157,1003.1482485138611,1003.3602004141203,1003.5750613176214,1003.7925164763259,1004.0122724723822,1004.2340561589187,1004.4576135700894,1004.6827088255804,1004.9091230482028,1005.1366533080343,1005.3651116025751
0.04583999999999999,1000.0000074203836,1000.0000536623202,1000.0002827366862,1000.0011165021733,1000.003418741309,1000.0084571529393,1000.0176696349744,1000.032459747748,1000.0541097990504,1000.083748711299,1000.1223263477418,1000.1705904778751,1000.2290750206548,1000.2981033743299,1000.3778047466768,1000.4681388511167,1000.568924355802,1000.6798675880445,1000.8005892755035,1000.9306481570421,1001.0695610318184,1001.2168192733153,1001.3719020881704,1001.5342869161389,1001.7034573999141,1001.8789093383002,1002.0601549970157,1002.2467261026454,1002.4381757952364,1002.6340797681719,1002.8340367822553,1003.0376687050529,1003.2446201963548,1003.4545581356232,1003.6671708668653,1003.8821673198203,1004.0992760530438,1004.318244253847,1004.5388367216033,1004.7608348542674,1004.9840356526983,1005.2082507532759
0.04607999999999998,1000.000006245622,1000.0000457606995,1000.0002442714978,1000.0009770894123,1000.0030288347675,1000.0075768372202,1000.0159843684081,1000.0296037634022,1000.0496849638388,1000.0773394908588,1000.1135134946844,1000.1589638298188,1000.2142445576603,1000.2797077592627,1000.3555170950171,1000.4416699283548,1000.538023645244,1000.6443227436271,1000.7602244428888,1000.8853215684837,1001.0191621909917,1001.1612659633713,1001.3111373668415,1001.4682762071893,1001.6321857492537,1001.8023788733688,1001.9783826071815,1002.1597413441851,1002.3460190152109,1002.5368004357921,1002.7316920130944,1002.9303219619349,1003.1323401503572,1003.3374176709843,1003.5452462143899,1003.7555373044396,1003.96802144237,1004.182447195783,1004.3985802602666,1004.6162025146235,1004.8351110853641,1005.0551174319274
0.04632,1000.0000052521144,1000.0000389872137,1000.0002108458609,1000.0008542948344,1000.0026809441262,1000.006782196843,1000.014447999516,1000.0269787944928,1000.0455907149762,1000.071376000076,1000.1052747919887,1000.1480504109913,1000.2002743006007,1000.2623245208641,1000.3343966924609,1000.4165236426946,1000.5085996360424,1000.6104058498805,1000.7216348289364,1000.8419126074629,1000.9708178971721,1001.1078982067785,1001.2526830369698,1001.4046944394038,1001.5634552869293,1001.72849560899,1001.8993573243772,1002.0755976679905,1002.2567915680632,1002.4425331905358,1002.6324368305764,1002.8261372988399,1003.0232899222003,1003.2235702552434,1003.426673579326,1003.6323142500187,1003.8402249407286,1004.0501558197681,1004.2618736896748,1004.4751611108221,1004.6898155259704,1004.905648398144
0.04655999999999999,1000.0000044126735,1000.0000331862543,1000.000181827377,1000.0007462428892,1000.0023708423089,1000.0060655582671,1000.0130485737515,1000.0245680356522,1000.0418050314504,1000.0658308146647,1000.0975773932679,1000.137812089248,1000.1871210975993,1000.2459058504181,1000.3143914995572,1000.3926441833202,1000.4805932145118,1000.5780549498947,1000.6847560718727,1000.8003549165496,1000.9244601729621,1001.0566467465492,1001.1964688670479,1001.3434706777217,1001.497194613135,1001.6571878896293,1001.8230074191238,1001.9942234277828,1002.1704220257456,1002.3512069378983,1002.5362005715625,1002.7250445663728,1002.917399945023,1003.1129469609485,1003.3113847200867,1003.5124306382073,1003.7158197824735,1003.9213041354689,1004.1286518114797,1004.3376462480472,1004.5480853903657,1004.759780881782
0.04679999999999998,1000.0000037040645,1000.0000282228538,1000.0001566591017,1000.0006512560982,1000.0020946921578,1000.0054198647889,1000.0117749818608,1000.0223557414447,1000.0383071468062,1000.0606779346172,1000.0903900167397,1000.1282124051771,1000.1747435450279,1000.2304057321087,1000.2954512867952,1000.369977542823,1000.4539470445292,1000.5472098232509,1000.6495254938226,1000.7605837613099,1000.8800225974471,1001.007443812268,1001.1424260406062,1001.2845353303504,1001.4333336003975,1001.5883852627871,1001.7492622979001,1001.915548048794,1002.0868399701742,1002.2627515348548,1002.4429134690487,1002.6269744590805,1002.8146014468298,1003.0054796094815,1003.1993121008369,1003.3958196161565,1003.5947398299166,1003.7958267455414,1003.9988499877921,1004.2035940617121,1004.4098575965661,1004.6174525888396
0.04704,1000.0000031064504,1000.0000239800694,1000.000134851077,1000.0005678358453,1000.001849014476,1000.0048386340694,1000.0106169103896,1000.0203271726324,1000.0350774933262,1000.0558927282369,1000.0836828909054,1000.1192165209679,1000.1631019407322,1000.2157799013688,1000.277527598465,1000.3484714866565,1000.4286055424259,1000.5178119660435,1000.6158820855519,1000.7225360193064,1000.8374402989779,1000.960223116184,1001.0904871551636,1001.2278201501588,1001.3718033970317,1001.52201848417,1001.6780525097242,1001.8395020354878,1002.0059760018534,1002.1770977991805,1002.3525066620033,1002.5318585256535,1002.7148264609249,1002.9011007816142,1003.0903889020724,1003.2824150070445,1003.4769195837329,1003.6736588558591,1003.8724041511864,1004.0729412272049,1004.27506957421,1004.4786017105973
0.04727999999999999,1000.0000026029118,1000.0000203566784,1000.0001159727325,1000.0004946447906,1000.0016306581655,1000.0043159177195,1000.00956479389,1000.0184685436491,1000.0320976468402,1000.0514518761423,1000.0774276994864,1000.1107911677856,1000.1521582350221,1000.2019858002784,1000.2605737128983,1000.3280755183521,1000.4045148470883,1000.4898045656073,1000.5837664854622,1000.686150162949,1000.7966499414397,1000.9149198424657,1001.0405862140526,1001.1732582286833,1001.312536422971,1001.4580195150266,1001.6093097447083,1001.7660169710816,1001.9277617401438,1002.0941775102741,1002.2649121965827,1002.4396291703914,1002.6180078275082,1002.7997438191306,1002.9845490221879,1003.1721513115162,1003.3622941842136,1003.5547362765318,1003.7492508054474,1003.9456249603319,1004.1436592646758,1004.3431669233912
0.04751999999999998,1000.000002179032,1000.000017265157,1000.0000996461,1000.0004304908748,1000.0014367725894,1000.0038462633767,1000.0086097696856,1000.0167669726749,1000.0293502742035,1000.0473333180329,1000.0715975292369,1000.1029045961812,1000.1418759849015,1000.188982536468,1000.2445446065415,1000.3087408489512,1000.381622794696,1000.4631324803416,1000.5531209641662,1000.6513662484181,1000.7575897170902,1000.8714706435142,1000.9926586257816,1001.1207839981342,1001.255466374043,1001.3963215283493,1001.5429668418769,1001.6950255267058,1001.8521298335185,1002.0139234202957,1002.1800630379599,1002.3502196655603,1002.5240792064178,1002.701342837835,1002.8817270906413,1003.0649637209156,1003.2507994244897,1003.4389954350557,1003.6293270385918,1003.8215830301642,1004.0155651337152,1004.2110874010023
0.04776,1000.0000018225393,1000.0000146299027,1000.0000855397407,1000.0003743127165,1000.0012647818219,1000.0034246787228,1000.0077436343021,1000.0152104329437,1000.0268190814803,1000.0435161995453,1000.0661668171697,1000.0955265251943,1000.1322203062658,1000.1767308392848,1000.2293969146226,1000.2904203624106,1000.3598788888695,1000.4377422144302,1000.5238894034942,1000.6181258986031,1000.7201993330408,1000.8298136295853,1000.9466411964033,1001.0703332261373,1001.2005282187353,1001.3368589073464,1001.4789577890592,1001.6264614624585,1001.7790139615522,1001.9362692568906,1002.0978930736113,1002.2635641550886,1002.4329750811061,1002.605832731694,1002.7818584721697,1002.9607881214931,1003.1423717546633,1003.326373380311,1003.5125705266846,1003.7007537626362,1003.8907261748008,1004.0823028177277
0.04799999999999999,1000.000001522998,1000.0000123856782,1000.0000733633273,1000.0003251663408,1000.0011123608107,1000.0030465976464,1000.0069588020197,1000.0137877060488,1000.0244887639645,1000.0399808207638,1000.0611112992297,1000.0886280926984,1000.123157827158,1000.1651930168675,1000.2150888926237,1000.2730685817575,1000.3392342715558,1000.4135818933298,1000.4960172763363,1000.5863722869684,1000.684419998774,1000.7898883595738,1000.9024721231827,1001.021843011915,1001.1476581965452,1001.2795672456398,1001.4172177246429,1001.5602596304549,1001.7083488390346,1001.8611497281596,1002.0183371189612,1002.1795976607301,1002.3446307651825,1002.5131491796419,1002.6848792737516,1002.8595611014398,1003.0369482888374,1003.2168077895249,1003.3989195406832,1003.5830760472229,1003.7690819156028,1003.9567533546268
0.04823999999999998,1000.0000012715425,1000.0000104762478,1000.0000628628183,1000.000282213132,1000.0009774133346,1000.0027078484496,1000.0062482654608,1000.0124883371669,1000.0223449579591,1000.0367085862958,1000.056407960319,1000.0821818068791,1000.1146566419537,1000.1543329139806,1000.2015803783868,1000.2566416357994,1000.3196416944388,1000.3906012397938,1000.4694516270619,1000.5560501220722,1000.6501944144145,1000.7516358326658,1000.8600909892574,1000.9752517835944,1001.0967938175904,1001.2243833488602,1001.357682940863,1001.4963559795445,1001.6400702218765,1001.7885005295452,1001.9413309250606,1002.0982560903692,1002.258982411202,1002.4232286547253,1002.5907263540018,1002.7612199604359,1002.9344668147389,1003.1102369778997,1003.2883129560105,1003.4684893464114,1003.6505724273136,1003.8343797086641
0.048479999999999995,1000.0000010606487,1000.0000088531841,1000.0000538161555,1000.0002447088873,1000.0008580515766,1000.0024046238523,1000.0056055578494,1000.011302591651,1000.0203741935118,1000.0336819558034,1000.0520349842066,1000.076161496975,1000.1066862641644,1000.1441158678264,1000.1888327515786,1000.2410972226111,1000.3010554865832,1000.3687515456314,1000.4441410472252,1000.527105626958,1000.6174667534979,1000.7149984741499,1000.8194387521513,1000.9304992890883,1001.0478738555416,1001.1712452293351,1001.3002908799724,1001.4346875527193,1001.5741149055364,1001.7182583430774,1001.8668111784802,1002.01947623841,1002.1759670114178,1002.3360084251057,1002.4993373243236,1002.6657027108682,1002.834865794929,1003.0065998997549,1003.180690253577,1003.3569336965588,1003.5351383253085,1003.7151230931428
0.048719999999999986,1000.0000008839372,1000.0000074748272,1000.0000460294467,1000.0002119939286,1000.0007525773491,1000.0021334530206,1000.0050247174618,1000.0102214139025,1000.0185638495095,1000.0308843969779,1000.0479717059701,1000.0705422666629,1000.0992175820327,1000.1345086668401,1000.1768088963814,1000.2263945765369,1000.283431525931,1000.3479856476939,1000.4200356558961,1000.4994865235934,1000.5861826512188,1000.6799201271449,1000.780457738638,1000.8875265937546,1001.0008383477482,1001.120092108371,1001.2449801383934,1001.375192492869,1001.5104207321392,1001.6503608456418,1001.794715510535,1001.9431957957845,1002.0955224084207,1002.2514265651965,1002.410650560426,1002.5729480896271,1002.738084378789,1002.9058361606242,1003.0759915319248,1003.2483497200246,1003.4227207812163,1003.5989252496729
0.048960000000000004,1000.0000007360044,1000.0000063053747,1000.00003933357,1000.0001834841406,1000.0006594647444,1000.0018911752508,1000.0045002536709,1000.0092363875914,1000.0169021097555,1000.0283003390387,1000.0441985644314,1000.0653004468464,1000.0922228129106,1000.125479507644,1000.1654731617311,1000.2124944321608,1000.2667272072216,1000.3282578997797,1000.3970870754497,1000.4731420123469,1000.5562891873344,1000.6463460386342,1000.7430916335958,1000.8462760717599,1000.955628588808,1001.0708644117421,1001.1916904638585,1001.3178100413298,1001.4489265902107,1001.5847467096988,1001.7249824988082,1001.8693533521249,1002.0175872978209,1002.1694219587307,1002.3246052056712,1002.4828955616381,1002.6440624061586,1002.8078860209318,1002.9741575108794,1003.1426786287503,1003.3132615263838,1003.4857284514842
0.049199999999999994,1000.0000006122777,1000.0000053140895,1000.0000335811658,1000.0001586628833,1000.0005773441931,1000.0016749153958,1000.0040271148463,1000.0083396977121,1000.0153779208007,1000.025915127864,1000.0406970560668,1000.0604135497482,1000.085675458771,1000.1169979529813,1000.1547913224156,1000.1993589890506,1000.250901410639,1000.309524145256,1000.3752484080951,1000.4480227522531,1000.5277348699304,1000.6142228464535,1000.7072854699196,1000.8066913986125,1000.9121871254256,1001.0235037665904,1001.140362754085,1001.2624805380872,1001.3895724161836,1001.5213556058895,1001.657551670675,1001.7978884000396,1001.9421012331303,1002.0899343041226,1002.2411411768022,1002.3954853258593,1002.5527404135139,1002.7126904022776,1002.8751295378789,1003.0398622305754,1003.2067028581324,1003.3754755095827
0.049439999999999984,1000.0000005088921,1000.0000044746105,1000.0000286439717,1000.0001370737011,1000.0005049878279,1000.0014820609438,1000.0036006580269,1000.0075240944005,1000.0139809514552,1000.0237149826744,1000.0374496903095,1000.0558602242155,1000.0795502627511,1000.1090348905167,1000.1447305408974,1000.1869518771216,1000.2359144710106,1000.2917416902044,1000.3544742129314,1000.4240808418397,1000.5004696198048,1000.5834985669754,1000.6729856192227,1000.7687175445907,1000.8704577522757,1000.9779529994448,1001.090939056687,1001.2091454233346,1001.332299197375,1001.4601282072257,1001.592363508517,1001.7287413411859,1001.8690046325443,1002.0129041218244,1002.1601991717566,1002.3106583234467,1002.4640596423961,1002.6201908960466,1002.7788495966967,1002.9398429380125,1003.1029876485326,1003.2681097814809
0.04968,1000.0000004225831,1000.0000037643514,1000.0000244104639,1000.0001183137449,1000.0004412960307,1000.0013102405653,1000.0032166201114,1000.006782858131,1000.0127015534185,1000.0216869534808,1000.0344399451841,1000.0516202108574,1000.0738231649899,1000.1015624903741,1000.1352593273228,1000.1752381196516,1000.2217281441491,1000.2748692732296,1000.3347204792236,1000.4012697957639,1000.4744447502874,1000.5541225778835,1000.6401397773124,1000.7323007626533,1000.8303855020862,1000.9341561282188,1001.043362562842,1001.1577472325805,1001.2770489683259,1001.4010061864684,1001.5293594479691,1001.6618534852286,1001.7982387784728,1001.9382727543081,1002.0817206699923,1002.2283562383295,1002.377962040152,1002.5303297642458,1002.6852603083099,1002.8425637690962,1003.0020593451878,1003.1635751718768
0.04991999999999999,1000.0000003505966,1000.0000031639804,1000.0000207837745,1000.000102027869,1000.000385285148,1000.001157304237,1000.0028710908622,1000.0061097668682,1000.0115307239685,1000.0198188806787,1000.0316522251683,1000.0476742995025,1000.0684712608944,1000.0945541652441,1000.1263475022771,1000.164184099259,1000.2083055764152,1000.2588670387851,1000.3159446035218,1000.3795445256453,1000.4496129516218,1000.5260456058888,1000.6086969549922,1000.6973885820644,1000.7919166418135,1000.8920583606722,1000.9975776077858,1001.108229598936,1001.2237648146554,1001.3439322213452,1001.4684818843082,1001.5971670572296,1001.7297458257784,1001.8659823750122,1002.0056479420175,1002.1485215072146,1002.2943902703157,1002.4430499501755,1002.5943049417855,1002.7479683584154,1002.9038619823552,1003.0618161438132
0.05015999999999998,1000.0000002906111,1000.0000026569677,1000.0000176798541,1000.0000879033197,1000.0003360762289,1000.0010213046893,1000.0025604873251,1000.0054990645427,1000.010460069755,1000.0180993554334,1000.0290718194495,1000.0440042865858,1000.0634727588252,1000.0879845293749,1000.1179661578842,1000.1537575216993,1000.1956112715931,1000.2436965073329,1000.298105363167,1000.3588613168675,1000.4259282709356,1000.4992197096824,1000.5786074637773,1000.6639297966325,1000.754998663162,1000.8516060869689,1000.9535296651727,1001.0605372490561,1001.172390870378,1001.28884999305,1001.4096741719628,1001.53462519801,1001.6634688028453,1001.7959759899923,1001.9319240515099,1002.0710973220722,1002.2132877153723,1002.3582950813927,1002.5059274173761,1002.6560009602831,1002.8083401841365,1002.9627777218435
0.0504,1000.0000002406722,1000.0000022291935,1000.0000150258504,1000.0000756649716,1000.0002928847488,1000.0009004802056,1000.0022815298,1000.0049454311481,1000.0094817722078,1000.0165176816164,1000.0266848616319,1000.0405929338568,1000.0588069389627,1000.0818293586057,1000.1100876198251,1000.1439273804775,1000.1836110585098,1000.229320546207,1000.28116289049,1000.3391778060898,1000.4033460929571,1000.4735982636921,1000.5498229024877,1000.6318744539135,1000.7195802741619,1000.8127468733909,1000.9111653426972,1001.0146160004499,1001.1228723166927,1001.2357041863202,1001.3528806257015,1001.4741719662867,1001.5993516145214,1001.7281974415347,1001.860492859485,1001.9960276347538,1002.1345984817315,1002.2760094749597,1002.4200723119677,1002.5666064543192,1002.7154391701409,1002.8664054977282
0.05063999999999999,1000.0000001991356,1000.0000018686089,1000.0000127586832,1000.0000650710647,1000.0002550112428,1000.0007932386891,1000.0020312192855,1000.0044439543891,1000.0085885544885,1000.0150638392261,1000.0244782908225,1000.0374239283341,1000.0544541132679,1000.0760655513437,1000.1026854101625,1000.1346639221546,1000.1722720592613,1000.2157033410248,1000.2650786475288,1000.3204529592768,1000.3818231212749,1000.4491359424278,1000.5222961444905,1000.6011738451385,1000.685611391555,1000.7754294569561,1000.8704323787169,1000.9704127598884,1001.0751553819732,1001.1844404908162,1001.2980465232232,1001.4157523423116,1001.5373390466548,1001.6625914134567,1001.7912990302375,1001.923257163466,1002.0582674066372,1002.1961381446994,1002.3366848666083,1002.4797303531822,1002.6251047633606,1002.7726456383986
0.05087999999999998,1000.0000001646193,1000.0000015649426,1000.0000108237889,1000.0000559093814,1000.0002218327589,1000.0006981428671,1000.0018068162157,1000.003990102613,1000.0077736495963,1000.013728448734,1000.0224398133341,1000.0344818424966,1000.0503955852512,1000.0706710888874,1000.0957342090328,1000.1259386100412,1000.161562655361,1000.2028103645754,1000.2498153978016,1000.302647046387,1000.3613173558869,1000.4257887007706,1000.4959813205696,1000.5717804904745,1000.6530431282434,1000.7396037348451,1000.8312796334511,1000.9278755161782,1001.0291873359243,1001.1350055964829,1001.2451181015588,1001.3593122251618,1001.4773767641368,1001.5991034297779,1001.7242880305292,1001.8527313923756,1001.9842400580999,1002.118626801379,1002.2557109868684,1002.3953188030496,1002.5372833907148,1002.68144488652
0.05112,1000.0000001359634,1000.0000013094468,1000.0000091740208,1000.0000479938408,1000.000192795107,1000.0006138966685,1000.0016058206462,1000.0035796993743,1000.0070307702352,1000.0125027372959,1000.0205578663408,1000.0317520965104,1000.0466136118647,1000.0656249979754,1000.0892098186968,1000.1177240904143,1000.1514524566057,1000.1906083486551,1000.2353371812862,1000.2857216195536,1000.3417880745473,1000.4035137583854,1000.4708338062512,1000.5436481290792,1000.6218277858745,1000.7052207593048,1000.7936570859923,1000.8869533390724,1000.9849164901945,1001.0873471956754,1001.1940425605351,1001.304798437378,1001.4194113165637,1001.5376798612677,1001.6594061368975,1001.7843965795647,1001.9124627433972,1002.0434218616629,1002.1770972521673,1002.3133185932403,1002.4519220929059,1002.5927505705231
0.05135999999999999,1000.0000001121947,1000.0000010946794,1000.0000077686819,1000.0000411614509,1000.0001674058033,1000.0005393326074,1000.0014259536215,1000.003208899205,1000.006354079793,1000.0113785058803,1000.018821582174,1000.0292209207504,1000.0430913652858,1000.0609073127914,1000.0830891265837,1000.1099941572621,1000.1419122680136,1000.1790652535312,1000.221609286606,1000.2696394880732,1000.3231958105505,1000.38226958022,1000.4468102048926,1000.5167317046223,1000.5919188426114,1000.6722327274811,1000.7575158260088,1000.8475963726542,1000.9422921932571,1001.0414139793661,1001.1447680601433,1001.2521587233449,1001.3633901374903,1001.4782679254455,1001.5966004362873,1001.718199758192,1001.8428825106699,1001.9704704500605,1002.1007909179979,1002.2336771586517,1002.3689685270087,1002.506510607293
0.05159999999999998,1000.0000000924979,1000.0000009143149,1000.0000065726792,1000.0000352695973,1000.0001452276778,1000.0004734001658,1000.0012651397834,1000.0028741647625,1000.0057381647503,1000.0103480978258,1000.0172207539999,1000.0268753196173,1000.0398128958929,1000.0564990380402,1000.0773500692961,1000.1027237178871,1000.1329140575376,1000.1681502381222,1000.2085982238963,1000.2543646940637,1000.3055023311913,1000.3620158577114,1000.4238683315241,1000.4909873516151,1000.5632709417854,1000.6405929722116,1000.7228080464909,1000.8097558298513,1000.9012648265145,1000.9971556346641,1001.0972437193132,1001.2013417491668,1001.3092615452679,1001.4208156882517,1001.5358188284375,1001.6540887394862,1001.7754471524272,1001.899720402856,1002.0267399202016,1002.1563425843104,1002.2883709712352,1002.4226735070934
0.05184,1000.0000000761904,1000.0000007629826,1000.0000055557833,1000.0000301936285,1000.0001258730874,1000.000415155105,1000.0011214911534,1000.0025722452874,1000.0051780084583,1000.0094043687627,1000.0157458028107,1000.024703036586,1000.0367630963574,1000.0523821130216,1000.0719715974858,1000.0958887592689,1000.124430924442,1000.1578336307673,1000.1962716982104,1000.239862488635,1000.288670616735,1000.3427134905164,1000.4019671972479,1000.4663723823484,1000.5358398812142,1000.6102559535526,1000.689487037309,1000.7733839878455,1000.8617858013807,1000.9545228434015,1001.0514196158405,1001.1522971037856,1001.2569747452096,1001.3652720671301,1001.4770100297603,1001.5920121173132,1001.7101052107016,1001.8311202737603,1001.9548928810369,1002.0812636117838,1002.2100783316231,1002.341188380474
0.05207999999999999,1000.0000000627016,1000.0000006361265,1000.0000046919804,1000.0000258247068,1000.0001089986724,1000.0003637496163,1000.0009932919545,1000.0023001561858,1000.0046689660105,1000.0085406575083,1000.0143877451897,1000.0226925197534,1000.0339276659103,1000.0485393755024,1000.0669336401322,1000.0894663134169,1000.1164370662563,1000.1480868981674,1000.1845985807048,1000.2260993054638,1000.272664836437,1000.3243245649586,1000.3810669900416,1000.4428452699406,1000.5095825983581,1000.581177245891,1000.657507174119,1000.7384341786067,1000.8238075512837,1000.9134672754482,1001.007246780865,1001.1049752944815,1001.2064798259837,1001.311586828194,1001.4201235711687,1001.5319192665654,1001.6468059759078,1001.7646193331584,1001.8851991087408,1002.0083896389893,1002.1340401420343,1002.2620049384049
0.05231999999999998,1000.0000000515544,1000.0000005298862,1000.0000039589077,1000.0000220679048,1000.000094300632,1000.0003184233079,1000.0008789845505,1000.0020551599317,1000.0042067405896,1000.0077507585568,1000.0131381627668,1000.0208328891629,1000.0312930764628,1000.0449545275329,1000.062217070864,1000.0834344248885,1000.1089077480437,1000.1388826168177,1000.1735488825186,1000.2130427372916,1000.2574503277367,1000.3068123359187,1000.3611290592859,1000.4203656354034,1000.4844571597941,1000.5533135296755,1000.626823912189,1000.7048607846509,1000.7872835291871,1000.873941587834,1000.9646771994372,1001.0593277487345,1001.1577277626318,1001.2597105902685,1001.3651098030235,1001.4737603489006,1001.5854994932723,1001.7001675751352,1001.8176086050664,1001.9376707281664,1002.0602065724922,1002.1850735009158
0.052559999999999996,1000.0000000423507,1000.0000004409934,1000.0000033373606,1000.0000188405133,1000.0000815104545,1000.0002784949204,1000.0007771563187,1000.0018347480078,1000.0037873608477,1000.0070288955093,1000.0119891724437,1000.0191139046548,1000.028846538953,1000.0416121011397,1000.0578036737797,1000.0777721174107,1000.1018192703709,1000.1301944427413,1000.1630937265692,1000.2006615099672,1000.2429935726386,1000.2901412055754,1000.3421158968292,1000.3988942309489,1000.4604227466533,1000.5266225788525,1000.597393775691,1000.6726192300356,1000.7521682001393,1000.8358994187031,1000.9236638057341,1001.0153068105668,1001.1106704139064,1001.2095948231056,1001.3119198941139,1001.4174863123856,1001.5261365630469,1001.6377157181735,1001.7520720663878,1001.8690576073193,1001.9885284308986,1002.1103449990325
0.052799999999999986,1000.000000034759,1000.0000003666842,1000.0000028108633,1000.0000160705454,1000.0000703910748,1000.0002433547482,1000.0006865274772,1000.0016366239696,1000.0034071595131,1000.0063696957753,1000.0109333978872,1000.0175259349476,1000.0265759708541,1000.0384974250941,1000.0536761102496,1000.0724593613909,1000.095148938084,1000.1219970819644,1000.153205320035,1000.1889254571436,1000.2292621747388,1000.274276702798,1000.3239911187238,1000.3783929240029,1000.4374396408111,1000.5010632491133,1000.5691743478658,1000.6416659723002,1000.7184170348423,1000.799295382366,1000.8841604794525,1000.9728657381403,1001.0652605209457,1001.1611918470136,1001.2605058321286,1001.3630488927068,1001.4686687423608,1001.5772152075615,1001.6885408865825,1001.8025016735016,1001.9189571666541,1002.0377709786727
0.053039999999999976,1000.0000000285023,1000.0000003046231,1000.0000023652957,1000.0000136954113,1000.000060733417,1000.0002124577161,1000.0006059398047,1000.0014586875755,1000.0030627531638,1000.0057681664866,1000.009963942236,1000.0160599278901,1000.0244699647845,1000.0355965926918,1000.0498178866276,1000.067477042237,1000.0888750298013,1000.1142662616269,1000.1438569274153,1000.177805495509,1000.2162248367583,1000.2591854630385,1000.3067194474721,1000.3588246817526,1000.4154692116515,1000.4765954667598,1000.5421242618665,1000.611958495148,1000.6859865040308,1000.764085065233,1000.8461220431577,1000.9319587023865,1001.0214517070558,1001.1144548336713,1001.2108204253893,1001.3104006157147,1001.4130483484809,1001.5186182192765,1001.6269671614573,1001.7379549977082,1001.8514448759493,1001.9673036062745
0.053279999999999994,1000.0000000233509,1000.0000002528392,1000.0000019885686,1000.0000116607492,1000.0000523532849,1000.0001853170413,1000.0005343461603,1000.001299019848,1000.0027510229771,1000.0052196713501,1000.0090743616336,1000.0147073813635,1000.0225177575295,1000.0328964296594,1000.0462133217713,1000.0628069281432,1000.0829767665178,1000.1069786998463,1000.1350228419876,1000.1672735980718,1000.2038513357993,1000.2448352056299,1000.2902666913774,1000.3401535525153,1000.3944738993811,1000.4531802138717,1000.5162031876625,1000.5834552969657,1000.654834068479,1000.7302250171803,1000.8095042548825,1000.8925407807142,1000.9791984724093,1001.0693378017056,1001.1628172992025,1001.2594947944551,1001.3592284564309,1001.4618776581126,1001.567303687308,1001.6753703237993,1001.7859443009899,1001.898895668266
0.053519999999999984,1000.0000000191134,1000.0000002096704,1000.0000016703417,1000.0000099193923,1000.000045088578,1000.0001614984741,1000.0004708008308,1000.0011558691732,1000.0024690966841,1000.0047199088373,1000.0082586402068,1000.0134603157187,1000.0207092006799,1000.0303844637568,1000.0428475163409,1000.0584316397496,1000.0774342821965,1000.1001120777063,1000.1266783595484,1000.1573027699072,1000.1921125012652,1000.2311947139685,1000.2745997270158,1000.3223446504758,1000.3744172019716,1000.4307795173635,1000.4913718231045,1000.5561158837747,1000.62491817371,1000.6976727478849,1000.774263805955,1000.8545679562025,1000.9384561944795,1001.025795618249,1001.1164508984278,1001.2102855326422,1001.307162903272,1001.4069471626749,1001.5095039665441,1001.6147010746779,1001.7224088366562,1001.832500578143
0.05376,1000.0000000156307,1000.0000001737163,1000.0000014017807,1000.0000084304596,1000.000038796791,1000.0001406150387,1000.0004144505826,1000.0010276382455,1000.0022143314287,1000.0042648912637,1000.0075111658458,1000.0123112468623,1000.0190347317053,1000.028048894551,1000.0397063219701,1000.0543346193501,1000.0722285935668,1000.0936450101034,1000.1187997506654,1000.1478670220788,1000.1809801906253,1000.2182338132243,1000.2596864789328,1000.305364137362,1000.3552636587698,1000.4093564344541,1000.4675918811604,1000.5299007581266,1000.5961982404349,1000.6663867186899,1000.740358314171,1000.8179971119632,1000.8991811234788,1000.9837839953449,1001.0716764847481,1001.162727722696,1001.2568062868182,1001.353781104691,1001.4535222075187,1001.5559013525676,1001.6607925311646,1001.7680723774538
0.05399999999999999,1000.0000000127711,1000.000000143799,1000.000001175344,1000.0000071585546,1000.000033352779,1000.0001223222554,1000.0003645264176,1000.0009128718966,1000.0019842976421,1000.0038509249617,1000.0068267071158,1000.0112531604725,1000.0174853461288,1000.0258785642382,1000.0367763114162,1000.0505001010022,1000.0673415707516,1000.0875570173545,1000.1113642336348,1000.1389413462193,1000.1704272658117,1000.205923348671,1000.2454958999625,1000.2891792047587,1000.3369788347717,1000.3888750388403,1000.4448260779012,1000.504771408801,1000.5686346558548,1000.6363263353945,1000.7077463179573,1000.7827860265613,1000.8613303789244,1000.9432594875504,1001.0284501352064,1001.1167770451178,1001.2081139657572,1001.3023345897923,1001.399313325892,1001.4989259408856,1001.6010500883824,1001.7055657384965
0.05423999999999998,1000.0000000104253,1000.0000001189275,1000.0000009846012,1000.0000060730615,1000.0000286467597,1000.000106313803,1000.000320335981,1000.0008102457581,1000.0017767638776,1000.0034745914959,1000.0062003912474,1000.0102794872961,1000.0160525707469,1000.0238629294533,1000.0340447496238,1000.0469130814695,1000.0627559086442,1000.0818284974795,1000.104349948048,1000.1305016896702,1000.1604275701367,1000.194235164514,1000.2319979520361,1000.2737580569166,1000.3195293054094,1000.369300407408,1000.423038121063,1000.4806903011262,1000.5421887656362,1000.6074519417764,1000.6763872713273,1000.7488933702923,1000.8248619471267,1000.904179490529,1000.9867287417992,1001.0723899689862,1001.1610420609591,1001.2525634595486,1001.3468329473114,1001.4437303074945,1001.5431368715836,1001.6449359685138
0.05448,1000.0000000085028,1000.0000000982698,1000.0000008240746,1000.0000051475266,1000.0000245825279,1000.0000923175775,1000.000281256558,1000.0007185556605,1000.0015896824724,1000.0031327297278,1000.0056276829366,1000.0093840791503,1000.0147284374003,1000.021992033425,1000.0314995648879,1000.0435592909887,1000.0584550978147,1000.076440697706,1000.0977359272683,1000.1225249292222,1000.1509559035082,1000.1831420807209,1000.219163584709,1000.2590698910062,1000.3028826385262,1000.3505986038876,1000.4021926953185,1000.4576208637878,1000.5168228621661,1000.579724809195,1000.6462415347316,1000.7162786971779,1000.7897346742299,1000.866502235038,1000.9464700063181,1001.0295237475632,1001.1155474517622,1001.2044242883561,1001.2960374048288,1001.3902706025801,1001.4870089017243,1001.586139008311
0.05471999999999999,1000.0000000069284,1000.0000000811278,1000.0000006891024,1000.0000043591162,1000.0000210758667,1000.0000800921304,1000.0002467286597,1000.0006367078214,1000.0014211761655,1000.0028224189765,1000.0051043643571,1000.0085611862371,1000.0135054581383,1000.0202564795991,1000.0291293215623,1000.0404251656619,1000.0544233971323,1000.0713756877963,1000.0915020728557,1000.1149888469444,1000.141987999893,1000.1726178722789,1000.2069647163084,1000.2450848802015,1000.2870073793962,1000.3327366657812,1000.3822554510557,1000.4355274793836,1000.4925001767942,1000.553107130423,1000.6172703703779,1000.684902441669,1000.7559082641933,1000.8301867860861,1000.9076324405844,1000.9881364195104,1001.0715877780801,1001.1578743863491,1001.2468837425369,1001.3385036629378,1001.4326228623098,1001.5291314376367
0.05495999999999998,1000.0000000056406,1000.0000000669163,1000.0000005757213,1000.0000036881414,1000.0000180531309,1000.0000694234406,1000.00021625012,1000.0005637096925,1000.0012695254715,1000.0025409629712,1000.0046265159391,1000.007805435141,1000.0123766009325,1000.0186474056277,1000.0269231929061,1000.0374978197293,1000.0506458059897,1000.0666163326816,1000.0856291279953,1000.1078721047157,1000.1335005031854,1000.1626372465653,1000.1953742129123,1000.2317741543221,1000.2718730330462,1000.3156825883437,1000.3631929899747,1000.4143754715722,1000.4691848684569,1000.5275620096611,1000.5894359335427,1000.6547259111625,1000.7233432724186,1000.7951930375781,1000.8701753620189,1000.9481868052987,1001.0291214375694,1001.1128717972474,1001.1993297140212,1001.2883870109617,1001.3799360988575,1001.4738704750616
0.0552,1000.000000004588,1000.0000000551449,1000.0000004805653,1000.0000031176424,1000.0000154499872,1000.0000601219992,1000.0001893706892,1000.000498661476,1000.0011331568638,1000.0022858747168,1000.004190498129,1000.0071118078395,1000.0113352664026,1000.0171564583467,1000.024870934876,1000.0347650187333,1000.0471080373566,1000.0621462658661,1000.080098651642,1000.1011542194277,1000.1254709437103,1000.1531758213279,1000.1843658679253,1000.2191097810738,1000.2574500471841,1000.299405309192,1000.3449728513416,1000.394131092917,1000.4468420130411,1000.5030534533404,1000.5627012647265,1000.6257112794157,1000.6920011003327,1000.7614817079741,1000.8340588902907,1000.9096345047582,1000.9881075839966,1001.0693752974616,1001.1533337821326,1001.239878855013,1001.3289066197945,1001.4203139793458
0.05543999999999999,1000.0000000037285,1000.0000000454037,1000.0000004007785,1000.0000026330251,1000.0000132102962,1000.0000520201814,1000.0001656870878,1000.0004407482689,1000.0010106317234,1000.002054862225,1000.0037929340792,1000.0064756216751,1000.0103752655064,1000.0157757696894,1000.0229628608105,1000.032215153515,1000.0437964916009,1000.0579498635328,1000.0748929933058,1000.0948155387704,1000.1178777152661,1000.1442101031739,1000.1739143821435,1000.2070647477665,1000.2437097956088,1000.2838746934076,1000.3275634987585,1000.3747615132755,1000.4254375933297,1000.4795463615482,1000.5370302824779,1000.5978215806842,1000.6618439907487,1000.7290143367844,1000.7992439448564,1000.8724398955765,1000.9485061266141,1001.0273443962691,1001.1088551198851,1001.1929380909704,1001.2794930985963,1001.3684204521031
0.05567999999999998,1000.0000000030271,1000.0000000373499,1000.0000003339401,1000.000002221744,1000.0000112851193,1000.0000449698723,1000.0001448384745,1000.0003892327674,1000.0009006359563,1000.0018458149766,1000.0034306930788,1000.0058925100273,1000.0094907978353,1000.014497933072,1000.0211898164051,1000.0298372142921,1000.0406982301555,1000.0540122182402,1000.069995267162,1000.0888372160764,1000.1107000509547,1000.1357174645775,1000.1639953420749,1000.1956129410358,1000.2306245593775,1000.2690615161612,1000.3109343042295,1000.3562348052704,1000.4049384858228,1000.4570065161371,1000.5123877727162,1000.5710207001794,1000.6328350193783,1000.697753277057,1000.7656922383422,1000.8365641274988,1000.9102777251024,1000.9867393314242,1001.0658536066686,1001.1475242989808,1001.2316548710148,1001.3181490354498
0.05592,1000.0000000024556,1000.0000000306973,1000.0000002780002,1000.0000018730256,1000.00000963184,1000.0000388403364,1000.0001265023193,1000.0003434485486,1000.0008019703496,1000.001656791261,1000.0031008749817,1000.0053584040833,1000.0086764311005,1000.0133159810434,1000.0195431560282,1000.0276207661469,1000.0378009506719,1000.0503191141933,1000.0653893278338,1000.0832011869489,1000.1039180009234,1000.1276761229428,1000.1545852004745,1000.1847291289504,1000.2181675105421,1000.2549374481002,1000.2950555351914,1000.3385199329315,1000.385312450945,1000.4354005724327,1000.4887393818703,1000.5452733685592,1000.6049380905947,1000.6676616923282,1000.7333662746004,1000.8019691214059,1000.87338378959,1000.9475210700456,1001.0242898299281,1001.1035977458604,1001.1853519381348,1001.2694595156555
0.05615999999999999,1000.0000000019902,1000.0000000252071,1000.0000002312248,1000.0000015776272,1000.0000082133857,1000.0000335162989,1000.0001103906317,1000.0003027938459,1000.0007135415286,1000.001486006186,1000.0028007953271,1000.0048695152755,1000.0079270812079,1000.0122233634064,1000.0180147193441,1000.0255559246301,1000.0350929620679,1000.0468570021654,1000.0610597455737,1000.077890145026,1000.0975124089797,1000.1200651182779,1000.1456612552314,1000.1743889412185,1000.2063126937414,1000.2414750383562,1000.2798983389379,1000.3215867375169,1000.3665281202225,1000.4146960477166,1000.466051606603,1000.5205451528276,1000.5781179294331,1000.6387035496494,1000.702229342687,1000.7686175641707,1000.8377864763156,1000.9096513050124,1000.9841250822286,1001.0611193827646,1001.1405449645885,1001.2223123218458
0.05639999999999998,1000.0000000016115,1000.0000000206804,1000.0000001921483,1000.0000013276282,1000.0000069975398,1000.0000288962232,1000.0000962465272,1000.0002667258136,1000.0006343535415,1000.0013318204267,1000.0025279712809,1000.0044223185932,1000.0072379932361,1000.0112139262437,1000.0165968088252,1000.0236333322189,1000.0325631603869,1000.0436129751873,1000.056991782161,1000.0728875184194,1000.0914648898428,1000.1128642914741,1000.137201628841,1000.1645688499691,1000.1950350083653,1000.2286476981318,1000.2654347276404,1000.3054059239524,1000.3485549841095,1000.394861310392,1000.4442917842607,1000.4968024480035,1000.5523400744081,1000.6108436134828,1000.6722455117613,1000.7364729044871,1000.8034486843168,1000.8730924524434,1000.9453213594558,1001.0200508440463,1001.0971952780122,1001.1766685259979
0.056639999999999996,1000.0000000013038,1000.0000000169515,1000.0000001595336,1000.000001116247,1000.0000059563347,1000.0000248907684,1000.0000838411055,1000.0002347552467,1000.000563500031,1000.0011927296689,1000.0022801083563,1000.0040135367294,1000.0066047232751,1000.0102818918068,1000.0152821681069,1000.0218441355822,1000.0302010054187,1000.0405747449418,1000.053171367456,1000.0681774467567,1000.0857578069531,1000.1060542631083,1000.1291852483711,1000.1552461510079,1000.1843101911845,1000.2164296847537,1000.2516375638407,1000.2899490477602,1000.3313633803276,1000.3758655696937,1000.423428083902,1000.4740124694051,1000.5275708709917,1000.5840474403011,1000.6433796267387,1000.705499349505,1000.7703340529739,1000.8378076500815,1000.9078413599759,1000.980354447127,1001.0552648695649,1001.1324898440515
0.056879999999999986,1000.0000000010538,1000.0000000138826,1000.0000001323369,1000.0000009376832,1000.0000050655163,1000.0000214214049,1000.0000729706095,1000.0002064417087,1000.0005001569263,1000.001067354657,1000.0020550877791,1000.0036401248719,1000.0060231208711,1000.0094218389287,1000.0140639607473,1000.0201799630979,1000.0279964973892,1000.0377306180278,1000.0495850756012,1000.0637447576441,1000.0803742494675,1000.0996164111925,1000.1215918241402,1000.1463989435529,1000.1741147972335,1000.2047960837557,1000.2384805437628,1000.2751884995993,1000.3149244796183,1000.3576788626206,1000.4034294943644,1000.4521432418032,1000.5037774617917,1000.5582813697315,1000.6155973003338,1000.6756618577092,1000.7384069556625,1000.8037607516562,1000.8716484796474,1000.9419931880986,1001.0147163900674,1001.0897386325303
0.057119999999999976,1000.000000000851,1000.0000000113591,1000.0000001096791,1000.0000007869816,1000.0000043040731,1000.0000184191792,1000.0000634538526,1000.0001813890705,1000.0004435756863,1000.0009544319231,1000.0018509546551,1000.0032992564028,1000.0054893124683,1000.0086286845136,1000.0129357501351,1000.0186329035864,1000.0259401549371,1000.0350694735823,1000.0462201026626,1000.0595749446579,1000.0752980108866,1000.0935328506711,1000.1144018302705,1000.1380061119852,1000.1644261828591,1000.1937227932917,1000.2259381831234,1000.2610974924847,1000.2992102743584,1000.3402720439196,1000.3842658155796,1000.4311635920129,1000.4809277803649,1000.5335125195271,1000.5888649091274,1000.6469261360144,1000.7076324978099,1000.7709163258364,1000.8367068116041,1000.9049307422761,1000.9755131512621,1001.0483778904522
0.057359999999999994,1000.0000000006866,1000.0000000092862,1000.0000000908199,1000.0000006599115,1000.0000036538204,1000.0000158236088,1000.0000551298833,1000.0001592414029,1000.0003930770066,1000.0008528050626,1000.0016659067313,1000.0029883092027,1000.0049996854283,1000.0078976655378,1000.0118914798032,1000.017195485311,1000.024022993189,1000.0325807408112,1000.0430642439728,1000.0556541448193,1000.0705135669375,1000.0877864119425,1000.107596484036,1000.1300473061654,1000.1552224871101,1000.1831865066695,1000.213985800851,1000.2476500467081,1000.2841935646796,1000.323616773384,1000.3659076470144,1000.4110431384387,1000.4589905418156,1000.5097087771649,1000.5631495861057,1000.6192586331862,1000.6779765111372,1000.7392396512342,1000.8029811419644,1000.8691314605542,1000.9376191227634,1001.0083712568222
0.057599999999999985,1000.0000000005534,1000.0000000075847,1000.0000000751368,1000.0000005528663,1000.000003099037,1000.0000135816961,1000.0000478558721,1000.0001396792138,1000.000348044992,1000.0007614165861,1000.0014982838271,1000.0027048526928,1000.0045508728339,1000.0072243218573,1000.0109254545555,1000.0158606557791,1000.022236502611,1000.0302543772639,1000.0401058721808,1000.0519691167382,1000.0660060540904,1000.0823606199853,1000.101157725788,1000.1225029223106,1000.146482613678,1000.1731646954324,1000.2025995033583,1000.2348209753237,1000.2698479451702,1000.3076855037566,1000.348326376751,1000.3917522812908,1000.4379352341026,1000.4868387921921,1000.5384192139895,1000.5926265340975,1000.6494055487854,1000.7086967123416,1000.7704369465193,1000.8345603667907,1000.9009989300828,1000.969683009245
0.05784,1000.0000000004458,1000.0000000061895,1000.0000000621067,1000.000000462773,1000.0000026261453,1000.0000116470508,1000.0000415052021,1000.0001224160053,1000.0003079217672,1000.0006793003166,1000.0013465578961,1000.0024466355778,1000.004139739039,1000.0066044797862,1000.0100323223653,1000.0146217623023,1000.0205726285932,1000.0280808478049,1000.0373339159562,1000.0485072193693,1000.0617612486471,1000.077239674018,1000.0950681993851,1000.1153540843511,1000.1381862133004,1000.163635592895,1000.1917561692659,1000.2225858700913,1000.256147792047,1000.2924514691235,1000.3314941710772,1000.3732621933407,1000.4177321099181,1000.4648719691801,1000.5146424192131,1000.5669977546748,1000.621886881172,1000.6792541962408,1000.7390403882414,1000.8011831560583,1000.8656178535678,1000.9322780635
0.05807999999999999,1000.0000000003587,1000.0000000050464,1000.0000000512907,1000.0000003870167,1000.0000022234301,1000.0000099791077,1000.0000359657423,1000.0001071951166,1000.0002722024758,1000.0006055742607,1000.0012093236272,1000.0022115741571,1000.0037633657839,1000.0060342362029,1000.0092070567309,1000.0134725329088,1000.0190237512523,1000.0260511036479,1000.0347378385841,1000.0452563904698,1000.0577655453335,1000.0724084264589,1000.0893112317157,1000.1085826241717,1000.1303136648417,1000.1545781761537,1000.1814334324018,1000.2109210855014,1000.2430682482211,1000.2778886710172,1000.3153839616133,1000.3555448080436,1000.3983521757713,1000.4437784577274,1000.4917885627991,1000.5423409335982,1000.5953884884649,1000.6508794858012,1000.708758311152,1000.7689661891322,1000.8314418234614,1000.8961219691256
0.05831999999999998,1000.0000000002883,1000.0000000041108,1000.000000042321,1000.0000003233746,1000.0000018807948,1000.000008542432,1000.000031138293,1000.0000937868487,1000.0002404306804,1000.000539434,1000.001085289675,1000.0019977413675,1000.0034190391333,1000.0055099435591,1000.0084449400072,1000.0124070582997,1000.0175826663452,1000.0241565625665,1000.032307617804,1000.042205126378,1000.0540059372947,1000.0678523633834,1000.0838708138207,1000.1021710635689,1000.1228460582157,1000.1459721500723,1000.1716096669221,1000.1998037250728,1000.2305852107952,1000.2639718671177,1000.2999694352052,1000.3385728106009,1000.3797671841858,1000.423529145753,1000.4698277347023,1000.5186254276449,1000.569879056876,1000.6235406568688,1000.679558238354,1000.7378764913128,1000.7984374194632,1000.8611809096653
0.05856,1000.0000000002316,1000.0000000033457,1000.0000000348889,1000.0000002699583,1000.0000015895453,1000.0000073061021,1000.0000269351843,1000.0000819858344,1000.0002121941034,1000.0004801465072,1000.0009732703791,1000.001803356352,1000.0031042369449,1000.0050281953928,1000.0077415471793,1000.011419774155,1000.0162425664123,1000.0223890891909,1000.030033725573,1000.039342461536,1000.0504699956481,1000.0635575843401,1000.0787315811754,1000.096102595162,1000.115765176061,1000.137797929822,1000.1622639707858,1000.189211625813,1000.218675316535,1000.2506765577457,1000.2852250214331,1000.3223196264673,1000.3619496231797,1000.4040956499147,1000.4487307451269,1000.4958213038631,1000.5453279716436,1000.5972064720113,1000.6514083664919,1000.7078817475522,1000.7665718664741,1000.827421698988
0.05879999999999999,1000.0000000001859,1000.0000000027205,1000.0000000287365,1000.0000002251658,1000.0000013422033,1000.0000062431627,1000.0000232790144,1000.0000716086429,1000.0001871207062,1000.000427044402,1000.0008721780132,1000.0016267746313,1000.0028166170006,1000.0045858125432,1000.0070927303619,1000.0105054441731,1000.0149970226458,1000.0207409760123,1000.0279071085112,1000.0366579486679,1000.047145849659,1000.0595107827636,1000.0738787945421,1000.0903610638579,1000.1090534759512,1000.1300366239456,1000.153376149754,1000.179123343205,1000.2073159278785,1000.2379789729068,1000.2711258806924,1000.3067594104543,1000.3448727063691,1000.3854503066812,1000.4284691165319,1000.4738993324695,1000.5217053107795,1000.5718463750677,1000.6242775610567,1000.6789502984691,1000.7358130312757,1000.7948117785836
0.05903999999999998,1000.000000000149,1000.0000000022103,1000.0000000236482,1000.0000001876392,1000.0000011323433,1000.0000053301397,1000.0000201015176,1000.0000624916006,1000.0001648750817,1000.0003795206163,1000.0007810155314,1000.0014664788494,1000.0025540057665,1000.0041798300336,1000.0064946039873,1000.009659143802,1000.0138399674421,1000.0192049250518,1000.0259191689838,1000.0341416395624,1000.0440221674903,1000.0556992269264,1000.0692983213322,1000.0849309487965,1000.1026940730695,1000.1226700178722,1000.1449267018289,1000.1695181366316,1000.1964851193836,1000.2258560597852,1000.2576478927353,1000.2918670363142,1000.3285103635749,1000.3675661639368,1000.4090150761992,1000.4528309803424,1000.4989818394453,1000.5474304863654,1000.5981353523987,1000.6510511371101,1000.7061294199938,1000.7633192156846
0.05928,1000.0000000001194,1000.0000000017941,1000.0000000194436,1000.0000001562286,1000.0000009544488,1000.0000045466122,1000.0000173425465,1000.0000544888053,1000.0001451551278,1000.0003370234227,1000.0006988697467,1000.0013210699968,1000.0023143876546,1000.0038074844501,1000.0059435304536,1000.0088762443684,1000.0127656772623,1000.0177740297229,1000.0240617462458,1000.0317840657679,1000.0410881367,1000.05211074047,1000.0649766163697,1000.0797973445171,1000.0966707219184,1000.115680556284,1000.1368968003636,1000.1603759532917,1000.1861616624934,1000.2142854683811,1000.2447676431931,1000.2776180841413,1000.312837229091,1000.3504169700936,1000.3903415461624,1000.4325884017345,1000.4771290014131,1000.5239295948891,1000.5729519285647,1000.6241539024152,1000.6774901721504,1000.732912697865
0.05951999999999999,1000.0000000000955,1000.000000001455,1000.0000000159725,1000.0000001299612,1000.0000008037895,1000.0000038748325,1000.0000149491606,1000.0000474703279,1000.0001276890027,1000.0002990518472,1000.0006249049917,1000.0011892592116,1000.0020958949491,1000.0034662020654,1000.0054361065917,1000.0081523980933,1000.0117687564407,1000.0164417577055,1000.0223270986567,1000.029576220423,1000.0383334459464,1000.0487336842178,1000.0609007040218,1000.0749459435874,1000.0909677995949,1000.1090513271591,1000.1292682789691,1000.1516774140418,1000.1763250123623,1000.2032455393525,1000.2324624124459,1000.2639888302735,1000.2978286326064,1000.3339771660167,1000.3724221361074,1000.4131444321187,1000.4561189138194,1000.5013151539036,1000.5486981317488,1000.5982288764534,1000.6498650586433,1000.703561531718
0.05975999999999998,1000.0000000000764,1000.0000000011789,1000.0000000131096,1000.0000001080149,1000.0000006763128,1000.0000032993927,1000.0000128748104,1000.0000413205773,1000.0001122323239,1000.0002651514008,1000.0005583571681,1000.0010698600179,1000.0018967981971,1000.0031535874272,1000.004969150571,1000.0074835234907,1000.0108441212986,1000.0152019340203,1000.0207078859761,1000.0275095400287,1000.0357482664798,1000.0455569376135,1000.0570581597832,1000.0703630185071,1000.0855702881635,1000.102766044734,1000.1220236151612,1000.1434037978007,1000.1669552930696,1000.1927152900728,1000.2207101625451,1000.2509562350834,1000.2834605878609,1000.3182218745283,1000.355231133707,1000.3944725793231,1000.4359243590714,1000.4795592735976,1000.5253454516361,1000.5732469784296,1000.623224476376,1000.6752356380737
0.06,1000.000000000061,1000.0000000009544,1000.0000000107502,1000.0000000896954,1000.0000005685503,1000.0000028069295,1000.000011078607,1000.0000359368204,1000.0000985656017,1000.0002349101347,1000.0004985282005,1000.0009617810454,1000.0017154971447,1000.0028674125426,1000.0045396894355,1000.006865791419,1000.0099869849183,1000.0140487247608,1000.0191971523027,1000.0255758868452,1000.0333232342396,1000.0425698807397,1000.0534370924202,1000.0660354041536,1000.0804637575526,1000.0968090329767,1000.1151459145109,1000.1355370264542,1000.1580332833375,1000.1826744012008,1000.2094895246565,1000.2384979313065,1000.2697097818572,1000.3031268904945,1000.3387434955613,1000.3765470153036,1000.4165187774211,1000.4586347144277,1000.5028660194831,1000.5491797594639,1000.597539443699,1000.6479055480631
0.06023999999999999,1000.0000000000487,1000.0000000007719,1000.0000000088078,1000.0000000744174,1000.0000004775364,1000.0000023858646,1000.0000095246705,1000.0000312278421,1000.0000864918932,1000.0002079549972,1000.0004447808741,1000.0008640192037,1000.001550512188,1000.0026056066262,1000.004144947237,1000.006295611749,1000.009192842539,1000.0129766214433,1000.0177883096187,1000.0237675318742,1000.0310494325101,1000.0397623768722,1000.0500261266224,1000.0619504807112,1000.0756343489154,1000.091165209507,1000.1086188952282,1000.128059650187,1000.1495404026713,1000.1731032036728,1000.198779786936,1000.2265922128123,1000.2565535645299,1000.288668671386,1000.3229348386363,1000.3593425684388,1000.397876260091,1000.4385148810438,1000.4812326028098,1000.5259993980163,1000.5727815965321,1000.6215423999007
0.06047999999999998,1000.0000000000389,1000.0000000006239,1000.00000000721,1000.0000000616873,1000.0000004007384,1000.0000020261764,1000.0000081815475,1000.0000271127336,1000.0000758346505,1000.0001839484563,1000.0003965340044,1000.0007756532455,1000.0014004762519,1000.0023662462891,1000.0037823336033,1000.0057696204353,1000.0084574573027,1000.0119804256287,1000.0164751215082,1000.022077137902,1000.0289183745118,1000.0371247548268,1000.0468143853008,1000.058096156091,1000.0710687573205,1000.0858200686847,1000.1024268717537,1000.1209548316567,1000.1414586961823,1000.1639826642216,1000.1885608807719,1000.215218021591,1000.2439699364829,1000.2748243257618,1000.3077814294845,1000.3428347134691,1000.379971539911,1000.4191738135981,1000.4604185973517,1000.5036786924513,1000.5489231815079,1000.5961179325761
0.060719999999999996,1000.0000000000309,1000.0000000005037,1000.0000000058968,1000.00000005109,1000.000000335995,1000.0000017191993,1000.0000070216938,1000.0000235198,1000.0000664357619,1000.0001625853989,1000.0003532579689,1000.0006958377745,1000.001264127194,1000.0021475463342,1000.0034494329826,1000.0052846673291,1000.0077768468017,1000.0110552344049,1000.0152516877952,1000.0204977435191,1000.0269219870274,1000.0346477924098,1000.0437914730595,1000.054460849603,1000.0667542157817,1000.0807596661306,1000.0965547398803,1000.1142063318109,1000.1337708211671,1000.15529437277,1000.1788133690318,1000.2043549368744,1000.2319375389957,1000.2615716041627,1000.2932601760155,1000.3269995641319,1000.3627799847957,1000.4005861820406,1000.440398022145,1000.4821910568818,1000.5259370525423,1000.5716044831156
0.060959999999999986,1000.0000000000247,1000.0000000004063,1000.0000000048186,1000.0000000422759,1000.0000002814635,1000.0000014574482,1000.0000060210118,1000.0000203855727,1000.0000581537599,1000.0001435902623,1000.0003144705347,1000.0006237976049,1000.0011403005994,1000.0019478509585,1000.0031439942943,1000.0048378043743,1000.0071472699636,1000.0101964261388,1000.0141124293617,1000.0190227472166,1000.0250525939873,1000.0323226996934,1000.0409474593511,1000.0510334751633,1000.0626784786673,1000.0759706024699,1000.090987960941,1000.1077984946058,1000.1264600324312,1000.1470205284135,1000.1695184327426,1000.1939831625392,1000.2204356421637,1000.2488888879925,1000.2793486171155,1000.3118138635068,1000.3462775887999,1000.3827272778628,1000.4211455119358,1000.461510514215,1000.5037966644898,1000.5479749808169
0.06119999999999998,1000.0000000000196,1000.0000000003275,1000.000000003934,1000.0000000349519,1000.0000002355753,1000.0000012344638,1000.0000051584412,1000.0000176539215,1000.0000508621895,1000.0001267143961,1000.0002797329905,1000.0005588224942,1000.0010279230121,1000.0017656254478,1000.0028639211147,1000.0044262743696,1000.0065652145213,1000.0093996468213,1000.0130520735606,1000.0176458920682,1000.0233029006272,1000.030141102849,1000.0382728621732,1000.0478034250254,1000.0588298056207,1000.071440007572,1000.0857125464825,1000.1017162322083,1000.1195101680925,1000.139143925884,1000.1606578582572,1000.184083515006,1000.2094441335474,1000.2367551789247,1000.2660249128103,1000.2972549749269,1000.3304409637643,1000.3655730064601,1000.4026363102339,1000.4416116898756,1000.482476067506,1000.5252029422236
0.061439999999999995,1000.0000000000156,1000.0000000002638,1000.000000003209,1000.0000000288713,1000.0000001969952,1000.0000010446777,1000.0000044155946,1000.0000152752556,1000.0000444481232,1000.000111733639,1000.0002486465607,1000.000500262226,1000.000926005578,1000.0015994483352,1000.0026072623677,1000.0040475002645,1000.0060273850354,1000.0086607969743,1000.0120656401871,1000.0163612509642,1000.0216659781827,1000.0280950284998,1000.0357586322649,1000.0447605539914,1000.0551969459384,1000.0671555252343,1000.0807150433669,1000.095945010613,1000.1129056357939,1000.1316479424191,1000.1522140248271,1000.1746374115495,1000.1989435072411,1000.2251500887409,1000.2532678348755,1000.283300873356,1000.3152473314486,1000.3490998800031,1000.3848462629046,1000.4224698060918,1000.4619499020043,1000.5032624667227
0.061679999999999985,1000.0000000000124,1000.0000000002121,1000.0000000026155,1000.0000000238277,1000.000000164589,1000.0000008832942,1000.0000037764336,1000.0000132058038,1000.0000388108087,1000.0000984460856,1000.0002208490714,1000.0004475219988,1000.0008336380373,1000.001448003938,1000.0023722034064,1000.0036990748388,1000.0055306912726,1000.0079760188643,1000.0111484276924,1000.0151632120032,1000.0201352486462,1000.0261768880242,1000.0333961371329,1000.0418951633238,1000.0517691225175,1000.0631052972923,1000.0759825181608,1000.090470834404,1000.1066313979148,1000.1245165234859,1000.1441698908875,1000.1656268571784,1000.188914851372,1000.214053827463,1000.2410567556068,1000.2699301347955,1000.3006745135651,1000.333285008087,1000.3677518094156,1000.404060673721,1000.4421933910365,1000.482128229458
0.061919999999999975,1000.0000000000098,1000.0000000001705,1000.0000000021297,1000.000000019648,1000.0000001373933,1000.0000007461877,1000.0000032269837,1000.0000114069707,1000.0000338604432,1000.0000866700445,1000.0001960118776,1000.0004000581501,1000.0007499831255,1000.0013100753732,1000.0021570576396,1000.0033787509918,1000.0050722372534,1000.007341684443,1000.0102960001781,1000.014046464719,1000.0187044704115,1000.0243794628062,1000.0311771460856,1000.039197985733,1000.048536016947,1000.0592779489535,1000.071502542829,1000.0852802329099,1000.1006729582732,1000.1177341700992,1000.1365089820439,1000.1570344333318,1000.1793398375339,1000.2034471935414,1000.2293716387715,1000.2571219279987,1000.2867009242533,1000.3181060909525,1000.3513299767886,1000.3863606869127,1000.4231823356456,1000.4617754773466
0.06215999999999999,1000.0000000000077,1000.000000000137,1000.0000000017327,1000.0000000161873,1000.0000001145908,1000.0000006298116,1000.0000027550802,1000.0000098447573,1000.0000295170582,1000.0000762421613,1000.000173837011,1000.0003573741523,1000.0006742712893,1000.0011845379211,1000.0019602585221,1000.0030844323903,1000.0046493106362,1000.0067543835833,1000.0095041746279,1000.0130059864698,1000.0173677239932,1000.022695889456,1000.0290938151256,1000.0366601700975,1000.0454877542047,1000.0556625736016,1000.0672631797613,1000.0803602455541,1000.0950163478809,1000.1112859250491,1000.129215377827,1000.1488432852025,1000.1702007087091,1000.1933115623956,1000.2181930287793,1000.2448560042764,1000.2733055605138,1000.303541410543,1000.3355583712671,1000.3693468153699,1000.4048931077015,1000.4421800224699
0.06239999999999998,1000.0000000000061,1000.0000000001099,1000.0000000014085,1000.0000000133246,1000.0000000954892,1000.0000005311213,1000.0000023501445,1000.0000084892438,1000.0000257095115,1000.0000670157009,1000.0001540545475,1000.0003190168899,1000.0006057957444,1000.0010703527813,1000.0017803519845,1000.002814164595,1000.0042593726083,1000.0062109128412,1000.0087690086754,1000.0120370293668,1000.0161193982791,1000.0211196455579,1000.0271386723559,1000.0342732666898,1000.0426148878461,1000.0522487180808,1000.0632529672702,1000.0756984076651,1000.0896481111541,1000.1051573595835,1000.1222736989047,1000.1410371095221,1000.1614802676596,1000.1836288754355,1000.2075020403465,1000.2331126878096,1000.2604679931721,1000.2895698221106,1000.320415170555,1000.3529965972073,1000.387302643361,1000.4233182361133
0.06264,1000.0000000000049,1000.0000000000881,1000.0000000011439,1000.0000000109585,1000.0000000795023,1000.0000004475046,1000.0000020029869,1000.0000073141257,1000.0000223745728,1000.0000588589778,1000.0001364201795,1000.000284573202,1000.0005439078536,1000.0009665612042,1000.0016159892805,1000.0025661266396,1000.0039000482575,1000.0057082647155,1000.0080867888773,1000.0111351077078,1000.0149541772865,1000.0196445359101,1000.025304603868,1000.0320292128648,1000.0399083856421,1000.049026368415,1000.0594609055083,1000.0712827366979,1000.0845552925258,1000.0993345604855,1000.1156690946837,1000.1336001427368,1000.153161865714,1000.1743816294832,1000.197280348571,1000.2218728663875,1000.2481683582804,1000.2761707462798,1000.3058791165329,1000.3372881323065,1000.3703884370475,1000.4051670433544
0.06287999999999999,1000.0000000000039,1000.0000000000706,1000.0000000009283,1000.0000000090048,1000.0000000661342,1000.0000003767234,1000.0000017056313,1000.0000062962997,1000.000019456097,1000.0000516539177,1000.0001207129709,1000.0002536666547,1000.0004880127809,1000.0008722789318,1000.0014659201696,1000.002338622955,1000.003569117278,1000.0052436172176,1000.0074540192587,1000.0102959856287,1000.0138670270628,1000.0182646788269,1000.0235848395964,1000.0299203186163,1000.037359614971,1000.0459859351622,1000.0558764419015,1000.0671017178432,1000.0797254223189,1000.0938041162834,1000.1093872299176,1000.1265171480594,1000.1452293902996,1000.1655528648151,1000.1875101775028,1000.2111179805166,1000.2363873467704,1000.2633241592434,1000.291929505991,1000.3222000735774,1000.3541285332267,1000.3877039153356
0.06311999999999998,1000.0000000000031,1000.0000000000565,1000.0000000007525,1000.0000000073929,1000.0000000549661,1000.0000003168615,1000.0000014511626,1000.0000054154937,1000.0000169042779,1000.0000452947488,1000.0001067332963,1000.0002259545613,1000.0004375654559,1000.0007866910128,1000.0013289865352,1000.0021300757867,1000.0032645052303,1000.0048143240493,1000.0068674105149,1000.0095156654608,1000.0128531833435,1000.0169744932509,1000.0219729400371,1000.0279392530491,1000.0349603291895,1000.0431182398161,1000.052489457697,1000.0631442908299,1000.0751465038942,1000.088553104821,1000.103414272765,1000.1197734040695,1000.1376672541279,1000.1571261549625,1000.1781742905811,1000.2008300145103,1000.225106196202,1000.2510105851704,1000.278546183694,1000.3077116206703,1000.3385015207552,1000.3709068642356
0.06336,1000.0000000000024,1000.0000000000451,1000.0000000006096,1000.0000000060643,1000.0000000456442,1000.0000002662799,1000.0000012335911,1000.0000046539378,1000.0000146749751,1000.0000396868054,1000.0000943009396,1000.0002011252064,1000.0003920667854,1000.000709046901,1000.0012041163095,1000.0019390179319,1000.0029842751143,1000.0044179050755,1000.006323869476,1000.0087903763016,1000.0119081393606,1000.015768685936,1000.0204627829495,1000.0260790307404,1000.0327026537859,1000.0404145008745,1000.049290254063,1000.0593998361563,1000.0708070001016,1000.0835690800083,1000.097736881902,1000.1133546922407,1000.1304603831775,1000.1490855951832,1000.1692559796206,1000.1909914860042,1000.214306680818,1000.2392110868041,1000.2657095335188,1000.2938025116501,1000.3234865250806,1000.3547544359825
0.06359999999999999,1000.0000000000019,1000.000000000036,1000.0000000004934,1000.0000000049702,1000.0000000378703,1000.0000002235785,1000.0000010477338,1000.0000039960705,1000.0000127291056,1000.0000347454389,1000.000083253347,1000.0001788952777,1000.0003510601244,1000.0006386558624,1000.0010903177545,1000.0017640858722,1000.0027266193725,1000.0040520372507,1000.0058204890427,1000.0081165630678,1000.0110276341359,1000.0146422391184,1000.0190485505409,1000.0243329985764,1000.0305790730001,1000.0378663203686,1000.0462695386396,1000.0558581617661,1000.0666958201723,1000.0788400590052,1000.0923421940674,1000.1072472849013,1000.123594205116,1000.1414157913808,1000.1607390542524,1000.1815854359378,1000.2039711020781,1000.2279072565537,1000.2534004701071,1000.280453015202,1000.3090632009939,1000.3392257035428
0.06383999999999998,1000.0000000000015,1000.0000000000288,1000.0000000003989,1000.0000000040699,1000.0000000313931,1000.0000001875619,1000.0000008891102,1000.0000034282773,1000.0000110320985,1000.0000303950276,1000.0000734440242,1000.0001590074895,1000.0003141279909,1000.0005748826748,1000.000986674079,1000.0016040132814,1000.002489852299,1000.0037145459776,1000.0053545385693,1000.0074908760041,1000.010207641236,1000.013590398644,1000.0177247171039,1000.0226948230311,1000.028582416877,1000.035465670812,1000.0434184124991,1000.052509490122,1000.062802306999,1000.07435450979,1000.0872178119849,1000.1014379335709,1000.1170546380974,1000.1341018493991,1000.1526078317459,1000.1725954189258,1000.1940822795929,1000.2170812080004,1000.2416004309422,1000.2676439232816,1000.2952117258458,1000.324300260694
0.06408,1000.0000000000011,1000.000000000023,1000.0000000003223,1000.0000000033298,1000.0000000260013,1000.000000157211,1000.0000007538513,1000.0000029386589,1000.0000095534023,1000.0000265680742,1000.0000647410612,1000.000141228378,1000.000280888991,1000.0005171435754,1000.0008923383336,1000.001457624828,1000.0022724027509,1000.0034033967589,1000.0049234545216,1000.006910160434,1000.0094443577196,1000.012608662232,1000.016486036716,1000.0211584774299,1000.0267058482126,1000.0332048819481,1000.0407283568019,1000.0493444448706,1000.0591162238951,1000.0701013380926,1000.0823517915393,1000.0959138564333,1000.11082807858,1000.127129363224,1000.1448471256232,1000.1640054923066,1000.184623540623,1000.2067155658542,1000.2302913667723,1000.255356542001,1000.2819127908926,1000.3099582138248
0.06431999999999999,1000.0000000000009,1000.0000000000183,1000.0000000002601,1000.0000000027219,1000.0000000215168,1000.0000001316574,1000.0000006386184,1000.0000025168254,1000.0000082660433,1000.0000232043893,1000.0000570257862,1000.0001253462732,1000.0002509949762,1000.0004649024942,1000.0008065286453,1000.0013238303749,1000.0020728073074,1000.0031166873499,1000.0045248316816,1000.0063714471036,1000.0087341937262,1000.0116927684228,1000.0153275316746,1000.0197182299956,1000.0249428503383,1000.0310766283908,1000.0381912204055,1000.0463540385223,1000.0556277424423,1000.0660698754882,1000.0777326301884,1000.0906627271296,1000.104901390551,1000.1204844046817,1000.1374422358658,1000.1558002068824,1000.1755787113699,1000.1967934578104,1000.2194557340359,1000.2435726846265,1000.269147594865,1000.2961801760664
0.06455999999999998,1000.0000000000007,1000.0000000000146,1000.0000000002099,1000.000000002223,1000.0000000177905,1000.0000001101621,1000.0000005405344,1000.0000021537132,1000.0000071462297,1000.0000202503487,1000.0000501915279,1000.0001111694202,1000.0002241283868,1000.0004176675094,1000.0007285237042,1000.0012016194478,1000.0018897037095,1000.0028526401861,1000.0041564146139,1000.0058719427584,1000.008073762254,1000.010838685665,1000.0142444810035,1000.0183686318923,1000.0232872148166,1000.0290739170849,1000.035799207197,1000.0435296597537,1000.0523274298495,1000.0622498668952,1000.0733492546686,1000.0856726627317,1000.0992618938195,1000.1141535120917,1000.1303789379597,1000.1479645963841,1000.1669321068812,1000.1872985049067,1000.2090764856813,1000.2322746628645,1000.256897835717,1000.282947259504
0.0648,1000.0000000000006,1000.0000000000116,1000.000000000169,1000.0000000018141,1000.0000000146968,1000.0000000920967,1000.0000004571216,1000.000001841424,1000.0000061729954,1000.0000176582208,1000.0000441424858,1000.0000985242469,1000.0001999997884,1000.0003749875407,1000.000657658531,1000.0010900560263,1000.001721824655,1000.002609595197,1000.0038160895392,1000.0054090211439,1000.0074598693737,1000.0100426018416,1000.0132324094013,1000.0171045057092,1000.0217330295761,1000.0271900752018,1000.0335448638542,1000.040863061132,1000.0492062367307,1000.0586314584873,1000.0691910091127,1000.0809322121258,1000.0938973527178,1000.1081236793318,1000.1236434723616,1000.1404841673648,1000.1586685213935,1000.1782148123319,1000.1991370624495,1000.2214452786234,1000.2451457028712,1000.270241067901
0.06503999999999999,1000.0000000000005,1000.0000000000092,1000.0000000001361,1000.0000000014791,1000.0000000121305,1000.0000000769274,1000.0000003862489,1000.0000015730814,1000.0000053278833,1000.0000153855583,1000.0000387926976,1000.0000872537719,1000.0001783455883,1000.000336449266,1000.0005933205088,1000.0009882736365,1000.0015679919287,1000.0023860029818,1000.0035018765924,1000.0049802144065,1000.0068895048538,1000.0093009142132,1000.0122870766083,1000.015920934361,1000.0202746674537,1000.025418738435,1000.0314210679982,1000.0383463472232,1000.0462554852601,1000.0552051859746,1000.0652476435298,1000.0764303447569,1000.0887959651641,1000.1023823452643,1000.1172225343241,1000.1333448894585,1000.1507732190455,1000.169526960612,1000.1896213845466,1000.2110678161795,1000.2338738698797,1000.2580436898548
0.06527999999999998,1000.0000000000003,1000.0000000000073,1000.0000000001095,1000.000000001205,1000.0000000100038,1000.0000000642015,1000.0000003260844,1000.0000013427039,1000.0000045946585,1000.000013394647,1000.0000340650954,1000.0000772161317,1000.0001589259097,1000.0003016742294,1000.0005349456363,1000.0008954706896,1000.0014271107951,1000.0021804182536,1000.0032119223429,1000.0045832047394,1000.0063598329996,1000.0086102195364,1000.0114044668971,1000.0148132500509,1000.0189067747344,1000.0237538392156,1000.0294210161837,1000.03597196245,1000.0434668569814,1000.0519619624446,1000.0615093017466,1000.07215643873,1000.0839463509787,1000.0969173823112,1000.1111032627706,1000.1265331845805,1000.1432319234323,1000.1612199955338,1000.1805138419503,1000.2011260328751,1000.2230654855189,1000.246337690289
0.06552,1000.0000000000002,1000.0000000000058,1000.000000000088,1000.0000000009807,1000.0000000082429,1000.0000000535346,1000.0000002750558,1000.0000011450943,1000.0000039590561,1000.0000116520091,1000.0000298906456,1000.0000682832341,1000.0001415226325,1000.0002703161623,1000.0004820150443,1000.00081090613,1000.0012981647475,1000.0019914936862,1000.0029444927635,1000.0042158165214,1000.0058681840304,1000.0079673047611,1000.0105807791857,1000.013777023901,1000.0176242604024,1000.0221895956898,1000.0275382127027,1000.0337326798167,1000.0408323815437,1000.0488930671903,1000.0579665104024,1000.0681002700376,1000.0793375414,1000.0917170863082,1000.1052732305268,1000.1200359175737,1000.1360308086904,1000.1532794196934,1000.1717992864357,1000.1916041516329,1000.2127041667973,1000.2351061039589
0.06575999999999999,1000.0000000000002,1000.0000000000045,1000.0000000000707,1000.0000000007975,1000.000000006786,1000.0000000446016,1000.0000002318139,1000.000000975741,1000.000003408553,1000.0000101279547,1000.0000262075658,1000.0000603395151,1000.0001259375726,1000.0002420584761,1000.0004340517099,1000.000733895308,1000.0011802104971,1000.0018179740083,1000.0026979664434,1000.0038760086854,1000.0054120456613,1000.0073691378991,1000.0098124172765,1000.0128080556526,1000.0164222853991,1000.0207205006296,1000.0257664582423,1000.0316215894043,1000.03834442512,1000.0459901341278,1000.0546101674365,1000.0642520011809,1000.074958967893,1000.0867701655504,1000.0997204336433,1000.1138403858411,1000.1291564894694,1000.1456911828262,1000.1634630222818,1000.1824868520497,1000.2027739904465,1000.2243324273402
0.06599999999999998,1000.0000000000001,1000.0000000000036,1000.0000000000567,1000.000000000648,1000.0000000055819,1000.0000000371275,1000.0000001952034,1000.0000008307311,1000.0000029321658,1000.0000087961769,1000.0000229606111,1000.0000532808003,1000.0001119908009,1000.0002166119318,1000.0003906173876,1000.0006638061041,1000.0010723732504,1000.0016586904169,1000.0024708281461,1000.0035618674543,1000.0049890550674,1000.0068128592851,1000.0090959804941,1000.0119023637707,1000.0152962522858,1000.0193413107476,1000.0240998389451,1000.0296320872656,1000.0359956792192,1000.0432451406062,1000.0514315309663,1000.0606021701778,1000.070800451348,1000.0820657302268,1000.0944332811102,1000.1079343093761,1000.1225960113062,1000.1384416725498,1000.1554907974003,1000.1737592619254,1000.1932594848575,1000.2140006109811
0.06624,1000.0000000000001,1000.0000000000028,1000.0000000000455,1000.0000000005261,1000.0000000045875,1000.0000000308793,1000.0000001642344,1000.0000007066743,1000.0000025202708,1000.0000076333878,1000.0000201004258,1000.0000470132607,1000.0000995190908,1000.0001937124752,1000.0003513097437,1000.000600055293,1000.0009738422574,1000.0015125552895,1000.0022616626917,1000.0032715994191,1000.0045969912072,1000.006295773208,1000.0084282547012,1000.0110561759276,1000.0142417952846,1000.0180470363885,1000.0225327158405,1000.0277578646856,1000.0337791498595,1000.0406503965711,1000.048422208513,1000.0571416799185,1000.0668521916186,1000.0775932821963,1000.0894005849137,1000.1023058211354,1000.1163368413463,1000.1315177054584,1000.1478687948235,1000.165406949159,1000.1841456223964,1000.2040950522427
0.06647999999999998,1000.0000000000001,1000.0000000000023,1000.0000000000364,1000.0000000004268,1000.000000003767,1000.0000000256607,1000.000000138061,1000.0000006006361,1000.0000021644433,1000.0000066189907,1000.0000175829534,1000.0000414524542,1000.0000883744815,1000.0001731192178,1000.000315759664,1000.0005421051071,1000.000883866579,1000.0013785571296,1000.0020691490754,1000.0030035248504,1000.0042337673631,1000.0058153397348,1000.0078062034723,1000.0102659196016,1000.0132547703857,1000.0168329312261,1000.0210597142179,1000.0259928973113,1000.0316881465349,1000.0381985334412,1000.0455741458568,1000.0538617870588,1000.0631047565141,1000.0733427041232,1000.0846115493573,1000.0969434565849,1000.1103668581438,1000.1249065172021,1000.1405836230829,1000.1574159124422,1000.1754178104238,1000.1946005866533
0.06672,1000.0000000000001,1000.0000000000018,1000.0000000000291,1000.0000000003458,1000.0000000030907,1000.0000000213058,1000.0000001159598,1000.0000005100786,1000.0000018573159,1000.0000057347863,1000.0000153689032,1000.0000365224513,1000.0000784229584,1000.0001546125729,1000.0002836287566,1000.0004894600348,1000.000801751133,1000.0012557558322,1000.0018920549493,1000.0027560714129,1000.0038974241255,1000.0053691670184,1000.0072269597906,1000.009528213241,1000.0123312460574,1000.0156944826084,1000.0196757136907,1000.0243314350213,1000.0297162719706,1000.0358824938269,1000.0428796167898,1000.050754091875,1000.0595490718102,1000.0693042497004,1000.0800557615438,1000.0918361444783,1000.1046743427711,1000.1185957539556,1000.1336223080599,1000.1497725735096,1000.1670618839594,1000.185502480996
0.06695999999999999,1000.0000000000001,1000.0000000000014,1000.0000000000233,1000.00000000028,1000.0000000025335,1000.0000000176749,1000.0000000973139,1000.0000004328095,1000.0000015924506,1000.0000049647075,1000.0000134232644,1000.0000321550324,1000.0000695432327,1000.0001379925183,1000.0002546070104,1000.0004416638006,1000.0007268529404,1000.001143278163,1000.0017292313221,1000.0025277680951,1000.0035861225821,1000.0049550037887,1000.0066878178992,1000.0088398575413,1000.0114674940259,1000.0146274019149,1000.018375838213,1000.0227679916786,1000.0278574116896,1000.0336955209824,1000.0403312125222,1000.0478105276837,1000.0561764107434,1000.0654685332655,1000.0757231811576,1000.0869731968451,1000.099247969045,1000.1125734629105,1000.1269722837669,1000.1424637682279,1000.1590640970918,1000.17678642505
0.06719999999999998,1000.0,1000.0000000000011,1000.0000000000186,1000.0000000002266,1000.0000000020751,1000.0000000146504,1000.0000000815968,1000.0000003669365,1000.0000013642283,1000.0000042945833,1000.0000117148678,1000.000028288957,1000.00006162562,1000.0001230769893,1000.0002284106147,1000.0003982965394,1000.0006585775978,1000.0010403134945,1000.0015796075439,1000.002317239448,1000.0032981378325,1000.0045707321859,1000.0061862255061,1000.0081978270856,1000.0106599804213,1000.0136276152864,1000.0171554464677,1000.0212973352568,1000.0261057239496,1000.0316311486273,1000.0379218314547,1000.0450233506302,1000.0529783838687,1000.0618265197824,1000.0716041306152,1000.0823442993487,1000.0940767941282,1000.1068280831495,1000.1206213835177,1000.1354767380815,1000.1514111147965,1000.1684385237523
0.06744,1000.0,1000.0000000000009,1000.0000000000149,1000.0000000001831,1000.0000000016981,1000.000000012133,1000.0000000683602,1000.0000003108277,1000.0000011677482,1000.0000037119262,1000.0000102159886,1000.0000248692953,1000.0000545710091,1000.0001097003923,1000.0002047799321,1000.0003589721546,1000.0005963759661,1000.0009461097853,1000.0014421865595,1000.0021232001138,1000.0030318528146,1000.0042143609179,1000.0057197763232,1000.0075992623264,1000.0099053572704,1000.0126912546986,1000.0160101225999,1000.0199144783066,1000.0244556300204,1000.0296831911037,1000.0356446692837,1000.0423851298038,1000.0499469292454,1000.058369515147,1000.0676892855382,1000.0779395019699,1000.0891502494569,1000.1013484368478,1000.1145578314301,1000.1287991219981,1000.1440900050999,1000.1604452897145
0.06767999999999999,1000.0,1000.0000000000007,1000.0000000000118,1000.0000000001479,1000.0000000013886,1000.0000000100397,1000.0000000572223,1000.0000002630775,1000.0000009987406,1000.0000032057419,1000.0000089019871,1000.0000218468185,1000.0000482899121,1000.0000977122241,1000.0001834776027,1000.000323335833,1000.0005397410349,1000.0008599697537,1000.0013160403656,1000.0019444495636,1000.002785752332,1000.0038840186089,1000.0052862027774,1000.0070414617101,1000.0092004540948,1000.0118146491028,1000.0149356669664,1000.0186146683847,1000.0229018043584,1000.0278457333653,1000.0334932088693,1000.0398887370432,1000.0470743022333,1000.0550891560258,1000.0639696646786,1000.0737492090567,1000.0844581309515,1000.0961237196755,1000.1087702330443,1000.1224189472028,1000.1370882301876,1000.1527936345972
0.06791999999999998,1000.0,1000.0000000000006,1000.0000000000094,1000.0000000001194,1000.0000000011344,1000.0000000083005,1000.0000000478586,1000.000000222476,1000.0000008534886,1000.0000027663602,1000.000007750985,1000.000019177445,1000.0000427015958,1000.0000869758027,1000.0001642867917,1000.0002910617378,1000.0004882050026,1000.0007812473026,1000.0012003057589,1000.0017798671599,1000.0025584174475,1000.0035779475492,1000.0048833691569,1000.0065218742748,1000.0085422700208,1000.0109943161128,1000.01392808747,1000.0173933791078,1000.0214391654528,1000.0261131216837,1000.0314612108663,1000.0375273375557,1000.0443530661587,1000.0519774006206,1000.0604366208299,1000.069764170426,1000.0799905903452,1000.0911434923855,1000.1032475671979,1000.1163246214053,1000.130393638922,1000.1454708619747
0.06816,1000.0,1000.0000000000005,1000.0000000000075,1000.0000000000963,1000.000000000926,1000.0000000068568,1000.0000000399934,1000.0000001879831,1000.0000007287599,1000.000002385283,1000.0000067435726,1000.0000168217342,1000.0000377332822,1000.0000773670896,1000.0001470095536,1000.0002618508407,1000.0004413365169,1000.0007093441218,1000.0010941802698,1000.0016284074142,1000.0023485200655,1000.0032944976243,1000.0045092649233,1000.0060380923867,1000.0079279659947,1000.0102269537587,1000.012983590916,1000.016246301176,1000.0200628665809,1000.0244799542005,1000.0295427041359,1000.0352943802468,1000.0417760826155,1000.0490265189918,1000.0570818312195,1000.0659754718632,1000.075738125829,1000.0863976716353,1000.0979791770516,1000.1105049240523,1000.1239944583416,1000.1384646590959
0.06839999999999999,1000.0,1000.0000000000003,1000.000000000006,1000.0000000000775,1000.0000000007552,1000.0000000056593,1000.0000000333926,1000.000000158705,1000.0000006217465,1000.0000020550489,1000.0000058625455,1000.0000147444285,1000.0000333194167,1000.0000687736058,1000.0001314653156,1000.0002354289022,1000.0003987380902,1000.0006437064936,1000.0009969183288,1000.0014890954966,1000.0021548177904,1000.0030321205386,1000.0041619983285,1000.0055878447957,1000.0073548573254,1000.0095094325742,1000.0120985747056,1000.0151693337365,1000.0187682869066,1000.0229410718232,1000.0277319765007,1000.0331835883915,1000.0393365021087,1000.0462290837252,1000.0538972882428,1000.0623745259692,1000.0716915730462,1000.0818765211616,1000.0929547614742,1000.1049489979456,1000.1178792855322,1000.1317630890269
0.06863999999999998,1000.0,1000.0000000000002,1000.0000000000048,1000.0000000000624,1000.0000000006154,1000.0000000046671,1000.0000000278577,1000.000000133875,1000.0000005300105,1000.0000017691128,1000.000005092668,1000.0000129140354,1000.000029400999,1000.0000610934319,1000.0001174894725,1000.0002115445905,1000.0003600436826,1000.000583822292,1000.0009078276488,1000.0013610229873,1000.0019761490443,1000.0027893643145,1000.0038397903242,1000.005168989991,1000.0068204065362,1000.0088387879986,1000.0112696188463,1000.0141585760645,1000.0175510228943,1000.021491549436,1000.0260235658114,1000.0311889506175,1000.0370277550078,1000.0435779609056,1000.0508752905058,1000.0589530633121,1000.0678420963934,1000.0775706432651,1000.0881643667378,1000.099646341176,1000.1120370798213,1000.125354583122
0.06888,1000.0,1000.0000000000002,1000.0000000000038,1000.0000000000502,1000.000000000501,1000.0000000038456,1000.0000000232208,1000.0000001128354,1000.0000004514382,1000.0000015217388,1000.0000044204585,1000.0000113024491,1000.0000259249692,1000.000054234285,1000.000104932079,1000.0001899677187,1000.0003249164233,1000.0005292181384,1000.0008262657792,1000.0012433438072,1000.0018114283688,1000.0025648679724,1000.0035409686408,1000.0047795097122,1000.0063222163474,1000.0082122128784,1000.0104934780265,1000.0132103192664,1000.0164068796987,1000.0201266870321,1000.0244122508806,1000.0293047116919,1000.0348435422392,1000.0410663007636,1000.04800843347,1000.0557031231111,1000.0641811797788,1000.0734709696754,1000.0835983775205,1000.094586798286,1000.1064571541216,1000.1192279325682
0.06911999999999999,1000.0,1000.0000000000001,1000.000000000003,1000.0000000000404,1000.0000000004077,1000.0000000031661,1000.0000000193394,1000.0000000950231,1000.000000384198,1000.0000013079045,1000.0000038339989,1000.0000098846077,1000.0000228436484,1000.0000481126729,1000.0000936566455,1000.0001704876155,1000.0002930464954,1000.0004794567518,1000.0007516368875,1000.0011352704092,1000.0016596420205,1000.0023573565379,1000.0032639622265,1000.0044175028515,1000.0058580230831,1000.0076270504286,1000.0097670741843,1000.0123210385132,1000.0153318631218,1000.0188420014543,1000.0228930430636,1000.0275253640012,1000.0327778267182,1000.0386875291108,1000.0452896009374,1000.0526170448147,1000.0607006183332,1000.0695687534298,1000.0792475089822,1000.0897605525716,1000.1011291674834,1000.1133722812054
0.06935999999999998,1000.0,1000.0000000000001,1000.0000000000024,1000.0000000000324,1000.0000000003314,1000.0000000026043,1000.0000000160933,1000.0000000799561,1000.0000003267045,1000.0000011232165,1000.0000033227626,1000.0000086381821,1000.000020114227,1000.0000426531124,1000.0000835390181,1000.0001529115993,1000.0002641491445,1000.0004341344419,1000.0006833886961,1000.0010360701355,1000.0015198437353,1000.0021656362164,1000.0030072958465,1000.004081179503,1000.0054256902059,1000.0070807872929,1000.0090874891412,1000.0114873852998,1000.0143221715512,1000.0176332180672,1000.0214611777186,1000.0258456388511,1000.0308248245389,1000.0364353384664,1000.0427119561598,1000.0496874592334,1000.0573925096032,1000.0658555601606,1000.0751027981771,1000.0851581176454,1000.0960431168293,1000.1077771174557
0.0696,1000.0,1000.0000000000001,1000.0000000000019,1000.000000000026,1000.0000000002691,1000.0000000021405,1000.0000000133808,1000.0000000672221,1000.0000002775867,1000.0000009638345,1000.0000028774596,1000.0000075432946,1000.0000176982984,1000.0000377874139,1000.0000744663457,1000.0001370635633,1000.0002379628219,1000.0003928787598,1000.0006210096035,1000.0009450617795,1000.0013911507205,1000.0019885898139,1000.0027695849442,1000.003768855288,1000.005023202137,1000.0065710468999,1000.0084519575395,1000.0107061800131,1000.0133741882103,1000.0164962627427,1000.0201121059816,1000.0242604980823,1000.028978996482,1000.0343036795057,1000.0402689332702,1000.046907279996,1000.0542492450708,1000.0623232597113,1000.0711555957976,1000.080770329335,1000.0911893290335,1000.1024322666005
0.06983999999999999,1000.0,1000.0000000000001,1000.0000000000015,1000.0000000000208,1000.0000000002184,1000.0000000017578,1000.0000000111163,1000.0000000564693,1000.0000002356601,1000.0000008264057,1000.0000024898989,1000.0000065822651,1000.0000155614339,1000.0000334540237,1000.000066336126,1000.0001227826613,1000.0002142474531,1000.0003553462988,1000.0005640259756,1000.0008616123436,1000.0012727398606,1000.001825172389,1000.0025495307503,1000.0034789459392,1000.0046486583469,1000.0060955830969,1000.0078578600634,1000.0099744047874,1000.0124844736998,1000.0154272541388,1000.0188414868336,1000.0227651259789,1000.027235039814,1000.0322867527957,1000.0379542290026,1000.0442696952945,1000.0512635019604,1000.0589640180436,1000.0673975582104,1000.0765883378784,1000.0865584532984,1000.0973278833628
0.07007999999999998,1000.0,1000.0000000000001,1000.0000000000011,1000.0000000000167,1000.000000000177,1000.0000000014423,1000.0000000092273,1000.0000000473971,1000.0000001999024,1000.0000007080044,1000.0000021528647,1000.000005739381,1000.0000136727947,1000.0000295974191,1000.0000590553216,1000.0001099220833,1000.0001927828137,1000.0003212206186,1000.0005119995787,1000.0007851339468,1000.0011638440835,1000.0016744070693,1000.0023459155517,1000.0032099620393,1000.0043002675865,1000.0056522739048,1000.0073027167545,1000.009289196423,1000.0116497585652,1000.0144224959632,1000.0176451791099,1000.0213549210695,1000.0255878799244,1000.0303790003167,1000.035761794137,1000.041768159292,1000.0484282346483,1000.0557702886779,1000.0638206389613,1000.0726035995173,1000.0821414528624,1000.0924544437486
0.07032,1000.0,1000.0,1000.0000000000009,1000.0000000000133,1000.0000000001435,1000.0000000011826,1000.0000000076528,1000.0000000397495,1000.0000001694316,1000.0000006060812,1000.0000018600057,1000.0000050006901,1000.0000120047807,1000.0000261675577,1000.0000525395496,1000.0000983479262,1000.0001733670249,1000.0002902103184,1000.0004645251869,1000.0007150809375,1000.0010637489581,1000.0015353811282,1000.0021575982526,1000.0029605040802,1000.0039763424678,1000.0052391156536,1000.0067841807405,1000.0086478397526,1000.0108669363451,1000.0134784697533,1000.0165192340588,1000.0200254885148,1000.0240326625939,1000.0285750976527,1000.0336858256588,1000.0393963842931,1000.0457366668808,1000.0527348049973,1000.0604170811952,1000.0688078690641,1000.077929597739,1000.0878027379816
0.07055999999999998,1000.0,1000.0,1000.0000000000007,1000.0000000000107,1000.0000000001161,1000.0000000009687,1000.0000000063418,1000.0000000333083,1000.0000001434881,1000.0000005184156,1000.0000016057368,1000.0000043538139,1000.0000105327098,1000.0000231193695,1000.0000467123308,1000.0000879381414,1000.0001558151453,1000.0002620472197,1000.0004212283144,1000.0006509471438,1000.0009717894394,1000.0014072422128,1000.0019835100853,1000.0027292576654,1000.0036752941784,1000.0048542172332,1000.0063000320565,1000.0080477610685,1000.0101330566482,1000.0125918276457,1000.0154598878503,1000.0187726324001,1000.0225647461124,1000.0268699459816,1000.031720758661,1000.037148332597,1000.0431822836143,1000.0498505721085,1000.0571794095697,1000.0651931918949,1000.0739144568141,1000.0833638627275
0.07079999999999997,1000.0,1000.0,1000.0000000000006,1000.0000000000085,1000.0000000000939,1000.0000000007929,1000.000000005251,1000.0000000278878,1000.000000121418,1000.0000004430756,1000.0000013851507,1000.0000037877793,1000.000009234527,1000.0000204122946,1000.0000415044001,1000.0000785815628,1000.0001399578607,1000.0002364846706,1000.0003817630926,1000.0005922632862,1000.0008873467968,1000.001289194775,1000.0018226505397,1000.0025149889469,1000.003395627441,1000.0044957946025,1000.0058481717323,1000.0074865218262,1000.0094453185117,1000.0117593854321,1000.0144635543729,1000.0175923483179,1000.0211796936919,1000.0252586643608,1000.0298612585434,1000.0350182086493,1000.040758823159,1000.0471108590091,1000.054100422476,1000.0617518962542,1000.0700878902609,1000.07912921364
0.07103999999999999,1000.0,1000.0,1000.0000000000005,1000.0000000000068,1000.0000000000758,1000.0000000006484,1000.0000000043442,1000.0000000233301,1000.0000001026588,1000.000000378382,1000.0000011939395,1000.0000032928673,1000.0000080905412,1000.0000180098597,1000.0000368530721,1000.000070177007,1000.0001256402678,1000.0002132959629,1000.0003458102782,1000.0005385945466,1000.0008098457157,1000.0011804966911,1000.0016740834998,1000.0023165402837,1000.0031359357083,1000.0041621655407,1000.0054266161313,1000.0069618126045,1000.0088010640213,1000.0109781158806,1000.0135268182988,1000.0164808162199,1000.01987326615,1000.0237365822821,1000.0281022134826,1000.0330004514659,1000.0384602695907,1000.0445091910245,1000.0511731845347,1000.0584765858362,1000.0664420422314,1000.0750904781893
0.07127999999999998,1000.0,1000.0,1000.0000000000003,1000.0000000000055,1000.0000000000613,1000.0000000005298,1000.000000003591,1000.0000000195013,1000.0000000867271,1000.0000003228763,1000.0000010283247,1000.0000028604768,1000.0000070831853,1000.0000158792913,1000.0000327016567,1000.0000626324395,1000.000112720738,1000.0001922728463,1000.0003130753739,1000.0004895382582,1000.0007387515323,1000.0010804560245,1000.0015369335241,1000.0021328260405,1000.0028948964912,1000.0038517445245,1000.0050334913986,1000.006471447154,1000.0081977719939,1000.0102451420881,1000.0126464281458,1000.015434393228,1000.0186414145076,1000.0222992320998,1000.0264387267246,1000.0310897268272,1000.0362808448829,1000.0420393419082,1000.0483910186925,1000.0553601319077,1000.0629693330325,1000.0712396279108
0.07152,1000.0,1000.0,1000.0000000000002,1000.0000000000043,1000.0000000000495,1000.0000000004326,1000.000000002966,1000.0000000162875,1000.0000000732084,1000.0000002752929,1000.0000008849954,1000.0000024830027,1000.0000061968003,1000.0000139911634,1000.0000289989239,1000.0000558642068,1000.0001010698684,1000.0001732241511,1000.0002832868818,1000.0004447217547,1000.0006735676517,1000.0009884279959,1000.0014103823607,1000.0019628286501,1000.0026712669776,1000.0035630379197,1000.0046670282522,1000.0060133568173,1000.0076330520606,1000.0095577312661,1000.0118192898028,1000.0144496069413,1000.0174802731209,1000.0209423420242,1000.0248661094824,1000.0292809201181,1000.0342150017252,1000.0396953266743,1000.0457474991015,1000.0523956662622,1000.0596624521805,1000.0675689115864
0.07175999999999999,1000.0,1000.0,1000.0000000000002,1000.0000000000034,1000.0000000000398,1000.0000000003529,1000.0000000024478,1000.0000000135921,1000.0000000617467,1000.000000234535,1000.0000007610525,1000.0000021537259,1000.0000054174392,1000.000012319076,1000.0000256986114,1000.0000497963259,1000.0000905695038,1000.0001559744953,1000.0002561946542,1000.00040380033,1000.0006138330878,1000.0009038120821,1000.0012936655946,1000.0018055948068,1000.0024638797776,1000.0032946392919,1000.0043255568776,1000.0055855850339,1000.0071046388123,1000.0089132885574,1000.0110424600566,1000.0135231487085,1000.0163861527354,1000.019661828997,1000.0233798736693,1000.0275691289543,1000.0322574160765,1000.0374713941085,1000.0432364436188,1000.0495765737369,1000.0565143509618,1000.0640708478712
0.07199999999999998,1000.0,1000.0,1000.0000000000002,1000.0000000000027,1000.0000000000321,1000.0000000002876,1000.0000000020184,1000.0000000113334,1000.0000000520373,1000.0000001996523,1000.0000006539601,1000.0000018667151,1000.0000047326895,1000.0000108393613,1000.0000227589735,1000.0000443598284,1000.0000811118299,1000.0001403630835,1000.0002315683552,1000.0003664553258,1000.0005591201477,1000.000826049279,1000.0011860694758,1000.0016602318551,1000.0022716388772,1000.0030452249375,1000.0040075020545,1000.0051862820859,1000.0066103861924,1000.0083093511093,1000.0103131403772,1000.0126518671632,1000.0153555338086,1000.0184537918375,1000.0219757249046,1000.0259496560833,1000.0304029799955,1000.035362019562,1000.0408519065924,1000.0468964850189,1000.0535182352852,1000.0607382182164
0.07224,1000.0,1000.0,1000.0000000000001,1000.0000000000022,1000.0000000000258,1000.0000000002343,1000.0000000016629,1000.0000000094424,1000.0000000438191,1000.0000001698224,1000.0000005615016,1000.0000016167395,1000.0000041315138,1000.0000095308186,1000.0000201423683,1000.0000394921578,1000.0000725985358,1000.0001262425885,1000.0002091960223,1000.0003323923378,1000.0005090322558,1000.0007546195181,1000.0010869279165,1000.0015259043626,1000.0020935157904,1000.002813549624,1000.003711378502,1000.00481370007,1000.0061482621227,1000.0077435823837,1000.0096286709473,1000.0118327620057,1000.01438506008,1000.0173145046384,1000.0206495557707,1000.024418002538,1000.0286467947251,1000.0333618979977,1000.0385881719018,1000.0443492697078,1000.0506675587935,1000.0575640600538
0.07247999999999999,1000.0,1000.0,1000.0000000000001,1000.0000000000017,1000.0000000000208,1000.0000000001907,1000.000000001369,1000.0000000078605,1000.000000036869,1000.0000001443345,1000.0000004817414,1000.0000013991889,1000.0000036041054,1000.0000083744707,1000.0000178148781,1000.000035136612,1000.0000649400331,1000.0001134781062,1000.0001888827152,1000.0003013395219,1000.0004632018838,1000.0006890392016,1000.0009956196129,1000.0014018308207,1000.0019285458363,1000.0025984424507,1000.0034357863352,1000.0044661879687,1000.0057163432116,1000.0072137665284,1000.0089865247246,1000.0110629777894,1000.0134715321144,1000.0162404100972,1000.0193974389666,1000.0229698606452,1000.0269841635862,1000.0314659368004,1000.0364397457121,1000.0419290290415,1000.0479560155849,1000.0545416595363
0.07271999999999998,1000.0,1000.0,1000.0000000000001,1000.0000000000014,1000.0000000000167,1000.000000000155,1000.0000000011261,1000.0000000065382,1000.0000000309961,1000.0000001225745,1000.0000004129907,1000.0000012100046,1000.0000031417572,1000.0000073533442,1000.0000157459649,1000.0000312418321,1000.0000580547392,1000.0001019461896,1000.0001704492615,1000.000273046018,1000.0004212886249,1000.0006288589001,1000.0009115653535,1000.001287280554,1000.0017758246511,1000.0023988029677,1000.0031794068054,1000.0041421870292,1000.0053128097954,1000.006717803108,1000.0083843018937,1000.0103397981247,1000.0126119012916,1000.0152281133276,1000.0182156209747,1000.0216011075804,1000.0254105854556,1000.0296692492088,1000.0344013498902,1000.0396300893256,1000.0453775336829,1000.051664545073
0.07296,1000.0,1000.0,1000.0000000000001,1000.0000000000011,1000.0000000000134,1000.000000000126,1000.0000000009255,1000.000000005434,1000.0000000260377,1000.0000001040125,1000.0000003537776,1000.0000010456155,1000.0000027367462,1000.00000645227,1000.0000139081525,1000.0000277613308,1000.0000518684097,1000.000091533946,1000.0001537310809,1000.0002472804624,1000.0003829773641,1000.0005736611586,1000.0008342254399,1000.0011815707477,1000.0016345048151,1000.002213597409,1000.0029409981454,1000.0038402262367,1000.0049359410586,1000.0062537018949,1000.0078197243528,1000.0096606398919,1000.0118032637741,1000.0142743756124,1000.0171005156315,1000.0203077987887,1000.0239217480655,1000.0279671475244,1000.0324679151518,1000.0374469950432,1000.0429262681357,1000.0489264804397
0.07319999999999999,1000.0,1000.0,1000.0,1000.0000000000009,1000.0000000000107,1000.0000000001022,1000.00000000076,1000.0000000045126,1000.0000000218549,1000.0000000881915,1000.0000003028198,1000.0000009028828,1000.0000023822264,1000.0000056577013,1000.0000122767387,1000.0000246530609,1000.0000463135249,1000.0000821382016,1000.000138577088,1000.0002238295981,1000.0003479765637,1000.0005230584312,1000.0007630972551,1000.0010840636337,1000.0015037926559,1000.00204185511,1000.0027193916121,1000.0035589179951,1000.0045841103706,1000.0058195778835,1000.0072906304316,1000.0090230476882,1000.0110428547157,1000.0133761084043,1000.0160486979488,1000.0190861616578,1000.0225135215597,1000.0263551365786,1000.0306345744682,1000.0353745022308,1000.0405965943827,1000.0463214581633
0.07343999999999998,1000.0,1000.0,1000.0,1000.0000000000007,1000.0000000000086,1000.0000000000829,1000.0000000006237,1000.0000000037444,1000.0000000183293,1000.0000000747178,1000.0000002590014,1000.0000007790495,1000.0000020721351,1000.0000049575502,1000.0000108295314,1000.0000218790173,1000.0000413287212,1000.0000736647253,1000.0001248486732,1000.0002024969748,1000.0003160166547,1000.0004766911385,1000.000697712966,1000.0009941638299,1000.0013829452138,1000.0018826651032,1000.0025134877177,1000.0032969540039,1000.0042557808258,1000.005413646515,1000.0067949698249,1000.0084246884977,1000.010328042694,1000.0125303675501,1000.015056898164,1000.0179325894222,1000.0211819522821,1000.0248289074358,1000.0288966567114,1000.0334075720908,1000.0383831018632,1000.0438436931478
0.07368,1000.0,1000.0,1000.0,1000.0000000000006,1000.0000000000069,1000.0000000000672,1000.0000000005114,1000.0000000031044,1000.0000000153601,1000.0000000632525,1000.0000002213524,1000.0000006716969,1000.0000018011068,1000.0000043410383,1000.0000095466078,1000.0000194048724,1000.000036858267,1000.000066027507,1000.000112418747,1000.0001831017267,1000.0002868485147,1000.0004342258212,1000.0006376373324,1000.0009113157863,1000.0012712673204,1000.0017351728243,1000.0023222525658,1000.0030531012359,1000.0039495008748,1000.0050342189783,1000.0063307985836,1000.0078633463968,1000.0096563241553,1000.011734347503,1000.0141219957429,1000.0168436349875,1000.0199232564484,1000.0233843309401,1000.0272496801015,1000.0315413643652,1000.0362805873394,1000.0414876159689
0.07391999999999999,1000.0,1000.0,1000.0,1000.0000000000005,1000.0000000000056,1000.0000000000545,1000.0000000004188,1000.0000000025717,1000.0000000128616,1000.0000000535042,1000.00000018903,1000.0000005787033,1000.000001564398,1000.0000037985627,1000.0000084100963,1000.0000171996428,1000.0000328515803,1000.0000591480931,1000.000101170857,1000.0001654774383,1000.0002602420547,1000.0003953534201,1000.0005824656603,1000.0008350013998,1000.0011681088638,1000.0015985770272,1000.0021447144208,1000.0028261981672,1000.0036639002301,1000.0046796978105,1000.0058962744308,1000.0073369176082,1000.0090253182346,1000.0109853759345,1000.0132410138152,1000.0158160052152,1000.018733814311,1000.0220174517875,1000.025689346215,1000.0297712313065,1000.0342840488544,1000.0392478668446
0.07415999999999998,1000.0,1000.0,1000.0,1000.0000000000003,1000.0000000000044,1000.000000000044,1000.0000000003429,1000.0000000021288,1000.0000000107608,1000.0000000452226,1000.0000001613029,1000.000000498211,1000.000001357817,1000.0000033215745,1000.0000074039765,1000.0000152353829,1000.000029262784,1000.0000529549674,1000.000090998362,1000.000149471078,1000.0002359848808,1000.000359787642,1000.0005318218499,1000.0007647377267,1000.0010728621572,1000.001472126802,1000.0019799603758,1000.0026151511024,1000.003397685858,1000.0043485725687,1000.0054896521323,1000.006843405592,1000.0084327615886,1000.0102809083352,1000.0124111135665,1000.0148465551343,1000.0176101642154,1000.020724482453,1000.0242115338078,1000.0280927114209,1000.0323886794193,1000.037119289289
0.0744,1000.0,1000.0,1000.0,1000.0000000000002,1000.0000000000035,1000.0000000000356,1000.0000000002805,1000.0000000017607,1000.000000008996,1000.0000000381928,1000.0000001375366,1000.0000004285932,1000.0000011776642,1000.0000029024684,1000.0000065138989,1000.0000134869047,1000.0000260502957,1000.0000473829793,1000.0000818036656,1000.0001349420049,1000.0002138810456,1000.000327263428,1000.0004853565599,1000.0007000748268,1000.00098495945,1000.0013551187488,1000.0018271331886,1000.0024189306762,1000.0031496381558,1000.0040394156973,1000.0051092790703,1000.0063809163456,1000.0078765034435,1000.0096185228341,1000.0116295888554,1000.0139322823811,1000.0165489968876,1000.0195017973531,1000.022812292877,1000.0265015234539,1000.0305898609483,1000.0350969240161
0.07463999999999998,1000.0,1000.0,1000.0,1000.0000000000002,1000.0000000000028,1000.0000000000288,1000.0000000002292,1000.0000000014551,1000.0000000075147,1000.0000000322302,1000.0000001171818,1000.0000003684277,1000.000001020676,1000.0000025344848,1000.0000057270195,1000.0000119315222,1000.0000231764518,1000.0000423728171,1000.000073497505,1000.0001217610438,1000.0001937498795,1000.0002975355153,1000.0004427454784,1000.0006405937264,1000.0009038705713,1000.001246894296,1000.0016854282725,1000.0022365685215,1000.0029186073053,1000.0037508785784,1000.0047535910069,1000.0059476538983,1000.0073545008438,1000.0089959152233,1000.0108938610384,1000.0130703218489,1000.0155471499367,1000.0183459272234,1000.0214878389406,1000.0249935605977,1000.0288831584138,1000.0331760030688
0.07487999999999997,1000.0,1000.0,1000.0,1000.0000000000001,1000.0000000000023,1000.0000000000232,1000.0000000001871,1000.0000000012016,1000.0000000062722,1000.0000000271773,1000.0000000997625,1000.0000003164711,1000.000000883976,1000.0000022116194,1000.0000050318504,1000.0000105488168,1000.0000206071604,1000.0000378705175,1000.0000659982883,1000.0001098096175,1000.0001754248894,1000.0002703770775,1000.0004036876804,1000.0005859044749,1000.0008291006727,1000.0011468371177,1000.0015540907872,1000.0020671540341,1000.0027035097158,1000.0034816876633,1000.0044211079165,1000.0055419158612,1000.0068648139369,1000.008410893999,1000.0102014737876,1000.0122579403056,1000.0146016022927,1000.0172535534041,1000.0202345471906,1000.023564884533,1000.0272643138015,1000.0313519437066
0.07511999999999999,1000.0,1000.0,1000.0,1000.0000000000001,1000.0000000000018,1000.0000000000188,1000.0000000001527,1000.0000000009913,1000.0000000052311,1000.0000000228985,1000.0000000848673,1000.0000002716383,1000.0000007650312,1000.0000019285438,1000.0000044181246,1000.0000093204243,1000.0000183115847,1000.0000338270164,1000.0000592314829,1000.0000989789444,1000.0001587527385,1000.0002455784593,1000.0003679040968,1000.0005356443298,1000.0007601881167,1000.0010543707197,1000.0014324129154,1000.0019098313421,1000.0025033246937,1000.0032306408514,1000.004110430088,1000.0051620892689,1000.0064056015725,1000.0078613757394,1000.0095500882708,1000.0114925313991,1000.0137094690626,1000.0162215025673,1000.019048947119,1000.0222117199779,1000.0257292406044,1000.0296203428668
0.07535999999999998,1000.0,1000.0,1000.0,1000.0000000000001,1000.0000000000015,1000.0000000000151,1000.0000000001245,1000.0000000008173,1000.0000000043592,1000.0000000192782,1000.0000000721407,1000.0000002329825,1000.0000006616132,1000.0000016805324,1000.0000038766732,1000.0000082298395,1000.0000162618495,1000.0000301977329,1000.0000531290461,1000.0000891692878,1000.0001435922844,1000.0002229459795,1000.00033513606,1000.0004894760266,1000.0006967024538,1000.000968956113,1000.0013197312308,1000.0017637963659,1000.0023170911962,1000.002996603945,1000.0038202342915,1000.0048066464715,1000.0059751169376,1000.0073453804996,1000.0089374783257,1000.0107716106319,1000.0128679963269,1000.0152467413589,1000.0179277170251,1000.0209304490824,1000.0242740181258,1000.0279769713972
0.0756,1000.0,1000.0,1000.0,1000.0000000000001,1000.0000000000011,1000.0000000000122,1000.0000000001014,1000.0000000006733,1000.0000000036298,1000.0000000162177,1000.0000000612754,1000.0000001996784,1000.000000571762,1000.000001463398,1000.0000033993132,1000.0000072622388,1000.0000144327756,1000.0000269421855,1000.0000476288989,1000.0000802892581,1000.0001298136848,1000.0002023008134,1000.0003051439397,1000.0004470861487,1000.0006382425141,1000.0008900896166,1000.0012154242029,1000.0016282940248,1000.0021439047431,1000.0027785072724,1000.0035492701218,1000.0044741412112,1000.0055717033804,1000.0068610274017,1000.0083615258353,1000.0100928105414,1000.0120745561459,1000.0143263712531,1000.0168676787397,1000.019717606044,1000.0228948860075,1000.026417768517
0.07583999999999999,1000.0,1000.0,1000.0,1000.0000000000001,1000.0000000000009,1000.0000000000098,1000.0000000000825,1000.0000000005542,1000.0000000030201,1000.0000000136323,1000.0000000520067,1000.0000001710073,1000.0000004937564,1000.0000012734331,1000.0000029787481,1000.0000064043182,1000.0000128016334,1000.0000240236394,1000.0000426744388,1000.0000722551648,1000.0001172975612,1000.0001834779455,1000.0002777058626,1000.0004081835955,1000.0005844346073,1000.0008173007777,1000.0011189098326,1000.0015026155841,1000.0019829144763,1000.0025753424662,1000.0032963565034,1000.0041632048676,1000.0051937904103,1000.0064065304058,1000.0078202162879,1000.00945387607,1000.0113266417596,1000.0134576236026,1000.0158657925482,1000.0185698719251,1000.0215882389621,1000.024938836485
0.07607999999999998,1000.0,1000.0,1000.0,1000.0,1000.0000000000007,1000.0000000000078,1000.0000000000671,1000.0000000004558,1000.0000000025108,1000.0000000114502,1000.0000000441062,1000.0000001463437,1000.0000004260852,1000.0000011073575,1000.0000026084757,1000.0000056441462,1000.0000113479185,1000.000021408781,1000.0000382140875,1000.0000649904122,1000.000105934217,1000.0001663251829,1000.0002526164998,1000.0003724981232,1000.0005349308012,1000.0007501503767,1000.0010296433735,1000.0013860960889,1000.0018333203067,1000.0023861593238,1000.0030603782732,1000.003872542769,1000.0048398897512,1000.0059801941188,1000.007311634358,1000.0088526599341,1000.0106218627653,1000.0126378546427,1000.0149191520397,1000.0174840693662,1000.02035062137,1000.023536435099
0.07632,1000.0,1000.0,1000.0,1000.0,1000.0000000000006,1000.0000000000064,1000.0000000000546,1000.0000000003746,1000.0000000020857,1000.0000000096098,1000.0000000373773,1000.0000001251439,1000.0000003674232,1000.0000009622713,1000.0000022827065,1000.0000049710295,1000.0000100531473,1000.0000190674194,1000.0000342008759,1000.0000584249408,1000.0000956229118,1000.0001507022412,1000.0002296859396,1000.0003397789877,1000.0004894073188,1000.0006882285642,1000.0009471152027,1000.0012781119649,1000.0016943702416,1000.0022100628679,1000.00284028298,1000.0036009307428,1000.0045085916536,1000.005580409884,1000.0068339597894,1000.0082871183198,1000.0099579406427,1000.0118645408674,1000.0140249793554,1000.0164571577266,1000.019178722333,1000.0222069766816
0.07655999999999999,1000.0,1000.0,1000.0,1000.0,1000.0000000000005,1000.0000000000051,1000.0000000000443,1000.0000000003076,1000.0000000017313,1000.000000008059,1000.0000000316508,1000.0000001069354,1000.000000316609,1000.000000835613,1000.0000019962894,1000.0000043753918,1000.0000089006685,1000.0000169722111,1000.0000305920578,1000.0000524947081,1000.0000862711825,1000.0001364798809,1000.0002087386215,1000.0003097936534,1000.0004475630051,1000.0006311530748,1000.0008708487709,1000.0011780786969,1000.0015653577935,1000.002046210485,1000.0026350777555,1000.0033472117263,1000.0041985612568,1000.0052056519061,1000.006385463298,1000.0077553065782,1000.0093327042599,1000.0111352743638,1000.0131806203677,1000.0154862281277,1000.0180693705993,1000.0209470209066
0.07679999999999998,1000.0,1000.0,1000.0,1000.0,1000.0000000000003,1000.0000000000041,1000.0000000000359,1000.0000000002524,1000.000000001436,1000.0000000067532,1000.0000000267811,1000.0000000913083,1000.0000002726256,1000.0000007251216,1000.0000017446442,1000.0000038486627,1000.0000078754916,1000.000015098408,1000.0000273487547,1000.0000471412063,1000.0000777942118,1000.0001235391048,1000.0001896123375,1000.0002823265817,1000.0004091178864,1000.0005785675435,1000.0008003986642,1000.0010854486329,1000.0014456195204,1000.0018938092018,1000.0024438263338,1000.0031102925353,1000.0039085351146,1000.0048544735465,1000.0059645026502,1000.0072553751027,1000.008744085566,1000.0104477583355,1000.0123835400547,1000.0145684986958,1000.0170195296939,1000.0197532698335
0.07704,1000.0,1000.0,1000.0,1000.0,1000.0000000000002,1000.0000000000033,1000.0000000000291,1000.0000000002069,1000.0000000011901,1000.0000000056546,1000.0000000226435,1000.0000000779069,1000.000000234583,1000.0000006288026,1000.0000015237025,1000.0000033831782,1000.0000069641312,1000.0000134236254,1000.0000244356286,1000.0000423110164,1000.0000701142422,1000.0001117704082,1000.000172157299,1000.0002571780948,1000.0003738118148,1000.0005301399154,1000.0007353487722,1000.0009997089002,1000.0013345326877,1000.0017521130951,1000.00226564621,1000.0028891407782,1000.0036373178748,1000.0045255037787,1000.0055695189059,1000.0067855653749,1000.0081901154555,1000.0097998028043,1000.0116313180539,1000.0137013099875,1000.0160262932325,1000.0186225631292
0.07727999999999999,1000.0,1000.0,1000.0,1000.0,1000.0000000000002,1000.0000000000026,1000.0000000000236,1000.0000000001695,1000.0000000009854,1000.0000000047311,1000.0000000191305,1000.0000000664229,1000.0000002017035,1000.0000005448987,1000.0000013298519,1000.0000029720892,1000.0000061544634,1000.0000119276299,1000.0000218205785,1000.0000379553942,1000.0000631600271,1000.0001010730745,1000.0001562352558,1000.000234163299,1000.000341403177,1000.000485560928,1000.0006753105293,1000.0009203793995,1000.0012315130107,1000.001620420779,1000.0020997058733,1000.0026827818386,1000.0033837790172,1000.0042174436911,1000.0051990326987,1000.0063442060334,1000.0076689196388,1000.0091893202966,1000.0109216441831,1000.0128821203579,1000.0150868801544,1000.0175518731809
0.07751999999999998,1000.0,1000.0,1000.0,1000.0,1000.0000000000002,1000.000000000002,1000.0000000000191,1000.0000000001388,1000.0000000008155,1000.0000000039553,1000.0000000161502,1000.0000000565898,1000.0000001733075,1000.0000004718622,1000.000001159888,1000.0000026092792,1000.0000054355964,1000.0000105921438,1000.0000194744634,1000.0000340298888,1000.0000568663252,1000.0000913545243,1000.0001417186797,1000.0002131110824,1000.0003116676929,1000.0004445426947,1000.0006199212737,1000.0008470109314,1000.0011360125416,1000.0014980730516,1000.0019452222169,1000.0024902960532,1000.0031468498066,1000.0039290632237,1000.0048516407668,1000.0059297092124,1000.0071787148046,1000.0086143218441,1000.0102523142938,1000.0121085016862,1000.0141986303377,1000.0165383006183
0.07776,1000.0,1000.0,1000.0,1000.0,1000.0000000000001,1000.0000000000017,1000.0000000000155,1000.0000000001135,1000.0000000006743,1000.0000000033042,1000.000000013624,1000.0000000481766,1000.000000148802,1000.0000004083313,1000.0000010109704,1000.0000022892905,1000.0000047977514,1000.0000094006679,1000.0000173708453,1000.0000304939884,1000.0000511734281,1000.000082529704,1000.0001284899939,1000.0001938631689,1000.0002843972733,1000.0004068173533,1000.000568842674,1000.0007791833908,1000.0010475176291,1000.0013844506161,1000.0018014580182,1000.0023108159528,1000.0029255203004,1000.0036591979499,1000.0045260125182,1000.005540566902,1000.0067178047863,1000.0080729129712,1000.009621226094,1000.0113781350489,1000.0133590001361,1000.0155790697307
0.07799999999999999,1000.0,1000.0,1000.0,1000.0,1000.0000000000001,1000.0000000000014,1000.0000000000125,1000.0000000000928,1000.0000000005571,1000.0000000027582,1000.0000000114841,1000.0000000409839,1000.0000001276695,1000.0000003531085,1000.0000008805833,1000.0000020072557,1000.0000042321554,1000.0000083383176,1000.0000154857532,1000.0000273107937,1000.0000460267227,1000.0000745205172,1000.0001164408545,1000.0001762732296,1000.0002593989474,1000.0003721357939,1000.0005217592454,1000.0007165040635,1000.0009655469852,1000.0012789719154,1000.0016677195414,1000.0021435236363,1000.0027188364966,1000.0034067460059,1000.0042208867509,1000.005175347468,1000.006284576894,1000.0075632898522,1000.0090263751457,1000.0106888065699,1000.0125655580996,1000.0146715240719
0.07823999999999998,1000.0,1000.0,1000.0,1000.0,1000.0000000000001,1000.000000000001,1000.0000000000101,1000.0000000000757,1000.0000000004599,1000.0000000023006,1000.000000009673,1000.0000000348391,1000.0000001094595,1000.0000003051418,1000.0000007664997,1000.000001758838,1000.0000037309431,1000.000007391674,1000.000013797468,1000.0000244467158,1000.0000413762857,1000.0000672552972,1000.0001054714809,1000.0001602060539,1000.000236493857,1000.0003402664616,1000.00047837695,1000.0006586060128,1000.0008896498545,1000.0011810910784,1000.0015433542598,1000.0019876482685,1000.0025258976134,1000.0031706651574,1000.0039350685138,1000.0048326923192,1000.0058774983994,1000.0070837356253,1000.0084658510206,1000.0100384034354,1000.0118159808612,1000.0138131222349
0.07848,1000.0,1000.0,1000.0,1000.0,1000.0000000000001,1000.0000000000008,1000.0000000000082,1000.0000000000618,1000.0000000003794,1000.0000000019174,1000.0000000081415,1000.0000000295938,1000.0000000937795,1000.0000002635079,1000.00000066675,1000.0000015401755,1000.0000032870674,1000.0000065486472,1000.0000122863214,1000.0000218711974,1000.0000371765069,1000.0000606683119,1000.0000954900252,1000.0001455367659,1000.0002155163029,1000.0003109942186,1000.0004384218591,1000.0006051465346,1000.0008194042505,1000.0010902959339,1000.0014277486442,1000.0018424636444,1000.0023458534298,1000.0029499699208,1000.0036674260158,1000.004511312611,1000.0054951130434,1000.0066326167164,1000.0079378334523,1000.0094249098847,1000.011108048981,1000.0130014335618
0.07871999999999998,1000.0,1000.0,1000.0,1000.0,1000.0,1000.0000000000007,1000.0000000000066,1000.0000000000504,1000.0000000003126,1000.0000000015968,1000.0000000068471,1000.0000000251197,1000.0000000802878,1000.0000002273965,1000.0000005795937,1000.0000013478319,1000.0000028942189,1000.0000057983523,1000.0000109345149,1000.0000195564568,1000.0000333857408,1000.0000546993081,1000.0000864119902,1000.0001321500976,1000.0001963128578,1000.0002841192825,1000.0004016389073,1000.0005558057125,1000.000754415309,1000.0010061061555,1000.001320326097,1000.0017072859117,1000.0021779017995,1000.0027437288745,1000.003416887741,1000.004209986173,1000.0051360377864,1000.0062083794229,1000.0074405887661,1000.008846403501,1000.01043964311,1000.0122341341973
0.07895999999999997,1000.0,1000.0,1000.0,1000.0,1000.0,1000.0000000000006,1000.0000000000053,1000.000000000041,1000.0000000002575,1000.0000000013289,1000.0000000057544,1000.0000000213063,1000.0000000686879,1000.0000001960976,1000.0000005034933,1000.0000011787515,1000.0000025467529,1000.0000051309952,1000.0000097259517,1000.0000174772504,1000.0000299659845,1000.0000492930848,1000.0000781596812,1000.000119939703,1000.0001787415274,1000.000259456218,1000.0003677907007,1000.0005102850358,1000.0006943137028,1000.0009280714687,1000.0012205449476,1000.0015814713538,1000.0020212862231,1000.0025510620214,1000.0031824396066,1000.00392755447,1000.0047989595812,1000.0058095465074,1000.0069724663048,1000.0083010514786,1000.0098087401137,1000.0115090030785
0.07919999999999999,1000.0,1000.0,1000.0,1000.0,1000.0,1000.0000000000005,1000.0000000000042,1000.0000000000334,1000.0000000002119,1000.000000001105,1000.0000000048323,1000.0000000180585,1000.0000000587218,1000.0000001689895,1000.0000004370925,1000.0000010302196,1000.0000022396218,1000.0000045377694,1000.0000086460832,1000.0000156106547,1000.0000268825785,1000.0000443990976,1000.0000706616975,1000.00010880752,1000.0001626709643,1000.0002368329912,1000.0003366563976,1000.0004683060948,1000.0006387541447,1000.0008557699541,1000.0011278965524,1000.0014644142843,1000.0018752935367,1000.0023711382764,1000.0029631222534,1000.0036629197015,1000.0044826322879,1000.0054347139394,1000.0065318950059,1000.0077871070497,1000.0092134093582,1000.0108239180936
0.07943999999999998,1000.0,1000.0,1000.0,1000.0,1000.0,1000.0000000000003,1000.0000000000034,1000.0000000000272,1000.0000000001743,1000.0000000009182,1000.0000000040549,1000.0000000152944,1000.0000000501658,1000.0000001455276,1000.0000003791948,1000.0000008998253,1000.0000019683167,1000.0000040107619,1000.0000076817685,1000.0000139358664,1000.0000241039319,1000.0000399710933,1000.0000638524582,1000.0000986631717,1000.0001479797326,1000.0002160900804,1000.0003080306552,1000.0004296093504,1000.000587413972,1000.0007888064403,1000.0010419034909,1000.0013555450453,1000.0017392517127,1000.0022031730706,1000.0027580284587,1000.0034150420282,1000.0041858737238,1000.0050825477746,1000.0061173801225,1000.0073029060561,1000.0086518091443,1000.0101768523925
0.07967999999999997,1000.0,1000.0,1000.0,1000.0,1000.0,1000.0000000000002,1000.0000000000027,1000.0000000000222,1000.0000000001432,1000.0000000007624,1000.0000000034,1000.0000000129439,1000.0000000428257,1000.0000001252363,1000.0000003287465,1000.0000007854301,1000.000001728811,1000.0000035428666,1000.0000068211455,1000.0000124340166,1000.0000216012666,1000.000035966767,1000.0000576717594,1000.0000894234066,1000.0001345556133,1000.0001970796344,1000.0002817226252,1000.0003939529582,1000.0005399917884,1000.0007268109557,1000.0009621178236,1000.0012543280661,1000.0016125277189,1000.0020464260112,1000.002566300599,1000.0031829368434,1000.0039075627468,1000.0047517810602,1000.0057274999571,1000.0068468635202,1000.0081221831283,1000.009565870665
0.07991999999999999,1000.0,1000.0,1000.0,1000.0,1000.0,1000.0000000000002,1000.0000000000022,1000.000000000018,1000.0000000001176,1000.0000000006326,1000.0000000028489,1000.0000000109467,1000.0000000365335,1000.0000001076995,1000.0000002848194,1000.0000006851374,1000.0000015175121,1000.0000031277068,1000.0000060535135,1000.0000110880026,1000.0000193483827,1000.0000323474486,1000.000052064364,1000.0000810115785,1000.0001222949605,1000.0001796646895,1000.0002575550216,1000.0003611116741,1000.0004962061981,1000.0006694372854,1000.0008881194644,1000.0011602600497,1000.0014945255174,1000.0019001986963,1000.0023871282817,1000.0029656722263,1000.003646636539,1000.0044412109542,1000.0053609028259,1000.0064174704668,1000.0076228570083,1000.008989125706
0.08015999999999998,1000.0,1000.0,1000.0,1000.0,1000.0,1000.0000000000001,1000.0000000000018,1000.0000000000146,1000.0000000000965,1000.0000000005243,1000.0000000023851,1000.0000000092508,1000.0000000311435,1000.0000000925544,1000.000000246597,1000.0000005972671,1000.0000013312172,1000.0000027595637,1000.0000053692255,1000.0000098823308,1000.0000173214414,1000.0000290778098,1000.0000469796196,1000.000073357158,1000.0001111020932,1000.0001637184286,1000.0002353632311,1000.0003308758069,1000.0004557945916,1000.00061636158,1000.0008195146082,1000.0010728682151,1000.0013846841196,1000.0017638325787,1000.0022197460241,1000.0027623664378,1000.0034020879218,1000.0041496958681,1000.0050163040374,1000.0060132907427,1000.0071522351976,1000.00844485495
0.0804,1000.0,1000.0,1000.0,1000.0,1000.0,1000.0000000000001,1000.0000000000015,1000.0000000000118,1000.0000000000791,1000.0000000004344,1000.0000000019955,1000.000000007812,1000.0000000265298,1000.0000000794839,1000.0000002133613,1000.0000005203317,1000.0000011670719,1000.0000024333123,1000.0000047595897,1000.0000088029747,1000.0000154987647,1000.0000261255932,1000.0000423711023,1000.0000663952793,1000.0001008887274,1000.0001491234856,1000.0002149944809,1000.0003030502348,1000.000418512001,1000.0005672810435,1000.0007559342439,1000.0009917086305,1000.0012824757374,1000.0016367069379,1000.0020634310428,1000.0025721855314,1000.0031729627956,1000.0038761527392,1000.004692483003,1000.0056329579764,1000.0067087976402,1000.0079313771531
0.08063999999999999,1000.0,1000.0,1000.0,1000.0,1000.0,1000.0000000000001,1000.0000000000011,1000.0000000000095,1000.0000000000648,1000.0000000003596,1000.0000000016682,1000.0000000065921,1000.0000000225835,1000.0000000682122,1000.0000001844819,1000.0000004530152,1000.0000010225351,1000.0000021443624,1000.0000042167803,1000.0000078372433,1000.0000138606512,1000.0000234613625,1000.0000381962878,1000.000060066316,1000.0000915734474,1000.0001357712976,1000.000196307056,1000.0002774534801,1000.0003841300213,1000.0005219126922,1000.0006970327457,1000.000916364633,1000.0011874040283,1000.0015182369478,1000.0019175011473,1000.0023943410763,1000.002958357693,1000.0036195544213,1000.004388280473,1000.0052751726654,1000.006291096758,1000.0074470892112
0.08087999999999998,1000.0,1000.0,1000.0,1000.0,1000.0,1000.0000000000001,1000.0000000000009,1000.0000000000077,1000.0000000000531,1000.0000000002974,1000.0000000013937,1000.0000000055586,1000.0000000192106,1000.0000000584984,1000.0000001594049,1000.0000003941543,1000.0000008953456,1000.0000018886057,1000.0000037337555,1000.000006973661,1000.0000123892061,1000.0000210582701,1000.0000344162438,1000.0000543154865,1000.0000830812071,1000.0001235614892,1000.000179169557,1000.0002539168266,1000.0003524357787,1000.0004799921657,1000.000642486518,1000.0008464453012,1000.0010990023931,1000.0014078717984,1000.0017813126847,1000.0022280879241,1000.0027574173736,1000.0033789271097,1000.0041025957962,1000.0049386992779,1000.0058977544038,1000.0069904629682
0.08112,1000.0,1000.0,1000.0,1000.0,1000.0,1000.0000000000001,1000.0000000000007,1000.0000000000063,1000.0000000000434,1000.0000000002458,1000.0000000011634,1000.0000000046838,1000.0000000163297,1000.0000000501333,1000.0000001376449,1000.0000003427208,1000.0000007834927,1000.0000016623678,1000.0000033041829,1000.0000062018578,1000.0000110681856,1000.0000188918442,1000.000030995347,1000.0000490924871,1000.0000753428681,1000.0001124013048,1000.0001634602116,1000.0002322835007,1000.0003232309705,1000.0004412726162,1000.00059199273,1000.0007815840307,1000.0010168323871,1000.0013050929414,1000.0016542586195,1000.0020727221265,1000.0025693325802,1000.0031533479425,1000.0038343843727,1000.0046223635629,1000.005527459034,1000.0065600422643
0.08135999999999999,1000.0,1000.0,1000.0,1000.0,1000.0,1000.0,1000.0000000000006,1000.0000000000051,1000.0000000000355,1000.000000000203,1000.0000000009704,1000.0000000039438,1000.000000013871,1000.0000000429347,1000.0000001187759,1000.0000002978076,1000.0000006851901,1000.0000014623641,1000.0000029223716,1000.0000055124679,1000.0000098828526,1000.0000169397904,1000.0000279010189,1000.0000443511502,1000.000068294767,1000.00010220507,1000.000149066221,1000.0002124078907,1000.0002963309472,1000.0004055236465,1000.000545268099,1000.0007214371573,1000.0009404821807,1000.0012094123839,1000.0015357666609,1000.0019275788947,1000.0023933378344,1000.0029419426339,1000.0035826551285,1000.0043250498729,1000.0051789628874,1000.0061544399748
0.08159999999999998,1000.0,1000.0,1000.0,1000.0,1000.0,1000.0,1000.0000000000005,1000.0000000000041,1000.000000000029,1000.0000000001676,1000.0000000008089,1000.0000000033183,1000.0000000117742,1000.0000000367445,1000.0000001024254,1000.0000002586139,1000.0000005988512,1000.0000012856611,1000.0000025832107,1000.0000048970383,1000.0000088198453,1000.0000151818095,1000.0000251034821,1000.0000400491264,1000.000061878311,1000.0000928936903,1000.0001358831479,1000.0001941548138,1000.00027156385,1000.0003725303065,1000.0005020477415,1000.0006656826554,1000.0008695650996,1000.0011203710699,1000.0014252974818,1000.0017920306584,1000.0022287093351,1000.002743883216,1000.0033464681065,1000.0040456986071,1000.0048510792868,1000.0057723351789
0.08184,1000.0,1000.0,1000.0,1000.0,1000.0,1000.0,1000.0000000000003,1000.0000000000033,1000.0000000000236,1000.0000000001382,1000.0000000006737,1000.00000000279,1000.0000000099873,1000.0000000314251,1000.0000000882667,1000.0000002244342,1000.0000005230684,1000.0000011296397,1000.0000022821132,1000.000004347944,1000.0000078670558,1000.0000135994301,1000.0000225755343,1000.0000361475891,1000.0000560396023,1000.0000843941823,1000.000123814345,1000.0001773988307,1000.0002487697991,1000.0003420921495,1000.0004620840878,1000.0006140189058,1000.0008037182424,1000.0010375373425,1000.0013223430265,1000.0016654852171,1000.0020747629561,1000.0025583858853,1000.0031249321637,1000.0037833037668,1000.0045426800573,1000.0054124704469
0.08207999999999999,1000.0,1000.0,1000.0,1000.0,1000.0,1000.0,1000.0000000000003,1000.0000000000027,1000.0000000000193,1000.0000000001139,1000.0000000005608,1000.0000000023441,1000.0000000084656,1000.0000000268573,1000.0000000760147,1000.0000001946469,1000.0000004565936,1000.0000009919637,1000.0000020149644,1000.0000038583113,1000.0000070135185,1000.0000121758525,1000.0000202923388,1000.0000326109599,1000.0000507290857,1000.0000766392334,1000.0001127704131,1000.0001620235921,1000.0002278001208,1000.0003140223283,1000.0004251458406,1000.0005661635106,1000.0007426011446,1000.0009605054546,1000.0012264248642,1000.001547383936,1000.0019308522847,1000.002384708885,1000.0029172027006,1000.0035369105345,1000.0042526929608,1000.0050736491362
0.08231999999999998,1000.0,1000.0,1000.0,1000.0,1000.0,1000.0,1000.0000000000002,1000.0000000000022,1000.0000000000157,1000.0000000000938,1000.0000000004663,1000.000000001968,1000.0000000071707,1000.0000000229377,1000.0000000654198,1000.0000001687047,1000.0000003983208,1000.0000008705506,1000.0000017780759,1000.0000034219477,1000.0000062493087,1000.0000108958067,1000.0000182312317,1000.0000294066546,1000.0000459012234,1000.0000695667928,1000.0001026687005,1000.0001479212344,1000.000208516629,1000.0002881467555,1000.0003910170057,1000.0005218521866,1000.000685894532,1000.0008888941786,1000.0011370926528,1000.0014372000637,1000.0017963667923,1000.0022221505317,1000.002722479548,1000.0033056130242,1000.0039800993146,1000.0047547328834
0.08256,1000.0,1000.0,1000.0,1000.0,1000.0,1000.0,1000.0000000000002,1000.0000000000017,1000.0000000000128,1000.0000000000772,1000.0000000003876,1000.0000000016511,1000.0000000060695,1000.0000000195766,1000.0000000562642,1000.0000001461262,1000.0000003472707,1000.0000007635449,1000.000001568144,1000.0000030332773,1000.0000055654488,1000.0000097454208,1000.0000163715423,1000.0000265048465,1000.0000415141895,1000.0000631196883,1000.0000934328278,1000.000134991805,1000.0001907909408,1000.0002643032997,1000.0003594959613,1000.0004808377025,1000.0006332991188,1000.0008223454597,1000.0010539226461,1000.00133443709,1000.0016707300454,1000.0020700472784,1000.0025400048822,1000.0030885520536,1000.003723931625,1000.0044546391039
0.08279999999999998,1000.0,1000.0,1000.0,1000.0,1000.0,1000.0,1000.0000000000001,1000.0000000000014,1000.0000000000105,1000.0000000000634,1000.000000000322,1000.0000000013843,1000.0000000051339,1000.0000000166967,1000.0000000483578,1000.0000001264883,1000.0000003025763,1000.0000006692949,1000.0000013822104,1000.0000026872831,1000.0000049538227,1000.0000087121002,1000.0000146944288,1000.0000238782476,1000.0000375295875,1000.000057245268,1000.000084992247,1000.0001231427251,1000.0001745038352,1000.000242341031,1000.0003303945829,1000.0004428888745,1000.000584534469,1000.000760523141,1000.0009765162768,1000.0012386271876,1000.0015533980019,1000.0019277718679,1000.0023690612395,1000.0028849130201,1000.0034832713279,1000.0041723386036
0.08303999999999997,1000.0,1000.0,1000.0,1000.0,1000.0,1000.0,1000.0000000000001,1000.0000000000011,1000.0000000000084,1000.0000000000522,1000.0000000002672,1000.0000000011596,1000.0000000043394,1000.0000000142306,1000.0000000415349,1000.0000001094195,1000.0000002634715,1000.0000005863308,1000.0000012176289,1000.0000023794533,1000.0000044070977,1000.0000077844164,1000.0000131827261,1000.0000215019056,1000.0000339121874,1000.0000518950678,1000.0000772818271,1000.0001122882874,1000.0001595446504,1000.0002221195109,1000.0003035374165,1000.0004077896187,1000.0005393379209,1000.0007031117543,1000.0009044988129,1000.0011493297294,1000.0014438573916,1000.0017947315761,1000.002208969621,1000.0026939238726,1000.0032572466312,1000.0039068532938
0.08327999999999999,1000.0,1000.0,1000.0,1000.0,1000.0,1000.0,1000.0000000000001,1000.0000000000009,1000.0000000000069,1000.0000000000429,1000.0000000002216,1000.0000000009708,1000.0000000036653,1000.0000000121206,1000.0000000356509,1000.0000000945934,1000.0000002292792,1000.0000005133461,1000.0000010720332,1000.0000021057333,1000.0000039186523,1000.0000069520049,1000.0000118208037,1000.000019353016,1000.00003062968,1000.0000470244993,1000.0000702414659,1000.0001023491792,1000.0001458107128,1000.0002035081159,1000.0002787608903,1000.0003753380412,1000.000497463552,1000.0006498153541,1000.0008375180556,1000.0010661298492,1000.001341624136,1000.00167036649,1000.0020590876327,1000.0025148531123,1000.003045030379,1000.0036572539246
0.08351999999999998,1000.0,1000.0,1000.0,1000.0,1000.0,1000.0,1000.0000000000001,1000.0000000000007,1000.0000000000056,1000.0000000000351,1000.0000000001836,1000.0000000008122,1000.0000000030938,1000.0000000103163,1000.0000000305803,1000.0000000817238,1000.0000001994011,1000.0000004491798,1000.000000943309,1000.0000018624809,1000.0000034825113,1000.0000062054712,1000.000010594438,1000.0000174107483,1000.000027652451,1000.0000425925607,1000.0000638157301,1000.0000932520433,1000.0001332068061,1000.000186385409,1000.0002559125805,1000.0003453455922,1000.0004586812134,1000.0006003564292,1000.0007752431248,1000.0009886370979,1000.001246241875,1000.0015541479058,1000.0019188077528,1000.0023470079334,1000.002845838069,1000.0034226579803
0.08375999999999997,1000.0,1000.0,1000.0,1000.0,1000.0,1000.0,1000.0000000000001,1000.0000000000006,1000.0000000000045,1000.0000000000288,1000.000000000152,1000.0000000006789,1000.0000000026095,1000.0000000087746,1000.0000000262135,1000.0000000705601,1000.0000001733097,1000.0000003928009,1000.0000008295685,1000.0000016464273,1000.0000030932853,1000.0000055363056,1000.0000094906917,1000.0000156560852,1000.0000249533691,1000.0000385615672,1000.0000579535154,1000.0000849290597,1000.0001216446686,1000.0001706385416,1000.0002348505092,1000.0003176362537,1000.0004227756023,1000.0005544748532,1000.0007173632833,1000.0009164841387,1000.0011572805311,1000.0014455767596,1000.0017875556307,1000.0021897323909,1000.00265892589,1000.0032022275911
0.08399999999999999,1000.0,1000.0,1000.0,1000.0,1000.0,1000.0,1000.0,1000.0000000000005,1000.0000000000036,1000.0000000000236,1000.0000000001259,1000.0000000005672,1000.0000000021995,1000.0000000074583,1000.0000000224554,1000.0000000608824,1000.0000001505393,1000.0000003432948,1000.0000007291266,1000.0000014546399,1000.0000027461168,1000.0000049368035,1000.0000084978044,1000.0000140716736,1000.0000225075916,1000.0000348968987,1000.0000526077318,1000.0000773175577,1000.0001110425216,1000.0001561626915,1000.0002154424852,1000.0002920457754,1000.0003895453855,1000.0005119268918,1000.0006635868236,1000.0008493255101,1000.0010743349452,1000.0013441821368,1000.0016647884698,1000.0020424056557,1000.0024835888527,1000.0029951675409
0.08423999999999998,1000.0,1000.0,1000.0,1000.0,1000.0,1000.0,1000.0,1000.0000000000003,1000.000000000003,1000.0000000000193,1000.000000000104,1000.0000000004735,1000.0000000018526,1000.0000000063351,1000.0000000192234,1000.0000000524984,1000.0000001306803,1000.0000002998502,1000.0000006404807,1000.0000012844897,1000.0000024366299,1000.0000043999935,1000.0000076050909,1000.0000126416879,1000.0000202923817,1000.0000315667678,1000.0000477350096,1000.0000703596528,1000.0001013246285,1000.0001428605367,1000.0001975654848,1000.0002684209543,1000.0003588023734,1000.0004724842651,1000.000613640014,1000.0007868364524,1000.0009970235826,1000.0012495198545,1000.0015499934852,1000.0019044403516,1000.0023191590049,1000.002800723365
0.08448,1000.0,1000.0,1000.0,1000.0,1000.0,1000.0,1000.0,1000.0000000000003,1000.0000000000024,1000.0000000000158,1000.000000000086,1000.000000000395,1000.0000000015594,1000.0000000053774,1000.0000000164457,1000.0000000452402,1000.0000001133711,1000.0000002617485,1000.0000005622917,1000.000001133621,1000.0000021608845,1000.0000039195712,1000.0000068028487,1000.0000113517027,1000.0000182869417,1000.000028542001,1000.0000432954232,1000.0000640019038,1000.0000924208787,1000.0001306417558,1000.0001811050599,1000.0002466189462,1000.0003303707272,1000.0004359332439,1000.0005672660805,1000.0007287117713,1000.0009249872742,1000.0011611710794,1000.0014426863981,1000.0017752809231,1000.002165003676,1000.0026181794708
0.08471999999999999,1000.0,1000.0,1000.0,1000.0,1000.0,1000.0,1000.0,1000.0000000000002,1000.0000000000019,1000.000000000013,1000.0000000000709,1000.0000000003292,1000.0000000013116,1000.0000000045613,1000.0000000140601,1000.0000000389605,1000.0000000982941,1000.0000002283529,1000.0000004933667,1000.0000009999246,1000.000001915336,1000.0000034898385,1000.0000060822723,1000.0000101885762,1000.0000164722564,1000.0000257958378,1000.0000392522361,1000.0000581949963,1000.0000842664002,1000.0001194225637,1000.0001659547906,1000.0002265066258,1000.0003040862205,1000.0004020738102,1000.000524224259,1000.0006746647784,1000.0008578880442,1000.0010787410405,1000.001342410032,1000.0016544021165,1000.0020205238434,1000.0024468573919
0.08495999999999998,1000.0,1000.0,1000.0,1000.0,1000.0,1000.0,1000.0,1000.0000000000002,1000.0000000000016,1000.0000000000106,1000.0000000000585,1000.0000000002742,1000.0000000011025,1000.0000000038666,1000.0000000120127,1000.0000000335311,1000.0000000851699,1000.0000001991001,1000.0000004326437,1000.0000008815131,1000.0000016967964,1000.0000031056486,1000.0000054353745,1000.000009140342,1000.0000148309506,1000.0000233037433,1000.0000355716627,1000.0000528934454,1000.0000768011952,1000.0001091252711,1000.0001520157621,1000.0002079599748,1000.0002797955328,1000.0003707188473,1000.0004842888807,1000.000624426267,1000.0007954079713,1000.0010018577739,1000.00124873294,1000.0015413074902,1000.0018851525243,1000.0022861140634
0.0852,1000.0,1000.0,1000.0,1000.0,1000.0,1000.0,1000.0,1000.0000000000001,1000.0000000000013,1000.0000000000086,1000.0000000000483,1000.0000000002283,1000.0000000009261,1000.0000000032754,1000.0000000102566,1000.0000000288401,1000.0000000737525,1000.000000173492,1000.0000003791783,1000.0000007766984,1000.0000015024009,1000.0000027623546,1000.0000048549144,1000.0000081961097,1000.0000133471539,1000.0000210432338,1000.0000322226452,1000.0000480553165,1000.0000699697979,1000.0000996778739,1000.0001391960747,1000.0001908635071,1000.0002573555831,1000.0003416933781,1000.000447248507,1000.000577743541,1000.0007372481098,1000.000930170933,1000.0011612481028,1000.0014355279976,1000.001758353246,1000.0021353401793
0.08543999999999999,1000.0,1000.0,1000.0,1000.0,1000.0,1000.0,1000.0,1000.0000000000001,1000.000000000001,1000.000000000007,1000.0000000000398,1000.0000000001899,1000.0000000007773,1000.0000000027727,1000.0000000087516,1000.0000000247895,1000.0000000638265,1000.0000001510881,1000.000000332131,1000.0000006839716,1000.0000013295763,1000.0000024557642,1000.0000043343316,1000.0000073459742,1000.0000120063793,1000.0000189937159,1000.0000291766481,1000.0000436419676,1000.0000637209571,1000.0000910136661,1000.0001274103844,1000.0001751097284,1000.0002366329026,1000.0003148338451,1000.0004129051134,1000.0005343794974,1000.0006831274666,1000.0008633506582,1000.0010795716889,1000.0013366206383,1000.0016396185873,1000.0019939586255
0.08567999999999998,1000.0,1000.0,1000.0,1000.0,1000.0,1000.0,1000.0,1000.0000000000001,1000.0000000000008,1000.0000000000057,1000.0000000000327,1000.0000000001579,1000.000000000652,1000.0000000023456,1000.0000000074624,1000.0000000212943,1000.0000000552026,1000.0000001314995,1000.0000002907555,1000.0000006019854,1000.0000011760127,1000.0000021820964,1000.0000038676848,1000.0000065809301,1000.0000107954089,1000.0000171363367,1000.0000264074652,1000.0000396178065,1000.0000580073355,1000.0000830708763,1000.000116579467,1000.0001605986218,1000.0002175030354,1000.00028998742,1000.0003810733032,1000.0004941117397,1000.0006327820109,1000.0008010864792,1000.0010033418486,1000.0012441671417,1000.0015284687502,1000.0018614229397
0.08592,1000.0,1000.0,1000.0,1000.0,1000.0,1000.0,1000.0,1000.0000000000001,1000.0000000000007,1000.0000000000047,1000.000000000027,1000.0000000001311,1000.0000000005466,1000.0000000019829,1000.0000000063591,1000.0000000182803,1000.0000000477145,1000.0000001143829,1000.0000002543894,1000.0000005295367,1000.0000010396377,1000.0000019379441,1000.0000034495969,1000.0000058927951,1000.0000097021887,1000.0000154538454,1000.0000238910411,1000.0000359500654,1000.000052785232,1000.0000757923287,1000.0001066298123,1000.0001472371696,1000.0001998499815,1000.0002670113624,1000.000351579576,1000.000456731753,1000.0005859637521,1000.0007430862937,1000.0009322175894,1000.0011577727396,1000.0014244502297,1000.0017372158784
0.08615999999999999,1000.0,1000.0,1000.0,1000.0,1000.0,1000.0,1000.0,1000.0000000000001,1000.0000000000006,1000.0000000000038,1000.0000000000222,1000.0000000001089,1000.0000000004578,1000.0000000016753,1000.0000000054152,1000.000000015683,1000.0000000412169,1000.0000000994355,1000.0000002224454,1000.0000004655521,1000.0000009185935,1000.0000017202383,1000.0000030752041,1000.0000052741389,1000.000008715732,1000.0000139304648,1000.0000216053057,1000.0000326085911,1000.0000480143201,1000.000069125125,1000.0000974932411,1000.0001349388978,1000.000183565664,1000.0002457724042,1000.0003242616245,1000.0004220441082,1000.000542439847,1000.0006890753746,1000.0008658776823,1000.0010770649675,1000.0013271345105,1000.0016208480084
0.08639999999999998,1000.0,1000.0,1000.0,1000.0,1000.0,1000.0,1000.0,1000.0,1000.0000000000005,1000.0000000000031,1000.0000000000182,1000.0000000000903,1000.0000000003832,1000.0000000014144,1000.0000000046085,1000.0000000134462,1000.0000000355824,1000.0000000863904,1000.0000001944018,1000.0000004090749,1000.000000811215,1000.0000015262159,1000.0000027401087,1000.0000047182166,1000.0000078260297,1000.0000125517726,1000.0000195300198,1000.0000295656495,1000.0000436574039,1000.0000630203443,1000.0000891065447,1000.0001236234496,1000.0001685494288,1000.0002261461701,1000.0002989676718,1000.0003898657094,1000.0005019917561,1000.0006387954302,1000.0008040196236,1000.0010016925278,1000.0012361168282,1000.0015118563671
0.08664,1000.0,1000.0,1000.0,1000.0,1000.0,1000.0,1000.0,1000.0,1000.0000000000003,1000.0000000000025,1000.0000000000149,1000.0000000000748,1000.0000000003206,1000.0000000011933,1000.0000000039195,1000.0000000115211,1000.0000000306993,1000.0000000750124,1000.0000001697972,1000.0000003592526,1000.0000007160115,1000.0000013533912,1000.0000024403377,1000.00000421891,1000.0000070239685,1000.0000113045918,1000.0000176466319,1000.000026795743,1000.0000396801914,1000.0000574327661,1000.0000814111493,1000.0001132161852,1000.0001547075752,1000.0002080166331,1000.0002755558447,1000.0003600250847,1000.0004644144442,1000.0005920037142,1000.0007463586504,1000.0009313242086,1000.0011510149916,1000.0014098031862
0.08687999999999999,1000.0,1000.0,1000.0,1000.0,1000.0,1000.0,1000.0,1000.0,1000.0000000000002,1000.000000000002,1000.0000000000123,1000.000000000062,1000.000000000268,1000.0000000010061,1000.0000000033313,1000.0000000098654,1000.0000000264703,1000.0000000650946,1000.0000001482224,1000.0000003153256,1000.0000006316485,1000.0000011995289,1000.0000021723025,1000.0000037706715,1000.0000063012545,1000.000010176889,1000.0000159381462,1000.0000242754409,1000.000036051081,1000.0000523206062,1000.0000743527971,1000.0001036478013,1000.0001419529075,1000.0001912755926,1000.0002538935751,1000.0003323617029,1000.0004295156109,1000.0005484721639,1000.0006926267849,1000.0008656478315,1000.0010714682325,1000.0013142746425
0.08711999999999998,1000.0,1000.0,1000.0,1000.0,1000.0,1000.0,1000.0,1000.0,1000.0000000000002,1000.0000000000017,1000.00000000001,1000.0000000000514,1000.0000000002238,1000.0000000008478,1000.0000000028294,1000.0000000084423,1000.0000000228098,1000.0000000564547,1000.0000001293155,1000.0000002766184,1000.0000005569322,1000.0000010626204,1000.0000019327645,1000.0000033684737,1000.0000056503437,1000.0000091576804,1000.0000143889991,1000.0000219832225,1000.0000327409645,1000.000047645275,1000.0000678812521,1000.0000948539791,1000.000130204319,1000.0001758221906,1000.0002338570418,1000.0003067253381,1000.0003971149729,1000.0005079865982,1000.0006425719449,1000.0008043692723,1000.0009971361344,1000.0012248796954
0.08736,1000.0,1000.0,1000.0,1000.0,1000.0,1000.0,1000.0,1000.0,1000.0000000000002,1000.0000000000014,1000.0000000000082,1000.0000000000425,1000.0000000001869,1000.0000000007138,1000.0000000024017,1000.00000000722,1000.0000000196435,1000.0000000489327,1000.0000001127562,1000.00000024253,1000.0000004907956,1000.0000009408615,1000.0000017188019,1000.0000030077632,1000.0000050643775,1000.0000082369457,1000.0000129849456,1000.0000198993304,1000.0000297230422,1000.0000433711475,1000.0000619500206,1000.000086775049,1000.0001193863972,1000.000161562449,1000.0002153306367,1000.0002829754585,1000.0003670435725,1000.0004703459418,1000.0005959570801,1000.000747211508,1000.0009276975888,1000.0011412489489
0.08759999999999998,1000.0,1000.0,1000.0,1000.0,1000.0,1000.0,1000.0,1000.0,1000.0000000000001,1000.0000000000011,1000.0000000000067,1000.0000000000351,1000.0000000001559,1000.0000000006006,1000.0000000020373,1000.0000000061707,1000.0000000169065,1000.0000000423881,1000.0000000982617,1000.0000002125262,1000.0000004322853,1000.0000008326323,1000.0000015277805,1000.0000026844181,1000.0000045371237,1000.0000074055474,1000.0000117129536,1000.0000180056338,1000.000026972651,1000.0000394653505,1000.0000565160909,1000.0000793556784,1000.0001094290516,1000.0001484088348,1000.0001982064609,1000.0002609806513,1000.000339143125,1000.000435361492,1000.0005525593555,1000.0006939137135,1000.0008628498025,1000.0010630335706
0.08783999999999997,1000.0,1000.0,1000.0,1000.0,1000.0,1000.0,1000.0,1000.0,1000.0000000000001,1000.0000000000009,1000.0000000000056,1000.000000000029,1000.00000000013,1000.0000000005051,1000.000000001727,1000.0000000052706,1000.000000014542,1000.0000000366972,1000.0000000855819,1000.0000001861326,1000.0000003805503,1000.00000073648,1000.0000013573267,1000.0000023947086,1000.0000040629222,1000.000006655158,1000.0000105611069,1000.0000162855038,1000.0000244671041,1000.0000358975636,1000.0000515396905,1000.0000725445782,1000.0001002671661,1000.0001362798527,1000.0001823838528,1000.0002406180793,1000.0003132654022,1000.0004028562244,1000.0005121693771,1000.000644230404,1000.0008023073566,1000.0009899042635
0.08807999999999999,1000.0,1000.0,1000.0,1000.0,1000.0,1000.0,1000.0,1000.0,1000.0000000000001,1000.0000000000007,1000.0000000000045,1000.000000000024,1000.0000000001083,1000.0000000004244,1000.0000000014631,1000.000000004499,1000.0000000125005,1000.0000000317517,1000.000000074496,1000.0000001629279,1000.0000003348307,1000.0000006511019,1000.0000012053027,1000.0000021352624,1000.0000036366353,1000.0000059781913,1000.0000095185145,1000.0000147236943,1000.0000221855428,1000.0000326398325,1000.0000469840567,1000.0000662942259,1000.0000918402687,1000.0001250996548,1000.0001677689345,1000.0002217729609,1000.0002892716399,1000.0003726641249,1000.0004745904436,1000.0005979306054,1000.0007458012906,1000.000921550264
0.08831999999999998,1000.0,1000.0,1000.0,1000.0,1000.0,1000.0,1000.0,1000.0,1000.0000000000001,1000.0000000000006,1000.0000000000036,1000.0000000000198,1000.0000000000902,1000.0000000003564,1000.0000000012387,1000.000000003838,1000.0000000107392,1000.0000000274566,1000.0000000648096,1000.0000001425382,1000.0000002944493,1000.0000005753302,1000.0000010697844,1000.000001903031,1000.0000032536012,1000.0000053677401,1000.0000085752268,1000.0000133062352,1000.0000201087967,1000.0000296663967,1000.0000428152239,1000.0000605606085,1000.0000840922247,1000.0001147976814,1000.0001542741925,1000.0002043380864,1000.0002670319866,1000.0003446295669,1000.00043963785,1000.0005547970801,1000.00069307825,1000.0008576784086
0.08856,1000.0,1000.0,1000.0,1000.0,1000.0,1000.0,1000.0,1000.0,1000.0000000000001,1000.0000000000005,1000.000000000003,1000.0000000000163,1000.000000000075,1000.0000000002991,1000.0000000010481,1000.000000003272,1000.0000000092205,1000.0000000237286,1000.0000000563507,1000.0000001246323,1000.0000002588018,1000.0000005081193,1000.0000009490406,1000.0000016952611,1000.0000029095931,1000.0000048175184,1000.0000077221597,1000.0000120203304,1000.000018219256,1000.0000269535268,1000.0000390018246,1000.0000553029802,1000.0000769709462,1000.0001053083157,1000.000141818076,1000.0001882133544,1000.0002464249736,1000.0003186067115,1000.0004071382142,1000.0005146255772,1000.0006438996578,1000.0007980122242
0.08879999999999999,1000.0,1000.0,1000.0,1000.0,1000.0,1000.0,1000.0,1000.0,1000.0,1000.0000000000003,1000.0000000000025,1000.0000000000134,1000.0000000000624,1000.0000000002509,1000.0000000008862,1000.0000000027877,1000.0000000079117,1000.0000000204947,1000.0000000489681,1000.0000001089163,1000.0000002273507,1000.0000004485332,1000.0000008415147,1000.0000015094663,1000.0000026007799,1000.0000043218087,1000.0000069510219,1000.0000108542649,1000.0000165007518,1000.0000244793749,1000.0000355149024,1000.0000504836348,1000.0000704281199,1000.0000965705626,1000.0001303246207,1000.0001733053361,1000.0002273370163,1000.0002944589418,1000.0003769288403,1000.000477224123,1000.0005980409285,1000.0007422910651
0.08903999999999998,1000.0,1000.0,1000.0,1000.0,1000.0,1000.0,1000.0,1000.0,1000.0,1000.0000000000003,1000.000000000002,1000.000000000011,1000.0000000000518,1000.0000000002103,1000.0000000007489,1000.0000000023737,1000.0000000067846,1000.0000000176913,1000.0000000425288,1000.0000000951303,1000.000000199617,1000.0000003957347,1000.0000007458083,1000.0000013434034,1000.000002323691,1000.0000038754127,1000.0000062542504,1000.0000097973191,1000.0000149384442,1000.0000222238338,1000.000032327739,1000.0000460676949,1000.0000644189524,1000.0000885277465,1000.0001197230937,1000.0001595268652,1000.0002096619435,1000.0002720583279,1000.0003488571175,1000.0004424123492,1000.0005552907243,1000.0006902692938
0.08928,1000.0,1000.0,1000.0,1000.0,1000.0,1000.0,1000.0,1000.0,1000.0,1000.0000000000002,1000.0000000000016,1000.0000000000091,1000.0000000000431,1000.0000000001761,1000.0000000006323,1000.0000000020199,1000.0000000058145,1000.0000000152623,1000.0000000369154,1000.0000000830441,1000.0000001751746,1000.0000003489749,1000.000000660665,1000.0000011950489,1000.0000020751838,1000.0000034736072,1000.0000056249496,1000.0000088396876,1000.0000135187196,1000.000020168406,1000.0000294156905,1000.0000420229114,1000.0000589019295,1000.0000811272243,1000.0001099476575,1000.0001467966457,1000.0001933005465,1000.0002512851142,1000.00032277994,1000.000410020844,1000.0005154502334,1000.0006417154856
0.08951999999999999,1000.0,1000.0,1000.0,1000.0,1000.0,1000.0,1000.0,1000.0,1000.0,1000.0000000000002,1000.0000000000014,1000.0000000000075,1000.0000000000357,1000.0000000001475,1000.0000000005336,1000.0000000017177,1000.0000000049802,1000.0000000131593,1000.0000000320249,1000.0000000724541,1000.0000001536445,1000.0000003075849,1000.0000005849572,1000.0000010625789,1000.000001852415,1000.0000031121016,1000.000005056835,1000.0000079724066,1000.0000122290951,1000.0000182960832,1000.0000267560372,1000.0000383194795,1000.0000538385929,1000.0000743201197,1000.0001009370563,1000.0001350388881,1000.0001781601608,1000.0002320272414,1000.0002985631681,1000.0003798905478,1000.0004783324989,1000.0005964116871
0.08975999999999998,1000.0,1000.0,1000.0,1000.0,1000.0,1000.0,1000.0,1000.0,1000.0,1000.0000000000001,1000.0000000000011,1000.0000000000061,1000.0000000000296,1000.0000000001234,1000.0000000004501,1000.0000000014599,1000.000000004263,1000.0000000113394,1000.0000000277666,1000.0000000631801,1000.00000013469,1000.0000002709671,1000.0000005176731,1000.0000009443501,1000.0000016528124,1000.0000027870016,1000.0000045441823,1000.0000071872846,1000.0000110581298,1000.0000165912328,1000.0000243278417,1000.0000349298637,1000.0000491933292,1000.0000680610709,1000.0000926343191,1000.0001241829619,1000.0001641542643,1000.0002141798881,1000.0002760811085,1000.0003518721695,1000.0004437617685,1000.0005541526965
0.09,1000.0,1000.0,1000.0,1000.0,1000.0,1000.0,1000.0,1000.0,1000.0,1000.0000000000001,1000.0000000000009,1000.000000000005,1000.0000000000246,1000.0000000001031,1000.0000000003794,1000.00000000124,1000.0000000036468,1000.0000000097655,1000.000000024061,1000.0000000550633,1000.000000118012,1000.0000002385883,1000.0000004579057,1000.0000008388829,1000.0000014740509,1000.0000024947733,1000.0000040817797,1000.0000064768399,1000.0000099953422,1000.0000150394928,1000.0000221118177,1000.0000318286361,1000.000044933173,1000.0000623079947,1000.0000849864792,1000.0001141630696,1000.0001512021004,1000.0001976450388,1000.0002552160236,1000.0003258256355,1000.0004115728783,1000.0005147453832
0.09023999999999999,1000.0,1000.0,1000.0,1000.0,1000.0,1000.0,1000.0,1000.0,1000.0,1000.0000000000001,1000.0000000000007,1000.0000000000041,1000.0000000000203,1000.0000000000862,1000.0000000003196,1000.0000000010525,1000.000000003118,1000.0000000084051,1000.0000000208382,1000.0000000479633,1000.0000001033453,1000.0000002099727,1000.0000004048418,1000.0000007448454,1000.0000013140293,1000.000002232212,1000.0000036648844,1000.000005834242,1000.0000090311346,1000.0000136276749,1000.000020090207,1000.0000289923253,1000.0000410276223,1000.000057021865,1000.0000779443142,1000.0001049179398,1000.0001392283227,1000.0001823310769,1000.0002358576701,1000.0003016195687,1000.0003816106722,1000.0004780080405
0.09047999999999998,1000.0,1000.0,1000.0,1000.0,1000.0,1000.0,1000.0,1000.0,1000.0,1000.0000000000001,1000.0000000000006,1000.0000000000034,1000.0000000000168,1000.000000000072,1000.000000000269,1000.0000000008929,1000.0000000026641,1000.00000000723,1000.000000018037,1000.0000000417562,1000.000000090454,1000.000000184696,1000.0000003577534,1000.0000006610396,1000.0000011708503,1000.0000019964127,1000.0000032891824,1000.0000052532578,1000.0000081567221,1000.0000123436731,1000.0000182466658,1000.0000263992739,1000.0000374484658,1000.0000521665048,1000.0000714620958,1000.0000963905355,1000.0001281626566,1000.0001681523945,1000.0002179028539,1000.0002791307863,1000.0003537294381,1000.0004437697611
0.09072,1000.0,1000.0,1000.0,1000.0,1000.0,1000.0,1000.0,1000.0,1000.0,1000.0000000000001,1000.0000000000005,1000.0000000000027,1000.0000000000139,1000.00000000006,1000.0000000002264,1000.000000000757,1000.000000002275,1000.0000000062157,1000.0000000156036,1000.0000000363326,1000.0000000791294,1000.0000001623805,1000.0000003159886,1000.0000005863888,1000.0000010428013,1000.0000017847435,1000.0000029507514,1000.0000047282022,1000.0000073640676,1000.0000111763804,1000.0000165661581,1000.0000240295074,1000.0000341696217,1000.000047708392,1000.0000654973611,1000.0000885277839,1000.0001179395833,1000.0001550290305,1000.0002012550178,1000.0002582438339,1000.0003277923859,1000.0004118698549
0.09095999999999999,1000.0,1000.0,1000.0,1000.0,1000.0,1000.0,1000.0,1000.0,1000.0,1000.0,1000.0000000000003,1000.0000000000023,1000.0000000000115,1000.00000000005,1000.0000000001903,1000.0000000006414,1000.0000000019415,1000.0000000053406,1000.0000000134909,1000.0000000315965,1000.0000000691866,1000.0000001426894,1000.0000002789641,1000.0000005199247,1000.0000009283369,1000.0000015948211,1000.0000026460276,1000.0000042538921,1000.0000066458215,1000.0000101156107,1000.0000150348575,1000.0000218646107,1000.0000311669866,1000.0000436164763,1000.000060010693,1000.0000812803179,1000.0001084980412,1000.0001428863237,1000.0001858238445,1000.0002388505351,1000.0003036711413,1000.0003821572858
0.09119999999999998,1000.0,1000.0,1000.0,1000.0,1000.0,1000.0,1000.0,1000.0,1000.0,1000.0,1000.0000000000003,1000.0000000000018,1000.0000000000095,1000.0000000000417,1000.0000000001598,1000.0000000005431,1000.000000001656,1000.000000004586,1000.0000000116578,1000.0000000274629,1000.0000000604616,1000.000000125323,1000.0000002461585,1000.0000004607786,1000.0000008260641,1000.0000014244885,1000.0000023717739,1000.0000038256046,1000.0000059952656,1000.0000091520263,1000.0000136400544,1000.0000198876139,1000.0000284182942,1000.0000398620086,1000.0000549655165,1000.0000746022353,1000.0000997811418,1000.0001316545864,1000.000171524883,1000.0002208495687,1000.0002812452703,1000.0003544901385
0.09144,1000.0,1000.0,1000.0,1000.0,1000.0,1000.0,1000.0,1000.0,1000.0,1000.0,1000.0000000000002,1000.0000000000015,1000.0000000000078,1000.0000000000347,1000.0000000001343,1000.0000000004596,1000.0000000014116,1000.0000000039357,1000.0000000100681,1000.0000000238572,1000.0000000528095,1000.0000001100151,1000.0000002171055,1000.0000004081701,1000.000000734727,1000.0000012717938,1000.0000021250512,1000.0000034390378,1000.0000054062624,1000.0000082770714,1000.0000123700719,1000.0000180828846,1000.0000259029841,1000.0000364183815,1000.0000503279068,1000.0000684508718,1000.0000917359062,1000.0001212687984,1000.0001582791973,1000.0002041460682,1000.0002604018274,1000.0003287351152
0.09167999999999998,1000.0,1000.0,1000.0,1000.0,1000.0,1000.0,1000.0,1000.0,1000.0,1000.0,1000.0000000000002,1000.0000000000013,1000.0000000000065,1000.0000000000289,1000.0000000001127,1000.0000000003887,1000.0000000012026,1000.0000000033758,1000.0000000086903,1000.0000000207137,1000.0000000461017,1000.0000000965285,1000.0000001913888,1000.0000003613992,1000.0000006531944,1000.0000011349729,1000.000001903193,1000.000003090275,1000.0000048732063,1000.0000074829093,1000.0000112141856,1000.000016436029,1000.0000236020787,1000.0000332609778,1000.0000460664089,1000.000062786587,1000.0000843130124,1000.0001116683129,1000.00014601303,1000.0001886512389,1000.0002410349222,1000.0003047670488
0.09191999999999997,1000.0,1000.0,1000.0,1000.0,1000.0,1000.0,1000.0,1000.0,1000.0,1000.0,1000.0000000000001,1000.000000000001,1000.0000000000053,1000.000000000024,1000.0000000000945,1000.0000000003286,1000.0000000010239,1000.0000000028938,1000.000000007497,1000.0000000179748,1000.0000000402251,1000.0000000846528,1000.0000001686368,1000.0000003198383,1000.0000005804479,1000.0000010124306,1000.0000017037806,1000.0000027757523,1000.0000043909808,1000.0000067623661,1000.0000101625504,1000.0000149337994,1000.0000214980678,1000.0000303670327,1000.0000421518699,1000.0000575725645,1000.0000774665617,1000.0001027965862,1000.0001346574885,1000.000174282,1000.0002230453164,1000.0002824684508
0.09215999999999999,1000.0,1000.0,1000.0,1000.0,1000.0,1000.0,1000.0,1000.0,1000.0,1000.0,1000.0000000000001,1000.0000000000008,1000.0000000000044,1000.00000000002,1000.0000000000791,1000.0000000002775,1000.0000000008712,1000.0000000024793,1000.0000000064639,1000.0000000155896,1000.0000000350793,1000.000000074201,1000.0000001485178,1000.0000002829249,1000.0000005155712,1000.0000009027266,1000.0000015246213,1000.000002492228,1000.0000039549176,1000.0000061088767,1000.0000092061326,1000.0000135640074,1000.0000195748025,1000.0000277155013,1000.0000385572802,1000.0000527746236,1000.0000711538557,1000.0000946009172,1000.0001241482461,1000.0001609606433,1000.0002063400354,1000.0002617290745
0.09239999999999998,1000.0,1000.0,1000.0,1000.0,1000.0,1000.0,1000.0,1000.0,1000.0,1000.0,1000.0000000000001,1000.0000000000007,1000.0000000000036,1000.0000000000166,1000.0000000000663,1000.0000000002343,1000.0000000007409,1000.0000000021229,1000.0000000055701,1000.0000000135137,1000.0000000305761,1000.000000065007,1000.0000001307358,1000.0000002501553,1000.0000004577396,1000.00000080456,1000.0000013637285,1000.000002236755,1000.0000035607588,1000.0000055164364,1000.0000083366457,1000.0000123154443,1000.000017817395,1000.000025286937,1000.0000352576257,1000.0000483610419,1000.000065335188,1000.0000870322041,1000.0001144252608,1000.0001486145102,1000.0001908320027,1000.0002424455033
0.09263999999999997,1000.0,1000.0,1000.0,1000.0,1000.0,1000.0,1000.0,1000.0,1000.0,1000.0,1000.0000000000001,1000.0000000000006,1000.000000000003,1000.0000000000138,1000.0000000000555,1000.0000000001976,1000.0000000006297,1000.0000000018166,1000.0000000047971,1000.0000000117079,1000.000000026637,1000.0000000569239,1000.0000001150273,1000.0000002210782,1000.0000004062124,1000.0000007167572,1000.0000012193028,1000.0000020066551,1000.0000032046236,1000.0000049795551,1000.0000075464926,1000.0000111778069,1000.0000162121257,1000.0000230633768,1000.0000322297498,1000.0000443023904,1000.0000599736487,1000.0000800447159,1000.0001054325102,1000.0001371756889,1000.0001764396943,1000.0002245207612
0.09287999999999999,1000.0,1000.0,1000.0,1000.0,1000.0,1000.0,1000.0,1000.0,1000.0,1000.0,1000.0000000000001,1000.0000000000005,1000.0000000000025,1000.0000000000114,1000.0000000000464,1000.0000000001667,1000.0000000005349,1000.0000000015536,1000.0000000041292,1000.000000010138,1000.0000000231935,1000.0000000498209,1000.0000001011575,1000.0000001952899,1000.0000003603236,1000.0000006382594,1000.0000010897153,1000.0000017994959,1000.0000028829752,1000.0000044932151,1000.0000068287111,1000.0000101416272,1000.0000147463566,1000.000021028235,1000.0000294522229,1000.0000405713773,1000.0000550349388,1000.000073595875,1000.0000971177392,1000.0001265807233,1000.0001630868082,1000.0002078639387
0.09311999999999998,1000.0,1000.0,1000.0,1000.0,1000.0,1000.0,1000.0,1000.0,1000.0,1000.0,1000.0,1000.0000000000003,1000.000000000002,1000.0000000000094,1000.0000000000389,1000.0000000001404,1000.0000000004541,1000.0000000013281,1000.0000000035524,1000.000000008774,1000.0000000201846,1000.0000000435824,1000.0000000889173,1000.0000001724296,1000.0000003194754,1000.0000005681121,1000.0000009734921,1000.0000016130687,1000.0000025925929,1000.0000040528331,1000.0000061769232,1000.0000091982096,1000.0000134084507,1000.0000191662032,1000.000026905222,1000.0000371427028,1000.0000504871987,1000.0000676460552,1000.0000894322255,1000.0001167703433,1000.0001507019566,1000.0001923898448
0.09336,1000.0,1000.0,1000.0,1000.0,1000.0,1000.0,1000.0,1000.0,1000.0,1000.0,1000.0,1000.0000000000003,1000.0000000000017,1000.0000000000078,1000.0000000000324,1000.0000000001182,1000.0000000003852,1000.0000000011346,1000.0000000030543,1000.0000000075894,1000.0000000175571,1000.0000000381061,1000.0000000781206,1000.0000001521747,1000.0000002831308,1000.0000005054552,1000.0000008693004,1000.0000014453695,1000.0000023305442,1000.0000036542241,1000.0000055852886,1000.0000083395701,1000.0000121876973,1000.000017463158,1000.0000245704166,1000.0000339929219,1000.0000463008442,1000.0000621583898,1000.0000823305561,1000.0001076892073,1000.0001392183701,1000.0001780186716
0.09359999999999999,1000.0,1000.0,1000.0,1000.0,1000.0,1000.0,1000.0,1000.0,1000.0,1000.0,1000.0,1000.0000000000002,1000.0000000000014,1000.0000000000065,1000.0000000000271,1000.0000000000996,1000.0000000003266,1000.0000000009687,1000.0000000026247,1000.0000000065612,1000.0000000152638,1000.0000000333015,1000.0000000686019,1000.0000001342368,1000.0000002508085,1000.000000449514,1000.0000007759354,1000.0000012945804,1000.0000020941613,1000.0000032935684,1000.0000050484623,1000.0000075583819,1000.0000110742417,1000.0000159060738,1000.0000224308633,1000.0000311003173,1000.0000424484152,1000.0000570985915,1000.0000757704167,1000.0000992856587,1000.0001285736209,1000.0001646756799
0.09383999999999998,1000.0,1000.0,1000.0,1000.0,1000.0,1000.0,1000.0,1000.0,1000.0,1000.0,1000.0,1000.0000000000002,1000.0000000000011,1000.0000000000053,1000.0000000000226,1000.0000000000837,1000.0000000002768,1000.0000000008266,1000.0000000022543,1000.0000000056693,1000.0000000132632,1000.000000029088,1000.0000000602141,1000.0000001183583,1000.0000002220767,1000.0000003995912,1000.0000006923084,1000.0000011590535,1000.0000018810174,1000.0000029673814,1000.0000045615536,1000.0000068479236,1000.0000100590212,1000.0000144829431,1000.0000204709069,1000.0000284447791,1000.0000389044319,1000.000052434784,1000.0000697123959,1000.0000915114988,1000.0001187093603,1000.0001522909008
0.09408,1000.0,1000.0,1000.0,1000.0,1000.0,1000.0,1000.0,1000.0,1000.0,1000.0,1000.0,1000.0000000000001,1000.0000000000009,1000.0000000000044,1000.0000000000189,1000.0000000000704,1000.0000000002344,1000.000000000705,1000.0000000019351,1000.000000004896,1000.0000000115189,1000.0000000253951,1000.0000000528265,1000.00000010431,1000.0000001965484,1000.0000003550592,1000.0000006174363,1000.0000010372951,1000.000001688906,1000.0000026724854,1000.0000041200904,1000.000006202032,1000.0000091337039,1000.0000131827,1000.0000186760873,1000.0000260076928,1000.0000356452605,1000.0000481373427,1000.0000641197963,1000.0000843217684,1000.0001095710693,1000.0001407988508
0.09431999999999999,1000.0,1000.0,1000.0,1000.0,1000.0,1000.0,1000.0,1000.0,1000.0,1000.0,1000.0,1000.0000000000001,1000.0000000000008,1000.0000000000036,1000.0000000000157,1000.0000000000591,1000.0000000001984,1000.000000000601,1000.0000000016602,1000.0000000042261,1000.0000000099988,1000.0000000221602,1000.0000000463232,1000.0000000918864,1000.0000001738769,1000.0000003153539,1000.0000005504315,1000.0000009279523,1000.0000015158222,1000.000002405984,1000.0000037199842,1000.0000056150577,1000.0000082906338,1000.0000119951513,1000.0000170330544,1000.0000237718349,1000.0000326489879,1000.000044178745,1000.0000589584622,1000.0000776745468,1000.0001011078257,1000.0001301382666
0.09455999999999998,1000.0,1000.0,1000.0,1000.0,1000.0,1000.0,1000.0,1000.0,1000.0,1000.0,1000.0,1000.0000000000001,1000.0000000000006,1000.0000000000031,1000.0000000000131,1000.0000000000497,1000.0000000001679,1000.0000000005119,1000.0000000014236,1000.0000000036458,1000.0000000086749,1000.0000000193277,1000.000000040601,1000.0000000809051,1000.0000001537518,1000.0000002799679,1000.0000004904936,1000.0000008298006,1000.0000013599449,1000.000002165238,1000.0000033574997,1000.0000050818248,1000.000007522778,1000.0000109109113,1000.0000155294865,1000.0000217212744,1000.0000298953038,1000.0000405334315,1000.0000541966127,1000.0000715307583,1000.000093272082,1000.0001202518512
0.0948,1000.0,1000.0,1000.0,1000.0,1000.0,1000.0,1000.0,1000.0,1000.0,1000.0,1000.0,1000.0000000000001,1000.0000000000005,1000.0000000000025,1000.0000000000109,1000.0000000000417,1000.0000000001419,1000.0000000004359,1000.00000000122,1000.0000000031436,1000.0000000075224,1000.0000000168488,1000.0000000355686,1000.0000000712033,1000.0000001358954,1000.0000002484454,1000.0000004369002,1000.0000007417314,1000.0000012196206,1000.0000019478442,1000.0000030292249,1000.0000045975929,1000.0000068236787,1000.0000099213407,1000.0000141540165,1000.0000198412818,1000.0000273653898,1000.0000371776732,1000.0000498046882,1000.000065853992,1000.0000860194571,1000.0001110860344
0.09503999999999999,1000.0,1000.0,1000.0,1000.0,1000.0,1000.0,1000.0,1000.0,1000.0,1000.0,1000.0,1000.0000000000001,1000.0000000000005,1000.000000000002,1000.0000000000091,1000.0000000000349,1000.0000000001199,1000.0000000003708,1000.0000000010449,1000.000000002709,1000.0000000065197,1000.0000000146807,1000.0000000311451,1000.0000000626361,1000.0000001200594,1000.0000002203773,1000.0000003890007,1000.0000006627421,1000.0000010933488,1000.0000017516148,1000.000002732045,1000.0000041580225,1000.0000061874094,1000.0000090184907,1000.0000128961613,1000.0000181182434,1000.000025041817,1000.0000340894493,1000.0000457552043,1000.0000606103325,1000.0000793085393,1000.000102590748
0.09527999999999998,1000.0,1000.0,1000.0,1000.0,1000.0,1000.0,1000.0,1000.0,1000.0,1000.0,1000.0,1000.0,1000.0000000000003,1000.0000000000017,1000.0000000000075,1000.0000000000293,1000.0000000001013,1000.0000000003154,1000.0000000008945,1000.0000000023334,1000.0000000056478,1000.0000000127852,1000.0000000272588,1000.0000000550743,1000.0000001060216,1000.0000001953961,1000.0000003462085,1000.0000005919262,1000.0000009797685,1000.0000015745592,1000.0000024631173,1000.0000037591425,1000.000005608532,1000.0000081950506,1000.0000117462566,1000.000016539581,1000.0000229084487,1000.0000312483303,1000.0000420226144,1000.0000557681982,1000.0000731007001,1000.0000947192107
0.09552,1000.0,1000.0,1000.0,1000.0,1000.0,1000.0,1000.0,1000.0,1000.0,1000.0,1000.0,1000.0,1000.0000000000002,1000.0000000000014,1000.0000000000063,1000.0000000000246,1000.0000000000855,1000.0000000002681,1000.0000000007653,1000.0000000020087,1000.00000000489,1000.000000011129,1000.000000023846,1000.0000000484032,1000.0000000935835,1000.0000001731721,1000.0000003079957,1000.0000005284647,1000.0000008776453,1000.0000014148663,1000.0000022198489,1000.0000033973203,1000.0000050820596,1000.0000074442993,1000.0000106953969,1000.0000150936785,1000.0000209503502,1000.0000286353712,1000.0000385831825,1000.0000512981915,1000.0000673599194,1000.0000874277277
0.09575999999999998,1000.0,1000.0,1000.0,1000.0,1000.0,1000.0,1000.0,1000.0,1000.0,1000.0,1000.0,1000.0,1000.0000000000002,1000.0000000000011,1000.0000000000052,1000.0000000000206,1000.0000000000721,1000.0000000002277,1000.0000000006545,1000.0000000017284,1000.0000000042318,1000.0000000096827,1000.0000000208506,1000.0000000425205,1000.0000000825679,1000.00000015341,1000.0000002738868,1000.0000004716175,1000.0000007858608,1000.0000012708905,1000.0000019998754,1000.0000030692346,1000.0000046034204,1000.00000676006,1000.0000097353786,1000.0000137698111,1000.000019153704,1000.0000262330087,1000.0000354148617,1000.0000471729576,1000.0000620526213,1000.0000806755003
0.09599999999999997,1000.0,1000.0,1000.0,1000.0,1000.0,1000.0,1000.0,1000.0,1000.0,1000.0,1000.0,1000.0,1000.0000000000002,1000.0000000000009,1000.0000000000043,1000.0000000000172,1000.0000000000608,1000.0000000001934,1000.0000000005593,1000.0000000014863,1000.0000000036603,1000.0000000084201,1000.0000000182229,1000.0000000373357,1000.0000000728168,1000.000000135845,1000.0000002434545,1000.0000004207164,1000.0000007034017,1000.0000011411356,1000.0000018010419,1000.0000027718501,1000.0000041684251,1000.0000061366585,1000.0000088586479,1000.0000125580813,1000.0000175057313,1000.0000240249668,1000.0000324971817,1000.0000433670501,1000.0000571475173,1000.0000744244459
0.09623999999999999,1000.0,1000.0,1000.0,1000.0,1000.0,1000.0,1000.0,1000.0,1000.0,1000.0,1000.0,1000.0,1000.0000000000001,1000.0000000000008,1000.0000000000036,1000.0000000000143,1000.0000000000513,1000.000000000164,1000.0000000004778,1000.0000000012776,1000.0000000031644,1000.0000000073186,1000.0000000159188,1000.0000000327681,1000.0000000641887,1000.0000001202395,1000.0000002163139,1000.0000003751586,1000.0000006293504,1000.0000010242429,1000.0000016213852,1000.0000025023933,1000.0000037732361,1000.0000055688839,1000.0000080582516,1000.0000114493586,1000.0000159946184,1000.0000219961677,1000.000029811142,1000.0000398568071,1000.0000526154616,1000.00006863903
0.09647999999999998,1000.0,1000.0,1000.0,1000.0,1000.0,1000.0,1000.0,1000.0,1000.0,1000.0,1000.0,1000.0,1000.0000000000001,1000.0000000000007,1000.000000000003,1000.000000000012,1000.0000000000431,1000.0000000001392,1000.0000000004079,1000.0000000010975,1000.0000000027342,1000.000000006358,1000.0000000138994,1000.0000000287462,1000.000000056558,1000.0000001063813,1000.0000001921194,1000.0000003344002,1000.0000005628767,1000.0000009189787,1000.0000014591176,1000.0000022583318,1000.0000034143397,1000.0000050519534,1000.000007327792,1000.0000104352225,1000.0000146094468,1000.0000201326485,1000.000027339113,1000.0000366202324,1000.0000484293126,1000.0000632861048
0.09671999999999997,1000.0,1000.0,1000.0,1000.0,1000.0,1000.0,1000.0,1000.0,1000.0,1000.0,1000.0,1000.0,1000.0000000000001,1000.0000000000006,1000.0000000000025,1000.00000000001,1000.0000000000363,1000.000000000118,1000.0000000003481,1000.0000000009424,1000.0000000023614,1000.0000000055209,1000.0000000121304,1000.0000000252063,1000.0000000498123,1000.0000000940801,1000.0000001705605,1000.0000002979506,1000.000000503229,1000.0000008242231,1000.0000013126115,1000.0000020373537,1000.0000030885199,1000.000004581478,1000.0000066613845,1000.0000095079108,1000.0000133401298,1000.0000184214831,1000.0000250647425,1000.0000336368861,1000.0000445638037,1000.0000583347604
0.09695999999999999,1000.0,1000.0,1000.0,1000.0,1000.0,1000.0,1000.0,1000.0,1000.0,1000.0,1000.0,1000.0,1000.0000000000001,1000.0000000000005,1000.000000000002,1000.0000000000084,1000.0000000000306,1000.0000000000999,1000.0000000002968,1000.0000000008088,1000.0000000020383,1000.0000000047917,1000.0000000105816,1000.0000000220923,1000.000000043852,1000.0000000831658,1000.0000001513584,1000.0000002653679,1000.0000004497281,1000.0000007389606,1000.0000011803862,1000.0000018373496,1000.0000027928342,1000.0000041534322,1000.0000060536191,1000.0000086602705,1000.0000121773527,1000.0000168507099,1000.0000229728688,1000.0000308877802,1000.0000409954213,1000.0000537561824
0.09719999999999998,1000.0,1000.0,1000.0,1000.0,1000.0,1000.0,1000.0,1000.0,1000.0,1000.0,1000.0,1000.0,1000.0000000000001,1000.0000000000003,1000.0000000000017,1000.0000000000069,1000.0000000000257,1000.0000000000846,1000.0000000002531,1000.0000000006937,1000.0000000017586,1000.0000000041566,1000.0000000092263,1000.0000000193542,1000.0000000385877,1000.0000000734864,1000.0000001342628,1000.0000002362541,1000.0000004017598,1000.0000006622699,1000.000001061095,1000.0000016563953,1000.0000025245915,1000.0000037641253,1000.0000054995234,1000.0000078857124,1000.000011112516,1000.0000154092636,1000.0000210494381,1000.0000283552821,1000.0000377022908,1000.0000495235189
0.09744,1000.0,1000.0,1000.0,1000.0,1000.0,1000.0,1000.0,1000.0,1000.0,1000.0,1000.0,1000.0,1000.0,1000.0000000000003,1000.0000000000014,1000.0000000000058,1000.0000000000216,1000.0000000000716,1000.0000000002156,1000.0000000005947,1000.0000000015165,1000.0000000036041,1000.0000000080406,1000.0000000169478,1000.0000000339405,1000.000000064906,1000.0000001190491,1000.0000002102506,1000.0000003587693,1000.0000005933163,1000.0000009535132,1000.0000014927366,1000.0000022813322,1000.0000034101743,1000.0000049945288,1000.0000071781691,1000.0000101376836,1000.0000140869113,1000.0000192814289,1000.0000260230228,1000.0000346640693,1000.0000456117549
0.09767999999999999,1000.0,1000.0,1000.0,1000.0,1000.0,1000.0,1000.0,1000.0,1000.0,1000.0,1000.0,1000.0,1000.0,1000.0000000000002,1000.0000000000011,1000.0000000000049,1000.0000000000181,1000.0000000000606,1000.0000000001836,1000.0000000005095,1000.0000000013071,1000.0000000031234,1000.0000000070041,1000.0000000148337,1000.00000002984,1000.0000000573029,1000.0000001055158,1000.0000001870346,1000.0000003202555,1000.0000005313433,1000.0000008565285,1000.0000013447748,1000.0000020608077,1000.0000030884801,1000.0000045344402,1000.0000065320553,1000.0000092455351,1000.0000128741934,1000.0000176567795,1000.000023875812,1000.0000318618438,1000.000041997594
0.09791999999999998,1000.0,1000.0,1000.0,1000.0,1000.0,1000.0,1000.0,1000.0,1000.0,1000.0,1000.0,1000.0,1000.0,1000.0000000000002,1000.0000000000009,1000.0000000000041,1000.0000000000152,1000.0000000000512,1000.0000000001562,1000.0000000004364,1000.0000000011261,1000.0000000027056,1000.0000000060984,1000.0000000129776,1000.0000000262232,1000.0000000505692,1000.0000000934826,1000.0000001663161,1000.0000002857661,1000.0000004756658,1000.0000007691297,1000.0000012110534,1000.0000018609649,1000.0000027962045,1000.0000041154059,1000.000005942232,1000.0000084293192,1000.0000117623688,1000.0000161643221,1000.0000218995573,1000.0000292780375,1000.0000386593475
0.09816,1000.0,1000.0,1000.0,1000.0,1000.0,1000.0,1000.0,1000.0,1000.0,1000.0,1000.0,1000.0,1000.0,1000.0000000000001,1000.0000000000008,1000.0000000000034,1000.0000000000127,1000.0000000000432,1000.0000000001329,1000.0000000003736,1000.0000000009695,1000.0000000023425,1000.0000000053072,1000.0000000113486,1000.0000000230348,1000.0000000446078,1000.0000000827878,1000.0000001478339,1000.0000002548928,1000.0000004256639,1000.0000006903991,1000.0000010902462,1000.0000016799285,1000.0000025307494,1000.0000037338913,1000.0000054039721,1000.0000076828127,1000.000010743362,1000.0000147937191,1000.0000200811902,1000.0000268963198,1000.00003557683
0.09839999999999999,1000.0,1000.0,1000.0,1000.0,1000.0,1000.0,1000.0,1000.0,1000.0,1000.0,1000.0,1000.0,1000.0,1000.0000000000001,1000.0000000000007,1000.0000000000028,1000.0000000000107,1000.0000000000365,1000.000000000113,1000.0000000003196,1000.0000000008345,1000.0000000020273,1000.0000000046167,1000.0000000099195,1000.0000000202252,1000.0000000393325,1000.0000000732864,1000.0000001313535,1000.0000002272677,1000.0000003807763,1000.000000619504,1000.000000981146,1000.0000015159872,1000.0000022897369,1000.0000033866542,1000.0000049129291,1000.0000070002803,1000.0000098097164,1000.0000135354052,1000.0000184085948,1000.0000247015238,1000.0000327312614
0.09863999999999998,1000.0,1000.0,1000.0,1000.0,1000.0,1000.0,1000.0,1000.0,1000.0,1000.0,1000.0,1000.0,1000.0,1000.0000000000001,1000.0000000000006,1000.0000000000023,1000.000000000009,1000.0000000000308,1000.000000000096,1000.0000000002733,1000.0000000007178,1000.0000000017535,1000.000000004014,1000.0000000086665,1000.0000000177505,1000.0000000346664,1000.000000064849,1000.0000001166642,1000.0000002025589,1000.0000003404956,1000.0000005556883,1000.0000008826541,1000.0000013675793,1000.0000020709923,1000.0000030707212,1000.000004465108,1000.0000063764394,1000.0000089545481,1000.0000123805329,1000.0000168705428,1000.0000226795673,1000.0000301051745
0.09888,1000.0,1000.0,1000.0,1000.0,1000.0,1000.0,1000.0,1000.0,1000.0,1000.0,1000.0,1000.0,1000.0,1000.0000000000001,1000.0000000000005,1000.0000000000019,1000.0000000000075,1000.000000000026,1000.0000000000815,1000.0000000002335,1000.0000000006171,1000.000000001516,1000.0000000034885,1000.0000000075684,1000.0000000155719,1000.000000030541,1000.0000000573596,1000.0000001035766,1000.0000001804673,1000.000000304363,1000.0000004982668,1000.0000007937717,1000.000001233281,1000.0000018725265,1000.0000027833668,1000.0000040568382,1000.0000058064251,1000.0000081715048,1000.0000113209209,1000.0000154566318,1000.0000208173802,1000.0000276823282
0.09911999999999999,1000.0,1000.0,1000.0,1000.0,1000.0,1000.0,1000.0,1000.0,1000.0,1000.0,1000.0,1000.0,1000.0,1000.0000000000001,1000.0000000000003,1000.0000000000016,1000.0000000000063,1000.0000000000219,1000.0000000000692,1000.0000000001995,1000.0000000005303,1000.00000000131,1000.0000000030302,1000.0000000066065,1000.0000000136547,1000.0000000268951,1000.0000000507144,1000.0000000919208,1000.0000001607235,1000.0000002719638,1000.0000004466183,1000.0000007135905,1000.0000011117936,1000.0000016925217,1000.0000025220936,1000.0000036847483,1000.0000052857591,1000.0000074547263,1000.0000103490067,1000.0000141572275,1000.0000191028353,1000.0000254476272
0.09935999999999998,1000.0,1000.0,1000.0,1000.0,1000.0,1000.0,1000.0,1000.0,1000.0,1000.0,1000.0,1000.0,1000.0,1000.0000000000001,1000.0000000000003,1000.0000000000014,1000.0000000000052,1000.0000000000184,1000.0000000000587,1000.0000000001703,1000.0000000004555,1000.0000000011315,1000.000000002631,1000.0000000057642,1000.0000000119684,1000.0000000236746,1000.0000000448208,1000.0000000815446,1000.0000001430852,1000.0000002429234,1000.0000004001795,1000.0000006412848,1000.0000010019343,1000.000001529317,1000.0000022846141,1000.000003345743,1000.0000048103207,1000.0000067988092,1000.0000094578029,1000.0000129634103,1000.0000175246838,1000.0000233870445
0.0996,1000.0,1000.0,1000.0,1000.0,1000.0,1000.0,1000.0,1000.0,1000.0,1000.0,1000.0,1000.0,1000.0,1000.0,1000.0000000000002,1000.0000000000011,1000.0000000000044,1000.0000000000156,1000.0000000000498,1000.0000000001454,1000.0000000003911,1000.0000000009769,1000.0000000022834,1000.000000005027,1000.0000000104857,1000.000000020831,1000.0000000395961,1000.0000000723112,1000.0000001273339,1000.0000002169038,1000.0000003584408,1000.000000576105,1000.000000902625,1000.0000013813952,1000.0000020688337,1000.0000030369813,1000.0000043763193,1000.0000061987719,1000.0000086408543,1000.0000118669249,1000.0000160724956,1000.0000214875508
0.09983999999999998,1000.0,1000.0,1000.0,1000.0,1000.0,1000.0,1000.0,1000.0,1000.0,1000.0,1000.0,1000.0,1000.0,1000.0,1000.0000000000002,1000.0000000000009,1000.0000000000036,1000.0000000000131,1000.0000000000422,1000.000000000124,1000.0000000003355,1000.000000000843,1000.0000000019808,1000.0000000043822,1000.0000000091827,1000.0000000183212,1000.0000000349662,1000.0000000640981,1000.0000001132735,1000.0000001935997,1000.0000003209404,1000.00000051737,1000.0000008128843,1000.0000012473714,1000.0000018728354,1000.0000027558566,1000.0000039802693,1000.0000056500239,1000.0000078922005,1000.0000108601334,1000.0000147366025,1000.0000197370473
0.10007999999999997,1000.0,1000.0,1000.0,1000.0,1000.0,1000.0,1000.0,1000.0,1000.0,1000.0,1000.0,1000.0,1000.0,1000.0,1000.0000000000001,1000.0000000000008,1000.0000000000031,1000.000000000011,1000.0000000000357,1000.0000000001057,1000.0000000002877,1000.000000000727,1000.0000000017174,1000.0000000038183,1000.0000000080382,1000.000000016107,1000.0000000308652,1000.0000000567956,1000.0000001007273,1000.0000001727357,1000.0000002872607,1000.0000004644619,1000.0000007318189,1000.0000011259814,1000.0000016948649,1000.0000024999786,1000.0000036189667,1000.0000051483365,1000.0000072063397,1000.0000099359715,1000.0000135080456,1000.0000181243023
0.10031999999999999,1000.0,1000.0,1000.0,1000.0,1000.0,1000.0,1000.0,1000.0,1000.0,1000.0,1000.0,1000.0,1000.0,1000.0,1000.0000000000001,1000.0000000000007,1000.0000000000025,1000.0000000000092,1000.0000000000302,1000.00000000009,1000.0000000002467,1000.0000000006268,1000.0000000014884,1000.0000000033256,1000.0000000070333,1000.0000000141546,1000.0000000272341,1000.0000000503053,1000.0000000895367,1000.0000001540633,1000.0000002570234,1000.0000004168198,1000.0000006586158,1000.0000010160718,1000.0000015333179,1000.0000022671554,1000.0000032894673,1000.0000046898155,1000.0000065781945,1000.0000090879076,1000.0000123785262,1000.0000166388932
0.10055999999999998,1000.0,1000.0,1000.0,1000.0,1000.0,1000.0,1000.0,1000.0,1000.0,1000.0,1000.0,1000.0,1000.0,1000.0,1000.0000000000001,1000.0000000000006,1000.0000000000022,1000.0000000000077,1000.0000000000256,1000.0000000000767,1000.0000000002113,1000.0000000005401,1000.0000000012893,1000.0000000028951,1000.0000000061515,1000.0000000124337,1000.0000000240206,1000.0000000445392,1000.0000000795592,1000.0000001373589,1000.000000229887,1000.000000373935,1000.0000005925359,1000.000000916591,1000.0000013867278,1000.0000020553788,1000.0000029890667,1000.0000042708759,1000.0000060030815,1000.0000083099045,1000.0000113403589,1000.0000152711505
0.10079999999999997,1000.0,1000.0,1000.0,1000.0,1000.0,1000.0,1000.0,1000.0,1000.0,1000.0,1000.0,1000.0,1000.0,1000.0,1000.0000000000001,1000.0000000000005,1000.0000000000018,1000.0000000000065,1000.0000000000216,1000.0000000000653,1000.000000000181,1000.0000000004652,1000.0000000011164,1000.0000000025193,1000.0000000053778,1000.0000000109173,1000.0000000211776,1000.0000000394186,1000.0000000706668,1000.0000001224208,1000.0000002055424,1000.0000003353465,1000.0000005329068,1000.0000008265802,1000.0000012537539,1000.0000018628083,1000.0000027152817,1000.000003888219,1000.0000054766815,1000.0000075963839,1000.0000103864295,1000.0000140121068
0.10103999999999999,1000.0,1000.0,1000.0,1000.0,1000.0,1000.0,1000.0,1000.0,1000.0,1000.0,1000.0,1000.0,1000.0,1000.0,1000.0000000000001,1000.0000000000003,1000.0000000000015,1000.0000000000055,1000.0000000000183,1000.0000000000556,1000.000000000155,1000.0000000004004,1000.0000000009662,1000.0000000021912,1000.0000000046995,1000.0000000095821,1000.0000000186636,1000.0000000348732,1000.0000000627447,1000.0000001090673,1000.0000001837104,1000.0000003006364,1000.0000004791177,1000.0000007451656,1000.0000011331716,1000.000001687759,1000.0000024658326,1000.00000353881,1000.0000049950133,1000.0000069421932,1000.0000095101541,1000.0000128534484
0.10127999999999998,1000.0,1000.0,1000.0,1000.0,1000.0,1000.0,1000.0,1000.0,1000.0,1000.0,1000.0,1000.0,1000.0,1000.0,1000.0000000000001,1000.0000000000003,1000.0000000000013,1000.0000000000045,1000.0000000000155,1000.0000000000473,1000.0000000001326,1000.0000000003446,1000.0000000008358,1000.000000001905,1000.0000000041049,1000.0000000084066,1000.0000000164415,1000.0000000308399,1000.0000000556895,1000.0000000971348,1000.0000001641392,1000.0000002694261,1000.0000004306137,1000.0000006715513,1000.0000010238623,1000.000001528688,1000.0000022386281,1000.0000032198581,1000.000004554408,1000.0000063425748,1000.0000087054415,1000.0000117874698
0.10151999999999997,1000.0,1000.0,1000.0,1000.0,1000.0,1000.0,1000.0,1000.0,1000.0,1000.0,1000.0,1000.0,1000.0,1000.0,1000.0,1000.0000000000002,1000.000000000001,1000.0000000000039,1000.0000000000131,1000.0000000000401,1000.0000000001133,1000.0000000002964,1000.0000000007227,1000.0000000016556,1000.0000000035841,1000.0000000073723,1000.0000000144781,1000.0000000272626,1000.0000000494091,1000.0000000864762,1000.000000146601,1000.0000002413728,1000.0000003868906,1000.0000006050128,1000.0000009248049,1000.0000013841834,1000.0000020317493,1000.0000029287975,1000.0000041514853,1000.000005793137,1000.0000079666587,1000.0000108070316
0.10175999999999999,1000.0,1000.0,1000.0,1000.0,1000.0,1000.0,1000.0,1000.0,1000.0,1000.0,1000.0,1000.0,1000.0,1000.0,1000.0,1000.0000000000002,1000.0000000000009,1000.0000000000032,1000.000000000011,1000.0000000000341,1000.0000000000969,1000.0000000002548,1000.0000000006246,1000.0000000014381,1000.000000003128,1000.0000000064625,1000.0000000127441,1000.0000000240908,1000.0000000438205,1000.0000000769592,1000.0000001308904,1000.0000002161662,1000.0000003474911,1000.0000005448902,1000.0000008350676,1000.0000012529537,1000.0000018434373,1000.0000026632707,1000.0000037831326,1000.0000052898273,1000.0000072885975,1000.0000099055211
0.10199999999999998,1000.0,1000.0,1000.0,1000.0,1000.0,1000.0,1000.0,1000.0,1000.0,1000.0,1000.0,1000.0,1000.0,1000.0,1000.0,1000.0000000000001,1000.0000000000007,1000.0000000000027,1000.0000000000093,1000.000000000029,1000.0000000000828,1000.000000000219,1000.0000000005397,1000.0000000012486,1000.0000000027287,1000.0000000056626,1000.0000000112133,1000.0000000212798,1000.0000000388494,1000.0000000684645,1000.0000001168221,1000.0000001935256,1000.0000003119999,1000.0000004905833,1000.0000007538002,1000.0000011338175,1000.0000016720793,1000.0000024211118,1000.0000034464845,1000.0000048289073,1000.0000066664445,1000.0000090768151
0.10224,1000.0,1000.0,1000.0,1000.0,1000.0,1000.0,1000.0,1000.0,1000.0,1000.0,1000.0,1000.0,1000.0,1000.0,1000.0,1000.0000000000001,1000.0000000000006,1000.0000000000023,1000.0000000000078,1000.0000000000246,1000.0000000000707,1000.000000000188,1000.000000000466,1000.0000000010837,1000.0000000023795,1000.0000000049598,1000.0000000098624,1000.0000000187895,1000.0000000344294,1000.0000000608853,1000.0000001042292,1000.0000001731969,1000.0000002800405,1000.000000441546,1000.0000006802277,1000.0000010256953,1000.0000015161977,1000.0000022003316,1000.0000031389036,1000.0000044069299,1000.000006095752,1000.0000083152461
0.10247999999999999,1000.0,1000.0,1000.0,1000.0,1000.0,1000.0,1000.0,1000.0,1000.0,1000.0,1000.0,1000.0,1000.0,1000.0,1000.0,1000.0000000000001,1000.0000000000005,1000.0000000000019,1000.0000000000066,1000.0000000000208,1000.0000000000604,1000.0000000001614,1000.0000000004022,1000.0000000009401,1000.000000002074,1000.0000000043424,1000.0000000086709,1000.0000000165843,1000.0000000305008,1000.0000000541256,1000.000000092961,1000.0000001549507,1000.0000002512712,1000.0000003972822,1000.0000006136432,1000.0000009276,1000.0000013744391,1000.000001999104,1000.0000028579638,1000.0000040207167,1000.0000055724123,1000.0000076155691
0.10271999999999998,1000.0,1000.0,1000.0,1000.0,1000.0,1000.0,1000.0,1000.0,1000.0,1000.0,1000.0,1000.0,1000.0,1000.0,1000.0,1000.0000000000001,1000.0000000000005,1000.0000000000016,1000.0000000000056,1000.0000000000177,1000.0000000000515,1000.0000000001385,1000.000000000347,1000.0000000008151,1000.000000001807,1000.0000000038003,1000.0000000076202,1000.0000000146323,1000.0000000270105,1000.000000048099,1000.0000000828819,1000.0000001385795,1000.0000002253829,1000.0000003573405,1000.0000005534029,1000.0000008386304,1000.0000012455639,1000.0000018157532,1000.0000026014337,1000.0000036673392,1000.0000050926323,1000.0000069729324
0.10296,1000.0,1000.0,1000.0,1000.0,1000.0,1000.0,1000.0,1000.0,1000.0,1000.0,1000.0,1000.0,1000.0,1000.0,1000.0,1000.0000000000001,1000.0000000000003,1000.0000000000014,1000.0000000000047,1000.000000000015,1000.0000000000439,1000.0000000001188,1000.0000000002992,1000.0000000007066,1000.0000000015737,1000.0000000033245,1000.0000000066942,1000.000000012905,1000.0000000239106,1000.000000042728,1000.0000000738697,1000.0000001238957,1000.0000002020948,1000.0000003213111,1000.00000049892,1000.0000007579632,1000.0000011284379,1000.0000016487418,1000.000002367262,1000.0000033440995,1000.0000046529107,1000.000006382849
0.10319999999999999,1000.0,1000.0,1000.0,1000.0,1000.0,1000.0,1000.0,1000.0,1000.0,1000.0,1000.0,1000.0,1000.0,1000.0,1000.0,1000.0000000000001,1000.0000000000002,1000.0000000000011,1000.000000000004,1000.0000000000127,1000.0000000000374,1000.0000000001019,1000.000000000258,1000.0000000006122,1000.0000000013699,1000.0000000029071,1000.0000000058785,1000.0000000113773,1000.0000000211587,1000.000000037943,1000.0000000658144,1000.0000001107302,1000.0000001811533,1000.0000002888215,1000.0000004496605,1000.000000684847,1000.0000010220231,1000.0000014966598,1000.0000021535632,1000.0000030485126,1000.0000042500167,1000.000005841171
0.10343999999999998,1000.0,1000.0,1000.0,1000.0,1000.0,1000.0,1000.0,1000.0,1000.0,1000.0,1000.0,1000.0,1000.0,1000.0,1000.0,1000.0,1000.0000000000002,1000.0000000000009,1000.0000000000033,1000.0000000000108,1000.0000000000318,1000.0000000000873,1000.0000000002223,1000.0000000005301,1000.0000000011921,1000.000000002541,1000.00000000516,1000.0000000100266,1000.0000000187165,1000.0000000336817,1000.000000058617,1000.0000000989301,1000.0000001623282,1000.000000259534,1000.0000004051382,1000.0000006185961,1000.0000009253697,1000.0000013582145,1000.0000019586049,1000.0000027782908,1000.0000038809699,1000.0000053440646
0.10368,1000.0,1000.0,1000.0,1000.0,1000.0,1000.0,1000.0,1000.0,1000.0,1000.0,1000.0,1000.0,1000.0,1000.0,1000.0,1000.0,1000.0000000000002,1000.0000000000008,1000.0000000000028,1000.0000000000091,1000.0000000000272,1000.0000000000747,1000.0000000001913,1000.0000000004588,1000.0000000010369,1000.0000000022202,1000.0000000045277,1000.0000000088329,1000.0000000165501,1000.0000000298883,1000.0000000521885,1000.0000000883575,1000.0000001454115,1000.0000002331417,1000.0000003649105,1000.0000005585848,1000.0000008376096,1000.0000012322213,1000.0000017807962,1000.0000025313284,1000.0000035430221,1000.0000048879878
0.10391999999999998,1000.0,1000.0,1000.0,1000.0,1000.0,1000.0,1000.0,1000.0,1000.0,1000.0,1000.0,1000.0,1000.0,1000.0,1000.0,1000.0,1000.0000000000001,1000.0000000000007,1000.0000000000024,1000.0000000000077,1000.0000000000231,1000.000000000064,1000.0000000001647,1000.0000000003971,1000.0000000009015,1000.000000001939,1000.0000000039712,1000.0000000077783,1000.000000014629,1000.0000000265126,1000.0000000464489,1000.0000000788882,1000.0000001302149,1000.0000002093664,1000.0000003285751,1000.0000005042428,1000.0000007579491,1000.0000011175946,1000.0000016186763,1000.0000023056886,1000.0000032336394,1000.0000044696689
0.10415999999999997,1000.0,1000.0,1000.0,1000.0,1000.0,1000.0,1000.0,1000.0,1000.0,1000.0,1000.0,1000.0,1000.0,1000.0,1000.0,1000.0,1000.0000000000001,1000.0000000000006,1000.0000000000019,1000.0000000000065,1000.0000000000197,1000.0000000000548,1000.0000000001418,1000.0000000003434,1000.0000000007835,1000.0000000016929,1000.0000000034818,1000.000000006847,1000.0000000129261,1000.0000000235098,1000.0000000413261,1000.0000000704099,1000.0000001165682,1000.0000001879556,1000.0000002957659,1000.0000004550501,1000.000000685663,1000.0000010133405,1000.0000014709041,1000.0000020995892,1000.0000029504869,1000.0000040860873
0.10439999999999999,1000.0,1000.0,1000.0,1000.0,1000.0,1000.0,1000.0,1000.0,1000.0,1000.0,1000.0,1000.0,1000.0,1000.0,1000.0,1000.0,1000.0000000000001,1000.0000000000005,1000.0000000000017,1000.0000000000055,1000.0000000000167,1000.0000000000468,1000.0000000001219,1000.0000000002968,1000.0000000006806,1000.0000000014774,1000.0000000030515,1000.000000006025,1000.0000000114173,1000.0000000208396,1000.0000000367555,1000.0000000628216,1000.0000001043177,1000.0000001686808,1000.0000002661504,1000.0000004105327,1000.0000006200888,1000.0000009185488,1000.0000013362494,1000.0000019113921,1000.000002691413,1000.0000037344547
0.10463999999999998,1000.0,1000.0,1000.0,1000.0,1000.0,1000.0,1000.0,1000.0,1000.0,1000.0,1000.0,1000.0,1000.0,1000.0,1000.0,1000.0,1000.0000000000001,1000.0000000000003,1000.0000000000014,1000.0000000000047,1000.0000000000142,1000.00000000004,1000.0000000001048,1000.0000000002566,1000.0000000005911,1000.0000000012888,1000.0000000026733,1000.0000000052996,1000.0000000100808,1000.000000018466,1000.0000000326792,1000.0000000560324,1000.000000093324,1000.0000001513345,1000.0000002394263,1000.000000370259,1000.0000005606216,1000.0000008323866,1000.0000012135838,1000.0000017395913,1000.0000024544365,1000.000003412198
0.10487999999999997,1000.0,1000.0,1000.0,1000.0,1000.0,1000.0,1000.0,1000.0,1000.0,1000.0,1000.0,1000.0,1000.0,1000.0,1000.0,1000.0,1000.0000000000001,1000.0000000000003,1000.0000000000011,1000.0000000000039,1000.000000000012,1000.0000000000342,1000.00000000009,1000.0000000002216,1000.000000000513,1000.0000000011237,1000.0000000023412,1000.0000000046598,1000.0000000088976,1000.000000016357,1000.0000000290449,1000.00000004996,1000.0000000834618,1000.000000135729,1000.0000002153192,1000.000000333836,1000.0000005067092,1000.0000007540916,1000.0000011018724,1000.0000015828031,1000.000002237733,1000.0000031169436
0.10511999999999999,1000.0,1000.0,1000.0,1000.0,1000.0,1000.0,1000.0,1000.0,1000.0,1000.0,1000.0,1000.0,1000.0,1000.0,1000.0,1000.0,1000.0000000000001,1000.0000000000002,1000.000000000001,1000.0000000000033,1000.0000000000102,1000.0000000000292,1000.0000000000773,1000.0000000001913,1000.0000000004451,1000.0000000009795,1000.0000000020494,1000.0000000040958,1000.0000000078504,1000.0000000144838,1000.0000000258059,1000.0000000445309,1000.0000000746174,1000.0000001216943,1000.0000001935798,1000.0000003009058,1000.0000004578476,1000.0000006829669,1000.0000010001665,1000.0000014397564,1000.0000020396235,1000.0000028465025
0.10535999999999998,1000.0,1000.0,1000.0,1000.0,1000.0,1000.0,1000.0,1000.0,1000.0,1000.0,1000.0,1000.0,1000.0,1000.0,1000.0,1000.0,1000.0,1000.0000000000002,1000.0000000000008,1000.0000000000028,1000.0000000000086,1000.0000000000249,1000.0000000000664,1000.0000000001651,1000.0000000003861,1000.0000000008534,1000.0000000017933,1000.0000000035985,1000.0000000069239,1000.0000000128206,1000.0000000229202,1000.0000000396784,1000.0000000666887,1000.0000001090762,1000.0000001739818,1000.0000002711428,1000.0000004135771,1000.0000006183748,1000.0000009075972,1000.0000013092838,1000.0000018585625,1000.0000025988568
0.10559999999999997,1000.0,1000.0,1000.0,1000.0,1000.0,1000.0,1000.0,1000.0,1000.0,1000.0,1000.0,1000.0,1000.0,1000.0,1000.0,1000.0,1000.0,1000.0000000000002,1000.0000000000007,1000.0000000000024,1000.0000000000074,1000.0000000000213,1000.000000000057,1000.0000000001424,1000.0000000003347,1000.0000000007433,1000.0000000015687,1000.0000000031606,1000.0000000061045,1000.0000000113442,1000.0000000203502,1000.000000035343,1000.0000000595832,1000.0000000977357,1000.00000015632,1000.0000002442507,1000.0000003734788,1000.0000005597329,1000.0000008233678,1000.0000011903138,1000.0000016931291,1000.0000023721464
0.10583999999999999,1000.0,1000.0,1000.0,1000.0,1000.0,1000.0,1000.0,1000.0,1000.0,1000.0,1000.0,1000.0,1000.0,1000.0,1000.0,1000.0,1000.0,1000.0000000000001,1000.0000000000006,1000.0000000000019,1000.0000000000063,1000.0000000000182,1000.0000000000489,1000.0000000001228,1000.00000000029,1000.0000000006471,1000.0000000013716,1000.0000000027749,1000.0000000053801,1000.0000000100345,1000.0000000180622,1000.0000000314708,1000.0000000532174,1000.0000000875467,1000.0000001404081,1000.0000002199604,1000.0000003371703,1000.000000506509,1000.0000007467495,1000.0000010818632,1000.0000015420161,1000.0000021646576
0.10607999999999998,1000.0,1000.0,1000.0,1000.0,1000.0,1000.0,1000.0,1000.0,1000.0,1000.0,1000.0,1000.0,1000.0,1000.0,1000.0,1000.0,1000.0,1000.0000000000001,1000.0000000000005,1000.0000000000017,1000.0000000000053,1000.0000000000155,1000.000000000042,1000.0000000001058,1000.0000000002512,1000.0000000005631,1000.0000000011988,1000.0000000024353,1000.0000000047401,1000.0000000088727,1000.000000016026,1000.0000000280135,1000.0000000475164,1000.0000000783954,1000.0000001260775,1000.0000001980267,1000.0000003043034,1000.0000004582167,1000.0000006770745,1000.0000009830295,1000.000001404022,1000.0000019748122
0.10632,1000.0,1000.0,1000.0,1000.0,1000.0,1000.0,1000.0,1000.0,1000.0,1000.0,1000.0,1000.0,1000.0,1000.0,1000.0,1000.0,1000.0,1000.0000000000001,1000.0000000000005,1000.0000000000014,1000.0000000000045,1000.0000000000132,1000.0000000000359,1000.0000000000912,1000.0000000002175,1000.0000000004899,1000.0000000010474,1000.0000000021365,1000.0000000041746,1000.0000000078428,1000.0000000142144,1000.0000000249278,1000.0000000424126,1000.0000000701787,1000.0000001131749,1000.0000001782273,1000.000000274561,1000.000000414412,1000.0000006137318,1000.0000008929856,1000.0000012780426,1000.0000018011566
0.10655999999999999,1000.0,1000.0,1000.0,1000.0,1000.0,1000.0,1000.0,1000.0,1000.0,1000.0,1000.0,1000.0,1000.0,1000.0,1000.0,1000.0,1000.0,1000.0000000000001,1000.0000000000003,1000.0000000000011,1000.0000000000038,1000.0000000000113,1000.0000000000308,1000.0000000000786,1000.0000000001883,1000.000000000426,1000.0000000009148,1000.0000000018737,1000.0000000036752,1000.0000000069299,1000.0000000126033,1000.0000000221746,1000.0000000378448,1000.0000000628035,1000.0000001015619,1000.0000001603601,1000.0000002476542,1000.0000003746896,1000.0000005561627,1000.0000008109727,1000.0000011630635,1000.0000016423528
0.10679999999999998,1000.0,1000.0,1000.0,1000.0,1000.0,1000.0,1000.0,1000.0,1000.0,1000.0,1000.0,1000.0,1000.0,1000.0,1000.0,1000.0,1000.0,1000.0000000000001,1000.0000000000002,1000.000000000001,1000.0000000000032,1000.0000000000095,1000.0000000000264,1000.0000000000676,1000.0000000001629,1000.0000000003703,1000.0000000007987,1000.0000000016425,1000.0000000032344,1000.0000000061212,1000.0000000111711,1000.000000019719,1000.000000033758,1000.0000000561859,1000.0000000911128,1000.0000001442414,1000.00000022332,1000.0000003386798,1000.000000503856,1000.0000007362955,1000.000001058153,1000.0000014971698
0.10704,1000.0,1000.0,1000.0,1000.0,1000.0,1000.0,1000.0,1000.0,1000.0,1000.0,1000.0,1000.0,1000.0,1000.0,1000.0,1000.0,1000.0,1000.0000000000001,1000.0000000000002,1000.0000000000008,1000.0000000000027,1000.0000000000082,1000.0000000000225,1000.0000000000582,1000.0000000001409,1000.0000000003217,1000.000000000697,1000.0000000014394,1000.0000000028455,1000.0000000054049,1000.0000000098983,1000.0000000175296,1000.000000030103,1000.0000000502498,1000.0000000817141,1000.0000001297046,1000.000000201319,1000.0000003060451,1000.0000004563441,1000.000000668317,1000.0000009624556,1000.0000013644748
0.10727999999999999,1000.0,1000.0,1000.0,1000.0,1000.0,1000.0,1000.0,1000.0,1000.0,1000.0,1000.0,1000.0,1000.0,1000.0,1000.0,1000.0,1000.0,1000.0,1000.0000000000002,1000.0000000000007,1000.0000000000023,1000.0000000000069,1000.0000000000193,1000.00000000005,1000.0000000001218,1000.0000000002794,1000.000000000608,1000.0000000012609,1000.0000000025024,1000.0000000047709,1000.0000000087675,1000.0000000155782,1000.0000000268352,1000.0000000449271,1000.0000000732628,1000.0000001165987,1000.0000001814335,1000.0000002764777,1000.0000004131999,1000.0000006064537,1000.0000008751862,1000.000001243226
0.10751999999999998,1000.0,1000.0,1000.0,1000.0,1000.0,1000.0,1000.0,1000.0,1000.0,1000.0,1000.0,1000.0,1000.0,1000.0,1000.0,1000.0,1000.0,1000.0,1000.0000000000001,1000.0000000000006,1000.0000000000019,1000.0000000000059,1000.0000000000165,1000.0000000000431,1000.0000000001053,1000.0000000002426,1000.0000000005302,1000.0000000011041,1000.0000000022,1000.0000000042097,1000.0000000077632,1000.0000000138393,1000.0000000239145,1000.0000000401557,1000.0000000656657,1000.0000001047862,1000.0000001634655,1000.0000002496975,1000.0000003740331,1000.000000550171,1000.000000795624,1000.0000011324659
0.10776,1000.0,1000.0,1000.0,1000.0,1000.0,1000.0,1000.0,1000.0,1000.0,1000.0,1000.0,1000.0,1000.0,1000.0,1000.0,1000.0,1000.0,1000.0,1000.0000000000001,1000.0000000000005,1000.0000000000016,1000.000000000005,1000.0000000000141,1000.000000000037,1000.0000000000908,1000.0000000002105,1000.0000000004623,1000.0000000009666,1000.0000000019334,1000.0000000037132,1000.0000000068718,1000.0000000122907,1000.0000000213048,1000.0000000358799,1000.0000000588387,1000.0000000941428,1000.000000147235,1000.0000002254485,1000.0000003384873,1000.0000004989798,1000.0000007231084,1000.0000010313139
0.10799999999999998,1000.0,1000.0,1000.0,1000.0,1000.0,1000.0,1000.0,1000.0,1000.0,1000.0,1000.0,1000.0,1000.0,1000.0,1000.0,1000.0,1000.0,1000.0,1000.0000000000001,1000.0000000000005,1000.0000000000014,1000.0000000000042,1000.000000000012,1000.0000000000318,1000.0000000000784,1000.0000000001826,1000.0000000004028,1000.0000000008457,1000.0000000016984,1000.0000000032742,1000.0000000060805,1000.0000000109118,1000.000000018974,1000.0000000320496,1000.0000000527058,1000.000000084556,1000.0000001325783,1000.0000002034981,1000.0000003062368,1000.0000004524326,1000.0000006570333,1000.0000009389613
0.10823999999999998,1000.0,1000.0,1000.0,1000.0,1000.0,1000.0,1000.0,1000.0,1000.0,1000.0,1000.0,1000.0,1000.0,1000.0,1000.0,1000.0,1000.0,1000.0,1000.0000000000001,1000.0000000000003,1000.0000000000011,1000.0000000000036,1000.0000000000103,1000.0000000000273,1000.0000000000678,1000.0000000001584,1000.0000000003508,1000.0000000007398,1000.0000000014915,1000.000000002886,1000.0000000053788,1000.0000000096843,1000.0000000168927,1000.0000000286193,1000.0000000471979,1000.0000000759231,1000.0000001193467,1000.000000183634,1000.0000002769843,1000.0000004101198,1000.0000005968428,1000.000000854665
0.10848,1000.0,1000.0,1000.0,1000.0,1000.0,1000.0,1000.0,1000.0,1000.0,1000.0,1000.0,1000.0,1000.0,1000.0,1000.0,1000.0,1000.0,1000.0,1000.0000000000001,1000.0000000000003,1000.000000000001,1000.0000000000031,1000.0000000000088,1000.0000000000234,1000.0000000000584,1000.0000000001373,1000.0000000003055,1000.0000000006469,1000.0000000013093,1000.0000000025432,1000.0000000047562,1000.0000000085922,1000.0000000150351,1000.0000000255484,1000.000000042253,1000.0000000681518,1000.0000001074053,1000.0000001656633,1000.0000002504589,1000.0000003716668,1000.000000542028,1000.0000007777427
0.10871999999999998,1000.0,1000.0,1000.0,1000.0,1000.0,1000.0,1000.0,1000.0,1000.0,1000.0,1000.0,1000.0,1000.0,1000.0,1000.0,1000.0,1000.0,1000.0,1000.0000000000001,1000.0000000000002,1000.0000000000008,1000.0000000000026,1000.0000000000075,1000.0000000000201,1000.0000000000504,1000.0000000001189,1000.0000000002659,1000.0000000005655,1000.000000001149,1000.0000000022401,1000.0000000042045,1000.0000000076208,1000.0000000133775,1000.0000000227999,1000.0000000378149,1000.0000000611584,1000.0000000966314,1000.0000001494101,1000.0000002264131,1000.0000003367314,1000.0000004921221,1000.000000707568
0.10895999999999997,1000.0,1000.0,1000.0,1000.0,1000.0,1000.0,1000.0,1000.0,1000.0,1000.0,1000.0,1000.0,1000.0,1000.0,1000.0,1000.0,1000.0,1000.0,1000.0,1000.0000000000002,1000.0000000000007,1000.0000000000022,1000.0000000000064,1000.0000000000173,1000.0000000000434,1000.000000000103,1000.0000000002314,1000.0000000004941,1000.000000001008,1000.0000000019726,1000.0000000037154,1000.000000006757,1000.0000000118989,1000.000000020341,1000.0000000338329,1000.0000000548666,1000.0000000869138,1000.0000001347147,1000.0000002046212,1000.0000003050004,1000.000000446698,1000.000000643566
0.10919999999999999,1000.0,1000.0,1000.0,1000.0,1000.0,1000.0,1000.0,1000.0,1000.0,1000.0,1000.0,1000.0,1000.0,1000.0,1000.0,1000.0,1000.0,1000.0,1000.0,1000.0000000000002,1000.0000000000006,1000.0000000000018,1000.0000000000055,1000.0000000000148,1000.0000000000374,1000.0000000000892,1000.0000000002012,1000.0000000004316,1000.0000000008839,1000.0000000017363,1000.0000000032821,1000.0000000059892,1000.0000000105805,1000.0000000181417,1000.0000000302613,1000.000000049208,1000.0000000781516,1000.0000001214314,1000.0000001848776,1000.000000276188,1000.0000004053643,1000.0000005852091
0.10943999999999998,1000.0,1000.0,1000.0,1000.0,1000.0,1000.0,1000.0,1000.0,1000.0,1000.0,1000.0,1000.0,1000.0,1000.0,1000.0,1000.0,1000.0,1000.0,1000.0,1000.0000000000001,1000.0000000000005,1000.0000000000016,1000.0000000000047,1000.0000000000126,1000.0000000000323,1000.0000000000772,1000.000000000175,1000.0000000003768,1000.0000000007749,1000.000000001528,1000.0000000028984,1000.0000000053069,1000.0000000094052,1000.0000000161752,1000.0000000270587,1000.0000000441203,1000.000000070253,1000.0000001094282,1000.0000001669948,1000.0000002500328,1000.0000003677628,1000.0000005320137
0.10967999999999997,1000.0,1000.0,1000.0,1000.0,1000.0,1000.0,1000.0,1000.0,1000.0,1000.0,1000.0,1000.0,1000.0,1000.0,1000.0,1000.0,1000.0,1000.0,1000.0,1000.0000000000001,1000.0000000000005,1000.0000000000014,1000.000000000004,1000.0000000000108,1000.0000000000277,1000.0000000000668,1000.000000000152,1000.0000000003289,1000.000000000679,1000.000000001344,1000.0000000025589,1000.000000004701,1000.0000000083578,1000.0000000144177,1000.0000000241879,1000.0000000395473,1000.0000000631352,1000.0000000985848,1000.000000150802,1000.0000002262965,1000.0000003335659,1000.000000483536
0.10991999999999999,1000.0,1000.0,1000.0,1000.0,1000.0,1000.0,1000.0,1000.0,1000.0,1000.0,1000.0,1000.0,1000.0,1000.0,1000.0,1000.0,1000.0,1000.0,1000.0,1000.0000000000001,1000.0000000000003,1000.0000000000011,1000.0000000000034,1000.0000000000093,1000.0000000000239,1000.0000000000578,1000.0000000001321,1000.000000000287,1000.0000000005949,1000.0000000011819,1000.0000000022582,1000.0000000041628,1000.0000000074248,1000.0000000128472,1000.0000000216154,1000.0000000354382,1000.0000000567228,1000.0000000887919,1000.0000001361436,1000.0000002047614,1000.0000003024738,1000.0000004393696
0.11015999999999998,1000.0,1000.0,1000.0,1000.0,1000.0,1000.0,1000.0,1000.0,1000.0,1000.0,1000.0,1000.0,1000.0,1000.0,1000.0,1000.0,1000.0,1000.0,1000.0,1000.0000000000001,1000.0000000000003,1000.0000000000009,1000.0000000000028,1000.000000000008,1000.0000000000206,1000.0000000000499,1000.0000000001147,1000.0000000002502,1000.0000000005209,1000.000000001039,1000.0000000019922,1000.000000003685,1000.0000000065938,1000.0000000114443,1000.0000000193108,1000.000000031747,1000.0000000509476,1000.0000000799503,1000.0000001228781,1000.0000001852285,1000.0000002742122,1000.0000003991418
0.1104,1000.0,1000.0,1000.0,1000.0,1000.0,1000.0,1000.0,1000.0,1000.0,1000.0,1000.0,1000.0,1000.0,1000.0,1000.0,1000.0,1000.0,1000.0,1000.0,1000.0000000000001,1000.0000000000002,1000.0000000000008,1000.0000000000025,1000.0000000000068,1000.0000000000177,1000.0000000000432,1000.0000000000996,1000.0000000002182,1000.0000000004561,1000.000000000913,1000.000000001757,1000.0000000032611,1000.0000000058542,1000.0000000101916,1000.000000017247,1000.0000000284323,1000.0000000457479,1000.00000007197,1000.0000001108763,1000.0000001675169,1000.0000002485305,1000.0000003625111
0.11063999999999999,1000.0,1000.0,1000.0,1000.0,1000.0,1000.0,1000.0,1000.0,1000.0,1000.0,1000.0,1000.0,1000.0,1000.0,1000.0,1000.0,1000.0,1000.0,1000.0,1000.0000000000001,1000.0000000000002,1000.0000000000007,1000.000000000002,1000.0000000000058,1000.0000000000152,1000.0000000000373,1000.0000000000864,1000.0000000001902,1000.0000000003992,1000.0000000008021,1000.0000000015491,1000.000000002885,1000.0000000051958,1000.0000000090732,1000.0000000153992,1000.0000000254565,1000.0000000410677,1000.0000000647691,1000.0000001000211,1000.000000151461,1000.0000002251995,1000.0000003291648
0.11087999999999998,1000.0,1000.0,1000.0,1000.0,1000.0,1000.0,1000.0,1000.0,1000.0,1000.0,1000.0,1000.0,1000.0,1000.0,1000.0,1000.0,1000.0,1000.0,1000.0,1000.0,1000.0000000000002,1000.0000000000006,1000.0000000000018,1000.000000000005,1000.0000000000131,1000.0000000000322,1000.000000000075,1000.0000000001658,1000.0000000003491,1000.0000000007044,1000.0000000013654,1000.0000000025515,1000.0000000046101,1000.0000000080753,1000.0000000137455,1000.0000000227858,1000.0000000368564,1000.0000000582734,1000.0000000902057,1000.0000001369103,1000.00000020401,1000.0000002988169
0.11112,1000.0,1000.0,1000.0,1000.0,1000.0,1000.0,1000.0,1000.0,1000.0,1000.0,1000.0,1000.0,1000.0,1000.0,1000.0,1000.0,1000.0,1000.0,1000.0,1000.0,1000.0000000000001,1000.0000000000005,1000.0000000000015,1000.0000000000042,1000.0000000000113,1000.0000000000279,1000.000000000065,1000.0000000001443,1000.0000000003054,1000.0000000006183,1000.000000001203,1000.0000000022558,1000.0000000040892,1000.0000000071849,1000.0000000122659,1000.0000000203896,1000.0000000330679,1000.0000000524154,1000.0000000813332,1000.0000001237273,1000.0000001847708,1000.0000002712051
0.11135999999999999,1000.0,1000.0,1000.0,1000.0,1000.0,1000.0,1000.0,1000.0,1000.0,1000.0,1000.0,1000.0,1000.0,1000.0,1000.0,1000.0,1000.0,1000.0,1000.0,1000.0,1000.0000000000001,1000.0000000000005,1000.0000000000013,1000.0000000000036,1000.0000000000097,1000.000000000024,1000.0000000000564,1000.0000000001256,1000.0000000002669,1000.0000000005426,1000.0000000010596,1000.0000000019938,1000.000000003626,1000.0000000063909,1000.0000000109425,1000.0000000182405,1000.000000029661,1000.0000000471343,1000.000000073315,1000.000000111787,1000.0000001673072,1000.0000002460899
0.11159999999999998,1000.0,1000.0,1000.0,1000.0,1000.0,1000.0,1000.0,1000.0,1000.0,1000.0,1000.0,1000.0,1000.0,1000.0,1000.0,1000.0,1000.0,1000.0,1000.0,1000.0,1000.0000000000001,1000.0000000000003,1000.0000000000011,1000.0000000000031,1000.0000000000083,1000.0000000000207,1000.0000000000489,1000.0000000001094,1000.0000000002333,1000.0000000004761,1000.000000000933,1000.0000000017617,1000.0000000032144,1000.000000005683,1000.000000009759,1000.0000000163135,1000.0000000265982,1000.0000000423746,1000.0000000660713,1000.0000001009752,1000.0000001514599,1000.000000223252
0.11184,1000.0,1000.0,1000.0,1000.0,1000.0,1000.0,1000.0,1000.0,1000.0,1000.0,1000.0,1000.0,1000.0,1000.0,1000.0,1000.0,1000.0,1000.0,1000.0,1000.0,1000.0000000000001,1000.0000000000003,1000.0000000000009,1000.0000000000026,1000.000000000007,1000.0000000000178,1000.0000000000423,1000.0000000000952,1000.0000000002038,1000.0000000004176,1000.0000000008213,1000.0000000015561,1000.0000000028487,1000.000000005052,1000.0000000087011,1000.000000014586,1000.0000000238455,1000.0000000380861,1000.0000000595289,1000.0000000911881,1000.0000001370835,1000.0000002024907
0.11207999999999999,1000.0,1000.0,1000.0,1000.0,1000.0,1000.0,1000.0,1000.0,1000.0,1000.0,1000.0,1000.0,1000.0,1000.0,1000.0,1000.0,1000.0,1000.0,1000.0,1000.0,1000.0000000000001,1000.0000000000002,1000.0000000000008,1000.0000000000023,1000.0000000000061,1000.0000000000153,1000.0000000000366,1000.0000000000828,1000.000000000178,1000.0000000003661,1000.0000000007227,1000.0000000013741,1000.0000000025237,1000.0000000044898,1000.000000007756,1000.0000000130382,1000.0000000213723,1000.0000000342233,1000.000000053622,1000.0000000823314,1000.0000001240452,1000.0000001836229
0.11231999999999998,1000.0,1000.0,1000.0,1000.0,1000.0,1000.0,1000.0,1000.0,1000.0,1000.0,1000.0,1000.0,1000.0,1000.0,1000.0,1000.0,1000.0,1000.0,1000.0,1000.0,1000.0000000000001,1000.0000000000002,1000.0000000000007,1000.0000000000019,1000.0000000000052,1000.0000000000133,1000.0000000000317,1000.000000000072,1000.0000000001554,1000.0000000003208,1000.0000000006357,1000.000000001213,1000.0000000022353,1000.000000003989,1000.0000000069115,1000.0000000116515,1000.0000000191509,1000.000000030745,1000.0000000482903,1000.0000000743189,1000.0000001122243,1000.000000166481
0.11256,1000.0,1000.0,1000.0,1000.0,1000.0,1000.0,1000.0,1000.0,1000.0,1000.0,1000.0,1000.0,1000.0,1000.0,1000.0,1000.0,1000.0,1000.0,1000.0,1000.0,1000.0,1000.0000000000002,1000.0000000000006,1000.0000000000016,1000.0000000000044,1000.0000000000114,1000.0000000000274,1000.0000000000625,1000.0000000001356,1000.0000000002811,1000.0000000005591,1000.0000000010705,1000.0000000019792,1000.0000000035433,1000.0000000061574,1000.0000000104098,1000.0000000171563,1000.000000027614,1000.0000000434794,1000.0000000670726,1000.0000001015102,1000.000000150912
0.11279999999999998,1000.0,1000.0,1000.0,1000.0,1000.0,1000.0,1000.0,1000.0,1000.0,1000.0,1000.0,1000.0,1000.0,1000.0,1000.0,1000.0,1000.0,1000.0,1000.0,1000.0,1000.0,1000.0000000000001,1000.0000000000005,1000.0000000000014,1000.0000000000039,1000.0000000000098,1000.0000000000238,1000.0000000000543,1000.0000000001183,1000.0000000002462,1000.0000000004916,1000.0000000009444,1000.000000001752,1000.0000000031464,1000.0000000054841,1000.0000000092982,1000.0000000153659,1000.0000000247965,1000.0000000391399,1000.0000000605212,1000.0000000918026,1000.0000001367763
0.11303999999999997,1000.0,1000.0,1000.0,1000.0,1000.0,1000.0,1000.0,1000.0,1000.0,1000.0,1000.0,1000.0,1000.0,1000.0,1000.0,1000.0,1000.0,1000.0,1000.0,1000.0,1000.0,1000.0000000000001,1000.0000000000005,1000.0000000000013,1000.0000000000033,1000.0000000000084,1000.0000000000206,1000.0000000000472,1000.0000000001032,1000.0000000002157,1000.000000000432,1000.000000000833,1000.0000000015505,1000.0000000027933,1000.0000000048834,1000.0000000083033,1000.0000000137594,1000.0000000222618,1000.0000000352267,1000.0000000546,1000.0000000830098,1000.0000001239462
0.11327999999999999,1000.0,1000.0,1000.0,1000.0,1000.0,1000.0,1000.0,1000.0,1000.0,1000.0,1000.0,1000.0,1000.0,1000.0,1000.0,1000.0,1000.0,1000.0,1000.0,1000.0,1000.0,1000.0000000000001,1000.0000000000003,1000.000000000001,1000.0000000000028,1000.0000000000073,1000.0000000000177,1000.0000000000409,1000.00000000009,1000.0000000001887,1000.0000000003796,1000.0000000007345,1000.0000000013717,1000.0000000024792,1000.0000000043474,1000.0000000074133,1000.0000000123183,1000.0000000199826,1000.0000000316993,1000.0000000492505,1000.0000000750485,1000.0000001123053
0.11351999999999998,1000.0,1000.0,1000.0,1000.0,1000.0,1000.0,1000.0,1000.0,1000.0,1000.0,1000.0,1000.0,1000.0,1000.0,1000.0,1000.0,1000.0,1000.0,1000.0,1000.0,1000.0,1000.0000000000001,1000.0000000000003,1000.0000000000009,1000.0000000000024,1000.0000000000063,1000.0000000000153,1000.0000000000356,1000.0000000000784,1000.0000000001652,1000.0000000003334,1000.0000000006474,1000.0000000012133,1000.0000000021998,1000.0000000038694,1000.0000000066174,1000.0000000110261,1000.0000000179338,1000.0000000285208,1000.0000000444192,1000.000000067843,1000.0000001017477
0.11375999999999997,1000.0,1000.0,1000.0,1000.0,1000.0,1000.0,1000.0,1000.0,1000.0,1000.0,1000.0,1000.0,1000.0,1000.0,1000.0,1000.0,1000.0,1000.0,1000.0,1000.0,1000.0,1000.0000000000001,1000.0000000000002,1000.0000000000007,1000.000000000002,1000.0000000000053,1000.0000000000133,1000.0000000000309,1000.0000000000683,1000.0000000001445,1000.0000000002929,1000.0000000005707,1000.000000001073,1000.0000000019517,1000.0000000034433,1000.0000000059059,1000.000000009868,1000.0000000160927,1000.000000025658,1000.0000000400577,1000.0000000613239,1000.0000000921763
0.11399999999999999,1000.0,1000.0,1000.0,1000.0,1000.0,1000.0,1000.0,1000.0,1000.0,1000.0,1000.0,1000.0,1000.0,1000.0,1000.0,1000.0,1000.0,1000.0,1000.0,1000.0,1000.0,1000.0000000000001,1000.0000000000002,1000.0000000000007,1000.0000000000017,1000.0000000000047,1000.0000000000115,1000.0000000000268,1000.0000000000596,1000.0000000001264,1000.000000000257,1000.0000000005028,1000.0000000009486,1000.0000000017311,1000.0000000030636,1000.0000000052701,1000.0000000088304,1000.0000000144391,1000.0000000230805,1000.000000036122,1000.0000000554288,1000.000000083503
0.11423999999999998,1000.0,1000.0,1000.0,1000.0,1000.0,1000.0,1000.0,1000.0,1000.0,1000.0,1000.0,1000.0,1000.0,1000.0,1000.0,1000.0,1000.0,1000.0,1000.0,1000.0,1000.0,1000.0,1000.0000000000002,1000.0000000000006,1000.0000000000015,1000.000000000004,1000.0000000000099,1000.0000000000232,1000.0000000000518,1000.0000000001105,1000.0000000002257,1000.0000000004429,1000.0000000008386,1000.0000000015352,1000.0000000027254,1000.0000000047022,1000.0000000079011,1000.0000000129545,1000.0000000207609,1000.0000000325721,1000.0000000501002,1000.0000000756476
0.11447999999999997,1000.0,1000.0,1000.0,1000.0,1000.0,1000.0,1000.0,1000.0,1000.0,1000.0,1000.0,1000.0,1000.0,1000.0,1000.0,1000.0,1000.0,1000.0,1000.0,1000.0,1000.0,1000.0,1000.0000000000001,1000.0000000000005,1000.0000000000013,1000.0000000000034,1000.0000000000085,1000.0000000000201,1000.0000000000451,1000.0000000000966,1000.000000000198,1000.0000000003902,1000.0000000007411,1000.0000000013614,1000.0000000024244,1000.0000000041953,1000.0000000070694,1000.0000000116224,1000.0000000186747,1000.0000000293721,1000.0000000452866,1000.0000000685368
0.11471999999999999,1000.0,1000.0,1000.0,1000.0,1000.0,1000.0,1000.0,1000.0,1000.0,1000.0,1000.0,1000.0,1000.0,1000.0,1000.0,1000.0,1000.0,1000.0,1000.0,1000.0,1000.0,1000.0,1000.0000000000001,1000.0000000000003,1000.0000000000011,1000.000000000003,1000.0000000000074,1000.0000000000175,1000.0000000000393,1000.0000000000845,1000.0000000001738,1000.0000000003436,1000.000000000655,1000.0000000012071,1000.0000000021564,1000.0000000037429,1000.0000000063253,1000.0000000104277,1000.0000000167992,1000.0000000264891,1000.0000000409407,1000.0000000621042
0.11495999999999998,1000.0,1000.0,1000.0,1000.0,1000.0,1000.0,1000.0,1000.0,1000.0,1000.0,1000.0,1000.0,1000.0,1000.0,1000.0,1000.0,1000.0,1000.0,1000.0,1000.0,1000.0,1000.0,1000.0000000000001,1000.0000000000003,1000.0000000000009,1000.0000000000025,1000.0000000000064,1000.0000000000151,1000.0000000000342,1000.0000000000738,1000.0000000001525,1000.0000000003026,1000.0000000005788,1000.0000000010704,1000.0000000019181,1000.0000000033394,1000.00000000566,1000.0000000093569,1000.0000000151144,1000.0000000238937,1000.0000000370198,1000.0000000562892
0.1152,1000.0,1000.0,1000.0,1000.0,1000.0,1000.0,1000.0,1000.0,1000.0,1000.0,1000.0,1000.0,1000.0,1000.0,1000.0,1000.0,1000.0,1000.0,1000.0,1000.0,1000.0,1000.0,1000.0000000000001,1000.0000000000002,1000.0000000000008,1000.0000000000022,1000.0000000000055,1000.0000000000131,1000.0000000000298,1000.0000000000645,1000.0000000001338,1000.0000000002665,1000.0000000005115,1000.0000000009491,1000.0000000017064,1000.00000000298,1000.0000000050655,1000.0000000083979,1000.0000000136021,1000.0000000215587,1000.0000000334854,1000.000000051037
0.11543999999999999,1000.0,1000.0,1000.0,1000.0,1000.0,1000.0,1000.0,1000.0,1000.0,1000.0,1000.0,1000.0,1000.0,1000.0,1000.0,1000.0,1000.0,1000.0,1000.0,1000.0,1000.0,1000.0,1000.0000000000001,1000.0000000000002,1000.0000000000007,1000.0000000000018,1000.0000000000048,1000.0000000000114,1000.0000000000259,1000.0000000000564,1000.0000000001173,1000.0000000002346,1000.0000000004521,1000.0000000008417,1000.0000000015184,1000.0000000026599,1000.000000004535,1000.0000000075398,1000.0000000122457,1000.00000001946,1000.0000000303022,1000.0000000462976
0.11567999999999998,1000.0,1000.0,1000.0,1000.0,1000.0,1000.0,1000.0,1000.0,1000.0,1000.0,1000.0,1000.0,1000.0,1000.0,1000.0,1000.0,1000.0,1000.0,1000.0,1000.0,1000.0,1000.0,1000.0000000000001,1000.0000000000002,1000.0000000000006,1000.0000000000016,1000.0000000000041,1000.0000000000099,1000.0000000000225,1000.0000000000492,1000.000000000103,1000.0000000002067,1000.0000000003997,1000.0000000007468,1000.0000000013515,1000.0000000023751,1000.0000000040618,1000.0000000067727,1000.0000000110305,1000.0000000175758,1000.0000000274384,1000.0000000420258
0.11592,1000.0,1000.0,1000.0,1000.0,1000.0,1000.0,1000.0,1000.0,1000.0,1000.0,1000.0,1000.0,1000.0,1000.0,1000.0,1000.0,1000.0,1000.0,1000.0,1000.0,1000.0,1000.0,1000.0,1000.0000000000001,1000.0000000000005,1000.0000000000014,1000.0000000000035,1000.0000000000085,1000.0000000000197,1000.0000000000431,1000.0000000000904,1000.0000000001821,1000.0000000003536,1000.0000000006628,1000.0000000012036,1000.0000000021221,1000.0000000036403,1000.0000000060877,1000.000000009943,1000.0000000158861,1000.0000000248656,1000.0000000381807
0.11615999999999999,1000.0,1000.0,1000.0,1000.0,1000.0,1000.0,1000.0,1000.0,1000.0,1000.0,1000.0,1000.0,1000.0,1000.0,1000.0,1000.0,1000.0,1000.0,1000.0,1000.0,1000.0,1000.0,1000.0,1000.0000000000001,1000.0000000000005,1000.0000000000011,1000.0000000000031,1000.0000000000074,1000.000000000017,1000.0000000000376,1000.0000000000794,1000.0000000001606,1000.0000000003129,1000.0000000005887,1000.0000000010727,1000.0000000018975,1000.0000000032652,1000.0000000054771,1000.0000000089714,1000.0000000143734,1000.0000000225576,1000.0000000347254
0.11639999999999998,1000.0,1000.0,1000.0,1000.0,1000.0,1000.0,1000.0,1000.0,1000.0,1000.0,1000.0,1000.0,1000.0,1000.0,1000.0,1000.0,1000.0,1000.0,1000.0,1000.0,1000.0,1000.0,1000.0,1000.0000000000001,1000.0000000000003,1000.000000000001,1000.0000000000026,1000.0000000000064,1000.0000000000149,1000.000000000033,1000.0000000000698,1000.0000000001418,1000.0000000002772,1000.0000000005234,1000.000000000957,1000.0000000016985,1000.0000000029322,1000.0000000049334,1000.0000000081047,1000.0000000130216,1000.0000000204913,1000.0000000316263
0.11664,1000.0,1000.0,1000.0,1000.0,1000.0,1000.0,1000.0,1000.0,1000.0,1000.0,1000.0,1000.0,1000.0,1000.0,1000.0,1000.0,1000.0,1000.0,1000.0,1000.0,1000.0,1000.0,1000.0,1000.0000000000001,1000.0000000000003,1000.0000000000009,1000.0000000000023,1000.0000000000056,1000.000000000013,1000.0000000000289,1000.0000000000614,1000.0000000001252,1000.0000000002458,1000.000000000466,1000.000000000855,1000.0000000015226,1000.0000000026371,1000.0000000044507,1000.0000000073335,1000.0000000118162,1000.0000000186454,1000.0000000288534
0.11687999999999998,1000.0,1000.0,1000.0,1000.0,1000.0,1000.0,1000.0,1000.0,1000.0,1000.0,1000.0,1000.0,1000.0,1000.0,1000.0,1000.0,1000.0,1000.0,1000.0,1000.0,1000.0,1000.0,1000.0,1000.0000000000001,1000.0000000000002,1000.0000000000008,1000.0000000000019,1000.0000000000049,1000.0000000000114,1000.0000000000254,1000.0000000000541,1000.0000000001108,1000.0000000002184,1000.0000000004155,1000.0000000007652,1000.0000000013674,1000.0000000023762,1000.0000000040231,1000.0000000066491,1000.0000000107444,1000.0000000170014,1000.0000000263796
0.11711999999999997,1000.0,1000.0,1000.0,1000.0,1000.0,1000.0,1000.0,1000.0,1000.0,1000.0,1000.0,1000.0,1000.0,1000.0,1000.0,1000.0,1000.0,1000.0,1000.0,1000.0,1000.0,1000.0,1000.0,1000.0000000000001,1000.0000000000002,1000.0000000000007,1000.0000000000017,1000.0000000000042,1000.0000000000099,1000.0000000000223,1000.0000000000477,1000.0000000000982,1000.0000000001944,1000.0000000003714,1000.0000000006864,1000.000000001231,1000.0000000021463,1000.0000000036456,1000.0000000060436,1000.0000000097948,1000.0000000155424,1000.0000000241805
0.11735999999999999,1000.0,1000.0,1000.0,1000.0,1000.0,1000.0,1000.0,1000.0,1000.0,1000.0,1000.0,1000.0,1000.0,1000.0,1000.0,1000.0,1000.0,1000.0,1000.0,1000.0,1000.0,1000.0,1000.0,1000.0000000000001,1000.0000000000002,1000.0000000000006,1000.0000000000015,1000.0000000000036,1000.0000000000088,1000.0000000000197,1000.0000000000423,1000.0000000000873,1000.0000000001736,1000.0000000003329,1000.0000000006177,1000.0000000011115,1000.0000000019445,1000.0000000033136,1000.0000000055104,1000.000000008957,1000.0000000142531,1000.0000000222348
0.11759999999999998,1000.0,1000.0,1000.0,1000.0,1000.0,1000.0,1000.0,1000.0,1000.0,1000.0,1000.0,1000.0,1000.0,1000.0,1000.0,1000.0,1000.0,1000.0,1000.0,1000.0,1000.0,1000.0,1000.0,1000.0,1000.0000000000001,1000.0000000000005,1000.0000000000013,1000.0000000000032,1000.0000000000076,1000.0000000000174,1000.0000000000376,1000.000000000078,1000.0000000001555,1000.0000000002995,1000.0000000005577,1000.0000000010074,1000.0000000017685,1000.0000000030234,1000.0000000050434,1000.0000000082221,1000.0000000131206,1000.000000020523
0.11783999999999997,1000.0,1000.0,1000.0,1000.0,1000.0,1000.0,1000.0,1000.0,1000.0,1000.0,1000.0,1000.0,1000.0,1000.0,1000.0,1000.0,1000.0,1000.0,1000.0,1000.0,1000.0,1000.0,1000.0,1000.0,1000.0000000000001,1000.0000000000005,1000.0000000000011,1000.0000000000028,1000.0000000000068,1000.0000000000155,1000.0000000000335,1000.0000000000699,1000.0000000001401,1000.0000000002707,1000.0000000005061,1000.0000000009173,1000.0000000016158,1000.0000000027713,1000.0000000046372,1000.000000007582,1000.0000000121329,1000.0000000190282
0.11807999999999999,1000.0,1000.0,1000.0,1000.0,1000.0,1000.0,1000.0,1000.0,1000.0,1000.0,1000.0,1000.0,1000.0,1000.0,1000.0,1000.0,1000.0,1000.0,1000.0,1000.0,1000.0,1000.0,1000.0,1000.0,1000.0000000000001,1000.0000000000003,1000.000000000001,1000.0000000000025,1000.000000000006,1000.0000000000138,1000.0000000000301,1000.000000000063,1000.0000000001269,1000.0000000002461,1000.0000000004618,1000.00000000084,1000.0000000014846,1000.0000000025545,1000.0000000042872,1000.0000000070298,1000.0000000112797,1000.0000000177355
0.11831999999999998,1000.0,1000.0,1000.0,1000.0,1000.0,1000.0,1000.0,1000.0,1000.0,1000.0,1000.0,1000.0,1000.0,1000.0,1000.0,1000.0,1000.0,1000.0,1000.0,1000.0,1000.0,1000.0,1000.0,1000.0,1000.0000000000001,1000.0000000000003,1000.0000000000009,1000.0000000000023,1000.0000000000053,1000.0000000000124,1000.0000000000273,1000.0000000000573,1000.0000000001157,1000.0000000002253,1000.0000000004244,1000.0000000007747,1000.0000000013735,1000.0000000023704,1000.0000000039895,1000.0000000065594,1000.000000010552,1000.0000000166319
0.11855999999999997,1000.0,1000.0,1000.0,1000.0,1000.0,1000.0,1000.0,1000.0,1000.0,1000.0,1000.0,1000.0,1000.0,1000.0,1000.0,1000.0,1000.0,1000.0,1000.0,1000.0,1000.0,1000.0,1000.0,1000.0,1000.0000000000001,1000.0000000000003,1000.0000000000008,1000.000000000002,1000.0000000000049,1000.0000000000113,1000.0000000000249,1000.0000000000525,1000.0000000001064,1000.000000000208,1000.0000000003932,1000.0000000007201,1000.0000000012806,1000.0000000022164,1000.0000000037404,1000.0000000061656,1000.0000000099423,1000.0000000157063
0.11879999999999999,1000.0,1000.0,1000.0,1000.0,1000.0,1000.0,1000.0,1000.0,1000.0,1000.0,1000.0,1000.0,1000.0,1000.0,1000.0,1000.0,1000.0,1000.0,1000.0,1000.0,1000.0,1000.0,1000.0,1000.0,1000.0000000000001,1000.0000000000002,1000.0000000000007,1000.0000000000018,1000.0000000000044,1000.0000000000103,1000.000000000023,1000.0000000000487,1000.0000000000989,1000.0000000001941,1000.0000000003679,1000.0000000006758,1000.000000001205,1000.000000002091,1000.0000000035374,1000.0000000058441,1000.0000000094439,1000.0000000149491
0.11903999999999998,1000.0,1000.0,1000.0,1000.0,1000.0,1000.0,1000.0,1000.0,1000.0,1000.0,1000.0,1000.0,1000.0,1000.0,1000.0,1000.0,1000.0,1000.0,1000.0,1000.0,1000.0,1000.0,1000.0,1000.0,1000.0000000000001,1000.0000000000002,1000.0000000000007,1000.0000000000017,1000.0000000000041,1000.0000000000097,1000.0000000000215,1000.0000000000456,1000.0000000000931,1000.0000000001831,1000.0000000003481,1000.000000000641,1000.0000000011457,1000.0000000019925,1000.0000000033777,1000.0000000055911,1000.0000000090517,1000.0000000143528
0.11928,1000.0,1000.0,1000.0,1000.0,1000.0,1000.0,1000.0,1000.0,1000.0,1000.0,1000.0,1000.0,1000.0,1000.0,1000.0,1000.0,1000.0,1000.0,1000.0,1000.0,1000.0,1000.0,1000.0,1000.0,1000.0000000000001,1000.0000000000002,1000.0000000000006,1000.0000000000016,1000.0000000000039,1000.0000000000091,1000.0000000000203,1000.0000000000434,1000.0000000000888,1000.0000000001751,1000.0000000003336,1000.0000000006153,1000.000000001102,1000.0000000019197,1000.0000000032596,1000.000000005404,1000.0000000087614,1000.0000000139112
0.11951999999999999,1000.0,1000.0,1000.0,1000.0,1000.0,1000.0,1000.0,1000.0,1000.0,1000.0,1000.0,1000.0,1000.0,1000.0,1000.0,1000.0,1000.0,1000.0,1000.0,1000.0,1000.0,1000.0,1000.0,1000.0,1000.0000000000001,1000.0000000000002,1000.0000000000006,1000.0000000000015,1000.0000000000038,1000.0000000000088,1000.0000000000197,1000.000000000042,1000.000000000086,1000.0000000001697,1000.0000000003239,1000.0000000005984,1000.0000000010731,1000.0000000018717,1000.0000000031818,1000.0000000052805,1000.0000000085697,1000.0000000136196
0.11975999999999998,1000.0,1000.0,1000.0,1000.0,1000.0,1000.0,1000.0,1000.0,1000.0,1000.0,1000.0,1000.0,1000.0,1000.0,1000.0,1000.0,1000.0,1000.0,1000.0,1000.0,1000.0,1000.0,1000.0,1000.0,1000.0000000000001,1000.0000000000002,1000.0000000000006,1000.0000000000015,1000.0000000000036,1000.0000000000086,1000.0000000000192,1000.0000000000412,1000.0000000000846,1000.0000000001671,1000.0000000003191,1000.00000000059,1000.0000000010588,1000.0000000018479,1000.0000000031431,1000.0000000052192,1000.0000000084744,1000.0000000134745
0.12,1000.0,1000.0,1000.0,1000.0,1000.0,1000.0,1000.0,1000.0,1000.0,1000.0,1000.0,1000.0,1000.0,1000.0,1000.0,1000.0,1000.0,1000.0,1000.0,1000.0,1000.0,1000.0,1000.0,1000.0,1000.0000000000001,1000.0000000000002,1000.0000000000006,1000.0000000000015,1000.0000000000036,1000.0000000000086,1000.0000000000192,1000.0000000000412,1000.0000000000846,1000.0000000001671,1000.0000000003191,1000.00000000059,1000.0000000010588,1000.0000000018479,1000.0000000031431,1000.0000000052192,1000.0000000084744,1000.0000000134745
