Position_m,Temperature_t=0.00000000s,Temperature_t=0.42553191s,Temperature_t=0.85106383s,Temperature_t=1.27659574s,Temperature_t=1.70212766s,Temperature_t=2.12765957s,Temperature_t=2.55319149s,Temperature_t=2.97872340s,Temperature_t=3.40425532s,Temperature_t=3.82978723s,Temperature_t=4.25531915s,Temperature_t=4.68085106s,Temperature_t=5.10638298s,Temperature_t=5.53191489s,Temperature_t=5.95744681s,Temperature_t=6.38297872s,Temperature_t=6.80851064s,Temperature_t=7.23404255s,Temperature_t=7.65957447s,Temperature_t=8.08510638s,Temperature_t=8.51063830s,Temperature_t=8.93617021s,Temperature_t=9.36170213s,Temperature_t=9.78723404s,Temperature_t=10.21276596s,Temperature_t=10.63829787s,Temperature_t=11.06382979s,Temperature_t=11.48936170s,Temperature_t=11.91489362s,Temperature_t=12.34042553s,Temperature_t=12.76595745s,Temperature_t=13.19148936s,Temperature_t=13.61702128s,Temperature_t=14.04255319s,Temperature_t=14.46808511s,Temperature_t=14.89361702s,Temperature_t=15.31914894s,Temperature_t=15.74468085s,Temperature_t=16.17021277s,Temperature_t=16.59574468s,Temperature_t=17.02127660s,Temperature_t=17.44680851s,Temperature_t=17.87234043s,Temperature_t=18.29787234s,Temperature_t=18.72340426s,Temperature_t=19.14893617s,Temperature_t=19.57446809s
-0.12,20.0,20.0,20.0,20.0,20.000000000000014,20.00000000000114,20.000000000030486,20.00000000038997,20.000000002978194,20.000000015642684,20.000000062092223,20.000000198787646,20.000000537641213,20.000001270769086,20.000002692332036,20.00000521302512,20.00000936450421,20.000015793130114,20.000025244202135,20.000038539009076,20.00005654750889,20.000080159389974,20.00011025586137,20.00014768394615,20.000193234449544,20.000247624227207,20.000311482934006,20.00038534410206,20.00046964017335,20.000564700980334,20.000670755108462,20.00078793356768,20.00091627522931,20.001055733535814,20.001206184053917,20.00136743250827,20.00153922299831,20.001721246162024,20.001913147104833,20.00211453295938,20.002324979981957,20.002544040124736,20.00277124704953,20.00300612157027,20.003248176527492,20.003496921110557,20.003751864651917
-0.11975999999999999,20.0,20.0,20.0,20.0,20.000000000000014,20.000000000001144,20.000000000030575,20.000000000390873,20.000000002983775,20.000000015666828,20.000000062172532,20.00000019900612,20.000000538149358,20.000001271812586,20.00000269426996,20.000005216339876,20.000009369800512,20.000015801123403,20.000025255698276,20.000038554878167,20.00005656865603,20.000080186725686,20.000110290273764,20.00014772627637,20.00019328547136,20.00024768463119,20.00031155331623,20.000385424957084,20.000469731891005,20.000564803845737,20.000670869304695,20.000788059180543,20.00091641225361,20.001055881882728,20.001206343559026,20.00136760293991,20.00153940406599,20.001721437524676,20.00191334837876,20.002114743725762,20.002325199793848,20.002544268513496,20.002771483530697,20.003006365648826,20.003248427702566,20.003497178879563,20.00375212851419
-0.11951999999999999,20.0,20.0,20.0,20.0,20.000000000000014,20.000000000001158,20.000000000030845,20.00000000039359,20.000000003000515,20.00000001573927,20.000000062413456,20.00000019966155,20.0000005396738,20.000001274943088,20.000002700083737,20.000005226284145,20.000009385689435,20.000015825103272,20.000025290186702,20.00003860248544,20.000056632097458,20.000080268732823,20.000110393510944,20.000147853267027,20.00019343853681,20.000247865843143,20.000311764462904,20.000385667522163,20.000470007043972,20.00056511244195,20.0006712118934,20.000788436019135,20.00091682332651,20.00105632692347,20.00120682207435,20.00136811423483,20.001539947269023,20.00172201161263,20.00191395220055,20.002115376024914,20.00232585922952,20.002544953679777,20.002772192974202,20.003007097884495,20.003249181227787,20.00349795218659,20.00375292010101
-0.11927999999999998,20.0,20.0,20.0,20.0,20.000000000000014,20.00000000000118,20.000000000031296,20.000000000398135,20.000000003028507,20.000000015860355,20.000000062816046,20.000000200756553,20.000000542220192,20.000001280171496,20.000002709792547,20.000005242889216,20.000009412218944,20.00001586513956,20.000025347764723,20.00003868196153,20.000056738003007,20.000080405626168,20.000110565838085,20.00014806523867,20.00019369402629,20.00024816830714,20.00031211688498,20.000386072377637,20.00047046628382,20.000565627492936,20.000671783671496,20.0007890649533,20.000917509390206,20.001057069671536,20.001207620683196,20.001368967544277,20.001540853824434,20.00172296970622,20.001914959911144,20.002116431255548,20.002326959742454,20.00254609712874,20.002773376933703,20.00300831987625,20.00325043874422,20.00349924271159,20.003754241128064
-0.11903999999999999,20.0,20.0,20.0,20.0,20.000000000000014,20.00000000000121,20.000000000031932,20.00000000040453,20.000000003067882,20.00000001603057,20.00000006338172,20.000000202294583,20.00000054579586,20.00000128751165,20.000002723420277,20.000005266193405,20.000009449446868,20.000015921315235,20.000025428546426,20.00003879345772,20.00005688656716,20.000080597649156,20.000110807552893,20.000148362548085,20.000194052359834,20.00024859250998,20.000312611138824,20.00038664015153,20.000471110311647,20.00056634977365,20.000672585487926,20.00078994690555,20.000918471439846,20.001058111193323,20.001208740521427,20.001370164071457,20.00154212500032,20.00172431313578,20.001916372900283,20.00211791086378,20.002328502832025,20.00254770040981,20.00277503700546,20.003010033263912,20.003252201932007,20.003501052171814,20.003756093346524
-0.11879999999999999,20.0,20.0,20.0,20.0,20.000000000000018,20.00000000000125,20.000000000032756,20.00000000041281,20.000000003118807,20.000000016250524,20.000000064112264,20.00000020427996,20.000000550409798,20.00000129698034,20.000002740995562,20.000005296242097,20.000009497440963,20.000015993726507,20.000025532662786,20.00003893714609,20.00005707800925,20.000080845074084,20.00011111898586,20.000148745588547,20.000194513997382,20.00024913898143,20.000313247826437,20.000387371519793,20.000471939878345,20.000567280110246,20.000673618243855,20.000791082851247,20.000919710523704,20.00105945260828,20.001210182777577,20.001371705071577,20.00154376211592,20.0017260432817,20.001918192606453,20.002119816343058,20.002330490043395,20.002549765116576,20.002777174828164,20.003012239727965,20.003254472510147,20.003503382321533,20.003758478542764
-0.11855999999999998,20.0,20.0,20.0,20.0,20.000000000000018,20.000000000001304,20.000000000033776,20.000000000423018,20.000000003181484,20.000000016520985,20.000000065009857,20.00000020671785,20.00000055607271,20.000001308597344,20.000002762551837,20.000005333087852,20.00000955627902,20.000016082482944,20.000025660261844,20.00003911321972,20.000057312573624,20.00008114820233,20.000111500500484,20.000149214790046,20.000195079439024,20.000249808294484,20.00031402759576,20.00038826720656,20.00047295578482,20.000568419380322,20.000674882892888,20.0007924738188,20.000921227743323,20.001061095089035,20.00121194869295,20.001373591851948,20.00154576654163,20.001728161574395,20.001920420516882,20.002122149234093,20.002332922967412,20.002552292886634,20.00277979208277,20.00301494098937,20.003257252236274,20.003506234951793,20.003761398538067
-0.11832,20.0,20.0,20.0,20.0,20.000000000000018,20.000000000001364,20.000000000034998,20.0000000004352,20.000000003256165,20.00000001684284,20.00000006607704,20.0000002096143,20.000000562797005,20.000001322385472,20.000002788127397,20.000005376790444,20.000009626048968,20.00001618770762,20.00002581150885,20.000039321892856,20.000057590529885,20.000081507364587,20.000111952493523,20.00014977061957,20.00019574922528,20.000250601065652,20.0003149511409,20.000389327984415,20.00047415888225,20.00056976851313,20.000676380441266,20.000794120889854,20.000923024253698,20.001063039861528,20.001214039561734,20.00137582577204,20.001548139699068,20.001730669494332,20.001923058167492,20.002124911124827,20.002335803240534,20.002555285401474,20.002782890492345,20.00301813880935,20.00326054290642,20.00350961189017,20.00376485518835
-0.11807999999999999,20.0,20.0,20.0,20.0,20.000000000000018,20.000000000001435,20.000000000036422,20.000000000449415,20.00000000334314,20.000000017217136,20.000000067316762,20.000000212976243,20.000000570596857,20.000001338370602,20.00000281776546,20.00000542741699,20.00000970684898,20.000016309537227,20.000025986586422,20.000039563401103,20.000057912173094,20.000081922921087,20.000112475395255,20.000150413581363,20.000196523937372,20.000251517955213,20.000316019202444,20.00039055467465,20.00047555007234,20.000571328489848,20.00067811194812,20.000796025199467,20.000925101263434,20.001065288205158,20.001216456731097,20.001378408243568,20.001550883061107,20.001733568572032,20.00192610714289,20.002128103650335,20.00233913254472,20.00255874438635,20.0027864718219,20.003021834989205,20.0032643463548,20.003513515000485,20.00376885038387
-0.11783999999999999,20.0,20.0,20.0,20.0,20.00000000000002,20.000000000001517,20.000000000038064,20.000000000465725,20.00000000344273,20.000000017645053,20.000000068732366,20.000000216811515,20.000000579488205,20.00000135658172,20.000002851514218,20.000005485042,20.0000097987876,20.00001644812225,20.00002618569475,20.00003983800163,20.000058277824007,20.00008239526187,20.000113069669727,20.00015114421721,20.000197404197507,20.00025255966753,20.00031723256771,20.000391948147545,20.000477130307587,20.000573100343797,20.00068007852565,20.00079818793634,20.00092746003492,20.001067841452922,20.00121920160131,20.001381340730568,20.001553998151905,20.00173686038808,20.001929569076324,20.00213172849279,20.002342912607322,20.002562671610136,20.002790537878223,20.003026031370123,20.003268664453564,20.003517946182562,20.003773386048923
-0.1176,20.0,20.0,20.0,20.0,20.00000000000002,20.00000000000161,20.000000000039933,20.000000000484214,20.000000003555314,20.00000001812793,20.000000070327594,20.000000221128875,20.0000005894888,20.00000137705098,20.000002889426927,20.0000055497475,20.000009901983862,20.000016603627103,20.000026409051745,20.000040145973397,20.0000586878293,20.00008292480704,20.000113735815056,20.000151963106713,20.00019839066917,20.000253726951318,20.000318592071057,20.000393509322656,20.000478900591546,20.0005750851607,20.00068228133939,20.000800610342985,20.000930101884506,20.00107070099155,20.001222275625846,20.00138462474946,20.00155748654696,20.001740546573117,20.001933445649666,20.00213578738138,20.00234714520101,20.002567068885195,20.002795090509707,20.003030729832943,20.00327349911257,20.00352290737194,20.003778464141554
-0.11735999999999999,20.0,20.0,20.0,20.0,20.000000000000025,20.000000000001716,20.000000000042036,20.000000000504954,20.00000000368131,20.000000018667258,20.000000072106623,20.00000022593802,20.000000600618225,20.00000139981375,20.000002931561976,20.000005621623124,20.000010016567416,20.000016776230304,20.000026656893265,20.000040487617362,20.000059142561835,20.000083512007016,20.000114474363702,20.00015287086761,20.00019948405744,20.000255020599976,20.000320098594187,20.000395239169098,20.00048086197911,20.000577284078954,20.000684721608426,20.000803293715975,20.00093302818269,20.001073868261685,20.00122568031152,20.001388261869167,20.001561349873178,20.001744628807895,20.001937738593398,20.00214028209228,20.002351832143674,20.00257193806728,20.002800131606204,20.003035932298026,20.00327885227919,20.00352840053968,20.003784086653308
-0.11711999999999999,20.0,20.0,20.0,20.0,20.000000000000025,20.000000000001837,20.000000000044384,20.000000000528047,20.00000000382118,20.00000001926468,20.000000074074038,20.000000231249615,20.000000612897946,20.000001424908675,20.000002977982973,20.000005700766266,20.000010142678743,20.00001696612472,20.000026929473414,20.00004086325686,20.000059642421103,20.000084157343096,20.000115285883084,20.000153868156453,20.000200685109757,20.000256441452436,20.000321753067087,20.00039713870658,20.000483015577622,20.0005796982908,20.00068740060668,20.000806239407265,20.00093624035553,20.001077344759338,20.001229417220028,20.001392253712712,20.001565589810525,20.00174910882498,20.001942449688396,20.00214521445047,20.00235697530031,20.00257728105743,20.002805663100993,20.0030416407272,20.0032847259403,20.00353442769435,20.003790255611275
-0.11687999999999998,20.0,20.0,20.0,20.0,20.00000000000003,20.000000000001968,20.000000000047,20.000000000553598,20.000000003975437,20.000000019922005,20.000000076234876,20.00000023707531,20.000000626351355,20.000001452377756,20.000003028758897,20.00000578728225,20.000010280469393,20.000017173517925,20.000027227065008,20.000041273238228,20.00006018783398,20.000084861328347,20.000116170976657,20.00015495566988,20.000201994617395,20.00025799039483,20.000323556469912,20.000399209007515,20.000485362549195,20.000582329044896,20.000690319665665,20.00080944882719,20.00093973988786,20.001081132039346,20.00123348797159,20.00139660196106,20.001570208096076,20.00175398841299,20.001947580770327,20.002150586334295,20.00236257658773,20.002583099806863,20.00281168697578,20.003047857128934,20.003291122127575,20.003540990887455,20.003796973083578
-0.11664,20.0,20.0,20.0,20.0,20.000000000000032,20.000000000002117,20.000000000049887,20.000000000581718,20.000000004144642,20.00000002064122,20.000000078594628,20.000000243427767,20.000000641003833,20.00000148226646,20.00000308396423,20.000005881284576,20.00001043010231,20.00001739863261,20.000027549960105,20.000041717931435,20.000060779255517,20.000085624508564,20.00011713028508,20.00015613414598,20.000203413417015,20.00025966836228,20.000325509834987,20.00040145119923,20.000487904113182,20.00058517764899,20.000693480177436,20.00081292344763,20.000943528326676,20.001085231718957,20.00123789424878,20.001401308357156,20.001575206528265,20.001759269421015,20.001953133734283,20.002156399680306,20.00236863797957,20.002589396322104,20.002818205265985,20.003054583563745,20.00329804292302,20.003548092219074,20.003804241185158
-0.11639999999999999,20.0,20.0,20.0,20.0,20.000000000000036,20.00000000000228,20.000000000053067,20.000000000612534,20.000000004329404,20.000000021424476,20.00000008115925,20.000000250320713,20.0000006568828,20.0000015146238,20.00000314367911,20.000005982895093,20.00001059175212,20.000017641706975,20.000027898470528,20.000042197730746,20.000061417169782,20.0000864474633,20.00011816448738,20.00015740436564,20.00020494239226,20.00026147634069,20.000327614248842,20.00040386646625,20.000490641548673,20.00058824547267,20.000696883597538,20.000816664805214,20.000947607284594,20.00108964548153,20.001242637800427,20.001406374710047,20.00158058697118,20.001764953763164,20.001959110539463,20.002162656488103,20.002375161511296,20.002596172670184,20.002825220066104,20.0030618221497,20.003305490464598,20.003555733843605,20.003812062083597
-0.11615999999999999,20.0,20.0,20.0,20.0,20.00000000000004,20.000000000002466,20.00000000005656,20.000000000646185,20.0000000045304,20.00000002227412,20.00000008393519,20.00000025776895,20.000000674017777,20.000001549502453,20.00000320798948,20.000006092244277,20.000010765605445,20.00001790299517,20.000028272928425,20.000042713055457,20.000062102090705,20.000087330806863,20.000119274302186,20.000158767154016,20.00020658247539,20.000263415368625,20.0003298708543,20.000406456052616,20.000493576197044,20.000591533950164,20.000700531448064,20.000820674504602,20.00095197844332,20.001094375080235,20.00124772044553,20.001411802899018,20.001586351358938,20.001771043423073,20.001965513213932,20.002169358825256,20.002382149285314,20.002603430983882,20.002832733535065,20.003069575067904,20.003313466951848,20.003563917975512,20.003820438004972
-0.11592,20.0,20.0,20.0,20.0,20.000000000000043,20.000000000002665,20.00000000006038,20.000000000682817,20.000000004748347,20.000000023192673,20.000000086929404,20.000000265788408,20.00000069244046,20.00000158695885,20.00000327698728,20.000006209471447,20.00001095186127,20.00001818276775,20.00002867368685,20.00004326435058,20.000062834562986,20.000088275189427,20.000120460489008,20.000160223381968,20.000208334648974,20.000265486539202,20.000332280852625,20.00040922126425,20.000496709464592,20.00059504458318,20.00070442532072,20.00082495422178,20.00095664355722,20.001099422341817,20.00125314407727,20.001417594877793,20.001592501700074,20.001777540458534,20.001972343859393,20.002176508832274,20.002389603476075,20.002611173466995,20.00284074790168,20.003077844568086,20.00332197465159,20.003572646895115,20.003829371239778
-0.11567999999999999,20.0,20.0,20.0,20.0,20.000000000000046,20.00000000000289,20.000000000064553,20.0000000007226,20.000000004984027,20.000000024182867,20.000000090149364,20.00000027439617,20.000000712184786,20.00000162705332,20.000003350770616,20.00000633472505,20.00001115073129,20.000018481312146,20.000029101120372,20.00004385208765,20.000063615163022,20.000089281298127,20.00012172384953,20.00016177396761,20.00021019994763,20.00026769100208,20.000334845505705,20.000412163471406,20.000500042825184,20.00059877894381,20.000708566879997,20.000829505707465,20.000961604456926,20.00110478917047,20.00125891066707,20.001423752678818,20.00159904008202,20.001784447006145,20.001979604656032,20.00218410872762,20.002397526335276,20.00261940239969,20.00284926547011,20.003086632974213,20.003331015903665,20.00358192295446,20.003838864148868
-0.11543999999999999,20.0,20.0,20.0,20.0,20.00000000000005,20.00000000000313,20.000000000069104,20.000000000765702,20.000000005238295,20.00000002524764,20.000000093603095,20.000000283610543,20.00000073328702,20.000001669850192,20.000003429443947,20.000006468162912,20.000011362440283,20.000018798933173,20.00002955562573,20.000044476765503,20.000064444499884,20.000090349858223,20.000123065228998,20.000163419877865,20.000212179459826,20.000270029965478,20.00033756613834,20.000415284111174,20.00050357782302,20.00060273867755,20.00071295786637,20.000834330790553,20.000966863053026,20.001110477551723,20.001265022268715,20.001430278417597,20.00160596867566,20.001791765286068,20.001987297867455,20.002192160812804,20.00240592019711,20.002628120143914,20.002858288625426,20.003095942690152,20.003340593126712,20.003591748583226,20.003848919169457
-0.1152,20.0,20.0,20.0,20.0,20.000000000000057,20.000000000003396,20.000000000074053,20.00000000081232,20.000000005512053,20.00000002639014,20.000000097299186,20.000000293451063,20.000000755785827,20.000001715417962,20.00000351311831,20.000006609952564,20.000011587226535,20.000019135953565,20.000030037622512,20.000045138911123,20.000065323216347,20.000091481634342,20.000124485517627,20.000165162130145,20.00021427432976,20.00027250469828,20.00034044414058,20.00041858469005,20.00050731607546,20.000606925506332,20.00071760009963,20.000839431381667,20.000972421339846,20.00111648955645,20.001271481022574,20.001437174297116,20.00161328973993,20.00179949760681,20.001995425845664,20.002200667477553,20.002414787483584,20.00263732914885,20.00286781983921,20.00310577620543,20.00335070882405,20.003602126294677,20.0038595388212
-0.11495999999999999,20.0,20.0,20.0,20.0,20.00000000000006,20.00000000000369,20.00000000007943,20.00000000086266,20.00000000580629,20.000000027613748,20.00000010124682,20.00000030393858,20.00000077972236,20.000001763829406,20.000003601911516,20.000006760271535,20.000011825342252,20.000019492714543,20.000030547553855,20.000045839080542,20.000066251989953,20.000092677431724,20.000125985652105,20.000167001794015,20.000216485759278,20.00027511653221,20.00034348097012,20.00042206678661,20.000511259275907,20.00061134123169,20.000722495482247,20.00084480947678,20.000978281399288,20.001122827344936,20.001278289159895,20.001444442612335,20.001621005626532,20.00180764637014,20.00200399103613,20.002209631205048,20.002424130709922,20.00264703195648,20.00287786167525,20.00311613610104,20.003361365589605,20.003613058691705,20.003870725712314
-0.11471999999999999,20.0,20.0,20.0,20.0,20.000000000000068,20.00000000000401,20.00000000008527,20.000000000916945,20.00000000612205,20.00000002892208,20.0000001054558,20.0000003150953,20.00000080514037,20.00000181516175,20.000003695948408,20.0000069193077,20.000012077054024,20.00001986957639,20.000031085887233,20.000046577859752,20.000067231534153,20.000093938097567,20.000127566617124,20.000168939993014,20.000218815009916,20.000277866864106,20.000346678154834,20.000425732054254,20.000515409196833,20.000615987737984,20.00072764600287,20.000850467160937,20.00098444540479,20.00112949317107,20.001285449007185,20.001452085754796,20.001629118784738,20.001816214076054,20.002012995982962,20.00221905457724,20.00243395249006,20.002657231207206,20.00288841679529,20.003127025055313,20.003372566113892,20.00362454847294,20.00388248254578
-0.11447999999999998,20.0,20.0,20.0,20.0,20.000000000000075,20.00000000000436,20.0000000000916,20.00000000097541,20.000000006460475,20.000000030319004,20.00000010993658,20.00000032694483,20.00000083208629,20.00000186949684,20.000003795361103,20.000007087259625,20.000012342643313,20.000020266919122,20.000031653115222,20.00004735586572,20.000068262599477,20.000095264522432,20.000129229447033,20.00017097790648,20.000221263404978,20.000280757158244,20.00035003729535,20.00042958222406,20.000519767692854,20.000620866995778,20.000733053739914,20.00085640661206,20.000990915625383,20.001136489386603,20.001292962990714,20.001460106217323,20.00163763176626,20.001825203327872,20.002022443334162,20.00222894028029,20.002444255542198,20.002667929645565,20.00289948796491,20.003138445849924,20.00338431319012,20.003636598438923,20.003894812125623
-0.11424,20.0,20.0,20.0,20.0,20.00000000000008,20.000000000004743,20.00000000009846,20.000000001038327,20.00000000682277,20.000000031808653,20.00000011470028,20.00000033951225,20.000000860609358,20.000001926921303,20.000003900289247,20.00000726433696,20.00001262240696,20.000020685143117,20.000032249756366,20.00004817374739,20.000069345974783,20.00009665764171,20.00013097522751,20.000173116771517,20.000223832331752,20.000283788948792,20.00035356006777,20.000433619107724,20.00052433670394,20.00062598106525,20.000738720865243,20.000862630104912,20.000997694429852,20.001143818445552,20.001300833641118,20.001468506598826,20.001646547230283,20.00183461683742,20.002032335846977,20.002239291110083,20.0024550426945,20.00267913012607,20.002911078059437,20.00315040137593,20.00339660972036,20.003649211498406,20.00390771736326
-0.11399999999999999,20.0,20.0,20.0,20.0,20.000000000000092,20.000000000005162,20.00000000010588,20.00000000110596,20.000000007210232,20.00000003339543,20.000000119758752,20.00000035282419,20.000000890761722,20.000001987526762,20.00000401088032,20.00000745076083,20.00001291665773,20.00002112466985,20.00003287635607,20.00004903218682,20.000070482488585,20.000098118437155,20.000132805097373,20.000175357885038,20.00022652324377,20.000286963842367,20.00035724822644,20.000437844600633,20.000529118258743,20.0006313320998,20.000744649648002,20.00086914001514,20.001004784291034,20.00115148290871,20.00130906359812,20.001477289609234,20.001655867948568,20.001844457430334,20.002042676393387,20.00225010997788,20.00246631689087,20.002690835619106,20.002923190070028,20.003162894639953,20.003409458721823,20.003662390674684,20.00392120128397
-0.11375999999999999,20.0,20.0,20.0,20.0,20.000000000000103,20.00000000000562,20.000000000113914,20.000000001178616,20.00000000762426,20.00000003508404,20.000000125124572,20.000000366908882,20.000000922598577,20.000002051410018,20.000004127289937,20.00000764676428,20.000013225724906,20.00002158594265,20.000033533487553,20.000049931900307,20.00007167301043,20.00009964793853,20.000134720250443,20.000177702605857,20.000229337663235,20.000290283520673,20.00036110360691,20.00044226068505,20.00053411447803,20.000636922349724,20.000750842458558,20.000875938823462,20.001012187790224,20.001159485448284,20.00131765561539,20.00148645807455,20.001665596810717,20.001854728051494,20.002053467965712,20.002261399916048,20.002478081196863,20.002703049216993,20.00293582710982,20.003175928770457,20.00342286333323,20.0036761391121,20.003935267033434
-0.11352,20.0,20.0,20.0,20.0,20.000000000000114,20.00000000000612,20.0000000001226,20.00000000125662,20.000000008066333,20.000000036879488,20.000000130811117,20.000000381796237,20.0000009561783,20.000002118673276,20.000004249682153,20.000007852592724,20.0000135499549,20.00002206942749,20.00003422175284,20.000050873639637,20.000072918452368,20.00010124722531,20.000136721937515,20.00018015235697,20.0002322771835,20.0002937497433,20.000365128128962,20.00044686943342,20.000539327578263,20.000642754166062,20.000757301772587,20.000883029119997,20.00101990762175,20.001167828852687,20.001326612565553,20.001496014942063,20.00167573682955,20.001865431770593,20.002064713682334,20.00227316408399,20.002490338805718,20.00271577414015,20.002948992420222,20.003189507024146,20.003436826821332,20.003690460082606,20.003949917884423
-0.11327999999999999,20.0,20.0,20.0,20.0,20.000000000000124,20.000000000006665,20.000000000131987,20.000000001340315,20.00000000853804,20.000000038787107,20.000000136832575,20.000000397517944,20.00000099156258,20.00000218942437,20.00000437822984,20.000008068504442,20.000013889711912,20.000022575613844,20.000034941783845,20.00005185819338,20.000074219770493,20.00010291742848,20.000138811468446,20.000182708627886,20.000235343471704,20.0002973643506,20.000369323799788,20.000451673011835,20.000544759875325,20.00064883000457,20.000764030175304,20.000890413608747,20.001027946597677,20.001176516031467,20.00133593744531,20.001505963285684,20.00168629114666,20.00187657178786,20.002076416793592,20.00228540577416,20.002503093044538,20.002729013743387,20.002962689377352,20.00320363279249,20.003451352587508,20.003705356992505,20.003965157243552
-0.11303999999999999,20.0,20.0,20.0,20.0,20.00000000000014,20.00000000000726,20.00000000014213,20.000000001430077,20.00000000904109,20.00000004081258,20.000000143204012,20.00000041410754,20.000001028816584,20.000002263777027,20.000004513115037,20.0000082947711,20.000014245378626,20.000023105015597,20.000035694243486,20.000052886388257,20.00007557796658,20.00010465973247,20.00014099021432,20.000185372977086,20.000238538271525,20.00030112926676,20.00037369271732,20.000456673683622,20.000550413788392,20.000655152429882,20.00077103036587,20.000898095112237,20.0010363076527,20.00118555002042,20.001345633380794,20.001516306311473,20.001697263038103,20.001888151439925,20.002088580687808,20.00229812841825,20.002516347380617,20.00274277152238,20.002976921498572,20.003218309608414,20.003466444174553,20.003720833389263,20.003980988658213
-0.11279999999999998,20.0,20.0,20.0,20.0,20.000000000000153,20.00000000000791,20.000000000153083,20.000000001526303,20.000000009577292,20.000000042961943,20.00000014994141,20.000000431600508,20.000001068009123,20.00000234185111,20.000004654529356,20.000008531678304,20.000014617356978,20.000023658172,20.000036479826893,20.000053959090607,20.000076994089813,20.000106475377134,20.000143259609768,20.00018814703463,20.00024186340608,20.000305046502962,20.000378237073708,20.000461873813126,20.00055629184397,20.000661724119787,20.000778305161944,20.000906076576324,20.00104499384917,20.001194933986856,20.001355703633013,20.00152704736331,20.001708655920275,20.00190017420588,20.00210120889751,20.002311335593543,20.00253010542792,20.00275705112027,20.002991692449253,20.003233541153087,20.003482105273566,20.00373689296851,20.003997415823637
-0.11256,20.0,20.0,20.0,20.0,20.000000000000167,20.00000000000862,20.000000000164913,20.000000001629424,20.00000001014859,20.000000045241634,20.000000157061717,20.00000045003438,20.00000110921283,20.000002423772926,20.000004802674408,20.000008779526198,20.000015006068924,20.000024235648695,20.000037299262686,20.00005507720793,20.000078469238616,20.000108365659877,20.000145621155376,20.000191032504894,20.000245320780955,20.000309118160732,20.000382959158955,20.000467275869614,20.000562396680117,20.00066854786974,20.000785857504457,20.000914361075218,20.00105400838236,20.00120467123507,20.001366151603563,20.001538189928787,20.001720473355974,20.00191264371349,20.002114305105806,20.002325031029464,20.002544370953757,20.00277185633444,20.00300700604963,20.003249331262936,20.003498339731042,20.00375353958119,20.00401444259008
-0.11231999999999999,20.0,20.0,20.0,20.0,20.000000000000185,20.00000000000939,20.000000000177682,20.000000001739902,20.000000010757056,20.000000047658492,20.0000001645829,20.000000469448857,20.00000115250433,20.00000250967551,20.000004957762233,20.000009038630093,20.000015411957293,20.000024838038794,20.000038153314307,20.00005624169048,20.000080004562555,20.000110331937883,20.000148076420217,20.00019403116938,20.000248912387324,20.000313346435377,20.000387861364644,20.000472882431314,20.000568731050723,20.000675626597406,20.000793690462395,20.000922951816502,20.001063354585728,20.001214765211824,20.001376980840295,20.001549737645067,20.00173271906043,20.00192556374541,20.002127873152734,20.002339218614036,20.00255914788538,20.00278719112324,20.00302286628162,20.003265683936522,20.003515151555806,20.003770777240565,20.004032072969903
-0.11207999999999999,20.0,20.0,20.0,20.0,20.000000000000206,20.000000000010232,20.00000000019147,20.000000001858236,20.000000011404904,20.00000005021979,20.000000172524,20.000000489885874,20.00000119796444,20.000002599698906,20.000005120015707,20.00000930932098,20.000015835486447,20.000025465963674,20.000039042780962,20.000057453532385,20.00008160126355,20.000112375629417,20.000150627043237,20.000197144888173,20.000252640303472,20.000317733617496,20.000392946185453,20.000478696186885,20.000575297826963,20.00068296334406,20.000801807234122,20.000931852142372,20.001073035932023,20.00122521950735,20.001388195038192,20.001561694299646,20.001745396901953,20.001938938239675,20.00214191703562,20.002353902394113,20.002574440310063,20.002803059605917,20.003039277288636,20.003282603334224,20.003532544918603,20.003788610121674,20.00405031113692
-0.11184,20.0,20.0,20.0,20.0,20.000000000000227,20.000000000011152,20.00000000020635,20.000000001984958,20.000000012094503,20.00000005293326,20.000000180905186,20.00000051138974,20.000001245678316,20.00000269399037,20.000005289668835,20.000009591945908,20.000016277142713,20.000026120073475,20.00003996849813,20.000058713772095,20.00008326059627,20.000114498214106,20.00015327473338,20.000200375599878,20.000256506694438,20.000322282092355,20.00039821621819,20.000484719934093,20.000582099995558,20.000690561272407,20.000810211144778,20.000941065526582,20.001083056029792,20.001236037851392,20.001399798034967,20.001574063825455,20.00175851089657,20.001952771283904,20.002156440902855,20.00236908656873,20.00259025246807,20.002819466055204,20.003056243367805,20.003300093770118,20.003550524143616,20.00380704255256,20.00406916141731
-0.11159999999999999,20.0,20.0,20.0,20.0,20.00000000000025,20.000000000012154,20.000000000222403,20.00000000212064,20.000000012828373,20.000000055807114,20.000000189747805,20.000000534007196,20.000001295735583,20.000002792704628,20.000005466967046,20.000009886868355,20.00001673743482,20.00002680104756,20.000040931338017,20.000060023492814,20.000084983868486,20.000116701233164,20.000156021269625,20.00020372532141,20.000260513811554,20.00032699433908,20.000403674160644,20.00049095657828,20.000589140656835,20.00069842366422,20.00081890564344,20.000950595571133,20.001093418619586,20.001247224108912,20.00141179380626,20.00158685029563,20.001772065202303,20.001967067109128,20.002171449047278,20.00238477548207,20.00260658874517,20.00283641488944,20.0030737689617,20.003318159703344,20.003569093699515,20.00382607900499,20.00408862828006
-0.11135999999999999,20.0,20.0,20.0,20.0,20.000000000000277,20.000000000013245,20.00000000023973,20.000000002265896,20.000000013609203,20.000000058850066,20.00000019907442,20.000000557787533,20.00000134823053,20.00000289600408,20.00000565216751,20.000010194468626,20.000017216894346,20.000027509594982,20.000041932210035,20.00006138382292,20.00008677244141,20.00011898628957,20.000158868500996,20.000207196147755,20.000264663991928,20.000331872929838,20.00040932281038,20.000497409130737,20.00059642302269,20.000706553917837,20.000827894300173,20.000960446002836,20.001104127570038,20.00125878227569,20.00142418646078,20.001600057918136,20.00178606411337,20.001981830083484,20.002186945899417,20.002400973616247,20.002623453665034,20.00285391066457,20.003091858649967,20.003336805729372,20.00358825819038,20.003845724085057,20.00410871632727
-0.11112,20.0,20.0,20.0,20.0,20.000000000000306,20.00000000001444,20.000000000258424,20.000000002421384,20.000000014439863,20.000000062071372,20.000000208908904,20.000000582782693,20.000001403262253,20.000003004059057,20.00000584553946,20.00001051514422,20.00001771607615,20.00002824645496,20.000042972061262,20.000062795936394,20.000088627729983,20.00012135504826,20.000161818346527,20.000210790251717,20.000268959657877,20.000336920528927,20.000415165063473,20.000504080707064,20.00060395041447,20.00071495554561,20.00083718080299,20.0009706206698,20.00111518687386,20.001270716473844,20.001436980235308,20.001613691030276,20.00180051205417,20.001997064705797,20.002202936020602,20.002417685584007,20.00264085188152,20.002871958066017,20.00311051714082,20.003356036571137,20.003608022346498,20.003865982523667,20.00412943028434
-0.11087999999999999,20.0,20.0,20.0,20.0,20.000000000000338,20.000000000015735,20.000000000278597,20.000000002587807,20.00000001532341,20.00000006548084,20.00000021927646,20.000000609047376,20.00000146093483,20.000003117048053,20.000006047364494,20.00001084931022,20.000018235558812,20.00002901239733,20.000044051876884,20.000064261053186,20.000090551203193,20.00012380923623,20.000164872795175,20.000214509883556,20.00027340331628,20.000342139891774,20.00042120391312,20.000510974525337,20.000611726260743,20.0007236321712,20.000846768954673,20.00098112353777,20.00112660064367,20.001283030947135,20.001450179489517,20.00162775409307,20.00181541357321,20.002012775598995,20.00221942409596,20.002434916121263,20.002658788170763,20.002890561900383,20.003129749262346,20.003375857070008,20.00362839101499,20.003886859166848,20.00415077498998
-0.11063999999999999,20.0,20.0,20.0,20.0,20.000000000000373,20.000000000017153,20.000000000300364,20.000000002765923,20.000000016263098,20.000000069088866,20.000000230203693,20.000000636639143,20.000001521357493,20.000003235157983,20.00000625793692,20.00001119739971,20.000018775945072,20.000029808223022,20.000045172680633,20.000065780439606,20.000092544384295,20.00012635064262,20.000168033905688,20.000218357370592,20.000277997557863,20.000347533863877,20.00042744244817,20.00051809390424,20.000619754094966,20.000732587526766,20.00085666266947,20.0009919586863,20.001138373107704,20.001295730056185,20.001463788700708,20.001642251685453,20.001830773336792,20.002028967503353,20.002236414927168,20.002452670079446,20.002677267423124,20.002909727087008,20.003149559953716,20.0033962721766,20.003649369150292,20.003908358965916,20.004172755386108
-0.11039999999999998,20.0,20.0,20.0,20.000000000000004,20.000000000000412,20.000000000018698,20.000000000323844,20.000000002956547,20.000000017262398,20.00000007290647,20.0000002417187,20.000000665618536,20.00000158464482,20.000003358584426,20.00000647756407,20.000011559864134,20.00001933786227,20.000030634764467,20.000046335535192,20.00006735540862,20.000094608851033,20.000128981118756,20.0001713038064,20.000222335116714,20.000282745056367,20.000353105379602,20.000433883851553,20.000525442261026,20.000628037552968,20.00074182544998,20.000866865969638,20.00100313030482,20.001150508605324,20.001308818273493,20.00147781245829,20.00165718849827,20.001846596122576,20.002045645269558,20.002253913425115,20.002470952417685,20.002696294634955,20.002929458649312,20.00316995425613,20.003417286941403,20.00367096180445,20.00393048696746,20.004195376507504
-0.11016,20.0,20.0,20.0,20.000000000000004,20.00000000000046,20.000000000020382,20.000000000349182,20.00000000316054,20.000000018324997,20.000000076945312,20.000000253851088,20.000000696049188,20.000001650916893,20.00000348753188,20.000006706566623,20.000011937173685,20.000019921962743,20.00003149288605,20.00004754154257,20.000068987320184,20.000096746235776,20.00013170257809,20.000174684694933,20.000226445601793,20.000287648567646,20.000358857460885,20.00044053139852,20.000533023109345,20.000636580370326,20.000751349880893,20.00087738298178,20.00101464268846,20.001163011582364,20.001322300178245,20.00149225545812,20.001672569328147,20.001862886812905,20.002062813851584,20.002271924602262,20.00248976819477,20.00271587490014,20.002949761705967,20.003190937303604,20.003438906505192,20.003693174117203,20.003953248303123,20.004218643471347
-0.10991999999999999,20.0,20.0,20.0,20.000000000000004,20.000000000000504,20.000000000022215,20.000000000376517,20.000000003378837,20.00000001945482,20.00000008121775,20.000000266632085,20.000000727997953,20.0000017202995,20.00000362221403,20.000006945278933,20.000012329817697,20.000020528924257,20.00003238348449,20.000048791844478,20.00007067758146,20.00009895822563,20.00013451699609,20.00017817883783,20.000230691381002,20.0002927109286,20.000364793215784,20.000447388454802,20.000540840056914,20.000645386379542,20.00076116485865,20.00088821793305,20.00102650023371,20.001175886586267,20.001336180450952,20.001507122496598,20.001688399071035,20.00187965038791,20.002080478299334,20.002290453564868,20.002509122560912,20.00273601340144,20.002970641461822,20.003212514313553,20.00346113608927,20.00371601130589,20.003976648179194,20.004242561466494
-0.10967999999999999,20.0,20.0,20.0,20.000000000000004,20.000000000000558,20.00000000002422,20.000000000406008,20.00000000361243,20.000000020656046,20.000000085736843,20.000000280094586,20.000000761535013,20.00000179292431,20.000003762853982,20.00000719404935,20.00001273830501,20.000021159450384,20.000033307489222,20.000050087622597,20.00007242764702,20.000101246562448,20.00013742641004,20.000181788570078,20.000235075084007,20.000297935056018,20.0003709158369,20.00045445847456,20.00054889680301,20.00065445950704,20.000771274517934,20.000899375147092,20.001038707433874,20.001189138260994,20.001350463867826,20.001522418464553,20.00170468271565,20.001896891918427,20.002098643751044,20.00230950550493,20.002529020749268,20.002756715401595,20.00299210319864,20.003234690577127,20.003483980985454,20.003739478655113,20.004000691865965,20.00426713574258
-0.10944,20.0,20.0,20.0,20.000000000000004,20.000000000000618,20.000000000026404,20.000000000437826,20.000000003862386,20.000000021933115,20.000000090516412,20.00000029427323,20.000000796734007,20.000001868929058,20.00000390968453,20.00000745324054,20.000013163164315,20.00002181427087,20.000034265862734,20.000051430098875,20.000074239018986,20.000103613042775,20.00014043291873,20.000185516294497,20.000239599414027,20.00030332394524,20.00037722859963,20.000461744998184,20.000557197135773,20.000663803769964,20.00078168308527,20.00091085903981,20.001051268874267,20.001202771341706,20.001365155294945,20.001538148340874,20.001721425336555,20.001914616558604,20.002117315425462,20.002329085691898,20.002549468067215,20.002777986234207,20.003014152265553,20.003257471449313,20.003507446545832,20.003763581506178,20.004025384686894,20.004292371598886
-0.10919999999999999,20.0,20.0,20.0,20.000000000000004,20.000000000000686,20.000000000028784,20.000000000472152,20.00000000412984,20.00000002329074,20.000000095571068,20.00000030920447,20.00000083367216,20.00000194845775,20.00000406294842,20.000007723229782,20.000013604944524,20.00002249414199,20.00003525960087,20.000052820535725,20.00007611324708,20.000106059517716,20.00014353868209,20.000189364481056,20.000244267146766,20.00030888066868,20.00038373486021,20.00046925164988,20.000565744929293,20.00067342327276,20.00079239487506,20.000922674114854,20.001064189227186,20.0012167906492,20.00138025968215,20.0015543171859,20.001738632087054,20.001932829538305,20.002136498613748,20.002349199464142,20.002570469887374,20.00279983129432,20.003036794069303,20.003280862338805,20.00353153817229,20.0037883252463,20.0040507320075,20.00431827437298
-0.10895999999999999,20.0,20.0,20.0,20.000000000000004,20.000000000000757,20.00000000003138,20.00000000050919,20.000000004416016,20.00000002473393,20.000000100916232,20.000000324926656,20.000000872430412,20.00000203166084,20.000004222898575,20.00000800440929,20.000014064215065,20.00002319984686,20.000036289733103,20.000054260236173,20.00007805192862,20.000108587892697,20.00014674592064,20.000193335666008,20.00024908112918,20.00031460837418,20.000390438053643,20.000476982135062,20.000574544140505,20.000683322203518,20.000803414285393,20.00093482495889,20.00107747324663,20.00123120108406,20.00139578205667,20.001570930134502,20.001756308191787,20.001951536155204,20.002156198671106,20.002369852220106,20.002592031638358,20.00282225602879,20.00306003406418,20.003304868697604,20.003556261305786,20.003813715297568,20.00407673922404,20.004344849429128
-0.10872,20.0,20.0,20.0,20.000000000000004,20.00000000000084,20.000000000034213,20.000000000549147,20.00000000472221,20.000000026268008,20.000000106568205,20.0000003414801,20.00000091309353,20.00000211869541,20.000004389798363,20.000008297186476,20.00001454156622,20.000023932195724,20.00003735732273,20.000055750543954,20.00008005670843,20.000111200127126,20.000150056914872,20.000197432450896,20.00025404427808,20.000320510283146,20.00039734169134,20.000484940237538,20.000583598805818,20.000693504830064,20.000814745793583,20.00094731623658,20.001091125762716,20.001246007620562,20.001411727516466,20.001587992388934,20.001774458939025,20.001970741766605,20.002176421008134,20.00239104940923,20.002614158795236,20.00284526592635,20.00308387774174,20.003329496010352,20.00358162141534,20.003839757105638,20.00410341175193,20.004372102146448
-0.10848,20.0,20.0,20.0,20.000000000000004,20.000000000000927,20.000000000037303,20.000000000592255,20.000000005049813,20.000000027898615,20.00000011254419,20.00000035890716,20.00000095575025,20.000002209725366,20.00000456392183,20.000008601984245,20.000015037609383,20.000024692026187,20.000038463467032,20.00005729284353,20.000082129278628,20.00011389823393,20.00015347400445,20.000201657501393,20.00025915957854,20.000326589688523,20.0004044493586,20.00049312981643,20.000592913037508,20.000703975495796,20.000826393951435,20.000960152685284,20.001105151675823,20.001261215300225,20.00142810122328,20.00160550921131,20.00179308967269,20.001990451780955,20.002197171081864,20.002412796522535,20.00263685686974,20.00286886650738,20.003108330620204,20.003354749783398,20.00360762398679,20.003866456128176,20.00413075501392,20.00440003790684
-0.10823999999999999,20.0,20.0,20.0,20.000000000000007,20.000000000001023,20.00000000004067,20.00000000063876,20.000000005400313,20.000000029631746,20.000000118862328,20.00000037725233,20.000001000493405,20.00000230492162,20.000004745553916,20.000008919241257,20.000015552977327,20.00002548020344,20.000039609297396,20.000058888560005,20.000084271378345,20.000116684278982,20.0001569995873,20.000206013545984,20.00026443008215,20.00033284995253,20.00041176471182,20.00050155480285,20.000602491019833,20.000714738615244,20.000838363380225,20.000973339109464,20.001119555950424,20.001276829225123,20.00144490839535,20.001623485915843,20.001812205784056,20.00201067164905,20.00221845438652,20.002435099082938,20.002660131400106,20.00289306331342,20.003133398233576,20.00338063553358,20.003634274511267,20.003893817823048,20.004158774428,20.004428662082663
-0.10799999999999998,20.0,20.0,20.0,20.000000000000007,20.000000000001133,20.000000000044345,20.000000000688928,20.00000000577529,20.000000031473746,20.000000125541746,20.00000039656229,20.000001047420046,20.000002404462265,20.000004934990702,20.00000924941214,20.000016088324415,20.000026297620398,20.000040795979316,20.00006053915899,20.000086484793332,20.000119560380377,20.000160636118512,20.00021050337445,20.00026985890501,20.00033929450417,20.000419291475485,20.00051021919633,20.000612337004885,20.000725798669304,20.00085065876537,20.000986880374775,20.001134343608605,20.001292854550808,20.001462154299837,20.00164192786069,20.00183181270308,20.00203140685492,20.00224027644391,20.002457962635216,20.00268398794069,20.002917861896325,20.003159086120473,20.003407158776728,20.003661578473356,20.003921847636214,20.004187475395046,20.00445798002413
-0.10776,20.0,20.0,20.0,20.000000000000007,20.000000000001254,20.00000000004835,20.00000000074305,20.000000006176442,20.000000033431338,20.000000132602608,20.00000041688601,20.00000109663158,20.000002508532752,20.000005132539602,20.000009592967743,20.000016644326802,20.000027145197805,20.00004202471237,20.00006224614633,20.0000887713554,20.000122528707564,20.00016438610908,20.00021512983616,20.000275449225537,20.0003459268365,20.000427033438857,20.000519127060954,20.00062245530813,20.000737160200217,20.000863284850784,20.001000781401817,20.00114951972325,20.00130929647894,20.001479844244873,20.001660840439513,20.001851915889475,20.002052662906376,20.002262642793546,20.00248139273569,20.002708432051193,20.002943267807183,20.00318539981268,20.00343432501586,20.003689541339035,20.00395055098938,20.004216863286235,20.00448799704651
-0.10751999999999999,20.0,20.0,20.0,20.000000000000007,20.000000000001386,20.000000000052715,20.00000000080143,20.000000006605568,20.000000035511654,20.000000140066145,20.000000438274824,20.000001148233867,20.000002617326057,20.000005338519557,20.0000099503953,20.00001722168256,20.000028023884276,20.000043296730087,20.00006401106777,20.0000911329418,20.00012559148034,20.000168252124453,20.000219895838143,20.000281204282032,20.000352750503644,20.000434994452434,20.000528282521184,20.00063285030363,20.000748827806163,20.00087624643289,20.00101504715957,20.00116508941086,20.00132616024956,20.00149798357129,20.001680229072655,20.00187252082338,20.002074445325228,20.00228555898239,20.002505394941544,20.002733469285623,20.002969286584865,20.00321234482334,20.00346213972911,20.003718168543294,20.00397993326735,20.004246943430143,20.004518718417017
-0.10727999999999999,20.0,20.0,20.0,20.00000000000001,20.00000000000153,20.000000000057476,20.000000000864397,20.00000000706459,20.00000003772223,20.000000147954697,20.00000046078251,20.000001202337387,20.000002731042848,20.00000555326123,20.00001032219862,20.00001782111181,20.00002893465631,20.00004461329977,20.000065835508522,20.00009357147447,20.000128750967725,20.000172236783026,20.000224804343095,20.000287127370157,20.000359769117733,20.000443178424305,20.000537689757657,20.000643526419253,20.00076080613588,20.000889548354632,20.001029682658807,20.001181057824446,20.001343451133387,20.00151657764441,20.00170009919845,20.001893632996186,20.002096759637656,20.002309030554816,20.002529974800403,20.00275910518148,20.002995923744887,20.003239926635537,20.00349060835797,20.003747465478124,20.004009999805795,20.004277721100326,20.004550149342183
-0.10704,20.0,20.0,20.0,20.00000000000001,20.000000000001695,20.000000000062666,20.000000000932314,20.00000000755556,20.000000040071054,20.000000156291783,20.000000484465378,20.000001259057363,20.000002849891708,20.000005777107315,20.00001070889847,20.00001844335716,20.00002987851874,20.000045975722966,20.00006772109368,20.000096088920387,20.000132009488244,20.000176342756237,20.000229858369366,20.00029322184277,20.00036698634856,20.000451589319635,20.000547353006493,20.00065448813581,20.000773099887642,20.000903195504314,20.00104469295081,20.00119743015206,20.00136117443029,20.001535631852388,20.001720456271457,20.001915257908678,20.00211961137226,20.002333063050596,20.002555137848244,20.002785345257635,20.003023184777245,20.003268150700066,20.003519736305087,20.003777437490278,20.00404075588899,20.004309201513006,20.00458229496557
-0.10679999999999999,20.0,20.0,20.0,20.00000000000001,20.000000000001876,20.000000000068326,20.00000000100556,20.000000008080658,20.000000042566562,20.00000016510214,20.000000509382403,20.00000131851398,20.000002974089455,20.000006010412964,20.00001111103313,20.000019089184384,20.00003085650557,20.00004738533643,20.00006966948935,20.000098687292834,20.000135369411282,20.000180572770127,20.000235060992615,20.00029949111173,20.000374405925538,20.000460231162794,20.00055727656159,20.00066573998952,20.000785713811908,20.000917192818413,20.001060083130373,20.001214211620038,20.001379335472677,20.00155515160981,20.00174130576625,20.001937401075043,20.002143006064305,20.00235766200932,20.002580889614023,20.002812195019132,20.003051075151387,20.003297022440616,20.003549528939562,20.003808089886753,20.00407220675545,20.004341389832895,20.004615160373692
-0.10655999999999999,20.0,20.0,20.0,20.000000000000014,20.000000000002075,20.000000000074493,20.000000001084548,20.00000000864221,20.000000045217696,20.00000017441179,20.00000053559534,20.000001380832586,20.00000310386145,20.000006253546232,20.000011529158975,20.00001975938319,20.000031869680893,20.00004884351318,20.000071682403846,20.000101368652725,20.0001388331586,20.00018492960695,20.00024041534761,20.000305938649824,20.000382031639802,20.000469108039614,20.000567464777046,20.00067728657461,20.000798652714106,20.000931545284605,20.001075858339004,20.001231407496395,20.001397939629136,20.00157514236155,20.001762653181505,20.001960068027167,20.002166949260182,20.00238283297509,20.002607235624573,20.002839659962287,20.003079600321527,20.003326547259213,20.00357999160261,20.003839427940587,20.00410435760387,20.00437429117926,20.004648750602254
-0.10631999999999998,20.0,20.0,20.0,20.000000000000014,20.00000000000229,20.00000000008122,20.000000001169717,20.00000000924269,20.000000048033904,20.000000184248126,20.00000056316885,20.000001446143912,20.000003239441938,20.000006506888543,20.000011963851115,20.000020454767967,20.000032919139787,20.000050351663592,20.000073761588915,20.000104135110025,20.000142403205874,20.00018941610688,20.00024592463006,20.000312567992804,20.0003898673464,20.00047822409974,20.000577922069706,20.000689132546075,20.00081192145759,20.00094625794487,20.001092023768265,20.00124902309437,20.001416992308187,20.00159560958673,20.001784504044174,20.001983264319012,20.00219144652203,20.00240858150133,20.002634181409594,20.002867745579888,20.003108765732,20.00335673054181,20.003611129613287,20.00387145689678,20.00413721359923,20.004407910632153,20.00468307064248
-0.10608,20.0,20.0,20.0,20.000000000000018,20.000000000002537,20.000000000088544,20.000000001261544,20.000000009884744,20.00000005102519,20.000000194639938,20.000000592170636,20.000001514584298,20.000003381074386,20.000006770835196,20.000012415704024,20.000021176178613,20.00003400600932,20.000051911236525,20.000075908841065,20.000106988825188,20.00014608208432,20.00019403516981,20.000251592098586,20.000319382741488,20.000397916966545,20.0004875835591,20.000588652921806,20.000701282622465,20.00082552496663,20.000961335898726,20.00110858466321,20.001267063776087,20.001436498962132,20.0016165588028,20.00180686391377,20.002006995531126,20.00221650343244,20.00243491315571,20.0026617325068,20.0028964573665,20.003138576822792,20.003387577663954,20.003642948274347,20.003904181978285,20.004170779878894,20.004442253238693,20.004718125447535
-0.10583999999999999,20.0,20.0,20.0,20.00000000000002,20.000000000002803,20.000000000096527,20.00000000136054,20.000000010571178,20.000000054202125,20.000000205617532,20.00000062267159,20.000001586295937,20.000003529011853,20.000007045795847,20.000012885332207,20.000021924481374,20.000035131449547,20.000053523720517,20.00007812600291,20.0001099320107,20.00014987238238,20.00019878975718,20.000257421076736,20.000326386563945,20.000406184490025,20.000497190702443,20.000599661883697,20.000713741588857,20.000839468229568,20.000976784306566,20.00112554632593,20.001285534956303,20.00145646509106,20.001637995569737,20.00182973838679,20.002031267275253,20.002242125599288,20.002461833525164,20.002689894467142,20.00292580082391,20.003169039035125,20.003419093996573,20.0036754528782,20.003937608392135,20.004205061558917,20.004477324019472,20.00475391993909
-0.10559999999999999,20.0,20.0,20.0,20.00000000000002,20.0000000000031,20.000000000105228,20.00000000146725,20.00000001130498,20.00000005757591,20.000000217212783,20.000000654745925,20.000001661427127,20.00000368351738,20.00000733219508,20.00001337337093,20.00002270056972,20.00003629665459,20.000055190645035,20.000080414964604,20.000112966932686,20.000153776747513,20.00020368289397,20.000263414955104,20.000333583197822,20.000414673977655,20.00050704988603,20.00061095357673,20.000726514299906,20.00085375630209,20.000992608393144,20.00114291411924,20.001304442106306,20.001476896246924,20.001659925494355,20.00185313310123,20.002056085199104,20.002268318660683,20.002489348221065,20.002718672860134,20.00295578146664,20.003200157817194,20.003451284911876,20.003708648712948,20.003971741335636,20.00424006374038,20.00451312797505,20.004790459013897
-0.10536,20.0,20.0,20.0,20.000000000000025,20.00000000000343,20.000000000114706,20.000000001582265,20.000000012089348,20.00000006115837,20.00000022945921,20.00000068847136,20.000001740132525,20.000003844864377,20.000007630472933,20.000013880476924,20.000023505365277,20.000037502853743,20.00005691358179,20.000082777665327,20.000116095912578,20.000157797888047,20.00020871767071,20.00026957719357,20.000340976452737,20.000423389563906,20.000517165540398,20.000622532696227,20.000739605683012,20.000868394310583,20.00100881345115,20.00116069347047,20.001323790757944,20.001497798037803,20.001682354234767,20.00187705374126,20.0020814549912,20.002295088290055,20.00251746288448,20.00274807327936,20.00298640482762,20.00323193862999,20.003484155789344,20.00374254106858,20.004006586002706,20.004275791515855,20.004549670092548,20.004827747550536
-0.10511999999999999,20.0,20.0,20.0,20.00000000000003,20.00000000000379,20.000000000125027,20.00000000170622,20.000000012927668,20.00000006496203,20.000000242392083,20.000000723929254,20.000001822573438,20.000004013337048,20.00000794108551,20.00001440732919,20.000024339818797,20.00003875131266,20.000058694146084,20.00008521609486,20.000119321328878,20.000161938575136,20.00021389724563,20.000275911323637,20.000348570212818,20.00043233545959,20.0005275421733,20.000634404014598,20.000753020741662,20.000883387455698,20.00102540484497,20.001178889875447,20.001343586507783,20.001519176132255,20.00170528750496,20.001901506042028,20.00210738238589,20.002322440201347,20.002546183191598,20.00277810134804,20.003017676463966,20.003264386953266,20.003517712021864,20.003777135243215,20.004042147590287,20.00431224997598,20.004586955352334,20.00486579041621
-0.10487999999999999,20.0,20.0,20.0,20.000000000000032,20.000000000004192,20.00000000013627,20.000000001839787,20.00000001382356,20.000000069000134,20.00000025604849,20.000000761204806,20.000001908918104,20.000004189230832,20.0000082645056,20.0000149546298,20.00002520491117,20.000040043334543,20.000060533998266,20.00008773229523,20.000122645619033,20.000166201644827,20.00021922484693,20.000282420950853,20.000356368439327,20.000441515954734,20.000538184372736,20.00064657238459,20.00076676455887,20.000898741015984,20.00104238801454,20.001197508902546,20.0013638350214,20.001541036263863,20.00172873107955,20.001926495794578,20.002133873168493,20.002350380154354,20.002575514859235,20.002808762724765,20.003049601962864,20.003297508291578,20.003551959021944,20.003812436549524,20.004078431304862,20.00434944421609,20.004624988734815,20.004904592473657
-0.10464,20.0,20.0,20.0,20.000000000000036,20.000000000004633,20.000000000148518,20.000000001983704,20.00000001478087,20.000000073286678,20.000000270467453,20.000000800387213,20.000001999341997,20.000004372852878,20.0000086012233,20.000015523104743,20.00002610165451,20.000041380261493,20.000062434845248,20.000090328362447,20.00012607128134,20.000170590000184,20.000224703775125,20.000289109757414,20.00036437517346,20.000450935421537,20.000549096810136,20.000659042742686,20.000780842300788,20.00091446035173,20.00105976847939,20.001216556196965,20.001384542037858,20.00156338423586,20.00175269079861,20.00195202885094,20.002160933180573,20.002378913960225,20.002605463650518,20.002840063109332,20.003082186947605,20.00333130818051,20.003586902228076,20.00384845032119,20.004115442369127,20.004387379343022,20.00466377522732,20.00494415858813
-0.10439999999999999,20.0,20.0,20.0,20.00000000000004,20.000000000005123,20.00000000016185,20.000000002138744,20.0000000158037,20.000000077836486,20.000000285690014,20.000000841569882,20.000002094028165,20.00000456452251,20.00000895174673,20.00001611350483,20.000027031093246,20.000042763475804,20.000064398442074,20.00009300644831,20.000129600877028,20.00017510661359,20.000230337405537,20.00029598150485,20.000372594539254,20.000460598317524,20.000560284243722,20.000671820112654,20.000795259220485,20.000930550908933,20.001077551842833,20.001236037485118,20.001405713374314,20.001586225926005,20.00177717257276,20.001978111129382,20.002188568325383,20.002408047487055,20.0026360353807,20.002872008248755,20.003115437083743,20.00336579219298,20.0036225471112,20.003885181919546,20.004153186028702,20.004426060481958,20.004703319831098,20.004984493634506
-0.10415999999999999,20.0,20.0,20.0,20.000000000000046,20.00000000000566,20.000000000176367,20.000000002305754,20.00000001689641,20.000000082665217,20.00000030175935,20.000000884850625,20.000002193167546,20.000004764571763,20.000009316602718,20.00001672660663,20.000027994305338,20.00004419440143,20.000066426593612,20.00009576876233,20.00013323703239,20.00017975452911,20.000236129190917,20.000303040036847,20.000381030746624,20.00047050918879,20.000571751521974,20.00068490960927,20.000810020661852,20.00094701822344,20.001095743796334,20.001255958579204,20.001427354930797,20.00160956729154,20.001802182388317,20.002004748619772,20.002216784573445,20.002437786665688,20.002667235923102,20.00290460394337,20.00314935808539,20.003400965945673,20.003658899181307,20.003922636740313,20.004191667559013,20.004465492783417,20.004743627568374,20.00502560250445
-0.10391999999999998,20.0,20.0,20.0,20.000000000000053,20.000000000006256,20.00000000019217,20.000000002485635,20.000000018063655,20.000000087789452,20.000000318720875,20.000000930331883,20.000002296959348,20.0000049733459,20.000009696337578,20.000017363213466,20.000028992403497,20.000045674505472,20.000068521156297,20.000098617573734,20.00013698244106,20.000184536865007,20.000242082664176,20.000310289282265,20.000389688094614,20.000480672673472,20.000583503587315,20.000698316442175,20.000825132063714,20.00096386792527,20.00111435012403,20.001276325381966,20.00144947269518,20.00163341437436,20.00182772631269,20.00203194738917,20.002245587968307,20.002468137495637,20.002699071215233,20.002937856053126,20.003183955721646,20.003436835105656,20.00369596399415,20.003960820220428,20.00423089227226,20.00450568143034,20.00478470348958,20.005067490113724
-0.10368,20.0,20.0,20.0,20.000000000000057,20.000000000006914,20.000000000209372,20.00000000267936,20.000000019310377,20.00000009322672,20.000000336622385,20.000000978120934,20.00000240561141,20.000005191204004,20.000010091517893,20.000018024156446,20.00003002653649,20.000047205299744,20.000070684039994,20.000101555213615,20.000140839866376,20.000189456816393,20.000248201441288,20.000317733258242,20.000398570974735,20.000491093505328,20.000595545479932,20.00071204591997,20.00084059896413,20.000981105743133,20.001133376707458,20.001297143891616,20.00147207274832,20.001657773306377,20.00185381049991,20.00205971358755,20.002274984632447,20.00249910605118,20.002731547265046,20.002971770504,20.00321923582317,20.003473405397077,20.003733747158122,20.003999737845056,20.004270865524525,20.0045466316453,20.004826552680626,20.005110161409558
-0.10343999999999999,20.0,20.0,20.0,20.000000000000064,20.00000000000764,20.00000000022809,20.000000002887962,20.000000020641846,20.00000009899556,20.000000355514146,20.000001028330143,20.000002519340615,20.000005418519557,20.000010502731346,20.000018710295578,20.000031097890535,20.00004878834246,20.000072917209934,20.00010458407712,20.000144812143926,20.000194517657988,20.000254489224336,20.00032537607351,20.00040768387454,20.00050177651755,20.00060788234182,20.000726103454454,20.00085642700486,20.00099873750911,20.001152829530483,20.001318420206967,20.00149516126937,20.00168265031503,20.001880441196352,20.0020880534537,20.002304980773392,20.00253069848763,20.002764670157376,20.003006353294595,20.00325520428893,20.003510682608027,20.003772254341218,20.004039395154678,20.004311592722964,20.004588348697805,20.00486918027031,20.00515362137812
-0.10319999999999999,20.0,20.0,20.0,20.000000000000075,20.000000000008438,20.000000000248463,20.000000003112564,20.000000022063677,20.0000001051156,20.000000375449062,20.00000108107723,20.0000026383733,20.00000565568109,20.000010930587607,20.000019422520914,20.000032207690737,20.000050425239966,20.000075222688782,20.000107706625844,20.00014890218416,20.00019972274708,20.000260949804716,20.000333221931857,20.00041703138133,20.00051272664672,20.000620519420988,20.000740494565083,20.000872621936043,20.001016769163584,20.001172714684408,20.00134016053278,20.001518744541354,20.00170805172903,20.00190762474667,20.00211697332136,20.002335582689973,20.002562921047772,20.00279844606053,20.00304161050287,20.003291867093065,20.003548672597578,20.0038114912782,20.004079797752343,20.004353079333185,20.004630837911733,20.004912591437837,20.005197875052144
-0.10296,20.0,20.0,20.0,20.00000000000008,20.000000000009322,20.000000000270624,20.000000003354366,20.000000023581848,20.000000111607584,20.000000396482804,20.000001136485512,20.00000276294569,20.00000590309283,20.00001137571926,20.000020161753774,20.00003335720261,20.000052117648593,20.000077602558807,20.0001109253903,20.00015311297521,20.00020507552659,20.000267587066507,20.000341275135796,20.000426618186083,20.00052394893701,20.00063346207587,20.00075522488363,20.000889189621116,20.001035206760335,20.00119303837332,20.00136237118528,20.001542828956882,20.001733983984305,20.001935367599927,20.00214647962549,20.002366796778805,20.00259578006851,20.002832881233083,20.003077548293074,20.003329230291953,20.003587381302935,20.003851463777856,20.004120951311055,20.0043953308867,20.004674104672908,20.004956791420458,20.005242927518577
-0.10271999999999999,20.0,20.0,20.0,20.000000000000092,20.000000000010296,20.000000000294737,20.000000003614655,20.000000025202716,20.00000011849348,20.000000418673956,20.000001194684202,20.0000028933044,20.000006161175428,20.000011838782793,20.000020928948036,20.00003454773372,20.000053867276613,20.000080058964144,20.00011424297252,20.000157447585806,20.000210579528336,20.000274404990027,20.00034954009038,20.00043644908759,20.000535448544543,20.00064671578001,20.00077030015908,20.000906136041912,20.001054056471908,20.001213806919644,20.001385058597958,20.001567421024134,20.00176045363015,20.00196367631591,20.00217657890881,20.002398629540966,20.002629281987662,20.002867982030818,20.00311417292284,20.003367300031428,20.003626814746777,20.003892177730457,20.0041628615813,20.004438352988554,20.00471815443678,20.005001785521216,20.005288783926435
-0.10247999999999999,20.0,20.0,20.0,20.000000000000107,20.000000000011372,20.000000000320966,20.000000003894815,20.00000002693307,20.00000012579653,20.00000044208419,20.000001255808705,20.000003029706903,20.00000643036668,20.000012320459614,20.000021725091486,20.000035780635347,20.000055675886284,20.00008259411323,20.000117662048837,20.000161909168387,20.00021623837646,20.00028140765559,20.000358021307278,20.000446528996758,20.000547230742022,20.00066028612688,20.00078572626274,20.000923467304037,20.001073324595186,20.001235026769958,20.001408229327556,20.001592527373063,20.001787467335618,20.00199255757171,20.002207277828486,20.002431087588853,20.002663433351003,20.002903754913902,20.003151490750454,20.00340608255416,20.003666979044752,20.003933639115328,20.004205534398725,20.004482151325057,20.00476299273623,20.005047579116816,20.0053354494947
-0.10224,20.0,20.0,20.0,20.000000000000117,20.00000000001256,20.000000000349495,20.000000004196334,20.00000002878012,20.000000133541317,20.00000046677842,20.000001320000948,20.000003172422055,20.000006711122314,20.000012821457144,20.000022551207234,20.00003705730428,20.00005754529597,20.000085210281274,20.00012118537271,20.000166500962283,20.000222055790925,20.000288599247284,20.00036672340885,20.000456862941,20.000559300923342,20.000674178834778,20.000801509193344,20.000941189642152,20.0010930175569,20.001256704500673,20.001431890059955,20.00161815476143,20.001815031895724,20.00202201816808,20.002238583162672,20.002464177652833,20.002698240819008,20.002940206453736,20.003189508241835,20.00344558420673,20.00370788041261,20.003975854008075,20.0042489756914,20.004526731671138,20.004808625188964,20.005094177665065,20.005382929519776
-0.102,20.0,20.0,20.0,20.000000000000135,20.000000000013866,20.00000000038052,20.000000004520803,20.00000003075157,20.00000014175387,20.000000492824984,20.00000138740966,20.000003321730606,20.000007003916732,20.000013342509796,20.00002340835497,20.000038379184303,20.00005947738192,20.000087909812237,20.000124815776896,20.00017122629603,20.000228035589974,20.000295984055565,20.00037565113077,20.00046745606689,20.00057166460628,20.00068839974952,20.000817655079718,20.00095930942266,20.001113141916264,20.001278846820632,20.001456047612713,20.001644310077314,20.001843154233885,20.00205206503181,20.002270501812813,20.00249790658351,20.00273371116907,20.002977343335132,20.00322823197264,20.003485811441685,20.003749525168242,20.004018828582563,20.004293191481796,20.004572099892247,20.00485505749939,20.005141586706685,20.0054312293773
-0.10175999999999999,20.0,20.0,20.0,20.00000000000015,20.00000000001531,20.000000000414257,20.000000004869936,20.000000032855596,20.000000150461723,20.000000520295803,20.000001458190724,20.000003477925677,20.000007309243696,20.000013884379914,20.000024297632116,20.000039747767605,20.000061474079804,20.000090695120527,20.000128556175248,20.00017608858923,20.000234181691994,20.000303566479047,20.00038480932382,20.00047831364184,20.000584327434055,20.000702954845828,20.000834170182042,20.000977833144773,20.001133704365866,20.00130146057185,20.001480708935627,20.001671000339478,20.001871841402142,20.00208270521578,20.00230304080354,20.00253228135147,20.002769851295117,20.003015172355788,20.00326766862762,20.00352677081678,20.003791919730787,20.004062569109927,20.004338187885658,20.00461826194316,20.004902295457338,20.00518981186398,20.005480354520717
-0.10151999999999999,20.0,20.0,20.0,20.00000000000017,20.0000000000169,20.000000000450942,20.000000005245578,20.000000035100935,20.000000159694018,20.000000549266577,20.000001532507458,20.000003641313292,20.000007627617062,20.000014447858735,20.000025220175033,20.000041164596144,20.000063537386296,20.000093568692737,20.000132409564532,20.000181091354424,20.000240498117382,20.00031135102637,20.000394202955608,20.00048944105576,20.000597295176835,20.000717850228728,20.000851060893076,20.000996767441567,20.00115471173257,20.001324552730196,20.001505881111246,20.001698232697727,20.001901100581318,20.00211394589897,20.00233620728252,20.002567309046963,20.00280666820713,20.003053700425667,20.003307824999876,20.003568468994104,20.003835070619658,20.004107081957493,20.004383971110848,20.004665223866738,20.004950344936717,20.005238858839416,20.0055303104798
-0.10128,20.0,20.0,20.0,20.000000000000192,20.00000000001865,20.00000000049082,20.0000000056497,20.000000037496868,20.000000169481574,20.00000057981697,20.00000161053099,20.000003812212885,20.00000795957155,20.000015033767372,20.000026177160226,20.00004263126311,20.0000656693607,20.000096533089383,20.00013637902627,20.00018623819896,20.000246988990433,20.00031934231801,20.000403837112366,20.00050084382271,20.000610573733297,20.000733092134936,20.000868333739362,20.00101611908102,20.001176170978354,20.00134813040608,20.001531571355372,20.001726014433203,20.001930939081156,20.00214579438642,20.00237000852026,20.002602996879553,20.002844169030663,20.003092934566368,20.003348707990096,20.003610912739198,20.003878984453547,20.00415237358768,20.004430547456153,20.004712991792612,20.00499921189415,20.005288733414183,20.005581102859132
-0.10103999999999999,20.0,20.0,20.0,20.000000000000213,20.000000000020588,20.000000000534175,20.000000006084417,20.000000040053287,20.00000017985699,20.000000612030796,20.000001692440588,20.00000399095787,20.000008305663503,20.000015642957862,20.00002716980563,20.000044149414396,20.000067872126614,20.000099590946693,20.000140467728617,20.000191532826925,20.000253658541247,20.000327545088183,20.00041371700071,20.000512527582565,20.000624169132124,20.000748686934198,20.000885995382426,20.00103589496703,20.001198089201147,20.00137220084508,20.0015577870175,20.001754352958674,20.00196136434042,20.002178258109147,20.002404451909843,20.00263935217773,20.002882361006286,20.003132881910467,20.00339032460575,20.003654108920145,20.003923667949383,20.004198450556842,20.004477923310034,20.00476157193589,20.005048902367584,20.00533944144671,20.00563273733658
-0.10079999999999999,20.0,20.0,20.0,20.00000000000024,20.000000000022716,20.000000000581302,20.00000000655201,20.000000042780716,20.000000190854752,20.00000064599624,20.000001778424036,20.000004177896205,20.000008666471714,20.000016276314188,20.000028199371886,20.0000457207501,20.000070147873586,20.000102744978438,20.000144678928255,20.000196979041075,20.00026051110766,20.00033596418667,20.000423847949445,20.000524498102678,20.000638087533524,20.000764641130665,20.000904052619948,20.0010561021404,20.001220473635627,20.001396771428574,20.00158453558125,20.001783255818758,20.00199238392695,20.002211344624044,20.00243954496669,20.00267638238846,20.002921251489013,20.003173549700765,20.00343268196025,20.003698064506573,20.003969127921263,20.00424531951412,20.00452610514936,20.00481097059577,20.005099422474817,20.005390988871167,20.005685219661704
-0.10056,20.0,20.0,20.0,20.00000000000027,20.000000000025064,20.000000000632518,20.000000007054922,20.000000045690363,20.000000202511334,20.000000681806075,20.00000186867801,20.000004373390986,20.000009042598247,20.00001693475339,20.000029267163672,20.000047347026076,20.00007249885885,20.000105997977766,20.000149015972333,20.000202580744787,20.000267551137163,20.000344604580736,20.000434235411312,20.000536761279534,20.000652335230747,20.000780961364217,20.000922512386925,20.001076747779805,20.001243331653985,20.00142184967429,20.001611824664757,20.001812730690126,20.00202400553768,20.002245061613717,20.002475295328207,20.002714095076733,20.00296084794769,20.00321494528955,20.00347578727203,20.003742786568672,20.004015371279316,20.00429298720019,20.004575099538098,20.004861194154163,20.005150778412062,20.005443381695905,20.005738555654155
-0.10031999999999999,20.0,20.0,20.0,20.000000000000306,20.000000000027654,20.000000000688182,20.000000007595766,20.000000048794156,20.000000214865295,20.00000071955788,20.000001963408483,20.000004577821056,20.000009434669295,20.000017619226668,20.000030374531068,20.0000490300555,20.000074927409088,20.000109352819088,20.000153482300426,20.00020834194405,20.000274783188896,20.00035347135698,20.0004448849648,20.000549323140397,20.00066691865157,20.000797654411784,20.000941381756785,20.001097839202732,20.00126667076668,20.001447443236874,20.001639662021,20.00184278538167,20.00205623699861,20.002279416886285,20.002511710753428,20.002752497925016,20.00300115796429,20.003257076137793,20.003519647863666,20.003788282276133,20.00406240502857,20.00434146044602,20.004624913125955,20.004912249074245,20.005202976452413,20.005496626001893,20.005792751202048
-0.10007999999999999,20.0,20.0,20.0,20.000000000000345,20.000000000030507,20.000000000748663,20.000000008177352,20.00000005210478,20.000000227957408,20.000000759354293,20.000002062831143,20.000004791581652,20.000009843336088,20.000018330720533,20.00003152287094,20.000050771710495,20.000077435922204,20.00011281245999,20.00015808144649,20.000214266749456,20.000282211935573,20.00036256972327,20.000455802315912,20.000562189844956,20.000681844359775,20.000814727188637,20.000960667942515,20.00111938386637,20.001290498623128,20.00147355990837,20.001668055538126,20.001873427834585,20.002089086264732,20.002314418375132,20.00254879912261,20.00279159873269,20.003042189233234,20.003299949814263,20.00356427116083,20.003834558897044,20.00411023626771,20.00439074617156,20.004675552646987,20.004964141898995,20.005256022944305,20.005550727941095,20.00584781226026
-0.09983999999999998,20.0,20.0,20.0,20.000000000000387,20.000000000033648,20.00000000081438,20.0000000088027,20.00000005563575,20.00000024183078,20.000000801303237,20.00000216717181,20.000005015085062,20.000010269275787,20.000019070257988,20.000032713628386,20.00005257392376,20.000080026869135,20.00011637994317,20.000162817040888,20.000220359378215,20.000289842165483,20.000371905010596,20.000466993299963,20.00057536768696,20.000697119056607,20.00083218674968,20.00098037829771,20.001141389368502,20.00131482301238,20.0015002076187,20.0016970132397,20.00190466612248,20.002122561419917,20.00235007413861,20.002586568436747,20.00283140541543,20.003083949560594,20.003343573994655,20.003609664691304,20.003881623796737,20.004158872187855,20.004440851384388,20.004727024918157,20.005016879249652,20.00530992430992,20.005605693734815,20.005903744848755
-0.0996,20.0,20.0,20.0,20.000000000000433,20.000000000037108,20.00000000088578,20.00000000947504,20.000000059401422,20.00000025653098,20.000000845518205,20.0000022766669,20.00000524876131,20.000010713192445,20.00001983889975,20.00003394829819,20.000054438690277,20.000082702795726,20.000120058398398,20.000167692812415,20.000226624156184,20.000297678784474,20.000381482675007,20.000478463883322,20.000588863095818,20.00071274958222,20.00085004029067,20.001000520317636,20.001163863448323,20.00133965186372,20.001527394436057,20.001726543284917,20.00193650845135,20.00215667067674,20.00238639235969,20.002625026817075,20.002871926004527,20.00312644686328,20.00338795646061,20.00365583608388,20.003929484436615,20.004208320071232,20.004491783178313,20.00477933683785,20.005070467824176,20.005364687043553,20.005661529672,20.005960555050795
-0.09935999999999999,20.0,20.0,20.0,20.000000000000487,20.00000000004092,20.00000000096334,20.00000001019784,20.000000063417094,20.000000272106174,20.000000892118518,20.000002391563882,20.000005493058847,20.000011175817978,20.000020637745482,20.000035228426324,20.000056368069007,20.000085466324595,20.00012385104453,20.000172712590338,20.000233065519925,20.000305726817945,20.000391308299484,20.000490220165215,20.000602682638224,20.00072874291709,20.00086829514945,20.001021101640227,20.001186813987236,20.00136499324728,20.001555128567286,20.001756653968766,20.001968963159555,20.002191422376242,20.002423381345544,20.002664182504468,20.002913168646145,20.003169689168157,20.00343310509871,20.003702793067216,20.003978148372866,20.004258587289833,20.004543548731927,20.00483249538434,20.005124914395626,20.00542031770994,20.00571824210752,20.006018249011174
-0.09911999999999999,20.0,20.0,20.0,20.000000000000547,20.00000000004512,20.000000001047585,20.00000001097482,20.000000067699016,20.00000028860725,20.000000941229615,20.000002512121767,20.00000574844532,20.00001165791317,20.000021467935085,20.000036555611484,20.000058364184643,20.00008832015705,20.00012776119151,20.000177880306467,20.00023968801875,20.00031399141285,20.000401387595844,20.00050226837945,20.000616833019727,20.000745106183413,20.00088695880714,20.001042130047058,20.001210249009613,20.001390855374535,20.001583418358205,20.001787353722126,20.002002038717738,20.002226824987662,20.0024610495271,20.002704043858834,20.00295514160055,20.003213684611122,20.00347902789941,20.00375054346865,20.004027623255183,20.00430968130401,20.00459615530712,20.004886507614213,20.005180225810516,20.005476822942533,20.005775837460355,20.006076832934387
-0.09888,20.0,20.0,20.0,20.000000000000615,20.000000000049745,20.000000001139085,20.000000011809963,20.00000007226448,20.000000306088005,20.000000992983345,20.000002638611615,20.0000060154083,20.00001216026872,20.000022330650015,20.000037931506668,20.00006042922941,20.000091267075046,20.000131792242417,20.00018319999725,20.000246496316805,20.000322477839685,20.00041172640663,20.000514614896165,20.000631321086303,20.000761846646462,20.000906038889273,20.00106361346428,20.001234176683486,20.00141724659881,20.001612272293848,20.00181865111183,20.002035743728648,20.002262887108074,20.002499405458487,20.002744619358403,20.002997853241247,20.003258441436085,20.003525732955893,20.00379909521297,20.004077916825405,20.00436160966101,20.0046496102475,20.00494138066074,20.005236408987106,20.00553420944174,20.00583432221182,20.006136313082756
-0.09863999999999999,20.0,20.0,20.0,20.000000000000693,20.000000000054836,20.000000001238455,20.000000012707545,20.000000077131883,20.000000324605256,20.000001047518282,20.000002771317064,20.000006294456075,20.0000126837063,20.000023227114617,20.000039357820768,20.000062565464862,20.000094309943137,20.000135947695558,20.000188675805873,20.00025349519515,20.00033119149452,20.000422330706993,20.000527266223564,20.00064615382588,20.00077897171592,20.00092554316692,20.00108555996349,20.00125860532121,20.001444175415696,20.00164169899869,20.001850554840654,20.002070086926953,20.002299617461997,20.002538457816488,20.002785917598974,20.003041312054062,20.003303967993936,20.0035732284629,20.003848456321055,20.004129036916076,20.00441437999346,20.004703920976823,20.004997121732185,20.005293470913642,20.005592483973114,20.005893702903652,20.00619669577452
-0.09839999999999999,20.0,20.0,20.0,20.000000000000778,20.000000000060442,20.000000001346354,20.00000001367215,20.000000082320767,20.000000344219043,20.000001104980047,20.000002910534857,20.000006586118463,20.00001322907965,20.00002415859754,20.00004083632022,20.000064775223752,20.000097451710516,20.000140231146535,20.000194311984377,20.000260689553834,20.000340137900988,20.000433206606573,20.000540229009605,20.000661338369866,20.000796488947184,20.00094547955776,20.001107977762587,20.00128354338006,20.001471650463433,20.001671707236785,20.001883073747244,20.00210507717895,20.00233702490092,20.00257821539985,20.002827947293092,20.00308552663617,20.003350272741407,20.00362152271548,20.003898634908555,20.004180991448987,20.004468000017788,20.004759094997304,20.00505373811007,20.00535141864658,20.00565165336548,20.005953986136138,20.00625798738187
-0.09816,20.0,20.0,20.0,20.000000000000874,20.00000000006661,20.00000000146351,20.000000014708686,20.000000087851927,20.000000364992776,20.00000116552165,20.000003056575427,20.000006890947656,20.000013797275727,20.000025126413124,20.000042368830684,20.000067060911906,20.000100695413014,20.000144646290384,20.000200112895804,20.000268084414014,20.00034932271227,20.00044436035134,20.000553510043705,20.000676881994625,20.00081440604263,20.000965856127088,20.001130875226554,20.0013089994628,20.001499680523203,20.001702305911852,20.001916216805974,20.002140723482214,20.002375118402757,20.002618687128578,20.002870717269158,20.003130505695058,20.00339736423989,20.003670624107645,20.003949639184427,20.004233788433638,20.004522477532607,20.004815139887928,20.0051112371474,20.0054102593087,20.005711724509034,20.006015178566138,20.00632019432896
-0.09792,20.0,20.0,20.0,20.00000000000098,20.000000000073403,20.000000001590696,20.000000015822415,20.00000009374745,20.000000386993428,20.000001229303834,20.00000320976348,20.00000720951908,20.00001438921586,20.000026131922873,20.00004395723875,20.000069425010146,20.00010404417519,20.0001491969237,20.000206083016344,20.000275684920027,20.00035875171312,20.00045579832547,20.00056711625839,20.000692792122926,20.00083273085281,20.000986681088825,20.001154260868184,20.001334982318145,20.00152827451941,20.00173350406729,20.001949993126754,20.002177034965197,20.00241390707124,20.002659882043144,20.002914236470467,20.003176258047382,20.003445251154176,20.003720541131013,20.004001477449446,20.00428743596562,20.004577820417,20.00487206330265,20.0051696262668,20.00547000008723,20.005772704353394,20.006077286905068,20.00638332308987
-0.09767999999999999,20.0,20.0,20.0,20.0000000000011,20.000000000080878,20.000000001728765,20.000000017018976,20.00000010003082,20.000000410291715,20.000001296495462,20.000003370438595,20.00000754243229,20.000015005856948,20.000027176536943,20.00004560349368,20.00007187007624,20.00010750121239,20.00015388694681,20.00021222693749,20.00028349634151,20.000368430821823,20.000467527053132,20.000581054730926,20.00070907632535,20.00085147137766,20.001007962806437,20.001178143348778,20.001361500841213,20.001557441519825,20.00176531088613,20.001984411954755,20.002214020886747,20.002453400135234,20.00270180930361,20.00295851395418,20.00322279261781,20.003493942251126,20.003771282373343,20.004054158094636,20.004341942224954,20.00463403662878,20.004929872968575,20.005228912958614,20.005530648231847,20.00583459990556,20.006140317916874,20.006447380186504
-0.09743999999999998,20.0,20.0,20.000000000000004,20.000000000001236,20.000000000089106,20.000000001878625,20.000000018304405,20.000000106726997,20.000000434962317,20.000001367273878,20.00000353895587,20.0000078903119,20.000015648192697,20.00002826171567,20.000047309609215,20.00007439874689,20.000111069832894,20.00015872036592,20.000218549368196,20.000291524075486,20.000378366092193,20.000479553200336,20.000595332684927,20.000725742321688,20.000870635767612,20.001029709793794,20.00120253147874,20.001388564073867,20.001587190735748,20.001797735690918,20.002019482670047,20.00225169063552,20.00249360694798,20.0027444781887,20.003003558890192,20.003270118437733,20.00354344639828,20.003822856517008,20.004107689599632,20.004397315474368,20.004691134202655,20.00498857668407,20.005289104778967,20.005592211052704,20.00589741822787,20.006204278415904,20.006512372186446
-0.0972,20.0,20.0,20.000000000000004,20.00000000000139,20.000000000098158,20.00000000204127,20.000000019685174,20.00000011386249,20.000000461084063,20.000001441825326,20.000003715686567,20.00000825380853,20.000016317254882,20.000029388971132,20.000049077665363,20.000077013739734,20.000114753440045,20.000163701295364,20.000225055137115,20.00029977364851,20.000388563715557,20.000491883576743,20.000609957491992,20.000742797982312,20.00089023232475,20.0010519307161,20.001227434218244,20.001416181205137,20.001617531522115,20.001830787943614,20.002055214787305,20.002290053729503,20.00253453698639,20.002787898094894,20.00304938056011,20.003318244644085,20.003593772562517,20.00387527233755,20.004162080531128,20.004453564057638,20.004749121248516,20.00504818231694,20.005350209347874,20.005654695918484,20.00596116643605,20.00626917526493,20.00657830570096
-0.09695999999999999,20.0,20.0,20.000000000000004,20.00000000000156,20.000000000108116,20.000000002217767,20.000000021168212,20.000000121465476,20.000000488740163,20.000001520345357,20.000003901018818,20.00000863359983,20.0000170141147,20.00003055986882,20.000050909810383,20.000079717855556,20.000118555534605,20.000168833960018,20.000231749195027,20.000308250719076,20.000399030023114,20.00050452513787,20.000624936673734,20.000760251330057,20.000910269504462,20.001074634391294,20.001252860678438,20.0014443615722,20.001648473378328,20.001864477246208,20.002091617956214,20.002329119816203,20.002576199851095,20.002832078536375,20.003095988357025,20.003367180478993,20.003644929809607,20.003928538703132,20.00421733954225,20.004510696398878,20.004808005950647,20.00510869780362,20.005412234348373,20.005718110255494,20.00602585169824,20.006335015374155,20.00664518738397
-0.09671999999999999,20.0,20.0,20.000000000000004,20.00000000000175,20.00000000011907,20.000000002409276,20.000000022760933,20.00000012956587,20.000000518018442,20.000001603039298,20.000004095358335,20.000009030391514,20.000017739884164,20.000031776029356,20.000052808262787,20.00008251398052,20.000122479717174,20.00017412269783,20.00023863661742,20.000316961080177,20.00040977148839,20.00051748498746,20.000640277903987,20.00077811054222,20.000930755917285,20.001097829791735,20.0012788201229,20.001473114661632,20.00168002594928,20.001898813341572,20.00212870196215,20.002368898673215,20.002618605266864,20.002877029145242,20.00314339178562,20.0034169352898,20.003696927304123,20.003982664574355,20.004273475372276,20.004568721002222,20.004867796567346,20.00517013114872,20.005475187526045,20.005782461547135,20.006091481234446,20.006401805700644,20.00671302393147
-0.09648,20.0,20.0,20.000000000000004,20.000000000001965,20.000000000131116,20.000000002617053,20.00000002447128,20.000000138195457,20.000000549011585,20.000001690122684,20.00000429912917,20.00000944491846,20.00001849571753,20.000033039130294,20.000054775313416,20.000085405088495,20.000126529690682,20.00017957196242,20.000245722607108,20.000325910661882,20.000420794729738,20.00053077037985,20.000655989011037,20.000796383952636,20.000951700330734,20.00112152604581,20.001305321969056,20.00150245011065,20.001712199026407,20.00193380611432,20.002166476726877,20.00240940020871,20.002661763082923,20.002922759671748,20.003191600462284,20.003467518529014,20.00374977430931,20.004037659004048,20.004330496846368,20.00462764645145,20.0049285014305,20.005232490424557,20.005539076688493,20.005847757333363,20.006158062315972,20.006469553247715,20.006781822080896
-0.09623999999999999,20.0,20.0,20.000000000000004,20.000000000002203,20.000000000144368,20.00000000284245,20.000000026307763,20.00000014738799,20.0000005818174,20.000001781821776,20.000004512774503,20.000009877945843,20.000019282812808,20.000034350907924,20.000056813327586,20.000088394243427,20.00013070926293,20.000185186325698,20.000253012496888,20.000335105533974,20.000432106512896,20.00054438872238,20.000672077979857,20.000815080053712,20.00097311167119,20.0011457324396,20.00133237578964,20.001532377708333,20.001745002548713,20.00196946559163,20.00220495230918,20.002450634461923,20.002705683273305,20.00296927998448,20.003240624115154,20.00351893975429,20.003803480186942,20.004093531137023,20.00438841287524,20.004687481409608,20.00499012894514,20.005295783770674,20.005603909704814,20.00591400521012,20.00622560226482,20.00653826506433,20.006851588610488
-0.09599999999999999,20.0,20.0,20.000000000000004,20.000000000002473,20.000000000158934,20.00000000308694,20.000000028279477,20.00000015717931,20.000000616539072,20.00000187837404,20.000004736757447,20.000010330270282,20.000020102413277,20.00003571315917,20.00005892474725,20.000091484601747,20.000135022349166,20.000190970480553,20.000260511752234,20.00034455190859,20.000443713753537,20.000558347577808,20.000688552954355,20.00083420749848,20.00099499902571,20.001170458418496,20.0013599913141,20.001562907396824,20.001778446603776,20.00200580194407,20.002244138905507,20.00249261160363,20.00275037593716,20.00301660007055,20.003290472584172,20.003571208628344,20.003858054397153,20.00415029020983,20.00444723245483,20.004748234618614,20.00505268758899,20.00536001939331,20.005669694505045,20.00598121282873,20.006294108453066,20.00660794824444,20.006922330338647
-0.09576,20.0,20.0,20.000000000000007,20.000000000002775,20.000000000174953,20.0000000033521,20.000000030396166,20.000000167607467,20.000000653285465,20.000001980028685,20.000004971561896,20.000010802721068,20.00002095580908,20.000037127743518,20.00006111209325,20.000094679414854,20.000139472974723,20.000196929243558,20.000268225974043,20.000354256142913,20.000455623519834,20.00057265466676,20.000705422239648,20.000853775102684,20.00101737164391,20.001195713588853,20.001388178430005,20.00159404927254,20.00181254142873,20.002042825486395,20.002284046850573,20.002535341936564,20.00279585129904,20.003064730035703,20.003341155821104,20.00362433491886,20.003913506498233,20.004207945550444,20.00450696466592,20.004809914898814,20.005116185911973,20.005425205564894,20.005736439079588,20.006049387895317,20.006363588302236,20.006678609926347,20.006994054123247
-0.09552,20.0,20.0,20.000000000000007,20.000000000003112,20.00000000019256,20.00000000363965,20.000000032668254,20.00000017871286,20.00000069217141,20.00000208704722,20.00000521769341,20.00001129616141,20.000021844338846,20.000038596584993,20.000063377967592,20.000097982031637,20.00014406527771,20.000203067557756,20.000276160901393,20.00036422474189,20.00046784303509,20.000587317870185,20.00072269430432,20.000873791846825,20.0010402389398,20.001221507719602,20.001416947184463,20.00162581358736,20.001847297411256,20.002080546678304,20.002324686617957,20.002578835895868,20.002842119709147,20.003113680104466,20.00339268388952,20.003678328498363,20.003969846146397,20.00426650657798,20.004567618673775,20.004872531148536,20.005180632535698,20.00549135062344,20.005804151478603,20.006118538170153,20.006434049282642,20.006750257292012,20.007066766860966
-0.09527999999999999,20.0,20.0,20.000000000000007,20.00000000000349,20.000000000211916,20.00000000395144,20.000000035106897,20.000000190538366,20.000000733318025,20.00000219970403,20.00000547568011,20.00001181148972,20.000022769391364,20.000040121674218,20.00006572505581,20.00010139590106,20.00014880351173,20.00020939049545,20.000284322414373,20.000374464360988,20.00048037968038,20.00060234523182,20.000740377782716,20.000894266878245,20.00106361049363,20.00124785074388,20.001446307785496,20.001658210749763,20.001882725090518,20.002118976125203,20.00236606882066,20.002623104049444,20.002889191643582,20.003163460620225,20.00344506696475,20.003733199344065,20.00402708309555,20.004325982802342,20.004629203727696,20.00493609234359,20.005246036152915,20.005558462972015,20.005872839811403,20.006188671467015,20.00650549891271,20.006822897566376,20.00714047548654
-0.09503999999999999,20.0,20.0,20.000000000000007,20.00000000000391,20.000000000233186,20.000000004289475,20.000000037724025,20.0000002031295,20.00000077685304,20.000002318286956,20.000005746073647,20.000012349640954,20.000023732407335,20.000041705070497,20.00006815612935,20.000104924574796,20.000153692048702,20.000215903261086,20.000292716536926,20.000384981808967,20.00049324099718,20.000617744960692,20.00075848147725,20.000915209513206,20.001087496053746,20.001274752760622,20.001476270603426,20.00169125132602,20.001918835158097,20.002158124578937,20.00240820421165,20.002668157098356,20.002937077704544,20.003214082045286,20.003498315333843,20.003788957537687,20.004085227196992,20.004386383823835,20.004691729160587,20.005000607536797,20.00531240552697,20.00562655107808,20.005942512245788,20.006259795652504,20.006577944758266,20.00689653801662,20.007215186972065
-0.0948,20.0,20.0,20.00000000000001,20.000000000004384,20.00000000025656,20.000000004655917,20.0000000405324,20.00000021653455,20.00000082291113,20.00000244309795,20.000006029450176,20.000012911587994,20.000024734881137,20.00004334890398,20.000070674048057,20.000108571709916,20.000158735381667,20.000222611194136,20.000301349439752,20.00039578405071,20.000506434690084,20.000633525433628,20.00077701436067,20.000936629238954,20.001111905538416,20.001302224036177,20.001506846172237,20.00172494604128,20.001955638458924,20.002198002938496,20.00245110368437,20.002714005877134,20.0029857886205,20.0032655549609,20.00355243939544,20.00384561326525,20.004144288399104,20.004447719332802,20.00475520438849,20.005066085857397,20.0053797494912,20.005695623472906,20.006013177007386,20.006331918645344,20.00665139443184,20.00697118595145,20.007290908326244
-0.09455999999999999,20.0,20.0,20.00000000000001,20.000000000004917,20.00000000028224,20.00000000505311,20.000000043545676,20.000000230804762,20.0000008716343,20.000002574453713,20.000006326411366,20.00001349834309,20.00002577836268,20.00004505537785,20.000073281762678,20.000112341071656,20.000163938127702,20.00022951977207,20.000310227443236,20.00040687821006,20.000519968629487,20.000649695197772,20.000795985578414,20.000958535715814,20.00113684903768,20.0013302750059,20.00153804519092,20.001759305780734,20.001993145992145,20.002238622250683,20.002494778273228,20.002760661354117,20.00303533524635,20.0033178900673,20.003607449659665,20.00390317681683,20.00420427674703,20.00450999910917,20.004819638910085,20.005132536510544,20.005448076948326,20.005765688750873,20.006084842378964,20.006405048415676,20.006725855591906,20.007046848720325,20.007367646593597
-0.09431999999999999,20.0,20.0,20.000000000000014,20.00000000000551,20.000000000310447,20.000000005483574,20.000000046778446,20.000000245994503,20.000000923172244,20.000002712686374,20.00000663758549,20.000014110959313,20.000026864459286,20.00004682677063,20.000075982317433,20.000116236536197,20.000169305030862,20.000236634613337,20.000319357020416,20.0004182715727,20.000533850854314,20.000666262973123,20.00081540445089,20.000980938779254,20.001162336815188,20.001358916275713,20.001569878524812,20.00179434159067,20.00203136891202,20.002279993710793,20.002539239154064,20.002808134631714,20.003085728563534,20.003371098183635,20.00366335674798,20.003961658586306,20.00426520238228,20.004573233022025,20.00488504230615,20.005199968776687,20.005517396869813,20.005836755568815,20.0061575166997,20.006479192984298,20.006801335942118,20.00712353371269,20.007445408853705
-0.09408,20.0,20.0,20.000000000000014,20.000000000006175,20.000000000341426,20.000000005950042,20.00000005024632,20.000000262161432,20.000000977682756,20.000002858144214,20.000006963628486,20.00001475053211,20.000027994837644,20.000048665438484,20.00007877885269,20.00012026209355,20.000174840965165,20.000243961480408,20.000328744799987,20.000429971589053,20.000548089574792,20.0006832376551,20.000835280475833,20.001003848441982,20.00118837930999,20.0013881586237,20.00160235720691,20.00183006467957,20.002070318528737,20.00232212866323,20.002584497644577,20.00285643694666,20.003136979680132,20.003425190247942,20.00372017139298,20.004021069071044,20.00432707554237,20.0046374310291,20.00495142423902,20.005268392010954,20.005587718295207,20.005908832645307,20.00623120836447,20.006554360421916,20.00687784323054,20.00720124835717,20.007524202220388
-0.09383999999999999,20.0,20.0,20.000000000000018,20.000000000006917,20.000000000375454,20.00000000645546,20.000000053965987,20.00000027936672,20.000001035332136,20.000003011192394,20.00000730522514,20.000015418200864,20.000029171225822,20.00005057381761,20.000081674607625,20.000124421850476,20.000180550937657,20.000251506282872,20.00033839756936,20.000441985877224,20.000562693175187,20.000700628317077,20.000855623330605,20.001027274896,20.001214987138383,20.001418013001647,20.001635492439163,20.001866486419154,20.002110006309255,20.002365038602118,20.00263056520474,20.00290557967026,20.003189099830916,20.00348017731705,20.0037779044382,20.00408141887158,20.00438990656037,20.004702603176284,20.00501879445201,20.00533781564253,20.005659050331424,20.005981928759926,20.006305925823032,20.006630558848336,20.00695538524883,20.007280000120762,20.00760403384088
-0.09359999999999999,20.0,20.0,20.00000000000002,20.00000000000775,20.000000000412815,20.00000000700301,20.00000005795528,20.00000029767523,20.000001096295627,20.000003172213738,20.000007663090237,20.000016115150537,20.00003039541533,20.000052554426713,20.000084672923006,20.00012872003346,20.000186440091507,20.00025927508058,20.00034832227774,20.000454322225966,20.00057767021662,20.000718444212993,20.00087644287454,20.00105122851469,20.001242171095708,20.001448490536568,20.00166929559376,20.001903618345413,20.002150443878083,20.00240873517188,20.002677453437162,20.002955574308547,20.003242100377395,20.00353607056647,20.003836566837847,20.00414271869125,20.00445370586444,20.00476875959708,20.005087162768778,20.005408249173954,20.005731402152065,20.00605605275249,20.00638167757929,20.00670779643167,20.00703396983141,20.007359796507984,20.007684910894994
-0.09336,20.0,20.0,20.000000000000025,20.000000000008676,20.00000000045383,20.000000007596128,20.000000062233255,20.000000317155727,20.00000116075788,20.000003341609524,20.000008037969813,20.00001684261334,20.00003166926325,20.000054609869505,20.00008777724403,20.00013316099175,20.000192513709177,20.000267274086795,20.000358526039243,20.000466988597665,20.00059302943987,20.000736694779913,20.000897749151285,20.00107571985488,20.00126994215814,20.001479602532253,20.001703778214388,20.001941472159608,20.00219164301807,20.002453230167767,20.002725174087445,20.003006432502474,20.003295992807782,20.003592881290228,20.003896169656535,20.004204979335814,20.004518483977368,20.00483591051202,20.005156539092706,20.005479702180452,20.00580478299663,20.006131213522295,20.006458472190463,20.006786081387485,20.007113604854627,20.007440645060026,20.007766840594247
-0.09312,20.0,20.0,20.00000000000003,20.000000000009717,20.000000000498858,20.000000008238526,20.00000006682028,20.000000337881136,20.000001228913437,20.00000351980034,20.00000843064241,20.0000176018705,20.000032994694426,20.000056742837284,20.000090991123184,20.00013774920047,20.00019877721561,20.000275509671443,20.00036901613605,20.000479993131364,20.00060877976819,20.000755389640634,20.00091955239113,20.001100759658918,20.00129831148448,20.00151136047076,20.001738952017465,20.001980059729267,20.00223361567112,20.0024985355364,20.00277373904449,20.003058166028033,20.003350788736995,20.003650620900704,20.003956724068964,20.00426821171302,20.00458425151603,20.00490406622808,20.005226933406224,20.005552184309177,20.00587920216977,20.006207420027273,20.00653631826622,20.006865421977963,20.00719429823586,20.007522553353866,20.007849830180987
-0.09287999999999999,20.0,20.0,20.000000000000032,20.00000000001088,20.000000000548276,20.000000008934204,20.00000007173812,20.00000035992875,20.000001300967213,20.00000370722695,20.000008841920415,20.00001839425402,20.000034373703702,20.0000589561116,20.00009431822322,20.000142489263766,20.000205236181507,20.00028398836438,20.00037980002162,20.000493344145813,20.00062493031017,20.00077453860629,20.00094186301335,20.001126358856705,20.00132729041792,20.001543776013914,20.001774828893357,20.002019393089128,20.00227637393893,20.002544663376256,20.002823160340792,20.00311078679634,20.003406499906554,20.003709300928403,20.00401824135959,20.004332426832136,20.00465101919083,20.00497323713802,20.005298355770094,20.005625705278483,20.005954669040474,20.006284681283176,20.006615224467858,20.006945826510997,20.007276057932653,20.007605529001374,20.007933886927493
-0.09263999999999999,20.0,20.0,20.000000000000036,20.00000000001218,20.00000000060251,20.000000009687486,20.000000077010018,20.000000383380485,20.000001377135042,20.000003904351196,20.000009272651415,20.000019221148566,20.000035808358263,20.000061252566955,20.000097762320173,20.000147385918034,20.00021189632665,20.0002927168587,20.000390885323892,20.00050705014253,20.00064149036259,20.00079415167896,20.000964691628532,20.00115252856777,20.001356890487806,20.00157686100477,20.00181142090758,20.002059484442075,20.002319930083654,20.0025916259381,20.002873450152666,20.00316430685373,20.003463138184493,20.0037689330217,20.00408073292222,20.00439763580349,20.004718797805143,20.005043433719752,20.0053708163227,20.005700274877118,20.006031193041245,20.006363006362704,20.006695199507384,20.007027303339306,20.007358891941774,20.007689579648382,20.008019018135037
-0.0924,20.0,20.0,20.00000000000004,20.00000000001363,20.00000000066201,20.000000010503022,20.000000082660797,20.00000040832316,20.000001457644228,20.00000411165696,20.000009723719632,20.00002008399337,20.0000373008,20.00006363517357,20.00010132730644,20.000152444035198,20.000218763523257,20.000301702014095,20.00040227984857,20.00052111980892,20.000658469413292,20.00081423905429,20.000988049040927,20.00117928010329,20.001387123411384,20.001610627469063,20.001848740301952,20.00210034616003,20.002364296528565,20.002639435625433,20.002924620800496,20.003218738381737,20.003520715565234,20.00382952894657,20.004144210259625,20.004463849837926,20.004787598254673,20.005114666535622,20.00544432527927,20.00577590296341,20.00610878366724,20.00644240439463,20.006776252146615,20.007109860859494,20.007442808298293,20.007774712973745,20.00810523113297
-0.09215999999999999,20.0,20.0,20.000000000000046,20.000000000015255,20.000000000727283,20.00000001138585,20.000000088716977,20.000000434848765,20.000001542734097,20.00000432965114,20.000010196047377,20.000020984284202,20.00003885324797,20.00006610700028,20.000105017193942,20.000157668626088,20.00022584379945,20.000310950860303,20.000413991582455,20.000535562021412,20.000675877144143,20.00083481112418,20.00101194625085,20.00120662496822,20.001418001095598,20.00164508761673,20.001886799495853,20.002141990784946,20.00240948585878,20.00268810499499,20.002976684748994,20.003274093697257,20.003579244169508,20.00389110058639,20.00420868498321,20.004531080246373,20.004857431526947,20.00518694623182,20.00551889293123,20.005852599464575,20.006187450475522,20.006522884562994,20.006858391196385,20.007193507511232,20.007527815074752,20.007860936688523,20.008192533277875
-0.09191999999999999,20.0,20.0,20.000000000000053,20.000000000017067,20.000000000798885,20.00000001234139,20.000000095206868,20.000000463054754,20.000001632656645,20.000004558864706,20.000010690596607,20.000021923575456,20.000040468000968,20.00006867121751,20.00010883611747,20.00016306484396,20.0002331433429,20.00032047060078,20.00042602869704,20.00055038584895,20.000693723434278,20.000855878479808,20.001036394457433,20.001234574863773,20.001449535639328,20.00168025384387,20.001925611087902,20.00218443103024,20.00245551082249,20.00273764675775,20.003029654608063,20.003330385253175,20.003638736244888,20.00395365994229,20.00427416881327,20.004599338440027,20.00492830870138,20.00526028353838,20.00559452964614,20.00593037437659,20.006267203084914,20.006604456106963,20.006941625516326,20.00727825177707,20.007613920380948,20.00794825853576,20.008280931953358
-0.09168,20.0,20.0,20.00000000000006,20.000000000019096,20.000000000877407,20.00000001337548,20.00000010216069,20.000000493044364,20.00000172767713,20.000004799853752,20.000011208370537,20.000022903482293,20.000042147440194,20.000071331100365,20.0001127883381,20.00016863798819,20.000240668504603,20.000330268616462,20.000438399552223,20.000565600556538,20.000712018363476,20.00087745191477,20.001061405061535,20.001263141690043,20.001481739335734,20.00171613873482,20.0019651878578,20.002227679782393,20.00250238433232,20.002788073780103,20.003083543133744,20.00338762563918,20.00369920416643,20.00401721913372,20.004340673579414,20.004668635930642,20.005000240949524,20.005334689269365,20.005671245867802,20.006009237764278,20.006348051176044,20.00668712832081,20.00702596401488,20.007364102182375,20.007701132363902,20.00803668629042,20.008370434570004
-0.09144,20.0,20.0,20.00000000000007,20.00000000002136,20.000000000963507,20.000000014494436,20.00000010961071,20.00000052492695,20.00000182807479,20.00000505320065,20.000011750415275,20.000023925682857,20.000043894031975,20.00007409003183,20.00011687824672,20.00017439350796,20.000248425802738,20.00034035246965,20.00045111270008,20.000581215608864,20.000730772215594,20.000899542428275,20.001086989668636,20.00129233754865,20.001514624674623,20.001752755064263,20.002005542768156,20.00227175010255,20.00255011946671,20.002839399085005,20.00313836322922,20.00344582758258,20.00376066043735,20.00408179039895,20.00440821122097,20.004738984330878,20.005073239535303,20.005410174323007,20.005749052116386,20.006089199761366,20.006430004491346,20.006770910553925,20.00711141564925,20.007451067295314,20.007789459207785,20.00812622775936,20.008461048565312
-0.09119999999999999,20.0,20.0,20.00000000000008,20.000000000023885,20.000000001057906,20.000000015705048,20.00000011759136,20.000000558818307,20.00000193414349,20.000005319515218,20.00001231782159,20.00002499192058,20.000045710330607,20.000076951506035,20.000121110367616,20.00018033700615,20.000256421926572,20.000350729907915,20.000464176888716,20.00059724067401,20.000749995482032,20.000922161228356,20.001113160091823,20.001322174745447,20.001548204344864,20.00179011579935,20.002046688966388,20.002316655228135,20.0025987294713,20.00289163585318,20.003194127945775,20.003505003949115,20.003823117689684,20.004147386095628,20.004476793787422,20.004810395354593,20.005147315815233,20.005486749681896,20.005827958988522,20.00617027057054,20.00651307283511,20.00685581221079,20.007197989425382,20.0075391557268,20.00787890913389,20.00821689078124,20.008552781403647
-0.09095999999999999,20.0,20.0,20.000000000000092,20.000000000026706,20.00000000116138,20.000000017014642,20.000000126139387,20.000000594841065,20.000002046192506,20.000005599435944,20.000012911726667,20.00002610400655,20.000047598981254,20.000079919131593,20.00012548936221,20.000186474243186,20.0002646637405,20.00036140886812,20.00047760106617,20.000613685627165,20.000769698865263,20.00094531973516,20.001139928354775,20.00135266579319,20.001582491236807,20.00182823410186,20.002088639786564,20.002362408574488,20.002648227760318,20.002944797424284,20.003250850483823,20.003565167743783,20.003886588684953,20.004214018701298,20.004546433438815,20.004882880817192,20.005222481238683,20.00556442641314,20.005907977157417,20.0062524604635,20.006597266073467,20.00694184275099,20.007285694397932,20.007628376130445,20.007969490400562,20.008308683226495,20.008645640576173
-0.09072,20.0,20.0,20.000000000000107,20.000000000029857,20.00000000127479,20.000000018431113,20.000000135294002,20.00000063312506,20.00000216454725,20.000005893631272,20.000013533316004,20.00002726382197,20.00004956272296,20.000082996635083,20.0001300200328,20.000192811141087,20.000273158288117,20.000372397480497,20.000491394384387,20.000630560554463,20.000789893282423,20.000969029584255,20.0011673066948,20.00138382341431,20.001617498444727,20.001867123330364,20.00213140875133,20.0024090237365,20.00269862791802,20.002998897298113,20.003308544193874,20.00362633211166,20.003951086314842,20.004281700813948,20.004617142446186,20.00495645263593,20.005298747348093,20.005643215668517,20.005989117372945,20.00633577978103,20.00668259413445,20.007029011689188,20.00737453967024,20.007718737202513,20.008061211303136,20.008401612997243,20.00873963360078
-0.09047999999999999,20.0,20.0,20.000000000000124,20.00000000003337,20.000000001399062,20.000000019962968,20.000000145097037,20.00000067380774,20.000002289550103,20.000006202800908,20.00001418382531,20.000028473320686,20.000051604391725,20.00008618786458,20.000134707326488,20.000199353787536,20.000281912796417,20.000383704072807,20.000505566203284,20.000647875756826,20.000810589868934,20.00099330263001,20.001195307565926,20.001415660543707,20.001653239269327,20.001906797042405,20.002175009573815,20.002456514490277,20.002749943700064,20.00305394913579,20.003367222577566,20.003688510338744,20.004016623601874,20.004350445152546,20.004688933191982,20.00503112283023,20.00537612577921,20.005723128684647,20.006071390461766,20.006420238933035,20.00676906700797,20.007117328595115,20.00746453439427,20.00781024768187,20.00815408017389,20.00849568802724,20.008834768022027
-0.09023999999999999,20.0,20.0,20.000000000000142,20.000000000037293,20.00000000153522,20.000000021619368,20.000000155593106,20.000000717034588,20.000002421561252,20.000006527677243,20.000014864542532,20.000029734531825,20.000053726923696,20.0000894967933,20.00013955633913,20.00020610844009,20.000290934680052,20.00039533717458,20.000520126094866,20.000665641753905,20.000831799982187,20.00101815094899,20.00122394364199,20.001448190331512,20.00168972722023,20.00194726899673,20.00221945615956,20.00250489479481,20.002802189034995,20.00310996676099,20.003426899288662,20.003751715852772,20.004083213700095,20.004420264557588,20.004761818170476,20.005106903522016,20.00545462826133,20.005804176783155,20.006154807327412,20.006505848398618,20.00685669474585,20.007206803093553,20.0075556877706,20.007902916349927,20.008248105381966,20.008590916281786,20.00893105141107
-0.09,20.0,20.0,20.000000000000163,20.00000000004167,20.000000001684374,20.00000002341019,20.000000166829807,20.00000076295959,20.000002560959555,20.000006869026766,20.00001557680992,20.00003104956248,20.000055933358443,20.00009292752336,20.000144572319435,20.000213081530433,20.0003002315457,20.000407305521442,20.000535083847407,20.00068386928807,20.000853535205305,20.00104358684343,20.001253227819802,20.001481426145975,20.00172697601851,20.001988553155513,20.00226476260847,20.002554178793673,20.002855378025636,20.003166964161167,20.003487588134075,20.00381596222408,20.00415086989574,20.004491171991624,20.0048358099882,20.005183806936028,20.005534266617527,20.005886371370824,20.006239378950404,20.006592618726092,20.006945487461838,20.007297444864314,20.007648009048353,20.007996752030568,20.008343295333297,20.008687305757665,20.00902849136558
-0.08975999999999999,20.0,20.0,20.00000000000019,20.00000000004655,20.000000001847738,20.00000002534606,20.000000178857885,20.0000008117457,20.000002708143487,20.00000722765159,20.00001632202617,20.000032420600544,20.00005822684235,20.000096484289603,20.000149760673146,20.00022027966878,20.000309811196498,20.00041961805951,20.000550449469724,20.000702569328485,20.00087580735092,20.001069622844717,20.001283173222358,20.001515381576308,20.001764999599263,20.002030663686618,20.002310943216806,20.002604380816706,20.002909524950585,20.003224955488754,20.003549303074895,20.003881263166438,20.00421960560794,20.004563180539833,20.00491092136438,20.005261845400142,20.005615052764878,20.005969723939764,20.00632511638833,20.006680560533066,20.007035455331597,20.00738926364221,20.00774150752517,20.0080917635901,20.008439658470543,20.008784864483065,20.00912709550965
-0.08951999999999999,20.0,20.0,20.000000000000217,20.000000000051994,20.000000002026635,20.00000002743843,20.000000191731452,20.00000086356533,20.0000028635321,20.000007604391,20.000017101648695,20.000033849917564,20.00006061063208,20.000100171463572,20.00015512696732,20.00022770964835,20.000319681636597,20.000432283949888,20.00056623319553,20.000721753075197,20.000898628465045,20.001096271716968,20.00131379320204,20.001550070435627,20.0018038121142,20.002073614965884,20.002358012479153,20.002655515381754,20.00296464426565,20.003283955062443,20.00361205822743,20.003947632537894,20.0042894343894,20.00463630341055,20.00498716513134,20.005341031345697,20.00569699871472,20.00605424606756,20.006412030775955,20.006769684506473,20.007126608592728,20.007482269217046,20.00783619254715,20.008187959937203,20.008537203273015,20.00888360051749,20.009226871493738
-0.08928,20.0,20.0,20.00000000000025,20.000000000058066,20.000000002222514,20.00000002969962,20.0000002055082,20.000000918600893,20.000003027566024,20.00000800012311,20.000017917195905,20.000035339871772,20.000063088098177,20.000103993557556,20.00016067693473,20.00023537844994,20.000329851075794,20.00044531257323,20.000582445487844,20.000741431963366,20.000922010830973,20.001123546460622,20.00134510134392,20.00158550676387,20.001843427934254,20.002117421579428,20.002405985090437,20.00270759719638,20.003020750605355,20.003343977368395,20.00367586786424,20.004015084341663,20.00436036992709,20.00471055393583,20.005064554234945,20.00542137730782,20.005780116572854,20.006139949417438,20.00650013332532,20.006860001402618,20.00721895754478,20.007576471433573,20.007932073508798,20.00828535002282,20.00863593825658,20.00898352195167,20.00932782699455
-0.08904,20.0,20.0,20.000000000000284,20.00000000006483,20.000000002436945,20.000000032142903,20.00000022024962,20.00000097704536,20.00000320070854,20.00000841576653,20.000018770249632,20.000036892911147,20.000065662728748,20.000107955228774,20.000166416478358,20.000243293246626,20.00034032793425,20.00045871353442,20.000599097043466,20.00076161766749,20.000945966973266,20.0011514603161,20.001377111469072,20.001621704830793,20.001883861652242,20.002162098325975,20.00245487594795,20.002760641159632,20.00307785878442,20.003405037061533,20.003740746415183,20.00408363272695,20.004432426042978,20.004785945572,20.00514310173504,20.00550289592574,20.00586441853981,20.006226845738425,20.00658943532583,20.006951522047217,20.00731251254922,20.00767188019148,20.008029159852985,20.008383942840126,20.0087358719736,20.00908463690748,20.00942996971497
-0.08879999999999999,20.0,20.0,20.000000000000323,20.000000000072372,20.00000000267165,20.000000034782563,20.000000236021254,20.000001039102827,20.000003383446682,20.00000885228217,20.000019662457603,20.000038511576612,20.000068338133275,20.000112061283648,20.000172351676017,20.000251461408542,20.000351120847352,20.000472496667303,20.00061619879759,20.000782322105763,20.000970509661762,20.001180026767496,20.001409837637926,20.00165867913899,20.001925128085542,20.002207660219216,20.002504700153413,20.002814662363804,20.00313598379926,20.003467148966795,20.003806708468492,20.00415329198985,20.004505616694676,20.004862491900216,20.00522282080587,20.005585599943135,20.00594991691106,20.006314946865498,20.006679948144345,20.00704425733545,20.00740728402948,20.00776850544533,20.00812746107087,20.00848374742442,20.008837013012826,20.009186953537842,20.009533307383947
-0.08855999999999999,20.0,20.0,20.000000000000373,20.000000000080778,20.0000000029285,20.000000037633964,20.000000252892946,20.000001104989146,20.0000035762924,20.00000931067506,20.000020595536053,20.000040198505342,20.000071118046527,20.000116316682213,20.00017848878508,20.000259890507788,20.00036223867061,20.000486672039532,20.000633761928434,20.000803557444446,20.0009956519157,20.001209259546346,20.001443294153688,20.001696444426933,20.001967242278795,20.002254122490182,20.00255547301503,20.002869676096207,20.00319514082953,20.00353032808041,20.003873768771825,20.004224076574218,20.0045799559762,20.004940206627033,20.005303724736518,20.005669502208434,20.006036624077254,20.00640426471975,20.00677168322528,20.007138218232,20.007503282470907,20.00786635720456,20.00822698670186,20.00858477285308,20.008939369999315,20.00929048002663,20.009637847756398
-0.08832,20.0,20.0,20.000000000000426,20.00000000009014,20.00000000320954,20.00000004071364,20.00000027093911,20.00000117493257,20.00000377978378,20.000009791996277,20.000021571272367,20.000041956434163,20.0000740063326,20.000120726542644,20.000184834247328,20.000268588323436,20.000373690484707,20.0005012499575,20.000651797861977,20.000825336102363,20.00102140700784,20.001239172635433,20.00147749556578,20.00173501567207,20.002010219506655,20.00230150058966,20.00260721004959,20.00292569784099,20.003255345239616,20.0035945895712,20.003941942233347,20.004296001072547,20.00465545811867,20.00501910358497,20.005385826931356,20.005754615675162,20.00612455252447,20.00649481130855,20.0068646520907,20.007233415771072,20.007600518420798,20.007965445533415,20.008327746333528,20.008687028245447,20.009042951594335,20.00939522458855,20.009743598613113
-0.08807999999999999,20.0,20.0,20.00000000000049,20.000000000100567,20.000000003516988,20.000000044039382,20.00000029023903,20.00000124917443,20.00000399448629,20.000010297344943,20.00002259152789,20.000043788203076,20.000077006989073,20.000125296145878,20.000191394693907,20.000277562846655,20.00038548560064,20.000516240971383,20.000670318276793,20.000847670755416,20.0010477884687,20.00126978027265,20.001512456673336,20.001774408093972,20.002054075276547,20.00234981019061,20.002659926984567,20.00298274328094,20.00331661258023,20.003659948781888,20.004011243922807,20.00436908022685,20.004732137491008,20.005099196733074,20.005469140910467,20.005840953402267,20.006213714834434,20.006586598725676,20.006958866340405,20.007329861056455,20.007699002488373,20.008065780550925,20.00842974960156,20.008790522762766,20.00914776649526,20.00950119546906,20.00985056776063
-0.08783999999999999,20.0,20.0,20.00000000000056,20.000000000112184,20.00000000385328,20.000000047630326,20.000000310877155,20.00000132796987,20.000004220994143,20.000010827870295,20.00002365824078,20.00004569675888,20.000080124151292,20.00013003094041,20.000198176950416,20.000286822285954,20.00039763356494,20.000531655880227,20.000689335108945,20.000870574341228,20.001074810090838,20.00130109695492,20.001548192528745,20.00181463715746,20.002098825331494,20.002399067190638,20.002713639760273,20.003040828299316,20.003378958589934,20.003726421230386,20.00408168907264,20.004443328929586,20.00481000860069,20.00518050015749,20.005553680310108,20.00592852855445,20.006304123684764,20.006679639151503,20.007054337652004,20.007427565261548,20.00779874534476,20.00816737243085,20.00853300618968,20.008895265608075,20.00925382343548,20.00960840094424,20.009958763031122
-0.0876,20.0,20.0,20.000000000000643,20.000000000125116,20.00000000422105,20.00000005150705,20.000000332943433,20.000001411588563,20.000004459931663,20.00001138477387,20.000024773429015,20.00004768515896,20.000083362096767,20.000134936547177,20.000205188042134,20.00029637507254,20.000410144165063,20.000547505737206,20.000708860556976,20.00089406006381,20.00110248593318,20.001333137442142,20.001584718441237,20.00185571857584,20.002144485652927,20.002449287714462,20.002768364531992,20.003099968981708,20.00344239919673,20.003794022611153,20.004153293079057,20.00451876222452,20.004889086094458,20.00526302807205,20.00563945888313,20.0060173544025,20.006395791849204,20.006773944853137,20.007151077781042,20.00752653962939,20.00789975772302,20.00827023140165,20.008637525829574,20.009001266026132,20.00936113118428,20.00971684932069,20.010068192282283
-0.08736,20.0,20.0,20.000000000000735,20.00000000013951,20.000000004623182,20.000000055691682,20.00000035653365,20.000001500315562,20.00000471195475,20.000011969311736,20.00002593919346,20.000049756575116,20.000086725249723,20.000140018764586,20.00021243519935,20.000306229865803,20.000423027434813,20.000563801854923,20.000728907086994,20.000918141398348,20.001130830325444,20.001365916761255,20.001622049980522,20.001897668314147,20.002191072463567,20.00250048811645,20.00282411767217,20.003160181617904,20.003506950519643,20.003862768796505,20.004226071503176,20.004595395307675,20.004969384759058,20.005346794818845,20.005726490499455,20.006107444323607,20.006488732197866,20.00686952818458,20.00724909856105,20.007626795472685,20.00800205041808,20.008374367746416,20.00874331830082,20.009108533303305,20.00946969854674,20.00982654893539,20.010178863397204
-0.08711999999999999,20.0,20.0,20.000000000000842,20.000000000155534,20.00000000506281,20.000000060208013,20.00000038174979,20.00000159445209,20.00000497775239,20.00001258279682,20.00002715772105,20.000051914297543,20.00009021818565,20.000145283573534,20.000219925862634,20.000316395558634,20.000436293659618,20.00058055581044,20.000749487437393,20.000942832095525,20.001159857872043,20.00139945020968,20.00166020297979,20.001940502591697,20.002238602229557,20.002552684982316,20.002880915771765,20.00322148270291,20.003572628869442,20.003932675837063,20.004300040071183,20.004673243527275,20.00505091952103,20.005431814867848,20.005814789145532,20.006198811800775,20.006582957696487,20.00696640158592,20.007348411902694,20.007728344172907,20.008105634285815,20.00847979180189,20.008850393429867,20.009217076766557,20.0095795343627,20.009937508154692,20.010290784283352
-0.08688,20.0,20.0,20.000000000000963,20.000000000173365,20.000000005543342,20.00000006508161,20.000000408700426,20.000001694316417,20.000005258048176,20.000013226601236,20.000028431287888,20.000054161738596,20.00009384563562,20.000150737142008,20.00022766768752,20.000326881282025,20.000449953380805,20.00059777944915,20.00077061462217,20.000968146184277,20.00118958345421,20.0014337533568,20.00169919353657,20.00198423788235,20.002287091660165,20.002605895128323,20.002938775638953,20.0032838889352,20.003639450746494,20.00400375995927,20.00437521467158,20.004752322380728,20.005133705443445,20.005518102813483,20.00590436892077,20.006291470419068,20.006678481402652,20.007064577579452,20.00744902978984,20.00783119717631,20.008210520239064,20.008586513954494,20.008958761086102,20.009326905779503,20.009690647502865,20.01004973537046,20.010403962868747
-0.08664,20.0,20.0,20.0000000000011,20.000000000193204,20.0000000060685,20.000000070339958,20.000000437501104,20.000001800244746,20.000005553601916,20.000013902158674,20.000029762262432,20.000056502436657,20.000097612490617,20.000156385829676,20.000235668549113,20.00033769640945,20.000464017399644,20.000615484888314,20.000792301933902,20.000994097974086,20.00122002223161,20.00146884204491,20.001739038013017,20.002028890914143,20.002336557706787,20.002660135599736,20.002997714297074,20.00334741721424,20.00370743283788,20.00407603756216,20.004451611351623,20.00483264751082,20.005217757721905,20.00560567337043,20.005995244033198,20.006385433861183,20.00677531646122,20.007164068765082,20.007550964274927,20.00793536598929,20.008316719242963,20.008694544635695,20.009068431177194,20.009438029737836,20.009803046864263,20.010163238995567,20.010518407097553
-0.08639999999999999,20.0,20.0,20.00000000000126,20.00000000021527,20.000000006642328,20.00000007601258,20.00000046827479,20.000001912592165,20.000005865211264,20.000014610966844,20.00003115310873,20.000058940060025,20.000101523805878,20.00016223619245,20.000243936546664,20.000348850561252,20.00047849678132,20.000633684520515,20.000814562946562,20.00102070205714,20.00125118964381,20.001504732389957,20.00177975303595,20.002074478668693,20.002387017561784,20.002715423669077,20.00305774898239,20.003412084637755,20.0037765920143,20.004149525213887,20.00452924631359,20.004914234701708,20.005303091680307,20.00569454136923,20.00608742879493,20.006480715902818,20.006873476099663,20.007264887815587,20.00765422747418,20.00804086217361,20.008424242310184,20.008803894317232,20.009179413644418,20.009550458064666,20.009916741365636,20.010278027459364,20.010634124925584
-0.08615999999999999,20.0,20.0,20.000000000001442,20.000000000239808,20.000000007269225,20.000000082131187,20.000000501152293,20.00000203173361,20.000006193713453,20.000015354590033,20.000032606389762,20.00006147841092,20.000105584805354,20.000168294987144,20.000252480008175,20.000360353608976,20.000493402858854,20.000652391017006,20.000837411518223,20.001047973310325,20.001283101411524,20.00154144078209,20.00182135549672,20.0021210183804,20.002438488657035,20.002771776834138,20.003118897141587,20.003477908498827,20.003846945326718,20.00422423964808,20.004608135910814,20.00499709987473,20.005389722766466,20.00578472175174,20.0061809376175,20.006577330407897,20.006972973623192,20.007367047471718,20.00775883156272,20.008147697341467,20.008533100496035,20.00891457350627,20.009291718457803,20.009664200205723,20.010031739942722,20.010394109203038,20.01075112431574
-0.08592,20.0,20.0,20.00000000000165,20.000000000267093,20.00000000795398,20.000000088729845,20.000000536272747,20.000002158064913,20.00000653998705,20.00001613466171,20.000034124770856,20.000064121429524,20.000109800886168,20.000174569176107,20.000261307494956,20.000372215679654,20.000508747236925,20.000671617330948,20.000860861793615,20.001075926897048,20.001315773537716,20.001578983886002,20.00186386255083,20.00216852753539,20.002490988662277,20.00282921281575,20.003181176429052,20.003544906282688,20.00391851000282,20.004300197759925,20.004688296643486,20.00508125908397,20.00547766654748,20.005876229566354,20.006275785006956,20.006675291323596,20.007073822409755,20.00747056053715,20.007864788769485,20.00825588315048,20.008643304893443,20.009026592740426,20.009405355611225,20.00977926562453,20.010148051543492,20.010511492674897,20.010869413233394
-0.08567999999999999,20.0,20.0,20.000000000001883,20.000000000297423,20.000000008701793,20.000000095845113,20.0000005737841,20.00000229200384,20.000006904953818,20.000016952887226,20.000035711023166,20.00006687319811,20.000114177623146,20.000181065931905,20.000270427806196,20.000384447160044,20.0005245417956,20.00069137670051,20.00088492820651,20.001104578268883,20.001349222308445,20.001617378641043,20.001907291617332,20.002217023870248,20.002544535483217,20.002887749555324,20.003244604703887,20.003613095663315,20.00399130344319,20.00437741660203,20.00476974515427,20.00516672851164,20.005566938704938,20.00596907996305,20.006371985558825,20.006774612675223,20.00717603590485,20.0075754398733,20.00797211137206,20.00836543129849,20.008754866627843,20.009139962582683,20.009520335117397,20.00989566379745,20.010265685123272,20.0106301863256,20.010988999641704
-0.08543999999999999,20.0,20.0,20.000000000002153,20.000000000331134,20.00000000951833,20.000000103516246,20.000000613843646,20.000002433991234,20.000007289580605,20.00001781104658,20.00003736802725,20.00006973794525,20.00011872077339,20.000187792641977,20.000279849983514,20.0003970587008,20.00054079869398,20.000711682651847,20.000909625481963,20.001133943167012,20.001383464293554,20.00165664226111,20.00195166037798,20.00226652537047,20.00259914725935,20.00294740521212,20.00330920002669,20.00368249449976,20.004065343217288,20.00445591338008,20.00485249822366,20.005253524463225,20.00565755502989,20.006063288188265,20.00646955395286,20.006875308560918,20.0072796276162,20.007681698393977,20.008080811691332,20.00847635351828,20.00886779685189,20.009254693616207,20.009636667002745,20.010013404208657,20.0103846496398,20.010750198603315,20.01110989149687
-0.0852,20.0,20.0,20.00000000000246,20.00000000036859,20.00000001040974,20.000000111785358,20.00000065661857,20.000002584492186,20.000007694881326,20.000018710997264,20.000039098776718,20.00007272005003,20.00012343628087,20.000194756913352,20.00028958331542,20.000410061220578,20.00055753037371,20.00073254900194,20.00093496863837,20.00116403762348,20.001418516347076,20.00169679223429,20.001996986776117,20.002317050268672,20.002654842361537,20.003008198160238,20.00337498065605,20.003753120832226,20.00414064705914,20.004535705448216,20.004936572765125,20.00534166336242,20.005749531417624,20.006158869579522,20.00656850494763,20.006977393146165,20.00738461110826,20.007789349059887,20.008190902086053,20.008588661572162,20.008982106740145,20.009370796439057,20.00975436130221,20.010132496345005,20.01050495404821,20.01087153794879,20.01123209674331
-0.08496,20.0,20.0,20.000000000002807,20.0000000004102,20.000000011382706,20.000000120697646,20.000000702286517,20.00000274399722,20.000008121919024,20.000019654677207,20.000040906381944,20.000075824046412,20.000128330281072,20.000201966577283,20.000299637341826,20.00042346591004,20.000574749562404,20.000753989861227,20.00096097298931,20.001194877962213,20.00145439560745,20.001737846322257,20.00204328901533,20.002368617042535,20.002711639389307,20.003070146985383,20.00344196504482,20.003824992877874,20.004217232862782,20.004616810304185,20.005021985820004,20.005431161745836,20.00584288386223,20.006255839559902,20.006668853374872,20.007080880658158,20.00749099999655,20.007898404873004,20.008302394947187,20.0087023672464,20.009097807483542,20.00948828165878,20.009873428053922,20.010252949690834,20.010626607295936,20.010994212790393,20.01135562330882
-0.08471999999999999,20.0,20.0,20.000000000003205,20.000000000456417,20.000000012444495,20.000000130301565,20.000000751036215,20.000002913023597,20.00000857180795,20.000020644107764,20.00004279407387,20.00007905462755,20.000133409105665,20.000209429693964,20.000310021858404,20.000437284235783,20.000592469276874,20.00077601963615,20.000987654145238,20.00122648079983,20.001491119497466,20.0017798225594,20.002090585557806,20.00242124441245,20.002769557167902,20.003133270481307,20.003510171836048,20.00389812902639,20.004295118677483,20.004699245584252,20.00510875455219,20.005522036257492,20.005937628450944,20.006354213632296,20.006770614133732,20.007185785379956,20.00759880794182,20.008008878870754,20.008415302692207,20.008817482345545,20.009214910283827,20.009607159886908,20.009993877293816,20.01037477372269,20.01074961831754,20.01111823153903,20.01148047909962
-0.08448,20.0,20.0,20.00000000000366,20.000000000507736,20.00000001360299,20.000000140649092,20.000000803068104,20.0000030921166,20.000009045715778,20.000021681396795,20.000044765207868,20.000082416650248,20.000138679287165,20.00021715455713,20.00032074692095,20.000451527944154,20.000610702826293,20.000798653031424,20.001015028014905,20.0012588630462,20.001528705723956,20.001822739251686,20.002138895122407,20.002474951338904,20.002828614744978,20.003197587645992,20.003579619858684,20.003972547835243,20.004374322702642,20.004783029057844,20.005196896242538,20.00561430364307,20.006033781358294,20.00645400737346,20.006873802184742,20.007292121644504,20.007708048644112,20.0081207841201,20.008529637759192,20.00893401868665,20.00933342634784,20.009727441733364,20.010115719050145,20.010497977903924,20.010873996029467,20.011243602583058,20.011606671995406
-0.08424,20.0,20.0,20.000000000004174,20.000000000564707,20.00000001486675,20.00000015179593,20.000000858595012,20.000003281850937,20.000009544865843,20.000022768741857,20.000046823267667,20.000085915139394,20.00014414756364,20.000225149698714,20.00033182284966,20.000466209064946,20.000629463815123,20.000821905052195,20.001043110806606,20.00129204190476,20.001567172277216,20.00186661497524,20.00218823668248,20.002529757019555,20.00288883138708,20.00326311767753,20.003650328123,20.004048268024697,20.004454863282486,20.004868178621944,20.00528642828307,20.00570798074394,20.006131358840012,20.006555236427868,20.006978432543672,20.007399903828443,20.007818735836562,20.008234133711415,20.008645412600824,20.0090519880933,20.009453366881694,20.009849137800742,20.010238963337883,20.010622571679292,20.010999749324746,20.011370334283114,20.011734209844306
-0.08399999999999999,20.0,20.0,20.000000000004764,20.000000000627942,20.000000016245075,20.000000163801783,20.00000091784286,20.00000348283216,20.00001007053948,20.000023908433402,20.000048971869365,20.000089555292494,20.000149820883408,20.000233423893402,20.000343260233297,20.000481339914963,20.000648766145936,20.000845791005926,20.001071919029147,20.001326034872562,20.001606537430153,20.00191146857461,20.002238629463324,20.002585680886003,20.002950226575752,20.003329879969723,20.003722315815686,20.004125308472524,20.00453675890044,20.004954712295238,20.005377368170898,20.00580308449096,20.006230377226732,20.006657916501354,20.007084520275136,20.00750914634576,20.007930883279126,20.008348940752295,20.00876263967822,20.009171402389626,20.009574743084833,20.00997225867852,20.010363620153075,20.01074856446939,20.011126887067594,20.01149843496688,20.011863100457806
-0.08375999999999999,20.0,20.0,20.000000000005432,20.00000000069811,20.00000001774804,20.000000176730612,20.0000009810514,20.000003695698137,20.00001062407841,20.00002510285811,20.000051214765485,20.000093342484185,20.000155706409732,20.000241986163186,20.00035506993331,20.000496933101456,20.000668624022,20.000870326504106,20.00110146949259,20.001360859740046,20.001646819737118,20.001957319160773,20.002290092939383,20.00264274260025,20.003012820003395,20.003397894107337,20.003795602294662,20.004203688208435,20.004620028173264,20.005042648211976,20.005469733501926,20.005899631898043,20.006330852917483,20.00676206335458,20.007192080486057,20.007619863641292,20.008044504752114,20.00846521836113,20.00888133145468,20.009292273394085,20.00969756614402,20.010096814937153,20.010489699467087,20.01087596566508,20.01125541808799,20.011627912923807,20.01199335160564
-0.08352,20.0,20.000000000000004,20.000000000006196,20.00000000077595,20.00000001938659,20.00000019065092,20.000001048474985,20.000003921120623,20.00001120688722,20.000026354502275,20.000053555849096,20.00009728227082,20.000161811525505,20.000250845781817,20.000367263087785,20.000513001525395,20.000689051949703,20.000895527463705,20.001131779308704,20.001396534590523,20.001688038032462,20.002004186108763,20.002342646831096,20.00270096205084,20.003076631568746,20.0034671798611,20.00387020708361,20.004283426408225,20.004704689844882,20.005132004615604,20.0055635419643,20.00599764005548,20.006432802372952,20.006867692796252,20.007301128318925,20.00773207018399,20.008159614049564,20.008582979660606,20.009001500389243,20.00941461291321,20.009821847227183,20.010222817122095,20.01061721122076,20.01100478462181,20.01138535117618,20.01175877639978,20.01212497101061
-0.08327999999999999,20.0,20.000000000000004,20.000000000007063,20.000000000862286,20.00000002117258,20.000000205636063,20.000001120383395,20.000004159806824,20.0000118204359,20.000027665955248,20.000055999157986,20.000101380395044,20.000168143837907,20.00026001227923,20.000379851115337,20.00052955838458,20.000710064740748,20.000921410108376,20.00116286589118,20.00143307779936,20.001730211428757,20.002052089055024,20.002396311101425,20.00276035934866,20.003141681372078,20.003537757182333,20.003946149866167,20.004364542387616,20.004790762779955,20.005222799852085,20.005658811331582,20.00609712612305,20.006536242108535,20.006974820676188,20.007411678944862,20.007845780460094,20.008276224972466,20.008702237771033,20.009123158930173,20.00953843273521,20.009947597477172,20.0103502757477,20.01074616531852,20.01113503065389,20.011516695077106,20.011891033591745,20.012257966343416
-0.08303999999999999,20.0,20.000000000000004,20.00000000000805,20.000000000958018,20.000000023118865,20.000000221764548,20.00000119706267,20.000004412501102,20.00001246626247,20.000029039912985,20.0000585488789,20.000105642790437,20.00017471118305,20.000269495445863,20.000392845718824,20.000546617176553,20.00073167751413,20.00094799096941,20.001194746955512,20.00147050803286,20.001773359314676,20.00210104789439,20.002451105952034,20.00282095482242,20.00320798971005,20.00360964619728,20.004023450479817,20.004447055595797,20.004878265957142,20.005315052363,20.00575555945571,20.006198107322867,20.006641188687155,20.007083462878143,20.00752374755652,20.007961008966067,20.00839435132183,20.008823005803524,20.00924631950828,20.009663744623445,20.01007482800542,20.010479201291087,20.010876571622386,20.01126671302869,20.011649458484797,20.012024692642285,20.01239234521739
-0.0828,20.0,20.000000000000004,20.000000000009173,20.000000001064137,20.00000002523938,20.000000239120393,20.00000127881602,20.00000467998666,20.00001314597565,20.000030479181614,20.00006120935179,20.00011007558608,20.00018152163057,20.00027930533688,20.000406258888948,20.00056419170134,20.000753905697863,20.000975286886412,20.00122744051859,20.001508844246793,20.00181750135257,20.00215108277675,20.002507051819126,20.002882769013755,20.003275577070198,20.0036828672011,20.004102128909484,20.004530985608678,20.004967218462106,20.00540878067834,20.005853804259687,20.00630060093201,20.006747658711898,20.007193635312454,20.00763734936077,20.008077770201417,20.008514006891605,20.00894529685308,20.009370994530144,20.009790560309845,20.010203549885517,20.010609604185866,20.01100843994592,20.011399840960785,20.011783650036726,20.01215976163416,20.01252811518325
-0.08256,20.0,20.000000000000004,20.00000000001045,20.00000000118175,20.000000027549213,20.000000257793467,20.000001365964728,20.000004963087335,20.000013861257646,20.000031986681126,20.000063985074146,20.000114685111207,20.000188583488164,20.000289452276313,20.000420102907672,20.000582296063964,20.000776765030487,20.001003315007658,20.00126096489798,20.001548105684602,20.001862657475655,20.00220221410333,20.00256416936892,20.002945822672014,20.003344464125128,20.003757440651544,20.004182205280763,20.004616352121822,20.005057639480203,20.00550400340905,20.005953563729992,20.006404624274925,20.006855668818382,20.007305353908485,20.00775249957125,20.008196078661314,20.008635205461456,20.009069123991495,20.009497196371214,20.009918891488155,20.01033377414668,20.01074149481584,20.0111417800481,20.011534423606047,20.011919278308092,20.01229624858481,20.012665283723816
-0.08231999999999999,20.0,20.000000000000004,20.000000000011898,20.00000000131206,20.000000030064697,20.000000277879874,20.00000145884916,20.000005262669454,20.00001461386695,20.000033565449062,20.00006688070533,20.000119477899798,20.000195905306086,20.00029994686107,20.00043439035148,20.000600944676748,20.00080027156225,20.00103209279022,20.00129533871087,20.001588311875263,20.001908847884867,20.002254462522615,20.002622479492764,20.003010136748664,20.003414671726315,20.003833387162274,20.00426369985289,20.004703174943085,20.00514954828892,20.005600739239306,20.006054855908815,20.00651019471558,20.00696523566697,20.00741863460688,20.007869213400692,20.008315948829097,20.008757960789392,20.00919450026018,20.009624937368805,20.010048749807158,20.010465511767155,20.010874883508603,20.011276601627173,20.011670470055687,20.0120563518061,20.012434161440858,20.0128038582487
-0.08207999999999999,20.0,20.000000000000004,20.000000000013543,20.0000000014564,20.00000003280353,20.000000299482345,20.000001557829748,20.000005579643776,20.000015405641367,20.00003521864452,20.000069901071296,20.00012446069569,20.00020349588228,20.000310799965774,20.000449134095668,20.000620152262854,20.000824441657826,20.001061638001687,20.00133058087494,20.001629482633287,20.001956093048037,20.002307848928805,20.002682003304955,20.003075732394546,20.003486220900914,20.003910727499303,20.00434663301486,20.00479147398855,20.005242964253625,20.005699006922196,20.006157698889663,20.006617329653118,20.007076375938432,20.0075334933553,20.007987506056782,20.008437395172187,20.008882286607832,20.009321438666355,20.00975422981844,20.01018014686718,20.010598773670896,20.011009780532376,20.011412914317642,20.011807989333434,20.012194878967286,20.01257350807557,20.012943846091964
-0.08184,20.0,20.000000000000007,20.00000000001541,20.00000000161624,20.000000035784854,20.000000322710697,20.000001663288167,20.000005914967637,20.000016238501356,20.0000369495527,20.000073051170165,20.000129640458916,20.000211364269184,20.000322022749778,20.00046434732133,20.000639933863095,20.000849292002787,20.001091968726353,20.001366710614107,20.001671638064103,20.002004413704956,20.002362394466576,20.00274276214723,20.003142630964177,20.003559132855877,20.003989482584977,20.004431025289332,20.004881269286347,20.00533790683138,20.005798825283467,20.006262110821126,20.006726046525596,20.00718910633773,20.007649946112245,20.008107392745973,20.008560432145988,20.009008196627548,20.00944995218702,20.009885085977874,20.010313094224124,20.010733570731638,20.01114619610014,20.011550727694402,20.011946990399696,20.01233486816171,20.012714296293094,20.013085254516334
-0.08159999999999999,20.0,20.000000000000007,20.000000000017536,20.000000001793193,20.000000039029374,20.000000347682263,20.000001775628466,20.000006269647205,20.000017114453552,20.000038761589675,20.0000763361781,20.000135024372415,20.000219519781016,20.000333626664727,20.000480043522973,20.000660304843436,20.000874839610937,20.001123103372255,20.00140374746532,20.001714798570532,20.002053830873564,20.002418120537033,20.002804777594495,20.0032108540213,20.003633428983374,20.00406967350329,20.004516897337858,20.004972580981818,20.00543439557605,20.005900213226674,20.006368109911996,20.006836362815143,20.00730344359916,20.007768008852192,20.008228888678676,20.00868507419906,20.009135704542825,20.009580053774165,20.010017518072296,20.010447603394695,20.01086991377812,20.011284140374837,20.011690051277977,20.012087482156776,20.012476327698153,20.01285653383363,20.01322809071838
-0.08135999999999999,20.0,20.00000000000001,20.000000000019945,20.00000000198904,20.000000042559503,20.00000037452242,20.000001895278356,20.000006644739855,20.000018035594458,20.000040658307388,20.000079761455424,20.00014061984902,20.00022797200131,20.000345623462376,20.000496236516447,20.000681280902842,20.000901101831957,20.001155060678542,20.00144171128563,20.001758984859606,20.002104365856496,20.00247504880399,20.002868071460952,20.003280423344815,20.003709130866582,20.004151321505557,20.00460426996647,20.005065429343063,20.00553245014381,20.006003189738607,20.0064757144367,20.00694829605335,20.007419404491756,20.007887697571004,20.00835200907466,20.008811335778542,20.009264824036904,20.009711756360183,20.010151538299738,20.010583685861818,20.011007813599484,20.011423623474755,20.011830894539877,20.012229473454212,20.012619265829443,20.013000228378736,20.013372361833778
-0.08112,20.0,20.00000000000001,20.000000000022677,20.00000000220573,20.000000046399464,20.000000403365085,20.00000202269052,20.000007041356643,20.00001900411426,20.000042643398828,20.00008333255298,20.000146434538696,20.00023673079074,20.000358025202786,20.000512940447184,20.00070287808146,20.00092809635938,20.001187859723224,20.00148062225965,20.001804217949736,20.002156040248003,20.002533201200695,20.002932665806544,20.003351360935078,20.00378626028584,20.00423444801645,20.00469316413163,20.005159834766804,20.00563209029896,20.00610777389509,20.006584942741046,20.007061863827005,20.007537005824993,20.008009028291625,20.008476769168716,20.00893923133578,20.009395568787607,20.009845072863463,20.01028715883668,20.010721353080182,20.01114728095082,20.011564655479066,20.011973266908083,20.01237297309424,20.012763690757886,20.013145387556712,20.013518074942652
-0.08088,20.0,20.000000000000014,20.00000000002578,20.000000002445425,20.000000050575466,20.00000043435329,20.000002158343996,20.000007460664907,20.000020022300863,20.000044720703443,20.00008705521871,20.000152476336062,20.00024580629529,20.00037084426277,20.000530169798804,20.000725112769146,20.000955841238973,20.00122151993132,20.001520500907446,20.001850519178323,20.002208875941278,20.00259259993687,20.002998582943853,20.003423689020593,20.003864839225187,20.004319074640435,20.004783600946542,20.00525581778462,20.005733335920077,20.006213984867067,20.006695813248278,20.007177083784107,20.007656264454774,20.008132017070018,20.008603184216586,20.009068775332242,20.009527952473174,20.00998001619425,20.010424391843827,20.01086061648202,20.011288326558883,20.011707246433478,20.01211717777269,20.01251798983738,20.012909610640794,20.013292018948082,20.013665237075028
-0.08063999999999999,20.0,20.000000000000014,20.000000000029292,20.000000002710486,20.000000055115823,20.00000046763978,20.000002302745653,20.000007903891007,20.000021092544063,20.000046894212755,20.000090935404558,20.000158753388224,20.000255208954705,20.00038409334474,20.00054793940207,20.00074800171439,20.000984354877485,20.00125606108335,20.001561368092773,20.001897910209728,20.002262895136194,20.00265326750625,20.00306584544537,20.003497430065128,20.003944889879303,20.004405223168547,20.00487560168785,20.005353399069527,20.00583620700653,20.006321841927058,20.006808344465455,20.007293973640195,20.00777719728969,20.008256680001395,20.00873126950112,20.00919998224562,20.009661988778376,20.010116599260638,20.010563249472092,20.011001487483014,20.011430961127953,20.011851406356055,20.01226263649164,20.01266453240812,20.013057033596105,20.013440130091155,20.013813855216302
-0.0804,20.0,20.000000000000018,20.000000000033275,20.000000003003514,20.000000060051146,20.000000503387625,20.000002456431744,20.000008372323183,20.00002221733995,20.000049168076238,20.0000949792736,20.00016527410291,20.00026494951131,20.00039778548591,20.00056626444423,20.000771562033606,20.0010136560518,20.0012915033243,20.001603245031756,20.001946413043697,20.00231812034746,20.002715226694473,20.003134476151214,20.003572606775204,20.004026434660876,20.00449291558562,20.004969187802704,20.00545259944298,20.00594072368537,20.006431364455935,20.006922554990158,20.007412551184974,20.007899821297606,20.008383033226718,20.00886104033873,20.009332866576212,20.009797691400777,20.010254834974827,20.01070374386876,20.0111439774884,20.011575195345873,20.01199714524317,20.012409652396627,20.01281260950073,20.013205967708128,20.01358972848769,20.01396393631284
-0.08016,20.0,20.00000000000002,20.000000000037787,20.000000003327372,20.000000065414515,20.000000541770916,20.000002619969543,20.00000886731457,20.000023399295465,20.00005154660744,20.000099193207515,20.000172047156955,20.000275039019183,20.00041193406786,20.000585160478753,20.000795811220897,20.001043763918553,20.001327867172993,20.00164615330205,20.00199605002425,20.002374574413235,20.002778500587475,20.00320449817727,20.003649242108068,20.004109496208336,20.00458217407788,20.005064380916238,20.00555343988218,20.00604690621853,20.006542571950057,20.007038463517535,20.007532834289258,20.00802415351249,20.008511092939447,20.008992512086046,20.00946744285351,20.009935074057285,20.010394736259535,20.01084588718383,20.011288097899218,20.011721039890205,20.012144473075594,20.012558234799066,20.01296222978516,20.013356421033354,20.01374082160862,20.0141154872776
-0.07991999999999999,20.0,20.000000000000025,20.000000000042895,20.0000000036852,20.00000007124166,20.000000582975463,20.000002793959062,20.00000939028635,20.000024641133223,20.00005403429038,20.00010358381433,20.00017908150513,20.00028548885373,20.000426552826543,20.00060464343553,20.000820767158203,20.001074698024166,20.00136517353195,20.00169011485242,20.00204684384899,20.002432280504205,20.002843112580294,20.003275934923792,20.003727359280063,20.004194097394087,20.004673021040983,20.005161202839453,20.005655941527834,20.006154775010458,20.00665548402875,20.00715608884764,20.007654840912227,20.008150211041578,20.0086408753926,20.009125700146885,20.009603725643046,20.010074150490855,20.01053631605465,20.010989691576548,20.01143386011875,20.011868505434563,20.012293399824692,20.012708392996224,20.01311340191306,20.01350840160637,20.013893416899855,20.01426851499586
-0.07967999999999999,20.0,20.00000000000003,20.000000000048683,20.00000000408045,20.000000077571187,20.00000062719957,20.000002979034896,20.000009942731097,20.000025945696514,20.000056635786212,20.000108157936552,20.000186386389345,20.000296310721637,20.0004416558627,20.00062472963147,20.00084644812597,20.001106478315382,20.001403443697704,20.001735152012834,20.002098817578954,20.00249126213315,20.002909086386403,20.00334881008447,20.00380698177549,20.004280261333147,20.004765479088487,20.005259675577488,20.005760125692273,20.006264350616085,20.006770120442148,20.00727544989317,20.007778589109,20.008278011072804,20.008772396906082,20.009260619979425,20.009741729553465,20.010214934477457,20.01067958732404,20.01113516922211,20.0115812755591,20.01201760265508,20.012443935458812,20.012860136277453,20.013266134523885,20.013661917445845,20.014047521788157,20.014423026330952
-0.07944,20.0,20.000000000000036,20.00000000005523,20.00000000451692,20.00000008444478,20.000000674654835,20.000003175868144,20.000010526216233,20.000027315954565,20.000059355940202,20.000112922659586,20.00019397134824,20.000307516671278,20.00045725765274,20.000645435781628,20.000872872814252,20.001139125150292,20.00144269937166,20.00178128750506,20.002151994648933,20.00255154316501,20.0029764460475,20.003423147655997,20.003888133355925,20.004368011392234,20.004859571060724,20.00535982133835,20.005866013867987,20.006375653749185,20.00688650107939,20.007396565687483,20.007904097038537,20.008407570882568,20.00890567387426,20.009397287103667,20.009881469243826,20.010357439833246,20.010824563062606,20.011282332318572,20.011730355647956,20.012168342237032,20.012596089949728,20.013013473930528,20.013420436251113,20.013816976560612,20.014203143687105,20.01457902813011
-0.07919999999999999,20.0,20.000000000000043,20.000000000062638,20.000000004998768,20.00000009190744,20.000000725567034,20.000003385168448,20.000011142387727,20.000028755008053,20.000062199789028,20.000117885320584,20.00020184622721,20.00031911910355,20.000473373060107,20.000666779010807,20.000900060334402,20.0011726593099,20.001482962671442,20.001828544453815,20.00220639887835,20.002613147827475,20.003045215943846,20.003498971948115,20.003970838070035,20.004457371199372,20.00495532003418,20.005461662542036,20.005973627736573,20.006488705291133,20.007004645977187,20.007519455393,20.008031382971833,20.00853890784376,20.00904072277385,20.009535717109156,20.01002295943117,20.010501680421953,20.01097125630347,20.011431193093884,20.01188111183548,20.012320734881573,20.01274987327926,20.013168415248096,20.013576315728546,20.013973586955835,20.014360290003083,20.014736527230312
-0.07895999999999999,20.0,20.00000000000005,20.000000000071015,20.000000005530566,20.00000010000778,20.00000078017702,20.000003607686153,20.00001179297395,20.00003026609488,20.00006517256839,20.000123053517655,20.000210021188863,20.00033113078322,20.000490017347133,20.00068877686569,20.00092803023125,20.00120710201024,20.001524256142865,20.00187694639844,20.002262054482685,20.002676100722134,20.003115420805102,20.003576307594212,20.00405512026389,20.004548364653928,20.005052749331313,20.005565221830157,20.006082989178097,20.00660352630006,20.007124575328778,20.00764413830995,20.008160465300488,20.00867203943412,20.009177560172095,20.00967592566294,20.01016621489828,20.010647670162466,20.011119680125447,20.01158176381316,20.01203355560139,20.012474791312634,20.01290529544599,20.01332496953423,20.013733781596684,20.014131756639213,20.01451896814136,20.014895530464216
-0.07872,20.0,20.000000000000057,20.00000000008049,20.000000006117332,20.000000108798254,20.000000838741713,20.000003844214596,20.00001247978973,20.000031852596216,20.000068279720995,20.00012843511949,20.000218506723932,20.00034356485074,20.000507206187457,20.00071144732754,20.00095680249587,20.00124247491507,20.001566602772417,20.001926517305183,20.00231898608546,20.002740426836176,20.003187085721752,20.00365517956243,20.004141004591798,20.004641015937185,20.005151882530836,20.005670522075935,20.00619412028089,20.006720138020412,20.007246309493244,20.007770633885464,20.008291362545556,20.008806983244895,20.009316202735167,20.009817928517794,20.010311250501726,20.01079542303667,20.01126984766061,20.011734056786082,20.01218769846219,20.01263052228396,20.013062366472095,20.01348314611108,20.013892842509218,20.01429149362729,20.01467918551223,20.015056044666107
-0.07848,20.0,20.000000000000068,20.000000000091198,20.000000006764576,20.00000011833547,20.00000090153515,20.000004095592505,20.00001320474065,20.000033518042883,20.000071526904915,20.000134038275444,20.000227313662705,20.000356434834636,20.000524955678998,20.00073480882547,20.000986397578977,20.001278800149162,20.001610026000407,20.0019772815801,20.00237721873086,20.002806151554683,20.00326023615709,20.00373561316734,20.004228516027684,20.004735349523415,20.005252743478504,20.00577758639475,20.00630704335179,20.0068385618929,20.007369869005217,20.007898961723022,20.00842409336678,20.008943756989794,20.009456667236933,20.00996174152073,20.010458081180104,20.010944953097457,20.011421772102132,20.011888084374487,20.0123435519785,20.012787938586268,20.01322109641032,20.013642954325647,20.014053507139582,20.01445280595183,20.01484094953716,20.015218076677904
-0.07823999999999999,20.0,20.00000000000008,20.0000000001033,20.000000007478334,20.000000128680536,20.00000096884959,20.000004362706566,20.00001396982753,20.000035266121987,20.00007492000232,20.000139871426075,20.000236453186947,20.000369754664426,20.000543282357505,20.00075888025037,20.001016836404904,20.001316100312287,20.001654549734734,20.00202926408255,20.00243677789695,20.00287330067355,20.003334897959796,20.00381763408219,20.00431767987699,20.004831390191473,20.00535535629842,20.005886438155084,20.0064217809268,20.006958819564897,20.007495274584986,20.00802914159229,20.008558676572118,20.00908237851427,20.00959897056793,20.010107380621726,20.01060672196254,20.011096274476987,20.011575466712255,20.01204385900012,20.01250112776263,20.012947051054525,20.013381495351023,20.013804403556602,20.014215784187588,20.01461570166624,20.01500426765506,20.01538163335519
-0.078,20.0,20.000000000000096,20.000000000116966,20.000000008265236,20.000000139899377,20.000001040996725,20.00000464649413,20.000014777151193,20.000037100683947,20.000078465128666,20.000145943314156,20.000245936842393,20.000383538684147,20.000562203210762,20.00078368096943,20.00104814038631,20.001354398493795,20.00170019836534,20.002082490139415,20.002497689509553,20.00294190041302,20.003411097377136,20.00390126835176,20.00440852178919,20.004929163036945,20.005459745404806,20.005997100990015,20.00653835578225,20.007080932901278,20.007622547148998,20.008161193439292,20.008695131127627,20.00922286580511,20.009743129744688,20.01025486188275,20.010757187977415,20.011249401395126,20.0117309448305,20.01220139315257,20.012660437486215,20.013107870575396,20.013543573429374,20.013967503221256,20.014379682386135,20.014780188852054,20.015169147328518,20.015546721573273
-0.07776,20.0,20.000000000000114,20.000000000132395,20.00000000913255,20.000000152063127,20.000001118308916,20.000004947946078,20.000015628917467,20.000039025749853,20.000082168642304,20.000152262996252,20.000255776551825,20.000397801666523,20.00058173569345,20.000809230841416,20.001080331439532,20.001393718287968,20.001746996779346,20.002136985559943,20.00255997995682,20.003011977431903,20.003488861068785,20.003986542405812,20.004501067770857,20.005028693484846,20.00556593551435,20.006109598809157,20.006656790946387,20.007204923995623,20.007751707820752,20.008295137396992,20.008833476167712,20.009365237000342,20.0098891619193,20.01040420148702,20.01090949446134,20.01140434816813,20.01188821988204,20.012360699397355,20.012821492888044,20.01327040809476,20.013707340832628,20.01413226278257,20.014545210508004,20.014946275625487,20.01533559605014,20.01571334823329
-0.07751999999999999,20.0,20.000000000000135,20.000000000149818,20.00000001008825,20.00000016524852,20.000001201140567,20.00000526810985,20.000016527442455,20.0000410455192,20.000086037154556,20.000158839854794,20.00026598462874,20.00041255882778,20.00060189774271,20.000835550232598,20.001113432000693,20.001434083810068,20.00179497037692,20.00219277665139,20.002623676104495,20.003083558842448,20.003568216121348,20.00407348307317,20.004595344199338,20.0051300073029,20.005673951659084,20.006223955811148,20.00677710971145,20.007330815181952,20.007882777942125,20.008430993796235,20.008973731005696,20.009509510399447,20.01003708438931,20.01055541574856,20.01106365676835,20.011561129217522,20.012047305386247,20.012521790384184,20.01298430578201,20.013434674625394,20.013872807807513,20.014298691756288,20.0147123773727,20.01511397014403,20.0155036213489,20.015881520268312
-0.07727999999999999,20.0,20.00000000000016,20.00000000016948,20.000000011141076,20.00000017953833,20.000001289869566,20.000005608092675,20.000017475158113,20.000043164378013,20.0000900775403,20.000165683610785,20.000276573791677,20.000427825843147,20.000622707794378,20.00086266003347,20.001147465042568,20.00147551971314,20.001844145087915,20.00224989023531,20.00268880531186,20.003156672225927,20.003649190063474,20.004162117596437,20.00469137783702,20.00523313061533,20.005783819199728,20.00634019649658,20.006899335646196,20.007458629046788,20.00801577908505,20.008568783177004,20.009115915144704,20.00965570447387,20.010186914607818,20.01070852112193,20.011219690379303,20.011719759079117,20.012208214965423,20.012684678855322,20.01314888806517,20.013600681254726,20.01403998466768,20.014466799718072,20.014881191853338,20.015283280613062,20.015673230796473,20.016051244649447
-0.07704,20.0,20.00000000000019,20.00000000019166,20.000000012300607,20.000000195021833,20.000001384898816,20.00000596906493,20.000018474618013,20.000045386907196,20.000094296948692,20.00017280433647,20.000287557178403,20.00044361886202,20.000644184798727,20.000890581674575,20.001182454090287,20.001518051203426,20.001894547386808,20.002308353661988,20.002755395445604,20.00323134564588,20.003731810878516,20.004252473644048,20.00478919584283,20.005338089913863,20.005895563836155,20.006458345677952,20.007023492605366,20.00758838843821,20.00815073306011,20.00870852629665,20.00926004828547,20.00980383787447,20.010338670190585,20.010863534209005,20.011377610908326,20.011880252409192,20.012370962350616,20.012849377651172,20.013315251723064,20.013768439149878,20.01420888179852,20.01463659630812,20.015051662881,20.015454215290006,20.015844432011228,20.016222528389616
-0.0768,20.0,20.00000000000022,20.000000000216673,20.000000013577353,20.000000211795317,20.000001486657823,20.00000635226364,20.000019528503216,20.0000477178909,20.000098702813776,20.00018021246769,20.00029894835936,20.000459954521954,20.000666348234503,20.00091933714031,20.001218423234583,20.001561704052836,20.00194620430433,20.002368194821177,20.002823474889627,20.003307607657025,20.003816107012625,20.004344579317568,20.00488882577878,20.005444912063542,20.00600921161263,20.00657842848433,20.00714960473384,20.007720116469535,20.00828766191983,20.008850244132766,20.009406150328907,20.00995392943374,20.010492368918015,20.01102047176068,20.0115374341043,20.012042623985757,20.01253556138277,20.013015899711217,20.01348340883048,20.013937959558323,20.01437950965768,20.01480809123154,20.015223799445053,20.01562678248454,20.01601723265831,20.016395378543592
-0.07655999999999999,20.0,20.00000000000026,20.000000000244878,20.000000014982817,20.000000229962595,20.000001595604417,20.000006758996125,20.00002063962844,20.000050162325238,20.00010330286542,20.000187918816525,20.000310761351436,20.000476849962986,20.00068921812326,20.000948948982863,20.001255397145066,20.001606504611427,20.001999143438997,20.002429442152643,20.002893072554638,20.003385487313924,20.00390210738248,20.004438463158603,20.004990295616114,20.005553624308206,20.0061247889226,20.006700470365598,20.00727769647036,20.00785383652255,20.008426587961484,20.00899395788563,20.009554241378193,20.010105998167628,20.01064802873665,20.011179350678155,20.011699175851916,20.012206888709404,20.012702026013347,20.013184258074507,20.01365337155184,20.0141092538081,20.01455187877518,20.01498129425838,20.015397610593052,20.015800990558414,20.016191640449417,20.016569802207673
-0.07632,20.0,20.000000000000306,20.00000000027667,20.00000001652962,20.000000249635594,20.000001712226567,20.000007190643903,20.000021810948475,20.000052725427338,20.00010810514071,20.00019593458442,20.000323010632165,20.000494322842297,20.000712815044047,20.0009794403365,20.001293401083846,20.001652479820137,20.002053392968918,20.002492124656964,20.002964217887925,20.003465014179806,20.003989841383206,20.004534154155845,20.005093633741552,20.005664254276002,20.006242322513582,20.0068244970967,20.007407792551245,20.007989572250768,20.008567533729902,20.00913968898063,20.009704341740843,20.01026006327729,20.010805667760657,20.011340188014156,20.011862852172683,20.012373061604112,20.01287037030498,20.01335446588014,20.01382515214148,20.014282333308014,20.014725999753477,20.01515621522357,20.015573105430594,20.01597684792523,20.016367663142482,20.016745806519317
-0.07608,20.0,20.000000000000362,20.000000000312493,20.000000018231567,20.00000027093496,20.000001837044287,20.000007648666738,20.000023045564966,20.000055412644834,20.000113117995742,20.00020427137574,20.000335711154413,20.000512391349393,20.000737160148518,20.001010834932238,20.00133246091948,20.00169965722384,20.002108981663813,20.002556271906524,20.00303694088333,20.0035462183355,20.00407933889638,20.004631681752194,20.005198868963628,20.005776829984963,20.00636183949205,20.00695053478196,20.007539918014153,20.00812734758269,20.008710522020294,20.009287459070688,20.009856471930785,20.010416144150824,20.0109653042733,20.01150300097414,20.012028479225883,20.012541157818024,20.013040608432046,20.01352653636767,20.01399876294395,20.014457209547764,20.014901883267466,20.01533286402684,20.01575029312114,20.016154363050177,20.01654530854132,20.01692339865671
-0.07583999999999999,20.0,20.000000000000423,20.000000000352852,20.000000020103798,20.000000293990738,20.0000019706117,20.000008134606965,20.00002434673346,20.000058229665694,20.00011835011789,20.00021294121183,20.0003488783615,20.000531074221684,20.00076227517645,20.00104315711289,20.001372603141228,20.00174806498467,20.002165938897313,20.00262191405672,20.003111272091406,20.00362913038859,20.004170630298173,20.004731075852014,20.005306030519083,20.00589137984866,20.0064833673284,20.007078609859406,20.007674098201846,20.008267186725067,20.00885557588107,20.009437290038665,20.010010652670395,20.010574260365015,20.011126956728365,20.011667806917476,20.012196073309546,20.01271119262417,20.013212754681213,20.01370048287749,20.01417421639423,20.014633894098036,20.015079540064487,20.015511250632578,20.015929182885774,20.016333544449683,20.016724584495243,20.017102585838305
-0.07559999999999999,20.0,20.000000000000497,20.000000000398305,20.000000022162883,20.000000318943055,20.0000021135192,20.000008650093996,20.00002571787082,20.000061182428517,20.000123810538547,20.00022195654555,20.00036252820284,20.00055039076056,20.000788182471695,20.001076431848475,20.001413854873714,20.001797731895675,20.002224294659513,20.00268908185742,20.003187242629714,20.00371378148264,20.00426374646763,20.00483236682846,20.00541514807934,20.006007932681904,20.00660693386195,20.00720874910513,20.00781035876597,20.00840911416616,20.00900271861663,20.009589203999752,20.01016690489254,20.010734431687013,20.01129064375156,20.011834623358574,20.01236565086132,20.01288318142116,20.013386823451945,20.013876318851146,20.014351525017908,20.01481239861054,20.0152589809642,20.01569138506964,20.016109784002914,20.016514400691058,20.01690549889858,20.017283375322283
-0.07536,20.0,20.000000000000586,20.000000000449482,20.000000024426964,20.000000345942915,20.00000226639577,20.000009196849117,20.000027162562976,20.000064277133244,20.00012950864633,20.000231330276282,20.00037667715005,20.000570360847895,20.000814904998567,20.001110684752064,20.001456243891855,20.00184868739471,20.00228407956977,20.002757806664576,20.00326488419337,20.003800203306657,20.004358718795036,20.0049355855309,20.005526251757075,20.00612651770648,20.006732567305942,20.007340979637647,20.007948725670854,20.008553154679017,20.00915197379018,20.00974322330385,20.010325249742547,20.010896678075998,20.01145638414188,20.012003467967972,20.012537228459333,20.013057139733817,20.01356282925693,20.01405405783164,20.014530701431294,20.014992734817998,20.015440216858472,20.015873277431098,20.016292105807967,20.016696940392052,20.01708805969017,20.017465774405977
-0.07511999999999999,20.0,20.00000000000069,20.00000000050709,20.000000026915906,20.000000375153004,20.00000242991143,20.000009776690526,20.00002868457305,20.000067520252323,20.00013545420081,20.000241075765537,20.000391342213604,20.00059100496309,20.000842466358662,20.001145942095977,20.001499798636193,20.00190096157872,20.002345324889777,20.002828120452122,20.003344229065707,20.003888428104595,20.00445557919043,20.00504076329245,20.005639372112814,20.006247164556974,20.00686029625264,20.007475328922315,20.008089225197295,20.008699333324728,20.00930336522648,20.00989937053792,20.0104857085802,20.011061019684803,20.011624196872912,20.0121743585734,20.012710822823,20.013233083213763,20.01374078672249,20.014233713463607,20.014711758341484,20.01517491453406,20.015623258711166,20.01605693787392,20.016476157692907,20.01688117222035,20.01727227485279,20.01764979042521
-0.07487999999999999,20.0,20.00000000000081,20.00000000057192,20.000000029651446,20.000000406748562,20.000002604779844,20.000010391538606,20.00003028784987,20.000070918542338,20.00014165734674,20.00025120685303,20.000406540959975,20.00061234420058,20.000870890808155,20.00118223082843,20.001544548228566,20.001954585218243,20.002408062536883,20.002900055824046,20.00342531012915,20.003978488685117,20.00455436009221,20.005147931937564,20.00575454016162,20.00636990328659,20.00699014967838,20.00761182477571,20.00823188394635,20.008847675455655,20.009456917014628,20.01005766852828,20.01064830298164,20.0112274768615,20.011794101094125,20.012347313160742,20.012886450813756,20.013411027639943,20.01392071058889,20.014415299493507,20.014894708546365,20.01535894965316,20.01580811755787,20.0162423766186,20.016661949105806,20.01706710489301,20.017458152412495,20.0178354307536
-0.07464,20.0,20.00000000000095,20.000000000644853,20.000000032657383,20.00000044091836,20.0000027917611,20.000011043421555,20.00003197653689,20.000074479056153,20.000148128628876,20.00026173787333,20.000422291529365,20.00063440028785,20.00090020327555,20.001219578590547,20.001590522488154,20.0020095897723,20.00247232509768,20.002973646026696,20.00350816087627,20.0040704184314,20.00465509447587,20.00525712378973,20.005871787379856,20.00649476437305,20.007122156948686,20.00775049537005,20.008376728843114,20.008998206718662,20.00961265351076,20.010218140342907,20.01081305474126,20.011396070150912,20.011966116132054,20.012522349875006,20.01306412943575,20.013590988919095,20.014102615710623,20.01459882976968,20.015079564934528,20.015544852150317,20.01599480450557,20.01642960394872,20.016849489550285,20.01725474717582,20.01764570043793,20.018022702801748
-0.0744,20.0,20.000000000001112,20.00000000072689,20.00000003595974,20.000000477865683,20.000002991664637,20.00001173448126,20.0000337549815,20.000078209155543,20.000154879007287,20.000272683673124,20.000438612653966,20.000657195604003,20.000930429379903,20.001258013733857,20.00163775194787,20.002066007403535,20.00253814584186,20.00304892496129,20.003592815420998,20.00416425131115,20.004757815862817,20.005368371679236,20.005991145711945,20.006621778724487,20.0072563478234,20.007891369237594,20.00852378714049,20.009150953058317,20.009770599340754,20.010380809293657,20.010979985873533,20.011566820296107,20.012140261491492,20.01269948702116,20.013243875836462,20.01377298308613,20.014286517056586,20.014784318242388,20.015266340485145,20.015732634080845,20.016183330732243,20.016618630210406,20.0170387885849,20.01744410788261,20.01783492703952,20.01821161401643
-0.07415999999999999,20.0,20.000000000001307,20.000000000819135,20.000000039587004,20.00000051780945,20.000003205352385,20.000012466979488,20.000035627744822,20.000082116524364,20.000161919873314,20.00028405962902,20.000455523676806,20.000680753198832,20.000961595449542,20.001297565338167,20.001686267871147,20.002123870993717,20.002605558736327,20.00312592719668,20.003679308510026,20.004260021886704,20.004862558329325,20.005481708951017,20.00611264757724,20.006750977685414,20.007392752461794,20.00803447527504,20.008673086422945,20.009305940720058,20.00993077940287,20.010545698938472,20.0111491186148,20.0117397482398,20.012316556856554,20.012878743064963,20.013425707307253,20.013957026304467,20.014472429710214,20.014971778963737,20.015455048267736,20.01592230757999,20.016373707486355,20.01680946581176,20.017229855822446,20.017635195874462,20.018025840368633,20.018402171879625
-0.07392,20.0,20.00000000000153,20.00000000092284,20.000000043570324,20.000000560985367,20.00000343374207,20.000013243304466,20.000037599611936,20.00008620918229,20.00016926306609,20.000295881665995,20.000473044571187,20.000705096812467,20.000993728541275,20.001338263229897,20.001736102269074,20.002183214159544,20.002674598459578,20.00320468798228,20.003767675534373,20.00435776532531,20.004969356515556,20.005597169472562,20.00623632587691,20.006882393042673,20.007531401427716,20.008179842747925,20.008824654610233,20.00946319625332,20.010093218870356,20.010712833083502,20.011320475424984,20.01191487512572,20.01249502209171,20.013060136633694,20.013609641283843,20.01414313486628,20.014660368869517,20.01516122608756,20.015645701441894,20.016113884862506,20.01656594608633,20.01700212122217,20.017422700929178,20.017828020058847,20.01821844861663,20.01859438390755
-0.07368,20.0,20.000000000001794,20.000000001039393,20.00000004794377,20.000000607647195,20.000003677810756,20.00001406597774,20.000039675602597,20.000090495499105,20.000176920889704,20.00030816627648,20.000491195960738,20.00073025089558,20.001026856460115,20.00138013800087,20.001787287917956,20.002244071268752,20.002745300416354,20.003285243261235,20.003857952541125,20.004457517409488,20.005078245634703,20.005714787641903,20.00636221400086,20.007016057031418,20.00767232569473,20.008327501294996,20.00897851996108,20.00962274651464,20.01025794319402,20.010882235785186,20.01149407898926,20.01209222229987,20.01267567724275,20.013243686516798,20.0137956953467,20.01433132519265,20.01485034984705,20.01535267386918,20.015838313256875,20.016307378222113,20.01676005791987,20.017196606971552,20.017617333623967,20.01802258938869,20.018412760013863,20.018788257649557
-0.07343999999999999,20.0,20.0000000000021,20.00000000117036,20.000000052744607,20.00000065806811,20.000003938598574,20.000014937661447,20.000041860982467,20.000094984209614,20.000184906131008,20.000320930540063,20.000509999140068,20.000756240630157,20.001061007779505,20.001423221027512,20.001839858377217,20.002306477456596,20.00281770075255,20.00336762968383,20.003950176245343,20.004559314547567,20.0051892614822,20.005834598395637,20.006490345834717,20.007152002341122,20.007815556651227,20.008477480932555,20.009134711076854,20.009784618670686,20.010424978104712,20.011053931352276,20.011669952219613,20.01227181131176,20.01285854253763,20.013429411666475,20.013983887221368,20.01452161383366,20.015042388069762,20.015546136665115,20.016032897051154,20.01650280003091,20.01695605444324,20.017392933649518,20.01781376367736,20.01821891286134,20.01860878282856,20.01898380068697
-0.07319999999999999,20.0,20.00000000000246,20.00000000131749,20.000000058013566,20.00000071254214,20.00000421721272,20.00001586116597,20.000044161274847,20.000099684429163,20.000193232078093,20.00033419214392,20.000529476096112,20.00078309195088,20.001096211862095,20.001467544490566,20.00189384800772,20.0023704686426,20.002891836370402,20.003451884621057,20.00404438404214,20.004663193784317,20.005302440445057,20.00595663721704,20.006620755766807,20.00729026212158,20.007961126105553,20.008629812058786,20.009293256905185,20.009948840201258,20.010594349615772,20.01122794434778,20.011848118256385,20.012453663915515,20.01304363838728,20.01361733119816,20.014174234778658,20.014714017468382,20.015236499078817,20.015741628932666,20.016229466251858,20.016700162738655,20.017153947180446,20.017591111904427,20.018012000910534,20.018416999517463,20.018806525365655,20.019181020631844
-0.07296,20.0,20.000000000002878,20.00000000148273,20.000000063795177,20.00000077138572,20.000004514831648,20.00001683945799,20.000046582273004,20.00010460566982,20.000201912539474,20.000347969403894,20.00054964953009,20.000810831567104,20.001132498881038,20.00151314139524,20.00194929199049,20.002436081547675,20.00296774494392,20.003538046178445,20.0041406140189,20.0047691928117,20.00541781951122,20.006080940144205,20.00675347869518,20.007430869988898,20.0081090662911,20.008784525458044,20.00945418674353,20.010115438902222,20.010766084025377,20.011404299590826,20.01202860046968,20.012637802070934,20.013230985386294,20.013807464390904,20.01436675603481,20.014908552904757,20.01543269852925,20.01593916522943,20.01642803437411,20.01689947887198,20.017353747722293,20.017791152442364,20.01821205519419,20.018616858439835,20.019005995965497,20.01937992512562
-0.07271999999999999,20.0,20.000000000003364,20.000000001668276,20.000000070138114,20.000000834939392,20.000004832709585,20.00001787566898,20.000049130053032,20.000109757857224,20.00021096186396,20.000362281286307,20.000570542880173,20.00083948698545,20.001169899841848,20.001560045591834,20.002006226345785,20.00250335371155,20.003045464934626,20.003626153210064,20.004238904967696,20.004877349979758,20.005535436279064,20.006207543778242,20.006888550034652,20.007573860031513,20.00825940987139,20.008941652305104,20.00961753024268,20.01028444288837,20.010940207918875,20.011583022158458,20.01221142246072,20.012824247944412,20.013420604313534,20.013999830687705,20.01456146915151,20.015105237079396,20.015631002189558,20.01613876021271,20.016628615020263,20.017100761033497,20.017555467725387,20.01799306602602,20.018413936447327,20.018818498752033,20.019207203002484,20.019580521837696
-0.07247999999999999,20.0,20.000000000003933,20.000000001876575,20.00000007709558,20.000000903569568,20.00000517218127,20.000018973104147,20.00005181098734,20.00011515134815,20.000220394961325,20.00037714743053,20.000592180344835,20.00086908653304,20.001208446604803,20.001608291796845,20.00206468795266,20.002572323510556,20.003125035607514,20.003716245332754,20.004339296397823,20.00498770430758,20.005655328966945,20.0063364852915,20.007026005723844,20.007719266816167,20.00841218994509,20.009101224169356,20.009783317410232,20.010455880596226,20.011116748170952,20.01176413738733,20.012396608063078,20.01301302390982,20.013612516132625,20.014194449695676,20.014758392435812,20.015304087057284,20.015831425941197,20.016340428638788,20.016831221879066,20.01730402190078,20.017759118911016,20.018196863473456,20.018617654635936,20.019021929617058,20.019410154883616,20.01978281846391
-0.07224,20.0,20.000000000004597,20.000000002110358,20.000000084725702,20.000000977670467,20.000005534667032,20.00002013525184,20.000054631758765,20.000120796948764,20.00023022732367,20.000392588172257,20.000614586906906,20.00089965938136,20.001248171907903,20.001657915614537,20.002124714568808,20.00264303017565,20.003206497047245,20.003808362940493,20.004441828548433,20.00510029549434,20.005777536422713,20.00646780243576,20.00716588223217,20.00786712539381,20.008567440050978,20.00926327301889,20.009951578613897,20.010629780786683,20.011295731947737,20.011947670875255,20.012584181343783,20.013204152549175,20.013806741992312,20.014391341186084,20.014957544339897,20.015505120031275,20.01603398577788,20.016544185362108,20.017035868724616,20.01750927422524,20.017964713063865,20.018402555656742,20.01882321977152,20.01922716023578,20.019614860046868,20.01998682272488
-0.072,20.0,20.00000000000537,20.000000002372694,20.00000009309199,20.000001057666193,20.0000059216781,20.000021365793412,20.000057599375182,20.00012670593341,20.000240475047214,20.000408624566997,20.00063778835755,20.00093123556976,20.00128910938918,20.001708953557582,20.00218634484928,20.00271551380909,20.003289890172745,20.003902547217,20.00454654239927,20.00521516392828,20.005902098131152,20.006601533548267,20.00730821656459,20.008017471303233,20.008725194170584,20.009427831222293,20.010122344582573,20.010806172545443,20.01147718670663,20.012133648480596,20.012774166602302,20.013397656651282,20.01400330322477,20.014590525092434,20.015158943458957,20.01570835331982,20.016238697803157,20.016750045332664,20.017242569413725,20.017716530829368,20.018172262029225,20.0186101534991,20.01903064190823,20.019434199844056,20.019821326958294,20.02019254236309
-0.07175999999999999,20.0,20.00000000000627,20.000000002666997,20.00000010226383,20.000001144012902,20.000006334822256,20.000022668613475,20.000060721184603,20.000132890063778,20.000251154854304,20.000425278413534,20.000661811319933,20.00096384602832,20.001331293608054,20.001761443066435,20.00224961836364,20.00278981539925,20.003375256749734,20.003998840146085,20.004653479678996,20.005332350693198,20.0060290542188,20.006737717555048,20.007453046263652,20.008170340572004,20.00888548672813,20.009594931547756,20.010295646404717,20.010985085280787,20.011661140193628,20.012322096319117,20.01296658836703,20.01359355920796,20.014202221341623,20.014792021506295,20.01536260852688,20.015913804362533,20.016445578225888,20.0169580235915,20.017451337881333,20.01792580460217,20.018381777708445,20.018819667970384,20.019239931138376,20.019643057708272,20.020029564107638,20.020399985138564
-0.07152,20.0,20.000000000007322,20.0000000029971,20.000000112316997,20.000001237201197,20.00000677580981,20.000024047810683,20.00006400489089,20.00013936160876,20.000262284116097,20.000442572278,20.000686683273393,20.000997522601093,20.001374760066906,20.00181542252881,20.002314575613063,20.002865976835338,20.003462639403065,20.004097284521745,20.004762682873192,20.00545189757456,20.006158445458365,20.00687639397384,20.00760040941111,20.008325769716922,20.009048352590046,20.00976460716176,20.01047151552634,20.01116654872095,20.011847620440143,20.012513040760457,20.013161471391445,20.0137918834099,20.014403518029603,20.014995850672786,20.015568558411598,20.016121490715474,20.016654643355512,20.017168135265887,20.017662188135724,20.018137108494383,20.01859327205414,20.019031110082345,20.019451097587726,20.01985374312071,20.020239580003754,20.02060915882434
-0.07128,20.0,20.000000000008544,20.000000003367276,20.000000123334242,20.000001337758622,20.000007246459877,20.000025507709058,20.000067458570168,20.00014613336506,20.00027388087595,20.00046052951858,20.000712432578116,20.001032298069738,20.00141954523295,20.001870931299315,20.00238125804756,20.002944040922085,20.00355208162899,20.004197923958095,20.004874195232173,20.005573847065378,20.006290313272885,20.00701760291676,20.007750344629258,20.00848379574423,20.00921382706418,20.009936891627426,20.010649983748653,20.011350592911228,20.012036655759665,20.012706508424337,20.013358840649992,20.013992652642308,20.014607215145958,20.01520203298586,20.015776812110285,20.016331430046254,20.016865909597062,20.017380395564366,20.01787513425354,20.018350455513502,20.018806757065303,20.019244490883754,20.019664151410712,20.020066265394814,20.020451383169938,20.020820071201914
-0.07103999999999999,20.0,20.000000000009965,20.000000003782297,20.000000135405923,20.000001446252394,20.000007748707112,20.000027052869857,20.000071090687904,20.000153218678534,20.00028596387355,20.000479174310843,20.00073908850037,20.00106820617757,20.00146568656038,20.001928009719258,20.002449708083223,20.00302405139439,20.00364362780726,20.004300802899138,20.004988060778576,20.005698242371853,20.00642469973963,20.007161385092637,20.00790289108195,20.008644456149472,20.00938194589869,20.01011181890262,20.010831083225472,20.011537248210747,20.012228274744047,20.0129025261765,20.0135587213337,20.014195890480288,20.014813334713665,20.01541058898336,20.015987388744314,20.016543640128926,20.017079393446064,20.0175948197716,20.018090190374657,20.018565858718716,20.01902224478223,20.019459821455424,20.019879102785488,20.02028063386033,20.020664982139163,20.021032730056533
-0.07079999999999999,20.0,20.00000000001162,20.000000004247504,20.00000014863068,20.00000156329228,20.000008284608754,20.00002868810406,20.00007491011673,20.00016063146629,20.00029855256977,20.00049853167378,20.000766681238254,20.001105281654006,20.001513222512774,20.00198669913659,20.002519969119486,20.00310605293194,20.003737323213173,20.004405966628347,20.005104324314708,20.005825127418706,20.00656164759366,20.007307781809065,20.008058088475302,20.008807788917075,20.00955274528062,20.01028942333768,20.011014846460267,20.011726545288997,20.012422506259565,20.01310112112437,20.01376113884556,20.014401620683966,20.015021898916405,20.015621539341858,20.016200307553987,20.0167581388387,20.017295111483193,20.017811423243067,20.01830737069692,20.018783331215634,20.019239747281365,20.019677112905082,20.020095961908904,20.02049685785836,20.02088038544921,20.021247143172413
-0.07056,20.0,20.00000000001355,20.000000004768857,20.000000163116173,20.0000016895337,20.00000885635213,20.000030418485423,20.000078926155,20.000168386239594,20.000311667172266,20.000518627496422,20.000795241947994,20.00114356023941,20.001562192585773,20.002047041926005,20.00259208555647,20.003190091173717,20.00383321402938,20.004513461278012,20.005223031429658,20.00595454685427,20.006701200231138,20.007456834974114,20.00821597705806,20.008973832519537,20.00972626183416,20.010469739672875,20.011201306302933,20.011918515122016,20.012619379442654,20.01330232061244,20.01396611879562,20.01460986719339,20.01523293009326,20.015834904871266,20.016415587893107,20.01697494414644,20.017513080368804,20.018030221399588,20.018526689470672,20.019002886150925,20.01945927666994,20.01989637636213,20.020314738991345,20.02071494673629,20.021097601637702,20.02146331832791
-0.07032,20.0,20.00000000001579,20.00000000535301,20.0000001789799,20.000001825681046,20.000009466262593,20.000032249364228,20.000083148546114,20.000176498127562,20.000325328661855,20.0005394885652,20.00082480277075,20.001183078710305,20.001612637329988,20.0021090815091,20.00266610281226,20.00327621273244,20.00393134735762,20.00462333383839,20.00534422850609,20.006086546055226,20.006843401712246,20.007608587097703,20.00837659762163,20.00914262591632,20.009902532618554,20.010652803035477,20.0113904959462,20.01211318898827,20.012818923695356,20.013506152217367,20.014173686995814,20.014820654123145,20.01544645073321,20.016050706509233,20.0166332492233,20.017194074112982,20.017733316837223,20.01825122972166,20.01874816099317,20.019224536706762,20.019680845080547,20.020117622972275,20.020535444251443,20.020934909842616,20.021316639237032,20.021681263290528
-0.07007999999999999,20.0,20.000000000018392,20.000000006007394,20.00000019635006,20.00000197249123,20.000010116811882,20.000034186381637,20.000087587498644,20.00018498290171,20.000339558819675,20.00056114259189,20.000855396859965,20.001223874904994,20.00166459837414,20.0021728623747,20.002742067340215,20.003364465208893,20.004031771230178,20.004735632166582,20.005467962726808,20.006221171131067,20.006988296763808,20.007763081292637,20.008539991499735,20.009314208552365,20.01008159512562,20.010838648936524,20.011582448921743,20.012310598464214,20.013021168680446,20.013712643742778,20.014383869454523,20.01503400575673,20.015662483469388,20.016268965315295,20.01685331110812,20.01741554688324,20.017955837690884,20.018474463743633,20.018971799602813,20.019448296095135,20.019904464665526,20.020340863892017,20.020758087910714,20.021156756521663,20.021537506769217,20.0219009858119
-0.06984,20.0,20.00000000002142,20.000000006740308,20.000000215366512,20.000002130777474,20.000010810627018,20.000036235484803,20.000092253707276,20.000193857001324,20.000354380255104,20.000583618242334,20.00088705840923,20.001265987749516,20.00171811844844,20.0022384300992,20.00282002664622,20.003454897206108,20.004134534621198,20.004850404995178,20.005594282080963,20.006358468928184,20.007135930781534,20.007920361275236,20.008706200567712,20.009488620356237,20.01026348727698,20.011027313267217,20.011777199095935,20.01251077541954,20.013226144316285,20.013921823213785,20.014596692370837,20.01524994654065,20.015881051073034,20.016489702464785,20.01707579320697,20.0176393806801,20.018180659794286,20.018699939047714,20.019197619673214,20.019674177552023,20.020130147591228,20.02056611028305,20.020982680188016,20.021380496108225,20.021760212740627,20.022122493622653
-0.0696,20.0,20.000000000024936,20.000000007561002,20.0000002361818,20.000002301413375,20.000011550499647,20.000038402942657,20.000097158374608,20.00020313755971,20.00036981643451,20.00060694516571,20.000919822680675,20.001309457283973,20.00177324140812,20.00230583136703,20.00290002930589,20.003547558343403,20.004239687457744,20.004967701940576,20.005723235369942,20.006498487033603,20.007286349831897,20.008080471365613,20.008875267241415,20.00966590173787,20.010448247420843,20.01121883229496,20.011974780665234,20.012713752012065,20.013433880771295,20.014133718871182,20.014812182128548,20.015468501078267,20.01610217644726,20.016712939242552,20.017300715268753,20.01786559379815,20.018407800067713,20.01892767125778,20.019425635607114,20.019902194331404,20.02035790603216,20.020793373306493,20.021209231293966,20.021606137922053,20.02198476563665,20.022345794427196
-0.06935999999999999,20.0,20.00000000002902,20.00000000847981,20.000000258962295,20.00000248533723,20.000012339395973,20.00004069536246,20.00010231323382,20.00021284243133,20.000385891710803,20.000631154024585,20.000953726033863,20.001354324689192,20.0018300122572,20.0023751139911,20.002982124981695,20.003642499270263,20.004347280630604,20.005087573511013,20.005854872212925,20.006641273778364,20.0074396006536,20.008243456487538,20.00904723447572,20.00984609358596,20.010635914328446,20.011413242659007,20.01217522815125,20.012919560682295,20.013644408458173,20.01434835916536,20.015030365289846,20.015689694123346,20.016325882620524,20.016938697036395,20.01752809712536,20.01809420459715,20.01863727548083,20.01915767603305,20.019655861830135,20.020132359699122,20.02058775216496,20.021022664117034,20.021437751425182,20.021833691262277,20.022211173916222,20.022570895898426
-0.06911999999999999,20.0,20.00000000003376,20.00000000950825,20.000000283889374,20.000002683556684,20.000013180467214,20.00004311970717,20.00010773057226,20.00022299021988,20.000402631353797,20.000656276525593,20.00098880595519,20.001400632313736,20.0018884771724,20.002446326933338,20.003066364439977,20.00373977167999,20.004457366004836,20.005210071114277,20.005989243052056,20.006786878240483,20.007595730658664,20.008409362167907,20.009222145762624,20.010029237264916,20.010826527190087,20.01161058136576,20.012378576395417,20.013128234147644,20.01385775802772,20.01456577274989,20.015251268588734,20.01591355057336,20.016552192739876,20.017166997330275,20.017757958684896,20.018325231495357,20.018869103046047,20.019389969061525,20.019888312784385,20.020364686926627,20.02081969816228,20.021253993856924,20.02166825075846,20.022063165401722,20.022439446006334,20.022797805672344
-0.06888,20.0,20.000000000039268,20.00000001065917,20.00000031116079,20.000002897153667,20.000014077060655,20.000045683313573,20.000113423255936,20.00023360030722,20.000420061581433,20.000682345450798,20.00102510108779,20.001448423701202,20.001948683527175,20.00251952032516,20.00315279956788,20.003839428323168,20.004569996430018,20.005335247065045,20.006126399157242,20.00693535024751,20.00775478793305,20.008578234535737,20.009400045128906,20.010215374611406,20.011020125610745,20.011810885783643,20.012584860553297,20.013339805396278,20.01407396036238,20.014785988474802,20.015474918924138,20.0161400954625,20.01678113006391,20.017397861697315,20.0179903199247,20.018558692962582,20.019103299811693,20.019624566053327,20.02012300292187,20.020599189284525,20.021053756186493,20.021487373649872,20.021900739444806,20.022294569581103,20.02266959029637,20.023026531342605
-0.06863999999999999,20.0,20.000000000045656,20.000000011946906,20.000000340992067,20.000003127289702,20.000015032731348,20.00004839391131,20.00011940475499,20.000244692883342,20.000438209591803,20.000709394689736,20.001062651261936,20.001497743617847,20.002010679915927,20.002594745487958,20.003241483390074,20.003941523020863,20.004685225750166,20.005463154591872,20.00626639263052,20.007086740378668,20.007916821236883,20.008750120320776,20.00958097713335,20.01040454793046,20.011216749605314,20.012014193637622,20.012794116088525,20.013554307680632,20.014293046569414,20.015009035379546,20.015701343352717,20.016369353954417,20.0170127179555,20.017631311792517,20.018225200884142,20.018794607513108,20.01933988285504,20.019861482733813,20.020359946697788,20.020835880036028,20.02128993838331,20.02172281459481,20.02213522760338,20.022527913003163,20.02290161513242,20.023257080454968
-0.06839999999999999,20.0,20.000000000053067,20.00000001338742,20.000000373618068,20.000003375211534,20.00001605125441,20.000051259642756,20.00012568917016,20.000256288977237,20.000457103596062,20.000737459272138,20.001101497525873,20.001548638080475,20.002074516178286,20.002672054953536,20.00333247008538,20.004046110677567,20.004803108813334,20.005593847843773,20.00640927641001,20.007241099966528,20.008081880004195,20.008925066851603,20.009764986863537,20.010596799991173,20.011416439593376,20.01222054300327,20.01300637876634,20.01377177451053,20.014515047973735,20.015234942685623,20.015930569081387,20.016601351334675,20.01724697987424,20.01786736934527,20.01846262165721,20.01903299369835,20.019578869275097,20.020100734836532,20.020599158563638,20.021074772430243,20.021528256875225,20.021960327759544,20.02237172531534,20.022763204826678,20.023135528811473,20.023489460501704
-0.06816,20.0,20.00000000006166,20.000000014998523,20.0000004092947,20.000003642257173,20.000017136638057,20.000054289083838,20.000132291260257,20.000268410488793,20.000476772852174,20.000766575401308,20.001141682177188,20.001601154384602,20.002140243423494,20.002751502484475,20.003425815003137,20.004153247293832,20.004923701480823,20.005727381896396,20.00655510427344,20.007398481098207,20.008250014342188,20.00910312205329,20.009952119932148,20.010792174021912,20.01161923639356,20.012429972300453,20.013221684646748,20.013992239645965,20.014739996110407,20.01546373978891,20.01616262345953,20.016836113002938,20.017483939368653,20.018106056151613,20.018702602384852,20.019273870099354,20.01982027618524,20.020342338096025,20.020840652960196,20.02131587969532,20.02176872375489,20.02219992417429,20.022610242617567,20.023000454160385,20.023371339575558,20.0237236789159
-0.06792,20.0,20.000000000071626,20.000000016800048,20.000000448300703,20.000003929862327,20.000018293137334,20.00005749126578,20.00013922647066,20.000281080221665,20.000497247699524,20.000796780488187,20.00118324879458,20.00165534113287,20.002207914054825,20.0028331430944,20.003521574679397,20.00426298997862,20.005047060636027,20.005863812757745,20.006703930841145,20.00755893661611,20.00842127503001,20.00928433444456,20.010142422472786,20.010990713705084,20.011825181217457,20.01264252028658,20.013440070077262,20.014215737089476,20.01496792271679,20.015695456251624,20.0163975339709,20.017073664464856,20.01772362006812,20.01834739406624,20.01894516324712,20.019517255319062,20.020064120705666,20.02058630824044,20.021084444310322,20.021559215031463,20.022011351078294,20.02244161482509,20.022850789496296,20.02323967005684,20.023609055605764,20.02395974306571
-0.06767999999999999,20.0,20.000000000083176,20.000000018814095,20.000000490939676,20.000004239567257,20.000019525268577,20.00006087569784,20.000146510962953,20.000294321917178,20.00051855959441,20.000828113186074,20.00122624227007,20.001711248263675,20.002277581794086,20.002917033068123,20.00361980685284,20.004375396961272,20.005173244192836,20.006003197373463,20.00685581157864,20.00772252011814,20.00859571351704,20.009468753134424,20.01033594113535,20.011192463171426,20.01203431566309,20.012858226049424,20.013661571685265,20.01444230107816,20.0151988597243,20.015930121794007,20.016635328225227,20.017314031323682,20.017966045674566,20.018591404994286,20.019190324455078,20.019763167974396,20.020310419955635,20.020832660983988,20.02133054701162,20.02180479160381,20.022256150857885,20.022685410647146,20.023093375880656,20.023480861506144,20.02384868501624,20.02419766024854
-0.06744,20.0,20.00000000009656,20.000000021065276,20.00000053754218,20.00000457302411,20.000020837824696,20.000064452391115,20.00015416164558,20.00030816028929,20.000540741146388,20.00086061342598,20.00127070884168,20.001768927079993,20.002349301706072,20.003003229981644,20.003720570480418,20.00449052760311,20.005302311103616,20.006145593631597,20.007010802798614,20.007889285957393,20.008773381920605,20.009656427818364,20.01053272308084,20.011397466993813,20.01224668170791,20.013077128999523,20.01388622636995,20.014671966075305,20.01543283924987,20.01616776628562,20.016876033949515,20.017557239271607,20.018211239953853,20.01883811088288,20.01943810624251,20.02001162668813,20.020559191045557,20.02108141201923,20.02157897542896,20.022052622535178,20.02250313505554,20.022931322518005,20.023338011636113,20.02372403742964,20.02409023584807,20.02443743768516
-0.0672,20.0,20.000000000112063,20.000000023581002,20.000000588468104,20.000004932004725,20.00002223589126,20.00006823188333,20.000162196205718,20.00032262106058,20.00056382615552,20.00089432245268,20.00131669612647,20.001828430278447,20.0024231302231,20.003091792722007,20.003823925752755,20.00460844240873,20.005434321366792,20.006291060366934,20.00716896166252,20.00805928924136,20.008954333023272,20.00984740877396,20.010732815975782,20.011605770180637,20.012462321701378,20.013299268862173,20.014114071293893,20.014904766761685,20.015669893587045,20.01640841973639,20.017119678979068,20.01780331408084,20.018459226727,20.019087533712465,20.019688528857422,20.020262650080614,20.020810451068936,20.02133257700927,20.021829743886876,20.022302720898704,20.022752315575445,20.02317936125072,20.023584706557838,20.023969206673517,20.024333716063133,20.024679082513806
-0.06695999999999999,20.0,20.00000000013002,20.00000002639178,20.00000064410915,20.000005318408952,20.000023724863503,20.000072225264876,20.000170633142407,20.000337730999565,20.000587849650838,20.0009292828618,20.001364253154573,20.00188981197913,20.002499125170168,20.003182781507753,20.003929934110065,20.00472920303773,20.005569336034846,20.00643965736578,20.007330346182542,20.008232585831593,20.00913862027054,20.01004174685705,20.01093626798706,20.011817418169652,20.01268127835806,20.013524685669925,20.01434514387511,20.015140738027334,20.015910055197608,20.016652112288153,20.017366291249015,20.01805228159519,20.018710029861843,20.01933969548862,20.019941612554042,20.020516256761944,20.02106421709472,20.021586171580296,20.022082866662384,20.02255509971089,20.02300370425738,20.023429537587333,20.02383347036446,20.02421637800278,20.024579133538293,20.024922601784564
-0.06671999999999999,20.0,20.000000000150806,20.000000029531574,20.000000704891576,20.000005734273564,20.000025310464252,20.000076444206037,20.00017949180104,20.000353517959343,20.000612847929993,20.00096553863802,20.001413430404085,20.001953127756202,20.00257734579079,20.003276257909942,20.004038658258555,20.004852872316892,20.00570741722278,20.00659144537114,20.00749501522399,20.00840923234374,20.009326297768958,20.01023949349823,20.011143127777174,20.012032456822237,20.01290359475109,20.01375341975548,20.01457948177957,20.015379914963745,20.016153356703576,20.01689887420656,20.01761589878623,20.01830416772201,20.018963673265084,20.01959461823424,20.020197377585134,20.020772465324477,20.02132050616005,20.021842211314553,20.022338357978125,20.022809771924972,20.02325731287032,20.023681862192714,20.024084312692086,20.0244655600955,20.02482649605987,20.02516800245406
-0.06648,20.000000000000004,20.000000000174865,20.000000033038166,20.000000771279158,20.00000618178171,20.00002699876282,20.000080900985438,20.00018879240912,20.0003700109174,20.000638858599938,20.001003135193955,20.00146427983647,20.002018434668788,20.002657852772913,20.003372284873038,20.004150162186626,20.004979514252106,20.005848628116173,20.00674648608747,20.007663028507274,20.00858928614717,20.0095174202838,20.010440700698982,20.011353444499097,20.01225093241725,20.013129314305292,20.013985511744252,20.01481712291333,20.015622332855767,20.016399830878967,20.017148735872777,20.017868529701005,20.018558998423995,20.019220180874182,20.01985232398157,20.020455844194224,20.021031294335224,20.02157933526283,20.022100711743146,20.022596231995426,20.02306675042422,20.023513153105934,20.023936345648295,20.0243372430883,20.024716761537036,20.025075811318064,20.0254152913801
-0.06624,20.000000000000004,20.000000000202704,20.000000036953598,20.000000843776366,20.000006663273016,20.000028796194943,20.00008560851975,20.000198556113386,20.000387240016664,20.000665920618577,20.00104211940985,20.00151685493247,20.002085791292064,20.002740708274857,20.00347092673577,20.00426451118085,20.005109194039914,20.005993032978893,20.006904842185047,20.0078344466094,20.008772805364114,20.009712043236277,20.010645421027327,20.011567267790706,20.01247289164451,20.013358480789933,20.01422100254657,20.01505810541438,20.01586802717321,20.016649510641262,20.0174017277749,20.01812421217854,20.018816799710667,20.01947957664901,20.020112834764024,20.020717032607617,20.021292762328113,20.02184072135425,20.02236168833877,20.02285650280724,20.023326048015104,20.023771236572035,20.024192998445752,20.024592271006068,20.024969990814167,20.025327086901342,20.02566447531628
-0.06599999999999999,20.000000000000004,20.000000000234905,20.000000041324615,20.000000922931836,20.00000718125435,20.00003070958373,20.00009058039472,20.000208805018204,20.00040523660775,20.000694074337428,20.001082539673977,20.001571210728464,20.002155257748655,20.00282597595131,20.00357224925178,20.00438177184167,20.005241978078757,20.006140697160383,20.00706657730388,20.00800933096505,20.00895984886837,20.009910222700327,20.01085370761304,20.01178464776877,20.012698381597847,20.013591138311043,20.01445993334952,20.01530246764413,20.0161170335621,20.016902429042567,20.017657880499115,20.018382974470114,20.019077597629746,20.019741884563327,20.020376172607847,20.020980963026254,20.02155688779605,20.02210468133105,20.02262515650825,20.023119184430985,20.0235876774204,20.024031574785926,20.024451830980613,20.024849405797585,20.025225256309184,20.02558033029075,20.025915560906533
-0.06576,20.000000000000004,20.00000000027215,20.0000000462032,20.0000010093421,20.000007738411252,20.000032746161754,20.00009583089753,20.00021956222543,20.00042403329248,20.0007233615453,20.00112444592375,20.001627403853295,20.00222689574016,20.002913720979308,20.003676319610147,20.004502012098826,20.00537793397981,20.006291687102497,20.007231756057113,20.008187743867115,20.009150476283494,20.010112015398864,20.0110656141424,20.0120056350225,20.012927449767734,20.013827331303393,20.014702345608416,20.015550248178563,20.016369387835663,20.01715861926049,20.01791722472058,20.018644844884058,20.01934141825819,20.02000712859603,20.020642359523578,20.021247655617415,20.021823689182877,20.022371232027776,20.022891131585045,20.02338429080127,20.023851651272192,20.024294179167647,20.024712853545765,20.025108656708063,20.02548256629394,20.025835548854204,20.026168554679643
-0.06552,20.000000000000007,20.000000000315204,20.00000005164715,20.00000110365563,20.000008337620134,20.000034913594305,20.00010137505057,20.000230851875624,20.000443663968646,20.000753825512984,20.001167889687594,20.001685492565496,20.002300768578927,20.003004010084183,20.003783206455715,20.00462530122646,20.005517130577413,20.0064460703459,20.00740044403398,20.008369748466784,20.009344747980492,20.01031747869957,20.011281194852447,20.012230280606634,20.01316014403346,20.014067104522017,20.014948281037867,20.01580148579901,20.01662512596494,20.01741811458873,20.01817979119403,20.018909851776467,20.019608287693092,20.020275332722225,20.020911417497327,20.02151713050624,20.02209318487516,20.022640390208807,20.02315962882156,20.023651835762525,20.02411798210475,20.024559061033177,20.024976076324915,20.02537003286944,20.025741928923814,20.026092749840714,20.026423463043738
-0.06527999999999999,20.000000000000007,20.000000000364967,20.00000005772067,20.00000120657722,20.00000898196125,20.000037220003833,20.000107228646673,20.000242699190775,20.000464163876078,20.000785511038927,20.001212924127472,20.001745536790988,20.0023769412199,20.003096911565468,20.00389297990917,20.004751709857878,20.005659637939118,20.00660391553596,20.00757270780223,20.008555408773034,20.009542725074976,20.010526670610147,20.011500504524754,20.012458636034044,20.01339651265491,20.01431050303334,20.01519778160249,20.016056219482596,20.01688428406908,20.01768094842734,20.018445610744106,20.01917802354165,20.019878232042302,20.020546520904055,20.021183368481882,20.021789407767084,20.022365393193816,20.022912172560286,20.02343066338138,20.023921833061493,20.024386682347373,20.024826231587504,20.025241509385985,20.025633543294045,20.026003352231637,20.026351940374585,20.026680292280716
-0.06504,20.000000000000007,20.000000000422464,20.00000006449512,20.000001318872673,20.0000096747325,20.00003967399568,20.000113408285813,20.000255130518475,20.000485569644013,20.000818464495957,20.00125960408217,20.001807598161108,20.002455480292696,20.003192495322693,20.004005711586913,20.004881309999924,20.00580552737521,20.006765292428156,20.007748614910007,20.008744789651654,20.009744469423797,20.010739649773083,20.01172359847869,20.012690753267883,20.01363660426385,20.01455757220589,20.015450889507225,20.016314488392325,20.01714689840534,20.017947154272715,20.018714714255434,20.01944938860235,20.020151277414826,20.020820717081378,20.021458234387598,20.022064507414733,20.022640332385613,20.023186595681928,20.023704250331356,20.024194296339665,20.024657764317062,20.025095701917675,20.025509162674393,20.02589919686821,20.026266844121587,20.026613127449554,20.02693904854065
-0.0648,20.00000000000001,20.000000000488885,20.000000072049748,20.000001441373932,20.000010419464086,20.000042284685133,20.000119931413405,20.00026817337766,20.000507919339768,20.000852733879018,20.001307986111204,20.001871740051055,20.002536454133693,20.003290832881095,20.004121474620586,20.005014175046977,20.0059548714478,20.006930271892937,20.007928233887174,20.008937956823623,20.009950043621092,20.01095647545981,20.01195053256415,20.012926684713225,20.013880467854758,20.01480835770057,20.015707647187224,20.01657633186677,20.0174130053587,20.018216765707244,20.018987132662385,20.019723975399693,20.020427449911015,20.021097945162165,20.021736037073133,20.022342449395396,20.022918020614522,20.02346367607868,20.02398040463363,20.02446923912559,20.024931240211192,20.025367482985704,20.025779046006324,20.026167002345776,20.026532412362997,20.026876317922888,20.02719973783618
-0.06455999999999999,20.000000000000014,20.000000000565585,20.000000080472564,20.000001574984566,20.000011219934148,20.000045061725856,20.00012681636015,20.00028185650586,20.000531252518748,20.000888368853882,20.001358128539447,20.001938027618664,20.002619932818245,20.003391997417147,20.004240343676358,20.005150379794483,20.006107743979367,20.00709892592,20.008111634246063,20.009134976862953,20.010159510993784,20.011177207564362,20.012181363153797,20.01316648320821,20.014128152775214,20.015062905460493,20.015968097297385,20.016841789409423,20.01768264143117,20.018489816388684,20.019262896938585,20.020001812382876,20.02070677561252,20.021378229012765,20.022016798335994,20.022623253577603,20.023198475952896,20.023743430152255,20.02425914113746,20.02474667482706,20.025207122100024,20.025641585621457,20.026051169061905,20.026436968341617,20.02680006458415,20.027141518509477,20.027462366036833
-0.06431999999999999,20.000000000000018,20.000000000654136,20.00000008986127,20.00000172068571,20.000012080185314,20.000048015339786,20.000134082383592,20.00029620990811,20.00055561027583,20.00092542080691,20.001410091502358,20.002006527843484,20.002705988192915,20.003496063783924,20.00436239497379,20.005290000452053,20.006264220060785,20.007271327622032,20.008298886481594,20.00933591719392,20.010372935596465,20.01140190659644,20.0124161471347,20.01341020201467,20.01437970871577,20.015321261700397,20.016232282701452,20.017110900677668,20.017955843230748,20.018766340039203,20.019542038086136,20.020282927998654,20.020989280572007,20.021661592447924,20.022300539902883,20.02290693974289,20.023481716372526,20.02402587419253,20.024540474571022,20.025026616723256,20.025485421919168,20.02591802051544,20.02632554137831,20.026709103325057,20.027069808266013,20.02740873577584,20.027726938863342
-0.06408,20.000000000000025,20.000000000756337,20.000000100324304,20.000001879542477,20.00001300454235,20.00005115634851,20.00014174971134,20.00031126490742,20.000581035298072,20.00096394289581,20.001463936991872,20.002077309566175,20.002794693907703,20.003603108536243,20.00448770630437,20.005433114656032,20.006424376058764,20.00744755123778,20.008490062070795,20.009540846087628,20.010590382205663,20.011630633673885,20.01265494189947,20.01365789480824,20.014635185699376,20.015583472895578,20.016500246460687,20.01738370547136,20.018232647460035,20.019046370434125,20.019824587124553,20.020567350680494,20.021274990802656,20.02194805922061,20.022587283419888,20.023193527576332,20.023767759735573,20.02431102436885,20.024824419533044,20.02530907795673,20.025766151461966,20.02619679821152,20.026602172342837,20.026983415613245,20.027341650735938,20.027677976134136,20.027993461881948
-0.06384,20.00000000000003,20.00000000087426,20.000000111981986,20.00000205271088,20.000013997630848,20.000054496206232,20.000149839586065,20.000327054196962,20.00060757191881,20.001003990101342,20.001519728902895,20.00215044352815,20.002886125448285,20.00371320995556,20.004616357049592,20.005579801481552,20.006588289622666,20.00762767213452,20.00868523347164,20.009749832657985,20.01081191631351,20.011863450514547,20.012897805336777,20.01390961566795,20.014894634070295,20.015849585770397,20.01677203182217,20.017660243721053,20.018513090904516,20.019329941390353,20.020110575079418,20.02085510883755,20.021563932267426,20.022237653011636,20.022877050442464,20.023483036656952,20.024056623785313,20.02459889672117,20.025110990484354,20.02559407152536,20.026049322371772,20.026477929099563,20.026881071185894,20.027259913364514,20.02761559916132,20.02794924583613,20.028261940498652
-0.06359999999999999,20.00000000000004,20.00000000101028,20.000000124967773,20.00000224144527,20.000015064397118,20.00005804703439,20.000158374312306,20.00034361189391,20.000635266173134,20.00104561928007,20.001577533080372,20.002226002411437,20.002980360168127,20.00382644807456,20.004748428198607,20.005730141454013,20.006756039690732,20.00781176680984,20.008884474121228,20.00996294685695,20.011037604120737,20.01210041942756,20.013144795821354,20.014165419065254,20.015158104482513,20.016119647286317,20.01704768220665,20.017940555475818,20.018797210420477,20.019617086754486,20.02040003297077,20.02114623084335,20.021856130868123,20.022530397419104,20.023169862425277,20.023775486447924,20.024348326136796,20.02488950715111,20.025400201739327,20.025881610274176,20.02633494613418,20.026761423408058,20.02716224697396,20.027538604571657,20.02789166054321,20.028222550967143,20.028532379953464
-0.06336,20.000000000000046,20.00000000116714,20.000000139429666,20.000002447106386,20.00001621012926,20.000061821657944,20.00016737730516,20.00036097359504,20.000664165854747,20.001088889218057,20.00163741736691,20.00230406087875,20.003077477320552,20.00394290470142,20.00488400236535,20.005884216559963,20.006927706495603,20.007999912892718,20.009087858433258,20.01018025946914,20.011267512529002,20.012341603303973,20.01339597220334,20.014425359852524,20.015425647887646,20.016393704629483,20.01732724119596,20.018224680890686,20.019085042922576,20.01990784039063,20.020692991801194,20.02144074502422,20.02215161243419,20.0228263159476,20.02346574071183,20.024070896286663,20.024642884267315,20.025182871412863,20.025692067457218,20.026171706887087,20.026623034069164,20.027047291196613,20.02744570860247,20.02781949705518,20.02816984170994,20.02849789743997,20.028804785314637
-0.06312,20.00000000000006,20.00000000134797,20.000000155531737,20.000002671169995,20.000017440479546,20.00006583364349,20.000176873140873,20.00037917643405,20.000694320574222,20.0011338606855,20.00169945165096,20.002384695613706,20.003177558090634,20.00406266344371,20.005023163805177,20.00604211025734,20.007103371569162,20.008192189143905,20.00929546179475,20.0104018421057,20.011501709132567,20.012587065606724,20.01365139379707,20.014689493250984,20.015697315522356,20.016671805197813,20.017610752520056,20.01851266021372,20.019376625371095,20.02020223616788,20.020989482543637,20.0217386796475,20.022450402711335,20.023125431997258,20.023764706523956,20.02436928537472,20.024940315506818,20.02547900510403,20.02598660163342,20.026464373878586,20.02691359732316,20.027335542348432,20.02773146478868,20.02810259845653,20.02845014931065,20.028775290988754,20.02907916147288
-0.06287999999999999,20.000000000000078,20.000000001556376,20.000000173455824,20.000002915236234,20.000018761488146,20.000070097339176,20.000186887609416,20.000398259140685,20.00072578181865,20.001180596492336,20.001763707915455,20.002467985361164,20.003280685626898,20.004185809731876,20.005165998430872,20.006203907485045,20.007283117746645,20.008388675455528,20.00950736056207,20.01062776719744,20.011740262209244,20.012836870359987,20.01391112036923,20.01495787483808,20.015973158895207,20.01695399658765,20.017898260043562,20.01880453377268,20.019671994758802,20.0205003079475,20.021289536128954,20.022040062909472,20.02275252734991,20.023427768852578,20.0240667809511,20.024670672767602,20.02524063702811,20.0257779236563,20.026283818090597,20.026759623585306,20.02720664686106,20.027626186562753,20.028019524064455,20.028387916231274,20.028732589808854,20.029054737162916,20.029355513135567
-0.06264,20.000000000000096,20.000000001796494,20.000000193403398,20.000003181039624,20.0000201796083,20.00007462791657,20.000197447769107,20.000418262101665,20.00075860301269,20.00122916154476,20.001830260286965,20.00255401096765,20.00338694507281,20.004312430842244,20.005312593828105,20.00636969467179,20.00746702916997,20.008589452849908,20.00972363205612,20.010858107987247,20.011983240710652,20.013091082137827,20.0141752121264,20.015230560534267,20.016253229773035,20.017240326579888,20.01818980775193,20.019100341961305,20.0199711880975,20.0208020895698,20.02159318343317,20.022344922923086,20.023058011893056,20.02373334967109,20.02437198493949,20.02497507736436,20.02554386583699,20.026079642326042,20.026583730469756,20.027057468157544,20.027502193458186,20.027919233347184,20.028309894769055,20.02867545764224,20.029017169475953,20.02933624132097,20.02963384482094
-0.0624,20.000000000000124,20.00000000207307,20.000000215597613,20.0000034704599,20.00002170173296,20.00007944141453,20.000208582003285,20.000439227423442,20.00079283958101,20.001279622902636,20.001899185085225,20.002642855421794,20.003496423597987,20.00444261591956,20.005463039270172,20.006539559744205,20.007655191290297,20.008794603477593,20.009944354556776,20.011092938521703,20.012230714251732,20.013349766052173,20.014443729701966,20.015507606589242,20.016537580166766,20.017530843125684,20.01848543973716,20.019400125225214,20.0202742424042,20.021107614840673,20.021900455264458,20.02265328770539,20.023366881764694,20.024042197471807,20.02468033928109,20.025282517897097,20.025850018762252,20.02638417618483,20.026886352221226,20.027357919550703,20.027800247692152,20.028214692010046,20.028602585041874,20.02896522975265,20.02930389438473,20.02961980862442,20.029914160852297
-0.06215999999999999,20.000000000000156,20.00000000239154,20.000000240285566,20.000003785533615,20.000023335223062,20.00008455478516,20.000220320079237,20.000461198996963,20.000828549012322,20.00133204983803,20.00197056087343,20.00273460389515,20.00360921042948,20.004576455999405,20.00561742573257,20.006713592134666,20.007847690870243,20.009004210615057,20.010169607297012,20.01133233364245,20.012482753100038,20.013612987740615,20.014716734142866,20.015789069568022,20.016826262317164,20.017825594332052,20.018785200183483,20.019703924047803,20.020581194687352,20.021416917518245,20.02221138235022,20.02296518516509,20.023679162257555,20.024354335123814,20.024991864602715,20.025593012920606,20.026159112445804,20.02669154011004,20.027191696595754,20.027660989516868,20.028100819934917,20.028512571652826,20.028897602815277,20.029257239419394,20.029592770402992,20.029905444031748,20.030196465352333
-0.061919999999999996,20.000000000000195,20.00000000275815,20.000000267740784,20.000004128466696,20.000025087937637,20.000089985942413,20.000232693210215,20.00048422256579,20.00086579092693,20.001386513897426,20.00204446851228,20.002829343786964,20.00372539688725,20.004714044034962,20.005775845912044,20.006891882793752,20.00804461599088,20.009218358667216,20.01039947046185,20.011576368982396,20.01273942816983,20.013880813358952,20.01499428690101,20.01607500634162,20.017119328685013,20.018124628451822,20.019089133357223,20.02001177894017,20.020892081936903,20.02173003130313,20.02252599532765,20.023280643093457,20.023994878524423,20.024669785337853,20.02530658135799,20.02590658080467,20.026471163335373,20.02700174877791,20.027499776637924,20.027966689598543,20.02840392034682,20.028812881164534,20.029194955809302,20.029551493287958,20.02988380318878,20.030193152293847,20.030480762238835
-0.06167999999999999,20.00000000000025,20.00000000318004,20.000000298265963,20.000004501647954,20.000026968265814,20.000095753813312,20.000245734120472,20.000508345797357,20.000904627147378,20.001443088966912,20.002120991216998,20.00292716477186,20.003845076422486,20.004855474926682,20.005938394248577,20.007074524205688,20.008246056061687,20.009437133172963,20.010634025190367,20.011825120964904,20.01300081101914,20.014153309576606,20.015276449827557,20.01636547408046,20.017416831943986,20.01842799387614,20.01939728359914,20.020323730433383,20.021206941116652,20.022046989830926,20.0228443247364,20.02359968915718,20.02431405557127,20.02498857065972,20.025624509821014,20.026223239728015,20.0267861876787,20.02731481665801,20.02781060518087,20.028275031123627,20.028709558871807,20.029115629217166,20.029494651527305,20.029847997788305,20.030176998186462,20.030482937950328,20.030767055221148
-0.061439999999999995,20.000000000000313,20.000000003665413,20.00000033219599,20.000004907663644,20.000028985160768,20.000101878391714,20.00025947711294,20.000533618356606,20.000945121771046,20.0015018513389,20.00220021461537,20.003028158848206,20.003968344656343,20.00500084555212,20.006105166947393,20.00726161040366,20.008452101830365,20.00966062081046,20.010873353577406,20.012078666802743,20.013266973846555,20.014430543571837,20.01556328516691,20.016660530247574,20.017718824973283,20.018735739126804,20.019709695316582,20.020639819070638,20.02152580915643,20.022367826664546,20.023166401011082,20.02392235089114,20.024636718250246,20.025310713463526,20.025945670079878,20.02654300767211,20.027104201517634,20.027630758007614,20.028124194840906,20.0285860252003,20.02901774523258,20.029420824261074,20.02979669725156,20.03014675913071,20.030472360622724,20.03077480532573,20.03105534779656
-0.0612,20.00000000000039,20.000000004223644,20.000000369901258,20.00000534931312,20.000031148175733,20.000108380794686,20.00027395813965,20.000560091982134,20.000987341244816,20.00156287978032,20.002282226806862,20.00313242038707,20.00409529941901,20.00515025479586,20.006276262000885,20.007453236984947,20.008662845392347,20.00988890940216,20.011117538674977,20.012337084496668,20.01353798948768,20.01471258302659,20.015854855550437,20.01696023259151,20.01802536085002,20.0190479128483,20.0200264129754,20.020960085399135,20.021848722944092,20.02269257528634,20.023492254473624,20.024248655690965,20.02496289125251,20.025636235944805,20.026270082030084,20.026865902414862,20.027425220682094,20.02794958686593,20.028440558012043,20.0288996827118,20.0293284889256,20.02972847452022,20.03010110003877,20.030447783301447,20.030769895502527,20.031068758525617,20.031345643246613
-0.06095999999999999,20.000000000000494,20.00000000486548,20.0000004117913,20.000005829625668,20.00003346750214,20.000115283321623,20.000289214874964,20.000587820564828,20.00103135444173,20.001626255602375,20.00236711842274,20.00324004618192,20.004226040789064,20.00530380357953,20.006451779210447,20.00764950112589,20.008878380200088,20.010122087919466,20.01136666449335,20.012600452833706,20.013813931411285,20.01499949612106,20.016151223989883,20.017264639138954,20.01833649284132,20.019364563799638,20.020347481091637,20.02128456996176,20.02217571931728,20.023021269090027,20.023821915325403,20.024578630805415,20.025292599100908,20.02596516011347,20.026597765367782,20.02719194152415,20.02774926078391,20.02827131704822,20.028759706860384,20.029216014311075,20.02964179921601,20.030038587987345,20.030407866715446,20.030751076058422,20.031069607604895,20.031364801432613,20.031637944633307
-0.060719999999999996,20.000000000000618,20.000000005603216,20.000000458318812,20.0000063518786,20.000035954010034,20.00012260951627,20.000305286791765,20.000616860229147,20.001077232739775,20.00169206273182,20.00245498268726,20.003351135498832,20.004360671133192,20.005461594891894,20.006631820208238,20.007850501596618,20.00909880107204,20.010360246487135,20.011620816001766,20.012868851385065,20.01409487371508,20.01529135152791,20.016452453870453,20.017573808187016,20.018652274396132,20.01968574084587,20.020672944222937,20.021613313288533,20.022506835054962,20.023353941372424,20.024155413639193,20.02491230332863,20.025625866142455,20.026297507786605,20.026928739582857,20.027521142351222,20.028076337210496,20.028595962139775,20.02908165331837,20.029535030415317,20.029957685132423,20.030351172419,20.030717003873175,20.031056642926654,20.031371501478652,20.031662937702325,20.031932254795205
-0.06047999999999999,20.000000000000778,20.000000006450925,20.000000509984037,20.000006919616727,20.00003861929092,20.000130384231703,20.000322215240633,20.000647269417055,20.001125050102797,20.00176038778381,20.002545915479917,20.003465790127443,20.004499295146157,20.005623733819,20.006816488478815,20.00805633877556,20.009324204201334,20.010603476387274,20.011880079128822,20.013142360503696,20.01438089112116,20.015588218406112,20.01675860894355,20.01788779829525,20.018972759136734,20.020011492949337,20.02100284695971,20.021946355887764,20.02284210686875,20.023690625324946,20.02449277935092,20.02524970019211,20.02596271654066,20.026633300581082,20.02726302395187,20.02785352202391,20.028406465118405,20.02892353548976,20.029406409078927,20.02985674120037,20.0302761554616,20.03066623533048,20.031028517863795,20.03136448919368,20.031675581438023,20.031963170759134,20.032228576343464
-0.060239999999999995,20.000000000000973,20.000000007424703,20.00000056733962,20.000007536673273,20.000041475703103,20.000138633698423,20.000340043532198,20.000679108974676,20.001174883163586,20.001831320136333,20.002640015398715,20.003584114432424,20.004642019891087,20.005790327574363,20.007005889380633,20.0082671146637,20.009554687164165,20.01085187006304,20.01214454076245,20.013421061321463,20.01467205897103,20.015890166394474,20.017069753319195,20.01820666827729,20.019298000849965,20.02034186916065,20.02133723391601,20.022283738237025,20.023181571393973,20.02403135402489,20.024834042251182,20.025590848156543,20.026303174267635,20.026972559905992,20.027600637530796,20.028189097439736,20.028739659426705,20.029254050204898,20.02973398558942,20.03018115659497,20.030597218742958,20.030983783990596,20.031342414794434,20.03167461990483,20.031981851558125,20.032265503791937,20.032526911657715
-0.06,20.000000000001222,20.000000008542955,20.000000630995896,20.00000820719233,20.00004453641974,20.000147385595756,20.00035881702271,20.000712442241824,20.001226811309166,20.00190495200622,20.0027373838245,20.003706215405604,20.004788954839995,20.00596148552915,20.007200130167394,20.008482932898573,20.0097903489278,20.01110552112189,20.012414288749518,20.013705035745893,20.014968453220288,20.016197265604735,20.017385951458053,20.018530477192215,20.01962805347807,20.02067691860933,20.021676149720143,20.022625500773778,20.023525265180496,20.024376160426456,20.025179231976573,20.025935773803432,20.026647263096034,20.027315306954904,20.02794159914761,20.028527885258793,20.02907593481021,20.02958751914301,20.03006439404552,20.03050828627492,20.03092088326302,20.031303825416373,20.031658700522428,20.03198703985838,20.032290315670362,20.0325699397497,20.032827262881867
-0.059759999999999994,20.000000000001528,20.000000009826717,20.000000701626725,20.000008935652996,20.00004781547967,20.000156669126607,20.000378583202952,20.00074733514435,20.001280916768355,20.001981378526807,20.00283812498634,20.00383220271869,20.004940211914555,20.00613731924239,20.007399320009203,20.008703898767962,20.010031289858247,20.011364524338497,20.012689411895,20.01399436645656,20.015270150432876,20.01650958661433,20.01770726816312,20.018859284335466,20.019962971109287,20.02101669049416,20.022019639004963,20.022971683885796,20.023873224683275,20.024725077351587,20.025528378000747,20.026284503526465,20.02699500659076,20.027661562697926,20.02828592739469,20.02886990189649,20.02941530569253,20.029923954906394,20.030397645384873,20.030838139657025,20.03124715704963,20.03162636636755,20.031977380650098,20.032301753600567,20.03260097735767,20.03287648133697,20.03312963191979
-0.059519999999999997,20.00000000000191,20.00000001130004,20.000000779975892,20.000009726895293,20.000051327841263,20.000166515095778,20.000399391790616,20.00078385628951,20.001337284701595,20.002060697827158,20.00294234602796,20.00396218877653,20.005095905527128,20.00631794249113,20.007603570013547,20.008930119223283,20.01027761172754,20.011628975657203,20.012969999960728,20.014289136900977,20.015577227774884,20.01682720045867,20.018033768570987,20.019193149229476,20.02030280796802,20.02136123407321,20.02236774639788,20.023322327901244,20.02422548625266,20.025078137480467,20.02588150962528,20.02663706352269,20.02734642810048,20.02801134787354,20.028633640621024,20.029215163516096,20.029757786238985,20.030263369835033,20.030733750280632,20.03117072589294,20.031576047866107,20.031951413341,20.032298460519414,20.032618765420523,20.03291383994966,20.033185131009205,20.033434020430875
-0.05927999999999999,20.000000000002387,20.000000012990373,20.000000866864106,20.00001058614798,20.000055089439332,20.000176955991964,20.000421294826275,20.000822077064324,20.001396003293156,20.002143011113013,20.0030501570752,20.00409628877098,20.00525615262195,20.006503471300544,20.00781299324603,20.009161702892627,20.010529417720594,20.011898972194047,20.01325614366367,20.014589431290087,20.01588976300797,20.01715017862308,20.018365518142716,20.019532131613893,20.02064761840469,20.021710598653524,20.02272051651055,20.023677473078482,20.024582086124404,20.025435373341843,20.026238655970246,20.02699347978345,20.02770155074892,20.028364682980285,20.028984756924203,20.029563686021103,20.03010339034928,20.030605775999643,20.031072719134833,20.031506053862863,20.03190756320519,20.03227897256496,20.03262194520651,20.032938079345,20.033228906517603,20.03349589096801,20.033740429825478
-0.059039999999999995,20.00000000000298,20.000000014929093,20.000000963196687,20.000011519058408,20.000059117245428,20.000188026073626,20.00044434677302,20.000862071737064,20.00145716384565,20.002228422749297,20.003161671304504,20.0042346207353,20.00542107271655,20.006694023974,20.008027704750873,20.009398760093447,20.01078681244169,20.01217461223832,20.01354793467376,20.014895334593234,20.016207834482255,20.017478593034223,20.018702582654306,20.019876291435374,20.020997456885215,20.022064833580416,20.023077993928197,20.024037159595572,20.02494306040938,20.025796817303018,20.026599845964576,20.027353778085075,20.028060397425904,20.028721588268155,20.029339294142236,20.029915485047397,20.03045213165004,20.030951185194542,20.03141456207156,20.031844132168995,20.03224171028286,20.03260904999312,20.032947839516034,20.03325969913302,20.033546179869326,20.03380876315623,20.03404886126022
-0.0588,20.000000000003716,20.000000017151994,20.000001069972015,20.000012531724547,20.000063429331526,20.00019976145883,20.00046860461993,20.000903917561942,20.001520860877015,20.002317040344373,20.003277005012475,20.004377305599075,20.005590787943294,20.006889721122977,20.008247821571103,20.009641402844856,20.011049901920423,20.012455995253646,20.013845465611176,20.01520693253268,20.016531521128787,20.01781251605111,20.019045028186703,20.020225688837016,20.021352377980065,20.022423988226475,20.02344022319866,20.024401427539445,20.025308445083002,20.02616250155956,20.026965108336096,20.027717983979315,20.028422990778193,20.029082083729815,20.029697269845126,20.030270575955203,20.03080402348714,20.031299608930304,20.03175928892999,20.032184969128927,20.03257849603197,20.032941651298582,20.033276147975375,20.033583628270332,20.033865662543896,20.034123749252913,20.03435931563319
-0.058559999999999994,20.000000000004633,20.00000001969994,20.00000118829074,20.00001363072936,20.00006804493743,20.000212200219305,20.00049412798945,20.000947694887014,20.00158719221991,20.002408974835895,20.0033962776864,20.00452446724366,20.00576542309109,20.007090685696884,20.0084734627685,20.00988974487949,20.01131879361723,20.012743221878548,20.01414883004318,20.015524311577582,20.016860902451487,20.018152020455616,20.019392921115358,20.020580384147326,20.021712436352963,20.022788111980127,20.02380724882102,20.024770316894728,20.025678275974332,20.026532458124773,20.027334471601353,20.028086122783517,20.02878935320004,20.029446189091566,20.030058701326233,20.03062897382085,20.03115907891781,20.031651058426274,20.032106909257205,20.03252857276876,20.03291792709574,20.033276781867617,20.03360687482872,20.03390986996376,20.034187356806243,20.03444085066813,20.034671793578962
-0.05832,20.000000000005766,20.000000022619535,20.00000131936591,20.000014823177626,20.000072984542,20.00022538247882,20.000520979248886,20.00099348726547,20.001656259123596,20.002504340578405,20.003519612075813,20.004676232558097,20.00594510564717,20.007297043012723,20.00870474944314,20.010143901654956,20.011593596428387,20.01303639392645,20.01445812248032,20.015847558937438,20.017196058518564,20.018497179442505,20.019746328099338,20.020940437868763,20.022077686749125,20.023157254233837,20.024179115233895,20.02514386753225,20.026052588754858,20.026906718818765,20.02770796405509,20.028458219570524,20.029159506823508,20.029813923804074,20.030423605593406,20.030990693428286,20.03151731070257,20.03200554460282,20.032457432300827,20.032874950816122,20.03326000982103,20.033614446793273,20.03394002403094,20.034238427135346,20.03451126464156,20.034760068537636,20.034986295463526
-0.05807999999999999,20.000000000007173,20.00000002596393,20.00000146453406,20.000016116735452,20.000078269938452,20.00023935051611,20.000549223626006,20.00104138157032,20.001728166358347,20.002603255432568,20.003647134265073,20.004832731495537,20.006129965838994,20.007508920784534,20.008941804752606,20.01040399036476,20.011874420690468,20.013335614385145,20.01477343837214,20.016176762554977,20.017537069953413,20.01884806660891,20.020105316069905,20.021305910665784,20.022448183983084,20.023531464371885,20.024555866803343,20.025522119197166,20.02643141892693,20.027285315257295,20.02808561375946,20.028834299158305,20.02953347350851,20.030185307032834,20.03079199935988,20.031355749260378,20.0318787312969,20.032363078073434,20.032810867001476,20.033224110692913,20.033604750251495,20.03395465086881,20.03427559924133,20.034569302416383,20.034837387749565,20.035081403717403,20.03530282137902
-0.057839999999999996,20.000000000008914,20.000000029793725,20.000001625267313,20.000017519672596,20.00008392431389,20.000254148872482,20.00057892932904,20.001091468112556,20.001803022322413,20.00270584085612,20.003778973746858,20.004994097130027,20.006320136676145,20.00772644915266,20.0091847539308,20.010670129948778,20.012161378184228,20.01364098741566,20.01509487410223,20.016512011098452,20.01788401792492,20.019204755943335,20.020469952218633,20.021676863352475,20.02282398292607,20.023910791757732,20.02493754781035,20.02590511149671,20.026814801811856,20.02766827884023,20.02846744853291,20.02921438609926,20.02991127483259,20.03056035764838,20.031163899034897,20.031724155489986,20.032243352842734,20.03272366913657,20.033167221984986,20.033576059507922,20.03395215412047,20.034297398580943,20.034613603817142,20.03490249814123,20.03516572753865,20.03540485677798,20.035621371138358
-0.0576,20.00000000001107,20.00000003417797,20.000001803186688,20.000019040907837,20.000089972333367,20.00026982446435,20.000610167671088,20.001143840762904,20.001880939151555,20.002812221996518,20.003915263496697,20.005160465713804,20.006515753992304,20.007949760712705,20.00943372430631,20.010942441103136,20.01245458213791,20.013952618350476,20.015422526982697,20.016853393953348,20.01823698413722,20.019567321814016,20.020840303984944,20.022053356879606,20.023205138492898,20.024295285720928,20.02532420243794,20.026292883887574,20.027202772537617,20.028055640739677,20.02885349593876,20.029598504669263,20.030292932080375,20.030939094216215,20.031539320714106,20.032095925970758,20.032611187159674,20.033087327767294,20.033526505554423,20.033930804049206,20.034302226843728,20.034642694102896,20.034954040806973,20.035238016340983,20.03549628511978,20.035730427998693,20.035941944269656
-0.057359999999999994,20.00000000001373,20.000000039195328,20.00000200007659,20.00002069005754,20.00009644022863,20.00028642670085,20.000643013199113,20.001198597077213,20.00196203283122,20.00292252778525,20.004056140048416,20.005331976734887,20.006716956487146,20.008178990544234,20.009688845320298,20.011221046289545,20.012754147229888,20.014270613691128,20.01575649524797,20.017201001213408,20.018596050818783,20.01993583895678,20.021216439043133,20.02243545232122,20.023591705628387,20.02468499554358,20.025715874757815,20.02668547566286,20.02759536602623,20.028447431887752,20.029243783273415,20.029986678856346,20.030678466232786,20.03132153498646,20.03191828016966,20.0324710742277,20.032982245735976,20.03345406360868,20.033888725681898,20.034288350776254,20.03465497351199,20.034990541287282,20.035296912943927,20.035575858736962,20.035829061300277,20.036058117361673,20.036264540010528
-0.05712,20.00000000001702,20.00000004493538,20.00000221790071,20.000022477487683,20.000103355891795,20.00030400760664,20.000677543827482,20.00125583842527,20.002046423310926,20.003036891033368,20.004201743569922,20.005508772974444,20.00692388576754,20.00841427623842,20.009950248543184,20.011506069743277,20.013060189589947,20.014595081104382,20.016096878047204,20.017554923670374,20.018961300710274,20.020310382461616,20.021598425288218,20.022823210860096,20.023983739292735,20.025079970445844,20.02611260871611,20.027082925938192,20.027992616980264,20.0288436829636,20.029638337553905,20.030378932348746,20.03106789795556,20.031707697882933,20.032300792839777,20.03284961344722,20.033356539719083,20.03382388596276,20.03425388999992,20.03464870581176,20.035010398883095,20.035340943658596,20.03564222263849,20.035916026733876,20.036164056577284,20.036387924545632,20.03658915730212
-0.05687999999999999,20.000000000021075,20.000000051500113,20.00000245881934,20.00002441436939,20.00011074897374,20.000322621949223,20.000713840974722,20.00131567012102,20.002134234618307,20.00315544852503,20.004352217935693,20.0056910005598,20.00713668638368,20.008655757920167,20.010218067685493,20.01179763747522,20.0133728267946,20.01492612941255,20.016443775431004,20.017915252798158,20.019332817047065,20.020691027754204,20.02198633081695,20.023216693768664,20.024381294442566,20.025480259567317,20.0265144481153,20.027485273634237,20.028394559866022,20.02924442437728,20.030037185502458,20.030775288520207,20.03146124758527,20.03209760048981,20.032686873816115,20.03323155646512,20.033734079904207,20.03419680377972,20.034622005791157,20.03501187493191,20.035368507372763,20.035693904404464,20.035989971970192,20.03625852141193,20.036501271130287,20.03671984891871,20.03691579478232
-0.056639999999999996,20.000000000026073,20.000000059005572,20.00000272520831,20.00002651273826,20.00011865098769,20.00034232737133,20.00075198970421,20.001378201555266,20.002225594973964,20.003278341110505,20.004507710797714,20.00587880901515,20.007355505862396,20.00890357826708,20.010492438605386,20.012095877270532,20.01369217785904,20.015263868580526,20.01679728833491,20.01828208073395,20.019710683538833,20.02107785057466,20.022380223906225,20.02361596238742,20.024784426009695,20.025885911946318,20.026921436594115,20.027892557457342,20.028801228895,20.029649686251993,20.0304403535296,20.031175770413885,20.03185853511407,20.03249126003718,20.033076537830034,20.03361691575361,20.03411487672204,20.034572825646258,20.03499307997742,20.03537786355594,20.035729303044718,20.036049426366304,20.036340162678773,20.03660334351844,20.036840704813137,20.03705388953096,20.03724445077861
-0.05639999999999999,20.00000000003223,20.000000067583766,20.000003019679674,20.00002878555779,20.000127095418314,20.00036318452892,20.000792078869534,20.001443546331608,20.002320636908372,20.003405713800145,20.004668373656475,20.006072351311737,20.00758049473954,20.009157882527266,20.010773499314922,20.01240091868598,20.01401836322777,20.015608409701503,20.01715751856173,20.01865550025825,20.020094984348145,20.02147092695536,20.022780172990654,20.024021078102642,20.025193188879204,20.026296976498543,20.0273336176069,20.028304815879682,20.029212658004848,20.03005949840599,20.03084786771688,20.031580400725957,20.03225978017409,20.032888693386255,20.033469799238627,20.034005703408067,20.034498940226243,20.034951959773736,20.035367119108443,20.03574667673555,20.036092789600676,20.036407512029836,20.036692796155197,20.03695049345934,20.037182357146023,20.037390045106704,20.037575123300837
-0.056159999999999995,20.000000000039805,20.000000077384808,20.000003345104226,20.00003124678716,20.000136117836618,20.000385257234853,20.000834201264553,20.00151182240576,20.00241949738072,20.003537715859146,20.004834361931966,20.006271783917434,20.007811806591402,20.00941881853596,20.01106138998498,20.01271289304593,20.01435150476395,20.015959864981525,20.01752456876267,20.019035604773777,20.020485804068038,20.02187033319786,20.023186246639295,20.02443210232329,20.025607637866802,20.026713501995065,20.0277510344024,20.028722087118922,20.02962888083994,20.030473890333973,20.03125975379923,20.031989201788864,20.0326650020216,20.03328991701437,20.033866672010493,20.034397931133604,20.034886280080734,20.035334213986193,20.03574412935057,20.036118319144173,20.036458970370205,20.036768163515493,20.03704787343259,20.037299971290576,20.037526227307325,20.03772831403684,20.037907810033914
-0.05592,20.000000000049113,20.00000008857933,20.000003704636136,20.000033911453585,20.000145756020927,20.000408612608624,20.000878453778302,20.00158315222817,20.002522317899682,20.003674500903095,20.005005835034567,20.00647726684562,20.008049598065014,20.009686536730815,20.01135625294884,20.01303193343695,20.01469172573735,20.016318347722635,20.01789854241725,20.019422488283237,20.02088322769855,20.022276145848835,20.02359851353152,20.024849096457164,20.026027827695525,20.027135537039758,20.028173730001996,20.02914440911732,20.03004993073142,20.030892891188156,20.031676037146955,20.032402195554234,20.03307421952081,20.033694946999667,20.034267169711296,20.034793610231407,20.035276905546773,20.035719595708127,20.036124116475193,20.0364927950661,20.03682784830043,20.0371313825687,20.037405395177032,20.037651776709428,20.03787231412539,20.03806869437105,20.038242508330434
-0.05567999999999999,20.000000000060545,20.000000101361202,20.00000410173978,20.000036795729624,20.00015605008419,20.000433321232123,20.000924937554768,20.001657662890015,20.002629244646066,20.003816226994218,20.005182956435764,20.006688963703297,20.00829402890735,20.00996119016588,20.01165823270425,20.013358174700933,20.015039150810857,20.016683972304744,20.018279543811953,20.01981624536597,20.021287340622205,20.022688441675065,20.02401704243201,20.02527212188625,20.026453812971695,20.027563130046016,20.028601747177344,20.029571819520356,20.030475840676818,20.03131652975886,20.032096742747324,20.032819403575463,20.033487451127414,20.03410379900554,20.034671305489038,20.035192751584837,20.035670825469868,20.036108111952128,20.036507085847113,20.036870108385436,20.037199425945616,20.03749717055003,20.037765361678264,20.03800590904571,20.038220616070223,20.038411183809913,20.03857921520322
-0.055439999999999996,20.000000000074568,20.000000115950638,20.000004540218985,20.000039917015663,20.000167042607888,20.000459457311774,20.000973758157677,20.001735486272512,20.002740428597306,20.0039630567382,20.00536589373856,20.00690704173829,20.008545261993255,20.01024293452411,20.01196747591403,20.013691753426706,20.01539390602557,20.017056854166075,20.01866767801758,20.02021697115336,20.021698228578373,20.023107297637445,20.024441902164845,20.025701239941277,20.026885648160157,20.02799632921288,20.029035128427445,20.030004355654814,20.03090664331919,20.03174483445472,20.03252189518583,20.03324084698996,20.0339047148718,20.034516488264764,20.035079092059114,20.035595365645328,20.036068048266454,20.03649976930634,20.036893042412665,20.037250262574943,20.037573705456644,20.03786552842525,20.038127772840294,20.038362367252894,20.038571131245078,20.038755779696988,20.038917927317804
-0.05519999999999999,20.00000000009176,20.000000132597638,20.00000502424889,20.00004329402789,20.000178778782868,20.000487098847135,20.001025025740322,20.001816759199585,20.002856025653706,20.004115157381595,20.00555481874757,20.00713167188555,20.008803463352045,20.010531928128366,20.012284131405078,20.014032807940062,20.015756118784324,20.017437109782183,20.019063050865284,20.02062476130305,20.022115977636563,20.023532790863968,20.024873161586704,20.026136511875436,20.02732338755879,20.02843518250046,20.029473915955112,20.030442054506352,20.0313423709258,20.032177833282446,20.032951518627012,20.033666546501046,20.03432602834197,20.03493302956341,20.035490541689118,20.036001462418064,20.036468581910395,20.036894573921703,20.037281990687735,20.03763326068471,20.037950688570305,20.038236456755243,20.03849262817186,20.038721149899096,20.038923857377952,20.039102479010744,20.039258640984823
-0.054959999999999995,20.000000000112813,20.000000151585947,20.00000555841068,20.000046946892173,20.000191306557372,20.00051632780621,20.00107885522053,20.001901623593835,20.00297619676638,20.004272700909592,20.00574990753858,20.00736302881232,20.00906880219272,20.010828331950815,20.012608350165685,20.014381478292165,20.016125917833676,20.017824856643514,20.019465768921254,20.021039711971913,20.02254067416857,20.02396499862171,20.02531088955914,20.026577998837297,20.027767085272288,20.028879737604736,20.029918151642867,20.030884952696525,20.031783055366287,20.03261555382618,20.033385636794957,20.034096522359533,20.034751408666136,20.03535343722442,20.035905666183385,20.036411051447416,20.03687243391927,20.037292531499066,20.03767393474558,20.03801910533069,20.038330376598505,20.038609955685814,20.038859926776826,20.039082255158014,20.039278791813025,20.039451278356484,20.03960135215235
-0.05472,20.00000000013857,20.00000017323746,20.000006147729355,20.000050897244073,20.000204676792574,20.000547230307625,20.001135366460836,20.00199022663584,20.00310110806684,20.00443586414418,20.00595134052757,20.00760129096219,20.009341450927614,20.011132309620667,20.01294028534116,20.014737906246236,20.01650343324426,20.018220213231437,20.019875939459965,20.021461919787743,20.022972404819452,20.024403998287756,20.025755154919917,20.027025761842875,20.02821679518516,20.029330041931665,20.030367877028215,20.031333086459274,20.032228728090402,20.0330580232264,20.03382427295337,20.034530794344924,20.03518087249505,20.035777725090963,20.036324476867307,20.036824141802185,20.03727961134048,20.037693647276086,20.038068878204516,20.03840779868309,20.038712770417323,20.038986024937373,20.03922966734445,20.039445680799748,20.039635931501977,20.039802173958126,20.039946056398154
-0.054479999999999994,20.000000000170054,20.00000019791719,20.000006797714843,20.000055168335464,20.00021894342593,20.00057989680987,20.001194684453917,20.002082720926726,20.00323093099811,20.004604828842503,20.006159302539043,20.007846640597826,20.009621585194505,20.01144402743012,20.013280092227642,20.015102235262496,20.016888796389484,20.018623298992736,20.020293670436036,20.021891481819644,20.023411256477345,20.024849867319066,20.026206026453387,20.027479861746855,20.028672570934006,20.02978614257059,20.030823133278325,20.0317864916169,20.03267942010523,20.033505268158414,20.034267449885288,20.034969381746304,20.035614435983973,20.036205906509483,20.036746984571394,20.037240742060604,20.037690120737132,20.038097926013958,20.038466824215423,20.038799342454606,20.03909787045593,20.0393646637945,20.039601848139547,20.039811424181504,20.03999527299524,20.040155161649963,20.040292748921892
-0.05424,20.000000000208505,20.000000226038892,20.000007514406747,20.00005978514807,20.0002341636427,20.00061442230779,20.001256939513347,20.00217926465396,20.003365842447344,20.00477978179534,20.006373982873527,20.008099263842375,20.009909383876924,20.011763654338463,20.01362792826404,20.015474610481302,20.017282139922482,20.019034234312482,20.020719070454625,20.022328495547086,20.023857316242086,20.025302683221277,20.02666357285993,20.02794035921293,20.029134465878997,20.030248086267022,20.031283961164092,20.03224520355546,20.033135161951932,20.03395731481042,20.034715189872397,20.035412303342866,20.03605211477437,20.036637994312485,20.037173199615083,20.03766086029512,20.038103968173754,20.038505371983973,20.038867775449095,20.03919373788855,20.039485676685413,20.03974587109541,20.039976466992556,20.04017948223826,20.040356812433163,20.040510236868304,20.040641424537224
-0.05399999999999999,20.000000000255422,20.000000258071395,20.000008304422934,20.000064774514353,20.000250398055908,20.00065090653651,20.001322267469735,20.002280021760374,20.00350602487975,20.004960914925604,20.006595575374174,20.008359350719292,20.010205029122744,20.012091361974264,20.013983953022006,20.01585517870436,20.017683597751322,20.019453140485297,20.0211522487403,20.022773058827628,20.024310671392588,20.025762523516402,20.027127862724388,20.028407314683307,20.029602533074595,20.03071591939467,20.03175040103361,20.032709257199635,20.033595983682023,20.03441418886112,20.035167514673976,20.03585957738411,20.03649392397531,20.037074000801045,20.037603131790327,20.038084504056975,20.038521159201792,20.0389159889539,20.039271734083453,20.039590985746788,20.039876188607423,20.04012964522128,20.040353521289493,20.04054985147327,20.040720545537084,20.04086739464306,20.040992077663866
-0.053759999999999995,20.000000000312614,20.00000029454566,20.000009175012405,20.00007016524618,20.000267710895162,20.000689454182975,20.00139080987227,20.002385162116344,20.003651666473854,20.00514842538671,20.0068242784923,20.008627095190636,20.010508706360792,20.01242732463548,20.014348328193925,20.016244088374037,20.018093305012382,20.019880139684908,20.02159331510439,20.02322526986322,20.024771409353008,20.02622946570942,20.02759896448351,20.028880788347287,20.03007682523948,20.031189687926812,20.032222492784978,20.03317868698706,20.03406191483313,20.034875915456915,20.03562444550543,20.036311221569676,20.036939878144512,20.03751393772703,20.038036790344904,20.038511680360546,20.03894169884491,20.03932978017419,20.039678701790574,20.039991086297572,20.040269405242746,20.04051598408549,20.040733007961816,20.040922527948524,20.04108646760033,20.041226629589254,20.04134470231957
-0.05352,20.000000000382265,20.000000336062804,20.000010134112664,20.00007598827168,20.000286170204596,20.00073017510531,20.001462714195757,20.002494861695045,20.003802961257854,20.005342515660683,20.007060295351735,20.00890269519354,20.010820604315473,20.012771719287468,20.014721217578746,20.01664148955063,20.018511398041834,20.020315354932006,20.022042379910797,20.023685227165142,20.02523961765763,20.026703587253742,20.02807694639242,20.029360840109003,20.030557394725687,20.031669437406944,20.032700275838536,20.03365352684206,20.034532984404287,20.03534251918866,20.036086003016464,20.036767253028852,20.037389991269134,20.037957816275096,20.0384741839655,20.038942395667483,20.03936559158412,20.039746748363996,20.040088679723585,20.040394039303223,20.040665325119704,20.040904885122718,20.041114923476176,20.041297507275118,20.041454573479115,20.04158793589844,20.04169929211206
-0.053279999999999994,20.00000000046702,20.000000383303057,20.00001119041203,20.000082276780766,20.000305848050335,20.000773184560128,20.001538134053092,20.002609302750756,20.003960109247085,20.005543393655884,20.007303833811868,20.009186352674895,20.011140915019226,20.013124725558814,20.015102787065683,20.017047533887585,20.01893801434523,20.020758910060305,20.022499554040156,20.02415302951745,20.025715383914456,20.027184965515524,20.02856187649006,20.029847529554203,20.031044293486953,20.032155212918745,20.03318378910844,20.034133810148877,20.03500922083071,20.03581402406796,20.036552207268855,20.037227688299737,20.037844276746235,20.038405647044332,20.038915320760573,20.03937665587063,20.0397928413427,20.040166895697052,20.040501668503374,20.040799844007662,20.041063946262476,20.04129634527795,20.041499263824083,20.041674784603483,20.0418248575834,20.041951307330084,20.042055840230848
-0.05304,20.000000000570047,20.000000437035848,20.000012353417272,20.00008906637985,20.000326820737854,20.000818603438027,20.001617229413295,20.002728674000103,20.004123316582326,20.00575127280422,20.007555106529214,20.00947827362399,20.01146983382277,20.01348652573477,20.015493204615613,20.01746237460457,20.019373292565074,20.02121092968083,20.02296494885243,20.02462877593901,20.026198795767517,20.027673677736825,20.02905382256355,20.030340915916163,20.031537573046236,20.032647059055293,20.033673070973606,20.034619569724317,20.0354906519581,20.036290453503085,20.037023077713833,20.037692543308037,20.038302747362916,20.03885744002972,20.03936020824292,20.039814466277715,20.040223451470904,20.040590223787333,20.04091766820519,20.041208499123826,20.041465266179248,20.041690360995375,20.04188602451144,20.0420543546136,20.042197313867618,20.042316737202835,20.04241433943906
-0.05279999999999999,20.000000000695177,20.000000498131122,20.000013633526926,20.000096395256115,20.00034916903954,20.0008665585074,20.001700166825028,20.002853170806183,20.004292795668928,20.00596637215763,20.007814331017386,20.009778668103035,20.011807559402953,20.013857304748356,20.015892640240182,20.017886166458325,20.019817372446393,20.02167153914434,20.023438676147766,20.02511256564402,20.026689940857835,20.028169800997595,20.02955285211161,20.030841058040664,20.032037284462454,20.033145019887602,20.034168159248054,20.035110837789826,20.035977305016452,20.03677183027437,20.037498633169076,20.038161833345555,20.038765415276192,20.039313204603253,20.039808853312053,20.04025583159484,20.040657424730533,20.041016733674592,20.04133667834505,20.041620002820927,20.041869281850285,20.042086928207166,20.042275200548033,20.04243621150506,20.042571935821364,20.042684218385748,20.04277478206512
-0.052559999999999996,20.000000000847017,20.00000056757202,20.000015042110814,20.000104304352064,20.000372978432907,20.000917182666736,20.001787119645673,20.00298299536544,20.004468765316563,20.00618891648378,20.0080817297053,20.010087750275428,20.012154293768155,20.014237250168907,20.016301265978434,20.018319065711275,20.02027039480019,20.022140864501843,20.02392084812573,20.02560449800101,20.02718890678306,20.028673412176456,20.030059032306834,20.03134801435004,20.032543478296375,20.033649138932407,20.034669091150576,20.03560764594304,20.036469206593356,20.037258176509244,20.03797889179533,20.038635573048293,20.039232291992523,20.039772949494825,20.040261262236314,20.04070075590976,20.04109476327925,20.0414464258097,20.041758697866022,20.042034352711596,20.042275989715858,20.042486042322142,20.042666786436865,20.042820348987078,20.04294871645997,20.043053743289427,20.043137159994448
-0.05232,20.000000001031086,20.00000064646913,20.00001659159622,20.000112837550706,20.000398339349758,20.000970615205564,20.0018782682759,20.003118356897204,20.004651450879447,20.006419136360698,20.008357529993457,20.01040573843161,20.012510242261055,20.014626552188044,20.016719255870974,20.018761230097784,20.020732501464796,20.02261903246322,20.024411577342736,20.026104672490312,20.027695781055723,20.029184587910304,20.030572429956948,20.031861842806286,20.0330562045757,20.034159459119245,20.03517590327378,20.03611002512873,20.036966382606796,20.03774951365679,20.03846387107263,20.039113776374258,20.039703388347068,20.04023668277284,20.04071744063475,20.041149242674944,20.04153546865476,20.041879300039806,20.042183725124346,20.042451545838873,20.042685385664058,20.042887698214347,20.04306077616343,20.0432067602684,20.043327648315053,20.043425303857102,20.04350146466102
-0.052079999999999994,20.00000000125403,20.000000736076423,20.000018295561027,20.00012204187132,20.00042534743493,20.00102700207102,20.00197380039502,20.003259471829686,20.0048410843896,20.00665726826209,20.008641964299372,20.01073285500324,20.012875613549415,20.01502540359364,20.017146785922456,20.01921281877919,20.021203835256514,20.023106170345756,20.024910976660127,20.026613188652775,20.02821065105336,20.029703404546357,20.031093111459125,20.0323826008678,20.033575512754275,20.03467602275215,20.035688631548233,20.036618005605288,20.037468858273883,20.03824586245859,20.038953587773147,20.039596456578174,20.04017871448016,20.040704411822325,20.04117739345677,20.041601294688626,20.04197954175717,20.04231535559196,20.042611757874152,20.042871578661984,20.043097465017524,20.04329189021069,20.043457163184197,20.043595438046562,20.04370872342444,20.04379889155526,20.043867687038635
-0.05184,20.00000000152381,20.00000083780902,20.00002016883354,20.000131967672882,20.000454103806867,20.00108649612605,20.002073911176865,20.003406563956343,20.005037904652465,20.006903554599184,20.008935270055744,20.01106932652806,20.01325061956691,20.015433999694267,20.01758403401564,20.019673992252173,20.021684539875704,20.023602405980398,20.02541915915237,20.0271301460011,20.028733603933798,20.03022993806181,20.031621142724276,20.032910345418358,20.034101451645753,20.035198871447864,20.03620731118505,20.03713161689153,20.037976658061616,20.038747242903217,20.0394480579192,20.040083626172787,20.040658279801683,20.041176143312157,20.041641124951994,20.042056914067143,20.042426982823628,20.04275459104984,20.04304279324618,20.04329444703688,20.043512222515698,20.043698612074724,20.04385594041185,20.043986374494455,20.044091933320026,20.044174497362622,20.044235817630955
-0.05159999999999999,20.00000000184996,20.00000095326305,20.000022227599867,20.000142668867234,20.000484715324482,20.001149257407356,20.002178803498367,20.003559864579156,20.005242157325135,20.00715824374247,20.009237689687115,20.011415383592777,20.01363547543215,20.01585253822251,20.01803117980539,20.020144912238163,20.02217475979518,20.024107867601703,20.025936238000245,20.027655643917438,20.029264726537864,20.030764263972113,20.032156589090974,20.033445132686776,20.034634069348844,20.0357280460665,20.036731976611733,20.037650887707407,20.038489805632246,20.039253674175967,20.03994729673704,20.04057529688645,20.041142092952175,20.04165188315947,20.04210863863774,20.042516102215238,20.042877791401228,20.043197004329098,20.043476827725364,20.04372014619589,20.04392965229637,20.044107856990017,20.04425710020026,20.044379561246856,20.044477269015673,20.044552111759344,20.04460584646191
-0.051359999999999996,20.000000002243894,20.000001084237784,20.00002448951952,20.000154203143303,20.00051729486267,20.001215453386962,20.002288688146727,20.003719612646552,20.005454094986767,20.007421590034312,20.009549470577003,20.011771260766675,20.014030399359058,20.016281219230454,20.01848840460567,20.02062574156673,20.022674640143443,20.024622683733334,20.02646232638033,20.028189781547944,20.02980410528965,20.031306457237225,20.032699515237923,20.03398701816543,20.035173413171748,20.03626358664167,20.03726266140773,20.038175845914722,20.039008323788767,20.03976517460886,20.04045131861107,20.04107147962123,20.04163016176459,20.042131636494748,20.04257993726721,20.04297885979714,20.04333196632075,20.043642592653555,20.043913857129294,20.044148670728287,20.044349747878204,20.044519617544427,20.04466063433044,20.044774989387864,20.044864720996063,20.04493172471718,20.04497776306703
-0.05112,20.00000000271927,20.00000123276032,20.00002697384972,20.000166632202642,20.000551961596283,20.001285259236884,20.00240378402445,20.00388605488527,20.005673977200463,20.00769385379191,20.009870865025125,20.012137196525607,20.014435612558362,20.016720244977133,20.01895589126951,20.02111664405284,20.023184326582683,20.025146983069238,20.026997537350926,20.02873265769443,20.030351826094453,20.03185659216614,20.033249985095008,20.034536056527802,20.035719529555987,20.0368055323103,20.03779939823989,20.03870651845789,20.039532234420726,20.040281761631064,20.04096013703859,20.041572184411688,20.042122493226753,20.042615407627736,20.043055022798583,20.04344518670856,20.043789505671363,20.04409135253239,20.044353876587692,20.044580014561866,20.044772502144237,20.0449338857154,20.045066533997492,20.04517264943937,20.04525427920656,20.04531332569061,20.045351556485794
-0.050879999999999995,20.00000000329239,20.000001401113078,20.000029701579006,20.000180022006525,20.000588841292338,20.001358858096335,20.00252431835152,20.00405944592538,20.00590207056597,20.00797530129996,20.010202130194205,20.012513433166124,20.014851339129976,20.017169819807897,20.019433824061906,20.021617784368058,20.023703965181706,20.02568089435056,20.027541983734466,20.029284370703195,20.03090797423452,20.032414742319705,20.03380806175319,20.035092301545234,20.036272463999726,20.037353921242204,20.038342218797972,20.039242931304987,20.040061558450358,20.040803451719878,20.0414737645852,20.042077420384366,20.042619093444667,20.043103200014233,20.04353389636502,20.04391508204965,20.044250406776317,20.044543279738328,20.044796880522917,20.045014170945567,20.045197907326465,20.04535065285634,20.0454747897986,20.045572531350572,20.045645933044117,20.045696903609034,20.045727215254963
-0.05064,20.000000003982713,20.000001591864407,20.000032695570603,20.0001944430349,20.00062806661027,20.001436441340818,20.002650526863825,20.004240048417685,20.006138648762466,20.008266204792545,20.010543528046007,20.01290021670934,20.0152778059461,20.01763015002555,20.01992238852556,20.022129327905706,20.024233702283766,20.02622454623842,20.028095777996608,20.029845018351253,20.03147263426279,20.032980980411953,20.03437380737332,20.035655806002985,20.036832260980756,20.03790879056963,20.038891153730297,20.03978510938913,20.040596315779343,20.041330260352357,20.041992212840995,20.042587195718202,20.04311996760677,20.043595016223907,20.044016558245726,20.04438854409911,20.044714666169767,20.044998369287004,20.045242862631625,20.045451132433264,20.045625954991557,20.04576990968413,20.045885391722194,20.04597462448864,20.046039671349313,20.046082446870056,20.046104727403044
-0.05039999999999999,20.000000004813444,20.000001807902567,20.000035980716124,20.000209970557336,20.000669777409822,20.001518208852453,20.002782654007163,20.004428133142632,20.006383992580737,20.008566842423555,20.01089532526611,20.013297796794365,20.015715242524873,20.01810144375322,20.020421771339585,20.022651440640043,20.024773684369496,20.02677806718265,20.028659032122135,20.030414697730055,20.03204588989475,20.033555378210107,20.0349472830941,20.03622662161583,20.037398963879347,20.038470176316896,20.039446232579763,20.040333076550404,20.04113652523618,20.041862201957777,20.042515492377696,20.0431015176059,20.04362511994926,20.044090857909204,20.044503007838202,20.0448655702894,20.045182279574796,20.045456615417503,20.04569181586764,20.045890890868765,20.046056636027828,20.046191646267847,20.04629832913831,20.04637891763055,20.046435482399545,20.046469943333946,20.046484080445868
-0.050159999999999996,20.000000005812222,20.00000205247351,20.000039584100175,20.000226684916193,20.00071412106625,20.00160436929071,20.00292095312576,20.004623979109937,20.006638389943973,20.00887749822523,20.01125779317706,20.01370642656092,20.01616388089446,20.018583910788877,20.020932160171085,20.02318428897956,20.02532405791499,20.02734158528672,20.029231857487815,20.030993505126954,20.03262782389864,20.034138006433462,20.03552854893935,20.036804798943347,20.037972614901093,20.039038113330328,20.040007483720377,20.040886855478487,20.041682204524438,20.042399289871057,20.04304361270678,20.043620392216468,20.04413455372259,20.044590725775517,20.044993243631712,20.04534615718331,20.045653241882732,20.045918011574248,20.046143732426167,20.04633343737212,20.046489940633453,20.046615852018775,20.046713590790183,20.046785398956164,20.046833353903462,20.04685938031928,20.04686526138337
-0.04991999999999999,20.00000000701193,20.000002329222728,20.000043535176392,20.000244671822056,20.000761252792344,20.00169514036282,20.003065686644458,20.00482787364802,20.006902135916548,20.00919846205413,20.011631207639514,20.01412636252102,20.016623955447386,20.019077762451545,20.021453743519743,20.023728039614483,20.02588496924526,20.02791522816893,20.029814364732474,20.03158153590455,20.033218517984217,20.03472893465133,20.036117663724827,20.037390387305123,20.038553254999975,20.039612635208663,20.040574934294437,20.0414464676561,20.042233370171985,20.042941536287262,20.04357658223887,20.04414382465899,20.044648271159303,20.045094619552685,20.045487263182157,20.045830300451875,20.046127547133878,20.046382550390234,20.046598603729343,20.046778762327307,20.046925858306093,20.047042515681756,20.047131164787228,20.047194056042645,20.047233272996692,20.04725074459987,20.04724825669759
-0.049679999999999995,20.00000000845166,20.000002642241675,20.000047865955487,20.00026402266159,20.000811335966752,20.001790749092873,20.003217126243616,20.005040112482327,20.007175532699943,20.00953002952406,20.012015848940983,20.014557864419437,20.017095702785138,20.019583211419164,20.021986710555492,20.024282859358664,20.02645656438317,20.028499122820172,20.030406663624426,20.032178884378204,20.03381805269027,20.03532823118031,20.036714684964757,20.03798343469603,20.039140923801856,20.040193774234126,20.041148610150607,20.04201193330353,20.04279003748138,20.043488952217402,20.04411440824443,20.044671818947815,20.045166273443286,20.045602537967987,20.045985063088448,20.04631799485381,20.046605188499736,20.046850223671814,20.047056420413305,20.047226855371377,20.04736437783394,20.04747162532798,20.04755103859936,20.047604875860223,20.047635226238896,20.047644022402995,20.047633052351994
-0.04944,20.000000010177843,20.00000299611906,20.00005261120589,20.000284834817744,20.000864542468015,20.001891432088765,20.003375553025645,20.005260999801717,20.007458889615183,20.009872501925475,20.0124120016719,20.015001195082814,20.017579361552908,20.02010047155818,20.02253125094937,20.024848914985977,20.0270389888941,20.029093395458418,20.031008862926573,20.032785643691913,20.03442650727113,20.03593596298106,20.037319668778355,20.038583987701884,20.039735659528567,20.04078156130434,20.041728535783037,20.042583271324318,20.043352220481612,20.044041547445612,20.04465709681593,20.045204377969277,20.045688560680617,20.046114478720693,20.046486638970435,20.046809234216518,20.047086158266794,20.047321022385017,20.04751717231682,20.04767770538517,20.047805487288294,20.047903168349247,20.047973199052826,20.048017844769397,20.04803919961224,20.048039199409015,20.048019633792094
-0.049199999999999994,20.000000012245554,20.00000339599762,20.00005780866748,20.000307212002365,20.000921053013602,20.001997435805887,20.00354125767215,20.005490848311897,20.00775252307102,20.010226186130733,20.012819954588632,20.015456620257233,20.0180751722645,20.020629757744945,20.023087554697714,20.025426373061457,20.027632387726555,20.029698171380197,20.031621070259348,20.03340190569283,20.03504395958251,20.03655219555489,20.037932669796557,20.039192091415632,20.040337498922874,20.04137602586534,20.042314734271738,20.043160499252362,20.04391993188128,20.04459933048796,20.0452046528317,20.04574150345008,20.046215131872096,20.04663043845835,20.046991985448614,20.047304011418866,20.047570447822068,20.047794936643555,20.04798084847155,20.048131300485615,20.04824917401772,20.04833713145381,20.04839763232754,20.048432948519636,20.048445178521323,20.0484362607524,20.048407985947495
-0.04896,20.000000014720086,20.00000384763671,20.00006349927904,20.00033126460099,20.00098105750324,20.002109016806536,20.00371454059061,20.005729979275028,20.008056756517174,20.010591394484884,20.013240000463245,20.015924408434213,20.01858337711741,20.021171285679046,20.02365581193989,20.02601539976741,20.028236905049006,20.03031357480935,20.03224339196186,20.034027760804705,20.035670485966794,20.037176992840365,20.03855374106922,20.039807789354345,20.040946477174508,20.04197719584588,20.042907227224408,20.043743633200606,20.044493183023537,20.045162308552957,20.045757079921543,20.04628319592755,20.046745984887618,20.047150412754938,20.047501096125597,20.047802318375716,20.048058047640378,20.048271955698628,20.04844743709408,20.048587628019753,20.048695424643896,20.048773500663835,20.048824323956005,20.048850172249647,20.04885314779462,20.048835191024246,20.04879809323535
-0.04871999999999999,20.000000017678744,20.000004357481338,20.00006972741989,20.000357110029736,20.00104475536558,20.00222644201388,20.003895712049445,20.005978722534547,20.008371920381947,20.010968444681392,20.013672435919723,20.016404830665,20.01910421979815,20.021725271688684,20.02423621276979,20.02661616072473,20.028852684083187,20.030939728743384,20.032875932951512,20.03466329790055,20.036306161138242,20.037810417110304,20.03918293397306,20.04043112337731,20.0415626278475,20.042585097593214,20.043506034719936,20.044332687811497,20.045071983842828,20.045730487504017,20.04631438043431,20.046829454721802,20.047281116442548,20.047674396090922,20.048013963569613,20.0483041460244,20.04854894727357,20.04875206793054,20.048916925579736,20.049046674560564,20.049144225059184,20.04921226131457,20.04925325882392,20.04926950048921,20.04926309168748,20.049235974276293,20.04918993956531
-0.048479999999999995,20.000000021212976,20.000004932738197,20.000076541166276,20.000384873103958,20.001112355907413,20.002349988959267,20.00408509230031,20.006237416524304,20.008698351993534,20.011357659622547,20.014117561256505,20.01689816036317,20.019637945277935,20.02229193252837,20.02482894704132,20.027228820809757,20.029479866934235,20.03157675479767,20.033518796582417,20.035308604174844,20.036951058068308,20.038452528869353,20.039820298120617,20.041062133605397,20.04218598280911,20.04319975581068,20.044111175253793,20.044927676209458,20.04565634282373,20.04630387182401,20.046876555407607,20.047380277910083,20.047820522076165,20.04820238183548,20.048530579299996,20.048809484313267,20.049043135341705,20.049235260842323,20.049389300498344,20.049508425904627,20.049595560426024,20.049653398055266,20.04968442117248,20.04969091716274,20.049674993886757,20.049638594026533,20.049583508345982
-0.04824,20.00000002543085,20.000005581459206,20.000083992562942,20.00041468641836,20.00118407866424,20.00247994602166,20.00428301168649,20.006506408261018,20.009036395484415,20.01175936726402,20.014575680255124,20.017404673095538,20.020184799598816,20.022871485169087,20.025434204168207,20.027853543966984,20.030118594417978,20.032224773047957,20.034172084502938,20.035963765015616,20.037605247871422,20.039103386752522,20.04046588127053,20.041700858342068,20.042816572160532,20.043821193497223,20.044722665685498,20.045528609955497,20.046246266961987,20.04688246458207,20.047443604539758,20.047935662303352,20.048364196132404,20.048734362230892,20.049050933774925,20.049318322192324,20.049540599526345,20.04972152105536,20.049864547591977,20.049972867071723,20.050049415178204,20.050096894851958,20.05011779460244,20.050114405594528,20.050088837517123,20.050043033266437,20.049978782492985
-0.047999999999999994,20.000000030459958,20.00000631263326,20.000092137910404,20.00044669073809,20.001260153751243,20.002616612657782,20.00448981073612,20.00678605331923,20.00938640167818,20.012173900443383,20.01504709997494,20.0179246463615,20.020745029650584,20.02346414658133,20.02605217291843,20.028490493017973,20.030769005885784,20.03288390187146,20.034835896512796,20.03662886387677,20.038268799691593,20.03976304742501,20.041119729239416,20.042347333996243,20.04345442416974,20.044449431889184,20.045340521188468,20.04613549900426,20.046841761728018,20.047466267402854,20.048015526164225,20.04849560342529,20.04891213174295,20.049270328379304,20.049575016381432,20.049830647606143,20.050041326566067,20.05021083430718,20.050342651774763,20.05043998230647,20.050505773024106,20.050542734992096,20.050553362080056,20.050539948515773,20.050504605149058,20.05044927446982,20.050375744438583
-0.04776,20.000000036450786,20.000007136286833,20.000101038068284,20.00048103540032,20.001340822213304,20.002760299621706,20.004705840239136,20.007076715787772,20.009748727958293,20.012601596692257,20.01553213053383,20.018458359360864,20.021318882938566,20.024070133511163,20.026683041203704,20.0291398294669,20.03143123904732,20.03355425778703,20.03551033042006,20.037303982151034,20.038941780590186,20.040431565483555,20.041781885815666,20.043001595007343,20.04409956520664,20.045084490404545,20.04596475520238,20.046748351663673,20.047442831033027,20.04805528043844,20.048592317226618,20.04906009549388,20.04946432081287,20.04981027023198,20.050102815427817,20.050346447489137,20.050545302254204,20.05070318545145,20.05082359713485,20.050909755082053,20.050964616951948,20.050990901091176,20.050991105944878,20.050967528073443,20.050922278808645,20.050857299603447,20.05077437614296
-0.04751999999999999,20.00000004358064,20.000008063594088,20.000110758775108,20.000517878725606,20.00142633637288,20.002911329172374,20.004931461306615,20.007378768206923,20.010123738118182,20.01304279803184,20.016031084874914,20.019006092750416,20.021906607342686,20.024689662249866,20.027326995864346,20.029801713303154,20.03210542979172,20.034235955294747,20.03619548189845,20.037989199043874,20.0396242554352,20.04110899335982,20.042452392675532,20.04366367377283,20.04475201968086,20.04572638658991,20.046595379388354,20.047367174557397,20.04804947719795,20.048649502343,20.049173973264484,20.049629131405705,20.050020754008926,20.050354176581106,20.05063431813862,20.05086570776328,20.05105251143902,20.051198558460282,20.051307366938634,20.05138216810605,20.051425929237112,20.051441375101348,20.051431007919497,20.051397125840996,20.051341839989135,20.05126709013933,20.05117465910721
-0.047279999999999996,20.000000052058237,20.000009106997275,20.00012137098485,20.00055738843834,20.001516960174254,20.003070035267648,20.005167045411408,20.007692591485434,20.010511802192283,20.013497850751722,20.016544278519383,20.01956812838944,20.02250845086812,20.02532294839747,20.027984222450105,20.030476302801443,20.032791712007633,20.034929106715474,20.036891444345454,20.038684591448902,20.040316286792528,20.04179538122601,20.04313128930176,20.044333600578472,20.04541180998248,20.046375136070488,20.047232403587156,20.047991972590342,20.04866170092541,20.04924893025048,20.049760488390028,20.050202702723126,20.05058142075065,20.050902035054367,20.051169510652226,20.05138841333837,20.051562938026365,20.051696936428947,20.051793943637232,20.05185720332857,20.05188969145165,20.051894138322105,20.05187304912128,20.05182872283102,20.051763269664395,20.05167862706885,20.05157657438798
-0.04704,20.000000062129008,20.00001028033828,20.000132951221868,20.000599742099386,20.001612969530186,20.003236763754185,20.005412974422565,20.00801857481251,20.010913296284823,20.01396710518977,20.017072029323533,20.02014474909216,20.02312466140501,20.025970206636877,20.028654905012544,20.031163754334187,20.033490217415732,20.035633822042882,20.037598308752703,20.03939023383517,20.04101793482868,20.0424907769115,20.043818612912627,20.045011403538503,20.046078956431938,20.04703075250869,20.04787583578545,20.04862274892163,20.04927950127861,20.04985355975868,20.050351855278727,20.050780799666867,20.051146309206437,20.05145383211406,20.05170837802262,20.05191454811613,20.052076564985718,20.052198301583697,20.052283308875868,20.052334841952902,20.05235588447603,20.05234917141303,20.05231721007593,20.052262299509508,20.052186548303737,20.052091890918078,20.051980102613243
-0.046799999999999994,20.000000074081292,20.000011599002796,20.00014558195848,20.000645127561103,20.001714652689564,20.003411872580614,20.005669640668422,20.008357115604937,20.011328602439825,20.014450915557983,20.017614657285005,20.020736238431027,20.023755486539343,20.026631650558457,20.029339225946426,20.03186422223072,20.03420107544565,20.036350208837245,20.03831616361531,20.040106198170623,20.04172925724684,20.04319522585008,20.044514398419036,20.045697108561246,20.046753477253187,20.04769324758374,20.048525682101,20.04925950495464,20.04990287567548,20.050463384926942,20.050948065170054,20.051363411119333,20.05171540629903,20.05200955306442,20.052250904228284,20.052444095000386,20.052593374361496,20.05270263529392,20.05277544350673,20.052815064448936,20.052824488513078,20.05280645440805,20.05276347073202,20.05269783581056,20.052611655886768,20.052506861762694,20.05238522399718
-0.04656,20.00000008825347,20.000013080077615,20.000159352012957,20.000693743435953,20.001822310608553,20.003595732007703,20.005937446994547,20.00870861944992,20.011758108509092,20.014949639768975,20.01817248435212,20.021342880545117,20.024401173370517,20.027307492492383,20.030037365839515,20.032577858645315,20.034924413121825,20.03707837212797,20.039045094849733,20.040832553853736,20.042450309230738,20.043908771034566,20.04521867838849,20.04639073932125,20.047435388552802,20.048362630976822,20.049181946772965,20.04990224033167,20.05053181988712,20.05107839827775,20.051549107871743,20.051950524631085,20.052288697713884,20.052569182061553,20.052797072183406,20.052977035909308,20.053113347286125,20.053209918085905,20.053270327603247,20.053297850567894,20.053295483102936,20.053265966730635,20.053211810476302,20.05313531115175,20.053038571918744,20.05292351924328,20.052791918355442
-0.04631999999999999,20.00000010504229,20.000014742521955,20.00017435696746,20.000745799575235,20.0019362573189,20.003788724806842,20.006216806806,20.009073500031718,20.01220220800541,20.015463639250022,20.018745834223203,20.021964959940945,20.025061968323286,20.027997943337077,20.030749503319807,20.033304813423726,20.035660354948657,20.037818414316156,20.03978518571213,20.04156936764598,20.04318114338958,20.044631452972656,20.04593148301042,20.04709231723281,20.04812470430057,20.049038910357694,20.049844632153675,20.050550952930113,20.051166328037674,20.051698590799734,20.05215497176543,20.05254212642872,20.052866167908846,20.053132702124614,20.05334686375028,20.053513351788855,20.053636463994277,20.05372012965772,20.05376794047547,20.053783179358025,20.05376884713905,20.05372768720991,20.05366220814991,20.05357470445036,20.053467275446764,20.053341842581442,20.053200165121115
-0.046079999999999996,20.00000012491244,20.000016607353743,20.000190699606218,20.0008015175572,20.002056820292104,20.00399124644532,20.006508144092642,20.00945217904115,20.012661299940387,20.015993278744197,20.019335032135707,20.0226027612854,20.025738116954006,20.02870321238364,20.031475814900205,20.034045233968214,20.03640902279504,20.038570435077133,20.040536516717168,20.042316703605145,20.043921809704127,20.04536330964409,20.04665284006299,20.04780186142504,20.048821436311645,20.049722091372924,20.050513738702012,20.051205638860196,20.051806392605723,20.052323951952182,20.05276564381375,20.05313820142408,20.053447800125188,20.053700095148326,20.05390025975304,20.054053022627414,20.054162703838276,20.05423324889519,20.05426826068649,20.054271029181347,20.054244558885117,20.054191594097762,20.05411464206551,20.054015994140507,20.05389774507684,20.05376181059678,20.053609943361533
-0.04584,20.000000148407672,20.000018697851935,20.000208490374167,20.0008611311835,20.002184340797797,20.004203705256966,20.006811893436286,20.009845086067042,20.013135788646228,20.016538926098224,20.019940404644846,20.023256569190803,20.026429863751144,20.02942350713636,20.03221647482064,20.034799265101203,20.037170535778372,20.03933453126314,20.041299165557483,20.043074623019624,20.04467235547396,20.04610437645923,20.04738277488138,20.048519388718525,20.049525594230342,20.050412177635724,20.051189264978397,20.05186629246431,20.052452004427312,20.052954469671107,20.053381109568942,20.05373873322503,20.05403357640008,20.054271341916834,20.05445723999265,20.054596027471746,20.054692045304762,20.0547492538891,20.05477126607004,20.05476137773155,20.054722595993145,20.054657665086967,20.054569090025442,20.05445915819124,20.054329958991897,20.054183401724707,20.054021231795968
-0.045599999999999995,20.000000176163585,20.00002103977583,20.000227847856173,20.000924886982915,20.002319174254797,20.004426522596575,20.00712849999842,20.010252658468758,20.01362608358092,20.0171009520367,20.02056227939153,20.02392666799195,20.027137451930024,20.03015903312932,20.032971654887785,20.035567048927625,20.037945010148103,20.04011079680622,20.04207320702384,20.043843184343785,20.04543282526611,20.04685468621913,20.048121310327748,20.049244913603687,20.050237185515677,20.0511091707176,20.051871207641565,20.05253290631812,20.053103152700643,20.053590130376953,20.0540013531831,20.054343704147694,20.054623477580563,20.054846422119088,20.055017783263366,20.055142344444285,20.055224466032644,20.055268121953652,20.0552769337493,20.05525420205301,20.055202935522626,20.055125877330404,20.055025529340917,20.05490417412565,20.054763894970726,20.054606594035274,20.054434008814194
-0.04536,20.000000208922426,20.00002366160253,20.00024889927691,20.000993044721096,20.002461690573117,20.004660132976515,20.007458419487335,20.01067534122896,20.014132599116298,20.01767972992242,20.02120098485962,20.024613341515224,20.027861123221978,20.030909993739233,20.033741524312497,20.03634872469615,20.0387325591691,20.04089932262155,20.042858712926222,20.04462244313461,20.046203260865216,20.047614269077336,20.048868466762933,20.049978448220998,20.05095621542879,20.05181307014183,20.052559561447175,20.053205471233444,20.053759824992568,20.054230918984086,20.054626357420073,20.054953095230445,20.055217483339124,20.055425314365696,20.055581867370655,20.055691950761872,20.055759942832452,20.05578982964628,20.055785240157004,20.055749478561093,20.05568555396091,20.05559620746144,20.05548393685233,20.055351019041048,20.05519953040802,20.055031365252958,20.054848252496058
-0.04511999999999999,20.00000024755011,20.00002659478361,20.000271781021265,20.001065877914936,20.002612274485113,20.004904984183973,20.007802118103417,20.01111358678584,20.01465575430854,20.018275635502604,20.021856850122337,20.02531687283977,20.028601117657992,20.031676589994763,20.034526249545205,20.037144428659545,20.039533293004965,20.04170019651141,20.043655752016015,20.0454124519898,20.046983701225333,20.048383152503487,20.04962426202018,20.050720002343223,20.05168268702238,20.052523873379016,20.053254319248452,20.053883976263165,20.05442200724702,20.05487681891213,20.05525610366922,20.055566886249572,20.055815572190973,20.056007996207484,20.05614946915072,20.056244822756025,20.05629845170716,20.05631435278882,20.056296161056903,20.056247183063764,20.056170427244844,20.05606863161554,20.05594428895074,20.055799669630304,20.055636842335474,20.05545769277752,20.055263940632027
-0.044879999999999996,20.000000293055795,20.000029874022072,20.00029663917511,20.0011436743501,20.00277132586393,20.005161537377134,20.008160072461443,20.011567854844046,20.015195972650723,20.018889046640897,20.022530204577972,20.026037544051015,20.02935767334713,20.032459020382557,20.035325994109574,20.037954293934437,20.040347318601643,20.042513503070104,20.044464389909628,20.04621326048759,20.047774182423762,20.049161361249066,20.050388711380986,20.051469583359875,20.052416601132418,20.053241575844808,20.053955471998982,20.054568408708242,20.055089683795497,20.055527812099324,20.055890571961108,20.05618505573686,20.05641772151312,20.05659444415574,20.056720564491666,20.056800935894813,20.056839967874556,20.05684166649026,20.056809671566672,20.056747290784543,20.056657530783742,20.05654312545311,20.056406561600603,20.05625010220433,20.056075807444017,20.055885553705952,20.05568105074487
-0.04464,20.00000034661443,20.000033537570776,20.000323630086108,20.00122673660003,20.00293926002727,20.005430267158776,20.0085327694888,20.01203861216373,20.015753681807187,20.019520343035158,20.023221377675046,20.0267756359867,20.03013102625003,20.033257480650327,20.036140918434747,20.03877845036084,20.041174739571684,20.043339323590097,20.045284689013755,20.04702491512859,20.048574737617002,20.049948917315437,20.05116182755337,20.052227196264056,20.053157956372186,20.05396617090003,20.054663008757835,20.055258754126974,20.055762837369766,20.056183879017997,20.05652974098523,20.056807580999152,20.057023907565373,20.057184633704335,20.057295128356472,20.057360264806427,20.05738446579124,20.057371745170993,20.05732574618232,20.05724977638698,20.057146839483764,20.057019664183766,20.05687073036377,20.056702292715862,20.056516402107302,20.05631492485563,20.056099560112376
-0.044399999999999995,20.000000409592605,20.000037627553365,20.000352920944064,20.001315382544668,20.00311650802455,20.00571166162559,20.008920706298547,20.012526332327123,20.016329313329468,20.020169905921072,20.023930698627137,20.02753142797584,20.03092140994788,20.03407216360747,20.036971179686628,20.03961702436186,20.042015656079467,20.044177735969765,20.046116708452736,20.047847459279907,20.04938539699929,20.050745839924517,20.051943620652793,20.052992843642016,20.05390674912903,20.054697649853377,20.055376916697234,20.05595499634673,20.056441449116907,20.05684499869233,20.057173588109972,20.057434438140017,20.057634105513362,20.05777853935379,20.057873134807817,20.057922783304566,20.057931919178387,20.05790456258875,20.057844358804182,20.057754614000583,20.057638327773738,20.057498222591942,20.05733677042488,20.057156216784506,20.05695860240639,20.056745782788603,20.056519445791302
-0.04416,20.00000048357819,20.00004219030885,20.00038469038023,20.00140994588695,20.003303516905326,20.006006222391722,20.009324390036376,20.013031495482185,20.01692330235386,20.020838117761887,20.02465849611777,20.028305197571047,20.031729055407386,20.034903258923652,20.037816931598694,20.04047013880404,20.042870164727933,20.045028814623237,20.04696050399828,20.048680933122025,20.050206187763898,20.051552145492344,20.052734098186015,20.053766525665562,20.054662973563936,20.055436001966896,20.056097181112904,20.056657117478313,20.057125498616916,20.057511148718586,20.057822089404887,20.058065602083676,20.05824828945372,20.0583761346374,20.058454557034892,20.058488464415696,20.058482301049246,20.058440091866277,20.058365482764607,20.058261777248415,20.058131969632544,20.05797877506399,20.057804656618124,20.05761184972315,20.057402384155772,20.057178103837202,20.05694068464249
-0.043919999999999994,20.000000570414343,20.00004727676093,20.000419129084786,20.001510776665118,20.003500749966992,20.006314464585024,20.00974433770063,20.013554588063112,20.017536087280565,20.02152536192449,20.025405097995858,20.029097220274725,20.032554190742317,20.035750952926,20.038678324302907,20.041337912858907,20.04373835844727,20.04589263039267,20.047816128002122,20.049525373598662,20.051037134067695,20.052367847605893,20.053533265038155,20.0545482400877,20.0554266216142,20.05618121446453,20.056823785437352,20.057365097933104,20.057814963902988,20.05818230528786,20.058475219665453,20.058701046601286,20.058866432441523,20.0589773921495,20.059039367382265,20.059057280408293,20.059035583738613,20.058978305520803,20.058889090857335,20.05877123927626,20.058627738618032,20.058461295616798,20.058274363455478,20.05806916656576,20.057847722930692,20.057611864130866,20.05736325335721
-0.04368,20.000000672238386,20.000052942813102,20.000456440441535,20.001618241758585,20.003708686979653,20.006636916814546,20.01018107593462,20.0140961024874,20.018168109434765,20.022232022342397,20.02617083096228,20.029907769259943,20.033397040972297,20.036615428395585,20.03955550416134,20.042220461866314,20.044620326386124,20.046769250463612,20.04868362933193,20.050380814370225,20.051878256999224,20.053192957003475,20.054341123463345,20.055337982241728,20.056197682999517,20.05693327254386,20.0575567112563,20.058078916443243,20.058509821484698,20.058858443211662,20.05913295244047,20.059340744339725,20.059488506520115,20.059582283576052,20.05962753738091,20.059629202824148,20.05959173893419,20.059519175495385,20.05941515536867,20.059282972783574,20.059125607897617,20.05894575792796,20.058745865156414,20.058528142096627,20.058294594095873,20.058047039624327,20.05778712848476
-0.04344,20.00000079152623,20.00005924977051,20.000496841178744,20.00173272538522,20.003927824386103,20.006974121107973,20.010635140790672,20.01465653682959,20.018819812709932,20.022958483166235,20.026956020248374,20.030737115086623,20.034257827779655,20.037496864363888,20.040448613599292,20.043117897200226,20.045516153805927,20.04765873828386,20.049563053311104,20.051247285771158,20.05272957455083,20.05402748155909,20.055157673079208,20.05613574504406,20.056976145231665,20.05769215939137,20.058295938328428,20.05879855008497,20.05921004637419,20.059539535950304,20.05979526006217,20.059984666852994,20.060114482753423,20.06019077972755,20.06021903778151,20.060204202511805,20.06015073771006,20.060062673192192,20.059943648110508,20.059796950056132,20.059625550280508,20.059432135367544,20.059219135679147,20.058988750881017,20.058742972835592,20.058483606127083,20.058212286461366
-0.043199999999999995,20.000000931143145,20.000066264789613,20.000540562034857,20.001854629587655,20.00415867547494,20.007326632817822,20.011107077465518,20.015236394471803,20.019491643193977,20.023705128402504,20.027760989287202,20.031585525414087,20.03513676926526,20.038395435910196,20.04135779094064,20.044030326137708,20.04642592197907,20.048561153486553,20.050454441662897,20.05212481477174,20.053591101595153,20.05487142627112,20.05598291086558,20.05694151900118,20.057761993628095,20.058457856201457,20.05904144460868,20.059523974305375,20.0599156121156,20.060225555644404,20.06046211367926,20.06063278463636,20.06074433126086,20.060802850574394,20.060813838590047,20.060782249662214,20.060712550562158,20.06060876950777,20.06047454045525,20.060313143000492,20.060127538251677,20.059920401031466,20.059694148753408,20.059450967297334,20.05919283418518,20.058921539334232,20.058638703640288
-0.04296,20.00000109440161,20.000074061356464,20.000587848437583,20.00198437470622,20.004401770524783,20.0076950204953,20.011597440006785,20.01583618373144,20.02018404877897,20.024472341541586,20.028586059378654,20.032453264710927,20.036034079704255,20.0393113139608,20.04228317024631,20.044957851731866,20.04734970809152,20.049476551818024,20.05135783245948,20.05301342494484,20.054462849866507,20.05572479325576,20.056816831167804,20.057755292220943,20.058555211329715,20.059230342199374,20.05979320627537,20.0602551629527,20.060626490817853,20.06091647314955,20.061133483292945,20.06128506716335,20.061378021254903,20.06141846528481,20.06141190910582,20.06136331384662,20.061277147445963,20.061157434870324,20.061007803372604,20.060831523180273,20.0606315440075,20.060410527776504,20.060170877914775,20.059914765570728,20.0596441530639,20.059360814858607,20.059066356323264
-0.042719999999999994,20.000001285127247,20.000082719794428,20.00063896119484,20.0021223998361,20.00465765691789,20.008079865731027,20.012106790990575,20.01645641746672,20.020897478755423,20.02526050517609,20.029431549349543,20.033340593963374,20.03694996930289,20.040244665091002,20.04322488115675,20.045900572689586,20.048287585150717,20.050404985071133,20.05227326007653,20.05391313643809,20.055344827947582,20.05658758174556,20.057659425704916,20.058577050428532,20.059355779323113,20.060009594668408,20.06055119776119,20.06099208831038,20.06134265319097,20.061612258074263,20.061809337796078,20.061941482925633,20.062015521081463,20.062037592265355,20.062013217961884,20.061947364056792,20.06184449781632,20.061708639279058,20.06154340746833,20.061352061854237,20.061137539493146,20.060902488256932,20.06064929654051,20.060380119808148,20.060096904309216,20.05980140826424,20.05949522079313
-0.04248,20.000001507733813,20.000092327802122,20.000694177195733,20.002269163266238,20.00492689922128,20.008481762961928,20.01263570117044,20.01709761266081,20.02163238339226,20.026070000610936,20.03029777521006,20.03424777038351,20.03788464395761,20.041195651331154,20.044183048739505,20.04685858325501,20.049239621899517,20.051346501024735,20.053200755153913,20.05482396595209,20.056237041261916,20.05745978809354,20.058510683583126,20.05940677698745,20.060163676467475,20.060795588981467,20.061315391788458,20.061734721134986,20.06206406858604,20.062312878821423,20.06248964501552,20.062601999475977,20.062656798263024,20.062660199204064,20.062617733167965,20.062534368747546,20.06241457066943,20.06226235234554,20.06208132302493,20.06187473001619,20.06164549644166,20.06139625496276,20.061129377886964,20.060847004034855,20.06055106271239,20.060243295101078,20.059925273347684
-0.04224,20.000001767308447,20.000102981022152,20.00075379011973,20.002425142897728,20.00521007923429,20.0089013192443,20.013184749098563,20.01776028998607,20.022389213504283,20.026901207466942,20.031185049808414,20.035175047119004,20.03883830501804,20.042164429977994,20.045157793343083,20.04783197309979,20.05020588273715,20.05230114339024,20.054140344563326,20.055745926725233,20.057139492072757,20.05834140578331,20.059370591314973,20.06024445292585,20.06097887952652,20.06158829863738,20.06208575940867,20.062483030698278,20.06279070503899,20.063018302633196,20.06317437175781,20.06326658347422,20.063301819544684,20.063286253116257,20.063225422155888,20.063124295881586,20.062987334587028,20.062818543337112,20.062621520044175,20.06239949843664,20.062155386414705,20.061891800259502,20.061611095128352,20.061315392232252,20.06100660305536,20.0606864509409,20.06035649033462
-0.041999999999999996,20.000002069708422,20.000114783647913,20.000818111178834,20.00259083669343,20.005507796080217,20.00933915409019,20.013754520827803,20.018444973461435,20.023168420119383,20.02775450338598,20.032093682585174,20.036122673058216,20.039811149139382,20.0431511534888,20.046149230526474,20.04882082728195,20.051186427701847,20.053268951813195,20.055092051424783,20.05667902856181,20.058052179519883,20.059232425472434,20.060239132867355,20.061090056987766,20.061801363221825,20.06238769531531,20.062862270057366,20.063236984841847,20.063522529324676,20.06372849564421,20.063863483861116,20.06393520073789,20.06395055094326,20.06391572039209,20.063836251825474,20.063717112973773,20.063562757779007,20.06337718121784,20.063163968286457,20.062926337700556,20.062667180838748,20.062389096422894,20.062094421390018,20.061785258369706,20.06146350014123,20.06113085140649,20.0607888481795
-0.04176,20.000002421670857,20.00012784908243,20.000887469940352,20.002766763251145,20.005820666473937,20.009795899525457,20.014345609866265,20.019152190377607,20.023970454415753,20.02863026399876,20.033023979576534,20.037090892866797,20.040803368347056,20.044155969567804,20.047157471161405,20.04982522635865,20.05218131258979,20.05424996199491,20.05605589522821,20.05762327795143,20.05897509973548,20.060132835103605,20.061116289767366,20.061943565733138,20.062631100326772,20.063193748962625,20.06364489163589,20.06399655005297,20.064259507026936,20.064443422946038,20.064556946254474,20.06460781629641,20.06460295779676,20.06454856684153,20.06445018858531,20.064312787127946,20.064140808116502,20.06393823467819,20.06370863729724,20.063455218230807,20.063180851025727,20.062888115656943,20.06257932976409,20.062256576418005,20.061921728805608,20.06157647218108,20.061222323393384
-0.041519999999999994,20.00000283093696,20.000142300642676,20.00096221519108,20.002953462413785,20.006149325031902,20.01027220019915,20.014958617190416,20.019882471284237,20.024795767721145,20.02952886295204,20.03397624347281,20.038079947074372,20.041815150145947,20.045179021291776,20.04818262156849,20.050845246528038,20.053190589098698,20.05524420583469,20.05703189197205,20.058578678202398,20.059908245971087,20.061042620024526,20.06200204121465,20.06280495364252,20.063468061763615,20.06400642788444,20.064433590593627,20.064761691539843,20.065001602607143,20.065163048649477,20.065254723014064,20.065284394441747,20.06525900480979,20.065184757734862,20.065067198388707,20.064911285068618,20.064721453159688,20.064501672159125,20.064255496427776,20.06398611030576,20.06369636818775,20.063388830105946,20.063065793319034,20.0627293203566,20.062381263921786,20.0620232890116,20.0616568925743
-0.04128,20.000003306392575,20.000158272310124,20.001042715837045,20.003151495901957,20.00649442460172,20.010768713514693,20.01559415128256,20.02063635000267,20.025644811537063,20.030450671958988,20.034950773697393,20.039090072178688,20.04284667764402,20.046220447247116,20.04922478366227,20.05188095977762,20.05421430497584,20.056251711574777,20.05802005430307,20.059545229575008,20.060851608723496,20.06196176310584,20.062896364191136,20.063674193218567,20.064312216696862,20.064825698829093,20.06522833200599,20.06553237330232,20.065748779468155,20.06588733594202,20.065956777414684,20.065964898774293,20.065918656094144,20.065824257838436,20.065687246764895,20.065512573167993,20.065304660180892,20.06506746187168,20.064804514851375,20.06451898407248,20.064213703447475,20.063891211862313,20.063553785105075,20.063203464176876,20.062842080402,20.062471277708067,20.06209253240499
-0.04103999999999999,20.00000385822695,20.000175909530583,20.00112936184138,20.003361447971752,20.0068566366139,20.011286109785054,20.016252828194272,20.021414363664952,20.026518037588033,20.03139606087214,20.03594786650532,20.04012150076614,20.043898129689175,20.047280381677126,20.05028405510376,20.052932434037782,20.055252504169236,20.057272503946727,20.059020391656222,20.060522929413686,20.06180517585847,20.0628902448561,20.063799233567195,20.064551255083487,20.065163532622233,20.065651527068994,20.06602907964741,20.06630855819761,20.06650100001307,20.066616247140164,20.066663071976006,20.066649292243486,20.066581875204292,20.066467031445274,20.06631029884521,20.06611661746805,20.065890396182905,20.06563557181176,20.06535566157498,20.065053809555398,20.064732827844114,20.064395232970075,20.064043278155456,20.06367898188133,20.063304153194718,20.06292041413917,20.062529219646876
-0.040799999999999996,20.000004498111934,20.00019537006657,20.001222565203157,20.00358392610055,20.00723665145857,20.01182507241401,20.016935271637024,20.022217052779748,20.027415897895867,20.03236539777851,20.036967815100546,20.04117446164751,20.044969681017935,20.04835895463818,20.051360529459156,20.053999733339168,20.056305226980715,20.058306604318012,20.06003291039332,20.06151177227689,20.06276893273139,20.06382804353299,20.064710622203467,20.06543610807169,20.066021975450525,20.06648387647607,20.06683579605891,20.067090208000348,20.067258225698357,20.067349743736074,20.067373568503243,20.067337537182922,20.06724862516729,20.067113042400322,20.06693631938396,20.066723383697404,20.066478627912172,20.06620596976998,20.065908905445966,20.06559055666029,20.065253712334794,20.064900865423912,20.064534245483348,20.064155847478535,20.063767457277816,20.063370674223854,20.062966931130205
-0.04056,20.000005239403933,20.000216824905763,20.001322760980337,20.003819561704038,20.007635178889906,20.01238629810563,20.01764211310137,20.023044961325542,20.02833884487866,20.033359049116047,20.03801090977092,20.042249180007698,20.046061502414723,20.0494562921633,20.05245429636335,20.055082917972545,20.057372510219576,20.059354030837667,20.061057613939518,20.06251175006373,20.063742862303776,20.06477513524975,20.065630501047433,20.0663287193169,20.06688750958564,20.067322709591252,20.067648442609546,20.06787728345659,20.06802041708088,20.06808778643814,20.068088228121752,20.068029595339485,20.06791886850693,20.067762254119923,20.067565272773717,20.067332837282727,20.067069321866704,20.06677862333637,20.066464215153896,20.066129195173335,20.065776327791248,20.06540808116364,20.065026660074317,20.064634034973782,20.06423196764762,20.063822033918854,20.063405643740253
-0.040319999999999995,20.000006097371266,20.000240459229463,20.001430408360214,20.004069010887665,20.008052948461177,20.012970497104078,20.018373992005774,20.023898636871525,20.02928733147431,20.03437737981072,20.0390774380397,20.04334587756812,20.047173760880256,20.0505725164318,20.05356544168676,20.056182044649823,20.058454387355518,20.060414798579703,20.062094502916345,20.063522852136266,20.06472694525474,20.065731494076015,20.066558839223998,20.067229054332916,20.06776009799614,20.068167987687367,20.06846697955122,20.068669744331142,20.06878753385832,20.068830335205064,20.06880701130528,20.06872542789625,20.06859256726172,20.068414629605392,20.06819712305478,20.067944943354544,20.067662444298485,20.067353499899703,20.06702155922709,20.066669694755227,20.066300644991607,20.06591685206397,20.065520494874242,20.065113518355368,20.06469765930366,20.064274469202132,20.063845334399574
-0.04008,20.000007089449824,20.00026647344523,20.001545991781207,20.004332955236137,20.008490709993286,20.013578393465682,20.019131555876193,20.024778630726345,20.030261811288,20.035420753433286,20.040167684832426,20.044464772760445,20.048306619807605,20.051707745943453,20.054694047704118,20.05729716666479,20.059550888669584,20.061488919683125,20.06314357527025,20.064545065436405,20.065721160086458,20.066697092132188,20.06749560411927,20.068137077087417,20.068639702279654,20.069019670824833,20.069291366066356,20.06946754944778,20.069559534902595,20.06957734927303,20.069529877897455,20.06942499548877,20.069269682996488,20.069070131450285,20.0688318339186,20.068559666747102,20.068257961210172,20.067930566641376,20.0675809060239,20.067212024930072,20.066826634607253,20.06642714991946,20.066015722772594,20.065594271576355,20.065164507229138,20.064727956052145,20.064285980046186
-0.039839999999999993,20.000008235530146,20.000295084288393,20.00167002211002,20.00461210264458,20.008949234079843,20.014210725365242,20.019915460557222,20.025685498114765,20.031262738763107,20.0364895323747,20.04128193265784,20.04560608091011,20.049460239164453,20.05286209569573,20.055840193263712,20.058428334052234,20.060662041401784,20.06257640348731,20.064204826395493,20.065578374596434,20.066725483222655,20.067671899676455,20.06844076145673,20.069052750067993,20.069526282719522,20.069877717899626,20.070121560307832,20.070270656721906,20.070336378285834,20.0703287871756,20.07025678712616,20.070128258214478,20.06995017680722,20.069728721841205,20.06946936870488,20.06917697199219,20.06885583834595,20.06850979052353,20.068142223718464,20.067756155069063,20.067354267184545,20.066938946424564,20.06651231658097,20.06607626853178,20.065632486366923,20.065182470422815,20.064727557607675
-0.039599999999999996,20.000009558279466,20.000326525997444,20.001803037878705,20.004907188195325,20.009429312631664,20.014868245438468,20.020726370455733,20.02661979838214,20.03229056937481,20.037584078039036,20.04242046180145,20.04677001442822,20.05063477567995,20.05403567736254,20.057003953955633,20.05957559374405,20.061787869894104,20.06367725666158,20.065278249250305,20.066622762042126,20.067739889099265,20.06865588518365,20.069394275365124,20.069976034339806,20.07041979833305,20.070742086682888,20.07095751943077,20.071079023185167,20.07111802129849,20.07108460675599,20.070987697610498,20.070835175634866,20.070634009319,20.07039036255184,20.070109690392197,20.069796823306657,20.069456041176295,20.069091138271425,20.068705480280897,20.068302054368676,20.067883513121345,20.06745221314865,20.067010249006817,20.066559483031213,20.06610157159113,20.065637988214252,20.065170043971154
-0.03936,20.000011083502468,20.000361051568838,20.001945606586418,20.005218975084436,20.009931759463786,20.015551721162264,20.02156495881754,20.027582095226528,20.033345759845552,20.03870475105271,20.0435835505303,20.047956783010157,20.051830383034588,20.055228599472954,20.058185402277523,20.06073898972094,20.06292839572765,20.06479148332777,20.06636383446525,20.0676782080875,20.06876435024632,20.06964901541516,20.070356108437213,20.07090688959417,20.07132020691075,20.071612733851723,20.07179919961559,20.07189260500157,20.07190442045924,20.0718447651713,20.071722567360013,20.071545706770188,20.071321140676645,20.071055014930078,20.07075276158188,20.070419184573485,20.070058534876534,20.06967457634975,20.069270643451652,20.068849691823388,20.068414342638228,20.067966921505917,20.067509492622197,20.067043888766587,20.066571737674124,20.06609448523905,20.065613415948995
-0.039119999999999995,20.000012840544944,20.00039893409729,20.002098326071103,20.00554825560214,20.010457410927984,20.016261935274596,20.022431908037667,20.02857295695804,20.0344287683814,20.03985191148859,20.044771475307375,20.049166593839384,20.05304721205152,20.056440967588347,20.059384607796378,20.061918563158272,20.064083637852587,20.06591908517458,20.067461570442667,20.068744691020168,20.069798837360178,20.070651255479024,20.0713262217788,20.07184527418743,20.072227465046048,20.072489615010564,20.07264655608197,20.072711357474734,20.07269553151621,20.07260921888843,20.07246135376581,20.072259810086386,20.072011530527913,20.07172263987784,20.071398544474977,20.071044019316176,20.070663284299002,20.070260070932843,20.069837680710044,20.069399036192692,20.06894672574425,20.068483042720086,20.068010019827597,20.067529459275224,20.067042959248926,20.066551937184197,20.06605765024034
-0.03888,20.000014862744884,20.00044046820809,20.00226182595679,20.005895852171815,20.011007126593807,20.016999686235483,20.023327910004614,20.029592956784935,20.035540054928166,20.041025919103642,20.04598451101401,20.050399651794635,20.05428541088756,20.05767288447629,20.06060163730485,20.063114352564813,20.065253612709647,20.067060061562636,20.068571443446174,20.069822187176403,20.07084331936528,20.071662568879525,20.07230457504723,20.072791145169475,20.073141528154796,20.07337268470269,20.073499543093124,20.07353523504579,20.073491309439213,20.073377923671295,20.07320401358337,20.07297744347396,20.072705137998938,20.07239319782357,20.072047000842105,20.071671290666334,20.071270253938657,20.070847587868613,20.070406559236734,20.06995005596237,20.06948063219718,20.069000547783784,20.068511802810594,20.068016167897966,20.067515210766906,20.067010319568453,20.06650272338824
-0.038639999999999994,20.000017187935935,20.00048597158873,20.0024367691825,20.006262618451984,20.011581789981193,20.017765788730628,20.024253666478835,20.030642673125808,20.03668008144617,20.042227133588476,20.047222931178645,20.05165615965886,20.055545125222274,20.05892445027966,20.061836554970558,20.064326393912804,20.066438334341868,20.068214409618957,20.069693437679163,20.07091067100492,20.071897763464506,20.072682917555387,20.073291126478708,20.07374445830127,20.074062350484123,20.07426189641128,20.074358113950048,20.074364191281568,20.074291708402622,20.074150834558992,20.073950502906627,20.073698564218528,20.073401921661713,20.073066648687004,20.072698091985934,20.072300961324206,20.07187940789195,20.07143709263601,20.070977245870022,20.070502719299846,20.070016031458078,20.069519407412507,20.069014813499376,20.068503987732335,20.067988466450732,20.067469607695156,20.066948611732464
-0.0384,20.00001985900861,20.000535786627662,20.002623853619323,20.00664944050629,20.0121823093476,20.01856107421905,20.025209889505522,20.03172268994713,20.03784931220222,20.043455914827263,20.048487008210138,20.052936318328104,20.05682649844337,20.060195762679307,20.063089422476946,20.065554720758097,20.067637814495356,20.069382124319816,20.070827535351242,20.072010115118427,20.072962135177338,20.07371226190596,20.074285832903744,20.074705168060834,20.074989885109982,20.075157202549622,20.075222220975224,20.075198178852645,20.07509668175847,20.074927905834677,20.074700777133124,20.074423128962785,20.074101839493306,20.073742951836127,20.07335177869619,20.072932993512016,20.072490709808825,20.07202855029593,20.071549707055887,20.071056994003502,20.070552892640116,20.070039591993087,20.069519023510967,20.068992891580656,20.068462700242463,20.06792977660043,20.067395291357823
-0.03816,20.000022924535095,20.00059028216883,20.002823813782587,20.007057238046357,20.012809618532724,20.019386391525927,20.026197301861675,20.03283359712517,20.039048214077386,20.044712623166184,20.049777013633825,20.05424032701848,20.058129671826652,20.061486917048594,20.064360299154025,20.066799364348874,20.068852062707748,20.07056319856076,20.07197371673158,20.07312049033204,20.074036398364946,20.07475056080449,20.07528864975004,20.075673227636972,20.075924083922914,20.07605855443989,20.07609181548536,20.076037149500852,20.07590618199948,20.075709090984695,20.075454790919906,20.07515109365961,20.074804848826673,20.074422066035996,20.07400802119688,20.073567348919955,20.073104122837673,20.072621925435357,20.07212390879154,20.07161284744587,20.071091184451504,20.070561071526505,20.070024404094045,20.069482851893014,20.06893788574673,20.068390800996614,20.067842738037996
-0.037919999999999995,20.000026439463895,20.000649855391334,20.003037422646653,20.007486965752733,20.01346467786364,20.0202426074818,20.02721663753721,20.03397599083125,20.04027725688909,20.04599761968874,20.051093218328404,20.05556838346942,20.05945478470873,20.062798006598197,20.06564924209763,20.06806035372161,20.070081086383123,20.071757623212637,20.07313196018815,20.074241765687628,20.075120515241412,20.07579777159783,20.07629953103216,20.076648588910214,20.07686489760144,20.07696590228003,20.076966847752704,20.076881053995844,20.076720160711584,20.076494342647745,20.076212498129806,20.075882413516034,20.07551090629267,20.07510394938926,20.074666779085618,20.074203988644523,20.07371960956301,20.07321718210463,20.072699816562412,20.07217024651049,20.071630875132414,20.071083815564965,20.07053092606631,20.069973840704947,20.069413996168873,20.06885265521094,20.06829092717474
-0.03768,20.00003046589126,20.00071493382454,20.003265493570176,20.00793961467929,20.014148475123438,20.02113060760918,20.028268642249838,20.035150473939186,20.041536913725686,20.047311266495868,20.052435892761714,20.056920684141232,20.060801974650726,20.064129122509424,20.06695630627549,20.0693377157828,20.071324890852093,20.072965387162533,20.07430224221179,20.075373908463114,20.076214446370212,20.07685385009182,20.07731842932729,20.07763120242034,20.077812275572537,20.077879195098266,20.077847266954507,20.07772984208032,20.077538568515642,20.077283612553664,20.0769738517679,20.076617042927783,20.076219967753165,20.075788559268105,20.075328011264737,20.074842873119152,20.074337131935774,20.073814283747588,20.073277395272378,20.072729157522346,20.072171932385714,20.0716077931431,20.0710385597462,20.070465829569795,20.069891004247946,20.069315313119247,20.068739833732398
-0.037439999999999994,20.00003507391664,20.00078597750972,20.00350888234045,20.008416213746546,20.01486202658605,20.02205129685732,20.029354073993098,20.036357656453482,20.042827661291867,20.04865392698898,20.05380530722335,20.058297424404973,20.062171377591014,20.06548035405435,20.06828154461862,20.07063147537508,20.07258347941576,20.074186477338408,20.075484537424067,20.07651688416587,20.07731815064512,20.077918750521494,20.07834529573639,20.078621017319858,20.078766165958655,20.078798380694717,20.078733021110132,20.07858346240347,20.078361354997885,20.078076851451513,20.077738803907742,20.077354935404124,20.07693198822482,20.076475852237397,20.075991675864067,20.075483962036795,20.07495665119599,20.07441319312448,20.073856609167056,20.0732895461717,20.07271432330146,20.072132972703162,20.071547274878885,20.070958789485548,20.070368882184503,20.069778748074725,20.069189432167622
-0.0372,20.000040342590154,20.00086348131964,20.003768489343635,20.008917831326357,20.015606378116434,20.023005600381932,20.030473703613012,20.03759815595312,20.04414998025946,20.050025966150752,20.05520173204935,20.05969879872038,20.063563127983205,20.06685178869933,20.06962500809501,20.071941655325077,20.073856853371268,20.075420878715484,20.076678818567252,20.077670656508676,20.078431585254297,20.07899242550519,20.079380079829917,20.079617981312715,20.07972651551064,20.07972340556958,20.079624057005468,20.079441862442316,20.07918846862892,20.078874009026805,20.078507305607268,20.078096043482905,20.077646921793665,20.077165783969026,20.07665773015529,20.07612721426459,20.075578127787896,20.075013872227746,20.07443742175032,20.073851377431456,20.073258014275204,20.07265932201435,20.072057040556682,20.0714526908164,20.070847601563294,20.070242932831814,20.06963969635449
-0.03696,20.000046360960592,20.000947977373674,20.004045261690386,20.00944557665802,20.016382606024496,20.023994464040847,20.031628315090586,20.038872597748654,20.045504355349145,20.05142775057951,20.056625437625314,20.061125000617057,20.064977358761276,20.068243512057915,20.07098674565301,20.073268276379338,20.075145011941913,20.07666857424179,20.07788505642642,20.078835187329293,20.079554705598113,20.08007482596122,20.080422729563857,20.080622040570216,20.080693269523906,20.080654214839864,20.080520320110406,20.080304988420263,20.080019856683435,20.079675033822483,20.079279306831214,20.078840318654432,20.07836472154049,20.077858309168885,20.077326130480582,20.076772587774087,20.076201521291782,20.075616282215417,20.075019795719328,20.074414615493748,20.073802970946133,20.073186808112492,20.07256782516024,20.071947503235375,20.07132713329733,20.070707839491657,20.070090599531312
-0.036719999999999996,20.000053229233032,20.001040037472993,20.00434019511804,20.010000600844716,20.017191817389765,20.025018854320486,20.03281870526119,20.040181614509024,20.046891274928463,20.052859648091943,20.058076694010172,20.062576222346404,20.066414201021658,20.069655607602584,20.072366803961007,20.07461135696969,20.076447952065745,20.077929544647766,20.07910321965784,20.08001043643568,20.080687465149417,20.081165900981635,20.081473191165642,20.08163313962777,20.08166637174494,20.081590752154682,20.081421754502117,20.08117278523746,20.08085546517705,20.08047987318167,20.08005475639917,20.07958771131439,20.079085339498164,20.078553381538214,20.077996832217558,20.07742003960955,20.076826790395334,20.07622038338528,20.07560369294121,20.07497922374901,20.074349158178272,20.07371539728322,20.073079596343494,20.072443195710964,20.07180744761605,20.071173439491655,20.070542114291488
-0.03648,20.00006106004587,20.001140275645938,20.004654335893168,20.010584097779596,20.018035150286458,20.026079758157405,20.034045683435032,20.041525845800255,20.048311230533685,20.05432202726136,20.05955577050622,20.064052654489192,20.067873783669146,20.0710881563473,20.0737652271238,20.07597091296025,20.077765668170105,20.079203768245286,20.080333274609806,20.081196361446175,20.081829815310915,20.08226559770488,20.08253140902035,20.082651221283207,20.082645764280407,20.082532959613985,20.082328302792376,20.082045196405925,20.081695238808376,20.081288473195972,20.080833601939545,20.080338170722857,20.079808726615266,20.079250953741347,20.078669789750816,20.078069525862915,20.077453892871713,20.076826135155766,20.076189074436535,20.075545164771714,20.074896540048364,20.074245055051744,20.073592321025224,20.07293973650027,20.072288514059927,20.071639703601434,20.070994212580665
-0.036239999999999994,20.000069979877647,20.00124935081605,20.004988782736454,20.011197305036667,20.018913773953923,20.027178182704493,20.035310070969082,20.042905937584262,20.04976471636032,20.055815256931922,20.061062935211222,20.065554485550138,20.069356233053735,20.072541236524078,20.075182056395438,20.077346957392834,20.079098151945974,20.08049122072767,20.081575185145283,20.082392917632138,20.08298170527543,20.083373861191646,20.08359732556039,20.08367622649871,20.08363138750996,20.083480777691086,20.083239906058754,20.082922163988435,20.08253912090484,20.082100778657498,20.0816157898471,20.081091644966897,20.080534832723153,20.07995097737688,20.079344956446757,20.078721001651903,20.07808278556063,20.07743349604972,20.076775900365522,20.076112400308865,20.07544507983637,20.07477574617522,20.074105965383076,20.073437093144555,20.07277030147737,20.072106601920975,20.07144686569602
-0.036,20.000080130594785,20.001367969593854,20.00534468876419,20.01184150472017,20.01982888890748,20.02831515503865,20.036612700788492,20.044322541676905,20.051252228721854,20.057339705708905,20.06259845455293,20.06708190154001,20.070861672598994,20.074014923254218,20.076617329889135,20.078739500231308,20.080445392122748,20.081791874971145,20.082828912466848,20.083600057763483,20.08414308188956,20.084490634304455,20.084670881159102,20.08470809430679,20.0846231800032,20.084434145159317,20.08415650377989,20.083803628541464,20.083387053372455,20.082916733014734,20.082401265244346,20.081848080926783,20.08126360650661,20.080653402952247,20.080022284631713,20.079374421101374,20.078713424352603,20.078042423681293,20.077364130017294,20.07668089127133,20.07599474001871,20.075307434637722,20.074620494850105,20.073935232467193,20.073252778023985,20.07257410388103,20.071900044287737
-0.03576,20.00009167115198,20.001496889192616,20.00572326343981,20.01251802426568,20.020781726984723,20.029491721806636,20.037954416855683,20.04577631516427,20.052774265476558,20.0588957414252,20.06416259280642,20.068635085545786,20.072390222422577,20.075509288214835,20.078071082284946,20.080148548105537,20.081807374243954,20.083105700838406,20.084094414944463,20.084817731957617,20.085313889521114,20.08561585759129,20.085752014028596,20.085746761720642,20.08562107844098,20.08539299902305,20.085078033775098,20.08468952906243,20.084238976649825,20.083736278332587,20.083189971946908,20.082607424246206,20.081994995478308,20.081358179862015,20.080701725573686,20.080029737328108,20.079345764176523,20.078652874745945,20.077953721802107,20.07725059772811,20.076545482264372,20.075840083647964,20.07513587411397,20.07443412057419,20.073735911164277,20.073042178245938,20.072353718362745
-0.035519999999999996,20.00010477945772,20.001636920467913,20.00612577452842,20.013228237185952,20.02177355132211,20.030708948805948,20.039336073585375,20.047267919776623,20.054331325422204,20.060483730584338,20.06575561159482,20.07021421728953,20.073941998949586,20.077024399301443,20.079543344535857,20.08157410405559,20.08318408044466,20.08443266498475,20.085371647946655,20.086045887532322,20.086494069930847,20.08674946917376,20.086840660122274,20.086792163649182,20.086625017541518,20.08635727445348,20.08600443214869,20.085579802941517,20.085094829666627,20.08455935525674,20.083981852433137,20.083369619306513,20.0827289459572,20.082065256369983,20.081383229467725,20.08068690242917,20.079979758990618,20.07926480501381,20.078544633246842,20.077821478903708,20.077097267433953,20.076373655639877,20.07565206711887,20.074933722857345,20.07421966767592,20.07351079311881,20.072807857290844
-0.03528,20.000119654418057,20.001788931079716,20.00655355004646,20.013973563754085,20.022805656256693,20.0319679204976,20.04075853520391,20.04879802121925,20.055923907658833,20.062104037780472,20.067377769374076,20.071819472676758,20.075517114519627,20.07856032028734,20.08103414357311,20.083016167276945,20.084575489231128,20.085772730667564,20.086660563675625,20.087284468863047,20.08768356214896,20.087891404640256,20.087936753042435,20.08784423281728,20.08763492999157,20.087326904729434,20.0869356332392,20.08647438591834,20.085954549806807,20.085385902982626,20.084776847818176,20.084134609205293,20.083465403051104,20.082774579595306,20.082066745425223,20.081345867473992,20.08061536177704,20.079878169326502,20.079136820993767,20.078393493178666,20.077650055581774,20.076908112276136,20.07616903707033,20.075434004000144,20.0747040136566,20.073979915949323,20.07326242981321
-0.035039999999999995,20.00013651817262,20.001953848775003,20.007007980197862,20.014755471616343,20.023879367147803,20.033269739447764,20.042222675051494,20.050367288459935,20.057552510919678,20.063757025095907,20.069029320902473,20.073451023335178,20.07711567698836,20.0801171104807,20.082543502011543,20.08447473286747,20.08598157526358,20.08712585755971,20.087961111007,20.08853341724527,20.088882302356915,20.089041596944536,20.0890402239534,20.088902899691448,20.0886507463831,20.08830182118355,20.087871569573924,20.08737321204374,20.086818072876778,20.086215859229227,20.085574897832696,20.084902335739454,20.084204310643624,20.08348609550279,20.0827522214672,20.082006582500302,20.08125252454016,20.080492921597475,20.07973024080277,20.078966598093437,20.07820380596121,20.07744341445473,20.076686746442885,20.07593492798646,20.075188914533644,20.074449513544057,20.07371740405348
-0.0348,20.00015561853723,20.002132664787833,20.007490519287483,20.01557547632662,20.02499604011338,20.034615525695358,20.043729374825944,20.05197639297266,20.05921763287064,20.06544305147682,20.070710516695833,20.075109036144635,20.078737789324567,20.08169482438025,20.084071437855858,20.08594979157697,20.087402309142703,20.088492001567577,20.089273235334755,20.08979267076242,20.09009022377506,20.09019997631029,20.090151001500605,20.08996809241151,20.089672395155777,20.089281953154227,20.088812171829012,20.08827621364704,20.087685333078852,20.087049160217955,20.086375940806512,20.085672739393022,20.084945611385596,20.08419974889759,20.08343960452183,20.08266899651415,20.081891198308785,20.081109014816157,20.080324847557165,20.079540750355658,20.078758477033258,20.07797952231874,20.077205156990875,20.076436458112195,20.075674335076403,20.0749195520796,20.074172747531374
-0.034559999999999994,20.00017723166853,20.002326437352682,20.00800268760163,20.01643514179431,20.02615706167579,20.036006416042813,20.045279523766926,20.0536260079375,20.060919769378813,20.06716247208808,20.072421602469362,20.076793672759443,20.080383549203738,20.0832935113306,20.085617964208748,20.087441329560235,20.088837657200784,20.08987111465452,20.090596878422094,20.091062164160064,20.09130725655668,20.09136647014212,20.09126901173613,20.091039736728607,20.090699802545746,20.090267227943617,20.08975736879549,20.089183321308965,20.088556262990238,20.08788574065686,20.087179913657387,20.086445759329905,20.085689246691327,20.084915483424446,20.084128840426313,20.083333057494098,20.082531333142327,20.081726401055917,20.080920595273206,20.080115905851027,20.07931402647859,20.078516395269336,20.077724229762328,20.076938556999956,20.07616023941158,20.075389997118396,20.074628427179046
-0.034319999999999996,20.000201664966454,20.002536295325676,20.008546073244847,20.017336080637037,20.027363848311868,20.037443563267388,20.04687401777968,20.055316807396835,20.062659413750772,20.068915637648097,20.07416281856729,20.078505089124203,20.082053048599327,20.084913215178226,20.087183088981853,20.088949328134465,20.09028758129829,20.091263144670457,20.091931978258895,20.092341828726923,20.09253332768899,20.09254100294354,20.092394178051165,20.092117755949996,20.09173289254099,20.09125757078209,20.090707087351536,20.090094463840675,20.089430793547827,20.08872553373046,20.08798675188517,20.087221333391803,20.086435156739764,20.08563324157168,20.084819873933352,20.083998712399776,20.083172878141244,20.082345031486064,20.081517437113458,20.080692019657842,20.07987041121309,20.07905399198224,20.07824392511614,20.077441186616817,20.07664659104152,20.075860813627475,20.075084409360173
-0.03408,20.000229260231055,20.00276344190704,20.009122333921308,20.018279954429513,20.028617845902158,20.038928135250636,20.04851375849762,20.05704946536818,20.064437055941486,20.070702893744926,20.075934399381577,20.08024343498438,20.083746373372907,20.086553973929334,20.088766814610704,20.09047376354205,20.091752038626804,20.092668035188417,20.09327846892652,20.093631592183442,20.093768360901723,20.093723496242493,20.09352642111585,20.0932020708911,20.092771586843753,20.09225290479953,20.091661252441327,20.09100956826908,20.090308854039097,20.08956847109541,20.088796389571584,20.087999398101502,20.087183280480822,20.086352964680152,20.08551264872229,20.084665907185006,20.083815781461777,20.082964856387992,20.082115325404132,20.081269046065348,20.080427587407083,20.079592270427618,20.078764202742576,20.077944308295343,20.07713335286562,20.076331966000183,20.075540659891896
-0.033839999999999995,20.000260397090877,20.00300915845663,20.00973319864836,20.019268473839613,20.029920529074243,20.04046131402383,20.05019965228329,20.058824654914215,20.06625318173498,20.07252458013493,20.07773657276105,20.082008853393045,20.08546360286454,20.08821581941078,20.09036913777466,20.092014606719783,20.0932309815192,20.09408572534894,20.094636280470723,20.094931378578547,20.09501227658393,20.094913868524944,20.09466565882708,20.094292599835285,20.09381580484047,20.093253151003807,20.092619787060844,20.091928559828858,20.09119037209942,20.090414482882306,20.089608759385868,20.088779888671827,20.087933555647105,20.087074592957325,20.086207107415245,20.08533458681558,20.084459990335173,20.08358582517563,20.08271421165654,20.08184693859604,20.08098551050829,20.08013118789364,20.079285021687244,20.078447882757896,20.07762048720489,20.076803418080917,20.075997144069685
-0.0336,20.000295496720465,20.003274808392973,20.010380469389045,20.020303398642564,20.03127340043542,20.04204429472738,20.051932609167583,20.0606430471708,20.06810827189801,20.074381030025496,20.0795695594126,20.083801480215275,20.08720480948478,20.089898776935367,20.09199004912311,20.09357182307549,20.09472435726809,20.095516149713102,20.09600533878342,20.096241108195347,20.096264991709567,20.096112035177175,20.095811806264724,20.09538925850177,20.094865463579524,20.094258228266877,20.09358261225094,20.092851361961447,20.092075273716038,20.091263497703885,20.090423792596543,20.089562739020362,20.088685918771187,20.08779806549668,20.086903191598275,20.086004695291937,20.0851054510916,20.08420788642033,20.083314046592818,20.08242565003202,20.081544135268718,20.080670701013723,20.079806340378664,20.078951870144376,20.078107955829815,20.077275133193023,20.076453826695236
-0.033359999999999994,20.000335025865244,20.00356184116444,20.01106602258965,20.021386537604137,20.032677989690022,20.04367828448266,20.0537135417273,20.0625053103341,20.07000280130831,20.07627256934349,20.081433572296064,20.085621443631847,20.08897005830981,20.091602864972895,20.0936295330092,20.09514537227333,20.096232107953522,20.09695923812518,20.097385565494204,20.097560697466463,20.097526419772635,20.09731790843729,20.096964775656808,20.096491960022238,20.09592047775736,20.095268053318865,20.094549647098106,20.09377789632136,20.09296348323904,20.09211544266991,20.09124141908954,20.090347881790333,20.089440305208715,20.088523320302677,20.087600841847852,20.08667617567687,20.085752109188828,20.084830987880363,20.083914780176002,20.08300513244555,20.082103415775528,20.081210765797614,20.080328116659437,20.079456230043462,20.07859571999155,20.077747074169913,20.076910672107424
-0.03312,20.000379501192274,20.003871796279743,20.011791810607505,20.02251974822356,20.034135852636965,20.045364501174923,20.05554336390151,20.0644121086081,20.071937238059146,20.078199515991425,20.083328816014653,20.087468863643952,20.090759406681325,20.093328094828454,20.095287567232322,20.096735208028804,20.09775417028099,20.098414915585828,20.098776877872346,20.098890058899773,20.098796470732424,20.09853139735662,20.098124476354254,20.097600614926595,20.096980759713396,20.0962825407505,20.095520808743185,20.094708082790138,20.093854923399643,20.092970243408995,20.092061567392957,20.09113524837773,20.0901966491675,20.08925029432141,20.088299997762796,20.087348970128428,20.086399909245884,20.085455076535123,20.08451636164465,20.083585337233902,20.08266330548603,20.08175133766645,20.080850307821265,20.07996092152746,20.079083740456607,20.0782192033895,20.077367644216444
-0.03288,20.000429493985795,20.00420630738279,20.012559863013816,20.023704936327043,20.035648570043474,20.0471041721463,20.0574229897475,20.06636410111422,20.07391204254219,20.080162179093254,20.08525548620302,20.08934385158084,20.092572903812894,20.095074470329447,20.09696412279082,20.09834127791483,20.099290475430813,20.099883102136758,20.10017918874026,20.100229101015337,20.10007505096967,20.09975240777159,20.099290814815646,20.098715131138327,20.09804621943411,20.097301603024423,20.09649601239854,20.095641839498295,20.09474951533603,20.093827824097648,20.09288416470868,20.091924768965008,20.09095488374282,20.089978923477208,20.08900059800181,20.088023019938188,20.087048795081852,20.086080098624233,20.085118739552097,20.08416621515868,20.08322375726693,20.08229237149181,20.08137287064376,20.080465903190866,20.07957197754503,20.078691482811998,20.077824706541218
-0.032639999999999995,20.000485635206683,20.00456710635536,20.013372287755328,20.024944055502754,20.0372177463912,20.04889853279843,20.0593533321375,20.068361940764966,20.075927666510964,20.082160858232204,20.087213768914985,20.091246509612322,20.09441059040453,20.096841987523,20.09865916364629,20.099963523180044,20.100840948920087,20.101363712757916,20.101592406399206,20.101577728294274,20.101362063254218,20.100980842286685,20.10046369460265,20.099835413980063,20.099116764566812,20.0983251504956,20.0974751713739,20.09657908285556,20.095647178627136,20.094688107496818,20.093709136951126,20.092716372561533,20.091714940959207,20.09070914271532,20.089702580326882,20.08869826557506,20.08769870975988,20.08670599969165,20.085721861810516,20.084747716389675,20.08378472343791,20.082833821638953,20.081895761437288,20.0809711331927,20.080060391172246,20.0791638740212,20.078281822250084
-0.0324,20.000548620934985,20.004956027428797,20.014231272158337,20.026239106368315,20.03884500849139,20.050748825104534,20.06133530139769,20.070406273103895,20.077984552127358,20.0841958426831,20.089203840013383,20.093176930268335,20.096272498267467,20.09863063438542,20.100372646501025,20.101601878580713,20.102405510478288,20.102856657278203,20.10301643456824,20.102935841140383,20.10265740672496,20.102216600269166,20.101643016386614,20.100961366189765,20.10019230044355,20.099353091441426,20.098458197111384,20.097519727589777,20.09654783133457,20.09555101499623,20.094536408793385,20.093509987051032,20.092476751818797,20.091440886050954,20.090405881652625,20.089374646734807,20.08834959563667,20.087332724634937,20.08632567573984,20.085329790553402,20.084346155819663,20.08337564201432,20.082418936089816,20.081476569302737,20.0805489408946,20.07963633826933,20.078738954204905
-0.032159999999999994,20.00061921821481,20.005375011289342,20.01513908376601,20.02759213567134,20.040532003975347,20.052656296039718,20.06336980389875,20.07249773512067,20.080083130999093,20.08626741064591,20.09122586456771,20.095135195970297,20.09815864996306,20.10044039054695,20.10210452059117,20.10325627222835,20.10398407393824,20.104361840300967,20.10445117233726,20.10430333585527,20.103960976882533,20.103459577855777,20.102828677966503,20.10209288794755,20.10127273011499,20.100385332101162,20.099444999229284,20.09846368679408,20.097451390052374,20.096416466666,20.09536590372017,20.094305539245504,20.093240246355833,20.092174086623995,20.091110438101065,20.090052102394615,20.08900139441673,20.08796021775906,20.086930128121043,20.0859123867857,20.08490800578581,20.08391778611664,20.082942350117275,20.08198216895099,20.081037585958008,20.080108836524815,20.079196065007995
-0.03192,20.00069827132048,20.00582610934534,20.016098071283245,20.02900523554247,20.04228039997757,20.054622196219416,20.065457740850295,20.07463695425399,20.082223823383618,20.088375828622798,20.09327999637293,20.09712137866306,20.100069058523815,20.1022712270826,20.103854727531964,20.104926625477436,20.105576547156964,20.105879161150778,20.10589651413401,20.10568010462109,20.105272665584444,20.104709667957533,20.104020574281158,20.103229876893785,20.10235795437302,20.10142177670196,20.10043548555067,20.09941087195737,20.098357769938858,20.097284381289438,20.09619754406126,20.095102954918936,20.09400535367046,20.09290867673275,20.091816185035157,20.090730570846322,20.08965404718517,20.088588422808744,20.087535165227933,20.086495453763007,20.08547022429355,20.084460207067025,20.083465958692987,20.08248788925658,20.081526285326156,20.08058132949988,20.079653117029082
-0.03168,20.000786708462726,20.00631148824667,20.01711066575474,20.03048054303161,20.04409188212953,20.056647778844688,20.067600007377912,20.076824547643163,20.084407037603956,20.090521350971628,20.095366377612343,20.09913553956232,20.102003727265213,20.10412310637259,20.10562320121484,20.106612852849967,20.107182831960817,20.107408513833903,20.10735234969606,20.107066035481157,20.106592361032,20.105966760251324,20.105218597404367,20.104372228126653,20.103447871750042,20.102462327459413,20.101429562104762,20.100361192966243,20.099266884718823,20.098154676365382,20.097031250993787,20.09590215880956,20.094772001930842,20.09364458783588,20.092523057060497,20.091409989697876,20.090307494408957,20.089217282969436,20.088140732827902,20.08707893970284,20.08603276188396,20.085002857609023,20.08398971664754,20.082993687027358,20.082014997679998,20.08105377764986,20.080110072404466
-0.031439999999999996,20.000885548952944,20.00683343446562,20.01817938167207,20.032020239576152,20.04596815351291,20.05873429862979,20.069797491596617,20.079061121383614,20.08663316947176,20.092704219467496,20.09748513852803,20.101177728908528,20.10396264960276,20.105995981966785,20.10740986770721,20.108314861961638,20.108802824091327,20.108949786998796,20.108818564042135,20.108461012319236,20.107919947755544,20.107230741169523,20.10642263653761,20.10551983419714,20.104542378515607,20.103506884575246,20.102427133125378,20.101314558103873,20.10017864668271,20.099027268107463,20.09786694454154,20.096703074619036,20.095540118372224,20.094381750551282,20.093230988024025,20.092090295871877,20.090961675935215,20.089846740865447,20.088746776179864,20.08766279236157,20.086595568679545,20.08554569010601,20.084513578466037,20.083499518757044,20.082503681414725,20.081526141170055,20.08056689303377
-0.0312,20.000995910843006,20.00739435891529,20.019306817981096,20.03362655037343,20.04791093354711,20.060883010689597,20.072051073661388,20.081347269769843,20.088902601703783,20.094924662860983,20.09963639708968,20.103247985720028,20.105945808868505,20.107889798448603,20.10921464515173,20.110032553447372,20.110436413150225,20.110502863895587,20.11029503744232,20.10986491483774,20.109255306598495,20.108501493888273,20.107632578001464,20.10667258510272,20.105641368671673,20.104555346233738,20.10342810104808,20.102270874047655,20.101092966684508,20.09990207144215,20.098704543573028,20.09750562501049,20.096309629294872,20.095120094653915,20.09393991101171,20.09277142560305,20.091616530988563,20.090476738557108,20.089353240031258,20.088246959031267,20.087158594380973,20.086088656537807,20.085037498284546,20.084005340621562,20.08299229463602,20.081998379991887,20.08102354057601
-0.030959999999999998,20.00111901905697,20.007996801593897,20.020495658981353,20.035301743653726,20.049921956809357,20.063095169386276,20.07436162479439,20.083683574525654,20.09121570333162,20.097182896432876,20.101820258661625,20.105346337545104,20.107953178126838,20.109804491298284,20.11103744366477,20.111765820885942,20.112083482543458,20.112067622334475,20.111781645387108,20.111277618534604,20.110598314700006,20.10977889831444,20.108848305225678,20.10783036827966,20.10674473394651,20.105607608596724,20.104432366505964,20.103230045865477,20.102009754138354,20.10077900000552,20.099543965798322,20.098309731605358,20.09708046006086,20.09585954907249,20.094649758345113,20.093453314434736,20.092271998167472,20.091107217536997,20.089960068614133,20.08883138653566,20.08772178826292,20.086631708496395,20.08556142988577,20.08451110847463,20.08348079515554,20.082470453778345,20.081479976444975
-0.030719999999999997,20.001256214029954,20.008643436242284,20.021748675109077,20.037048129850042,20.052002971786095,20.065372027134693,20.076730006288756,20.086070604021454,20.093572829104488,20.099479121545208,20.10403681566778,20.10747280021278,20.109984719989267,20.111739986755158,20.11287816523391,20.113514550723504,20.113743909423984,20.113643934642774,20.113278258555003,20.11269899467871,20.111948845476153,20.111062831070996,20.11006969873766,20.108993068593758,20.107852363787092,20.10666356579714,20.105439828323995,20.104191977010636,20.102928917013788,20.101657966138724,20.100385127764618,20.099115314978974,20.097852535089647,20.096600041885015,20.095360461576885,20.09413589721426,20.092928015439547,20.091738118725143,20.090567205640287,20.0894160212252,20.08828509916905,20.08717479718084,20.08608532669389,20.085016777842508,20.083969140485685,20.082942321918665,20.081936161803906
-0.030479999999999997,20.00140896086786,20.00933707500088,20.023068723595166,20.03886806066085,20.054155739554087,20.067714833165894,20.079157068488534,20.088508912478403,20.09597431888482,20.101813525188312,20.10628614725423,20.109627377581997,20.112040386427946,20.113696201678767,20.11473670361417,20.11527862219579,20.115417564633173,20.1152316676205,20.11478474277858,20.114128910283682,20.11330676859949,20.11235316548084,20.11129663614937,20.110160568329512,20.108964145349887,20.10772310993101,20.106450383511834,20.105156569315216,20.103850361829547,20.10253888088203,20.101227944850464,20.09992229465489,20.098625777852437,20.097341500313128,20.096071951485047,20.094819108087233,20.093584520135767,20.09236938246321,20.091174594295396,20.090000808971148,20.088848475506044,20.08771787339131,20.08660914176854,20.08552230391802,20.08445728783352,20.083413943522313,20.082392057559446
-0.030239999999999996,20.001578859039913,20.010080673051352,20.024458748989108,20.040763928001994,20.05638203238975,20.070124832248116,20.08164364974452,20.090999039159108,20.098420497036393,20.104186279523574,20.108568318949242,20.111810061288985,20.11412011858765,20.115673043408485,20.116612944222783,20.117057907248753,20.11710431264053,20.116830682494236,20.11630095900881,20.115567228079986,20.114671949976813,20.113649771548776,20.112528992142458,20.111332747177563,20.11007996348998,20.10878613104779,20.107463927255083,20.106123722981987,20.104773993645885,20.103421653967462,20.102072331258583,20.100730589097836,20.09940011086521,20.098083850715213,20.096784158066157,20.09550288049067,20.09424144894363,20.093000948507644,20.091782177232144,20.09058569515869,20.089411865236773,20.088260887522193,20.087132827797966,20.08602764155368,20.084945194093994,20.083885277412154,20.082847624354873
-0.03,20.00176765261387,20.01087733322708,20.02592178353973,20.04273816284378,20.05868363230511,20.072603263364584,20.084190575345556,20.093541507544654,20.10091167180471,20.106597541421674,20.11088338232026,20.11402083049243,20.11622384659593,20.117670409621436,20.118506764032198,20.118852270457438,20.11880401148165,20.118440834869144,20.117826763277495,20.11701380648504,20.116044251725057,20.114952515941656,20.113766638451544,20.1125094822203,20.111199700748433,20.109852517139,20.108480352904845,20.107093336574646,20.105699716055337,20.10430619380994,20.102918200007284,20.101540115705323,20.100175455680485,20.098827018578223,20.09749701052721,20.096187147144978,20.09489873789917,20.09363275602172,20.09238989656234,20.091170624679105,20.089975215872432,20.088803789554348,20.08765633709129,20.08653274525402,20.085432815842275,20.08435628211691,20.08330282256257
-0.029759999999999998,20.00197724104135,20.0117303105754,20.027460947423307,20.04479323392931,20.06106232950884,20.075151358347455,20.086798656424964,20.096136824497496,20.103448134689284,20.109047451995895,20.113231374627706,20.11625965161619,20.11835148937111,20.119688188188377,20.120418031461092,20.120661568942815,20.120516512694074,20.120061974678887,20.119362006657603,20.118468499571307,20.117423532145107,20.11626126196648,20.115009443845516,20.113690647915558,20.11232323733776,20.11092215412505,20.10949955196556,20.1080653070064,20.106627431171862,20.105192407496844,20.103765462920368,20.102350790797804,20.10095173287765,20.099570928508218,20.09821043727628,20.09687184004472,20.09555632237783,20.094264743566523,20.092997693847952,20.091755541920868,20.09053847446379,20.089346529046377,20.088179621569882,20.087037569167038,20.08592010932531,20.084826915862767,20.08375761227577
-0.029519999999999998,20.002209690497942,20.01264301685351,20.029079448809377,20.04693164637003,20.06351992079072,20.07777034046714,20.089468688841563,20.098785479409994,20.106030159807517,20.111536136130173,20.11561231847514,20.118526478089205,20.120502954427874,20.121726257027294,20.12234660626316,20.12248565228638,20.1222416612509,20.121693946133306,20.120906535221355,20.119931157032134,20.11880964569343,20.117575869546368,20.11625727410677,20.114876116078307,20.113450451125452,20.11199492584016,20.110521414080992,20.109039529526804,20.107557039618335,20.106080200775985,20.104614030615494,20.103162529607346,20.101728862051946,20.10031550421952,20.098924365911905,20.09755689044815,20.096214137084143,20.094896849090766,20.093605510091063,20.092340390759766,20.091101587591385,20.089889055124967,20.08870263275784,20.08754206707481,20.08640703045255,20.085297136564225,20.084211953299512
-0.029279999999999997,20.002467245779705,20.013619024938663,20.030780583754247,20.049155940114353,20.06605820782786,20.08046142297624,20.092201452034907,20.101487943338068,20.10865800324971,20.11406370200157,20.118026221455427,20.12082125008223,20.122678137680055,20.123784483954392,20.124292339413323,20.124324362442223,20.123979295491907,20.123336587663612,20.122460189995877,20.121401624145204,20.12020244295139,20.118896195194257,20.1175099920082,20.116065755860173,20.114581217615456,20.113070714015343,20.11154582701838,20.11001589770678,20.108488440512257,20.106969478041943,20.105463812490957,20.10397524626483,20.102506761801944,20.101060668522525,20.099638723211118,20.098242228865473,20.09687211604021,20.09552900991945,20.09421328572275,20.092925114547906,20.091664501354735,20.09043131647428,20.089225321771515,20.08804619238317,20.08689353478578,20.085766901814115,20.084665805140794
-0.029039999999999996,20.00275234275397,20.014662073132104,20.032567735912092,20.05146868828523,20.06867899541095,20.083225807607256,20.094997707854077,20.104244668119595,20.11133190242487,20.116630240596635,20.120473075792557,20.12314389424105,20.12487692324031,20.12586272653217,20.126255072991135,20.126177533646363,20.125729247051954,20.12498973186491,20.124022806916262,20.12287974173345,20.121601770592026,20.120222091984182,20.118767457287927,20.117259433726765,20.11571540992752,20.114149398259297,20.112572676650544,20.110994303421762,20.109421531449712,20.10786014232062,20.106314716710838,20.104788853785532,20.10328534971556,20.101806343310034,20.10035343511612,20.09892778504582,20.09753019257294,20.096161162741378,20.09482096059079,20.0935096561017,20.09222716136052,20.090973261324333,20.0897476393081,20.08854989811052,20.087379577528143,20.086236168872784,20.085119126997988
-0.0288,20.00306762135865,20.015776069334983,20.034444376053084,20.053872495382343,20.071384089588776,20.08606468302323,20.097858199359578,20.10705608547705,20.11405207539678,20.11923582522138,20.1229528579787,20.125494323415822,20.127099183216398,20.127960831914287,20.128234640061134,20.128044992323034,20.127491340786438,20.126653205435883,20.1255942167758,20.12436534612323,20.123007471344298,20.12155340952006,20.120029526621558,20.11845701343266,20.116852898774265,20.11523085603718,20.11360184693603,20.111974636832866,20.110356208487435,20.1087520952521,20.107166650188447,20.105603264053126,20.104064542354532,20.102552449542177,20.101068426719575,20.099613487962888,20.098188299300016,20.09679324359541,20.09542847394625,20.094093957688685,20.09278951270969,20.09151483743837,20.09026953563329,20.089053136875698,20.087865113512244,20.08670489465645,20.085571877749377
-0.02856,20.003415939139774,20.016965095073193,20.036414061377886,20.056369995344653,20.07417529572918,20.08897922322035,20.100783649597656,20.109922606103844,20.116818720209967,20.12188051100429,20.125465528406057,20.127872436386102,20.129344777503558,20.130078636686864,20.130230864549745,20.129926556987755,20.12926539469361,20.128326829115345,20.12717424517324,20.125858269099666,20.12441938395448,20.122889993901765,20.121296053591887,20.11965835599392,20.117993552435966,20.116314962647145,20.11463321989707,20.11295678636606,20.11129236612296,20.109645237071597,20.108019518568018,20.10641838780201,20.104844255237293,20.10329890722978,20.10178362224844,20.100299265799197,20.098846368114547,20.097425187855503,20.09603576442884,20.09467796101327,20.09335149998352,20.092055992099223,20.090790960567894,20.089555860884914,20.08835009718735,20.087173035724664,20.08602401594093
-0.028319999999999998,20.00380038531221,20.018233409346823,20.038480434617504,20.058963849468856,20.077054416494594,20.091970585881572,20.103774760346337,20.11284461873386,20.119632014204882,20.124564334391955,20.12801103099307,20.130278117581177,20.1316135535728,20.13221596670592,20.13224356111854,20.13182203814681,20.131051219833424,20.13001041761555,20.128762712456904,20.127358337858883,20.125837343144656,20.12423168768846,20.12256688865596,20.1208633196581,20.119137236732882,20.117401591194586,20.11566667559536,20.11394063868924,20.112229897272783,20.110539466588566,20.10887322620463,20.10723413459793,20.10562440282025,20.104045635416234,20.10249894504636,20.100985045928976,20.09950433016842,20.098056930214472,20.096642770051126,20.095261607201284,20.093913067228538,20.09259667209459,20.09131186347349,20.090058021917717,20.088834482605705,20.087640548266943,20.08647549977318
-0.028079999999999997,20.004224295323418,20.019585452278616,20.040647222907236,20.06165674417922,20.08002324973013,20.095039910680246,20.106832210832593,20.115822489193516,20.122492113321957,20.127287312636813,20.13058929280454,20.132711236795306,20.13390534625458,20.13437263693059,20.1342725350335,20.13373123819295,20.13284862024278,20.13170377955198,20.130359433665422,20.128865374957098,20.127261179568187,20.125578329858953,20.123841879109317,20.12207175987157,20.120283814995073,20.118490612563953,20.11670209210558,20.11492607868715,20.11316869324848,20.111434681163857,20.109727676142246,20.108050412816855,20.106404898477372,20.104792552157726,20.103214317554528,20.10167075489959,20.10016211585425,20.09868840466648,20.097249428181446,20.095844836783364,20.094474157940336,20.093136823701286,20.091832193237046,20.090559571312003,20.089318223407865,20.088107388088446,20.08692628708729
-0.027839999999999997,20.004691265894333,20.02102584853447,20.042918236423166,20.0644513886442,20.083083586262333,20.09818831753261,20.109956656419737,20.11885655943578,20.125399151393786,20.130049443276466,20.133200223665167,20.13517164889737,20.136219977517513,20.136548451251752,20.13631758202998,20.13565395129699,20.134657392846847,20.13340671736941,20.131964218464912,20.130379198256254,20.128690719761885,20.12692975576903,20.125120869047347,20.123283529244098,20.121433148029578,20.11958189538811,20.117739345486534,20.11591298943404,20.11410864373067,20.11233077668483,20.110582770089884,20.10886712962201,20.10718565447806,20.105539574501883,20.10392966129101,20.10235631841151,20.100819654785955,20.099319544488125,20.097855675525572,20.09642758967714,20.095034715046246,20.093676392668346,20.09235189825449,20.091060459947993,20.08980127280711,20.0885735105948,20.087376335350214
-0.027599999999999996,20.00520517050545,20.02255941048773,20.045297366769436,20.067350512235166,20.086237207606423,20.101416904798043,20.113148727264313,20.121947146555417,20.128353239424914,20.13285070360401,20.135843715766,20.13765919353455,20.1385572562418,20.13874320231576,20.138378488173036,20.137589963295063,20.136477327366265,20.135119027264036,20.13357687108244,20.131899620866164,20.130125786094872,20.12828579710554,20.126403699323586,20.12449847751053,20.122585094084894,20.120675306015087,20.11877830974986,20.116901252164038,20.115049636740856,20.113227647538444,20.111438408395777,20.1096841909391,20.107966581963275,20.106286618464733,20.104644896828475,20.103041661296764,20.10147687577789,20.09995028221827,20.09846144810712,20.097009805168184,20.09559468088682,20.094215324199034,20.092870926413195,20.09156063823122,20.09028358357289,20.08903887077593,20.087825601638986
-0.02736,20.00577017528962,20.024191141097656,20.047788585104136,20.07035686182235,20.08948588357988,20.104726747425858,20.1164090269416,20.12509454178476,20.131354464858585,20.13569105012882,20.138519643263287,20.14017369482951,20.1409169779868,20.14095667134284,20.140455029712836,20.139539051571198,20.138308206219925,20.13684049910145,20.135197190235512,20.133426451082883,20.131566196713866,20.12964628183719,20.127690207504862,20.125716451489513,20.123739508812612,20.121770708472216,20.119818856826218,20.117890746239134,20.11599155861094,20.11412518658217,20.112294490019575,20.11050150142958,20.108747590919844,20.10703359900595,20.10535994377031,20.10372670749587,20.102133706822524,20.100580549636373,20.09906668124656,20.09759142188967,20.09615399719611,20.09475356293172,20.093389225073402,20.092060056074445,20.090765108013223,20.089503423189008,20.088274042624096
-0.02712,20.0063907552861,20.025926236458556,20.05039593997832,20.07347319889148,20.092831369810643,20.108118895039922,20.119738131033202,20.128299009465128,20.13440289082682,20.13857041802522,20.141227861867947,20.142714961070016,20.143298924752287,20.143188627940003,20.142546972935204,20.141500984935583,20.14014980442385,20.138570916331066,20.136824969058388,20.134959492324175,20.13301176548585,20.131011034162885,20.128980227824265,20.126937295040182,20.124896245227234,20.122867964428515,20.120860856529944,20.118881349115767,20.11693429395152,20.11502328511377,20.113150912503425,20.111318964462985,20.10952859015386,20.10778043000325,20.10607472072597,20.104411380034026,20.102790075067453,20.101210277740314,20.099671309539747,20.09817237780161,20.09671260508153,20.095291052920313,20.093906741049253,20.092558662879267,20.091245797956837,20.089967121941058,20.088721614552597
-0.026879999999999998,20.007071711003015,20.02777008774567,20.053123554625248,20.076702296257533,20.096275404961258,20.111594369823816,20.123136585574336,20.131560785919778,20.137498555332147,20.141488720534763,20.143968208405038,20.145282784380733,20.145702864731135,20.14543882991248,20.144654074016078,20.14347552351087,20.1420018895013,20.140310055914156,20.138459995043732,20.136498543081647,20.1344623019583,20.132379874478328,20.130273591152733,20.12816084903777,20.12605515368497,20.12396693317611,20.121904176542554,20.119872936330076,20.117877725638575,20.115921832859208,20.11400757196092,20.11213648210672,20.110309487281263,20.108527024243635,20.106789145302773,20.105095601013442,20.10344590680816,20.10183939673951,20.10027526685142,20.098752610184622,20.097270445017926,20.09582773762862,20.09442342060338,20.09305640753093,20.0917256047482,20.09042992068417,20.089168273243498
-0.026639999999999997,20.00781818522759,20.029728282487763,20.05597562367278,20.080046934371744,20.099819707676502,20.115154164219007,20.12660490537488,20.13488007824233,20.14064147037399,20.144445848334,20.146740500353722,20.147876940386602,20.148128552061728,20.147707023080873,20.14677607888618,20.145462418631944,20.143864221408716,20.142057688269436,20.14010205000307,20.138043396892513,20.135917611339607,20.13375261936306,20.131570124991196,20.129386951369668,20.12721608188286,20.1250674716317,20.122948682416062,20.1208653815026,20.11882173481925,20.11682071797924,20.114864363084305,20.112953955133737,20.11109018873581,20.109273293431595,20.107503134114225,20.105779291621708,20.104101127496435,20.102467836063333,20.100878486323527,20.099332055648212,20.09782745685576,20.09636355993843,20.09493920945486,20.093553238406137,20.092204479255162,20.090891772623046,20.08961397409515
-0.026399999999999996,20.008635680015267,20.031806605309775,20.058956409469715,20.083509897405293,20.103465973410525,20.118799238561042,20.13014357231069,20.13825706307308,20.143831621072398,20.14744166890467,20.149544535392234,20.15049718788242,20.15057572658702,20.149992941105005,20.148912723102146,20.14746141275191,20.145736552467525,20.143813577224172,20.141750910032417,20.13959384231618,20.13737749448397,20.13512908157169,20.132869653466663,20.130615436935226,20.128378874861365,20.126169434341307,20.12399423757934,20.121858556345877,20.119766200920356,20.11771982707859,20.115721179154107,20.113771283032467,20.11187059977921,20.110019148199317,20.1082166027903,20.106462372142072,20.10475566175053,20.10309552437117,20.101480900385198,20.09991065014059,20.098383579830752,20.096898462158943,20.095454052788472,20.094049103382122,20.0926823718779,20.091352630523673,20.090058672093754
-0.02616,20.009530073780365,20.034011038108844,20.062070238020436,20.08709396911427,20.107215871140657,20.122530518660643,20.133753033590956,20.141691885367635,20.14706896479263,20.150476025908826,20.152380090949706,20.153143268509933,20.153044113621142,20.152296305315012,20.151063731724502,20.149472239354363,20.14761862730176,20.14557747997065,20.143406345482774,20.141149662915275,20.13884174788037,20.136509070028865,20.134171997331705,20.131846137648644,20.12954337500988,20.1272726734877,20.12504070334695,20.12285233067433,20.120711001659004,20.118619045217073,20.11657791205061,20.114588364018502,20.112650624512902,20.110764498118492,20.10892946598915,20.107144761965014,20.105409433366653,20.103722389563718,20.102082440763805,20.100488328959518,20.09893875257452,20.097432386037212,20.095967895264902,20.09454394984663,20.093159232558573,20.091812446722844,20.090502321822605
-0.02592,20.01050763840197,20.036347759618902,20.06532149451485,20.090801928484044,20.11107103996936,20.12634889333197,20.137433700003832,20.145184657159973,20.150353430272123,20.153548738570304,20.15524692376593,20.155814906443315,20.155533423724233,20.154616824550267,20.153228819202894,20.15149462287239,20.149510182781817,20.147349147028162,20.145068120935694,20.142710637241347,20.140310163645818,20.137892389828163,20.135476973967553,20.133078882445204,20.130709422075224,20.128377038900588,20.126087938930603,20.12384657241654,20.121656013055443,20.119518255922813,20.117434452267254,20.115405095048057,20.11343016589148,20.111509251713628,20.10964163741028,20.107826379601256,20.106062365331688,20.104348358795473,20.10268303849721,20.10106502676428,20.09949291312625,20.097965272769525,20.096480681031835,20.09503772470872,20.09363501079192,20.0922711731384,20.09094487747212
-0.025679999999999998,20.011575056249658,20.038823144318307,20.068714618441213,20.09463654515172,20.11503308561651,20.130255211870917,20.141185944142936,20.148735456321955,20.15368491675169,20.15665960106387,20.15814476946015,20.158511808083944,20.15804335248629,20.156954195006715,20.15540768926909,20.15352827861465,20.151410947974654,20.149128322210924,20.146735995184233,20.144276538825416,20.141782529523006,20.139278842234983,20.136784397390866,20.13431349729085,20.131876853173303,20.129482378069714,20.127135801453186,20.124841147629965,20.12260110944819,20.120417341207563,20.118290688926013,20.116221371833287,20.11420912573786,20.11225331647701,20.11035302980925,20.108507142696133,20.106714379837296,20.10497335848849,20.103282623947187,20.10164067758877,20.100045998945454,20.098497063013806,20.096992353736038,20.095530374410504,20.094109655636654,20.09272876128034,20.0913862928506
-0.025439999999999997,20.01273943702417,20.04144376063449,20.072254098270154,20.0986005746061,20.11910357680439,20.13425028148636,20.145010098617416,20.152344325321632,20.157063293112696,20.159808381913503,20.161073342110075,20.161233661765397,20.16057358032074,20.159308100093277,20.157600034838293,20.155572912698993,20.153320644100845,20.150914742602186,20.148409721219487,20.1458471361736,20.14325862888261,20.14066822469368,20.13809407826435,20.135549805195314,20.133045502803956,20.130588536160896,20.12818414596563,20.12583592051823,20.123546163511513,20.121316181584223,20.1191465097948,20.117037088859476,20.114987404760218,20.1129965988853,20.111063555013892,20.109186968045474,20.10736539829536,20.105597314347435,20.10388112681404,20.10221521485568,20.100597946925767,20.099027696903036,20.09750285653636,20.0960218449398,20.09458311572773,20.093185162262742,20.091826521395827
-0.025199999999999997,20.014008334298726,20.044216368399308,20.07594446569914,20.102696753165198,20.12328404153845,20.138334864687675,20.14890645424853,20.156011269982702,20.160488397022135,20.162994823401366,20.16403233384229,20.163980137469625,20.163123772268527,20.16167821029789,20.15980553791919,20.15762822199405,20.155238984498798,20.15270813853477,20.150089046222973,20.147422192768076,20.14473824073035,20.14206033083907,20.139405823911364,20.13678762622888,20.13421520286918,20.131695356035177,20.12923282546653,20.126830753451,20.12449104627532,20.122214656086577,20.120001801306945,20.117852139404196,20.1157649025707,20.11373900441783,20.11177312394217,20.109865771612924,20.108015341354857,20.10622015137594,20.104478476152504,20.102788571391944,20.10114869340989,20.099557114059717,20.098012132117788,20.09651208184372,20.095055339289537,20.09364032681653,20.09226551618742
-0.024959999999999996,20.015389761636776,20.04714791550884,20.07979028944741,20.10692779273211,20.127575963287264,20.142509676632212,20.15287525825581,20.159736258247623,20.163960034087626,20.16621864098897,20.167021414435315,20.166750886555274,20.16569357781346,20.164064183063854,20.162023869533368,20.159693894069154,20.157165674596506,20.154508233578433,20.151773711565134,20.149001467073504,20.146221139719117,20.143454950512435,20.140719438334674,20.13802677754292,20.135385782694776,20.132802678271098,20.130281690924722,20.127825506986547,20.125435627147553,20.123112642291353,20.120856448582845,20.118666415558444,20.116541517706064,20.114480437576645,20.11248164662162,20.110543468548833,20.108664128920122,20.10684179389433,20.10507460038888,20.103360679445313,20.10169817420565,20.100085253611432,20.09852012270648,20.097001030243245,20.095526274149982,20.094094205303122,20.092703229960083
-0.02472,20.016892208152452,20.050245533741528,20.083796168592688,20.111296375330923,20.13198077706568,20.14677538243662,20.156916712436203,20.16351921894704,20.167477977024337,20.169479522752162,20.17004023093654,20.16954554149916,20.16828263070969,20.16646566267714,20.164254689644533,20.161769607153158,20.159100411891217,20.156314744534306,20.153463452810204,20.150584712549232,20.14770709616621,20.144851869782286,20.142034722239448,20.139267073394326,20.136557069055602,20.13391034119027,20.131330591304856,20.128820039897093,20.12637977393912,20.12401001634267,20.12171033545379,20.119479808249825,20.117317147650173,20.115220801908336,20.113189032210478,20.111219973210698,20.109311680170638,20.107462165558704,20.105669427339482,20.10393147070219,20.102246324603225,20.100612054207474,20.099026770085832,20.097488634848748,20.095995867755523,20.094546747728966,20.09313961511762
-0.02448,20.01852465337011,20.05351653368913,20.08796672544199,20.11580514742508,20.136499865425712,20.151132594456342,20.161030971339606,20.167360040578277,20.17104196483601,20.172777128831648,20.173088407294383,20.17236371565196,20.170890548822086,20.168882280165295,20.166497647098133,20.16385503010245,20.16104288593735,20.158127381436714,20.15515799972771,20.152171677667447,20.14919587607601,20.146250870969933,20.14335147306068,20.14050832517395,20.137728886204435,20.13501818088631,20.132379373596066,20.12981420919702,20.12732335289149,20.12490665297889,20.122563344488075,20.120292207267862,20.11809168885848,20.115960000027673,20.11389518902054,20.111895199185195,20.109957913582296,20.108081189381473,20.10626288423045,20.104500876306705,20.102793079393557,20.101137454036614,20.099532015613654,20.097974839976562,20.096464067187156,20.094997903760966,20.093574623747894
-0.024239999999999998,20.02029658122985,20.056968398755846,20.09230659793023,20.1204567140216,20.14113455436021,20.155581869537894,20.165218140444626,20.171258570095812,20.174651702012344,20.17611109090067,20.176165544007,20.17520500300911,20.17351693398035,20.171313653208635,20.168752379571888,20.165949822378693,20.162992778343064,20.159945847562703,20.15685707631084,20.1537621059375,20.15068724116817,20.147651732680124,20.144669484995184,20.141750341439216,20.13890105590468,20.136126031257216,20.13342788284379,20.13080787017396,20.128266228706963,20.125802425562,20.1234153570194,20.12110350129144,20.11886503678451,20.11669793364317,20.114600024541737,20.112569059311888,20.11060274695019,20.10869878775331,20.106854897718883,20.105068826881112,20.10333837288797,20.101661390846022,20.100035800240374,20.098459589566545,20.096930819177356,20.095447622742864,20.0940082076386
-0.023999999999999997,20.022217993076485,20.060608778181972,20.09682043154176,20.125253632565517,20.145886109124987,20.16012370624885,20.169478274338456,20.175214611716747,20.178306857744968,20.179481011651728,20.179271217788852,20.178068977998013,20.176161371847726,20.173759386064393,20.17101851353781,20.16805363403676,20.164949762775855,20.161769839449615,20.158560400802013,20.155355735936656,20.15218094891161,20.149054229836857,20.145988549038282,20.142992927950992,20.140073397466928,20.137233724041337,20.13447596218492,20.131800876422957,20.129208264581717,20.126697206109522,20.124266253177677,20.121913577918463,20.11963708590839,20.11743450358449,20.115303445468548,20.113241465708576,20.111246097413026,20.109314882466595,20.10744539391538,20.105635252547447,20.10388213893905,20.10218380196134,20.10053806452839,20.098942827200737,20.09739607012806,20.095895853712552,20.094440318293987
-0.023759999999999996,20.024299419460387,20.06444547905022,20.101512870751552,20.13019840662973,20.15075572998566,20.164758542090887,20.173811374904965,20.179227925744375,20.182007065164473,20.182886464304048,20.182404981256653,20.18095519528264,20.178823431805206,20.176219069504526,20.173295664236235,20.170166105723236,20.166913504977504,20.16359904692094,20.16026768572582,20.15695230134746,20.153676752564433,20.150458133724566,20.147308453025342,20.14423588771485,20.141245727789563,20.13834108885699,20.135523452886233,20.13279307988364,20.130149322241717,20.127590865329108,20.12511591192225,20.122722323697772,20.120407729767518,20.1181696098319,20.1160053577282,20.113912329798396,20.11188788147911,20.109929394740384,20.108034298408025,20.106200082950572,20.104424310962774,20.10270462430797,20.101038748672547,20.099424496123042,20.097859766129634,20.096342545420352,20.094870906952476
-0.02352,20.026551930569916,20.068486457234403,20.106388549984324,20.135293479406755,20.155744547895985,20.169486750701534,20.1782173895254,20.183298227413186,20.185751920600904,20.186326992133733,20.185566362635974,20.183863189586674,20.181502666851983,20.17869228076784,20.17558343566248,20.172286868686037,20.168883662788826,20.165433153120873,20.161978637929682,20.15855153100198,20.15517440122001,20.151863212034844,20.148628981678318,20.14547902102689,20.14241786140346,20.139447953245835,20.136570194386334,20.133784330880637,20.13108926198153,20.128483272655767,20.125964211077644,20.123529624163393,20.12117686098934,20.118903151547652,20.116705666510782,20.114581562338653,20.11252801505399,20.110542245246904,20.108621536287817,20.10676324728259,20.10496482196194,20.103223794433607,20.101537792521782,20.099904539260056,20.09832185298089,20.096787646348304,20.09529992460524
-0.02328,20.028987145107063,20.072739807252734,20.111452084091848,20.14054122700969,20.160853620115212,20.174308639050608,20.182696209296257,20.187425185758652,20.189540982870223,20.189802108028484,20.18875486549011,20.186792475536222,20.18419861352321,20.1811785835272,20.177881420566628,20.174415544795544,20.170859886184573,20.1672718345578,20.163692958632453,20.16015314893313,20.156673639859385,20.153269228918845,20.149949916657423,20.1467221255242,20.14358961052093,20.14055414272013,20.1376160243411,20.134774478167177,20.13202794270612,20.129374296291896,20.12681102737182,20.12433536387114,20.12194437132638,20.119635027109506,20.117404276301286,20.115249073451476,20.113166413469795,20.111153354139667,20.109207032175572,20.10732467430862,20.105503604550925,20.10374124853196,20.10203513560192,20.100382899242987,20.098782276210184,20.097231104730433,20.0957273220157
-0.023039999999999998,20.031617237410483,20.077213750990428,20.11670805835052,20.14594395159103,20.16608392577252,20.179224444637704,20.18724766726897,20.191608422515287,20.193373772589425,20.193311294068817,20.19196996847255,20.18974254752337,20.1869107918258,20.18367752787246,20.180189200467066,20.176551746577747,20.17284181731885,20.169114761157093,20.165410343481252,20.161756874433305,20.158174209410248,20.154675945045597,20.151271036618112,20.147964996240095,20.144760785089026,20.141659480813942,20.13866077867276,20.13576336897206,20.132965221975724,20.13026380325013,20.127656236477087,20.125139426437663,20.122710151693482,20.120365134146276,20.118101090913562,20.115914772656296,20.1138029915163,20.11176264108316,20.109790710250373,20.107884292394083,20.10604059098179,20.10425692246782,20.102530717139732,20.100859518430724,20.099240981097573,20.097672868574087,20.096153049740074
-0.022799999999999997,20.03445494262327,20.081916625259517,20.1221610179834,20.151503874288963,20.171436361387254,20.184234332697482,20.191871536716505,20.19584751104664,20.197249771522863,20.196854001137787,20.195211125104663,20.192712879591614,20.189638705193264,20.186188650309926,20.182506345678338,20.17869507725988,20.174829090581476,20.170961596323497,20.16713048261678,20.16336242212057,20.15967584681262,20.15608311766629,20.152592117273482,20.14920742566431,20.14593119284729,20.142763789138414,20.139704291622706,20.13675084905001,20.133900956053857,20.131151659399066,20.128499713053685,20.125941694581954,20.123474092207413,20.12109336957558,20.11879601352635,20.116578568904202,20.114437663473726,20.11237002528422,20.11037249427957,20.108442029533364,20.10657571317179,20.104770751803404,20.103024476088187,20.1013343389341,20.099697912698108,20.098112885682287,20.096577058148867
-0.022559999999999997,20.037513559697164,20.086856868167157,20.12781545721308,20.15722312801218,20.176911736354352,20.189338393419774,20.196567529431896,20.200141975310917,20.201168421962628,20.200429648561272,20.198477763580115,20.195702925344452,20.192381840460488,20.188711473778934,20.184832415353867,20.180845130828967,20.17682133266563,20.17281199701346,20.16885306074741,20.164969502012625,20.161178285091477,20.157490500684844,20.153912931462266,20.1504492038082,20.147100639390082,20.14386688744122,20.140746395808065,20.137736762735532,20.134834999958517,20.132037729511982,20.12934133079608,20.126742050169415,20.124236082228766,20.121819629643777,20.119488946721297,20.117240370614216,20.115070343147366,20.11297542552509,20.110952307650365,20.108997813380046,20.107108902732246,20.105282671826025,20.103516351152972,20.101807302641333,20.100153015866262,20.09855110367721,20.096999297449408
-0.02232,20.040806952020002,20.092043004267786,20.13367580785401,20.163103750075223,20.182510768404992,20.194536639191977,20.201335294064084,20.204491288866084,20.20512912614566,20.204037623780785,20.20176928659746,20.198712117878213,20.195139667859337,20.191245507686425,20.187166957544157,20.183001492103806,20.178818162647193,20.174665613817698,20.170577757232305,20.16657781960875,20.1626812534365,20.158897844734785,20.155233249222565,20.15169011827512,20.148268928233623,20.144968593670278,20.141786922282247,20.138720953000345,20.135767207516707,20.13292187731855,20.130180962482104,20.127540374258515,20.12499601040633,20.12254380996813,20.120179792523132,20.117900085711554,20.11570094390405,20.11357876019819,20.111530073403014,20.10955157127864,20.107640090998935,20.105792617577155,20.10400628082034,20.102278351244667,20.100606235281493,20.09898747002472,20.097419717709457
-0.02208,20.04434954544971,20.097483628504705,20.139746427474787,20.169147674710928,20.188234079061495,20.199829001876417,20.206174414499213,20.20889487391935,20.20913124571036,20.20767728206008,20.205085071221152,20.201739869738578,20.197911641033965,20.19379024795794,20.189509509268778,20.185163736818538,20.180819192073937,20.17652209105209,20.172304246171635,20.168187075977876,20.16418447728705,20.160304897260694,20.156552837869487,20.152929954334247,20.149435860885998,20.146068724040074,20.1428257005977,20.13970326151282,20.13669743142069,20.133803965558144,20.131018480023442,20.128336547148685,20.125753764722532,20.123265805579983,20.120868452440675,20.118557621666636,20.116329378709278,20.11417994734154,20.112105714264604,20.110103230296808,20.10816920906285,20.106300523881867,20.10449420338527,20.102747426267406,20.10105751547412,20.099421932059197,20.097838268881
-0.02184,20.048156323535693,20.103187389219485,20.14603158735606,20.175356725615543,20.19408218918564,20.205215330181172,20.211084408317515,20.213352100431756,20.21317410119017,20.211347946214087,20.208424468753563,20.204785572879565,20.200697197052282,20.196345177080087,20.19185959657641,20.187331431691888,20.182824025038602,20.178381066831435,20.174032196478958,20.169796967828397,20.165687678398818,20.16171140258133,20.157871462054654,20.154168494976503,20.1506012368996,20.147167093080824,20.143862558852017,20.140683528681155,20.13762552326845,20.13468385601777,20.13185375450124,20.129130448413736,20.126509232524846,20.123985510954327,20.1215548274947,20.11921288552136,20.11695556015206,20.11477890466219,20.112679152671245,20.110652717246396,20.10869618779015,20.10680632536773,20.10498005696944,20.10321446908096,20.10150680084159,20.099854436999006,20.098254900815025
-0.021599999999999998,20.052242819707836,20.10916297014806,20.152535460189426,20.181732608483546,20.20005551458712,20.210695387099552,20.216064725308016,20.217862285265902,20.21725697153665,20.215048906356145,20.211786804616597,20.207848598625564,20.203495756415517,20.19890976413755,20.194216734596907,20.189504134486544,20.184832258240995,20.18024217313131,20.17576127194119,20.171407187565315,20.167190574897642,20.163117101939953,20.159188883813066,20.155405520958023,20.151764853911427,20.148263513675733,20.14489732372233,20.141661593685168,20.138551333593135,20.135561409559312,20.132686656191332,20.12992195692528,20.12726230054755,20.12470282002999,20.12223881823671,20.119865783906597,20.117579400461185,20.115375549551448,20.113250310782252,20.11119995869671,20.109220957834594,20.107309956476506,20.105463779532162,20.103679420915142,20.101954035658135,20.10028493195562,20.09866956327011
-0.021359999999999997,20.056625106213815,20.115419071208464,20.15926210738697,20.188276903443708,20.206154361634137,20.216268847382292,20.221114746021218,20.22242469136819,20.22137909367154,20.218779419668778,20.215171378252123,20.21092829764828,20.20630672307972,20.201483464859585,20.196580427600882,20.191681394074656,20.1868434810549,20.182105035853876,20.1774911312818,20.173017423350018,20.168692881335517,20.164521733556484,20.16050486261143,20.156640810844866,20.152926507684327,20.14935779709908,20.145929820500484,20.142637294508802,20.139474711893023,20.136436486147243,20.13351705458989,20.130710950876455,20.128012854933694,20.125417626230053,20.122920324767918,20.120516223059838,20.118200811521678,20.11596979910021,20.113819110494518,20.111744880987914,20.109743449650082,20.107811351475867,20.10594530888143,20.104142222868532,20.10239916408451,20.100713363942766,20.099082205921032
-0.02112,20.061319779588015,20.1219643880725,20.16621546601335,20.194991057407005,20.21237892287323,20.22193529504708,20.226233780362556,20.227038526987602,20.225539662069227,20.22253871019896,20.218577463041957,20.214023999959288,20.209129484489612,20.204065721676436,20.198950169067327,20.193862750509766,20.18885727560034,20.183969274898033,20.179221428227574,20.174627359163036,20.17019430874909,20.165925032681734,20.16181915539829,20.157874141059242,20.15408599214963,20.150449753055447,20.146959873129187,20.1436104679734,20.140395506662262,20.13730894487699,20.134344818439626,20.131497307806193,20.12876078125761,20.126129822482717,20.123599246758623,20.121164108843224,20.118819704891603,20.11656157011462,20.114385473457087,20.112287410244704,20.110263593503447,20.108310444471403,20.106424582685147,20.104602815919012,20.10284213017792,20.101139679885765,20.09949277836757
-0.02088,20.066343942439516,20.128807590521756,20.173399335356923,20.201876376339456,20.218729272667034,20.22769422093079,20.231421066230105,20.231702944933076,20.229737828370855,20.226325968678797,20.222004306247996,20.217135014918515,20.21196341162515,20.206655963785884,20.201325441759344,20.19604773510533,20.190873216821128,20.18583450423394,20.180951811579018,20.176236674869802,20.171694564720674,20.167326731653773,20.163131516655966,20.159105285927293,20.15524309945104,20.15153918972013,20.147987304239145,20.14458094977191,20.14131356542235,20.13817864400399,20.135169815756637,20.132280904624018,20.129505964547874,20.126839301242587,20.124275483467986,20.121809346761932,20.11943599181916,20.117150779132018,20.11494932108608,20.11282747239023,20.110781319487483,20.108807169418824,20.106901538482564,20.105061140934534,20.103282877902128,20.101563826631054,20.099901230143463
-0.02064,20.07171518135283,20.13595729959345,20.180817363158063,20.208934017473844,20.2252053628589,20.233545020290013,20.236675768199923,20.236417041871608,20.233972701031522,20.23014035237242,20.22545112897305,20.22026063125906,20.21480785906101,20.20925360723007,20.203705717808116,20.198235870519913,20.192890872567858,20.18770033198201,20.182681925284403,20.17784504628946,20.173193353441814,20.168726559956426,20.164441698454276,20.160334017728395,20.156397619989917,20.152625913780632,20.149011935187193,20.14554857450394,20.14222873475443,20.13904544097342,20.135991913857833,20.13306161763543,20.130248289310774,20.127545954512442,20.124948933764216,20.122451841982933,20.120049583260162,20.117737342437245,20.11551057457988,20.113364993160285,20.11129655753423,20.109301460136408,20.10737611369599,20.105517138684093,20.103721351137775,20.10198575095589,20.100307510725578
-0.020399999999999998,20.07745154070333,20.143422063526806,20.188473031515205,20.216164981474968,20.23180701847375,20.239486990455518,20.241996976262442,20.241179857669245,20.238243345001838,20.233980984950012,20.228917126142928,20.223400117128737,20.217662165039265,20.21185805498281,20.206090458805274,20.20042667084909,20.19490980368639,20.189566360496332,20.18441140851752,20.17945214526675,20.174690375779427,20.170124244279954,20.165749450506137,20.161560106746087,20.15754934247186,20.153709730479413,20.1500335860955,20.14651317571174,20.143140860332334,20.139909192450652,20.13681097938903,20.13383932256782,20.130987639554288,20.12824967386545,20.125619496145188,20.12309149935416,20.120660389895857,20.118321176079228,20.11606915493463,20.113899898117808,20.111809237428563,20.109793250317722,20.107848245642707,20.10597074984893,20.10415749369291,20.102405399578274,20.10071156954324
-0.020159999999999997,20.08357149219986,20.15121033252629,20.196369642490733,20.223570104573973,20.238533933464574,20.24551932854646,20.247383704613473,20.245990374777058,20.24254878144522,20.237846956389763,20.23240146651037,20.22655272014868,20.220525651555494,20.214468697047558,20.20847911590377,20.202619641724272,20.19692956411189,20.191432186452726,20.186139895759204,20.18105763974702,20.176185329344545,20.171519508583973,20.167054520225058,20.162783321320575,20.15869805395474,20.154790443657777,20.15105207589177,20.147474585917088,20.144049786956508,20.140769754352455,20.137626878353675,20.134613894596985,20.13172389881263,20.128950350467868,20.12628706875951,20.123728223424074,20.121268322151156,20.11890219588798,20.11662498296011,20.114432112667703,20.112319288822015,20.110282473544597,20.108317871547143,20.106421915033977,20.10459124931377,20.102822719167097,20.10111335598781
-0.019919999999999997,20.090093899979497,20.159330432363678,20.204510303441197,20.231150050687944,20.245385666514657,20.251641129250174,20.252834890503305,20.25084751766433,20.246887987492233,20.241737322908687,20.235903292681364,20.22971766748941,20.223397624458606,20.21708491056621,20.210871129927398,20.20481428041841,20.19894970096851,20.193297400941326,20.187867016882652,20.182661193854386,20.177677908563737,20.17291207416254,20.168356652784485,20.164003427902855,20.159843539898095,20.155867855801052,20.15206722235056,20.148432636659148,20.144955358588714,20.141626981878893,20.13843947614227,20.135385208374288,20.132456950171296,20.12964787510227,20.126951549428043,20.12436191846166,20.121873290213223,20.119480317491924,20.117177979295874,20.11496156207194,20.11282664124696,20.11076906330042,20.108784928553355,20.106870574779567,20.10502256169579,20.103237656352512,20.10151281942246
-0.01968,20.097037981094708,20.167790536847075,20.212897912098217,20.23890530354183,20.252361636905533,20.257851382673596,20.2583493931475,20.25575015230102,20.251259896033368,20.245651106923063,20.239421721164355,20.23289416596474,20.226277373564617,20.219706059938936,20.213265931489076,20.207010075958806,20.200969754674773,20.195161589563916,20.18959239724257,20.184262467973117,20.179167804753188,20.17430165971158,20.169655591179115,20.165220191110553,20.16098558421398,20.156941768084945,20.153078842135663,20.149387158533266,20.145857418387653,20.142480729546044,20.139248637562442,20.136153138054382,20.133186676292734,20.130342138191264,20.127612835665932,20.124992488476874,20.122475204050495,20.120055456335624,20.117728064427826,20.115488171465046,20.113331224131084,20.111252952983676,20.109249353737752,20.107316669573414,20.10545137449487,20.103650157736546,20.101909909192187
-0.01944,20.10442326125039,20.176598639191017,20.221535141428603,20.246836158810517,20.25946112046118,20.264148972272338,20.26392599270294,20.260697085691753,20.25566339555153,20.249587297039394,20.242955842442992,20.23608140214385,20.22916417278461,20.22233149695516,20.21566294111803,20.20920650924703,20.202989259054764,20.197024332535932,20.19131565776827,20.185861118832246,20.180654706195526,20.175687981398582,20.17095107628819,20.166433373785388,20.162123969319282,20.15801198042324,20.154086750843643,20.150337981230788,20.14675580874541,20.143330851219506,20.140054226869793,20.13691755732365,20.13391295944257,20.131033029821804,20.12827082470509,20.125619837241555,20.123073973432152,20.12062752769791,20.118275158705135,20.1160118658699,20.1138329668122,20.111734075921877,20.109711084122146,20.107760139862876,20.105877631338927,20.104060169904,20.102304574634097
-0.0192,20.112269525668268,20.185762522328282,20.230424424304264,20.254942716299468,20.266683245579156,20.270532672863634,20.269563389312726,20.265687065463457,20.260097329995595,20.253544848076732,20.246504721072867,20.239278542481905,20.23205728026718,20.224960560935962,20.218061569396028,20.2114030531861,20.20500774145517,20.198885204793303,20.193036415060707,20.187456799593505,20.1821382982194,20.177070752934643,20.172242846940755,20.1676427370524,20.16325847618952,20.159078291516767,20.155090763048502,20.151284933579873,20.147650371324872,20.144177200148683,20.140856107799436,20.13767833942926,20.13463568151646,20.131720439770014,20.12892541351726,20.126243868310816,20.123669507948012,20.121196446710442,20.11881918235755,20.116532570213977,20.114331798553433,20.11221236538577,20.11017005668712,20.108200926067525,20.106301275839748,20.10446763943361,20.102696765087945
-0.018959999999999998,20.12059676497842,20.195289728210483,20.239567938014563,20.263224872183358,20.274026989359623,20.27700114872939,20.27526020222363,20.27071877950878,20.26456049869638,20.25752268112117,20.25006739580284,20.242484733469627,20.234955938555558,20.227592578888004,20.22046121710276,20.213599172815016,20.20702472286829,20.200743776104144,20.194754281493502,20.189049159942577,20.183618263281883,20.178449685648918,20.17353063998299,20.16884804038095,20.164388884414198,20.16014049890374,20.156090692347533,20.1522278435874,20.14854094709806,20.145019629001986,20.141654143598345,20.13843535720898,20.135354724067618,20.132404257526645,20.12957649883758,20.12686448504495,20.124261717028922,20.12176212837672,20.119360055513184,20.117050209345905,20.114827648558762,20.112687754603943,20.110626208385764,20.10863896859207,20.10672225160514,20.104872512909534,20.103086429906977
-0.018719999999999997,20.129425116062453,20.20518752615123,20.248967588655933,20.27168231132251,20.2814911738434,20.283552951815604,20.281014968979644,20.27579085568752,20.269051656326265,20.261519683613322,20.253642879721436,20.245699101802106,20.237859374759704,20.23022686566918,20.22286127537052,20.21579432545074,20.20903971806108,20.202599611185395,20.19646886531812,20.190637846183787,20.185094281053757,20.179824488565483,20.17481419034761,20.170049041647474,20.165514972253703,20.16119839901143,20.157086351408406,20.1531665384819,20.149427376385415,20.145857989902854,20.142448197058467,20.139188483121686,20.13606996833497,20.133084372323147,20.130223977188788,20.127481590631906,20.12485050996767,20.12232448759156,20.119897698216676,20.117564708052534,20.115320445988996,20.11316017677782,20.111079476157723,20.109074207839612,20.10714050225144,20.10527473693312,20.103473518469062
-0.01848,20.138774797800234,20.215462880272295,20.25862499543554,20.280314499677953,20.289074462370543,20.290186520034613,20.286826144695343,20.280901861588138,20.273569512903872,20.265534709469648,20.257230160428914,20.248920754567248,20.240766800743593,20.232862724166203,20.22526112584836,20.217987960837746,20.211052235710323,20.204452269824483,20.198179770773116,20.19222250133823,20.18656602850768,20.181194868482702,20.17609323112542,20.17124549720013,20.16663651669783,20.162251787209307,20.15807755201749,20.154100844757686,20.150309498896153,20.146692134466736,20.143238130550706,20.13993758927865,20.136781295272044,20.133760673158392,20.130867744905967,20.128095088110282,20.125435795940387,20.122883439161086,20.120432030447894,20.1180759910764,20.115810119978157,20.113629565097035,20.111529796943707,20.109506584225258,20.10755597141635,20.105674258135075,20.103857980188184
-0.01824,20.148666041701578,20.226122416120223,20.268541474927936,20.2891206768463,20.296775356070984,20.296900175676527,20.292692101412687,20.28605030435153,20.278112733845024,20.26956657923842,20.260828200235476,20.252148779454217,20.24367741332799,20.23549944548427,20.22766014087577,20.22017952130524,20.213061778544,20.206301307006047,20.19988659819765,20.19380276524542,20.188033180009366,20.182560530055106,20.17736749363902,20.17243716192532,20.16775329352597,20.16330045786362,20.159064105129517,20.155030588220082,20.15118715376962,20.147521913838993,20.14402380605976,20.140682547475627,20.13748858557661,20.134433048826082,20.13150769816198,20.12870488039297,20.126017484028583,20.123438897823274,20.120962972141122,20.118583983133693,20.116296599650333,20.114095852755266,20.11197710770037,20.109936038190185,20.107968602772207,20.10607102318796,20.104239764526277
-0.018,20.159119017436456,20.237172386527583,20.27871802532561,20.29809984873655,20.304592190499076,20.303692123936354,20.298611127544934,20.29123463055921,20.282679940061296,20.27361408029111,20.26443593638617,20.25538224498224,20.246590394508875,20.23813630914901,20.230057683666146,20.222368441932176,20.215067843489013,20.208146273043884,20.201588944149275,20.195378274668567,20.189495407411773,20.183921175877895,20.178636707518777,20.17362378931615,20.16886507736897,20.164344204393476,20.160045820918526,20.15595559403191,20.152060179617756,20.14834717873383,20.14480508521987,20.141423229225797,20.13819171972106,20.1351013879429,20.13214373299358,20.12931087029141,20.12659548324173,20.123990778269018,20.121490443204763,20.119088608932746,20.11677981413702,20.114558972966545,20.11242134541566,20.110362510216085,20.108378340039632,20.10646497881912,20.104618821005452
-0.017759999999999998,20.170153753311364,20.24861863680002,20.289155310726425,20.30725078041131,20.312523132424005,20.31056045156332,20.30458142741127,20.29645322618799,20.287269708107463,20.277675967050065,20.268052281313025,20.25862020075008,20.24950491169191,20.24077258332093,20.23245310850009,20.224554150720206,20.217069921825324,20.209986713718134,20.2032864015261,20.196948663403496,20.190952380152424,20.18527650657408,20.17990060078106,20.17480513154292,20.16997164177282,20.165382819328514,20.16102250883028,20.15687568676119,20.152928414568716,20.14916777947424,20.14558182935152,20.142159505793565,20.13889057798366,20.1357655789774,20.13277574532821,20.12991296054053,20.12716970254049,20.124538995163846,20.122014363541673,20.119589793193054,20.117259692594992,20.115018858982058,20.112862447124655,20.110785940840113,20.108785127001635,20.10685607182402,20.104995099220627
-0.017519999999999997,20.181790051776,20.260466569317227,20.29985364550278,20.316571989115694,20.320566176788237,20.317503125638883,20.310601120865865,20.301704416633275,20.29188057037905,20.28175096125319,20.271676122914887,20.261861677706623,20.252420117943075,20.243407525022526,20.234845760928764,20.22673606877465,20.219067499346597,20.211822170417864,20.204978559693416,20.198513562391305,20.192403765353916,20.186626220884364,20.1811588999089,20.17598093952565,20.1710727592641,20.166416094368167,20.16199397763607,20.157790690430225,20.153791696311668,20.149983566033082,20.146353899499196,20.142891248229333,20.13958504048063,20.136425510279743,20.133403631011618,20.130511053824414,20.127740050860663,20.12508346317028,20.122534653070066,20.120087460664898,20.11773616422473,20.115475444107496,20.113300349925897,20.111206270670326,20.109188907518213,20.10724424908005,20.10536854885263
-0.017279999999999997,20.194047400082574,20.27272110764273,20.31081297879938,20.32606173751754,20.32871914384618,20.324517992490044,20.316668243024907,20.306986466803064,20.29651101536132,20.28583775225649,20.27530632486557,20.26510568844285,20.25533515225583,20.246040380378275,20.23723497798745,20.228913610493677,20.22106005652753,20.21365218028909,20.206665004614887,20.200072599834893,20.193849227927657,20.187970015759845,20.182411329935032,20.17715096300877,20.172168201417357,20.167443820442646,20.16296003548811,20.15870042856598,20.154649862142858,20.150794388075248,20.147121156470128,20.14361832740521,20.14027498719918,20.13708107011228,20.134027285836222,20.131105052802734,20.12830643713783,20.125624096970867,20.123051231745084,20.120581536149597,20.118209158289467,20.115928661720964,20.113734990998314,20.111623440401637,20.109589625541453,20.107629457560858,20.10573911968177
-0.01704,20.206944876260263,20.285386660343395,20.322032879252593,20.335718027197252,20.336979676492877,20.331602776732787,20.322780744078948,20.312297581266225,20.301159487911576,20.289934997355935,20.278941726931922,20.268351227487532,20.258249139817742,20.24867038485131,20.23962008840395,20.231086183751156,20.223047068684142,20.215476276375384,20.208345318976107,20.201625401307815,20.195288430670075,20.189307586447242,20.183657614517696,20.178314950628767,20.17325773891567,20.16846578776733,20.163920489968536,20.15960472424444,20.155502749005844,20.151600094994322,20.14788346086774,20.14434061404565,20.14096029802559,20.137732146675408,20.134646605565006,20.13169486013283,20.128868770327838,20.126160811287217,20.12356401957657,20.121071944516075,20.118678604130668,20.11637844528753,20.114166307614838,20.112037390828633,20.1099872251276,20.1080116443477,20.106106761598568
-0.0168,20.22050105060897,20.298467085281736,20.333512520251947,20.345538592475467,20.345345237749072,20.33875508034924,20.328936489063214,20.31763590431433,20.305824389430523,20.294041321986143,20.282581145164023,20.271597271474885,20.26116119215173,20.251296763358855,20.242000412690768,20.233253189968657,20.22502800602869,20.21729398765857,20.210019082213492,20.20317158977349,20.196721034273903,20.190638626493794,20.184897475940335,20.179472649909656,20.17434114154276,20.169481785832243,20.16487514807677,20.160503400076305,20.15635019347592,20.152400535896007,20.1486406730744,20.145057978709694,20.14164085272718,20.138378628089352,20.13526148591323,20.13228037845144,20.129426959388645,20.12669352086202,20.124072936611245,20.121558610683305,20.11914443115077,20.116824728342213,20.114594237125758,20.11244806282924,20.110381650421044,20.108390756613794,20.10647142458844
-0.01656,20.234733882959553,20.311965654016678,20.345250665517426,20.355520894456077,20.353813108348835,20.34597238178847,20.335133257603065,20.322999519970956,20.310504077966353,20.298155319844998,20.286223372009193,20.274842779236668,20.264070407183883,20.253918730317327,20.24437526317034,20.235414024124108,20.22700233366482,20.219104839043048,20.211685870490143,20.204710785554497,20.198146697292497,20.191962827707865,20.186130635069524,20.18062380721909,20.175418178137946,20.1704916033563,20.165823816183572,20.161396278161163,20.15719203171463,20.15319555955325,20.149392653207244,20.145770291747624,20.142316530909834,20.139020402352696,20.13587182250795,20.132861510335307,20.129980913241923,20.127222140421697,20.124577902896437,20.122041459585045,20.119606568778906,20.117267444456726,20.11501871692637,20.112855397333345,20.110772845623835,20.108766741594685,20.106833058702932
-0.016319999999999998,20.249660615991665,20.32588501601364,20.357245654834824,20.365662115220214,20.362380384422075,20.353252035116647,20.341368743679386,20.32838645200338,20.3151968683114,20.302275553005547,20.28986717641087,20.27808669187832,20.26697586929545,20.256535489672107,20.24674394398583,20.237568074746946,20.228969511570174,20.220908351328557,20.213345256661025,20.20624260629205,20.199565076095105,20.193279880111202,20.187356811305218,20.181768167717383,20.176488616544496,20.171495028235586,20.16676629997951,20.16228318003647,20.158028099419532,20.153985014356863,20.150139261069835,20.14647742325374,20.142987211972006,20.139657357297533,20.13647751084444,20.13343815825877,20.13053054073195,20.1277465846365,20.12507883844135,20.122520416132296,20.120064946434525,20.117706527204195,20.115439684422814,20.11325933528962,20.111160754963567,20.10913954655712,20.10719161402948
-0.016079999999999997,20.26529766494537,20.34022716273317,20.369495389968883,20.375959152175056,20.371043975270677,20.36059126921395,20.347640555411274,20.333794663934473,20.319901032089586,20.30640055201401,20.293511303891417,20.28132793283847,20.26987664935842,20.259146234911668,20.249105751097225,20.239714723899596,20.230928994566362,20.222704041171323,20.214996810227454,20.207766666895623,20.200975824813092,20.19458947188294,20.188575722523417,20.182905475299524,20.177552223551626,20.172491847485652,20.167702404417987,20.163163926621493,20.15885823176923,20.15476874826184,20.150880356099822,20.147179243015433,20.14365277505517,20.140289380541446,20.13707844623958,20.134010224548657,20.131075750581864,20.128266768078163,20.125575663176082,20.122995405173643,20.120519493488988,20.118141910122002,20.115857076996086,20.11365981763073,20.11154532265964,20.10950911876636,20.107547040659824
-0.01584,20.281660504107684,20.35499339167074,20.38199732077474,20.386408612561336,20.379800601236692,20.36798718701535,20.35394621485314,20.33922205905231,20.324614797832634,20.31052881597211,20.297154476617557,20.284565407930703,20.27277180475389,20.26175014906542,20.251459972262168,20.241853347144815,20.23288023227593,20.224491421033225,20.21664009728065,20.209282579482586,20.202378595277004,20.195891289295158,20.189787085011087,20.18403547253011,20.178608764829892,20.173481847177833,20.168631933652662,20.164038338156136,20.159682263363713,20.15554660872929,20.151615797312527,20.147875620458464,20.144313098990853,20.14091635943618,20.137674523782255,20.13457761133627,20.131616451347295,20.12878260517509,20.12606829690834,20.12346635145341,20.12097013922516,20.118573526672712,20.1162708319643,20.114056785236833,20.111926492887992,20.10987540545209,20.10789928865695
-0.0156,20.298763550500837,20.37018427042133,20.39474843152791,20.39700680812311,20.38864679166081,20.37543676479209,20.360283157803103,20.344666480414798,20.329336351042908,20.314658812602058,20.300795393446997,20.28779800536656,20.27566037937235,20.264346404684446,20.253805887000944,20.243983313498465,20.23482266906594,20.22626999911873,20.218274680434035,20.21078995330754,20.203773036944245,20.197185016639885,20.1909906133932,20.185157900571042,20.17965800486,20.174464812369415,20.16955469096931,20.16490623413456,20.16050002815988,20.156318442663917,20.152345443240442,20.14856642458845,20.144968062244075,20.141538181013072,20.138265638280632,20.135140220506575,20.132152551367323,20.12929401016507,20.126556659277814,20.12393317956767,20.121416812794962,20.119001310203153,20.116680886543154,20.114450178897425,20.112304209744238,20.11023835377279,20.1082483080207
-0.015359999999999999,20.316620045243877,20.385799600843434,20.407745227492786,20.407749749943015,20.39757888292919,20.382936851470845,20.366648733619737,20.350125710846786,20.334063834240688,20.318788978292528,20.304432729954947,20.291024595758607,20.278541403594936,20.26693416380451,20.25614276654507,20.246103985367167,20.236755743977717,20.2280392792992,20.219900118744082,20.212288394681195,20.205158796817134,20.19847033614727,20.192186020551766,20.18627249910188,20.180699706854817,20.175440527027657,20.170470478711934,20.16576743323355,20.161311359402216,20.15708409634705,20.153069151868568,20.1492515239285,20.145617542853266,20.142154731925128,20.13885168420644,20.1356979536445,20.132683958712796,20.12980089704548,20.127040669708247,20.124395813918067,20.121859443174884,20.11942519390151,20.11708717780462,20.11483993927147,20.11267841720523,20.110597910778644,20.108594048651952
-0.015119999999999998,20.3352419331038,20.40183838339785,20.42098372174935,20.418633143445888,20.40659301660647,20.390484167987136,20.373040205043903,20.355597472926956,20.338795346993788,20.32291771812376,20.308065138439083,20.294244032102487,20.281413894254825,20.269512577890573,20.25846987376883,20.24821471847039,20.238678890642397,20.22979876102424,20.2215159676193,20.213777506878433,20.206535519351185,20.19974692789484,20.193373017536633,20.187379006232632,20.18173363267453,20.17640877394742,20.171379098203047,20.16662175323553,20.162116089548515,20.15784341536506,20.153786780565497,20.149930786452934,20.146261418366493,20.14276589838576,20.13943255563603,20.136250711978317,20.133210581131895,20.130303179521,20.127520247357115,20.124854178663448,20.122297959119443,20.11984511075255,20.117489642633796,20.115226006845894,20.113049059089043,20.11095402337295,20.108936460315398
-0.014879999999999999,20.354639740795594,20.418298781737352,20.43445942229751,20.42965238357339,20.415685137652606,20.398075306669703,20.379454748022564,20.36107942896177,20.34352894592728,20.3270434058702,20.3116912479016,20.297455149736834,20.2842768545778,20.272080787762025,20.260786463103145,20.2503148617464,20.240591537181785,20.231547939219695,20.223121778717086,20.21525689003535,20.20790284635326,20.201014469707534,20.194551313467922,20.18847715840895,20.182759542734733,20.17736933466236,20.172280349658053,20.16746901094606,20.162914050190565,20.158596244533147,20.154498186010244,20.150604079517024,20.146899565774067,20.143371566104086,20.140008146188322,20.136798396320074,20.13373232599296,20.130800770948692,20.127995311062953,20.12530819766922,20.122732289112545,20.12026099349087,20.11788821768396,20.1156083218923,20.1134160790133,20.11130663827203,20.1092754926009
-0.014639999999999999,20.374822454632458,20.43517808762399,20.448167319458214,20.4408025501319,20.42485099272092,20.405706730652295,20.385889451531213,20.36656918094376,20.348262644711056,20.33116438397865,20.31530966400679,20.300656766279786,20.287129274100987,20.274637923497824,20.263091780431093,20.252403757241506,20.242493106094035,20.23328630417185,20.224717099828077,20.2167261410349,20.20926041686941,20.202272637048303,20.1957206154298,20.18956669030935,20.18377719590731,20.178321989349516,20.17317403209349,20.168309022105802,20.16370507196967,20.15934242781436,20.15520322411464,20.151271269782665,20.14753186143733,20.14397162021673,20.140578348959462,20.137340907003022,20.134249100224533,20.131293584280538,20.128465779290206,20.12575779445449,20.123162361316712,20.120672774552137,20.11828283932973,20.115986824421967,20.113779420351936,20.111655701963556,20.10961109488341
-0.0144,20.39579739816723,20.45247268625111,20.462101873590242,20.452078403315593,20.434086128534638,20.413374773309116,20.392341317391576,20.372064270491233,20.352994414022955,20.335278963520274,20.31891896901276,20.303847681540947,20.289970128568783,20.277183104320738,20.265385062964377,20.254480739982007,20.244383014123628,20.23501334139743,20.226301474747576,20.218184853380837,20.210607867062016,20.203521102899014,20.19688062835544,20.19064733473438,20.184786349413915,20.179266516727075,20.17405994322907,20.169141601296698,20.16448898448689,20.160081808233734,20.155901749941233,20.151932223139866,20.148158181013603,20.144565945216055,20.141143056454204,20.13787814381592,20.134760810252498,20.13178153200326,20.128931570071604,20.126202892136824,20.123588103520177,20.121080386022356,20.11867344361838,20.116361454139092,20.11413902619023,20.1120011606634,20.10994321628141
-0.014159999999999999,20.41757011050351,20.470178022047786,20.47625700314124,20.463474379406442,20.4433858903388,20.42107563771022,20.398807260081036,20.37756217876652,20.357722181485002,20.339385424114344,20.32251772167558,20.30702667740743,20.29279837980488,20.279715438459718,20.26766553909991,20.256545137828155,20.2462606721151,20.23672853149885,20.227874443133633,20.219632617059506,20.211944830075954,20.20475953763129,20.198031054902803,20.191718822487445,20.185786758711757,20.180202693945134,20.174937879383286,20.16996656184224,20.165265616207822,20.160814227787426,20.156593617616547,20.152586804623983,20.148778399377168,20.14515442487473,20.141702160513837,20.138410005934233,20.1352673619343,20.132264526075428,20.12939260094801,20.126643413374683,20.124009443081725,20.121483759585004,20.119059966219147,20.116732150392178,20.11449483927818,20.1123429602708,20.11027180561387
-0.013919999999999998,20.44014422598959,20.488288565043405,20.49062607305123,20.47498458665229,20.452745420424286,20.428805396092713,20.40528410653013,20.38306032636963,20.36244383157028,20.343482013821756,20.326104457124252,20.31019251770258,20.295612975559198,20.282234022989456,20.269932428255764,20.2585962713094,20.248125484849844,20.238431350004177,20.22943554035128,20.22106901838911,20.213270935893334,20.20598760886701,20.19917159532095,20.192780882246954,20.186778177371558,20.181130296469213,20.175807635362325,20.170783715701653,20.166034794361767,20.16153952734664,20.157278680239585,20.153234878328508,20.149392390536153,20.145736942166472,20.142255552240627,20.138936391848002,20.135768660490122,20.132742477861722,20.129848788905594,20.127079280307374,20.12442630687325,20.121882826466067,20.11944234237062,20.1170988521236,20.114846801982125,20.11268104632196,20.110596811355677
-0.01368,20.463521356039497,20.50679777787056,20.505201883526546,20.486602801323922,20.462159656720356,20.43655998934356,20.41176859590428,20.388556073204153,20.36715720547777,20.347566949006136,20.329677686704706,20.313343948015973,20.29841284932849,20.284737943646032,20.272184940685495,20.26063345344015,20.2499768508653,20.240121267191164,20.23098429730237,20.222493639855905,20.214585811176374,20.207204981328008,20.20030194730659,20.193833240429537,20.187760356947233,20.182049097956284,20.176669004342152,20.171592873357696,20.166796344835074,20.162257546556184,20.15795678978531,20.153876307313265,20.150000027545186,20.146313379182907,20.14280312191861,20.139457199286397,20.13626461043093,20.13321529806431,20.130300050310346,20.12751041449247,20.12483862121999,20.12227751737687,20.11982050682599,20.11746149781721,20.115194856234538,20.11301536394191,20.110918181591455
-0.013439999999999999,20.48770097385305,20.525698083484272,20.519976659201618,20.49832246395153,20.471623331451696,20.44433522648944,20.418257379365688,20.394046718311937,20.371860100972413,20.351638414160245,20.333235897790868,20.316479695502988,20.301196920149252,20.28722627461751,20.27442227726981,20.262655989515135,20.251814162255755,20.2417977478947,20.23252024024039,20.22390605993682,20.215889079097963,20.20841131667456,20.201421805850302,20.19487562104388,20.188733046837083,20.18295887012293,20.177521777743358,20.17239384369791,20.16755009205837,20.162968123727435,20.158627797003025,20.15451095350787,20.150601182413606,20.1468836170463,20.143344758930585,20.139972325138697,20.136755115483243,20.133682896651155,20.130746300839714,20.127936736840628,20.125246311838254,20.122667762454615,20.120194393796265,20.117820025443965,20.115538943481997,20.113345857794663,20.11123586396777
-0.013199999999999998,20.512680302830148,20.54498083367565,20.534942038705662,20.510136675740522,20.48113096985566,20.452126784188838,20.42474701981106,20.399529499672994,20.37655027218727,20.355694561695113,20.33677755356077,20.319598468652213,20.30396409236144,20.28969807830813,20.276643629284536,20.26466317688335,20.253636804453883,20.243460251296867,20.234042890569555,20.22530585290779,20.217180359159272,20.20960627333209,20.20253086307215,20.195907745534825,20.189695994136006,20.18385938260535,20.178365745098517,20.17318643388893,20.16829585888748,20.163671095725448,20.159291551309305,20.155138677610157,20.151195726009107,20.147447535818035,20.14388035167118,20.140481665371645,20.13724007851051,20.13414518278118,20.13118745541133,20.128358167547646,20.125649303770643,20.12305349120054,20.120563936891145,20.11817437240548,20.11587900463118,20.113672472031517,20.111549805643627
-0.01296,20.5384542094932,20.564636278457705,20.55008906465064,20.522038195165894,20.49067688895484,20.459930206221056,20.43123399158053,20.405001593966603,20.381225429384646,20.35973351168932,20.34030109273537,20.32269895701882,20.306713255341307,20.292152405074734,20.278848178143537,20.26665430469953,20.255444155992006,20.245108230698698,20.23555176462739,20.226692588637196,20.218459266993815,20.21078950630555,20.203628808045956,20.19692933261717,20.19064894347835,20.184750402810725,20.17920069391165,20.17397044924355,20.16903346647765,20.164366297849913,20.15994790067529,20.155759338979415,20.151783527956503,20.14800501440264,20.144409787455725,20.140985114942936,20.1377194014309,20.134602064726096,20.131623428108632,20.128774626023645,20.126047521318586,20.123434632415577,20.120929069057684,20.118524475475404,20.116214979992833,20.11399515023749,20.11185995323918
-0.012719999999999999,20.56501510174536,20.5846535364008,20.56540817405616,20.534019434743815,20.5002551963795,20.46774090296652,20.437714680132697,20.410460116289467,20.385883238672584,20.36375335159534,20.34380492927761,20.32577983092164,20.309443283201535,20.29458829293373,20.281035095115197,20.268628653651856,20.25723558824196,20.246741133272668,20.237046373449914,20.228065832363452,20.219725414157153,20.2119606669808,20.204715326611797,20.197940098098666,20.191591636870847,20.18563169575956,20.180026409509352,20.174745693080173,20.16976273415075,20.16505356370963,20.16059669150798,20.15637279552405,20.15236445653141,20.148555930447017,20.144932952424792,20.141482567710643,20.13819298513134,20.135053449788764,20.13205413210326,20.129186030819234,20.12644088797202,20.1238111141334,20.121289722516416,20.1188702707385,20.11654680922363,20.11431383537573,20.112166252782586
-0.012479999999999998,20.592352833300534,20.605020565994327,20.58088918922612,20.546072457978152,20.509859789233758,20.47555415087202,20.44418538168028,20.415902119826196,20.390521321672782,20.367752135899686,20.347287452048917,20.328839741101675,20.312153034456575,20.297004767236846,20.28320354101089,20.27058549566448,20.259010465132345,20.248358399794782,20.238526222518296,20.229425144455963,20.22097840790151,20.21311940291218,20.205790101175882,20.19893975469152,20.19252381351504,20.18650302391837,20.180842674883134,20.17551196657407,20.17048347925499,20.165732725090106,20.16123776852518,20.156978903583436,20.152938378548477,20.14910016023475,20.145449731444053,20.141973916338337,20.138660729377552,20.135499244217804,20.13247947957397,20.12959229954848,20.126829326336168,20.12418286355068,20.12164582869494,20.119211693527344,20.116874431265746,20.11462846972983,20.11246864965488
-0.01224,20.62045461512371,20.625724138110435,20.596521309090683,20.558188976478572,20.51948435299858,20.483365091893955,20.450642302780306,20.421324595467002,20.3951372551357,20.371727885733275,20.350747024419984,20.331877318339252,20.31484135165087,20.29940084031355,20.285352665843575,20.27252409357323,20.26076814284163,20.2499594643549,20.239990811486,20.230770080158262,20.22221785093416,20.214265357595394,20.206852810497054,20.1999280118117,20.193445209618588,20.18736414702214,20.181649270522296,20.176269068600106,20.171195517016702,20.166403611813834,20.161870974623707,20.157577517803492,20.153505159243906,20.149637578575003,20.14596000799924,20.14245905219567,20.13912253271985,20.13593935311832,20.132899381621936,20.12999334880846,20.12721275805506,20.124549806954416,20.12199731815877,20.119548678356416,20.117197784284052,20.11493899484393,20.11276708853277
-0.011999999999999999,20.6493049347167,20.64674980983567,20.61229310139612,20.570360347649125,20.529122360849616,20.49116873326477,20.45708156018914,20.42672447165009,20.399728570750785,20.375678588653965,20.35418198403534,20.334891173209634,20.317507061112558,20.30177551122795,20.287481608591214,20.274443700897766,20.262507969580305,20.25154375414954,20.241439633982417,20.232100189402523,20.22344334124258,20.215398170302834,20.207903129531896,20.200904575433295,20.194355558258366,20.188214821945767,20.18244597429318,20.17701679561925,20.171898660433726,20.16706605164009,20.162496150785195,20.1581684910481,20.154064662192084,20.150168058724073,20.146463664122244,20.14293786528872,20.139578292427498,20.136373680389948,20.133313748212274,20.130389094124055,20.127591103759393,20.124911869672566,20.122344120564573,20.11988115887786,20.11751680562417,20.115245351482884,20.113061513350825
-0.01176,20.678885484074577,20.668081901197983,20.628192497794927,20.58257757500102,20.538767075281857,20.49895994927501,20.463499182481197,20.43209861575379,20.404292756325475,20.3796021996447,20.357590643663283,20.33787989681282,20.32014897358588,20.304127766331828,20.28958949768469,20.276343562275613,20.264229285979965,20.25311068983317,20.242872177932124,20.2334150171014,20.224654472362644,20.216517476331383,20.208940729664672,20.201869148302816,20.19525458958097,20.18905480289222,20.18323256161637,20.17775494184592,20.172592720433883,20.167719870415354,20.163113136219177,20.15875167453551,20.154616749435856,20.15069147251,20.146960580510505,20.143410244374554,20.14002790459877,20.13680212883274,20.133722488275986,20.130779450046195,20.12796428316127,20.12526897616555,20.12268616474861,20.120209067966957,20.11783143189516,20.115547479712323,20.113351867379002
-0.011519999999999999,20.709175097121797,20.689703475614333,20.644206791512985,20.5948313103418,20.548411551162648,20.50673348418386,20.469891112585643,20.437443836252406,20.408827257611083,20.38349664266742,20.360971292529005,20.340842061927603,20.322765885239317,20.30645658015291,20.291675451796852,20.27822291416823,20.265931425729438,20.254659686094858,20.244287926080595,20.23471410362976,20.22585083382221,20.217622907412526,20.20996527908806,20.202821430293902,20.196142031134265,20.189883841703434,20.184008805758975,20.178483299523542,20.17327750613535,20.168364892319886,20.163721768597085,20.159326918060778,20.155161281698376,20.15120769053467,20.14745063672009,20.143876077145936,20.14047126433784,20.13722460031678,20.13412550987281,20.131164330308337,20.12833221520474,20.12562105017117,20.123023378866357,20.12053233785676,20.118141599099424,20.115845319024093,20.113638093343848
-0.011279999999999998,20.740149697413848,20.71159632431702,20.660322637262006,20.607111857322458,20.558048639658566,20.51448395572405,20.476253210746528,20.44275688518555,20.41332948036809,20.3873598124047,20.364322197798153,20.343776224288508,20.325356578775633,20.3087609163689,20.293738580704442,20.280080985629795,20.267613716265387,20.256190152282688,20.245686356562075,20.235996985343977,20.22703201161824,20.218714092152783,20.21097644321134,20.20376111878706,20.197017608221877,20.190701688192284,20.184774478146444,20.179201659218187,20.17395282512385,20.16900094013002,20.164321884300964,20.159894070232088,20.155698118608008,20.151716582388207,20.147933711370392,20.14433525042703,20.140908265942194,20.137640995961846,20.134522720363616,20.131543647992128,20.128694818225085,20.125968014857918,20.12335569054018,20.120850900280473,20.1184472427701,20.116138808468857,20.113920133556594
-0.01104,20.771782256860437,20.733740955139183,20.676526053559584,20.619409176419538,20.567670993076746,20.522205859224318,20.482581257920643,20.448034460950236,20.41779679267735,20.391189576193767,20.36764160621435,20.34668092398816,20.327919824645903,20.311039728868856,20.29577798622448,20.281916999140048,20.26927547951855,20.257701493076926,20.24706694351059,20.23726319513956,20.228197588728356,20.219790656505158,20.211973885096715,20.204687909075066,20.197881044281218,20.191508090496214,20.185529348694406,20.1799098101308,20.17461848374723,20.16962783549671,20.164913318687407,20.16045297872136,20.156227118936762,20.152218016876187,20.14840968236099,20.144787650380728,20.141338803101043,20.138051216327547,20.134914026592863,20.13191731570261,20.129052010117295,20.126309792987108,20.12368302701551,20.121164686621974,20.11874829811621,20.116427886796252,20.11419793004852
-0.010799999999999999,20.80404276618931,20.756116586039493,20.69280242761659,20.631712891426815,20.577271070659464,20.52989357237166,20.488870959626826,20.453273211424822,20.422226527503422,20.394983776157492,20.37092774589407,20.34955468700798,20.330454382369822,20.313291962903907,20.2977927632266,20.283730171502484,20.270916032716848,20.259193109213076,20.24842915771504,20.23851226304812,20.229347145657687,20.220852224272424,20.212957265924597,20.20560149479482,20.19873206128579,20.1923027954533,20.18627318616124,20.180607540428756,20.175274287428053,20.170245399240937,20.1654959063674,20.161003490529875,20.156748140852876,20.15271186226028,20.148878427101288,20.145233162728054,20.141762769105302,20.138455161614544,20.135299335081616,20.13228524575361,20.129403708514275,20.126646307084364,20.124005315325984,20.121473628075,20.119044700176257,20.116712492603117,20.11447142471412
-0.01056,20.83689821782607,20.778701143742445,20.709136522947166,20.644012297528025,20.586841145368847,20.537541360634236,20.495117950259562,20.45846973743322,20.426615985515998,20.39874023153667,20.374178828282307,20.352396026879767,20.332959001964433,20.315516556329108,20.299782000723024,20.285519714809425,20.272534689246594,20.260664398255983,20.249772467319517,20.23974371687467,20.230480261021928,20.221898417643235,20.21392624548873,20.2065015683865,20.199570380172585,20.193085549001502,20.187005758522247,20.181294637597503,20.175920040994953,20.170853451666797,20.166069481502774,20.161545452269575,20.15726104218828,20.153197986512986,20.149339822753547,20.145671672980423,20.142180057069847,20.138852731877478,20.135678552231816,20.132647350363925,20.129749830975445,20.1269774796211,20.124322482468255,20.121777655811652,20.119336383980727,20.116992564490353,20.11474055946265
-0.01032,20.870312601814714,20.80147126786331,20.72551248985077,20.65629637101806,20.596373311695896,20.545143383364206,20.501317797878713,20.463620596557213,20.43096243817492,20.402456741227727,20.37739305027218,20.3552034464808,20.3354324254835,20.317712440938323,20.30174478303777,20.287284837475397,20.27413075957328,20.26211475542626,20.25109633856999,20.240957082876367,20.231596512167716,20.22292885776201,20.214880482722084,20.207387821580944,20.20039572129554,20.19385609660198,20.18772683336616,20.181970888813105,20.176555549033633,20.171451812893,20.166633878120056,20.162078710460857,20.157765680721713,20.153676257587307,20.14979374649015,20.146103066685473,20.142590560168724,20.139243827250386,20.136051584542532,20.133003541865012,20.130090295186452,20.127303233206717,20.12463445558709,20.12207670116081,20.119623284724252,20.11726804122915,20.115005276378653
-0.010079999999999999,20.904246915346167,20.824402320876224,20.741913878908342,20.668553780735618,20.60585949452539,20.55269370059809,20.50746600948616,20.468722307304134,20.43526313108396,20.40613108652978,20.380568596491607,20.35797543996506,20.337873388669713,20.319878543894102,20.303680191056895,20.28902474534041,20.27570355222325,20.26354357448037,20.252400236608686,20.242151886483924,20.232695475831505,20.223943165333747,20.2158196362547,20.208259945916364,20.201207804906016,20.194614183687584,20.18843617831512,20.182636081336724,20.177180616258482,20.172040303203836,20.167188930442727,20.162603111847822,20.158261914478423,20.1541465437022,20.150240075765993,20.14652722968736,20.142994171884308,20.139628348185443,20.13641833883906,20.133353732921048,20.130425019170765,20.12762349079228,20.124941162171623,20.12237069579739,20.119905337948186,20.117538861937263,20.11526551789231
-0.00984,20.93865918639822,20.84746840426912,20.75832365762571,20.68077290126498,20.61529145908516,20.560186280570566,20.51355803679922,20.473771353636447,20.439515287618185,20.40976103410473,20.383703641760107,20.360710494833135,20.340280622721977,20.322013789254516,20.305587303561566,20.29073864284484,20.277252374827995,20.264950248645917,20.25368362631755,20.243327653067084,20.233776728838222,20.224940961265062,20.216743365004653,20.209117633285548,20.202006351661574,20.1953595561376,20.189133561469205,20.18329000293217,20.17779504790587,20.17261874342065,20.16773447324294,20.163118503732008,20.15874960204751,20.154608713644926,20.15067868860702,20.146944048402577,20.143390786271304,20.140006195706057,20.136778722515814,20.13369783676237,20.130753921514213,20.127938175886705,20.125242530263684,20.122659571943235,20.12018247973453,20.117804966266316,20.115521226960453
-0.0096,20.973504511919945,20.87064238121076,20.774724230347104,20.692941827958933,20.624660822005016,20.567615007955652,20.519589282529527,20.478764189869363,20.443716112829446,20.41334433915416,20.386796353718825,20.363407094143515,20.34265285618021,20.324117099599203,20.307465198646007,20.29242573427785,20.278776535232772,20.266334171613824,20.25494597321247,20.244483908745735,20.23483984884127,20.225921867342933,20.21765132880367,20.209960576515083,20.202791083164406,20.196091960780183,20.189818751876906,20.183932442307835,20.178398650150502,20.173186955295154,20.168270342213976,20.163624734325918,20.15922860291821,20.155062637091483,20.151109463916125,20.147353410112455,20.143780298236898,20.14037727167549,20.13713264379427,20.134035767433357,20.131076921603544,20.12824721278653,20.125538488679286,20.122943262580833,20.120454646912275,20.11806629460115,20.115772347259266
-0.009359999999999999,21.00873511091744,20.893895906032576,20.791097461549555,20.705048393828484,20.633959063507298,20.57497369284758,20.525555107175247,20.483697245942096,20.447862797634436,20.416878748816593,20.389844895636955,20.36606371886814,20.34498881693029,20.326187397757057,20.309312955222623,20.294085225101465,20.280275342671676,20.26769473858939,20.256186744390185,20.24562018124848,20.23588441510568,20.226885506952897,20.21854318905901,20.210788469978134,20.203561722531045,20.19681114592405,20.19049152003307,20.184563189584548,20.17899123054635,20.17374476192608,20.168796374364963,20.164121653127822,20.159698777836486,20.155508184946612,20.15153228179789,20.14775520327382,20.144162603838353,20.140741479082404,20.13748001199723,20.13436744005624,20.13139393988034,20.128550526820593,20.125828967244626,20.12322170168109,20.120721777277385,20.118322788272476,20.116018823389965
-0.00912,21.04430039271596,20.91719946080116,20.807424702615762,20.717080188338393,20.643177540747484,20.582256080491824,20.531450836333647,20.488566933068043,20.451952523289687,20.420362005789027,20.392847429398017,20.368678850395387,20.34728723433209,20.32822360863831,20.311129654616934,20.295716323352867,20.281748109011534,20.269031347404567,20.257405409530033,20.246736000820885,20.2369100093365,20.227831505838765,20.219418609453736,20.21160101024289,20.204317994995357,20.197516861921375,20.191151638406264,20.1851820367913,20.179572598493984,20.17429198820101,20.16931240843963,20.164609111319585,20.160159989183814,20.155945229705104,20.151947023903855,20.14814931784949,20.144537600599836,20.141098722344957,20.137820737841096,20.134692771112306,20.13170489811192,20.128848044611225,20.126113897048096,20.1234948244467,20.12098380982801,20.11857438978428,20.11626060109881
-0.008879999999999999,21.080147040586507,20.940522399226822,20.82368682216829,20.72902457814032,20.652307502319932,20.58945586177513,20.537271768540304,20.49336964976905,20.45598246615802,20.423791852176834,20.39580211866989,20.371250973184104,20.349546841474034,20.33022466117434,20.312914382255467,20.297318241127893,20.283194150067537,20.2703433996942,20.258601441953367,20.247830901185996,20.237916216554964,20.228759492906352,20.220277256687723,20.212397896758937,20.205059628547065,20.198208861764176,20.191798881997798,20.185788778390958,20.180142565736507,20.17482846126551,20.16981828536127,20.165086962189637,20.16061210138013,20.156373645836442,20.15235357380034,20.148535645660566,20.144905187850366,20.141448907635443,20.138154733748113,20.13501167874253,20.13200971968108,20.129139694353725,20.126393210710145,20.123762567572896,20.12124068501661,20.11882104305779,20.116497627513287
-0.008639999999999998,21.116219110833367,20.96383299811861,20.839864240032153,20.74086872976827,20.661340103940447,20.596566684482067,20.54301318364094,20.498101788299124,20.459949802771423,20.427166033576768,20.398707132263027,20.373778577573034,20.351766377558334,20.332189490369085,20.314666229450342,20.298890196149344,20.284612786994085,20.27163030213965,20.259774319743777,20.248904420560272,20.23890262602556,20.229669101074172,20.22111880126235,20.213178832584536,20.20578635460871,20.198886901716925,20.192433028935096,20.186383211838713,20.18070094688676,20.175354011022232,20.17031384870642,20.165555061583664,20.161054981313534,20.156793310195287,20.15275181736129,20.14891408076302,20.145265267085342,20.141791943227812,20.138481914180836,20.13532408306986,20.132308329896922,20.129425406116486,20.126666842673234,20.124024869527815,20.12149234502118,20.119062693694037,20.11672985139643
-0.0084,21.1524581473436,20.987098516557978,20.855936964875976,20.75259963431354,20.67026642531441,20.603582165324575,20.548670351701844,20.50275974146332,20.46385171519606,20.43048230339861,20.401560647682267,20.37626016275076,20.353944590421843,20.3341170394669,20.316384295285193,20.30043141342456,20.286003347755106,20.27289146778382,20.260923526932157,20.24995610272882,20.23986883223767,20.230559968174802,20.22194291831246,20.213943525158175,20.206497908754375,20.199550741988798,20.193053861102772,20.18696513817651,20.18124755998895,20.175868470663097,20.170798945210468,20.166013268386035,20.161488498799706,20.157204102460803,20.15314164318908,20.149284519851452,20.14561774235448,20.142127739870947,20.1388021960017,20.13562990654596,20.13260065632958,20.12970511216433,20.126934729514478,20.124281670854984,20.121738734038157,20.119299289257597,20.1169572234218
-0.008159999999999999,21.188803311500436,21.01028526292126,20.87188463556456,20.764204134089425,20.679077488196505,20.610495902750515,20.554238542465324,20.507339909838638,20.4676853967063,20.4337384274323,20.40436085487896,20.3786942398927,20.356080239198764,20.336006262242794,20.318067688608117,20.301941126997715,20.287365168679127,20.274126317422812,20.262048554751498,20.25098549818463,20.240814435946465,20.231431737911368,20.222749288489965,20.214691687118812,20.207194031474465,20.20020014744961,20.193661164815367,20.18753436266737,20.18178222711865,20.176371677238397,20.171273425308858,20.16646144503575,20.16191252707483,20.15760590560842,20.153522943066935,20.149646862693558,20.145962520679703,20.142456211191078,20.139115498861035,20.13592907432573,20.13288662917204,20.129978747308403,20.127196810284218,20.124532914501177,20.121979798600048,20.11953077958452,20.117179696472178
-0.00792,21.225191527260954,21.033358669836034,20.887686566237722,20.775668951289276,20.687764275646444,20.617301490537447,20.559713035357824,20.511838709405275,20.471448057776346,20.436932188669147,20.407105960211737,20.381079335473196,20.358172097133032,20.337856125422526,20.319715530138808,20.303418581803722,20.288697596105635,20.275334281080358,20.26314890296749,20.251992165337757,20.241739045278692,20.23228406087471,20.22353759890441,20.215423037179896,20.207874468991545,20.200834888394507,20.194254731536777,20.188090695474543,20.1823047750259,20.17686347226756,20.171737143718634,20.166899458081435,20.16232694332638,20.15799860641854,20.1538956124472,20.150001012599635,20.14629951250719,20.14277727412762,20.139421745617714,20.13622151467371,20.133166181633158,20.13024624928652,20.127453026874402,20.124778546173435,20.12221548792165,20.119757117118194,20.117397225965522
-0.007679999999999999,21.261557641094857,21.056283377109157,20.9033217951128,20.786980718635828,20.696317752484045,20.62399253217915,20.565089130060436,20.516252579599023,20.475136932400677,20.4400613923882,20.409794190626723,20.38341399476311,20.36021895455021,20.339665611241987,20.321326954698883,20.304863035632277,20.28999998813101,20.276514799573025,20.26422408129255,20.252975671801703,20.24264227691046,20.233116595628037,20.224307544127306,20.216137301063842,20.208538974133727,20.201454741363616,20.194834358652383,20.18863395239138,20.18281503582735,20.177343702397312,20.17218996006594,20.167327178781015,20.16273162926744,20.158382096027545,20.154259550980985,20.150346876932403,20.14662863219884,20.1430908494075,20.139720862797464,20.13650715940735,20.133439250366738,20.13050755917887,20.127703324421574,20.125018514729938,20.122445754279372,20.11997825727768,20.117609770212745
-0.0074399999999999996,21.29783459637646,21.07902332261503,20.918769136991326,20.798126012015523,20.70472888694783,20.630562656074982,20.570362157654944,20.520577991799122,20.478749284757832,20.44312387152206,20.412423798071043,20.385696785526136,20.362219622001575,20.341433720157884,20.322901113576783,20.306273761212957,20.291271716464344,20.277667326176072,20.265273610892734,20.25393559576619,20.243523757325857,20.233929009867687,20.22505882726839,20.216834212504917,20.20918730727343,20.202059490024386,20.195399850301506,20.189163955629414,20.183312847754628,20.177812220114422,20.172631739566523,20.167744483752987,20.16312647176124,20.158756270527885,20.154614663095693,20.150684367663693,20.14694979856954,20.143396862064332,20.140012781095088,20.136785944383277,20.133705775942758,20.130762621864946,20.12794765175026,20.125252772610523,20.12267055342944,20.120194158864063,20.117817290812713
-0.0072,21.333953621716947,21.101541841082614,20.934007239435108,20.809091385089207,20.712988673563892,20.637005531536545,20.57552749236331,20.524811458270875,20.482282416236846,20.446117492321026,20.414993064157635,20.387926301930968,20.364172933596574,20.343159473725045,20.324437177041823,20.307650048435164,20.29251216840626,20.2787913284025,20.266297025999574,20.25487152746784,20.244383124167523,20.234720981670744,20.22579116113436,20.217513514330733,20.20981923734135,20.202648926126233,20.195951018279537,20.189680534673823,20.18379805596807,20.178268884521867,20.173062353768024,20.16815125568783,20.163511363504465,20.159121031625553,20.154960858628677,20.15101340198601,20.147262935478224,20.14369524201028,20.1402974359283,20.137057810034175,20.133965703368187,20.13101138652917,20.128185961864094,20.125481276313923,20.12288984507186,20.120404784511724,20.118019753091293
-0.006959999999999999,21.369844432619505,21.123801768463746,20.94901464095077,20.819863404651077,20.72108815628626,20.64331488487297,20.580580563285128,20.52894954107304,20.48573367241665,20.449040159967875,20.417500304782852,20.39010116842029,20.366077750296853,20.344841917440206,20.32593433682945,20.30899120654382,20.293720748807836,20.27988628976614,20.26729387550971,20.255783070652136,20.245220027581716,20.23549220074014,20.226504269387913,20.218174959546744,20.210434542845917,20.20322285046288,20.196487682949932,20.190183527150676,20.184270513384032,20.178713562130273,20.17348168130896,20.16854738407762,20.163886203729948,20.15947628731807,20.155298053482426,20.15133390294659,20.147567972442182,20.143985924631874,20.14057476801616,20.137322701930746,20.134218982633357,20.13125380719236,20.12841821246306,20.125703986901414,20.12310359334096,20.12061010116622,20.11821712656699
-0.006719999999999999,21.405435445736796,21.14576554479371,20.963769826205624,20.83042868308113,20.729018449121213,20.649484513362395,20.585516864365168,20.532988859475218,20.48910044878047,20.45188982310911,20.419943873807853,20.392220042764347,20.367932962494873,20.346480122954006,20.327391808065407,20.310296565834115,20.294896881580197,20.280951711140236,20.26826372421906,20.25666984370416,20.24603413126248,20.236242369375763,20.2271978874568,20.218818312192166,20.2110330126835,20.20378107364298,20.197009673980247,20.190672779532598,20.184730081353642,20.17914612751272,20.173889608552038,20.168932765829815,20.164250898802706,20.15982195247423,20.155626170189187,20.15164579999791,20.147864845174343,20.144268851314788,20.140844723891927,20.137580571283188,20.134465569202458,20.13148984319166,20.128644366413173,20.12592087045646,20.12331176725529,20.12081008052462,20.11840938538191
-0.00648,21.44065400490951,21.167395319854794,20.978251281772703,20.84077391070777,20.736770756522453,20.65550829899088,20.590331964160136,20.53692609721118,20.492380196299337,20.45466447828301,20.422322166659363,20.39428161905217,20.369737492545067,20.348073190247757,20.328808831164725,20.3115654793297,20.29604001119494,20.281987112113136,20.26920615405958,20.257531480786934,20.24682511350774,20.236971203461454,20.227871763462314,20.219443348218643,20.211614446974348,20.20432341688912,20.19751683110902,20.19114814787752,20.185176630376755,20.17956646399656,20.174286030256095,20.169307305921233,20.164605362857497,20.160157949456465,20.155945138519282,20.151949029592807,20.148153496165893,20.14454397001456,20.141107256462387,20.137831375489522,20.13470542455121,20.13171945970781,20.12886439226354,20.126131898591815,20.123514341214836,20.121004699522995,20.118596508779614
-0.006239999999999999,21.47542661806707,21.188653062914213,20.992437553512918,20.85088588900783,20.744336394326925,20.661380222601178,20.595021515945994,20.54075801002928,20.495570427281525,20.457362174589356,20.42463362415224,20.396284630887845,20.37149029748572,20.34962024998859,20.330184673898525,20.312797324619414,20.29714960433503,20.28299203248761,20.270120765473788,20.25836763311225,20.247592668403495,20.23767843357621,20.22852565926865,20.220049856486856,20.21217865801385,20.204849712949912,20.198009005023753,20.19160949867671,20.185610040923425,20.17997446446126,20.174670850352662,20.169670918155276,20.164949518538272,20.16048420884394,20.156254896188816,20.152243535877737,20.14843387536584,20.14481123592304,20.14136232566166,20.138075078777153,20.134938516796485,20.131942628383076,20.129078264852836,20.12633704904464,20.123711295584975,20.12119394090929,20.118778481667004
-0.005999999999999999,21.509679203978013,21.20950067612052,21.006307305466933,20.860751564635226,20.751706811270427,20.667094378509073,20.599581268229347,20.54448143360351,20.498668721549254,20.45998101865886,20.426876736588326,20.39822785484285,20.37319037199933,20.3511204661078,20.33151863367067,20.313991505892286,20.298225151734048,20.28396603395976,20.271007178961273,20.25917797037704,20.248336507167842,20.23836380626033,20.22915935168293,20.22063763991002,20.212725471367467,20.205359807152817,20.19848605837701,20.192056709838567,20.186030204389116,20.18037003226797,20.17504398285242,20.17002352604728,20.165283297864175,20.160800670280462,20.15655538969075,20.15252927150787,20.148705940980843,20.14507061225357,20.141609899222196,20.138311652960034,20.135164821439954,20.132159328051618,20.129285966026536,20.126536306380796,20.123902617387873,20.121377793921923,20.11895529528016
-0.0057599999999999995,21.543337347749052,21.22990011110935,21.01983938013911,20.870358064292432,20.758873611148076,20.672644989670346,20.604007075750097,20.548093291890837,20.50167273302404,20.46251917999876,20.42905004820295,20.400110114231005,20.374836751673584,20.352573038660545,20.332810040058916,20.315147456222434,20.299266170252444,20.284908702023927,20.271865036841596,20.259962182407758,20.24905635969583,20.239027085476124,20.22977263384429,20.22120651678173,20.21325472714576,20.20585355863338,20.198947866975622,20.192489671842562,20.186437024217255,20.18075308235398,20.175405352914158,20.17036506387024,20.165606643253714,20.161107283478653,20.156846575280124,20.152806198614343,20.148969660425276,20.14532207117441,20.141849953592057,20.138541078340186,20.135384322254094,20.132369545610175,20.129487485492472,20.126729662835317,20.124088301128015,20.12155625510039,20.119126947980078
-0.00552,21.576326563888905,21.24981348833802,21.03301286007341,20.87969273049112,20.765828575719965,20.67802642351583,20.608294911094866,20.551590606049846,20.50458019682918,20.464974896815786,20.431152162053177,20.40193028329347,20.376428516644435,20.35397720704297,20.334058257691986,20.31626464017098,20.300272205254515,20.28581964816401,20.272694005291306,20.260719981068217,20.249751976358432,20.239668054314606,20.23036531685202,20.221756322336635,20.213766281506878,20.206330841787135,20.199394321188272,20.192908289107713,20.18683041723288,20.181123542535033,20.17575489811866,20.170695477902505,20.16591950874828,20.161404009420746,20.15712842015344,20.15307428996321,20.149225011460462,20.1455655949289,20.142082475036425,20.13876334479089,20.135597012347333,20.132573277065358,20.129682821850345,20.126917119324276,20.124268349786416,20.12172932926186,20.119293446211636
-0.00528,21.608572565676948,21.26920321863883,21.045807130649308,20.888743158293725,20.772563688510765,20.68323320861876,20.61244087708401,20.55497050407586,20.507388937054426,20.467346482451067,20.433181745472567,20.403687291909545,20.37796479572879,20.355332253667203,20.335262689556554,20.317342556793598,20.301242833369777,20.28669851241083,20.273493776730948,20.26145110250351,20.250423130125615,20.240286517015956,20.230937231698242,20.222286910607764,20.21426000844869,20.20679154800497,20.199825327631057,20.193312481634045,20.187210315244737,20.181481355071906,20.17609257000292,20.171014727932292,20.166221861488932,20.16169082180935,20.157400903874702,20.153333530357745,20.149471983574106,20.145801177192602,20.14230746097292,20.13897845307051,20.135802895456592,20.13277052880504,20.129871983842094,20.127098686674113,20.124442776028918,20.121897030688434,20.119454805669744
-0.005039999999999999,21.640001539507818,21.288032126453594,21.058201944068873,20.8974972331914,20.779071159719194,20.688260052423015,20.616441220155128,20.558230231362586,20.510096875378125,20.46963233260777,20.43513753625937,20.405380130987773,20.37944477119038,20.356637508227905,20.336422780859404,20.318380743171385,20.302177665750026,20.287544966371104,20.274264072662906,20.262155309816745,20.251069619106545,20.240882301393373,20.231488231592223,20.222798156665082,20.214735801973045,20.207235587772534,20.200240811209895,20.193702186994457,20.187576666991884,20.181826478576106,20.176418335928467,20.17132278909145,20.166513683517948,20.161967708838596,20.157664020117576,20.153583918352787,20.149710579667605,20.146028824734213,20.142524921606586,20.13918641643184,20.136001987531184,20.13296131915693,20.130054991885125,20.12727438712955,20.124611603688745,20.122059384584198,20.119611052730875
-0.0048,21.670540422822544,21.30626357418636,21.070177484569786,20.905943170363585,20.785343452546808,20.693101860350744,20.62029234504915,20.561367162476753,20.51270204081205,20.47183093361588,20.437018349823727,20.40700785874582,20.380867684332074,20.35789235274046,20.33753802361321,20.31937877862351,20.30307635197171,20.28835871687016,20.27500464709554,20.262832396308255,20.251691269631642,20.241455261780985,20.23201819479311,20.223289959348843,20.215193578732833,20.207662893241913,20.20064071762574,20.194077362780877,20.187929440536873,20.182158890355062,20.17673218138259,20.17161965411595,20.166794974001153,20.162234675380354,20.157917778817104,20.153825468373114,20.149940818142046,20.14624855946983,20.142734881952833,20.139387262614026,20.13619431869387,20.13314568031879,20.130231879971713,20.127444256222073,20.12477486960393,20.122216428881508,20.11976222622795
-0.00456,21.700117184184894,21.323861587087745,21.08171443499289,20.91406955569249,20.791373311388273,20.697753756734237,20.62399083122261,20.56437881454002,20.515202580932538,20.473940872068827,20.438823087602,20.40856960816364,20.382232842178365,20.3590962275962,20.338607962175388,20.32033628981722,20.303938584787268,20.289139510401583,20.275715290737836,20.263482189453867,20.252287940046376,20.242005282669655,20.23252702810991,20.22376224465214,20.2156332813124,20.208073421422554,20.201025016486568,20.194437989645984,20.188268626244287,20.182478589333233,20.177034112846698,20.171905336165302,20.167065752001392,20.16249174571408,20.15816220885772,20.154058213361004,20.15016273550625,20.146460421032177,20.142937384368324,20.13958103633536,20.136379935695686,20.133323660775297,20.130402698047764,20.12760834511042,20.12493262591934,20.12236821650431,20.119908379674776
-0.004319999999999999,21.72866110401917,21.340790978062337,21.09279404497028,20.921865389089845,20.79715379251516,20.702211108198767,20.627533451578053,20.56726286276676,20.51759677510275,20.47596084629561,20.440550747164746,20.410064596003394,20.38353962561238,20.360248638973676,20.33963220005697,20.321252957072932,20.304764106006495,20.289887138650517,20.27639583621895,20.264104555865668,20.25285952545087,20.2425322832569,20.23301467128785,20.22421496996562,20.216054882348853,20.208467158194345,20.201393705224763,20.1947840751352,20.188594240535874,20.182785599737294,20.177324161417157,20.17217987238345,20.167326059982994,20.16273896697761,20.15839736147244,20.154282208125384,20.150376389677007,20.146664470022664,20.14313249175531,20.13976780245012,20.13655890502529,20.13349532835982,20.130567515026858,20.12776672354665,20.125084943004452,20.122514818237246,20.12004958408609
-0.004079999999999999,21.75610305449323,21.35701747176882,21.103398201202932,20.92932013096249,20.802678298162682,20.70646955038733,20.63091719434981,20.570017158931236,20.51988305039637,20.477889680320136,20.442200434617252,20.411492133948304,20.384787499478584,20.36134916808131,20.34061040844566,20.322128522281666,20.30555271390188,20.290601445464315,20.277046164688688,20.264699407576387,20.253405963713437,20.24303622322746,20.233481102587884,20.2246481294825,20.216458389784876,20.20884412342672,20.20174681409782,20.195115658581706,20.18890633069015,20.18307997580878,20.177602387437723,20.17244332845645,20.16757596829893,20.162976413587057,20.158623314598014,20.15449753363403,20.150581864209595,20.14686079218107,20.143320291670925,20.139947649997676,20.136731316897915,20.133660774182996,20.130726422658107,20.127919483682874,20.12523191319848,20.122656326408727,20.12018593159813
-0.0038399999999999997,21.78237577700837,21.37250782735969,21.113509500600546,20.936423753043282,20.80794061534025,20.71052501931114,20.634139289346418,20.572639753871588,20.52206000123836,20.47972634123868,20.443771380147634,20.412851642648327,20.38597602538032,20.362397482909333,20.341542337076532,20.32296279902958,20.306304272699176,20.291282335803032,20.27766621430664,20.265266710133428,20.25392724322531,20.243517110215766,20.233926345996416,20.225061761188783,20.216843853667086,20.209204377608284,20.202084412668476,20.195432817452797,20.189204981067984,20.18336180791936,20.177868886512993,20.17269580453078,20.167815581019248,20.163204192979435,20.158840178534742,20.154704302592755,20.15077927379786,20.14704950380743,20.143500901671445,20.140120697469257,20.136897290444455,20.133820117743827,20.13087954055882,20.128066745024874,20.125373655684346,20.122792859684534,20.120317540181105
-0.0036,21.807414155746393,21.387229959179965,21.123111327517744,20.943166795420474,20.812934961310777,20.71437378920505,20.637197240303088,20.575128925644336,20.52412641424108,20.481469961369683,20.44526295796565,20.41414266981792,20.387104878231682,20.363393353475892,20.342427828370372,20.323755685793586,20.307018724968763,20.291929787443163,20.278255991357018,20.26580649320823,20.2544234130752,20.243975009605386,20.234350480699906,20.22545595605531,20.21721137509104,20.209548030574343,20.202406618339182,20.195735675711575,20.189490321318036,20.18363123063347,20.178123797438978,20.172937443020395,20.168045043621323,20.163422453191174,20.15904810341705,20.154902666810795,20.150968771536217,20.147230758921825,20.143674476370336,20.14028709976437,20.137056980566058,20.133973513681926,20.131027022863634,20.12820866097734,20.12551032292903,20.122924569402386,20.120444559867053
-0.0033599999999999997,21.831155485723954,21.40115305470652,21.13218793703718,20.949540432539575,20.81765603865145,20.718012519690596,20.640088865954066,20.577483215728638,20.526081300432377,20.483119867186932,20.446674712477883,20.415364914085735,20.38817386813619,20.36433667202876,20.343266836204815,20.324507183489676,20.307696108127132,20.292543866581777,20.278815585082427,20.266318864767765,20.254894596650153,20.244410057636912,20.234753653765498,20.22583087034641,20.217561118184292,20.209875253203023,20.20271360779352,20.196024415030106,20.189762537383324,20.18388843352586,20.178367312845772,20.173168439085703,20.16826455331374,20.163631393033576,20.159247289245414,20.15509282709267,20.151150558673788,20.147404758882118,20.14384121692027,20.14044705753711,20.137210587144246,20.134121160850675,20.131169067159753,20.12834542763994,20.125642109339253,20.123051648085813,20.120567181120585
-0.0031199999999999995,21.85353973381511,21.414247688950592,21.140724547389695,20.95553655244924,20.82209910435002,20.721438316520427,20.6428123537989,20.579701476930637,20.527923938215785,20.484675618093526,20.44800639350446,20.416518257179455,20.38918296998131,20.365227480422952,20.344059451392123,20.325217419321007,20.30833657688592,20.293124749083585,20.279345187897327,20.26680403039793,20.25534101019123,20.244822479299835,20.235136097457026,20.2261867424342,20.217893326481214,20.2101862934027,20.20300563263933,20.196299290123914,20.190021886556213,20.184133675980718,20.178599693759676,20.173389054973637,20.168474373166017,20.163831276020947,20.159437999619424,20.155275046780748,20.151324897969474,20.1475717655533,20.14400138399745,20.140600829995392,20.137358367654432,20.134263314743876,20.131305926725204,20.128477295855514,20.12576926311776,20.12317434110671,20.120685646305784
-0.0028799999999999997,21.874509791225357,21.426485934445825,21.14870744646766,20.96114785601735,20.82626005991715,20.724648812589777,20.645366332773662,20.58178293869025,20.529653932279178,20.48613705980997,20.449258004916278,20.417602808477774,20.390132364477846,20.366066008139416,20.344805937099892,20.325886679963894,20.308940434515343,20.293672750089765,20.27984512357204,20.267262320259423,20.255762988689035,20.245212613310493,20.235498153416422,20.22652391628569,20.21820834580168,20.210481498453962,20.20328304127363,20.19656065018896,20.19026871852769,20.184367307885765,20.17882128996825,20.173599640074254,20.168674851872677,20.164022449854325,20.15962058095003,20.155449670702264,20.151492132377804,20.147732119734496,20.144155315970654,20.140748752811866,20.137500654817593,20.134400304886498,20.131437927656574,20.128604588072378,20.125892102857538,20.12329296300878,20.120800265736225
-0.00264,21.89401171593397,21.437841465763306,21.156124120546128,20.966367987003263,20.830135573779334,20.72764227999053,20.647749974831843,20.583727298972423,20.53127129684942,20.487504400059915,20.45042987374076,20.418618968418592,20.391022496644833,20.36685272652087,20.34550677942241,20.326515458980523,20.309508177535015,20.294188366363354,20.28031588755636,20.2676942276671,20.256161022956174,20.245580947879876,20.23584030729845,20.226842875109377,20.21850665703144,20.210761347025695,20.203546310219014,20.19680896962822,20.19050350556121,20.184589799299683,20.17903256921834,20.173800659678584,20.16886645209357,20.164205374361355,20.159795490011557,20.155617152342238,20.151652711848445,20.1478862675882,20.144303454961435,20.14089126381463,20.137637881919936,20.134532559780826,20.131565493438465,20.128727722533508,20.126011041346988,20.12340792092474,20.120911440700322
-0.0024,21.9119949636662,21.448289657155353,21.162963418881834,20.971191711197662,20.83372325476337,20.730417791089444,20.649963142124054,20.58553485805657,20.532776577296538,20.488778319365192,20.45152275148732,20.419567521582067,20.39185416174432,20.367588428520637,20.34616276178417,20.32710452660795,20.310040561521863,20.294672338663435,20.28075820639172,20.268100465945352,20.25653581427267,20.245928173444792,20.236163239838877,20.227144290972852,20.218788924467727,20.21102649639807,20.2037960903482,20.197044893380152,20.190726887008857,20.184801784223747,20.179234160297447,20.173992737412537,20.169049792273498,20.164380662726696,20.159963334601184,20.155778093944797,20.1518072328776,20.148034799646343,20.14444638530641,20.141028940905098,20.13777062018391,20.134660643726818,20.131689181208525,20.12884724898093,20.126126620707954,20.12351974914221,20.12101969744927
-0.0021599999999999996,21.928412606012472,21.4578076712661,21.169215778079284,20.975615176331416,20.837021909384106,20.732975459887154,20.652006608780496,20.5872067208345,20.534171034419007,20.48996013920954,20.45253796810851,20.42044977824389,20.392628636045835,20.36827435011346,20.346775078256684,20.32765503608024,20.310538701392858,20.29512574681559,20.28117312828309,20.268482055115165,20.256888357714065,20.246255263085892,20.236467904743755,20.227429100485782,20.219056069567365,20.211277854502743,20.20403327740493,20.19726930607593,20.19093973723216,20.185004127389327,20.17942691877038,20.174176719987734,20.169225710457482,20.164549144409754,20.160124935586943,20.155933307710765,20.15195649886758,20.148178510338635,20.144584892256766,20.141162559927547,20.13789963580391,20.134785313018167,20.13180973710662,20.128963903149806,20.12623956602602,20.12362916186126,20.121125739072955
-0.0019199999999999998,21.943221534378246,21.46637453595767,21.174873550224913,20.979636310841148,20.840031942782698,20.73531682080193,20.65388241029981,20.588745116232957,20.535456935854732,20.49105208822428,20.453477675879117,20.42126779871795,20.393347884152696,20.368912362850537,20.347345513319905,20.328168692326187,20.31100423054477,20.295550160599195,20.28156216686147,20.26884045950229,20.257220074437225,20.246563600201373,20.2367556523548,20.227698624967847,20.21930938804703,20.211516694315094,20.20425912398705,20.197483441859976,20.19114327346177,20.185198030320002,20.179612031374464,20.174353780032817,20.169395365637907,20.164711965067834,20.160281425450812,20.15608391299125,20.15210161599049,20.148318492537097,20.144720055207287,20.141293186580675,20.138025980534284,20.13490760519742,20.131928184185476,20.129078693321578,20.126350870532207,20.12373713699044,20.121230527896167
-0.0016799999999999999,21.956382648524475,21.47397120384315,21.179931519988887,20.983255473873594,20.842756019075985,20.73744545539916,20.655594423051884,20.59015392777911,20.536638040565904,20.492057745010904,20.454345255287784,20.42202476685207,20.39401490424987,20.36950529456741,20.347876741303345,20.32864803301117,20.311439565995656,20.295947891156636,20.281927540734777,20.26917781704323,20.257533032125142,20.246855191272335,20.237028435740083,20.227954770714845,20.219550745040344,20.21174484450094,20.204475426180572,20.197689067421855,20.191339235563078,20.185385208102844,20.179791190014086,20.174525587482727,20.169560406671255,20.164870753100523,20.16043441253392,20.1562314982845,20.152244152969313,20.148456295139194,20.144853403087534,20.14142232961368,20.138151142679934,20.135028987825542,20.1320459689399,20.129193044591,20.12646193758467,20.12384505581931,20.121335422818323
-0.0014399999999999999,21.967861028545016,21.48058058081653,21.184387786069397,20.98647658886951,20.845200220776164,20.73936809603353,20.657149386344805,20.591439630217106,20.537720454609282,20.492982820629297,20.455146032464583,20.422725650326704,20.39463433855411,20.37005749650719,20.348372855947726,20.329096925592978,20.31184837734349,20.296322435682164,20.28227259721611,20.26949734490305,20.257830334939086,20.247133042237685,20.237289175267524,20.228200383273563,20.219782920339007,20.211965026682428,20.204684853730093,20.19788880579727,20.191530204061536,20.185568202118933,20.179966899581064,20.174694612792216,20.169723271119327,20.16502791429576,20.160586271616747,20.156378407840062,20.15238642376356,20.148594201866327,20.1449871892838,20.141552211865836,20.13827731423524,20.135151621692508,20.132165220554754,20.12930905411291,20.126574831873025,20.12395495013824,20.121442422306842
-0.0012,21.977626089222465,21.486187493607765,21.188245406499504,20.989309289538067,20.847376252578613,20.741096727285743,20.65855885031018,20.592613075490537,20.53871426350524,20.493836651515277,20.455888648179553,20.423378460777688,20.395213638397202,20.370575925774666,20.34884038120987,20.329521516111555,20.312236481945323,20.296679326288707,20.28260262119022,20.269804113778594,20.258116867923256,20.24740187698515,20.237542454571255,20.228439923751505,20.22001026746012,20.212181499283144,20.20489158034116,20.19808675451331,20.19172020726429,20.18575097705924,20.180143065599093,20.174864705787666,20.169887755756275,20.165187194330127,20.16074069865945,20.156528288810517,20.15253202724214,20.1487357635178,20.14512491649417,20.141686287711536,20.138407900883966,20.135278863319243,20.132289245843427,20.129429978403294,20.12669275900342,20.124069974026934,20.121554628309074
-0.0009599999999999999,21.985651715807627,21.490778518415716,21.191515828532452,20.991773429750367,20.849306083302555,20.74265301660237,20.659843284840175,20.593693261231824,20.539636977203944,20.494635350506563,20.456587947539436,20.42399691381492,20.3957655237116,20.371072430447573,20.349290405153866,20.3299322321822,20.312613734744996,20.29702792207139,20.282926542733946,20.27010668255192,20.258400868537638,20.247669654175844,20.237795989822253,20.228680896588525,20.220240105015822,20.21240141676118,20.205102614322673,20.19828979056594,20.19191600296612,20.185940181297045,20.18032623481323,20.175042317695855,20.17006022098222,20.16535486628119,20.16090388193399,20.156687246365316,20.152686986510666,20.14888692163789,20.145272444777817,20.141830335468278,20.13854859869185,20.135416325823076,20.13242357414775,20.12956126211771,20.126821077989273,20.124195399887366,20.12167722565834
-0.0007199999999999999,21.991916380379028,21.49434143097348,21.19422716338368,20.99391001158598,20.851033207534673,20.744079068740586,20.661042055690924,20.594716481579262,20.54052189600599,20.495409459336503,20.45727199804717,20.42460688939935,20.396313956439496,20.371569299508852,20.349743762617365,20.330348647739005,20.31299861815358,20.297385761526765,20.283261084426798,20.270421068365145,20.258697743412785,20.24795125111197,20.238064198087372,20.228937317115122,20.220486095852344,20.2126381306904,20.205331030224297,20.198510739721193,20.19213019122862,20.18614820785352,20.180528608108773,20.175239468985595,20.17025251588507,20.16554261464397,20.16108734626129,20.156866649028032,20.152862515911913,20.14905873748692,20.145440682599737,20.141995110457934,20.13871000900455,20.13557445538115,20.132578495030753,20.12971303659436,20.126969760241117,20.124341037467136,20.12181986072002
-0.00047999999999999996,21.996403238056875,21.49686334653619,21.19644892807945,20.995813936172606,20.852656417362432,20.745469684656264,20.662243352296393,20.595763780913252,20.541443210362402,20.496226908401635,20.458003146064787,20.42526581513424,20.39691206274114,20.37211591442523,20.35024658479242,20.33081407865671,20.313432012906606,20.29779162086784,20.2836432041991,20.270782657637458,20.25904151929919,20.248279515932694,20.238378902920317,20.22924011467479,20.22077838485907,20.21292109335048,20.20560566405763,20.198777884697545,20.192390552972835,20.186402377531113,20.180777079490905,20.175482653105835,20.170490753632453,20.165776187582672,20.16131648592323,20.15709154488866,20.153083322229243,20.149275579158736,20.14565366017241,20.142204304402107,20.138915483357334,20.135776260841023,20.1327766715799,20.129907615713094,20.127160766770498,20.12452849116839,20.12200377757293
-0.00023999999999999998,21.999100202469627,21.498322168338888,21.198399080060813,20.997775862761166,20.854476131751902,20.747112153734232,20.66371388580452,20.597079933159918,20.542624779941715,20.49729252160137,20.45896927289033,20.426146670724183,20.397719804908977,20.372860913891113,20.350937687637146,20.331458836437132,20.31403687697135,20.298362104547618,20.284184018221886,20.271297823825616,20.259534466747425,20.248753162974573,20.238835727438556,20.22968221472605,20.221207531147463,20.213338774763365,20.206013127241956,20.199176168480744,20.19278051830098,20.186784733495802,20.181152405936132,20.175851420241113,20.17085333902427,20.16613289085055,20.161667541427096,20.157437132659908,20.153423577367594,20.1496105998905,20.14598351474205,20.142529036948332,20.139235118906377,20.13609080953352,20.13308613223328,20.130211978808735,20.127460016943616,20.124822609268794,20.122292742356088
0.00023999999999999998,21.999100202469627,21.498322168338888,21.198399080060813,20.997775862761166,20.854476131751902,20.747112153734232,20.66371388580452,20.597079933159918,20.542624779941715,20.49729252160137,20.45896927289033,20.426146670724183,20.397719804908977,20.372860913891113,20.350937687637146,20.331458836437132,20.31403687697135,20.298362104547618,20.284184018221886,20.271297823825616,20.259534466747425,20.248753162974573,20.238835727438556,20.22968221472605,20.221207531147463,20.213338774763365,20.206013127241956,20.199176168480744,20.19278051830098,20.186784733495802,20.181152405936132,20.175851420241113,20.17085333902427,20.16613289085055,20.161667541427096,20.157437132659908,20.153423577367594,20.1496105998905,20.14598351474205,20.142529036948332,20.139235118906377,20.13609080953352,20.13308613223328,20.130211978808735,20.127460016943616,20.124822609268794,20.122292742356088
0.00047999999999999996,21.996403238056875,21.498322168338888,21.198399080060813,20.997775862761166,20.854476131751902,20.747112153734232,20.66371388580452,20.597079933159918,20.542624779941715,20.49729252160137,20.45896927289033,20.426146670724183,20.397719804908977,20.372860913891113,20.350937687637146,20.331458836437132,20.31403687697135,20.298362104547618,20.284184018221886,20.271297823825616,20.259534466747425,20.248753162974573,20.238835727438556,20.22968221472605,20.221207531147463,20.213338774763365,20.206013127241956,20.199176168480744,20.19278051830098,20.186784733495802,20.181152405936132,20.175851420241113,20.17085333902427,20.16613289085055,20.161667541427096,20.157437132659908,20.153423577367594,20.1496105998905,20.14598351474205,20.142529036948332,20.139235118906377,20.13609080953352,20.13308613223328,20.130211978808735,20.127460016943616,20.124822609268794,20.122292742356088
0.0007199999999999999,21.991916380379028,21.496676696941414,21.1973462632611,20.997047370399464,20.85394305820948,20.746705523625895,20.663393631073543,20.596821242982042,20.542411491207595,20.497113662161937,20.458817136591712,20.426015688363698,20.39760585255889,20.37276087319037,20.35084915722376,20.33137993725945,20.313966117712692,20.298298286587723,20.284126167226574,20.271245139654646,20.25948628620601,20.248708931726178,20.238794978555095,20.229644552115722,20.221172616614012,20.21330631780146,20.205982876916938,20.199147906912593,20.19275405539461,20.18675990264821,20.181129060515577,20.175829430681016,20.170832590410228,20.16611328090552,20.161648978820168,20.157419535579614,20.15340687231272,20.149594720640643,20.145968401477553,20.142514635494873,20.13922138008408,20.136077688594124,20.133073588371758,20.13019997473811,20.127448518523664,20.124811585180797,20.122282163817133
0.0009599999999999999,21.985651715807627,21.493741579395323,21.19546780343199,20.995747343336,20.852991641062136,20.74597970890516,20.662821948825112,20.596359430841012,20.54203071067634,20.49679433455191,20.458545509892794,20.42578182335492,20.397402388920934,20.372582245032312,20.350691078214673,20.3312390532363,20.31383976653645,20.29818432854201,20.284022862929778,20.27115106065958,20.259400248519274,20.2486299456767,20.238722210508147,20.229577294892255,20.221110266391292,20.21324835589725,20.205928855294104,20.19909743654709,20.19270679686813,20.18671555848465,20.181087368895465,20.17579016025341,20.170795535984826,20.166078259855574,20.16161582806307,20.157388109029743,20.15337703872256,20.149566361762847,20.145941410493624,20.14248891566642,20.13919684359071,20.1360542555285,20.133051185867593,20.13017853621103,20.127427983008214,20.124791896749727,20.122263271071258
0.0012,21.977626089222465,21.48964045550066,21.19284199011167,20.99392956419014,20.85166102999875,20.7449644551936,20.662022194082788,20.595713315604684,20.541497923149937,20.496347502220996,20.45816540376208,20.42545454413234,20.397117642715166,20.372332246919598,20.350469832529434,20.331041867913363,20.313662917353884,20.298024821972,20.283878265412945,20.271019373580216,20.25927981522742,20.248519381371693,20.238620348687082,20.229483145972775,20.221022985398978,20.21316721698332,20.205853231456906,20.199026783358764,20.19264063931326,20.186653480238146,20.18102900352826,20.175735183973362,20.17074366160909,20.166029231777422,20.161569418026914,20.15734411256689,20.153335272130235,20.149526659532278,20.145903623111177,20.14245290772616,20.139162492168108,20.1360214487741,20.133019821786664,20.130148521601154,20.12739923253144,20.12476433211985,20.122236820339843
0.0014399999999999999,21.967861028545016,21.484435385059726,21.189507421677256,20.99162021247817,20.849970102541963,20.74367400214592,20.66100548372159,20.5948918138756,20.540820437795844,20.49577926484609,20.457681985258077,20.425038283635917,20.396755458741993,20.37201424523906,20.350188392196408,20.3307910244291,20.313437936159012,20.29782189716337,20.283694302824006,20.270851831912445,20.25912658789334,20.24837870738338,20.23849074459227,20.229363353261043,20.22091192942734,20.213063974582415,20.205757005151057,20.198936880676857,20.192556456055232,20.18657448684228,20.18095473388911,20.175665226211418,20.170677650406045,20.165966841975813,20.16151035925729,20.15728812471513,20.153282121495646,20.14947613555667,20.145855535582342,20.14240708437735,20.139118776609624,20.135979698704574,20.132979907440905,20.130110324398792,20.127362643896777,20.124729252448052,20.122203158088816
0.0016799999999999999,21.956382648524475,21.478166155952476,21.185488174553118,20.98883528868368,20.847930218265642,20.742116814697095,20.659778361982376,20.593900132765665,20.54000249461681,20.49509314089115,20.45709822050747,20.424535575943523,20.39631802684261,20.3716301511726,20.349848439684735,20.330488015242203,20.313166155848535,20.29757675173115,20.283472057093036,20.270649417890557,20.25894146222992,20.248208743855542,20.23833415197775,20.22921861187237,20.220777741542832,20.21293922535033,20.20564073147399,20.19882824623904,20.19245473112339,20.186479031808577,20.180864985771827,20.17558068751131,20.170597879852433,20.165891446798867,20.161438988700738,20.157220464563178,20.153217889433805,20.149415077221963,20.145797421186256,20.14235170580693,20.139065944929534,20.135929241996898,20.13293166893056,20.130064160821483,20.127318424073607,20.124686856036938,20.12216247448758
0.0019199999999999998,21.943221534378246,21.47086334169615,21.18080217285147,20.985586411996923,20.845549464381243,20.740298823261202,20.658345353349034,20.592741832603274,20.539046965520175,20.494291494342235,20.456416088450577,20.423948101376816,20.395806791215918,20.371181219071854,20.349451074474644,20.330133811875616,20.312848441028855,20.297290160046856,20.2832122257493,20.27041276307554,20.258725012749238,20.248010015635433,20.238151052190787,20.229049364840762,20.220620830861115,20.212793348232783,20.205504762417807,20.19870120785915,20.192335770560614,20.186367401507255,20.18076002771119,20.175481820187894,20.170504587469413,20.16580327023792,20.16135551794273,20.157141332293484,20.153142765621784,20.14934366450571,20.145729450926478,20.14228693469938,20.139004152085963,20.135870226420554,20.132875247325455,20.130010165684986,20.127266702030585,20.12463726638042,20.12211488789675
0.0021599999999999996,21.928412606012472,21.462553637869643,21.175464617240515,20.98188319890505,20.842834399105364,20.73822475505997,20.656710011918722,20.59141967508307,20.53795605393501,20.493376121605248,20.455637080198326,20.423277116528613,20.395222824610375,20.370668375023797,20.348997103862228,20.32972912411749,20.31248542050135,20.296962682938005,20.282915312030298,20.270142321498305,20.258477651115847,20.24778289765613,20.237941788115656,20.228855926924332,20.22044148732433,20.212626611168265,20.20534934632172,20.19855599634467,20.192199789430198,20.186239796810618,20.180640047744518,20.175368800632498,20.17039793904923,20.165702468411506,20.161260094249002,20.15705086704978,20.15305688173396,20.14926202219763,20.14565174323336,20.142212883598987,20.13893350516465,20.135802753989918,20.132810739920032,20.129948431883573,20.12720756655334,20.12458056842188,20.122060479661304
0.0024,21.9119949636662,21.45326235110017,21.169489592466668,20.977734381648673,20.839790872955742,20.735898762090198,20.6548754168065,20.58993602393058,20.536731625469315,20.492348528992668,20.45476243519948,20.422523657690025,20.394567005372718,20.370092372336984,20.348487180595335,20.329274522713746,20.312077597320357,20.296594766968184,20.282581714893972,20.269838451644606,20.258199701133083,20.24752768378435,20.23770662760771,20.228638543240535,20.220239936062676,20.21243922162724,20.205174674978707,20.198392789509388,20.1920469530299,20.186096371767544,20.180505189774486,20.175241763565566,20.17027806097636,20.165589160114042,20.16115282948386,20.156949174352217,20.15296033746836,20.149170244640136,20.145564387511925,20.142129637349313,20.138854084786587,20.135726901409626,20.132738219780023,20.129879029096,20.127141084162933,20.12451682573378,20.121999310596227
0.00264,21.89401171593397,21.44301466437572,21.162890892880625,20.973148385936412,20.836424454510002,20.73332474744263,20.65284443001021,20.588293053707748,20.535375380389375,20.491210077570422,20.453793264588075,20.421688647146155,20.393840109994628,20.369453872842236,20.347921874859395,20.32877050355257,20.311625406379093,20.296186796392227,20.282211776130648,20.269501459371035,20.257891437999994,20.247244622867395,20.23744579670883,20.22839741997135,20.22001636586375,20.212231353081453,20.20498090830854,20.19821173522718,20.19187739848098,20.18593725386314,20.180355572618687,20.175100819981445,20.170145057161005,20.16546344282127,20.161033815261895,20.156836340461975,20.15285321418397,20.14906840869233,20.14546745648117,20.14203726485198,20.138765956326267,20.135642730788856,20.132657745985956,20.12980201358863,20.127067308506412,20.12444608952123,20.121931429626486
0.0028799999999999997,21.874509791225357,21.431836313852166,21.15568247251115,20.96813364931153,20.832740666588776,20.730506547112352,20.650619840516626,20.586492866758864,20.53388895037947,20.48996206451922,20.4527306205379,20.42077295299127,20.393042865225485,20.368753492697998,20.347301714853536,20.328217523857372,20.311129246892765,20.295739122471762,20.281805806952622,20.269131622131923,20.25755311047708,20.246933939090034,20.23715949840825,20.22813274170876,20.219770945257082,20.212003159960258,20.204768188300662,20.198012964461107,20.191691246930542,20.185762555470696,20.180191300778347,20.174946067293313,20.16999901861296,20.165325401740002,20.160903131515507,20.15671244050412,20.15273558261271,20.148956581061483,20.145361013152613,20.141935825717148,20.13866917625681,20.13555029570156,20.13256936942731,20.129717433760693,20.126986285668867,20.12436840371523,20.121856878674762
0.0031199999999999995,21.85353973381511,21.419753956609302,21.147878698503174,20.96269880392838,20.828745123442587,20.727448036408518,20.64820444908647,20.584537562275926,20.532273955847167,20.488605771424897,20.451575537496854,20.419777424740463,20.3921759791332,20.367991829717266,20.346627211016795,20.32761602381051,20.310589501816914,20.29525208100868,20.28136410390417,20.268729203481154,20.2571849541588,20.246595844167626,20.236847923882735,20.227844681849433,20.21950383215528,20.211754786617295,20.204536647374802,20.197796599077396,20.19148861087083,20.18557238072179,20.180012470899435,20.174777595420743,20.169840029187107,20.1651751152396,20.160760851637463,20.15657754334372,20.152607507489286,20.148834822704856,20.145245115020497,20.14182537425705,20.13856379596028,20.13544964482598,20.13247313628245,20.129625333474902,20.12689805736415,20.124283808032143,20.1217756955976
0.0033599999999999997,21.831155485723954,21.406795359589246,21.139494491127376,20.956852781276524,20.824443611032578,20.724153193064677,20.64560111899831,20.582429277902925,20.530532040609494,20.48714249361534,20.45032905730941,20.418702915076494,20.39124016010764,20.367169480112562,20.345898870892455,20.326966439835456,20.31000654978633,20.294726003134027,20.28088695865846,20.268294462007574,20.256787199656088,20.246230544866844,20.2365112594326,20.22753340901162,20.219215179807875,20.211486372869604,20.204286413547194,20.197562756675215,20.191269598664324,20.185366829754706,20.179819175768944,20.174595490555692,20.169668169138475,20.165012658213307,20.160607045663923,20.15643171460437,20.152469050417682,20.148703191555327,20.14511981665671,20.14170596195937,20.138449864087907,20.13534082419927,20.132369090174585,20.12952575412108,20.126802662911995,20.124192339869634,20.121687916005044
0.0036,21.807414155746393,21.39298947639184,21.13054539281173,20.95060486814594,20.819842131804336,20.72062613335479,20.642812805582977,20.580170214237853,20.528664892496938,20.485573557700395,20.448992244312635,20.41755029296976,20.39023612836271,20.36628704865812,20.345117208168997,20.32626921269065,20.309380772401983,20.29416122190216,20.280374664012644,20.267827656808652,20.256360077613483,20.24583824762087,20.236149690741208,20.227199090978413,20.21890514046222,20.211198057405397,20.204017613610507,20.197311553560805,20.191034317331436,20.185146001332612,20.179611506778595,20.174399837484927,20.169483517315193,20.164838104152313,20.16044178223897,20.156275018531666,20.152320271641123,20.14856174420475,20.144985171313724,20.14157763901539,20.13832742801855,20.135223878610947,20.13225727350445,20.129418735891964,20.126700140460507,20.124094035479104,20.12159357438608
0.0038399999999999997,21.78237577700837,21.378366458835917,21.12104759612636,20.94396473452545,20.81494692909305,20.71687113276323,20.639842573645115,20.577762649581853,20.526674255936136,20.483900332398253,20.44756619473051,20.41632045189551,20.389164623177454,20.36534515511443,20.344282748415832,20.325524792619518,20.30871255887924,20.293558076506066,20.27982751772734,20.267329051001756,20.25590382193212,20.245419161497935,20.23576340561784,20.226841897239545,20.218573867725418,20.210889979984433,20.203730375188673,20.197043106670648,20.1907828743542,20.184909994538568,20.179389555520643,20.17419072109511,20.169286152580323,20.164651526490992,20.16026512988934,20.156107519202763,20.15216123119137,20.148410536997336,20.144841231966062,20.141440455313138,20.1381965348068,20.135098852508932,20.132137728317044,20.129304318613155,20.126590527781573,20.1239889307287,20.121492704841128
0.004079999999999999,21.75610305449323,21.362957626634486,21.111017945516355,20.936942443622723,20.80976449859618,20.71289263687254,20.63669360722868,20.575208948533515,20.524561939476644,20.482124235134417,20.44605204248087,20.41501431496833,20.38802640745949,20.36434443830516,20.343396032743776,20.324733642652667,20.30800230904025,20.29291691500037,20.27924582501419,20.26679891400484,20.25541867186791,20.244973500137682,20.23535259578998,20.226462000654934,20.21822151811234,20.210562282882016,20.203424828086852,20.196757534836262,20.19051537886368,20.184658909892352,20.179153414840165,20.173968227365947,20.169076154750744,20.164452999495822,20.160077157867185,20.15592928132653,20.151991989649385,20.14824962675367,20.14468805200022,20.141294461095576,20.13805723181159,20.134965790600518,20.13201049687671,20.129182542293922,20.126473862798953,20.123877061610035,20.121385341568704
0.004319999999999999,21.72866110401917,21.34679540887471,21.10047392138151,20.9295484498987,20.804301591201984,20.708695265729332,20.63336921428848,20.572511566494818,20.522329819963794,20.480246735839422,20.444450962607323,20.41363283803733,20.3868222705381,20.363285558642662,20.342457620094805,20.323896240690182,20.30725043521351,20.292238096039643,20.278629900131538,20.266237523005607,20.25490487338802,20.24450148300702,20.234917458069027,20.226059578539317,20.217848252057195,20.21021511183448,20.203101105177012,20.19645495961528,20.1902319424213,20.184392850086343,20.178903179529364,20.173732444026264,20.168853605217983,20.164242598853754,20.159877936708458,20.15574037077411,20.151812608650076,20.148079071251512,20.144525685673173,20.141139707398306,20.13790956711444,20.134824738252444,20.131875622050206,20.129053447494332,20.126350183940396,20.123758464576213,20.12127151919014
0.00456,21.700117184184894,21.32991326608636,21.089433611959887,20.921793588832855,20.798565209868514,20.704283813731955,20.629872827871345,20.56967305138068,20.51997984442091,20.47826935883562,20.442764173092694,20.41217701139265,20.385553029752835,20.362169199598643,20.341468088600212,20.323013080755103,20.30645736339124,20.291521989948283,20.277980067374873,20.265645163879977,20.254362680024222,20.24400333619446,20.234458195091108,20.225634813354485,20.217454234561515,20.20984861664687,20.202759342968797,20.196135505828607,20.189932679525143,20.184111920463458,20.17863894677932,20.17348346098167,20.16861858735364,20.164020402057016,20.1596675385986,20.15554085492691,20.15162315121381,20.147898929541903,20.14435418841414,20.140976246337942,20.137753589795313,20.134675741755,20.13173314755977,20.128917075567966,20.126219530370626,20.123633176765644,20.121151272964784
0.0048,21.670540422822544,21.312345598784706,21.07791567661856,20.913689060852477,20.792562602308035,20.699663246366473,20.626208004845374,20.566696043367386,20.51751403032742,20.476193683387578,20.44099293554166,20.410647860502834,20.38421953120195,20.360996068439526,20.340428036289804,20.322084673669842,20.305623533870275,20.290768979325318,20.277296661646325,20.265022131727765,20.25379235337652,20.243479292883734,20.23397501576269,20.225187893128854,20.21703963558961,20.209462951566,20.20239968196183,20.19579930189353,20.189617707925237,20.183816229315898,20.17836081646344,20.17322137058374,20.168371186765324,20.163786488646704,20.159446037604628,20.155330802897897,20.15142368195766,20.147709262151043,20.14417361701765,20.140804131296896,20.137589350109653,20.134518848491783,20.13158311814604,20.12877346881836,20.126081942141706,20.123501236146655,20.12102463892917
0.005039999999999999,21.640001539507818,21.294127646599833,21.065939303023306,20.905246411076156,20.786301250658557,20.694838694680193,20.622378422871076,20.563583273236738,20.514934464749818,20.474021343297753,20.439138555056584,20.409046446061073,20.382822649892354,20.359766896438373,20.339338081339363,20.321111547322253,20.30474940152583,20.289979459318772,20.276580028725153,20.264368731136408,20.253194163368516,20.24292959359976,20.233468135496715,20.22471901168363,20.21660463028482,20.20905827548708,20.202022266843045,20.19544648001211,20.18928714880343,20.183505888056935,20.178068891301542,20.172946267786834,20.168111491446574,20.16354094035623,20.159213509812435,20.15511028566313,20.15121426722148,20.147510131201184,20.143984029759554,20.140623417034814,20.137416899595447,20.13435410704263,20.13142557966706,20.12862267059434,20.125937460284852,20.123362681606,20.120891653982376
0.00528,21.608572565676948,21.275295380981618,21.053524159945717,20.89647750602913,20.77978885896407,20.689815448106952,20.61838787609183,20.560337559697867,20.512243302638183,20.47175402580839,20.437202379527335,20.407373863530108,20.381363289455546,20.358482438707412,20.338198861983628,20.320094246634564,20.30383543581944,20.28915383766093,20.27583052532191,20.26368527624817,20.25256838832323,20.24235448629006,20.2329377762973,20.224228368719164,20.216149399056363,20.208634752040147,20.201627246572066,20.19507717625507,20.18894112685548,20.18318101130098,20.177763276937803,20.17265825022381,20.167839591850324,20.16328384118249,20.158970033395732,20.1548793761285,20.150994975132456,20.147301600473078,20.143785486457446,20.140434159746984,20.13723629112972,20.134181567238276,20.131260579151203,20.128464725341214,20.125786126860003,20.12321755299683,20.12075235593248
0.00552,21.576326563888905,21.255885393734864,21.040690347003224,20.887394508169322,20.773033339052166,20.684598946081167,20.614240269881236,20.556961805955783,20.50944276450788,20.46939346999238,20.435185798489755,20.405631242318073,20.37984238154431,20.357143473751666,20.337011036183437,20.319033333313964,20.302882120611805,20.288292534528015,20.27504851897389,20.262972090682972,20.25191531490723,20.241754226285416,20.232384166733393,20.223716169798816,20.21567412757122,20.208192549588304,20.201214774384475,20.19469153056904,20.18857977030141,20.18284171687642,20.177444081955464,20.17235741822223,20.16755558090623,20.163015277404046,20.15871568863482,20.15463814914889,20.150765875624547,20.14708373542558,20.14357804849028,20.140236417083926,20.137047578948046,20.13400128017969,20.131088164816248,20.12829967861964,20.125627984974397,20.12306589115701,20.12060678351459
0.0057599999999999995,21.543337347749052,21.235934783142678,21.027458342318347,20.87800984885115,20.76604279524342,20.679194768760045,20.609939614892692,20.553458995721158,20.50653513366466,20.466941464764343,20.43309024166347,20.403819744680078,20.37826088499212,20.355750802815233,20.335775281110205,20.31792938544102,20.30188995383054,20.287395982269462,20.27423438782255,20.262229507354064,20.251235237976875,20.24112907617086,20.23180754182989,20.22318262625662,20.215179006675477,20.20773184116045,20.200785007734083,20.194289686726858,20.188203210842623,20.182488125788456,20.177111417844642,20.17204387477638,20.167259553996328,20.162735337559926,20.15845055789811,20.154386681512094,20.15052704042447,20.14685660318338,20.143361778787703,20.14003024814213,20.136850818636443,20.13381329823107,20.130908386063382,20.12812757710043,20.125463078778143,20.12290773790533,20.120454976387606
0.005999999999999999,21.509679203978013,21.21548103908879,21.01384894887069,20.868336200209672,20.7588255082222,20.673608627093802,20.6054900205939,20.549832188805443,20.503522753089772,20.46439984660843,20.430917177250187,20.401940564414744,20.37661978479505,20.354305249072464,20.334492292493632,20.31678299693659,20.30085944702935,20.28646462503945,20.273388520302603,20.261457868203365,20.250528460351255,20.240479305589446,20.231208142896936,20.222627955047848,20.214664232262827,20.207252804334924,20.200338108189463,20.193871792235143,20.18781158357901,20.182120362144513,20.17676539893491,20.171717725486136,20.166951608899414,20.16244411239887,20.158174725595693,20.15412505189618,20.150278543012465,20.146620272500886,20.143136741796656,20.13981571343306,20.136646067102685,20.13361767499313,20.130721293452254,20.12794846854129,20.125291453442475,20.122743136021136,20.12029697511516
0.006239999999999999,21.47542661806707,21.19456192833789,20.999883240164916,20.85838644634651,20.751389918325575,20.66784635242869,20.600895688425837,20.546084516410584,20.500408022073163,20.461770497095287,20.428668110053252,20.39999492540738,20.374920090960757,20.352807656702804,20.33316278386677,20.315594776937527,20.299791124865564,20.28549891835498,20.27251131476459,20.260657523876315,20.24979529252986,20.239805190995327,20.230586217312556,20.22205237855655,20.214130005103126,20.206755621086064,20.19987424129597,20.19343799820967,20.187405026895892,20.1817385530513,20.17640614230123,20.171379078470736,20.166631845711763,20.162141694806206,20.157888278111706,20.153853340806823,20.15002045856405,20.14637481370792,20.142903003430693,20.139592874835813,20.136433382531855,20.1334144652614,20.130526938661795,20.1277624017499,20.12511315512488,20.122572129211395,20.12013282113441
0.00648,21.44065400490951,21.173215380943773,20.98558250572778,20.848173654126434,20.743744608455163,20.661913885788394,20.596160904695182,20.54221917619809,20.497193392662556,20.459055340243793,20.42634457946491,20.39798408005923,20.373162837258363,20.35125888987869,20.331787485734246,20.314365349103937,20.298685524516333,20.284499328598642,20.27160317904739,20.259828833351165,20.249036052368616,20.239107015368646,20.22994201827011,20.221456124370487,20.2135765306408,20.206240477602687,20.199393576411563,20.19298845922627,20.186983682328073,20.181342828490372,20.176033767649713,20.17102804426354,20.16630036674989,20.161828179713773,20.157591303720658,20.153571630499354,20.14975286387728,20.146120298641705,20.142660631006226,20.139361795537212,20.13621282433003,20.133203724973125,20.130325374440073,20.1275694265365,20.124928230924244,20.12239476206815,20.119962556715656
0.006719999999999999,21.405435445736796,21.151479378607213,20.970968196864725,20.837711043839764,20.735898286778834,20.655817266951214,20.591290033287212,20.538239427204573,20.493881365981878,20.456256339771205,20.42394815735752,20.395909307633417,20.37134907989551,20.349659831689326,20.330367144683564,20.313095350875596,20.297543195049172,20.283466332480202,20.270664530013267,20.258972163534104,20.248251064724617,20.23838506790164,20.229275804499185,20.220839425031567,20.21300401877049,20.205707564085436,20.198896286522896,20.192523333153222,20.186547694406556,20.18093332117745,20.17564839718802,20.170664735692316,20.165957276439645,20.161503663996882,20.157283892491485,20.15328000488921,20.14947583728897,20.14585680056832,20.142409693168755,20.13912253996239,20.135984453058825,20.13298551114547,20.130116654545855,20.127369593658543,20.124736728828324,20.122211080018634,20.119786224914915
0.006959999999999999,21.369844432619505,21.129391845686044,20.956061873041914,20.827011959945146,20.72785976936091,20.649562623419403,20.586287508269947,20.534148584657974,20.490474488461853,20.453375496266343,20.421480445907438,20.39377191254176,20.36947989614324,20.34801138301811,20.32890252245504,20.31178543269129,20.296364696759017,20.28240041646775,20.269695793055305,20.258087888829134,20.247440661077682,20.23763964366337,20.228587839966767,20.220202517767937,20.212412683595616,20.205157074528152,20.198382548046528,20.192042780969768,20.18609721049218,20.18051016640941,20.17525015548423,20.170289267748608,20.16560268119497,20.16116824636152,20.15696613618233,20.152978549453582,20.14918945858254,20.145584394096172,20.142150259811466,20.138875173698082,20.13574833036299,20.13275988180708,20.129900833683777,20.12716295475923,20.124538697655407,20.122021129269786,20.119603869521068
0.0072,21.333953621716947,21.10699054345956,20.940885149207777,20.81608984207524,20.719637962837776,20.643156159361155,20.581157826448173,20.529950014739004,20.48697534801782,20.450414844314185,20.418943075374948,20.391573222592033,20.367556382925365,20.346314461388125,20.32739439498292,20.31043625718197,20.295150600481506,20.281302076197214,20.268697401584927,20.25717639068964,20.246605179135056,20.236871043248897,20.227878393563927,20.21954564421263,20.211802743174427,20.20458920648761,20.197852540619174,20.191546966574286,20.185632380599575,20.180073501902147,20.174839169317007,20.169901757448937,20.165236689288943,20.160822027224214,20.156638128128353,20.152667351126397,20.148893808889515,20.145303155083436,20.141882401988095,20.138619763410443,20.135504518892766,20.132526895924563,20.129677967434734,20.1269495623014,20.124334186991465,20.12182495674847,20.119415534998925
0.0074399999999999996,21.29783459637646,21.084312968163225,20.925459644325052,20.80495819646244,20.711241847238544,20.63660414459338,20.575905539916544,20.52564712932497,20.483386570203688,20.44737644959505,20.416337701859185,20.389314587211636,20.36557965538577,20.34456999978723,20.325843551417687,20.30904849834665,20.293901486890327,20.28017181586714,20.267669796505825,20.25623805715734,20.24574496242433,20.23607957241747,20.227147738782286,20.218869050112648,20.21117441925709,20.204004160844768,20.197306446880006,20.191036056585016,20.185153357214066,20.17962346762179,20.174415567519524,20.16950232369,20.164859410719107,20.160465108586454,20.156299963124386,20.152346498188397,20.14858897058636,20.145013160541048,20.141606191821513,20.138356376758754,20.1352530822223,20.132286613325284,20.129448112182587,20.126729469497995,20.124123247124025,20.121622610038497,20.11922126642919
0.007679999999999999,21.261557641094857,21.06139625323325,20.909806931347685,20.793630567920374,20.702680459036838,20.629912903663637,20.57053524865372,20.52124338074739,20.479710814366577,20.44426240597791,20.413666005044135,20.38699737566081,20.36355084544491,20.342778945482365,20.3242507931379,20.30762284071824,20.292617945785015,20.279010147624383,20.266613425679328,20.255273282393183,20.244860359878814,20.235265541723564,20.226396153383735,20.21817298503166,20.210527937016717,20.203402141560314,20.19674445224754,20.19051022013561,20.184660295103654,20.17916020561122,20.17397948081889,20.169091087099652,20.164470957068776,20.1600975939053,20.15595173730391,20.152016080153714,20.148275027187935,20.144714488532404,20.14132170240918,20.138085082306137,20.13499408476517,20.13203909461731,20.12921132503825,20.12650273023989,20.12390592897353,20.12141413731525,20.1190211094461
0.00792,21.225191527260954,21.038277076132193,20.893948488844693,20.78212051249907,20.693962874507985,20.623088805081466,20.565051593193395,20.516742256590273,20.475950769822713,20.44107483262429,20.410929685948982,20.38462297524666,20.361471100354873,20.34094225883113,20.322616932758482,20.306159978525358,20.291300575374468,20.277817590945528,20.265528743385428,20.254282466203957,20.243951725418682,20.23442926614385,20.225623919066177,20.21745770204887,20.209863524776704,20.202783355426675,20.1961667446931,20.189969628667416,20.18415335112787,20.17868385981355,20.173531041672685,20.16866816988506,20.16407144136563,20.159719587961355,20.15559354801549,20.151676187654,20.147952063238627,20.144407218070878,20.14102900772644,20.137805949428184,20.13472759168795,20.13178440110747,20.128967663761912,20.126269399021957,20.123682284022976,20.12119958727861,20.118815110173454
0.008159999999999999,21.188803311500436,21.01499157011986,20.87790565448759,20.77044157094939,20.685098193482972,20.616138250764504,20.55945924742126,20.5121472745671,20.472109152085263,20.437815871127846,20.408130464703802,20.382192789555656,20.35934158126821,20.33906091210379,20.320942793147086,20.304660614860488,20.289949981565478,20.276594672022178,20.264416209786937,20.253266013571356,20.243019417534086,20.233571064705693,20.22483132113051,20.216723457458816,20.20918141373882,20.20214801182056,20.1955735145147,20.189414455722027,20.183632684046774,20.178194575895745,20.173070384105507,20.168233695680833,20.163660977940204,20.15933119672662,20.15522549369909,20.15132691232236,20.147620164203204,20.144091429017017,20.140728182529575,20.137519048221318,20.1344536688234,20.131522594719076,20.128717186684902,20.126029530868806,20.12345236424718,20.120979009085584,20.118603315160293
0.0084,21.1524581473436,20.991575243340534,20.861699582205155,20.758607244388788,20.676095524598637,20.609067666586952,20.55376291222832,20.50746197808765,20.468188699662477,20.43448768313476,20.405270078737004,20.37970823704307,20.357163462119466,20.33713588858161,20.319229206686447,20.30312546106858,20.288566777450004,20.27534192332642,20.26327629055766,20.252224334331064,20.242063799005976,20.232691260242543,20.224018648264842,20.215970510579933,20.20848183781232,20.201496322549676,20.194964954198863,20.188844876816198,20.183098454407265,20.17769250114485,20.17259764361396,20.167787789461723,20.163239682345445,20.15893252729008,20.154847673817095,20.150968346729282,20.147279416407155,20.143767202022822,20.14041930230361,20.137224449453864,20.134172382624545,20.131253737948686,20.12845995266892,20.125783181296264,20.123216222076373,20.12075245231577,20.118385771348166
0.008639999999999998,21.116219110833367,20.96806290538988,20.84535120324297,20.746630972399554,20.66696397225224,20.601883494213798,20.547967310181313,20.502689932655677,20.464192171550348,20.431092448554963,20.402350281472224,20.377170750066725,20.354937928897844,20.335168182002338,20.31747701484704,20.301555236414682,20.287151583044732,20.27405988340553,20.262109456719806,20.251157843043597,20.241085236803283,20.231790179312036,20.223186192479407,20.21519912370292,20.207765033573313,20.200828501820983,20.194341258396182,20.188261069423362,20.18255082452949,20.177177784458443,20.17211295716043,20.167330577539172,20.162807671355548,20.158523687858505,20.154460188856675,20.150600584386257,20.146929907041383,20.14343461853735,20.14010244326867,20.136922224572967,20.133883800172057,20.130977893873865,20.12819602111411,20.125530406319687,20.12297391040469,20.120519966979987,20.118162526079825
0.008879999999999999,21.080147040586507,20.944488598195555,20.828881188737775,20.734526111710625,20.657712623797618,20.59459218303943,20.542077180238692,20.497834722285635,20.460122344732113,20.427632363774467,20.3993728410238,20.37458177391833,20.352666178917143,20.33315879600298,20.315687067757185,20.299950667749336,20.28570502502868,20.27274909667495,20.260916184479935,20.25006695886382,20.240084101978987,20.230868152113207,20.22233424904065,20.214409562038487,20.207031240223483,20.200144766208435,20.193702623896392,20.187663212954735,20.181989958492913,20.176650576334815,20.171616463166696,20.166862187557715,20.162365062964675,20.158104787757058,20.15406314033198,20.150223719749352,20.146571724166858,20.14309376081224,20.13977768238625,20.1366124457115,20.13358798918163,20.130695126160955,20.127925451967133,20.125271262462267,20.122725482598625,20.12028160352887,20.11793362710792
0.00912,21.04430039271596,20.920885531169255,20.812309913749512,20.722305915399325,20.64835053692139,20.587200182174826,20.53609727246262,20.49289994589502,20.455982011646427,20.424109639835308,20.396339538861252,20.371942765826017,20.350349420059466,20.331108743538827,20.31386022375175,20.298312489154565,20.284227736463237,20.27141011319535,20.25969695505037,20.248952105397272,20.239060769554094,20.229925512392537,20.221463116395068,20.213602093655588,20.206280699540127,20.199445334612598,20.19304924959589,20.18705148873338,20.181416022115815,20.176111028856976,20.171108301501647,20.16638274848586,20.16191197638048,20.15767593742505,20.153656630781803,20.149837848218393,20.146204956715124,20.14274471190335,20.13944509736175,20.136295185691356,20.133285018007957,20.130405499069596,20.127648305726144,20.125005806760377,20.122470992502713,20.120037412858792,20.117699122601095
0.009359999999999999,21.00873511091744,20.897286020786716,20.795657422856124,20.70998351267838,20.63888672724121,20.579713932511453,20.530032342747035,20.487889213687076,20.451773977635593,20.42052650059206,20.39325216844993,20.369255193934197,20.347988869997796,20.329019046283115,20.311997348903137,20.296641441573808,20.282720356497585,20.270043488436382,20.258452254458504,20.24781371054537,20.238015618391408,20.22896259734066,20.22057309608444,20.21277698941172,20.20551365581871,20.198730428213363,20.19238133645886,20.186426079962278,20.180829182929166,20.175559295671377,20.170588613464137,20.165892390602377,20.16144853201332,20.1572372484076,20.153240763763268,20.14944306613246,20.145829694485307,20.14238755566904,20.139104766643886,20.13597051802379,20.13297495564583,20.13010907745451,20.127364643443137,20.124734096766414,20.122210494442776,20.119787446315446,20.11745906114789
0.0096,20.973504511919945,20.873721434718085,20.778943397400877,20.697571889325882,20.629330156163263,20.572139858887112,20.523887147579426,20.482806143536884,20.44750105838366,20.416885180852706,20.39011253387423,20.36652053626586,20.34558575540181,20.326890734011,20.310099316537837,20.29493827242857,20.281183530061984,20.26864978302929,20.2571825733459,20.246652206341274,20.23694903106074,20.227979747481157,20.219664492653735,20.211934522876412,20.204730355809225,20.198000270416877,20.191699087472934,20.185787171687352,20.180229610145766,20.174995531962246,20.170057541761633,20.16539124547864,20.160974851461706,20.15678883334377,20.152815643842285,20.14903947076226,20.14544602813816,20.142022376765635,20.13875676942137,20.13563851690719,20.132657871728856,20.129805926764977,20.127074526724112,20.124456190549544,20.12194404322716,20.11953175569553,20.117213491758786
0.00984,20.93865918639822,20.850222140599136,20.76218712446818,20.68508386880858,20.61968971903208,20.56448436237588,20.517666438851933,20.477654357392133,20.443166077353098,20.413187924510517,20.38692244844866,20.3637402796717,20.343141311130562,20.324724843970955,20.30816700674116,20.293203735224132,20.279617907550925,20.267229562510252,20.255888406758846,20.245468028777893,20.235861393696826,20.22697730655264,20.218737613552836,20.211074970249037,20.203931048647185,20.197255086797483,20.19100270760032,20.18513495075616,20.179617474625378,20.174419894422087,20.16951523048533,20.164879445957638,20.16049105749464,20.15633080595174,20.152381376581143,20.148627160299846,20.145054049187564,20.14164926064053,20.13840118561736,20.13529925722264,20.132333836526026,20.12949611304232,20.126778017727318,20.124172146694615,20.12167169414623,20.119270393246747,20.116962463866635
0.010079999999999999,20.904246915346167,20.82681745950474,20.745407467651216,20.672532094142813,20.609974233602017,20.556753812722054,20.51137495873568,20.472437477698858,20.438771863227565,20.409436982672947,20.383683733321515,20.360915918769976,20.340656779415248,20.322522420246322,20.306201305852515,20.291438589146296,20.278024144497973,20.265783397055966,20.254570253931746,20.24426161762922,20.234753095851175,20.225955621385197,20.217792769033014,20.210198610271704,20.2031159857801,20.196495105035478,20.19029240372489,20.184469605772918,20.17899294883638,20.17383254121898,20.168961825082217,20.164357126130103,20.159997274031248,20.15586328101142,20.151938068523712,20.148206233846025,20.1446538499899,20.141268293523183,20.138038095881917,20.134952814527708,20.13200292093658,20.129179702915707,20.126475179159904,20.123882024299533,20.12139350297041,20.119003411666405,20.116706027325762
0.01032,20.870312601814714,20.80353562415847,20.728622839662794,20.659929010531407,20.600192428856566,20.548954540936,20.505017434630933,20.467159123861045,20.43432124736767,20.405634611792717,20.380398216075267,20.358048954880395,20.33813340903483,20.32028451310933,20.30420310595318,20.289643598650947,20.276402901243742,20.264311861212807,20.253228618064508,20.243033416266172,20.23362453033869,20.224915041772004,20.21683027203894,20.209305724138027,20.2022854208901,20.195720554851217,20.189568384595955,20.183791327050365,20.178356206814474,20.17323363196109,20.168397472324518,20.163824421308192,20.15949362611808,20.155386374344893,20.151485827178576,20.147776791395827,20.144245523731517,20.14087956241438,20.1376675815828,20.134599265048525,20.131665196483308,20.128856763596495,20.126166074273172,20.12358588297133,20.121109525946935,20.118730864098776,20.11644423240989
0.01056,20.83689821782607,20.780403741887007,20.71185117683005,20.647286848809735,20.5903529341987,20.541092832067832,20.498598574204262,20.46182290874239,20.42981706128572,20.401783071805767,20.377067729327415,20.355140894955024,20.335572454486968,20.31801217836958,20.30217330434831,20.28781953304787,20.27475484259834,20.262815533620707,20.251864006094962,20.241783871467668,20.23247609307994,20.223855920336877,20.21585043809688,20.20839659539832,20.201439609813193,20.19493166793615,20.188830860769148,20.183100306558913,20.177707424118836,20.17262332765878,20.167822320276912,20.163281467997074,20.15898023990443,20.154900202794952,20.15102476100036,20.147338933822272,20.143829164414623,20.140483155073948,20.137289724794805,20.134238685670578,20.13132073530455,20.128527362871328,20.12585076685662,20.12328378282105,20.1208198197955,20.11845280413144,20.11617712980905
0.010799999999999999,20.80404276618931,20.757447762304057,20.695109915503203,20.634617609729197,20.58046426903283,20.53317491817338,20.49212306052288,20.45643243521748,20.425262134144965,20.397884624280273,20.373694109334984,20.352193250508837,20.332975175156356,20.315706476718887,20.300112803044723,20.28596716608009,20.27308063749937,20.261294996732744,20.250476928467172,20.240513433227893,20.231308182939763,20.222778612398358,20.214853585199656,20.207471509861776,20.20057881045575,20.19412867788121,20.188080044544787,20.18239673787346,20.1770467777861,20.172001790684675,20.1672365182618,20.162728403864623,20.158457242615903,20.154404884202005,20.150554979369538,20.146892762858673,20.143404866841774,20.140079160007176,20.136904608287836,20.133871153928244,20.130969610145037,20.128191569094113,20.125529321230957,20.12297578445766,20.120524441702962,20.118169285790685,20.11590477062562
0.01104,20.771782256860437,20.734692449686776,20.678415970399094,20.621933049101695,20.570534832756397,20.52520697148526,20.485595547295386,20.45099129277908,20.420659290288288,20.393941530580488,20.370279194605704,20.349207536552264,20.330342834482444,20.313368473073915,20.298022508225703,20.284087275499967,20.271380958666494,20.25975083653128,20.249067898896353,20.23922255456027,20.230121201562806,20.221683475830908,20.2138400336889,20.20653075549608,20.199703282708533,20.193311820102892,20.187316149904103,20.1816808161182,20.17637444628242,20.171369184731926,20.16664021682285,20.162165367709584,20.157924762526502,20.15390053737956,20.15007659257086,20.14643838107965,20.14297272659914,20.13966766645005,20.136512315513897,20.133496747993302,20.130611894345765,20.127849451177088,20.12520180224021,20.1226619489811,20.12022344931722,20.117880363536116,20.1156272063696
0.011279999999999998,20.740149697413848,20.712161359986897,20.661785714891085,20.609244663824576,20.560572895177025,20.517195097800748,20.479020654227238,20.445503054207652,20.416011346800865,20.389956050048852,20.366824824518478,20.346185270527833,20.327676699128208,20.310999235918175,20.295903329724155,20.282180642642953,20.269656482253428,20.258183642241388,20.247637434131146,20.23791169129883,20.22891555320649,20.220570870923655,20.21281010613494,20.205574622324786,20.19881328835864,20.192481331767397,20.186539392443645,20.180952737909656,20.175690609453895,20.170725674770935,20.166033567687155,20.161592499428323,20.15738292892938,20.15338728208847,20.14958971177063,20.14597589188105,20.142532840038736,20.1392487643535,20.13611293059313,20.13311554666254,20.130247661832968,20.12750107858103,20.124868275243028,20.122342337974548,20.119916900740364,20.11758609225458,20.11534448895322
0.011519999999999999,20.709175097121797,20.68987682239998,20.645234963248498,20.59656367880129,20.55058658736883,20.509145330096683,20.472402962498464,20.439971272308547,20.411321111110873,20.38593043820949,20.36333283795557,20.343127971252883,20.324978038151546,20.30859983664454,20.293756180495034,20.280248051999962,20.267907887498094,20.256594006042302,20.246186053713718,20.236581301897427,20.227691644571884,20.21944116023712,20.211764127214764,20.20460340232289,20.197909090999698,20.191637451713095,20.18574998930807,20.180212701298267,20.17499544847558,20.17007142700472,20.165416723726036,20.161009939980378,20.156831872106487,20.152865239010097,20.149094448992958,20.145505399458877,20.14208530425971,20.138822544366764,20.135706538298972,20.132727629344547,20.129876987106353,20.12714652130475,20.1245288061033,20.122017013496052,20.119604854521164,20.11728652725347,20.115056670684968
0.01176,20.678885484074577,20.66785992539856,20.628778954820827,20.58390103476928,20.540583892979676,20.50106362238066,20.465747010370492,20.434399476721964,20.406591378632037,20.381866944995934,20.359805071948802,20.340037157870007,20.3222481221807,20.306171348899486,20.291581976088054,20.278290290789155,20.26613585637168,20.254982522777368,20.244714279738297,20.235231847227293,20.226449884632906,20.21829470845824,20.21070242358836,20.203617389310757,20.196990955940553,20.190780420371535,20.184948159121568,20.179460905708616,20.174289145799257,20.16940660882313,20.164789838914796,20.16041783135295,20.156271723297184,20.152334529718527,20.148590917095078,20.145027008787356,20.141630217088807,20.13838909781998,20.135293224042627,20.132333076045796,20.129499945226634,20.126785849873922,20.12418346118014,20.121686038069534,20.11928736964704,20.11698172425349,20.114763804263085
0.011999999999999999,20.6493049347167,20.646130507118958,20.61243234015435,20.571267377043064,20.53057263999907,20.492955843786604,20.459057288928225,20.428791170810282,20.401824930451493,20.377767813005764,20.356243360341644,20.33691434880693,20.319488222594988,20.303714847930095,20.289381634121565,20.276308148527814,20.26434107322716,20.253349789663126,20.243222636608543,20.23386379037329,20.225190684464167,20.217131882254073,20.209625323773665,20.202616878846815,20.196059150112646,20.189910479687246,20.184134121918117,20.17869755187857,20.17357188510012,20.16873138875601,20.16415306829147,20.1598163165245,20.155702614665998,20.151795276651942,20.14807922974192,20.144540825596284,20.14116767706015,20.137948516706082,20.13487307385685,20.131931967356138,20.1291166118025,20.12641913532938,20.123832307317368,20.121349474675313,20.118964505535477,20.116671739380948,20.11446594276861
0.01224,20.62045461512371,20.624707149976757,20.596209169021975,20.558673045176878,20.52056049299486,20.48482777292184,20.452338237962916,20.4231498286269,20.39702453106606,20.373635275784494,20.352649532469243,20.3337610607472,20.316699610712007,20.30123140993477,20.287156073758368,20.274302416605064,20.262524224447873,20.25169640599795,20.24171165079418,20.232477596429277,20.223914457067767,20.215953050124384,20.208533158020487,20.20160216811907,20.195113941976366,20.189027873036473,20.183308099070725,20.177922841797447,20.17284385122257,20.16804593642552,20.163506567914734,20.159205539427475,20.15512467926959,20.151247603083284,20.147559501379952,20.144046956347648,20.140697783394327,20.13750089366207,20.134446174379153,20.131524384433682,20.128727062977035,20.126046449214883,20.123475411832437,20.121007386740136,20.118636322025054,20.11635662915961,20.114163139658025
0.012479999999999998,20.592352833300534,20.60360717937257,20.580122880340447,20.546128063548217,20.51055494582497,20.4766850924718,20.445594242000826,20.417478891970504,20.39219292616989,20.369471556140997,20.349025411857973,20.33057880761312,20.313883556982425,20.298722111418506,20.28490621518415,20.272273887855917,20.260685998096637,20.250022972870685,20.240181850587298,20.231073732292842,20.22262161719941,20.214758582253435,20.207426258183478,20.200573555835806,20.194155601426477,20.188132845145063,20.182470313219834,20.17713697864333,20.172105230125165,20.16735042249765,20.162850494821086,20.158585644910424,20.154538051023074,20.150691633090233,20.147031847210396,20.14354550821172,20.140220635976977,20.137046321949814,20.13401261283453,20.131110408989237,20.12833137541367,20.1256678635644,20.123112842504998,20.120659838126794,20.118302879366023,20.11603645050218,20.113855448755505
0.012719999999999999,20.56501510174536,20.582846666337794,20.56418629394309,20.533642132860393,20.500563314828888,20.468533384067648,20.438829626482065,20.411781767528097,20.387332840496164,20.365278864496496,20.34537281494619,20.327369099562127,20.311041330193326,20.296188028553626,20.282632979089286,20.27022335613729,20.258827083565894,20.248330092869665,20.238633765858573,20.22965266645977,20.221312581193967,20.21354885036115,20.206304957594494,20.19953134211551,20.19318439969683,20.18722564200558,20.181620988200947,20.176340166719697,20.17135620882491,20.166645018633055,20.16218500698137,20.15795677869939,20.15394286466571,20.150127491524636,20.14649638316192,20.143036589042566,20.139736335336824,20.136584895436275,20.13357247701764,20.130690123270284,20.12792962628171,20.125283450889064,20.12274466756504,20.12030689312339,20.117964238210554,20.115711260701428,20.113542924244868
0.01296,20.5384542094932,20.56244043395923,20.548411604170628,20.521224622559416,20.490592732502105,20.460378123421137,20.432048654093546,20.406061824110076,20.382446975715244,20.36105939726903,20.341693549827646,20.324133441997827,20.308174196681062,20.29363023654662,20.280337286154527,20.26815161590646,20.256948171229276,20.246618369792504,20.237067927813833,20.228214868818448,20.219987766790826,20.212324227553907,20.205169590934414,20.198475828376274,20.192200609264468,20.186306510793855,20.180760348971717,20.175532611391432,20.170596975340924,20.16592989743736,20.161510263256744,20.157319087358815,20.153339255726074,20.14955530398144,20.14595322586284,20.14252030735314,20.139244982623282,20.13611670857337,20.13312585527469,20.13026361004457,20.127521893241482,20.124893284163697,20.122370955680672,20.11994861643225,20.117620459602673,20.115381117421034,20.11322562066121
0.013199999999999998,20.512680302830148,20.542402067412148,20.53281037523837,20.508884564159082,20.480650141656625,20.452224675731674,20.42525552126068,20.400322389981195,20.377538008392584,20.35681533529608,20.337989415019745,20.32087333459751,20.305283419555174,20.291049809012478,20.278020056541816,20.26605946180299,20.255049952095508,20.244888408357404,20.235484868751556,20.226760810444866,20.218647592959552,20.21108508817541,20.204020494104977,20.19740731722509,20.19120450375357,20.185375699785272,20.179888621538698,20.17471451902055,20.169827718637844,20.16520523241112,20.16082642335433,20.156672718252143,20.15272736048697,20.148975196767314,20.145402492613016,20.141996772290074,20.138746679583804,20.135641856377557,20.13267283648498,20.129830952583436,20.127108254429274,20.124497436813144,20.121991775945737,20.119585073158625,20.11727160496797,20.11504607868621,20.112903592882375
0.013439999999999999,20.48770097385305,20.522743927418325,20.517393538349637,20.49663064548901,20.470742290094247,20.444078291393986,20.418454354824796,20.394566750312094,20.372608588028537,20.352548842315233,20.334262198274622,20.317590270372268,20.302370257947967,20.28844781736978,20.27568220940225,20.2639476882451,20.253133117474782,20.243140813925383,20.23388512183005,20.22529096340625,20.2172924797333,20.209831807664656,20.202858004107064,20.196326112353063,20.190196357844897,20.184433458276185,20.179006032888935,20.1738860969064,20.169048628573403,20.164471197903744,20.160133647786616,20.156017819505934,20.152107315953643,20.148387296872453,20.1448443013588,20.14146609361135,20.138241528543958,20.135160434412054,20.13221351004498,20.12939223464758,20.12668878844453,20.124095982700798,20.12160719786948,20.119216328801446,20.11691773610529,20.11470620287621,20.112576896122196
0.01368,20.463521356039497,20.503477166920746,20.50217139048411,20.484471205837494,20.46087572577912,20.435944101998373,20.411649208900606,20.388798144746882,20.36766133517633,20.348262063499668,20.330513675430083,20.31428573475721,20.29943596628747,20.285825330254475,20.273324662399386,20.26181708903899,20.251198358656097,20.241376192231982,20.232269220842944,20.22380580057211,20.215922848048937,20.208564762419975,20.201682458924523,20.195232518435752,20.189176447189922,20.183480036509707,20.178112810925594,20.17304755322968,20.16825989584959,20.16372796907079,20.159432097834028,20.155354539977,20.151479259824843,20.14779173194509,20.144278770670525,20.140928381666413,20.137729632389846,20.13467253877124,20.13174796585456,20.128947540474815,20.126263574339024,20.123688996119004,20.12121729136807,20.1188424492458,20.116558915180065,20.11436154871847,20.112245585925344
0.013919999999999998,20.44014422598959,20.484611750778935,20.487153594779787,20.4724142319427,20.451056792475125,20.427827116594607,20.404844061888056,20.383019765063676,20.36269883961725,20.343957124029465,20.326745609283176,20.310961204715994,20.296481793579403,20.28318341293923,20.270948331235786,20.259668456989786,20.249246366585336,20.23959514911904,20.230637699994332,20.222305795424614,20.214539119586284,20.207284329662045,20.200494197406943,20.1941268410324,20.188145048323896,20.182515685600425,20.177209184402546,20.172199096995428,20.16746171196283,20.16297572183032,20.15872193550658,20.15468302921864,20.15084333046309,20.14718863026522,20.143706019719268,20.140383747375584,20.137211094549823,20.13417826606446,20.13127629430257,20.12849695476728,20.125832691605478,20.12327655177892,20.12082212675556,20.118463500754885,20.116195204717172,20.114012175282248,20.111909718161662
0.014159999999999999,20.41757011050351,20.46615647829649,20.47234918245313,20.46046735481712,20.441291625845476,20.419732218220243,20.39804281364022,20.377234752929684,20.35772365859435,20.339636127699663,20.322959748487147,20.30761814786022,20.29350898269854,20.280523126758514,20.268554129183013,20.25750258351441,20.247277831544082,20.237798290266532,20.22899109367346,20.220791421868245,20.21314171660642,20.20599088729588,20.199293559151304,20.193009386484032,20.18710243857776,20.18154065745796,20.176295382857816,20.1713409379749,20.166654269153096,20.162214632818195,20.158003323504552,20.15400343744596,20.15019966686399,20.146578120717408,20.143126168252728,20.13983230220864,20.13668601897546,20.133677713399038,20.130798586251693,20.12804056267791,20.125396220165488,20.122858724799745,20.120421774734268,20.118079549961433,20.11582666759327,20.113658141971754,20.111569349020062
0.0144,20.39579739816723,20.44811900838828,20.457766556199537,20.44863784738952,20.431586150011793,20.41166416069481,20.391249282789502,20.371446197753066,20.352738315106656,20.335301155566803,20.31915782647308,20.3042580215848,20.290518769690348,20.27784552854031,20.26614296661568,20.25532025825678,20.245293442829723,20.235986220924865,20.22732993622938,20.219263154038998,20.211731061789315,20.204684813771994,20.198080884382716,20.191880461810563,20.186048895989025,20.18055520470951,20.17537163654606,20.17047328664651,20.165837760352062,20.16144487934249,20.15727642517826,20.153315915500322,20.14954840862474,20.145960332762865,20.142539336570398,20.139274158162678,20.13615451012179,20.133170978362667,20.130314933022714,20.127578449796356,20.124954240356896,20.122435590697393,20.120016306384624,20.117690663858564,20.11545336702859,20.11329950851882,20.111224535001902
0.014639999999999999,20.374822454632458,20.430505887191444,20.44341349501329,20.436932622946458,20.421946074568933,20.40362756568043,20.384467204234074,20.365657134633665,20.347745296265686,20.33095426463546,20.315341560397545,20.30088227222034,20.2875123830838,20.275151670045084,20.263715750550137,20.25312226870595,20.243293888437194,20.234159545648012,20.225654761745847,20.217721466113463,20.210307578071085,20.20336648794697,20.19685651383443,20.19074037460713,20.184984699211842,20.17955958062158,20.17443817637016,20.169596354135866,20.165012379130445,20.160666639337055,20.156541404487047,20.152620614813003,20.14888969591189,20.14533539641077,20.141945645497998,20.138709427739332,20.135616672926954,20.13265815900516,20.129825426378144,20.12711070213431,20.124506832920613,20.122007225372645,20.1196057931545,20.11729690979022,20.115075366578296,20.112936334975096,20.11087533291399
0.014879999999999999,20.354639740795594,20.41332257792227,20.429297160363188,20.425358234353673,20.412376892050503,20.39562692000888,20.377700226785947,20.35987054241428,20.342747051715914,20.326597486586156,20.31151265011744,20.29749233420355,20.284491043216217,20.2724425974127,20.261273384188478,20.25090939981757,20.241279854742825,20.23231886802782,20.223966103816764,20.216166832118045,20.20887168848103,20.202036288943624,20.195620788627338,20.189589432939783,20.183910127426397,20.178554039020927,20.173495233812073,20.1687103521551,20.164178319644556,20.15988009131437,20.155798425957556,20.151917687368194,20.148223669428443,20.14470344218894,20.14134521636132,20.138138223921356,20.135072612791216,20.13213935381965,20.129330158505365,20.126637406110305,20.124054078986955,20.121573705098832,20.119190306848107,20.11689835544111,20.11469273012344,20.112568681703863,20.110521799861168
0.015119999999999998,20.3352419331038,20.396573492779776,20.415424103658008,20.413920874035814,20.402883875839073,20.38766657327432,20.370951910981727,20.354089341833987,20.33774599212065,20.322232826545996,20.307672777193094,20.294089629266605,20.281455961570817,20.269719350617986,20.25881676646824,20.24868243363922,20.23925202619065,20.230464790429874,20.2222644953225,20.214599725738502,20.20742381597871,20.200694596010987,20.194374050149065,20.188427945240704,20.18282546024771,20.177538834214968,20.172543040863083,20.167815492941536,20.16333577658225,20.15908541431775,20.15504765464135,20.151207285665354,20.14755047038033,20.14406460111395,20.140738170959494,20.137560660148687,20.134522435555493,20.13161466172328,20.128829221999222,20.126158648534076,20.1235960600615,20.12113510650907,20.118769919614458,20.116495068826275,20.11430552186149,20.11219660937147,20.110163993238537
0.015359999999999999,20.316620045243877,20.3802620266967,20.40180027493367,20.402626374691486,20.39347207851389,20.379750735690326,20.36422572705664,20.348316393784653,20.332744487714546,20.317862261903123,20.303823603920673,20.29067556564626,20.27840834012777,20.266982962935494,20.256346791618448,20.246442148939995,20.237211084981553,20.22859791373113,20.220550468207296,20.21302062013015,20.205964383291295,20.199341788384253,20.193116639932907,20.187256220203086,20.181730977634036,20.17651422091163,20.171581829953475,20.166911989195814,20.1624849451083,20.158282787872974,20.154289256072012,20.150489562681024,20.146870240442357,20.14341900466066,20.140124631537724,20.13697685029399,20.13396624747938,20.131084182037444,20.128322709844223,20.125674516590454,20.123132858010557,20.120691506583103,20.11834470393542,20.11608711828029,20.11391380629652,20.11182017893841,20.109801970723353
0.0156,20.298763550500837,20.364390592739262,20.38843103269256,20.39148021071914,20.38414633062816,20.37188347620929,20.35752505308207,20.34255449767167,20.327744866923915,20.313487741166092,20.299966772394765,20.28725153731355,20.275349370729376,20.26423446041401,20.253864348722416,20.24418932084474,20.235157710765623,20.226718837059753,20.218824553258084,20.211429987728863,20.20449381275131,20.1979782451449,20.191848899536673,20.186074566675813,20.180626959794964,20.175480454138896,20.170611833881846,20.166000054019552,20.16162602080928,20.15747239193944,20.15352339622171,20.149764671830145,20.146183121723666,20.142766784731354,20.13950472075958,20.13638690863777,20.133404155218745,20.130548014467553,20.127810715396276,20.125185097822882,20.12266455504622,20.12024298263375,20.11791473261346,20.115674572446075,20.113517648229045,20.11143945165008,20.109435790266627
0.01584,20.281660504107684,20.348960658958852,20.37532115482409,20.380487500327952,20.374911239906808,20.364068720901574,20.35085317326651,20.33680638987957,20.322749415055718,20.309111182869053,20.29610390360203,20.283818923224796,20.272280234460037,20.261474861361396,20.251370321287737,20.241924720473335,20.23309258033797,20.224828157537313,20.217087279884883,20.209828300063123,20.203012526135023,20.19660434508108,20.190571170421652,20.184883293558077,20.179513687099316,20.174437789164017,20.169633285744013,20.165079900852625,20.160759199638072,20.1566544068609,20.152750241457362,20.149032766926943,20.145489256732763,20.142108073624357,20.13887856167885,20.13579094984305,20.132836265802915,20.130006259082485,20.12729333236409,20.124690480116552,20.122191233711103,20.11978961229306,20.117480078759016,20.115257500263436,20.113117112745602,20.111054489027257,20.1090655100844
0.016079999999999997,20.26529766494537,20.33397278650103,20.36247485053467,20.36965300830682,20.365771190855064,20.35631025159135,20.344213276419307,20.33107474234298,20.317760373056068,20.304734474523595,20.292236596546672,20.280379086594603,20.26920210104154,20.25870517584022,20.248865586823925,20.2396491145854,20.231016367338402,20.222926470023662,20.215339175903054,20.20821602756731,20.201520944501645,20.19522046654856,20.189283793831784,20.183682709694025,20.178391439982967,20.173386481412585,20.168646418861737,20.164151743410176,20.159884677858,20.15582901331583,20.151969958496434,20.148294002145462,20.144788788342183,20.14144300400236,20.138246277711072,20.135189088929696,20.13226268661151,20.129459016293612,20.126770654790217,20.12419075168123,20.121712976862714,20.119331473498097,20.117040815777585,20.114835970957287,20.112712265207968,20.11066535285628,20.10869118864879
0.016319999999999998,20.249660615991665,20.319426668780764,20.349895773214584,20.358981149423492,20.356730344767197,20.348611704745494,20.33760845457651,20.325362161223207,20.31277993633882,20.30035947161797,20.288366427408384,20.27693337419143,20.266116128244242,20.25592640517465,20.2463510164281,20.237363265230748,20.228929741955202,20.221014366864765,20.21358076731764,20.20659363939642,20.200019488033455,20.193826987332173,20.1879871106732,20.182473123767604,20.17726049885668,20.1723267863875,20.167651466711227,20.16321579561936,20.159002651986754,20.154996392267535,20.1511827143624,20.147548531979727,20.144081859752795,20.140771708860377,20.137607992604654,20.134581441248443,20.131683525350972,20.128906386833574,20.126242777031784,20.12368600103375,20.12122986765757,20.11886864447646,20.11659701735652,20.11441005402561,20.11230317124218,20.110272105178993,20.10831288467878
0.01656,20.234733882959553,20.30532117153662,20.33758703416902,20.348475992425026,20.347792640124183,20.34097657061141,20.331041701787527,20.319671185690442,20.307810253684785,20.295987996664255,20.284494948733425,20.273483115656347,20.263023461314653,20.25313954146906,20.243827474379056,20.235067929405865,20.226833370633276,20.21909243764366,20.21181257810995,20.2049616032424,20.198508575877064,20.192424284508114,20.186681461394226,20.181254844197625,20.17612114401407,20.17125895958794,20.16664866285161,20.162272271555988,20.15811331874008,20.154156724913978,20.15038867633998,20.146796511203693,20.143368614457867,20.140094321493393,20.13696383041177,20.13396812245456,20.13109889003075,20.128348471734704,20.125709793740942,20.12317631698026,20.120741989535016,20.11840120373158,20.116148757451594,20.113979819227165,20.11188989672729,20.109874808282438,20.107930657130776
0.0168,20.22050105060897,20.29165437358134,20.32555121714041,20.338141264609973,20.33896179336837,20.333408192599187,20.324515913061187,20.31400428681142,20.30285342621185,20.29162183829407,20.28062368865935,20.270029622845463,20.25992523241985,20.250345567138694,20.241295817740113,20.232763858716826,20.22472791578696,20.217161268934845,20.210035130026615,20.203320385152264,20.196988625985956,20.191012734307066,20.18536718586601,20.180028179033258,20.174973655539766,20.17018325642842,20.165638240853344,20.16132138538104,20.157216874975333,20.15331019263747,20.149588011930145,20.146038094830914,20.14264919620684,20.139410975463793,20.136313915458967,20.133349248481327,20.13050888893929,20.12778537230726,20.125171799845056,20.122661788598204,20.120249426200825,20.11792923002771,20.11569611027331,20.113545336568972,20.11147250778391,20.10947352468837,20.107544565188963
0.01704,20.206944876260263,20.27842360807166,20.31379039354957,20.327980356942113,20.330241300042587,20.325909766903074,20.318033883469365,20.30836386654214,20.29791150641626,20.287262750403162,20.276754150173893,20.266574189196476,20.25682256010915,20.24754545445286,20.238756895971036,20.230451799048822,20.22261403551774,20.21522144406224,20.208248942371306,20.20167044934813,20.195460054964432,20.189592711978353,20.18404462326381,20.178793435849954,20.17381831321788,20.16909993215801,20.164620434226716,20.16036335127719,20.156313517634967,20.152456976954223,20.148780888804982,20.145273438074053,20.141923748968946,20.13872180456858,20.135658372317565,20.132724935513238,20.129913630619757,20.12721719011737,20.124628890526697,20.122142505218072,20.119752261610536,20.117452802374736,20.11523915027299,20.11310667629359,20.11105107076251,20.109068317142505,20.10715466825545
0.017279999999999997,20.194047400082574,20.26562550412592,20.302306138383514,20.31799632967507,20.32163443628069,20.318484342356886,20.311598307406154,20.302752256825066,20.29298649728504,20.28291245134525,20.27288781040836,20.263118089119793,20.25371654879348,20.244740165090917,20.236211550549342,20.22813249024261,20.220492383337053,20.21327354286097,20.20645453179927,20.20001225804938,20.193923277913076,20.188164591655216,20.18271411194913,20.17755092164597,20.17265539644083,20.168009241779778,20.163595476350448,20.159398383385355,20.155403443689988,20.151597259463816,20.147967474762424,20.144502696304258,20.141192416896615,20.13802694280636,20.134997325773842,20.13209529995902,20.129313223845564,20.126644026964815,20.124081161203378,20.121618556404957,20.119250579952634,20.11697200001279,20.11477795212871,20.11266390886618,20.110625652231604,20.10865924860367,20.106761025940273
0.017519999999999997,20.181790051776,20.253256028624612,20.29109954665875,20.30819191845674,20.313144260635926,20.31113482051748,20.305211778000217,20.29717171879004,20.288080351479593,20.278572623175325,20.269026119965925,20.259662577414566,20.25060828824269,20.2419306497114,20.233660614601302,20.225806665778162,20.21836360789448,20.21131814144316,20.20465241211488,20.198346271297062,20.19237870827594,20.186728746221334,20.181375989352752,20.176300942739513,20.171485184118666,20.166911439970566,20.16256360040051,20.158426695741344,20.154486850083426,20.15073122179864,20.14714793768093,20.143726025010412,20.14045534428881,20.137326524344253,20.13433090079909,20.1314604584245,20.12870777759573,20.12606598486059,20.123528707507152,20.121090031939932,20.118744465631526,20.116486902396662,20.114312590730993,20.112217104961427,20.110196318965695,20.108246382232704,20.10636369805118
0.017759999999999998,20.170153753311364,20.24131052803565,20.28017125038977,20.298569540882227,20.304773616233305,20.303863955970183,20.298876786677745,20.291624442057977,20.283194970590188,20.274244910942546,20.265170502285095,20.256208888709956,20.24749885310126,20.239117847534597,20.23110491254286,20.22347505246569,20.21622835271147,20.20935581196787,20.202843094072293,20.196672946780648,20.190826757689482,20.185285547178694,20.180030591858753,20.175043804666654,20.17030795458886,20.16580678100109,20.161525039279166,20.157448502212663,20.153563933673905,20.149859045573375,20.146322445474116,20.14294357975832,20.13971267555421,20.13662068348465,20.13365922251951,20.130820527685295,20.128097401030058,20.125483166004365,20.12297162526403,20.12055702180125,20.118234003250333,20.115997589180072,20.113843141168395,20.11176633545028,20.109763137933083,20.107829781381263,20.10596274458332
0.018,20.159119017436456,20.22978377011368,20.26952143599366,20.289131303463847,20.296525133231494,20.296674356849703,20.29259572287316,20.286112544146167,20.278332204461094,20.269930922032852,20.261322353038537,20.252758236931925,20.244389302422537,20.236302685938835,20.22854525973076,20.221138370144327,20.214087255920813,20.20738712241543,20.20102708517949,20.194992739667327,20.189267835833455,20.183835364516895,20.17867825468965,20.173779812080046,20.16912398552679,20.16469551865655,20.160480025544327,20.15646401643551,20.152634891179304,20.148980912334476,20.145491166045403,20.14215551614989,20.138964555174372,20.135909554631873,20.13298241618604,20.13017562465942,20.127482203464247,20.12489567276175,20.12241001047326,20.12001961614541,20.11771927759359,20.115504140199775,20.113369678712925,20.111311671386552,20.109326176283556,20.107409509580446,20.105558225708744
0.01824,20.148666041701578,20.218669985336486,20.259149862066586,20.27987900898819,20.288401231580124,20.289568485569486,20.28637087388391,20.280638069973133,20.27349385058491,20.265632225560136,20.25748303956642,20.249311814794734,20.2412806792209,20.23348608006973,20.225982462123145,20.21879733138776,20.211940950011204,20.205412636365466,20.19920488950494,20.19330610243324,20.18770235028311,20.1823785665834,20.17731931179211,20.17250926864796,20.16793355385627,20.16357790615713,20.15942879133877,20.15547345175157,20.151699919120166,20.148097003509406,20.144654267242316,20.141361989781892,20.13821112766647,20.135193272258448,20.13230060714372,20.129525866379442,20.12686229434452,20.124303607641185,20.121843959286196,20.119477905287813,20.117200373609492,20.115006635459277,20.11289227880507,20.110853183993136,20.108885501335674,20.106985630529085,20.105150201765593
0.01848,20.138774797800234,20.207962908021262,20.249055877509065,20.270814164249355,20.280404124064347,20.282548659750947,20.2802044248597,20.275202991452332,20.268681653554868,20.26135035179454,20.253653900332708,20.245870793305787,20.23817401003066,20.230668932451767,20.223417315939397,20.216452641206942,20.209790061567528,20.203432912769685,20.197377007478458,20.191613484688485,20.186130706355037,20.1809155199473,20.17595409571622,20.17123247694699,20.166736935653905,20.162454196072513,20.15837156831347,20.15447702113905,20.15075921375753,20.147207500350422,20.14381191680557,20.14056315619974,20.137452537541225,20.134471970866713,20.131613920796614,20.128871369960347,20.126237783218123,20.1237070732668,20.121273567981287,20.11893197967969,20.116677376388566,20.114505155109104,20.112411017035477,20.110390944644998,20.108441180560945,20.10655820807899,20.104738733244332
0.018719999999999997,20.129425116062453,20.1976558169674,20.239238439927632,20.261937988128015,20.272535819626963,20.27561705335286,20.27409845893082,20.26980920718148,20.26389730458252,20.257086791635317,20.249836244411647,20.24243632129068,20.23507030447818,20.227852132608074,20.22085060732469,20.214104996755115,20.2076352110116,20.20144850572391,20.19554393569041,20.189915332999856,20.18455330695028,20.179446589260078,20.174582937491564,20.16994973835142,20.16553440605005,20.161324640232937,20.15730858754753,20.15347493714044,20.149812971027533,20.146312583875222,20.14296428231506,20.13975917084823,20.13668892925786,20.133745784947564,20.13092248256992,20.128212252564662,20.12560877970117,20.123106172348724,20.120698932936616,20.118381929882627,20.116150371140016,20.113999779424763,20.11192596912445,20.109925024850035,20.107993281565943,20.10612730621822,20.104323880772068
0.018959999999999998,20.12059676497842,20.18774157544462,20.22969613421872,20.253251419971974,20.26479812695032,20.268775697996933,20.26805495747922,20.26445854223481,20.259142441090056,20.252842996138288,20.246031351014707,20.239009524948617,20.231970554877083,20.225036556698065,20.218283112028445,20.211755087043734,20.20547701235163,20.199459964247083,20.193706166696543,20.1882120907182,20.182970552401255,20.17797213711954,20.173206166505928,20.16866135292484,20.164326239131658,20.160189489641894,20.1562400794695,20.15246741179138,20.14886138647697,20.14541243480846,20.142111531136603,20.138950189022943,20.13592044717967,20.13301484893972,20.130226417872535,20.12754863136803,20.12497539344692,20.122501007653735,20.120120150602723,20.11782784654338,20.115619443168335,20.113490588785,20.111437210901663,20.10945549623015,20.107541872074613,20.10569298905452,20.10390570509703
0.0192,20.112269525668268,20.178212670411416,20.220427191270858,20.244755128244922,20.25719265828092,20.262026484480895,20.262075800547702,20.259152748055936,20.254418646376077,20.248620376097485,20.242240469057915,20.235591507438276,20.228875735846707,20.222223067172976,20.21571559509681,20.20940359266948,20.203316072940538,20.197467832067428,20.191864188828696,20.18650419781056,20.181382840322634,20.17649252393705,20.17182411038683,20.167367619314085,20.163112707847162,20.159048994390563,20.155166273780218,20.151454656550907,20.14790465520007,20.144507233524248,20.1412538303696,20.138136365822444,20.135147235530276,20.132279297189605,20.12952585206024,20.126880623525278,20.124337734114423,20.12189168197634,20.11953731747583,20.117269820369017,20.1150846778502,20.112977663650312,20.11094481828614,20.10898243050255,20.10708701991079,20.10525532079896,20.10348426707323
0.01944,20.10442326125039,20.169061250859205,20.211429506724485,20.23644951941108,20.249720833479657,20.255371164469995,20.256162767382374,20.253893502448708,20.249727449353394,20.244420301680055,20.238464816768992,20.232183348493837,20.225786803953657,20.219412512449342,20.21314881057917,20.20705118555242,20.20115299324317,20.195472647415798,20.190018486011308,20.18479209069717,20.17979056546627,20.17500810780813,20.170437094885823,20.166068834645632,20.16189408391336,20.157903403573965,20.15408739937711,20.150436882232956,20.14694297177636,20.143597159989678,20.140391346795532,20.13731785610127,20.13436943835057,20.13153926391187,20.128820910399355,20.12620834613697,20.123695911337713,20.121278298110237,20.118950530071405,20.11670794210242,20.114546160611695,20.11246108454172,20.110448867266477,20.108505899461292,20.10662879298095,20.104814365749768,20.103059627645308
0.01968,20.097037981094708,20.16027916518684,20.202700659731303,20.22833474702399,20.242383884280834,20.24881135235779,20.250317537103424,20.248682409663257,20.245070324357297,20.24024410211366,20.234705581333976,20.22878610407094,20.222704697376376,20.216605726600324,20.210583501248696,20.204698528685263,20.19898836661245,20.19347494282627,20.188169537583907,20.18307620209326,20.178194119580088,20.173519244386416,20.169045443765683,20.16476529442434,20.160670637724404,20.156752965208923,20.153003684280073,20.149414298939224,20.145976530209715,20.142682393709364,20.139524246827403,20.136494814423678,20.1335871994564,20.130794883150518,20.128111718031043,20.125531916216488,20.123050034695375,20.12066095882021,20.118359884898123,20.116142302498098,20.11400397690587,20.111940932019884,20.109949433881354,20.108025974959087,20.10616725925718,20.104370188276402,20.102631847833585
0.019919999999999997,20.090093899979497,20.151857997519343,20.194237931657867,20.220410720988546,20.235182858743077,20.24234852728712,20.24454168949909,20.243521000574397,20.240448691022717,20.236093065425422,20.230963918582702,20.225400806022304,20.219630335592512,20.21380352906482,20.208020398336863,20.20234627589378,20.196822779074456,20.19147524494396,20.186317818129456,20.1813569608558,20.176593891271114,20.17202628676102,20.16764947869043,20.163457292434654,20.159442638262824,20.15559792615379,20.151915355558856,20.148387115993355,20.14500552386856,20.141763113670994,20.13865269646003,20.135667395018245,20.13280066239691,20.130046288740708,20.12739839993611,20.12485145065762,20.12240021368064,20.120039766814443,20.117765478432222,20.11557299229839,20.113458212190572,20.11141728666447,20.109446594200296,20.107542728889317,20.105702486760382,20.103922852803805,20.102200988719314
0.020159999999999997,20.08357149219986,20.143789102893862,20.186038324680922,20.212677116966194,20.22811862587555,20.235984035322012,20.2388367059378,20.238410732949536,20.235863914228556,20.231968438231426,20.227240952712616,20.222028461802644,20.21656461908898,20.21100672437426,20.205460221281964,20.19999507160832,20.19465680912243,20.189474074340087,20.184463797308663,20.179634791835102,20.174990265872502,20.170529585337313,20.16624951911824,20.162145120644258,20.158210353012674,20.154438532029946,20.150822639262028,20.147355541876472,20.144030145427255,20.140839498291918,20.137776861221326,20.13483575173323,20.132009970413662,20.129293614271152,20.126681080900436,20.124167066202663,20.121746557671898,20.119414824717243,20.117167407092204,20.115000102209986,20.11290895190663,20.110890229053823,20.108940424304716,20.107056233168343,20.105234543543695,20.103472423796887,20.10176711143012
0.020399999999999998,20.07745154070333,20.136063641244778,20.178098580224873,20.20513338589397,20.221191880423017,20.229719091761353,20.233203970393113,20.233352991802995,20.231317304107492,20.22787142557581,20.223537776050343,20.218670054202594,20.213508429094453,20.208216101896994,20.202903677491474,20.197645550646406,20.192491027519747,20.18747194533433,20.18260793970023,20.17791011573136,20.17338362531472,20.169029487721126,20.164845882197277,20.16082906911019,20.156974047874762,20.15327502714517,20.149725760347486,20.146319784164096,20.143050586808705,20.13991172536681,20.136896906124413,20.134000037992784,20.131215266400435,20.128536993047188,20.125959885480977,20.123478879411042,20.12108917590373,20.118786235042208,20.11656576721397,20.11442372288082,20.112356281456343,20.110359839744927,20.108431000269217,20.106566559718026,20.104763497676156,20.103018965745218,20.101330277125626
0.02064,20.07171518135283,20.12867261012878,20.17041519719465,20.197778763589188,20.21440314779356,20.223554783585108,20.22764477057636,20.22834908983379,20.226810116119452,20.22380319081833,20.219855448850325,20.215326541111153,20.21046262733407,20.205432435600073,20.200351462118242,20.195298338006396,20.190325997111763,20.1854693658244,20.180750704647092,20.176183348956112,20.171774348000795,20.1675263386064,20.163438882664405,20.159509425887414,20.155733987084027,20.152107654418792,20.148624942614568,20.145280049464425,20.14206703912811,20.13897997201636,20.136012995620735,20.133160406753962,20.13041669286379,20.127776558054517,20.125234937972326,20.122787006628492,20.120428177438374,20.118154100165828,20.115960655026303,20.113843944877292,20.111800286182323,20.109826199253686,20.107918398143187,20.106073780448522,20.10428941722661,20.10256254314793,20.100890546983305
0.02088,20.066343942439516,20.121606876139325,20.16298444996032,20.190612280412402,20.207752789113066,20.217492072023937,20.22216029917155,20.223400267943692,20.222343551186878,20.219764855569295,20.216194999129904,20.21199885530638,20.207428055806137,20.202656483828378,20.197804257850432,20.192954048672146,20.188162272646583,20.1834668371229,20.17889254610857,20.174454903498646,20.17016280868572,20.16602047966634,20.16202883274685,20.158186476939925,20.15449043312902,20.15093665530867,20.14752040863774,20.144236543357973,20.14107969263799,20.138044414637015,20.1351252935541,20.132317010464597,20.129614391884356,20.127012441923576,20.124506362373893,20.122091563956722,20.1197636711377,20.11751852230149,20.115352166626796,20.1132608586619,20.111241051346635,20.10928938803549,20.10740269393265,20.10557796724133,20.103812370247816,20.10210322049885,20.100447982184523
0.02112,20.061319779588015,20.114857204968217,20.155802406052572,20.183632770962358,20.201241006390852,20.211531795243147,20.216751655167286,20.218507695832432,20.21791875588994,20.21575749967075,20.21255742254009,20.20868790427378,20.20440553658054,20.199888989100852,20.195262734715087,20.190613287428615,20.1860004006047,20.18146485380141,20.17703391251852,20.172725186797326,20.16854937835995,20.164512249447963,20.16061604206679,20.15686050605431,20.15324364667355,20.149762269740066,20.146412379701886,20.143189470338655,20.140088736674368,20.13710522885184,20.13423396311562,20.13147000102198,20.128808505078872,20.1262447768946,20.123774282357676,20.12139266722365,20.119095765635656,20.11687960347398,20.114740397958123,20.112674554571186,20.11067866211029,20.10874948646607,20.10688396358241,20.10507919193259,20.103332424760833,20.101641062271838,20.10000264390077
0.021359999999999997,20.056625106213815,20.108414290080304,20.148864943531347,20.176838883777744,20.19486784778122,20.205674671131916,20.21141984528036,20.21367247266687,20.213536822719703,20.21178216122269,20.20894368227134,20.205394570051997,20.201395871618566,20.197130677923695,20.192727549895217,20.18827664868836,20.18384091903744,20.17946390354177,20.1751752466494,20.17099460161589,20.16693442413704,20.163001983270192,20.159200817548893,20.15553179475586,20.151993886480472,20.14858473603634,20.14530107573921,20.142139033756226,20.139094359604236,20.136162589462415,20.13333916679967,20.130619529732407,20.12799917356298,20.125473694783327,20.123038821236637,20.12069043195418,20.118424569311212,20.11623744549436,20.11412544478477,20.11208512279408,20.110113203513055,20.108206574822706,20.10636228295848,20.10457752629664,20.10284964873961,20.101176132906357,20.09955459328012
0.021599999999999998,20.052242819707836,20.102268779974924,20.14216776799276,20.170229091021596,20.188633212926035,20.19992130018891,20.206165785465643,20.20889562782088,20.20919879038731,20.207839836653076,20.20535470899351,20.202119709105286,20.198399842613842,20.19438226062029,20.19019934756029,20.185944716328812,20.181684357414195,20.17746446699461,20.173316985482295,20.169263545924654,20.16531830914543,20.161490013125377,20.157783463330816,20.154200622227165,20.150741409337652,20.147404290851515,20.14418671526775,20.141085435760147,20.13809674877421,20.13521667040182,20.13244106636075,20.12976574727155,20.127186537914767,20.12469932694743,20.122300101933675,20.11998497334151,20.117750190261802,20.115592149935352,20.113507402670113,20.111492653350602,20.109544760453627,20.10766073326569,20.105837727830774,20.104073042029846,20.10236411009584,20.10070849679325,20.099103891433884
0.02184,20.048156323535693,20.096411304015387,20.135706429182424,20.16380169812537,20.182536858363882,20.19427216849552,20.20099030250697,20.20417812168271,20.20490564418716,20.203931480830413,20.20179140082926,20.198864152222292,20.19541821085407,20.191644431177714,20.187678758710003,20.183618063540322,20.179531236478407,20.17546701764498,20.17145956008286,20.167532412786638,20.163701392424333,20.15997666758435,20.156364280676634,20.15286726522926,20.14948646998606,20.1462211691047,20.143069515331533,20.140028877244873,20.137096090460446,20.13426764468874,20.131539822771348,20.128908803645718,20.12637073813907,20.123921804253563,20.12155824695122,20.11927640621899,20.11707273627723,20.11494381810713,20.112886366953962,20.110897236070933,20.10897341767012,20.10711204182014,20.10531037385612,20.10356581073468,20.101875876664053,20.10023821826077,20.098650599423465
0.02208,20.04434954544971,20.090832496814826,20.129476337186208,20.157554853370776,20.176578402991705,20.188727650767962,20.195894135683723,20.199520846526546,20.20065831641205,20.200058007217617,20.19825462336001,20.195628704440566,20.192451717103175,20.188917867109524,20.185166401031132,20.18129725268476,20.177382068112173,20.17347202168513,20.16960339548313,20.165801590248638,20.16208402882376,20.158462271704906,20.15494356789325,20.151531998025284,20.14822932105008,20.145035603916416,20.1419496914423,20.138969557796536,20.13609256981979,20.133315684382627,20.13063559618074,20.128048848153956,20.125551913632563,20.12314125704514,20.12081337834144,20.118564845032555,20.11639231481412,20.11429255103357,20.112262432730475,20.110298960574855,20.108399259720912,20.106560580358114,20.10478029656151,20.10305590390407,20.10138501618694,20.09976536156081,20.09819477824744
0.02232,20.040806952020002,20.08552302117364,20.123472778172342,20.151486557388758,20.17075733356537,20.18328801347987,20.190877938507843,20.194924627445012,20.196457686818203,20.1962202880658,20.194745209663683,20.19241414499632,20.189501081503586,20.186203229334673,20.182662878767403,20.178982835164707,20.175237355209497,20.171479937894357,20.16774891056923,20.164071461237153,20.160466568908635,20.156947146943796,20.153521620249734,20.15019509230665,20.146970212969954,20.14384782654678,20.140827457522946,20.13790767564108,20.135086370842195,20.132360960539987,20.12972854587479,20.12718602935099,20.124730203149582,20.1223578151108,20.120065617677035,20.117850403813684,20.115709032970845,20.113638449429008,20.111635694826486,20.109697916251605,20.10782237096581,20.10600642858101,20.104247571327694,20.102543392906025,20.100891596300933,20.099289990855354,20.09773648882884
0.022559999999999997,20.037513559697164,20.080473589570094,20.117690929661574,20.145594672556008,20.165073010225974,20.177953418046926,20.18594228052603,20.190390223339303,20.192304583138135,20.19241915464674,20.191263960383303,20.18922122729879,20.186567003498176,20.18350116207222,20.180168782602102,20.17667535130299,20.17309759155801,20.169491217525906,20.16589651797489,20.16234240345921,20.15884935886704,20.155431611072164,20.15209872989965,20.148856817121768,20.145709393936418,20.14265806633556,20.139703025852523,20.136843427593814,20.13407767630436,20.131403643171765,20.12881883023671,20.12632049501109,20.12390574476875,20.121571607653514,20.119315086022727,20.117133196152935,20.11502299746294,20.112981613675345,20.111006247780292,20.10909419224005,20.10724283554761,20.105449666002368,20.10371227337302,20.102028348968503,20.100395684522034,20.098812170203193,20.097275792002634
0.022799999999999997,20.03445494262327,20.075674984211716,20.112125875304873,20.139876932270713,20.159524672039236,20.17272392406541,20.181087649181997,20.185918327963744,20.18819978163926,20.18865539752257,20.18781164382563,20.18605067892871,20.18365016177155,20.180812292751625,20.177684689553352,20.17437533023254,20.1709632617292,20.167506304200803,20.164046623980763,20.160614789308028,20.157232740422515,20.15391597809446,20.15067518580627,20.14751743880728,20.144447109827514,20.141466550644147,20.13857660701292,20.13577700901036,20.133066667724645,20.13044390120182,20.127906606708795,20.125452392092736,20.12307867586037,20.12078276326047,20.11856190390728,20.116413335174045,20.11433431459908,20.112322143799737,20.1103741858208,20.108487877409285,20.106660737373954,20.104890371930864,20.103174477737603,20.101510843164572,20.099897348231895,20.09833196354684,20.096812748503453
0.023039999999999998,20.031617237410483,20.071118075660788,20.106772619150885,20.134330950090355,20.154111442535804,20.167599492596725,20.176314451733656,20.181509571021405,20.18414400772609,20.18492976685144,20.184388996088863,20.182903201660178,20.180751214210233,20.17813723193836,20.175211162881773,20.172083289796408,20.168834840976903,20.165525633808613,20.162199628419522,20.1588889857735,20.155617050750426,20.152400558170783,20.149251273670806,20.1461772209218,20.143183604147556,20.14027350479935,20.137448409837152,20.13470861373911,20.132053525319243,20.12948190242654,20.12699203175516,20.12458186670421,20.122249133054588,20.119991409873563,20.11780619129621,20.115690933508578,20.113643090257508,20.11166013945266,20.109739602847135,20.10787906033961,20.10607616009957,20.10432862545376,20.10263425926777,20.100990946397843,20.09939665466413,20.097849434699683,20.096347418953496
0.02328,20.028987145107063,20.066793840048135,20.101626099384383,20.128954228712956,20.148832335239003,20.162579989488883,20.171623017219463,20.17716451930722,20.180137936583833,20.181242972727645,20.180996721218666,20.179779471505636,20.177870797881628,20.17547657327481,20.17274875201075,20.169799736458142,20.166712795144523,20.163549634415425,20.16035592458698,20.157165354357844,20.15400262239875,20.150885657543018,20.147827275863825,20.144836424182525,20.1419191179686,20.139079152039447,20.136318641359622,20.13363843407532,20.131038427959886,20.12851781347581,20.126075260825704,20.12370906407032,20.12141725221059,20.119197674760905,20.117048067565342,20.11496610327138,20.11294942986323,20.110995699886686,20.109102592408856,20.107267829304067,20.105489187109043,20.103764505420756,20.10209169260098,20.10046872938834,20.098893670891073,20.09736464733354,20.095879863850843
0.02352,20.026551930569916,20.06269337486755,20.096681201497134,20.123744168767324,20.143686259154844,20.157665188717882,20.167013598462823,20.17288367789168,20.176182193859383,20.17759568555445,20.177635491392067,20.17668013878446,20.175009529033034,20.17283089343827,20.170297992461336,20.167525165224855,20.164597580583226,20.161578726181563,20.15851589916191,20.155444250998954,20.1523897832158,20.149371578467278,20.14640347136249,20.143495306407114,20.140653889876802,20.137883713464703,20.13518750677055,20.132566660719196,20.130021553135233,20.127551799777457,20.12515644832334,20.122834128502134,20.120583168388727,20.118401684491044,20.11628765147698,20.114238956038545,20.112253438367585,20.110328923937548,20.108463247688384,20.106654272252108,20.1048999015016,20.103198090429835,20.101546852152598,20.099944262660145,20.098388463812253,20.09687766496787,20.095410143559345
0.023759999999999996,20.024299419460387,20.058807913401985,20.091932770898044,20.118698077410166,20.1386720242209,20.15285477574584,20.162486374111726,20.168667491342482,20.17227735637723,20.17398853644709,20.17430594712677,20.173605828212686,20.17216800310822,20.170200752113615,20.167859405799483,20.165260059580675,20.162489644079,20.15961332128686,20.15667993213235,20.153726025999475,20.150778856282944,20.147858619150757,20.144980135691693,20.142154122459086,20.13938815592189,20.13668740799079,20.134055209373038,20.131493482736335,20.129003076914458,20.12658402552373,20.124235747573138,20.121957203368577,20.11974701582428,20.11760356490877,20.115525061157562,20.11350960282673,20.111555220229135,20.109659910006414,20.107821661484557,20.106038476794353,20.104308386076962,20.10262945881411,20.100999812103687,20.099417616530026,20.097881100143745,20.09638855095987,20.094938318299356
0.023999999999999997,20.022217993076485,20.05512883783323,20.087375624971127,20.11381317672946,20.1337883467122,20.148148350894154,20.158041450712158,20.16451634498277,20.168423952888844,20.170422117664398,20.171008697514235,20.17055713901225,20.169346794779877,20.167586691978848,20.165433499593696,20.163004891428724,20.16038942278672,20.157653823861676,20.154848396726695,20.15201102395979,20.14917015985064,20.14634707369133,20.143557540867533,20.140813124195187,20.13812214956838,20.135490452303618,20.132921950541373,20.130419087519254,20.12798317391177,20.125614653638568,20.123313310792117,20.12107843106857,20.11890892790174,20.116803441111365,20.11476041407571,20.112778154072863,20.110854879394847,20.108988756042482,20.107177926196492,20.105420530187573,20.10371472332139,20.102058688628833,20.100450646388882,20.098888861096146,20.097371646407666,20.09589736849462,20.09446444813856
0.024239999999999998,20.02029658122985,20.051647691070603,20.083004564576115,20.109086611943354,20.129033854595104,20.143545432725315,20.153678864810978,20.16043056618308,20.164622464853664,20.166896983067883,20.167744320475737,20.167534645039087,20.16654645799751,20.164989238703225,20.16302076738302,20.16076012104153,20.1582973441711,20.15570062992365,20.153021659349495,20.150299583714958,20.14756400727772,20.14483723201996,20.142135955343086,20.139472560414713,20.13685610164843,20.134293060815594,20.13178792968051,20.12934366074993,20.126962017251802,20.12464384574565,20.122389289059743,20.12019795300375,20.118069037129622,20.11600143742529,20.113993827020654,20.112044719614165,20.1101525192816,20.108315559525792,20.106532133807626,20.10480051931989,20.10311899539391,20.101485857638586,20.099899428684466,20.09835806622693,20.096860168921793,20.095404180575414,20.093988592982896
0.02448,20.01852465337011,20.048356187336825,20.078814384988526,20.10451545938461,20.12440709282051,20.13904546142713,20.14939858508402,20.15641042568426,20.16087332724981,20.163413648606948,20.164513363040538,20.16453889492964,20.1637675260504,20.16240890095776,20.160621688655127,20.158526197019732,20.156213825954488,20.153754127320056,20.151200079521935,20.14859203827553,20.14596070697394,20.14332937984575,20.14071564395652,20.13813267681081,20.13559024031632,20.13309544562331,20.130653344186804,20.128267386363426,20.12593977853593,20.123671762137214,20.121463832289106,20.119315909551805,20.117227475115772,20.11519767738335,20.113225416081068,20.11130940866853,20.109448242757963,20.107640417450344,20.105884375870033,20.104178530696185,20.10252128411275,20.10091104330462,20.099346232396574,20.09782530155006,20.096346733789265,20.094909050014127,20.093510812567562
0.02472,20.016892208152452,20.04524622155223,20.074799886277965,20.100096734261907,20.119906528548302,20.134647802193353,20.145200514485325,20.152456138948455,20.157176929412707,20.159972592829106,20.1613163416454,20.161570412265117,20.161010511645312,20.15984617043781,20.158236728834325,20.156303556258976,20.154139276071422,20.151814695675764,20.149384009826953,20.146888714772277,20.144360562345806,20.141823798603824,20.139296867881477,20.136793715923705,20.13432479100465,20.13189781646663,20.129518389409956,20.127190446512504,20.124916627809476,20.12269856174367,20.12053708919873,20.118432440040387,20.116384372543205,20.11439228370228,20.11245529662431,20.110572329815263,20.10874215212634,20.10696342630748,20.105234743488975,20.103554650423703,20.10192167094192,20.100334322772394,20.098791130649552,20.097290636441624,20.09583140688844,20.094412039421737,20.093031166448142
0.024959999999999996,20.015389761636776,20.04230987756067,20.070955883125304,20.095827398189993,20.115530556295408,20.13035174859498,20.141084492413437,20.148567867535586,20.153533615899732,20.156574257413833,20.15815374245454,20.158629695753014,20.15827590699848,20.157301521897523,20.155866339279378,20.154092623924843,20.15207409262983,20.14988270634674,20.147573795858982,20.145189934404716,20.142763871745604,20.140320765405875,20.137879884579817,20.135455917095918,20.13305997638221,20.130700380689238,20.128383258616164,20.12611302153338,20.123892733529846,20.121724402104025,20.119609207285148,20.117547682721643,20.115539859146462,20.113585378260815,20.111683583276054,20.109833590976162,20.10803434910536,20.10628468206953,20.104583327307672,20.102928964197922,20.101320236978047,20.099755772859243,20.098234196274475,20.096754140015364,20.09531425386287,20.093913211198927,20.092549713991815
0.025199999999999997,20.014008334298726,20.039539435242617,20.06727721408112,20.091704366481974,20.11127750300029,20.126156525936644,20.137050296890845,20.144745720502495,20.14994368737911,20.153219047728953,20.15502602169923,20.155717219425256,20.155564183941532,20.154775413195793,20.153510957290845,20.151893813435755,20.150018663878846,20.14795852237902,20.14576977617825,20.143496012393502,20.14117092842364,20.13882055299344,20.1364649477566,20.134119516429404,20.13179601631346,20.129503343200586,20.12724814295254,20.125035289912468,20.12286826253556,20.120749439337054,20.11868033279611,20.11666177474732,20.114694063688503,20.11277708207822,20.110910389900326,20.10909329939696,20.10732493481265,20.10560428017376,20.103930217492387,20.10230155728859,20.10071706293736,20.09917547004228,20.097675501797816,20.096215881112116,20.0947953401114,20.09341262752683,20.092066514368657
0.025439999999999997,20.01273943702417,20.036927376562563,20.063758750269425,20.087724515197742,20.10714563299728,20.122061294592843,20.13309764675279,20.14098975582218,20.146407401541193,20.149907333408205,20.15193360603615,20.152833432852454,20.15287579404095,20.152268285353554,20.151171006127843,20.149707526453625,20.147973368183045,20.14604249847306,20.143972282269587,20.141807257936613,20.13958202048371,20.137323429693875,20.135052307317384,20.132784746744672,20.130533127819742,20.128306906439292,20.126113231412713,20.1239574282542,20.121843380016234,20.119773828113313,20.11775061070451,20.115774852144522,20.113847113938128,20.111967515293287,20.110135829579967,20.10835156162915,20.10661400974788,20.104922315506606,20.103275503717683,20.101672514526033,20.1001122291429,20.098593490446422,20.097115119430278,20.09567592828933,20.094274730778373,20.092910350357865,20.091581626543093
0.025679999999999998,20.011575056249658,20.034466390599217,20.06039540354239,20.08388468794357,20.103133152894497,20.11806515331892,20.12922620384173,20.137299981820526,20.14292497403039,20.146639448948843,20.148876892923745,20.149978761373617,20.15021116873061,20.14978056262203,20.148846895033948,20.14753415288218,20.14593857400314,20.14413498095346,20.142181638505736,20.140123974169253,20.137997430841715,20.135829659379013,20.133642209327824,20.13145183754183,20.12927152504211,20.127111270337945,20.124978710803713,20.122879611249957,20.12081824948344,20.118797721627935,20.116820184682997,20.114887049792017,20.112999136647925,20.11115679714378,20.10936001459751,20.107608483512152,20.10590167377616,20.104238882388174,20.102619275151998,20.10104192028765,20.09950581551193,20.098009909832637,20.096553121055788,20.095134349810813,20.093752490744013,20.092406441406702,20.091095109265392
0.02592,20.01050763840197,20.032149377608,20.05718213409302,20.080181702418805,20.099238216349733,20.114167142532,20.125435575203813,20.13367635862798,20.139496579395956,20.14341569432802,20.1458562510156,20.147153606340787,20.14757071945709,20.14731265256172,20.146539019272115,20.145374070872798,20.1439146398829,20.14223630774392,20.140398162115037,20.13844645812753,20.136417437187394,20.134339501426496,20.1322348959755,20.13012101496357,20.128011419205848,20.125916632289368,20.12384476571403,20.121802011647983,20.119793032742535,20.117821271574243,20.11588919707932,20.113998501397226,20.11215025753278,20.11034504594641,20.108583056416457,20.10686417015586,20.105188026111755,20.10355407455704,20.101961620443454,20.100409858484678,20.09889790154353,20.097424803586335,20.09598957822066,20.094591213636544,20.0932286846149,20.091900962141345,20.090607021063313
0.02616,20.009530073780365,20.029969452166146,20.05411395753429,20.07661235670643,20.095458928739077,20.11036624755731,20.121725315284074,20.13011879964372,20.136122352059896,20.140236335636725,20.142872020570124,20.14435834537797,20.144954837837204,20.14486494613178,20.14424776016833,20.1432276468377,20.14190191444228,20.140346808347424,20.13862216315353,20.136775000715783,20.13484231194925,20.132853210683752,20.13083060553404,20.128792501760085,20.126753018586623,20.12472318711426,20.122711578482935,20.120724800224433,20.11876788986538,20.116844628118137,20.114957788892337,20.113109339473777,20.11130060124888,20.1095323790772,20.10780506566299,20.106118725923558,20.10447316530213,20.10286798515535,20.10130262770592,20.099776412549154,20.098288566306444,20.096838246706007,20.095424562122925,20.094046587412695,20.09270337671459,20.09139397377434,20.090117420233845
0.026399999999999996,20.008635680015267,20.027919945451092,20.051185951454386,20.073173435305048,20.091793351713463,20.106661401835538,20.118094928116808,20.12662717300985,20.132802387300288,20.137101605730116,20.13992451387559,20.141593332653795,20.14236389582745,20.142437817789553,20.141973485163863,20.141095235470367,20.1399007363766,20.13846680383148,20.136853944481345,20.135109886677593,20.133272322262513,20.131371037434594,20.129429572329453,20.1274665172559,20.125496528478294,20.123531127030297,20.12157932917103,20.11964814575545,20.117742979163996,20.115867939873322,20.114026099748738,20.11221969531969,20.110450291373347,20.10871891295243,20.107026152108105,20.105372254415208,20.10375718921232,20.102180706714208,20.10064238450534,20.099141665421133,20.09767788842708,20.096250313791977,20.09485814360181,20.093500538461765,20.092176631074384,20.090885537254092,20.08962636483506
0.026639999999999997,20.00781818522759,20.02599440670309,20.048393261458813,20.06986171490076,20.088239507638903,20.10305149008719,20.114543869508076,20.123201303093325,20.129536742248344,20.134011704893023,20.137014015689804,20.138858899167307,20.139798245904906,20.140031625599892,20.139716547875825,20.138977179772983,20.13791143446171,20.13659660681847,20.135093801743338,20.13345139457035,20.13170772994017,20.129893227368445,20.12803202670872,20.12614327731864,20.12424215116238,20.122340641622642,20.120448195532013,20.11857221499031,20.116718457165145,20.114891353877322,20.11309426788051,20.111329698996197,20.109599450384298,20.107904763009962,20.10624642465016,20.10462485845113,20.103040195009648,20.10149233113936,20.099980977846343,20.098505699536133,20.097065946077766,20.095661079035388,20.09429039312741,20.092953133772887,20.09164851142422,20.09037571325631,20.08913391267808
0.026879999999999998,20.007071711003015,20.024186603922846,20.045731106711322,20.06667396987809,20.084795383916553,20.099535351430067,20.111071549207196,20.11984097197327,20.12632543689754,20.13096680151945,20.134140783693432,20.136155353046274,20.13725822125915,20.13764671135404,20.137477288165893,20.136873811090833,20.13593432756498,20.13473652148086,20.13334202335396,20.131799796743426,20.130148791447063,20.128420021552138,20.126638195010592,20.12482299432966,20.122990085879124,20.121151917815844,20.11931835298566,20.11749717262563,20.11569447858584,20.113915015568313,20.112162430103044,20.110439479307157,20.108748199641553,20.10709004369113,20.105465991297848,20.103876640056015,20.10232227914875,20.100802949697187,20.099318494159103,20.097868596812823,20.096452816965197,20.09507061620738,20.09372138079052,20.09240443999229,20.091119081183702,20.089864562175606,20.08864012131915
0.02712,20.0063907552861,20.02249052385475,20.043194784986348,20.063606977569776,20.081458937179157,20.096111782446275,20.107677333064256,20.1165459209315,20.1231684551232,20.127967032804914,20.131305048956303,20.133482979857455,20.134744135994772,20.13528340069768,20.135256032216898,20.1347854491534,20.133969724662027,20.132886843541378,20.131598890486224,20.130155359319865,20.128595757876937,20.126951656404295,20.12524829953856,20.12350587715658,20.121740528800238,20.119965139847178,20.118189974592028,20.116423181280656,20.114671196309775,20.112939068762753,20.111230721794016,20.109549163779114,20.10789665936783,20.106274868423053,20.104684959153627,20.103127700443387,20.101603537356997,20.100112653000956,20.098655019286454,20.09723043864094,20.095838578319093,20.094478998648437,20.09315117629264,20.091854523413897,20.090588403453282,20.089352144117168,20.088145048051825
0.02736,20.00577017528962,20.02090037130574,20.040779677246686,20.060657523246167,20.078228097360913,20.09277954019543,20.10436054517087,20.113315851944048,20.12006574571097,20.125012505450528,20.12850701641574,20.130842042928194,20.132256285344113,20.132942003267924,20.13305309261714,20.132712402122046,20.132017924859053,20.131047860277864,20.12986467706475,20.1285183421815,20.12704887493249,20.125488363672215,20.12386255853605,20.122192131127715,20.120493673003203,20.118780489241356,20.117063231026908,20.115350401473556,20.11364876136466,20.11196365563383,20.11029927687292,20.10865887864197,20.107044948630534,20.105459349601475,20.10390343439753,20.102378140000376,20.10088406462016,20.099421530997454,20.097990638471316,20.09659130586945,20.0952233068811,20.093886299257953,20.092579848936168,20.091303449970106,20.090056541005577,20.0888385188886,20.08764874989929
0.027599999999999996,20.00520517050545,20.019410567849043,20.038481251760714,20.057822404845332,20.07510077163821,20.089537345170932,20.101120469981435,20.11015042917165,20.117017223392597,20.122103296377578,20.125746865366168,20.1282327836788,20.1297949458897,20.130622812838883,20.13086876845213,20.130654966644116,20.130079217420683,20.129219850532905,20.128139649762844,20.12688899895755,20.125508382908357,20.1240303704113,20.122481186163736,20.12088195800833,20.119249708447246,20.117598144786648,20.115938290558425,20.11427899159883,20.11262732290052,20.110988916690697,20.109368227781353,20.107768748810276,20.10619318532404,20.104643598574054,20.103121522271458,20.10162805827292,20.100163955168515,20.098729672953834,20.097325436344335,20.095951278794974,20.094607078893862,20.093292590483966,20.092007467614742,20.09075128522272,20.089523556276824,20.08832374599189,20.087151283606783
0.027839999999999997,20.004691265894333,20.018015749961272,20.03629506777427,20.055098437445842,20.072074848239012,20.086383884196405,20.097956354412396,20.107049280447153,20.114022769887548,20.119239453451634,20.123024749959196,20.125655421965075,20.127360375796048,20.12832610747553,20.128703345403594,20.128613427913304,20.128153881803144,20.127403084728005,20.126424068003466,20.12526757701655,20.12397451667693,20.122577898966966,20.121104392479005,20.119575555978763,20.118008821950852,20.116418282512374,20.1148153190249,20.11320910790573,20.111607028168848,20.11001499075854,20.10843770546398,20.106878897865148,20.10534148615258,20.103827725624175,20.102339327063856,20.100877553951317,20.09944330246323,20.098037167444833,20.096659496911855,20.09531043715043,20.09398997009037,20.092697944313112,20.091434100803777,20.090198094354008,20.088989511358484,20.087807884615483,20.086652705634126
0.028079999999999997,20.004224295323418,20.016710766640106,20.03421677875274,20.052482457484665,20.069148200119198,20.08331781325968,20.094867409917008,20.104011998757898,20.11108223494893,20.116420996214966,20.120340799713333,20.12311015643045,20.124952815050335,20.126052149695532,20.126557095855432,20.12658805973606,20.126242187692707,20.125597824882284,20.124718183964106,20.12365431746162,20.12244750567711,20.121131166958993,20.119732383417553,20.11827311961437,20.116771197170895,20.115241075667793,20.113694479813862,20.112140904477716,20.110588022502753,20.10904201495942,20.107507839350216,20.105989448036812,20.104489966613638,20.103011839955215,20.10155695209485,20.1001267248562,20.098722199183094,20.097344102340266,20.09599290354412,20.094668860093915,20.093372055683478,20.092102432260763,20.09085981655119,20.089643942157988,20.08845446798901,20.087290993626514,20.086153072148395
0.028319999999999998,20.00380038531221,20.01549067654811,20.03224213520864,20.04997132672239,20.066318688503696,20.080337760281342,20.091852814532913,20.101038143720842,20.10819543741208,20.113647916626118,20.11769512003243,20.120597164867014,20.12257248571153,20.12380118663871,20.124430279006486,20.124579124603937,20.124344395049278,20.12380432463562,20.123022242585485,20.12204945512903,20.120927573905863,20.119690387268363,20.118365360777126,20.11697483986735,20.115537014583406,20.11406669470241,20.112575933842376,20.111074533213092,20.109570449298015,20.108070124694017,20.10657875733667,20.105100520187825,20.103638740982,20.102196049675385,20.10077449970188,20.099375667924924,20.098000737211684,20.096650564792874,20.09532573896382,20.094026626197923,20.092753410355723,20.09150612536144,20.090284682468333,20.089088893031857,20.087918487545757,20.086773131563202,20.085652439016755
0.02856,20.003415939139774,20.01435074472435,20.03036698712752,20.04756193595575,20.063584166288255,20.077442327812925,20.088911714898135,20.098127243046942,20.105362166243,20.110920179804435,20.115087792731334,20.118116604584365,20.120219592167086,20.1215734502436,20.122323140989693,20.122586873771663,20.12246075415501,20.122022829276276,20.121336481584176,20.120453218590264,20.119414939912886,20.11825576802684,20.117003522203664,20.115680904050738,20.11430645146626,20.112895307248017,20.11145983953887,20.11001014380695,20.108554449995463,20.107099453624496,20.10565058577067,20.1042122337973,20.10278792229467,20.1013804617834,20.09999207122611,20.098624479198698,20.0972790076252,20.095956641226866,20.094658085235253,20.09338381343911,20.092134108249688,20.090909094159695,20.089708765721422,20.088533010967936,20.087381631037406,20.086254356627677,20.085150861799686
0.0288,20.00306762135865,20.01328643891051,20.02858728601259,20.045251208484764,20.060942481303954,20.074630095665018,20.086043228235198,20.095278793994275,20.10258218158634,20.108237724779315,20.112518876568355,20.115668612785925,20.11789432139703,20.119369157430782,20.120235914997387,20.120611547340626,20.120591505667726,20.120253575772626,20.119661131468877,20.118865830157212,20.117909816797958,20.11682751260888,20.115647061179548,20.114391495824176,20.11307968188345,20.111727078102138,20.110346352826266,20.108947883734317,20.107540164064332,20.106130133658315,20.104723449434594,20.103324706945823,20.101937622336468,20.100565182154746,20.099209766999355,20.097873253810196,20.096557100680716,20.095262417326794,20.09399002375385,20.092740499188398,20.09151422295866,20.090311408701325,20.089132133023245,20.08797635954583,20.086843959096555,20.085734726679014,20.084648395744416
0.029039999999999996,20.00275234275397,20.012293425534768,20.026899086566942,20.043036103340704,20.058391479445586,20.071899623464795,20.083246444302453,20.09249226480908,20.099855215812028,20.105600465243498,20.10998840778418,20.113253306952394,20.11559684324503,20.117188510292806,20.118168821412485,20.1186533743476,20.118736880678874,20.118496792808916,20.11799641556007,20.117287505890314,20.116412412210913,20.115405819625796,20.11429616701373,20.113106795181384,20.111856876670828,20.11056216921274,20.10923562710613,20.10788789823417,20.106527728986435,20.105162294932697,20.103797471530783,20.10243805630093,20.101087951626084,20.09975031552835,20.0984276863314,20.097122085971517,20.095835105804753,20.09456797802673,20.093321635235906,20.09209676020129,20.09089382751748,20.08971313852473,20.08855485062499,20.087419001924726,20.08630553197247,20.08521429922639,20.084145095778457
0.029279999999999997,20.002467245779705,20.011367565393382,20.02529854803034,20.040913618279653,20.055929007664,20.069249453141445,20.08052042731084,20.08976709615319,20.097180974559507,20.103008290309504,20.10749640064646,20.110870785231814,20.11332731069612,20.115031696290313,20.11612206794536,20.11671257285849,20.11689710077594,20.116752700824854,20.11634255001309,20.115718455609642,20.11492292835408,20.113990882922103,20.112951024833794,20.111826978439243,20.11063820342323,20.10940073966415,20.108127813243975,20.106830330294446,20.105517280241177,20.10419606579985,20.10287277366714,20.101552397103145,20.100239019402643,20.0989359654937,20.0976459274977,20.096371068962426,20.095113111582144,20.093873407499714,20.092652999708594,20.091452672608384,20.090272994393565,20.089114352652423,20.087976984308256,20.086861000835835,20.085766409523927,20.084693131422306,20.08364101650322
0.029519999999999998,20.002209690497942,20.010504909068203,20.023781935187827,20.038880792546973,20.05355291682264,20.06667811133818,20.077864217804542,20.087102702516354,20.09455913777827,20.100461065268288,20.105042847999407,20.108521126835686,20.111085860160703,20.112898888454165,20.11409584977617,20.114789350067024,20.115072378109186,20.11502151205901,20.11469974384447,20.114158882908846,20.113441561987248,20.112582891574,20.111611815579835,20.110552218228513,20.10942382648305,20.108242945664223,20.107023059555555,20.10577532063796,20.10450895129134,20.103231572812913,20.101949475843323,20.10066784315256,20.099390933612725,20.09812223447838,20.096864587727442,20.095620295119016,20.09439120574519,20.093178789147426,20.09198419650016,20.09080831190612,20.089651795478158,20.088515119582734,20.08739859937716,20.08630241857495,20.085226651212185,20.084171280055966,20.08313621218772
0.029759999999999998,20.00197724104135,20.009701692116668,20.022345619067334,20.036934709418123,20.051261064418863,20.06418411174971,20.075276834503953,20.084498473612097,20.091989360763556,20.097958632349208,20.102627721817676,20.106204392440667,20.10887261176434,20.11079024559321,20.112090349702466,20.112883902398128,20.11326291546258,20.11330343059589,20.1130681989615,20.112608985171903,20.111968504435062,20.11118202988998,20.11027871600025,20.10928268348616,20.108213906930178,20.10708894053273,20.105921511794296,20.104723007709246,20.10350287356975,20.10226894071258,20.10102769643758,20.099784506795974,20.09854380089792,20.097309223736072,20.09608376319201,20.09486985582263,20.093669475163118,20.092484205590164,20.091315304230402,20.090163752947703,20.08903030207771,20.087915507281664,20.086819760650663,20.08574331699515,20.08468631609407,20.08364880154672,20.08263073676243
0.03,20.00176765261387,20.008954330068892,20.020986077343352,20.035072498521696,20.049051317171003,20.061765957384264,20.07275727610964,20.081953775755768,20.089471275186156,20.095500811480413,20.100250973763902,20.10392062459528,20.106687669643087,20.108705912507432,20.110105738291768,20.110996415615887,20.111468906328795,20.111598652416628,20.111448110194985,20.111068953592607,20.110503941596807,20.10978847741357,20.108951898649277,20.108018539449258,20.10700860257336,20.10593887469094,20.104823313139743,20.103673527662362,20.1024991764667,20.101308292414473,20.100107552194206,20.09890249891459,20.09769772658283,20.096497033334927,20.095303548993815,20.094119841489164,20.092948005831854,20.091789738657084,20.09064640080137,20.089519069934276,20.08840858490549,20.087315583174917,20.08624053245498,20.08518375749963,20.08414546281521,20.083125751937647,20.08212464381314
0.030239999999999996,20.001578859039913,20.008259413264767,20.019699894463756,20.033291337950764,20.046921553472156,20.05942214274939,20.070304523066024,20.079467953223535,20.08700449011519,20.093087401048844,20.097912535749177,20.101669848131166,20.104531122243845,20.106646020206195,20.108142174038992,20.109127064935898,20.109690534988168,20.109907365453164,20.10983966533504,20.10953897319681,20.1090480539586,20.10840240892806,20.107631531886412,20.106759947650485,20.10580806794289,20.104792895652412,20.103728604187054,20.10262701434957,20.101497987318222,20.100349748997225,20.09918915821164,20.09802192891226,20.09685281466358,20.095685762146434,20.09452403915553,20.09337034155871,20.092226882864068,20.091095469376675,20.089977563388278,20.088874336406274,20.087786714073378,20.086715414140087,20.085660978616193,20.08462380103469,20.08360414960334,20.082602186889243,20.081617986575008
0.030479999999999997,20.00140896086786,20.007613701561986,20.018483761516592,20.031588456168848,20.044869665712188,20.057151155961005,20.067917539283602,20.07704032959119,20.0845885930329,20.090718178658943,20.09561232049587,20.099452070578394,20.10240304262946,20.10461068613126,20.106199803528433,20.10727601514185,20.107927976591483,20.10822974964582,20.108243045169928,20.108019222867263,20.107601016607838,20.107023994463347,20.10631777987754,20.10550706591514,20.104612454284695,20.103651148014993,20.10263752293757,20.101583599310967,20.10049943139513,20.099393429691244,20.09827262793117,20.097142904704274,20.09600916779682,20.09487550783468,20.093745326609685,20.09262144448552,20.091506190479553,20.09040147796756,20.089308868430713,20.088229625235012,20.087164759083837,20.08611506649905,20.085081162452994,20.084063508082824,20.083062434261777,20.082078161673184,20.08111081792665
0.030719999999999997,20.001256214029954,20.00701411894421,20.017334475853495,20.029961133717055,20.04289356246945,20.054951480775227,20.065595273818726,20.074670209051572,20.08222315084042,20.088392901889357,20.093350222102114,20.097267282584266,20.100303488788132,20.102600014384326,20.104278761600142,20.10544342070618,20.10618139724642,20.106565977004212,20.1066584235278,20.10650987537106,20.106162999249985,20.105653399304718,20.105010802597832,20.104260048359734,20.10342190955575,20.10251377345395,20.101550204790392,20.100543411765,20.099503631892883,20.098439451868202,20.097358073126262,20.096265532706724,20.09516688728918,20.09406636684604,20.092967503188643,20.091873237728315,20.090786011995895,20.08970784382951,20.08864039162403,20.087585008614493,20.086542788822104,20.085514606010484,20.08450114676958,20.083502938655975,20.08252037416301,20.081553731166263,20.080603190384355
0.030959999999999998,20.00111901905697,20.006457748056633,20.01624894048608,20.02840670472907,20.040991170574074,20.052821598542824,20.063336662510004,20.07235687770968,20.07990771085366,20.086111309046803,20.09112611660738,20.095115458335236,20.098232503946768,20.100614095958804,20.10237917152042,20.10362942591462,20.104450954107605,20.104916211671366,20.105085967321344,20.105011097389628,20.104734166227544,20.104290784003602,20.1037107558364,20.10301904539204,20.102236578420808,20.101380910716312,20.10046678253498,20.0995065785999,20.098510709922238,20.097487931031225,20.096445603892523,20.09538991782637,20.09432607308727,20.09325843439933,20.092190659614985,20.09112580774095,20.090066429819426,20.08901464553476,20.087972207911022,20.086940558053396,20.08592087154853,20.084914097862598,20.083920993848707,20.082942152288926,20.08197802624239,20.081028949844384,20.0800951560964
0.0312,20.000995910843006,20.005941824694403,20.015224163271448,20.026922558260857,20.039160437044828,20.05075999008617,20.061140629570478,20.070099604854416,20.077641801788328,20.083873119916348,20.08893986255852,20.092996555981404,20.09619011688797,20.098653008975514,20.100501145156272,20.101834164994457,20.102736795470083,20.10328060999091,20.103525836595175,20.10352304955118,20.103314676541245,20.102936304390276,20.10241779120258,20.10178420371268,20.101056602250463,20.100252695616337,20.09938738634479,20.098473224366007,20.0975207845007,20.096538980805782,20.09553532863826,20.09451616345111,20.093486823768103,20.092451804476365,20.091414885492263,20.090379239963404,20.089347525436526,20.0883219608196,20.08730439147382,20.086296344367337,20.08529907489117,20.08431360666601,20.08334076544492,20.08238120803283,20.08143544699197,20.0805038717767,20.07958676683746
0.031439999999999996,20.000885548952944,20.00546373226754,20.014257255902486,20.025506139442008,20.03739933090173,20.0487651374988,20.059006089134915,20.06789764420612,20.07542493473332,20.081678036507437,20.086791301575666,20.090910518063126,20.094176342270202,20.096716818922058,20.098644783153585,20.100057762246408,20.101039060866107,20.101659320577337,20.10197818457595,20.102045886465564,20.101904683873354,20.101590111588436,20.101132056133967,20.100555666318176,20.09988211912049,20.099129261032147,20.098312143771892,20.09744347126897,20.096533972544727,20.09559271293124,20.094627354075666,20.093644371440945,20.092649236530036,20.09164656981294,20.09064026929611,20.089633618813107,20.088629379405177,20.087629866576208,20.08663701572603,20.085652437671293,20.084677465838514,20.083713196446837,20.082760522777903,20.081820164448878,20.080892692454476,20.07997855061985,20.079078074003117
0.03168,20.000786708462726,20.005020996264214,20.013345432718317,20.024154950455838,20.03570584485679,20.046835525867756,20.056931946761598,20.065750235139056,20.07325660411161,20.079525743794882,20.084680258917484,20.088857271939325,20.09219118095087,20.094805578895574,20.09681017511876,20.098300332179836,20.099357881165094,20.10005248438914,20.100443157725135,20.100579756761523,20.10050433661309,20.10025235203165,20.099853693906006,20.09933357250542,20.09871326381249,20.098010736903454,20.097241179742618,20.09641743916385,20.095550388862755,20.09464923725315,20.09372178521262,20.0927746421195,20.09181340718419,20.090842821890256,20.089866898365784,20.088889027676622,20.08791207134685,20.086938438844797,20.08597015330513,20.085008907372266,20.08405611073245,20.08311293063989,20.082180326526018,20.0812590796021,20.080349818217382,20.079453039612332,20.078569128604506
0.03192,20.00069827132048,20.004611278732522,20.01248600934992,20.02286655135527,20.034077996885365,20.04496964491913,20.05491710088808,20.063656603878066,20.071136288627933,20.07741591045422,20.082606544045163,20.08683673021702,20.090234620311914,20.092919329848627,20.09499739980371,20.09656197965126,20.097693378676677,20.098460234804786,20.098920895794283,20.099124803126184,20.099113777884096,20.09892316748159,20.098582843643275,20.09811805787761,20.097550167815754,20.096897250230455,20.09617461655415,20.095395245550073,20.09457014614897,20.093708661716203,20.092818725345076,20.091907074266118,20.090979430146334,20.09004065092677,20.08909485889604,20.088145548901657,20.087195679938706,20.08624775280598,20.08530387606509,20.084365822162194,20.08343507526141,20.082512872082123,20.081600236819977,20.080698011055325,20.079806879407133,20.078927391568964,20.078059981263007
0.032159999999999994,20.00061921821481,20.00423237279912,20.01167640121535,20.021638560721748,20.032513831680856,20.04316599058725,20.05296044424055,20.06161596466873,20.06906345220249,20.075348189590773,20.08056995118463,20.08484879118166,20.088306634587596,20.09105810083791,20.093206525293876,20.09484280000589,20.096045667256636,20.096882697701417,20.09741153188285,20.097681162346827,20.097733145573898,20.097602695048117,20.097319640332284,20.096909254351566,20.09639295933042,20.095788925073762,20.095112573872132,20.09437700556726,20.093593354977852,20.092771092357832,20.091918276050087,20.091041765108425,20.090147398429256,20.089240145870466,20.08832423592942,20.087403263789426,20.086480282906066,20.08555788277347,20.084638255069258,20.083723250011012,20.082814424453705,20.081913083006228,20.0810203132367,20.080137015863283,20.07926393068349,20.078401658875475,20.077550682205096
0.0324,20.000548620934985,20.00388219724153,20.010914121878642,20.02046865617426,20.03101142199546,20.04142306650818,20.051060865196444,20.05962752092037,20.067037544890027,20.07332221946179,20.078570259886476,20.082893339227855,20.08640718519411,20.089221909275555,20.09143760919916,20.0931428792221,20.094414852415678,20.095319991536122,20.09591519249835,20.096248965354825,20.096362572365315,20.096291067211027,20.09606421483589,20.095707290166438,20.095241763271826,20.09468588255549,20.094055168729206,20.093362831991918,20.092620123799474,20.091836633302545,20.091020537179393,20.0901788103155,20.089317403635622,20.088441394391545,20.08755511334889,20.086662252587324,20.085765957015216,20.08486890218698,20.083973360583457,20.08308125816,20.082194222671074,20.08131362503437,20.08044061479331,20.079576150566826,20.078721026234,20.077875893483217,20.077041281257273
0.032639999999999995,20.000485635206683,20.003558791129272,20.010196781286,20.019354574735726,20.02956886986996,20.0397393854382,20.049217249100117,20.057690466321354,20.06505800378367,20.071337624191074,20.076607235583097,20.080970245290032,20.08453622106073,20.08741076118276,20.089690698847498,20.091462294058644,20.09280103143085,20.093772227429778,20.09443199761888,20.094828337271665,20.095002185769808,20.094988411843577,20.0948166939092,20.094512289893768,20.09409670127608,20.09358824086135,20.09300251552454,20.09235283523497,20.091650558935555,20.090905386756887,20.09012560685362,20.089318303991515,20.088489535951293,20.087644482875564,20.0867875738709,20.08592259448197,20.085052778066487,20.084180883605462,20.083309262069363,20.08243991311532,20.081574533602417,20.08071455917217,20.079861199941295,20.079015471187336,20.078178219768606,20.07735014690399,20.076531827841105
0.03288,20.000429493985795,20.003260308547425,20.00952208389231,20.018294113063835,20.02818430775553,20.038113470598205,20.047428479531447,20.055803985926175,20.06312425390286,20.069394014475563,20.074680630142538,20.079079367272712,20.082693678962162,20.085624651445457,20.087965831480897,20.08980111220445,20.091204293459523,20.092239509253293,20.09296206075787,20.09341939745707,20.093652108162633,20.093694852237647,20.093577200216952,20.093324374448894,20.092957891706817,20.092496115243883,20.09195472602426,20.091347123340103,20.090684764576284,20.089977453005083,20.08923358145709,20.088460338669954,20.087663884139108,20.086849496416953,20.08602169903876,20.085184367592575,20.08434082088767,20.08349389870058,20.08264602817811,20.081799280641757,20.080955420257716,20.080115945802792,20.079282126560834,20.078455033221232,20.077635564514384,20.076824470204983,20.076022370968374
0.03312,20.000379501192274,20.0029850134148,20.008887826690515,20.017285127553436,20.02685589953067,20.036543856944874,20.045693439527284,20.053967257213888,20.06123570906492,20.06749098828331,20.072790182418604,20.077220550479918,20.080879483851735,20.083863564071805,20.086263034453776,20.088159392430846,20.089624719655802,20.090721933716157,20.091505489030993,20.09202225955907,20.092312456819858,20.092410507130538,20.09234585235244,20.09214366110366,20.091825449663126,20.091409618026635,20.090911909362834,20.09034580198301,20.08972284277784,20.089052930405337,20.088344555633196,20.087605005308312,20.086840535533153,20.086056518813,20.08525756921645,20.084447648964645,20.083630159327708,20.082808018250454,20.081983726744127,20.081159425756713,20.080336944962188,20.07951784468128,20.07870345195528,20.077894891634656,20.077093113210406,20.07629891400383,20.07551295923633
0.033359999999999994,20.000335025865244,20.002731274407573,20.008291897156116,20.01632553431778,20.025581841416678,20.03502909237001,20.04401101275603,20.05217945111767,20.059391772739836,20.06562813154251,20.070935618796874,20.075393628043514,20.079093549195274,20.082127472451294,20.08458232543335,20.0865371847461,20.088062383289245,20.089219590457244,20.09006238322519,20.090637031566033,20.0909833439571,20.091135490733368,20.09112276485777,20.090970263500406,20.09069948698863,20.090328858609446,20.08987417204537,20.089348974471346,20.08876489346065,20.08813191538677,20.087458622280337,20.086752393283344,20.086019576033472,20.085265632558187,20.08449526358274,20.083712514563995,20.08292086625067,20.082123312133664,20.081322424779213,20.080520412724375,20.079719169350568,20.078920314928997,20.07812523284578,20.077335100858257,20.076550918102715,20.075773528463788,20.075003640823045
0.0336,20.000295496720465,20.00249755999798,20.00773227111875,20.015413309056125,20.024360362795665,20.033567738829753,20.042380084646094,20.050439733025794,20.057591838888325,20.06380501882151,20.069116653736607,20.07359842135036,20.07733577730556,20.080416339615454,20.08292371260216,20.084934530552243,20.08651734986591,20.08773256213785,20.08863283786979,20.0892638158606,20.08966487677003,20.08986991276104,20.089908048245587,20.089804291667193,20.08958011228166,20.089253943474656,20.088841617950752,20.088356741745518,20.087811014408327,20.087214502446926,20.08657587254839,20.085902590386702,20.085201090101158,20.084476918838902,20.083734860125638,20.082979039271027,20.08221301352996,20.08143984932346,20.08066218846677,20.079882305050038,20.079102154361564,20.078323415028176,20.07754752536599,20.07677571478208,20.07600903093937,20.07524836328892,20.074494463482772
0.033839999999999995,20.000260397090877,20.002282433615886,20.007207010571125,20.01454648681383,20.023189726933477,20.032158373404204,20.04079954346767,20.048747263753082,20.055835292782202,20.06202121399891,20.0673329903077,20.07183474046768,20.075606059676858,20.078730118499706,20.081287194862348,20.083351462803932,20.084989677251496,20.0862609245368,20.087216941309563,20.087902709275486,20.08835715747657,20.088613878463725,20.088701809022172,20.088645852034322,20.088467430906544,20.088184976194338,20.08781434833569,20.08736920238025,20.086861301267305,20.086300784149948,20.085696395835743,20.08505568282116,20.084385160753932,20.083690457528565,20.082976435637196,20.08224729687535,20.081506672042817,20.0807576978822,20.080003083156296,20.079245165474628,20.07848596023244,20.077727202816682,20.07697038505693,20.076216786750546,20.075467502965594,20.074723467719426,20.07398547454144
0.03408,20.000229260231055,20.002084548939905,20.00671426142552,20.013723161641355,20.02206823161072,20.030799589288456,20.039268281367885,20.047101200482437,20.054121511806507,20.060276270923225,20.065584320722223,20.07010238456612,20.07390427731914,20.077068752206088,20.0796727620414,20.081788006169134,20.083479415796457,20.084804746647485,20.08581477577972,20.086553803151013,20.087060283360707,20.087367488659886,20.0875041497119,20.08749504745203,20.087361545006047,20.087122057438542,20.086792461839675,20.08638645258695,20.08591584754721,20.085390851125396,20.084820279786914,20.084211755197288,20.083571869562146,20.082906327183128,20.082220065708682,20.08151736007072,20.080801911665123,20.080076924956096,20.07934517335808,20.078609055969466,20.07787064649389,20.07713173548289,20.076393866862023,20.075658369557644,20.07492638491907,20.074198890527086,20.073476720892238
0.034319999999999996,20.000201664966454,20.001902645324012,20.00625225122779,20.012941486158887,20.020994209665243,20.029489996716432,20.037785195359632,20.045500697676285,20.052449866242995,20.058569734061592,20.063870326860087,20.068401142340278,20.072230301091732,20.075432174266577,20.078080395099253,20.08024417719147,20.08198660846293,20.083364090776815,20.084426417482657,20.08521718339439,20.085774346817928,20.08613083977074,20.086315168883047,20.08635197720946,20.086262553514878,20.086065284984524,20.085776054490825,20.085408586216907,20.08497474462195,20.0844847920677,20.08394761029075,20.083370890530727,20.082761296645327,20.082124605037084,20.081465824726166,20.080789300450345,20.080098801266534,20.07939759677025,20.078688522738226,20.07797403773126,20.07725627196502,20.076537069560846,20.075818025122295,20.075100515442212,20.074385727025405,20.073674680010825,20.07296824899134
0.034559999999999994,20.00017723166853,20.001735543364266,20.005819286838197,20.012199671033034,20.0199660294495,20.02822822381901,20.03634918826448,20.04394490795779,20.050819720034674,20.056901139137274,20.062190680788568,20.066730792426227,20.07058399203606,20.07382030890681,20.076510066336475,20.07871998445412,20.080511290953368,20.081939012645847,20.08305193666645,20.083892930540614,20.08449943540216,20.084904023856133,20.085134961174894,20.08521673705478,20.08517055217427,20.08501475372694,20.084765219712605,20.084435694765254,20.084038081731542,20.083582693736282,20.083078471479226,20.082533170239927,20.081953520669128,20.08134536699982,20.08071378586647,20.080063188502532,20.0793974087059,20.07871977862396,20.07803319411386,20.077340171177337,20.07664289474866,20.07594326092553,20.075242913571778,20.074543276083464,20.073845578993694,20.073150883992447,20.07246010485373
0.0348,20.00015561853723,20.00158214060946,20.00541375208787,20.011495984372008,20.018982095206255,20.027012917417895,20.03495916961015,20.04243298296182,20.049230431531125,20.055270013755493,20.060545045275227,20.06509110381585,20.06896520170728,20.072233071309974,20.074961739603417,20.077215428745056,20.07905349184076,20.08052956149214,20.081691397704997,20.08258111981493,20.08323563187422,20.083687128651828,20.083963617326074,20.084089419216443,20.084085633547637,20.083970555689,20.0837600483314,20.08346786737572,20.0831059459846,20.082684640956295,20.082212945726784,20.08169867414442,20.08114861884278,20.080568687652452,20.07996402109351,20.079339093606677,20.078697800827044,20.07804353488629,20.077379249448647,20.0767075159411,20.076030572226767,20.07535036478837,20.074668585333033,20.073986702596578,20.07330599001228,20.07262754981245,20.07195233404916
0.035039999999999995,20.00013651817262,20.001441407418437,20.00503410541915,20.01082875104539,20.01804084736607,20.025842743756886,20.033614056482985,20.040964074155596,20.04768135421436,20.05367587801736,20.058933074294018,20.063481836267606,20.067373772504492,20.070670367880634,20.073435370510115,20.07573050322351,20.07761323270031,20.079135780173594,20.08034485917968,20.081281821196836,20.08198301425167,20.08248023760807,20.082801224204196,20.082970112425627,20.08300788703723,20.08293278003454,20.082760628584957,20.082505190846135,20.082178422361523,20.08179071661996,20.081351113650257,20.080867480463617,20.080346666916988,20.07979464024502,20.079216601154986,20.078617084029588,20.078000043454775,20.077368928991966,20.076726749848536,20.076076130867694,20.075419361056127,20.07475843569293,20.074095092912913,20.073430845528527,20.072767008744602,20.072104724326003,20.07144498169824
0.03528,20.000119654418057,20.00131238296604,20.004678877517616,20.01019635193462,20.017140762770016,20.024716389172077,20.032312774336113,20.039537333629106,20.046171837404955,20.05211824512152,20.057354413524145,20.061902740713474,20.065809537999325,20.06913209650827,20.071930906636744,20.074265193587532,20.076190528242446,20.077757705273815,20.07901237396255,20.079995099485522,20.08074165586006,20.081283429929492,20.08164786483661,20.081858901939718,20.081937398901808,20.081901513081032,20.08176704613162,20.081547749634705,20.081255593718403,20.080901001688584,20.08049305410933,20.08003966581608,20.079547739182292,20.079023296694142,20.078471595579487,20.077897226922154,20.077304201391286,20.07669602343749,20.07607575555776,20.075446074009953,20.074809317164227,20.07416752751077,20.07352248819844,20.072875754854017,20.072228683325243,20.071582453899076,20.070938092468612
0.035519999999999996,20.00010477945772,20.00119417139887,20.004346668942954,20.009597223119993,20.016280354821056,20.023632560702715,20.03105425775378,20.038151914855334,20.04470122694835,20.050596621953304,20.05580870084147,20.060353559661785,20.06427232326259,20.06761814683037,20.07044828774451,20.072819478242454,20.07478538644707,20.076395367208786,20.077693989300894,20.07872101436667,20.07951162538552,20.08009678061624,20.08050361844238,20.0807558695669,20.080874252275297,20.08087683831347,20.080779384060424,20.080595625867012,20.080337540791547,20.08001557519512,20.079638844207576,20.0792153052193,20.078751908467858,20.07825472758105,20.077729072673915,20.077179588316344,20.076610338412788,20.07602487977758,20.07542632595508,20.07481740262452,20.074200495745323,20.073577693437525,20.07295082245289,20.072321479971592,20.07169106135607,20.071060784404622,20.07043171057128
0.03576,20.00009167115198,20.001085938141177,20.004036147765397,20.009029855009835,20.015458173567485,20.02258998664439,20.029837451172657,20.036806973420408,20.04326886588111,20.04911050966109,20.054295566802175,20.058834027595676,20.062761945188814,20.066128400494794,20.06898744598675,20.07139332847014,20.07339780869888,20.075048790334836,20.076389746903132,20.0774596204806,20.078292986928574,20.078920360506324,20.079368560465344,20.079661093691765,20.079818527186394,20.079858836399143,20.079797722901944,20.079648899343738,20.0794243422027,20.079134514247343,20.078788559294022,20.07839447208999,20.077959246140747,20.077489002150035,20.076989099521327,20.07646423312254,20.0759185172665,20.075355558621865,20.074778519550293,20.074190173168223,20.073592951256742,20.072988985989134,20.07238014631203,20.071768069699907,20.071154189902558,20.070539761219,20.06992587975704
0.036,20.000080130594785,20.00098690635077,20.003746047213962,20.008492791417396,20.014672805721858,20.021587417046298,20.028661309560732,20.035501667723885,20.041874095077088,20.047659404219658,20.052814635118345,20.05734387136691,20.061278212818422,20.0646627314213,20.06754830612008,20.069986708598908,20.07202778992372,20.07371799305776,20.075099683025954,20.076210967491647,20.07708580005922,20.077754236319112,20.078242762608312,20.078574649301963,20.078770300579112,20.07884758520326,20.078822140639954,20.078707647549127,20.078516074464883,20.078257894031655,20.077942272965227,20.077577238244828,20.0771698221056,20.076726188307283,20.0762517419791,20.075751225127206,20.0752287996679,20.07468811963184,20.074132393980985,20.07356444129467,20.07298673741538,20.072401456998303,20.071810509780555,20.07121557227415,20.070618115490234,20.070019429218416,20.06942064331303
0.036239999999999994,20.000069979877647,20.000896353523927,20.003475163342202,20.007984628590656,20.01392287461872,20.020623624154346,20.027524799054618,20.034235159649302,20.04051625387336,20.046242796980348,20.051365523125362,20.05588281058485,20.059820927657317,20.063221006061962,20.0661307857155,20.068599576173934,20.070675318725776,20.072402987943015,20.07382382856262,20.074975100158756,20.075890119873158,20.076598470699956,20.07712629286826,20.077496608015807,20.07772964633425,20.07784315980541,20.077852712723853,20.077771945660103,20.07761281198892,20.077385787817416,20.077100057067938,20.07676367390171,20.076383704804762,20.07596635262014,20.075517064677477,20.07504062699086,20.074541246298296,20.074022621518115,20.073488006009523,20.072940261851077,20.07238190719439,20.071815157611123,20.071241962228644,20.07066403534261,20.070082884101264,20.069499832775595,20.068916044059417
0.03648,20.00006106004587,20.00081360824804,20.003222352716715,20.007504014200244,20.01320704011449,20.019697402801878,20.026426897556036,20.033006615205288,20.039194680675926,20.044860175207848,20.049947842240744,20.05445055800032,20.058389883993673,20.06180308366035,20.064734795369176,20.067231882128052,20.06934037752554,20.071103781826924,20.072562209132368,20.073752058407177,20.07470599704915,20.075453122265895,20.076019215572614,20.076427038110847,20.076696635291718,20.07684563251685,20.076889512081834,20.07684186655614,20.07671462709053,20.07651826696187,20.07626198170222,20.075953847681447,20.075600961218843,20.075209560316722,20.074785131018466,20.074332500246413,20.073855916802678,20.073359122037914,20.072845411520287,20.072317688875298,20.071778512820106,20.071230138283862,20.070674552388738,20.070113505963423,20.0695485411712,20.068981015756506,20.06841212434618
0.036719999999999996,20.000053229233032,20.00073804710003,20.002986530133235,20.00704964629027,20.01252399843273,20.01880757074981,20.025366595288315,20.031815205137487,20.03790871354514,20.043511022603397,20.048561198414337,20.05304681988414,20.056984869211743,20.060408816509256,20.063360238912843,20.065883570952778,20.068022942698423,20.069820375928728,20.071314845170818,20.07254187740124,20.073533477907414,20.074318245652396,20.074921591416448,20.075366004553388,20.075671335273753,20.075855072898587,20.07593260913478,20.07591748082973,20.075821589998093,20.075655400915654,20.075428115225137,20.07514782660997,20.074821656867716,20.074455875285945,20.07405600317508,20.07362690529779,20.07317286978787,20.072697677992856,20.072204665517162,20.071696775593104,20.071176605769125,20.070646448779996,20.070108328352465,20.069564030601455,20.069015131585846,20.06846302151726,20.067908926050034
0.03696,20.000046360960592,20.000669091688206,20.00276666636462,20.006620272196805,20.011872481958054,20.01795296897803,20.024342895313808,20.03066010551159,20.036657690760848,20.04219481981436,20.04720519256957,20.051671296400176,20.05560566410245,20.059038050206812,20.06200701362363,20.064554580869483,20.066722984713945,20.06855276596348,20.070081752021345,20.071344587618132,20.072372604469077,20.07319389156107,20.073833477500706,20.074313569028874,20.074653811108973,20.074871547780226,20.074982071810915,20.074998856797578,20.074933768860962,20.074797257228816,20.07459852425489,20.074345676120952,20.074045855811892,20.07370536007795,20.07332974209095,20.07292390141888,20.07249216282099,20.07203834522699,20.07156582212127,20.071077574415664,20.07057623676564,20.070064138167368,20.069543337567726,20.06901565512535,20.068482699678285,20.067945892901136,20.067406490571447
0.0372,20.000040342590154,20.0006062058349,20.002561785944724,20.006214687438504,20.011251258981787,20.017132461929837,20.02335481401304,20.029540498267856,20.035440951367356,20.04091104492998,20.04587942103568,20.05032368197266,20.05425204317064,20.05769062391083,20.060675010433194,20.063244844000515,20.065440468275312,20.067300942255624,20.068862940027277,20.070160214922602,20.071223414516556,20.072080106808365,20.072754927371275,20.073269789973164,20.073644124657225,20.073895121279612,20.074037965561093,20.074086060512396,20.074051229758442,20.073943901557424,20.07377327367551,20.073547460058915,20.073273620654383,20.072958075904843,20.07260640748027,20.07222354675282,20.071813852428146,20.071381178625096,20.070928934568915,20.07046013693725,20.069977455778933,20.069483254815555,20.068979626835976,20.068468424804717,20.067951289226023,20.067429672235708,20.066904858831798
0.037439999999999994,20.00003507391664,20.000548892896745,20.00237096499163,20.005831734583573,20.010659133402534,20.01634493771128,20.02240138152662,20.02845557174745,20.034257835698178,20.03965917396327,20.044583475970683,20.0490036656476,20.052923774938726,20.05636637059119,20.059364114135963,20.061954286540225,20.06417535245937,20.06606488985321,20.067658414624933,20.06898878064258,20.07008594165486,20.070976934375157,20.071685991058995,20.072234722604644,20.07264233483525,20.072925854823154,20.073100353374837,20.07317915577537,20.07317403670928,20.07309539767067,20.072952426642004,20.072753240682772,20.072505012542884,20.072214082641892,20.071886057828053,20.07152589831157,20.071137994093487,20.070726232111248,20.070294055209814,20.069844513933166,20.0693803120211,20.06890384639342,20.068417242309632,20.067922384307487,20.067420943448322,20.066914401330127,20.06640407127066
0.03768,20.00003046589126,20.00049669321938,20.0021933290734,20.00547030209729,20.010094944384615,20.01558930824723,20.02148164216076,20.02740452119101,20.03310768588075,20.038438681318908,20.043316945774993,20.047710931448176,20.05162062224668,20.05506511728013,20.058074203596416,20.06068282892572,20.062927590856773,20.064844588642654,20.066468176437343,20.06783030164558,20.06896021537377,20.06988441345719,20.070626715120465,20.07120841895716,20.0716484976431,20.071963807166938,20.072169295797014,20.072278204149207,20.07230225168176,20.072251807458528,20.07213604458599,20.071963078669814,20.07174009117245,20.071473438829045,20.07116875039081,20.070831011975805,20.07046464225847,20.07007355864764,20.069661235505517,20.069230755357882,20.06878485394494,20.06832595986685,20.067856229489692,20.06737757769742,20.0668917050036,20.06640012147254,20.065904167843172
0.037919999999999995,20.000026439463895,20.000449181722832,20.00202805111909,20.005129323173794,20.00955756597738,20.014864509395945,20.020594654757463,20.026386549209892,20.031989846321174,20.0372490402472,20.04207941549552,20.046445158723863,20.050342342548085,20.053786685320297,20.056805151955214,20.05943038600725,20.061697131712272,20.06364001346393,20.065292221368654,20.066684790415867,20.06784626111082,20.068802579516372,20.06957714267971,20.070190927913696,20.0706626661913,20.071009034418484,20.071244850945174,20.071383264971814,20.071435934604377,20.071413190939907,20.071324187221805,20.07117703312014,20.0709789147885,20.07073620167281,20.07045454119746,20.07013894249511,20.06979385032147,20.069423210233655,20.069030526028094,20.0686189103434,20.068191129242074,20.067749641496647,20.067296633223478,20.066834048431755,20.06636361598704,20.065886873427594,20.065405188017547
0.03816,20.000022924535095,20.000405965613986,20.001874349377466,20.00480777455594,20.00904590669828,20.014169501024053,20.019739493030286,20.025400866230523,20.03090366416914,20.03608972328394,20.04087046722017,20.045206022493236,20.049088688202158,20.05253089061038,20.055556826834096,20.058196867218108,20.06048391806507,20.062451134226162,20.064130540699075,20.065552255132367,20.06674410031502,20.067731464332834,20.068537313470586,20.069182295240857,20.069684890728745,20.070061590059193,20.070327074527505,20.07049439537056,20.070575143377006,20.070579606271327,20.07051691255308,20.07039516156149,20.070221540190257,20.070002427048514,20.069743485050648,20.06944974348848,20.0691256706376,20.068775237905204,20.068401976459036,20.068009027197814,20.06759918484124,20.067174936836633,20.06673849770259,20.066291839359018,20.0658367179283,20.065374697434127,20.064907170772702
0.0384,20.00001985900861,20.00036668222199,20.00173148542552,20.004504675346716,20.008558909082623,20.013503267043838,20.01891524586692,20.02444669091252,20.02984848976338,20.03496020267642,20.039689680462764,20.04399319378038,20.047859406761763,20.05129754384834,20.05432909053947,20.056982176744036,20.05928788788916,20.06127791602353,20.062983121180427,20.064432699747208,20.065653750511377,20.066671096057767,20.06750726387998,20.068182563624067,20.068715218671286,20.069121524967496,20.069416019861443,20.069611650277125,20.06971993388266,20.06975110975607,20.06971427687979,20.069617519954516,20.069468022734544,20.069272169502916,20.069035635528333,20.06876346744512,20.06846015451886,20.068129691734296,20.067775635588383,20.067401153404077,20.067009066906774,20.066601890731903,20.066181866460955,20.065750992716968,20.065311051789358,20.064863633202908,20.064410154595983
0.038639999999999994,20.000017187935935,20.000330996952748,20.00159876222868,20.004219085815773,20.008095549203073,20.01286481541499,20.018121017599967,20.023523250541444,20.02882367705816,20.033859950795893,20.038536632538634,20.0428063399451,20.046654241257425,20.05008645077229,20.05312180026478,20.055786213692173,20.058108974233726,20.060120319251613,20.061849945132266,20.06332612406502,20.064575225366163,20.065621499267067,20.066487026991776,20.067191772703534,20.06775369463105,20.068188887442638,20.06851173789289,20.06873508244291,20.068870359999746,20.068927755853846,20.068916334805685,20.068844162698465,20.068718416339966,20.068545482257118,20.068331044985715,20.06808016572548,20.067797352234482,20.067486620828813,20.06715155131406,20.066795335618956,20.066420820837248,20.066030547317204,20.065626782373045,20.065211550130634,20.06478665796244,20.064353719914518,20.063914177480953
0.03888,20.000014862744884,20.00029860135806,20.00147552225394,20.003950106203654,20.00765483616103,20.012253178112058,20.017355928246317,20.022629781396166,20.027828584030516,20.03278844053603,20.03741089893037,20.04164512500643,20.045472930476972,20.04889741239866,20.051934808291332,20.054608872259223,20.056947105363374,20.058978299723876,20.060730990538445,20.062232523822807,20.06350853475284,20.064582695015655,20.065476632631558,20.066209959110903,20.066800360446432,20.06726372322913,20.067614277216045,20.06786474245505,20.06802647361487,20.06810959719091,20.068123139246268,20.068075142637245,20.06797277349146,20.06782241720986,20.06762976455744,20.067399888562637,20.067137313011564,20.066846073332577,20.0665297706414,20.066191619672168,20.065834491264294,20.06546095001552,20.065073287652233,20.064673552610536,20.064263576268107,20.063844996217316,20.063419276925323
0.039119999999999995,20.000012840544944,20.000269211315228,20.00136114563701,20.003696875526703,20.007235811552384,20.01166741105929,20.016619113716185,20.0217655290913,20.026862573068385,20.031745145697375,20.036312053643623,20.04050920995929,20.0443152092406,20.047730225257382,20.05076796218735,20.053450041898756,20.055802204898,20.05785180878822,20.05962623114397,20.06115189077025,20.062453684818575,20.063554700892453,20.064476107411924,20.06523715650658,20.065855255212714,20.066346075541794,20.066723684093812,20.067000678752937,20.06718832463616,20.06729668457071,20.067334741437133,20.06731051106594,20.06723114524523,20.067103024941172,20.066931844160184,20.066722685063933,20.06648008503599,20.06620809642562,20.065910339682947,20.065590050565763,20.06525012205164,20.06489314153682,20.06452142384932,20.064137040551028,20.063741845953473,20.06333750022557,20.062925489928976
0.03936,20.000011083502468,20.00024256531277,20.001255048404428,20.003458570385206,20.00683754891012,20.011106594034533,20.015909725992756,20.020929748895213,20.025925011339847,20.030729541357786,20.035239669552883,20.039398253084165,20.043180808671245,20.046584681624118,20.049621105005198,20.052309607487466,20.05467419195224,20.05674079344354,20.058535636552126,20.06008421275052,20.061410678051285,20.06253753107594,20.063485474778453,20.064273395617672,20.064918415313326,20.065435985091433,20.0658400024788,20.066142937645306,20.06635596100705,20.066489066984953,20.0665511909428,20.066550317737715,20.066493581234084,20.066387354716337,20.0662373324955,20.066048603212945,20.06582571545361,20.065572736324743,20.0652933036585,20.0649906724737,20.064667756294337,20.064327163877,20.063971231851266,20.063602053728818,20.06322150569057,20.06283126951769,20.062432852992135
0.039599999999999996,20.000009558279466,20.00021842283799,20.001156680751308,20.003234403777356,20.006459153126187,20.010569830543975,20.015226933283504,20.020121706024238,20.02501527114374,20.029741104229014,20.0341933187372,20.03831191024973,20.04206945646014,20.045460569749263,20.048494075476633,20.051187449490342,20.05356298127443,20.055645196456148,20.057459172321792,20.059029473781383,20.060379513347176,20.06153119639026,20.06250475505627,20.06331870427651,20.063989874451657,20.06453349011104,20.064963274034817,20.06529156332784,20.065529428720634,20.065686791625172,20.06577253566594,20.065794610871123,20.065760129673098,20.065675454490236,20.06554627705305,20.065377689871724,20.0651742503717,20.06494003828432,20.064678706895318,20.064393528741668,20.0640874363182,20.063763058316994,20.063422751880026,20.063068631301647,20.062702593574866,20.062326341134625,20.06194140211366
0.039839999999999993,20.000008235530146,20.000196562861984,20.001065525375097,20.003023623921383,20.006099759854884,20.010056247669336,20.014569920144286,20.0193406759136,20.024132730241934,20.028779312999415,20.033172572805878,20.03724983520837,20.04098087712749,20.04435767408373,20.047386708206027,20.050083444124642,20.052468483384953,20.054564956476053,20.05639680006486,20.057987654136664,20.0593601860787,20.060535704361858,20.06153396549711,20.062373107459763,20.063069663683457,20.06363862638256,20.064093538158957,20.064446597901238,20.06470877183439,20.0648899038947,20.06499882185703,20.065043437157794,20.06503083736567,20.064967370912015,20.064858724114085,20.064709990783342,20.064525734860702,20.064310046597342,20.06406659282864,20.06379866188707,20.0635092036794,20.063200865422097,20.06287602349161,20.062536811807096,20.062185147123895,20.061822751578383,20.061451172789443
0.04008,20.000007089449824,20.00017678241788,20.000981095865615,20.002825513087966,20.005758534900064,20.0095649958892,20.013937887577182,20.01858594446574,20.023276772173503,20.02784364866298,20.03217700321407,20.036211679884495,20.039914792278143,20.043275775501403,20.046298833861396,20.048997463522554,20.051390604713948,20.053500008153012,20.05534847754373,20.056958730427965,20.058352688162927,20.059551059276572,20.060573120326946,20.061436627328057,20.06215781144978,20.062751427264207,20.063230832004134,20.063608081389845,20.063894032485464,20.06409844742112,20.064230094124444,20.064296841770513,20.064305749709934,20.064263149330078,20.06417471875527,20.064045550574694,20.06388021295617,20.0636828045967,20.063457004002384,20.063206113599257,20.06293309916431,20.062640625041425,20.06233108557529,20.062006633161584,20.06166920327609,20.06132053681067,20.060962200010948
0.040319999999999995,20.000006097371266,20.00015889526801,20.000902935151345,20.002639386444947,20.005434673588177,20.00909524887608,20.01333005310319,20.017856808276527,20.02244678655119,20.026933594834738,20.03120618156831,20.03519709465563,20.0388709208522,20.042214651518076,20.045230279363224,20.04792937589252,20.05032924773822,20.052450282252238,20.05431415876879,20.05594267568658,20.057357008130257,20.058577262237158,20.0596222307941,20.06050928326614,20.061254343610408,20.061871923718265,20.062375190502173,20.062776051760668,20.063085250906358,20.063312464069117,20.063466395444873,20.06355486837168,20.06358491070549,20.0635628337974,20.0634943048528,20.063384412759618,20.063237727661072,20.063058354656718,20.062849982070052,20.06261592473996,20.062359162789498,20.06208237630758,20.06178797635296,20.06147813265949,20.061154798389687,20.060819732251662,20.060474518263863
0.04056,20.000005239403933,20.000142730655796,20.000830614001835,20.00246459091614,20.00512740012926,20.008646203270807,20.012745650810775,20.017152574840054,20.02164216934037,20.026048638052682,20.030259679922008,20.034205728626187,20.037848979370466,20.041174076506934,20.0441808680709,20.046879045679038,20.049284311117344,20.051415705769752,20.053293794095843,20.054939459445563,20.056373131193407,20.057614311221222,20.058681305217764,20.059591091923494,20.060359283477812,20.061000144339374,20.06152664638732,20.061950544942935,20.06228246544103,20.06253199395373,20.06270776717423,20.0628175591221,20.062868362960522,20.06286646707718,20.0628175250868,20.062726619742257,20.062598320948243,20.06243673819493,20.062245567795916,20.062028135343905,20.061787433801914,20.061526157636486,20.061246733378663,20.060951346972434,20.060641968241818,20.060320372778943,20.059988161526874
0.040799999999999996,20.000004498111934,20.000128132138258,20.00076372958587,20.002300504055967,20.004835966967804,20.008217078435788,20.012183931381347,20.01647256273263,20.020862323120923,20.025188268066366,20.029337071060898,20.033237229893963,20.036848682174686,20.040153821910362,20.043150419966775,20.04584633372099,20.048255689828874,20.050396202047285,20.05228733032339,20.05394904782192,20.055401039316695,20.0566622011395,20.05775034903697,20.058682067255408,20.059472651851536,20.060136115383305,20.060685230220244,20.061131594848028,20.06148571256148,20.06175707545405,20.061954249058836,20.06208495469018,20.062156147699195,20.06217409064878,20.062144420946048,20.062072212820716,20.061962033763173,20.061817995674065,20.06164380105635,20.061442784619658,20.061217950679293,20.060972006727386,20.0607073935383,20.060426312148703,20.060130748027717,20.0598224927265,20.059503163270545
0.04103999999999999,20.00000385822695,20.00011495649512,20.000701904084885,20.00214653294131,20.00455965412528,20.007807116188594,20.011644162092637,20.01581610177653,20.020106657332313,20.024351978112303,20.028437928778533,20.03229124580923,20.03586974166251,20.03915365644809,20.04213875183769,20.044831097408295,20.047243275302545,20.049391690886647,20.051294710789776,20.05297140359881,20.054440711285494,20.055720923894434,20.05682936485994,20.057782220564476,20.058594467053044,20.059279860796142,20.05985097041246,20.06031923338988,20.060695026884705,20.06098774522726,20.06120587924706,20.061357094261446,20.061448304769442,20.061485744713988,20.061475032732936,20.061421232190966,20.06132890602699,20.06120216660429,20.061044720841426,20.060859910950636,20.060650751130698,20.060419960563028,20.060169993049456,20.05990306361284,20.05962117236007,20.05932612588393,20.059019556456352
0.04128,20.000003306392575,20.00010307271048,20.000644783361054,20.002002113082078,20.00429776853623,20.00741558051742,20.011125626801046,20.015182533184205,20.019374588502252,20.023539265176357,20.02756182814182,20.031367423226502,20.034911868517124,20.038173346321564,20.041145677453944,20.04383319083688,20.046246955553446,20.048402088663554,20.050315875470023,20.052006486307793,20.053492122775875,20.054790468439062,20.055918352513782,20.05689156054249,20.057724744960975,20.058431402243933,20.05902389325119,20.059513490505772,20.059910441190038,20.06022403822308,20.060462694301254,20.060634015548374,20.060744872651007,20.060801468203564,20.060809399568758,20.06077371695101,20.060698976639706,20.060589289545653,20.06044836525671,20.060279551896357,20.060085872097286,20.05987005541,20.05963456746143,20.05938163616536,20.059113275268523,20.058831305495694,20.058537373535785
0.041519999999999994,20.00000283093696,20.0000923610233,20.00059203567923,20.001866707351606,20.004049643379428,20.007041757279765,20.010627625903954,20.014571209683567,20.018665540459253,20.022749630243275,20.026708345746698,20.030465408748913,20.033974771931486,20.037212655414482,20.0401710077456,20.0428524649619,20.045266615314087,20.047427308440774,20.049350761072454,20.051054252311,20.052555246424372,20.053870820836128,20.055017309094485,20.056010093312672,20.05686349904679,20.057590759142705,20.058204022924617,20.058714394177528,20.059131986436917,20.05946598769858,20.059724729210092,20.059915754800617,20.060045888463847,20.060121298784104,20.06014755939924,20.060129705105346,20.060072283483716,20.05997940211079,20.05985477152525,20.05970174419384,20.059523349753224,20.05932232681926,20.05910115165538,20.058862063982616,20.058607090199263,20.058338064260553,20.058056646449618
0.04176,20.000002421670857,20.000082712042882,20.000543350481905,20.001739804938012,20.00381463740582,20.00668495388576,20.01014947628297,20.013981495624936,20.017978944529524,20.021982578533567,20.025877059963992,20.0295848489652,20.033058159827174,20.036271345489475,20.039214550976077,20.041888767749096,20.044302136165264,20.04646726008063,20.048399301134914,20.050114654883224,20.051630051897828,20.05296196431739,20.054126229017246,20.0551378224723,20.056010740410805,20.056757948688894,20.05739138154751,20.05792197045309,20.058359691782986,20.058713625233352,20.05899201740121,20.059202346815507,20.05935138797683,20.05944527286517,20.05948954900037,20.059489233569604,20.059448863427505,20.059372540967804,20.059263975989772,20.059126523759225,20.058963219506808,20.058776809626792,20.058569779844657,20.058344380616827,20.05810265001482,20.057846434331108,20.057577406627242
0.041999999999999996,20.000002069708422,20.000074025925834,20.00049843721625,20.00162092031746,20.00359213426469,20.006344498967458,20.009690511229095,20.013412767070367,20.017314239718495,20.021237619727902,20.025067551175553,20.028725390679334,20.032161739067757,20.035349176380798,20.038276112912964,20.040941944324288,20.043353396665687,20.04552185035669,20.047461426120613,20.049187644293845,20.05071650596327,20.052063879343116,20.053245104067,20.054274749135594,20.055166477818528,20.055932985890102,20.056585989187255,20.057136243468467,20.05759358460258,20.05796698074501,20.058264590754185,20.05849382494887,20.058661405616693,20.0587734256067,20.05883540398445,20.058852338175516,20.05882875232961,20.05876874184338,20.05867601411511,20.05855392568957,20.058405516001734,20.05823353795448,20.058040485575265,20.05782861899621,20.05759998699392,20.057356447313452,20.057099684986174
0.04224,20.000001767308447,20.00006621161088,20.000457024212082,20.00150959225015,20.003381541829462,20.006019742035416,20.00925008035082,20.012864411865927,20.01667087287741,20.020514268179262,20.024279402000744,20.027886681132788,20.031285215666696,20.034445906183073,20.03735549699601,20.04001183712087,20.04242027248034,20.04459098306469,20.046537063513505,20.048273167888613,20.0498145725578,20.0511765436617,20.052373923449217,20.0534208719769,20.054330717737365,20.055115883596233,20.055787863890206,20.056357235470013,20.056833690505513,20.057226082505043,20.057542479613865,20.05779022112619,20.057975974477365,20.058105790926717,20.058185158806445,20.058219053676066,20.058211985042785,20.05816803952614,20.058090920490795,20.057983984264826,20.057850273118564,20.05769254521108,20.057513301726487,20.057314811425293,20.05709913283152,20.05686813426697,20.056623511931605
0.04248,20.000001507733813,20.0000591861083,20.00041885760973,20.001405382799767,20.00318229152451,20.005710053123774,20.00882754946602,20.012335829697584,20.016048298855345,20.019812043113024,20.02351219751339,20.027068368219478,20.03042829498975,20.033561291435984,20.036452504502186,20.03909828602531,20.04150263650742,20.04367455913258,20.045626137913192,20.04737117017114,20.048924212858456,20.050299932369384,20.051512673840868,20.052576187274145,20.053503464373602,20.05430665253093,20.054997021708378,20.055584966837078,20.056080033356267,20.05649095715498,20.056825712803967,20.057091565854027,20.0572951263295,20.05744240150928,20.057538846770573,20.057589413750915,20.057598595418426,20.057570467870164,20.05750872883385,20.05741673295003,20.057297523976338,20.057153864093404,20.056988260511652,20.056802989585343,20.056600118638954,20.05638152570423,20.056148917356143
0.042719999999999994,20.000001285127247,20.000052873840648,20.000383700336545,20.001307876376938,20.00299383765413,20.005414822425085,20.008422300478642,20.011826432131354,20.015445980637075,20.01913046881521,20.02276552544927,20.026270100693385,20.029590681951873,20.032695087304877,20.035566934707827,20.03820112852057,20.040600359003932,20.042772476729628,20.044728571129262,20.046481592884174,20.04804538535196,20.049434017970043,20.050661339441554,20.05174068895252,20.052684719709653,20.05350530132331,20.054213476726453,20.054819456104937,20.05533263529343,20.05576162972288,20.056114317641004,20.056397888231732,20.05661889163033,20.056783288812706,20.056896500037134,20.056963451012038,20.056988616311177,20.056976059798735,20.0569294719918,20.056852204397625,20.056747300934394,20.05661752658765,20.05646539347905,20.056293184534933,20.05610297494421,20.05589665159102,20.055675930639598
0.04296,20.00000109440161,20.000047206031685,20.00035133113078,20.001216678807268,20.00281565673498,20.00513345991602,20.008033731241095,20.011335642638294,20.01486338946714,20.01846907480913,20.022038976404286,20.025491528368935,20.02877208120857,20.031847047757296,20.034698585047803,20.037320199827384,20.039713307709746,20.0418846313746,20.04384428227503,20.045604375090516,20.04717804590438,20.04857877043499,20.049819902024797,20.05091436862835,20.051874483541585,20.052711836540006,20.053437241089107,20.05406071998806,20.054591516749475,20.055038123640113,20.055408319948512,20.055709215963475,20.055947299533766,20.056128483078055,20.056258149629592,20.056341197009598,20.056382079583777,20.056384847308298,20.05635318194584,20.05629043045001,20.0561996355943,20.056083563970855,20.05594473151301,20.055785426710656,20.055607731692326,20.05541354134649,20.055204580648912
0.043199999999999995,20.000000931143145,20.00004212014055,20.00032154361161,20.001131416424275,20.00264724683292,20.004865394975116,20.007661255403175,20.010862896605037,20.014300004960567,20.017827396020653,20.02133214402341,20.024732302314117,20.027972197341747,20.03101692573534,20.033847251271595,20.036455333043406,20.03884134797022,20.041010916042897,20.042973187860657,20.044739453253595,20.046322147830658,20.047734157262795,20.0489883409894,20.050097215653178,20.051072753516856,20.05192626271746,20.052668325028588,20.053308773403646,20.05385669647085,20.054320460758415,20.05470774407152,20.055025575370518,20.05528037790078,20.055478013337854,20.055623825441888,20.05572268223805,20.0557790161121,20.0557968614726,20.05577988981422,20.05573144214221,20.055654558802004,20.055552006812533,20.055426304835066,20.05527974592796,20.055114418245928,20.05493222384341,20.054734895738207
0.04344,20.00000079152623,20.00003755933833,20.000294145393866,20.001051735187616,20.002488126905483,20.00461007599368,20.0073043022486,20.010407641330534,20.013755315200708,20.01720497293247,20.020644625180687,20.02399207503661,20.02719073504017,20.030204473324023,20.033012727596493,20.035606359280166,20.03798434285726,20.040151221272712,20.04211520188565,20.043886761317705,20.045477641963945,20.04690014353912,20.048166633410954,20.049289217158005,20.050279525172297,20.051148582394465,20.051906736892608,20.0525636294955,20.053128191538303,20.05360866136729,20.054012612891352,20.054346991403754,20.054618153310024,20.054831907425083,20.054993556245996,20.055107936142452,20.055179455790437,20.055212132447036,20.05520962585578,20.055175269704787,20.0551121006501,20.055022884976474,20.05491014300535,20.054776171382123,20.054623063385876,20.054452727408545,20.0542669037489
0.04368,20.000000672238386,20.000033472024292,20.000268957246238,20.000977299826815,20.00233783615082,20.00436696998101,20.006962316520035,20.009969336009792,20.01322881682483,20.01660135172772,20.019976020150505,20.023270500662978,20.02642739927463,20.02940944191562,20.032194806857795,20.03477310779802,20.03714215328903,20.039305435270254,20.04127023593078,20.043046230787954,20.044644476724898,20.04607669199658,20.047354754093487,20.048490358097784,20.049494791972386,20.050378796145054,20.051152483172533,20.051825299658155,20.052406017387607,20.052902744211643,20.0533229478407,20.05367348765656,20.053960651068753,20.05419019198239,20.054367369699698,20.054496987125013,20.05458342753692,20.05463068947317,20.054642419473694,20.05462194256684,20.054572290480273,20.05449622762263,20.054396274924038,20.054274731649333,20.054133695312007,20.053975079823125,20.05380063200994
0.043919999999999994,20.000000570414343,20.0000298113792,20.000245812291382,20.000907793010544,20.002195933363993,20.004135562164684,20.006634758233254,20.009547451704947,20.012720015097468,20.01601608442297,20.019325932770084,20.022567235110884,20.025681895467635,20.028631582369893,20.031393280655973,20.03395540613878,20.036314638147967,20.038473444013835,20.040438199249266,20.04221779080972,20.043822598190705,20.04526376307455,20.046552675621136,20.047700621296006,20.048718545347654,20.049616902611564,20.05040556853182,20.051093793561325,20.05169018783047,20.052202726509755,20.052638768918964,20.053005086377883,20.05330789522396,20.053552892471586,20.05374529235462,20.053889862551852,20.05399095929923,20.054052560883495,20.05407829921938,20.054071489359245,20.054035156885906,20.05397206320922,20.053884728832966,20.05377545468792,20.05364634164405,20.05349930832344,20.053336107338147
0.04416,20.00000048357819,20.000026534953268,20.00022455524666,20.000842914541504,20.00206199630125,20.00391535558683,20.00632110248116,20.009141471304208,20.012228423972015,20.015448728990762,20.01869397059321,20.021881936254218,20.02495392965759,20.027870645170047,20.030607939500594,20.033153080255985,20.035501654397127,20.037655131356754,20.039618998857133,20.041401368247627,20.043011950163816,20.044461314978818,20.04576036840984,20.046919987489396,20.047950774733284,20.048862898537898,20.04966599583468,20.05036911917454,20.050980715075745,20.05150862397145,20.05196009470784,20.052341808485593,20.052659908573766,20.052920033183323,20.053127349664457,20.05328658875997,20.053402078060465,20.05347777410632,20.0535172927966,20.053523937918012,20.05350072771483,20.05345041949493,20.05337553231739,20.0532783678397,20.05316102942259,20.05302543960153,20.052873356038667
0.044399999999999995,20.000000409592605,20.000023604286405,20.00020504170396,20.00078238057689,20.001935621053093,20.00370587069735,20.006020839228526,20.008750889469322,20.0117535661409,20.01489884947198,20.01807974503541,20.021214264081333,20.024243208657506,20.027126380574472,20.02983857295107,20.03236595464282,20.03470305719479,20.036850379128968,20.038812539622736,20.04059688776397,20.04221247424037,20.04366930374111,20.044977800758982,20.046148435372647,20.04719146760782,20.048116778802992,20.04893376617495,20.049651282792066,20.050277609750868,20.05082045081655,20.05128694238716,20.051683673580044,20.05201671267906,20.05229163724705,20.05251356599344,20.052687191064432,20.052816809845186,20.0529063556709,20.052959427065716,20.052979315287843,20.052969030072244,20.052931323541294,20.052868712307895,20.052783497831484,20.052677785110244,20.05255349980605,20.052412403905517
0.04464,20.00000034661443,20.00002098455854,20.000187137447284,20.00072592287433,20.00181642142681,20.00350664494482,20.005733473098164,20.00837521257209,20.011294973074783,20.014366016078302,20.017482871510758,20.020563880846403,20.023549440208267,20.026398538764276,20.029084969754166,20.031593852457593,20.03391870000728,20.03605906723746,20.038018724355414,20.039804271896532,20.04142410987825,20.042887683278416,20.044204938902986,20.04538594164323,20.046440609531977,20.04737853645441,20.04820887890514,20.048940289057963,20.049580880923497,20.050138219793514,20.05061932775097,20.051030699957895,20.051378327875327,20.051667726641117,20.05190396462499,20.052091693765735,20.052235179725713,20.05233833121272,20.052404728048167,20.05243764772585,20.0524400903238,20.05241480171523,20.052364295082423,20.052290870776677,20.052196634592892,20.05208351454316,20.05195327622226
0.044879999999999996,20.000000293055795,20.000018644267943,20.000170717806647,20.000673288063204,20.001704028339013,20.00331723236604,20.005458523149304,20.008013958620555,20.010852185051185,20.013849805285002,20.016902969560338,20.019930451213973,20.022872333126475,20.02568686998653,20.028346917978258,20.030836595646768,20.033148434719998,20.035281073765347,20.0372374538932,20.039023441135814,20.040646794464763,20.0421164054521,20.043441747062836,20.044632481046158,20.045698184187547,20.046648162742077,20.04749133166566,20.048236140991413,20.048890536123398,20.04946194219835,20.049957265223778,20.05038290462614,20.050744773284727,20.051048322203172,20.05129856777059,20.05150012015739,20.051657211828534,20.051773725478956,20.051853220931058,20.05189896070541,20.051913934098806,20.051900879691658,20.05186230626845,20.051800512177028,20.05171760318105,20.051615508877614,20.05149599776278
0.04511999999999999,20.00000024755011,20.000016554935577,20.000155667046837,20.000624236941096,20.001598089218803,20.00313720317488,20.005195522648876,20.007666657175402,20.01042475117289,20.013349799914362,20.0163396629727,20.019313642396853,20.022211597446905,20.024991124693365,20.02762420514436,20.030094005065543,20.032392111746585,20.034516275069592,20.036468627189603,20.038254314001595,20.039880463383888,20.041355420126788,20.042688187497482,20.043888026418827,20.044964173416382,20.045925647152142,20.04678112041422,20.047538840012177,20.048206581364493,20.04879162789368,20.049300767877096,20.049740303316334,20.050116066828355,20.05043344364069,20.050697396578848,20.05091249253368,20.05108292934098,20.05121256233413,20.051304930071943,20.051363278920217,20.051390586293618,20.051389582456355,20.051362770845287,20.051312446924513,20.051240715611378,20.051149507333914,20.05104059279216
0.04536,20.000000208922426,20.000014690833613,20.000141877789737,20.000578543795164,20.001498267421983,20.00296614335121,20.004944018836408,20.007332849257136,20.010012229376642,20.01286558920997,20.015792579896328,20.018713124287384,20.021566944559655,20.024311053676783,20.02691661835385,20.029365900595913,20.03164958013624,20.03376454587738,20.035712141399387,20.037496807118824,20.039125050083094,20.040604675228977,20.041944220555102,20.043152548735733,20.044238557259387,20.045210977440938,20.046078239455333,20.046848385966232,20.047529021167108,20.048127285328043,20.04864984744611,20.04910291049905,20.049492225238726,20.049823109541737,20.05010047114476,20.05032883219762,20.05051235451798,20.05065486476591,20.050759879003778,20.05083062628843,20.050870071075156,20.05088093430886,20.050865713146518,20.050826699303315,20.050765996048288,20.050685533897585,20.050587085067654
0.045599999999999995,20.000000176163585,20.00001302873635,20.000129250468717,20.0005359957481,20.00140424165678,20.00280365423059,20.00470357268321,20.007012087244593,20.009614186432383,20.012396768902164,20.01526135294436,20.01812856958221,20.020938087341978,20.023646408199305,20.026223944412934,20.028652101262235,20.030920687679128,20.033025759381076,20.034967891963348,20.036750835292786,20.03838048613966,20.03986411680533,20.041209804724232,20.042426017153222,20.04352131399558,20.044504139669034,20.045382681469984,20.046164777151596,20.046857858580406,20.04746892155535,20.048004514346587,20.048470739398503,20.048873264072427,20.049217337385926,20.04950781051914,20.049749159469076,20.049945508689095,20.05010065489109,20.05021809044001,20.05030102595705,20.050352411884568,20.050374958865564,20.05037115686256,20.050343292991943,20.050293468085655,20.050223612016552,20.0501354978398
0.04584,20.000000148407672,20.000011547691905,20.000117692813827,20.000496392128348,20.00131570542143,20.002649352095396,20.004473758646483,20.00670393476529,20.009230197933565,20.011942941264902,20.014745619291737,20.017559653900637,20.0203247402849,20.022996940120425,20.02554596995381,20.027952425344246,20.03020528100988,20.03229978733176,20.034235772692035,20.03601631158354,20.03764670132651,20.039133689080682,20.040484896684703,20.041708399054095,20.04281242018113,20.043805118235312,20.04469443754536,20.04548801034422,20.04619309520497,20.046816542254536,20.047364777691925,20.04784380200737,20.048259197722977,20.04861614355552,20.04891943271826,20.049173493693065,20.04938241226563,20.04954995396173,20.049679586279833,20.049774500306363,20.049837631441026,20.049871679062914,20.04987912504336,20.049862251065484,20.049823154748672,20.04976376460264,20.049685853853575
0.046079999999999996,20.00000012491244,20.000010228813107,20.000107119366398,20.000459543864213,20.001232366453984,20.00250286776792,20.00425416441901,20.00640796657815,20.008859848278842,20.011503715164316,20.014245020764925,20.017006055896697,20.019726619614616,20.022362402018896,20.02488248155258,20.027266690487558,20.02950320570913,20.03158650013127,20.03351567584841,20.035293147379573,20.03692362367751,20.03841333451568,20.03976945135835,20.040999660092172,20.04211185068838,20.04311389591116,20.044013497204737,20.044818080824083,20.045534731215515,20.046170151749376,20.046730645310426,20.04722210910181,20.047650039433858,20.04801954334677,20.048335354733627,20.048601853248243,20.04882308474796,20.04900278237146,20.049144387613605,20.049251070954583,20.04932575174567,20.04937111716077,20.049389640101218,20.04938359599794,20.04935507849579,20.049306014033174,20.049238175349693
0.04631999999999999,20.00000010504229,20.0000090550862,20.000097451021748,20.000425272901413,20.00115394619457,20.0023638462061,20.00404439067494,20.006123768449125,20.008502730645535,20.011078706099223,20.01375920392438,20.016467457365,20.019143443408815,20.02174254731086,20.02423326584384,20.026594713811544,20.02881430640308,20.030885766922808,20.032807492229388,20.034581252470677,20.036211179552204,20.03770299386405,20.03906342195954,20.0402997642367,20.041419578744872,20.042430453874626,20.043339848437373,20.044154982401352,20.044882765383775,20.045529753028422,20.046102123762676,20.046605670256593,20.047045801311715,20.047427550981357,20.047755592541947,20.048034255555514,20.048267544732994,20.04845915966191,20.04861251472839,20.048730758762627,20.048816794085692,20.048873294745857,20.0489027238137,20.048907349664702,20.048889261220786,20.048850382152658,20.048792484065995
0.04656,20.00000008825347,20.00000801119589,20.000088614598734,20.000393411643678,20.001080179260367,20.002231946102352,20.003844050812386,20.005850937020213,20.00815844695531,20.010667536233868,20.01328782013999,20.01594354334053,20.018574931707885,20.0211371303639,20.023598109632015,20.02593631201472,20.028138426861126,20.03019745568,20.03211111124627,20.03388053511998,20.035509293699967,20.03700260622948,20.038366760045427,20.039608673816648,20.04073557597227,20.041754771744642,20.04267347772852,20.043498707442655,20.044237195101477,20.044895347765124,20.045479218359123,20.045994493860455,20.046446494339705,20.04684017961806,20.047180161115257,20.04747071708685,20.047715809921808,20.047919104529328,20.04808398711366,20.048213583838994,20.048310779038534,20.048378232735363,20.048418397326717,20.048433533345136,20.048425724254923,20.048396890274603,20.048348801238927
0.046799999999999994,20.000000074081292,20.000007083365617,20.00008054243486,20.000363802415844,20.001010812933462,20.002106839486007,20.003652770693233,20.005589079672298,20.00782660783235,20.010269834423184,20.01283052565961,20.01543400219245,20.01802080662115,20.02054590660697,20.022976799999427,20.025291301477488,20.027475410091416,20.029521433294445,20.03142642100401,20.033190902135157,20.03481788932356,20.03631210912208,20.03767941556591,20.038926349564843,20.040059812425262,20.041086827615207,20.04201437008946,20.042849246897426,20.043598016403458,20.044266936338058,20.04486193317777,20.045388587131573,20.045852128391036,20.046257441364528,20.04660907443121,20.04691125337422,20.047167897127423,20.047382634831315,20.04755882346712,20.04769956554482,20.047807726476226,20.047885951380664,20.047936681157687,20.047962167725277,20.047964488369225,20.04794555918341,20.04790714760511
0.04704,20.000000062129008,20.000006259211702,20.000073172005727,20.000336296949044,20.000945606661762,20.001988211329873,20.0034701883808,20.00533781438235,20.00750683255449,20.009885236230794,20.012386981670915,20.01493852571204,20.017480792428135,20.019968632636274,20.02236912441107,20.024659498362325,20.026825098434447,20.028857565661692,20.030753308379325,20.03251225893874,20.034136888142037,20.035631438514407,20.037001336913356,20.038252750661915,20.03939225663034,20.040426598089567,20.04136250908757,20.04220659032435,20.042965223990848,20.043644517851266,20.04425027108202,20.04478795613316,20.04526271224262,20.04567934728924,20.046042345483485,20.046355879018694,20.046623822282708,20.046849767593702,20.047037041700694,20.04718872249905,20.047307655569842,20.047396470271153,20.04745759519883,20.04749327290063,20.047505573776853,20.04749640913638,20.04746754340301
0.047279999999999996,20.000000052058237,20.000005527610398,20.000066445567708,20.000310755887398,20.00088433157303,20.001875759161255,20.003295953875796,20.005096769575434,20.0071987489976,20.009513383940053,20.011956854356743,20.01445680919494,20.016954615675036,20.01940506631718,20.021774870816177,20.024040718711397,20.02618733365461,20.028205717765694,20.030091659097604,20.031844509637573,20.033466210453035,20.03496052889701,20.036332470971967,20.037587834780062,20.0387328756245,20.03977405831438,20.040717876876414,20.041570725917843,20.042338811254382,20.04302809015474,20.04364423373863,20.04419260578925,20.04467825358888,20.045105907433587,20.045479986292374,20.045804607699676,20.04608360044845,20.04632051901759,20.046518658946628,20.046681072583723,20.0468105847941,20.0469098083382,20.046981158720552,20.04702686837908,20.047049000135587,20.047049459865796,20.047030008374705
0.04751999999999999,20.00000004358064,20.00000487857675,20.000060309822537,20.00028704831569,20.000826770002135,20.001769192677877,20.003129728851082,20.00486558397193,20.006901993573603,20.00915392655841,20.011539814944108,20.013988551517716,20.016442005266303,20.018854966882067,20.021193827746515,20.02343477854155,20.025561957029705,20.02756575376162,20.02944135780859,20.031187557091307,20.032805775194344,20.034299313333516,20.03567276316683,20.036931558126604,20.03808163499381,20.039129182013788,20.040080454225862,20.040941640534584,20.04171877029776,20.042417649864955,20.04304382163579,20.043602539900558,20.044098759055693,20.044537130824093,20.044922007915495,20.045257452184277,20.045547245821556,20.04579490448648,20.046003691563715,20.046176632949397,20.046316531932042,20.046425983859216,20.04650739037498,20.046562973083915,20.046594786550404,20.046604730581155,20.046594561767744
0.04776,20.000000036450786,20.000004303154316,20.00005471560288,20.000265051307533,20.00077271503156,20.001668233369085,20.00297118638569,20.004643906430413,20.00661621116251,20.008806519815323,20.011135539747052,20.013533455208997,20.01594269255159,20.01831809502433,20.020625784411493,20.022841493936756,20.02494880943839,20.02693753705711,20.02880228816086,20.03054130298001,20.032155500004826,20.03364772351521,20.035022157512618,20.036283875487293,20.037438498911847,20.038491941523475,20.039450220552148,20.040319319720087,20.041105091961075,20.041813192385558,20.04244903410132,20.0430177611605,20.043524234214456,20.043973025484785,20.04436842045862,20.044714424336828,20.045014771743357,20.045272938573575,20.045492155143656,20.04567542002069,20.045825514079876,20.04594501446185,20.046036308199568,20.046101605356938,20.04614295157615,20.046162239971405,20.046161222337062
0.047999999999999994,20.000000030459958,20.00000379331486,20.00004961757767,20.00024464949336,20.000721970045152,20.001572614142603,20.0028200106985,20.00443139578665,20.00634105503876,20.00847082615397,20.010743710203577,20.013091226515183,20.01545641140801,20.017794212988424,20.020070530790058,20.02226068113795,20.024347731445594,20.026320930391897,20.028174332875032,20.02990564787079,20.03151530128459,20.03300568981507,20.034380596661936,20.035644740269394,20.03680343017797,20.037862307824604,20.038827153947963,20.039703747735295,20.04049776584432,20.04121471192807,20.04185986932094,20.042438271171278,20.042954683596275,20.04341359844966,20.04381923308667,20.044175535128517,20.04448619070808,20.044754635049166,20.044984064517543,20.045177449501942,20.045337547651894,20.045466917128262,20.045567929620805,20.045642782961686,20.04569351322032,20.045722006207356,20.045730008347046
0.04824,20.00000002543085,20.0000033418672,20.000044973976234,20.000225734647785,20.0006743482951,20.0014820789572,20.00267589688206,20.004227720689027,20.00607618679224,20.008146514717087,20.01036401290677,20.012661575460946,20.014982898317875,20.017283084656093,20.019527857719407,20.021692156630312,20.023758563385886,20.025715795915822,20.027557373815714,20.029280491283473,20.030885094254458,20.0323731413413,20.03374802195324,20.035014104544473,20.03617639025544,20.037240250577685,20.038211231212475,20.039094907583184,20.039896780330913,20.040622201532713,20.041276324356648,20.041864070460118,20.04239011070625,20.042858855775286,20.043274454034783,20.043640794647125,20.043961514371418,20.044240006888177,20.044479433762458,20.044682736383,20.04485264838553,20.044991708199532,20.04510227145807,20.045186523086752,20.04524648894593,20.045284046944143,20.04530093757361
0.048479999999999995,20.000000021212976,20.000002942374422,20.000040746330185,20.00020820529567,20.000629672482102,20.0013963824615,20.002538550636913,20.004032559430968,20.005821276244347,20.00783326132719,20.009996139630438,20.012244215904683,20.01452189244198,20.016784475628874,20.018997556980654,20.021135737228025,20.0231811454448,20.025121995265263,20.026951292062233,20.02866573175531,20.030264793014716,20.031750005990325,20.033124373458442,20.034391919090986,20.035557339309392,20.03662573815637,20.037602427881357,20.03849278103537,20.039302122611293,20.040035653089273,20.04069839516519,20.04129515849558,20.04183051803791,20.042308802553528,20.042734090619547,20.04311021210694,20.043440753559224,20.043729066277795,20.04397827620818,20.044191294945083,20.044370831346512,20.044519403380168,20.04463934992754,20.0447328423492,20.044801895674464,20.04484837932378,20.04487402730643
0.04871999999999999,20.000000017678744,20.000002589078814,20.000036899232132,20.00019196633641,20.000587774348645,20.001315289639265,20.002407688006855,20.0038455997806,20.0055760013595,20.007530748461466,20.009639787349425,20.011838865589052,20.014073135688648,20.016298153306938,20.018479421381443,20.020591240156605,20.022615317738236,20.024539389637994,20.02635596797816,20.028061266904817,20.02965431060318,20.031136210499277,20.03250959003013,20.033778133436574,20.034946236244632,20.036018737681143,20.037000718256763,20.037897348658795,20.038713778706573,20.039455057358083,20.04012607661664,20.040731533704,20.041275907087734,20.041763442924392,20.042198149250346,20.042583795858746,20.042923918276344,20.04322182462527,20.04348060444404,20.04370313876682,20.043892110934134,20.04405001774272,20.044179180646232,20.04428175679809,20.044359749788942,20.04441501997781,20.044449294351214
0.04896,20.000000014720086,20.000002276833758,20.000033400110226,20.000176928685743,20.000548494285265,20.001238575461237,20.00228303511536,20.003666538808062,20.005340048152203,20.00723866522153,20.00929465825469,20.011445246186675,20.013636372778414,20.015823886964235,20.017973244835453,20.020058483132637,20.022060920389773,20.02396783986642,20.025771281279514,20.027466993494528,20.029053559052485,20.03053168049792,20.03190360934837,20.03317269590011,20.03434303874327,20.035419215052936,20.03640607543729,20.03730858984234,20.038131733492218,20.038880403991044,20.039559362513046,20.040173193486027,20.040726278369807,20.04122278008899,20.041666635440812,20.042061553399964,20.04241101771555,20.042718292565777,20.042986430325858,20.043218280730347,20.043416500886632,20.043583565732497,20.04372177863614,20.043833281918072,20.043920067137073,20.04398398503003,20.044026755032057
0.049199999999999994,20.000000012245554,20.000002001042077,20.000030219017706,20.0001630089346,20.000511680949653,20.001166024543775,20.002164327903568,20.003495082710725,20.00511311059008,20.006956707298173,20.008960459763372,20.011063083341064,20.013211351304502,20.015361447820002,20.01747882243886,20.019537284441025,20.0215177936059,20.023407206489146,20.02519711110166,20.026882807492782,20.028462449446543,20.02993634055993,20.031306367967016,20.032575553633354,20.033747703302073,20.034827134986532,20.035818471347802,20.03672648282343,20.037555970721705,20.038311681552667,20.038998245607107,20.039620134233203,20.04018163143052,20.04068681632258,20.041139553820383,20.041543491384875,20.041902060266608,20.042218479970426,20.042495764983013,20.042736733027546,20.042944014286665,20.043120061172395,20.04326715832845,20.043387432633104,20.04348286303448,20.04355529009935,20.04360642519392
0.04944,20.000000010177843,20.000001757600227,20.000027328436584,20.000150129024316,20.000477190898465,20.001097430814433,20.002051311870044,20.003330946636677,20.004894890493137,20.006684576931505,20.00863690452394,20.010692106702958,20.012797821789146,20.014910609106646,20.01699595054374,20.01902746300966,20.020985777749214,20.022857349820853,20.02463333606489,20.026308604134417,20.027880891976245,20.02935011425359,20.03071780135962,20.03198665266233,20.033160185269644,20.034242461043863,20.035237876769177,20.03615100471458,20.03698647305022,20.037748877541148,20.03844271762095,20.039072351344636,20.03964196486339,20.0401555529877,20.040616908145964,20.041029615634947,20.04139705352539,20.041722395954356,20.042008618825594,20.042258507166352,20.042474663566903,20.042659517267797,20.04281533356789,20.042944223310247,20.043048152268028,20.043128950302638,20.043188320205147
0.049679999999999995,20.00000000845166,20.00000154284782,20.000024703094603,20.000138215937742,20.00044488823168,20.00103259718464,20.001943741812713,20.003173854506823,20.004685097429476,20.006421982866584,20.008323710416686,20.01033204996214,20.01239553773584,20.01447114613412,20.016524426828457,20.018528838481622,20.020464713409545,20.022318130020533,20.024079834338625,20.025744277980415,20.027308795994283,20.028772924191806,20.030137843964813,20.03140593792829,20.03258043888327,20.03366515566711,20.034664261367972,20.035582131529914,20.03642322205828,20.037191978409464,20.037892769264896,20.038529839243722,20.039107276323918,20.039628990547392,20.04009870131366,20.04051993114926,20.040896004303157,20.041230048884927,20.041525001551655,20.041783613977184,20.04200846051568,20.04220194661159,20.04236631761711,20.04250366776355,20.04261594909925,20.04270498025777,20.042772454960065
0.04991999999999999,20.00000000701193,20.00000135352202,20.000022319794738,20.00012720140555,20.00041464424933,20.000971335229547,20.001841381573126,20.00302353883586,20.004483448607886,20.006168640304843,20.008020600549692,20.009982650874946,20.012004255677642,20.01404283635078,20.01606405036508,20.018041231284883,20.01995444147301,20.021789407158042,20.023536483704316,20.0251897229765,20.02674607006916,20.028204692081513,20.02956642923117,20.030833353328358,20.032008417305565,20.033095180211596,20.03409759372592,20.035019838211575,20.035866198275375,20.036640969586465,20.037348390256298,20.037992591394918,20.038577562544543,20.039107128578507,20.039584935370605,20.040014442115012,20.040398918635876,20.04074144639,20.041044922154573,20.04131206361946,20.04154541628278,20.041747361189266,20.041920123161205,20.042065779258014,20.042186267267816,20.04228339408666,20.0423588438817
0.050159999999999996,20.000000005812222,20.000001186716382,20.00002015725648,20.000117021627297,20.000386337120364,20.000913464875232,20.001744003783397,20.00287974055243,20.00428966876745,20.005924270851523,20.00772730325049,20.009643651287497,20.011623735221583,20.01362545940085,20.015614621683877,20.017564462699507,20.019454803189046,20.02127104127898,20.023003161616973,20.02464483251062,20.026192622038323,20.02764533877239,20.029003489661648,20.03026884175574,20.031444072660808,20.032532494978547,20.03353784136934,20.03446409865608,20.035315381203578,20.036095835497978,20.036809569338367,20.03746060032056,20.038052819349627,20.038589965785054,20.03907561152687,20.039513151918136,20.039905801793648,20.040256595366333,20.04056838893048,20.040843865588197,20.041085541385286,20.0412957723841,20.041476762312307,20.041630570513647,20.041759119995135,20.04186420541842,20.04194750092452
0.05039999999999999,20.000000004813444,20.000001039843685,20.00001819596817,20.00010761700658,20.00035985156351,20.00085881409324,20.00165138961598,20.002742208818784,20.004103490064495,20.005688602459347,20.00744355205355,20.009314797154893,20.011253739089312,20.01321879717854,20.015175942834908,20.01709835492246,20.01896564023539,20.02076289246789,20.022479745265354,20.024109499469382,20.025648359060483,20.027094784304918,20.028448956857403,20.029712345139593,20.030887356070966,20.031977059247563,20.03298497079838,20.0339148857406,20.034770749341057,20.03555655958788,20.03627629429904,20.03693385761772,20.037533041670507,20.038077500011646,20.03857073016743,20.039016063153948,20.039416658290218,20.039775501988036,20.0400954094858,20.0403790287207,20.040628845713517,20.040847190982433,20.041036246614247,20.041198053709596,20.041334519987977,20.041447427392583,20.04153843957728
0.05064,20.000000003982713,20.000000910602466,20.00001641804975,20.00009893189983,20.000335078539845,20.0008072186026,20.001563328536545,20.002610700850152,20.00392465195717,20.005461369368646,20.007169085683813,20.008995838556405,20.010894033154038,20.012822633878834,20.014747817446743,20.016642731129938,20.018486794781044,20.02026482090982,20.02196611163076,20.023583616293354,20.025113187667003,20.02655294795773,20.027902761561148,20.02916380448444,20.03033821769147,20.031428831308933,20.03243894751611,20.033372171349104,20.034232280205597,20.03502312433917,20.035748551989844,20.036412353975066,20.037018223560604,20.03756972825697,20.038070290864226,20.03852317763791,20.038931491892562,20.03929817171511,20.03962599074487,20.03991756120335,20.040175338537065,20.040401627179016,20.04059858704731,20.040768240488376,20.04091247944224,20.041033072662398,20.041131672865934
0.050879999999999995,20.00000000329239,20.000000796946857,20.000014807125247,20.00009091437809,20.00031191495688,20.00075852157928,20.001479618060134,20.002484981734103,20.003752901087836,20.00524231204414,20.00690364803637,20.008686529706868,20.01054438647388,20.01243675604508,20.01433005078239,20.016197415537327,20.018018109547228,20.019776686950177,20.02146213754451,20.023067075031285,20.024587013812436,20.026019748294274,20.02736483369992,20.028623159909205,20.029796606746604,20.030887768495678,20.031899736057458,20.03283592639844,20.03369995035801,20.034495511295,20.03522632834477,20.035896079189815,20.036508358210536,20.037066646687354,20.037574292388253,20.038034496416447,20.03845030563055,20.038824609302083,20.039160138957598,20.03945947057844,20.0397250285109,20.03995909058246,20.04016379403307,20.040341141960145,20.040493010046735,20.040621153398213,20.040727213356618
0.05112,20.00000000271927,20.000000697059438,20.000013348204376,20.00008351600136,20.000290263383906,20.000712573373196,20.001400063510758,20.00236482425015,20.003587991163542,20.005031177108634,20.00664698815259,20.008386628964335,20.010204571321726,20.012060952613396,20.013922449792453,20.015762233456794,20.017559427866313,20.019298351152948,20.020967699744013,20.022559767393222,20.024069742924166,20.025495103208776,20.026835102427338,20.028090350685765,20.029262471564632,20.03035382721537,20.031367300017973,20.03230612086426,20.033173735425507,20.03397370107968,20.034709608399112,20.035385022184595,20.036003437963306,20.036568250650333,20.037082732721746,20.037550019777836,20.037973101806678,20.038354818806695,20.038697859707277,20.039004763751134,20.039277923681542,20.039519590220728,20.039731877439298,20.039916768707076,20.040076122987067,20.0402116812909,20.04032507315869
0.051359999999999996,20.000000002243894,20.000000609326836,20.000012027572758,20.000076691604917,20.00027003177835,20.00066923123271,20.001324477784614,20.00225000868982,20.00342968283485,20.00482771727377,20.00639886019269,20.008095898834217,20.00987436321166,20.011695014953997,20.01352482316552,20.0153370113525,20.017110593738803,20.018829674357253,20.020482674927518,20.0220615848025,20.02356127995116,20.02497892997147,20.02631349616522,20.02756531527713,20.02873575961254,20.02982696298171,20.030841602082397,20.031782723806828,20.032653610124957,20.033457673419633,20.034198376308332,20.034879171024414,20.035503454329476,20.03607453468828,20.036595609070364,20.037069747263136,20.03749988200586,20.037888803598676,20.038239157918387,20.03855344699645,20.03883403149334,20.039083134546736,20.039302846584942,20.039495130787802,20.03966182894959,20.039804667555384,20.039925263927866
0.05159999999999999,20.00000000184996,20.000000532317785,20.000010832690062,20.000070399097112,20.0002511332229,20.0006283590366,20.001252681117123,20.002140322677388,20.003277743573168,20.004631691268074,20.00615902340507,20.007814105969913,20.009553540922116,20.011338736909472,20.013136981375922,20.014921576893517,20.01667145188831,20.018370517732272,20.020006939807462,20.02157241844661,20.023061529411795,20.024471145273118,20.025799942644717,20.02704799137511,20.02821641753047,20.0293071304458,20.030322604053058,20.031265703396727,20.03213954828609,20.03294740716429,20.03369261536687,20.034378512933568,20.0350083980024,20.035585492552066,20.03611291787548,20.03659367767719,20.037030647105293,20.037426566368566,20.037784037864526,20.038105525966355,20.038393358794778,20.038649731444014,20.038876710245184,20.039076237741916,20.039250138125425,20.03940012293421,20.039527796869383
0.05184,20.00000000152381,20.00000046476344,20.000009752095707,20.000064599268164,20.000233485673107,20.000589827033586,20.00118450085379,20.00203556099149,20.003131947546876,20.00444286376251,20.00592724209248,20.007541021170184,20.00924188651578,20.01099191483012,20.012758736728834,20.01451575900446,20.016241847814612,20.01792074283048,20.01954037116247,20.02109215932698,20.02257039544079,20.023971665268764,20.025294368946774,20.02653831593756,20.02770439116574,20.028794283427196,20.02981026687804,20.030755026940362,20.031631522874573,20.032442880306938,20.03319230802694,20.03388303431258,20.034518258873437,20.035101117214772,20.035634654826477,20.036121809099676,20.036565397284367,20.036968109136623,20.03733250317637,20.0376610056969,20.0379559118449,20.038219388232406,20.03845347665655,20.038660098594548,20.03884106021455,20.0389980577012,20.039132682741265
0.052079999999999994,20.00000000125403,20.00000040553971,20.000008775321522,20.00005925560946,20.000217011715236,20.000553511589217,20.00111977122517,20.001935525387832,20.00299207549638,20.004261005293664,20.005703285575212,20.007276419373287,20.008939185356386,20.010654347606376,20.012389903402784,20.014119387913844,20.015821627844744,20.017480211639317,20.019082845887997,20.020620698307596,20.022087781835214,20.023480405620802,20.024796701542076,20.026036225225138,20.027199625606578,20.028288374944648,20.029304550679164,20.030250660905356,20.031129506014988,20.031944070005494,20.032697435917274,20.03339272075509,20.034033026047194,20.034621400885378,20.03516081487306,20.0356541388962,20.036104132034627,20.03651343326176,20.036884556849717,20.037219890615436,20.037521696319754,20.037792111673905,20.038033153522115,20.038246721861015,20.03843460442995,20.038598481665144,20.038739931857616
0.05232,20.000000001031086,20.000000353651412,20.00000789281093,20.000054334142874,20.000201638334044,20.000519294940233,20.001058333125933,20.00184002442314,20.002857914608366,20.004085892184836,20.005486928151466,20.007020079648083,20.008645226122493,20.010325836698414,20.012030297489606,20.013732295200214,20.01541063918221,20.017048786631175,20.01863424104561,20.020157926162515,20.021613592099573,20.022997281541237,20.024306866330313,20.025541654837586,20.026702065215403,20.027789357246547,20.028805414779736,20.029752570945764,20.030633469013715,20.03145095260321,20.032207979861845,20.032907557064767,20.033552687856762,20.034146335022506,20.03469139223767,20.035190663729416,20.035646850169808,20.03606253945056,20.036440201253583,20.036782184547874,20.03709071731893,20.03736790797847,20.037615748016744,20.03783611555152,20.03803077950182,20.03820140417359,20.038349554092004
0.052559999999999996,20.000000000847017,20.000000308218087,20.000007095844246,20.000049803259678,20.00018729669028,20.000487064956207,20.001000033898123,20.001748873280516,20.00272925838939,20.003917306465134,20.00527794905506,20.006771785182178,20.008359800818315,20.010006186163004,20.011679737031944,20.0133543138361,20.015008729954264,20.016626330811828,20.018194433910928,20.01970373362226,20.021147729489986,20.022522207833234,20.023824788678915,20.025054539749526,20.026211653661765,20.0272971818411,20.028312817732065,20.029260721927127,20.030143382381667,20.03096350364928,20.031723919898518,20.032427527272173,20.033077231878945,20.033675910348165,20.034226380427835,20.034731379570225,20.03519354983587,20.035615427766334,20.03599943813834,20.036347890726034,20.036662979372135,20.036946782809963,20.037201266792405,20.03742828717593,20.037629593681856,20.03780683411666,20.037961558880884
0.05279999999999999,20.000000000695177,20.000000268461307,20.00000637646963,20.00004563356855,20.00017392190757,20.000456714908516,20.000944727118796,20.001661893596427,20.002605906539017,20.0037550357868,20.005076132410608,20.006531323267264,20.008082704781717,20.009695202677662,20.01133804205827,20.012985278229795,20.014615749257352,20.016212707767206,20.017763302020175,20.019258011419094,20.020690097057397,20.022055098931872,20.0233503934611,20.024574814345776,20.02572833395488,20.02681179952616,20.027826717344762,20.02877507795133,20.029659215856903,20.03048169791937,20.031245235297657,20.03195261465159,20.032606644949496,20.033210116861515,20.033765772248618,20.034276281708937,20.034744228521127,20.035172097638213,20.035562268643922,20.035917011795,20.03623848644586,20.03652874129213,20.03678971598355,20.037023243748585,20.037231054747586,20.03741477993095,20.037575955227073
0.05304,20.000000000570047,20.000000233693303,20.000005727439344,20.00004179775233,20.000161452868433,20.00042814324644,20.00089227239195,20.00157891328938,20.002487664822674,20.003598873340923,20.00488126718633,20.006298485281732,20.00781373668947,20.009392695562216,20.011005034615533,20.012625024265002,20.014231547200666,20.015807781708645,20.017340723215458,20.018820650331136,20.020240597689906,20.02159586894418,20.02288360509337,20.02410241245613,20.02525204847577,20.026333160418794,20.027347070709776,20.02829560238131,20.02918093842712,20.030005509436055,20.030771904580668,20.031482801737837,20.032140913178317,20.032748943852607,20.033309559815034,20.03382536476654,20.03429888306635,20.03473254787031,20.035128693308074,20.03548954982057,20.035817241950046,20.03611378801462,20.036381101212523,20.036620991793196,20.03683517000675,20.037025249603452,20.037192751703312
0.053279999999999994,20.00000000046702,20.000000203306822,20.000005142150904,20.000038270432995,20.000149832019176,20.000401253380442,20.000842535144955,20.001499766390488,20.002374344944368,20.003448617771678,20.00469314714465,20.006073066670744,20.007552698559866,20.009098476797806,20.010680538799456,20.012273389338404,20.0138559749479,20.0154114175165,20.01692657568864,20.01839154122541,20.019799134154123,20.02114443168835,20.022424347572294,20.02363726738967,20.024782739008995,20.025861213984456,20.026873834229185,20.027822257865527,20.02870851835198,20.02953491148915,20.030303905538464,20.031018070343027,20.03168002196464,20.03229237991615,20.0328577345645,20.033378622705914,20.033857509674963,20.03429677665088,20.03469871207464,20.035065506296743,20.035399248744863,20.03570192703907,20.035975427595076,20.036221537347785,20.036441946301757,20.03663825067559,20.036811956455846
0.05352,20.000000000382265,20.00000017676607,20.000004614592836,20.000035028044564,20.000139005183335,20.000375953472368,20.00079538642942,20.00142429287603,20.002265764419487,20.0033040730893,20.004511570790697,20.005854866923816,20.007299395752746,20.00881236104341,20.010364380782566,20.01193021239519,20.013488884757216,20.015023480782283,20.016520738023956,20.01797057509974,20.01936560913563,20.020700700732238,20.021972544510763,20.023179311968537,20.024320346773962,20.025395909065914,20.026406963641737,20.02735500636229,20.028241923185305,20.029069876655925,20.029841215249863,20.03055840157326,20.031223956012223,20.031840412965252,20.032410287269286,20.032936048843144,20.033420103923234,20.033864781561572,20.0342723243019,20.03464488215323,20.03498450914749,20.035293161905255,20.03557269974588,20.03582488596967,20.03605139001418,20.036253790247244,20.036433577208086
0.053759999999999995,20.000000000312614,20.000000153598595,20.000004139294667,20.00003204871345,20.00012892138348,20.00035215623265,20.000750702726602,20.001352338502155,20.002161746447758,20.00316504858192,20.004336341318893,20.005643689550084,20.007053636967136,20.008534165649998,20.010056388839974,20.011595333962557,20.013130130019398,20.014643837849192,20.016123089239272,20.017557643123574,20.01893992527849,20.020264589431065,20.021528119173542,20.022728478561216,20.023864812455862,20.024937193911793,20.025946414049145,20.02689380916383,20.027781119797137,20.028610376821213,20.02938381009992,20.03010377584532,20.03077269934446,20.03139303024517,20.03196720804898,20.032497635858782,20.0329866607705,20.033436559586665,20.033849528770943,20.034227677763056,20.034573024938968,20.03488749563726,20.035172921784124,20.035431042740512,20.035663507069312,20.03587187498087,20.0360576212643
0.05399999999999999,20.000000000255422,20.00000013338811,20.000003711280865,20.000029312145973,20.000119532671,20.000329778724236,20.000708365757323,20.001283754641765,20.00206211978658,20.0030313587264,20.004167266557705,20.005439342051336,20.006815234236438,20.00826371067235,20.00975639337301,20.011268596181242,20.012779565294316,20.014272355851194,20.015733508826084,20.017152636677686,20.01852198522388,20.019836010964355,20.021090994512214,20.022284699115296,20.023416076236135,20.024485016204814,20.025492139942084,20.02643862692023,20.02732607439559,20.02815638319744,20.02893166579815,20.02965417290327,20.030326235319514,20.03095021834703,20.031528486382957,20.032063375809177,20.032557174569423,20.033012107122374,20.033430323694095,20.033813892950153,20.034164797371105,20.034484930749734,20.034776097339147,20.03504001227142,20.035278302940768,20.035492511105645,20.03568409551335
0.05424,20.000000000208505,20.000000115768035,20.00000332602844,20.000026799522555,20.000110793963668,20.000308742173225,20.000668262296482,20.001218398123758,20.001966718624786,20.00290282309832,20.00400415891272,20.00524163589291,20.006584002921382,20.008000818878575,20.009464226930664,20.010949842835114,20.0124370463456,20.013908902750522,20.015351876788166,20.016755447392754,20.018111691647704,20.0194148783721,20.020661093199475,20.021847905189674,20.022974077822543,20.024039323089653,20.02504409522594,20.02598941966306,20.026876752548585,20.02770786634446,20.028484757396697,20.029209571834997,20.02988454664536,20.030511963221542,20.03109411112282,20.03163326013777,20.03213163907625,20.032591419986144,20.033014706723346,20.033403526997034,20.03375982717339,20.034085469254155,20.034382229556133,20.034651798708076,20.034895782655134,20.03511570442168,20.035313006432535
0.054479999999999994,20.000000000170054,20.000000100415793,20.00000297942796,20.000024493398396,20.000102662890725,20.00028897178605,20.000630283992095,20.001156131074673,20.001875382457033,20.002779266281244,20.00384683530818,20.005050386472583,20.006359761700764,20.00774531575747,20.009179724228986,20.010638919378838,20.01210243017364,20.013553347373737,20.014978073678964,20.016365967186857,20.017708947297347,20.01900110459012,20.020238337662775,20.021418027986233,20.022538756478763,20.023600061200476,20.024602233246235,20.02554614682885,20.026433119205382,20.02726479618929,20.028043059308345,20.028769951088677,20.02944761539482,20.03007825019267,20.03066407050486,20.03120727968642,20.031710047461107,20.03217449342601,20.032602674958827,20.03299657865245,20.033358114559977,20.033689112665137,20.03399132110182,20.034266405735934,20.034515950796656,20.034741460304275,20.034944360091384
0.05472,20.00000000013857,20.000000087047702,20.000002667747676,20.000022377610147,20.000095099645165,20.000270396573104,20.000594327188903,20.001096820762815,20.00178795595891,20.002660517775407,20.003695117127055,20.00486541308752,20.00614233256006,20.00749702952373,20.008902722168436,20.01033567296369,20.011775575046922,20.013205559446273,20.014611980637692,20.01598408830187,20.017313655027472,20.01859460248467,20.019822650117295,20.02099499838101,20.02211005105357,20.023167176688062,20.024166506813813,20.02510876728229,20.025995138717928,20.026827142045715,20.027606545324485,20.028335288489192,20.029015423020525,20.029649063971277,20.03023835216247,20.0307854247067,20.03129239231827,20.031761322129917,20.032194224957315,20.032593046139144,20.032959659236678,20.03329586200682,20.03360337417028,20.033883836585453,20.034138811512005,20.034369783708197,20.034578162155576
0.054959999999999995,20.000000000112813,20.00000007541447,20.000002387600595,20.000020437188383,20.000088066843016,20.00025294917867,20.00056029275655,20.001040339444963,20.00170428886286,20.002546411905932,20.003548830149814,20.004686538899488,20.005931540778022,20.00725579112109,20.008633059849256,20.010039952461515,20.011456340531666,20.012865409625547,20.014253479424166,20.015609703338765,20.01692571783488,20.018195284886236,20.01941395259829,20.020578746954772,20.02168790000956,20.022740615246637,20.02373686822968,20.024677239339212,20.025562774862024,20.026394872633738,20.027175188632928,20.02790556125443,20.028587950369825,20.029224388668734,20.029816943138577,20.03036768487123,20.03087866567647,20.031351900235123,20.03178935274074,20.032192927161567,20.032564460408018,20.032905717819233,20.033218390488713,20.033504094037344,20.033764368515016,20.03400067917203,20.034214417890862
0.05519999999999999,20.00000000009176,20.000000065297158,20.00000213591424,20.000018658275486,20.000081529389313,20.000236565716985,20.000528085922273,20.000986564215694,20.001624235835088,20.00243678773074,20.003407804492024,20.004513590898306,20.005727214911353,20.00702143422349,20.00837057858492,20.00975160848692,20.01114458751988,20.012532769532626,20.013902452452374,20.01524270529182,20.016545038892456,20.01780306462257,20.019012166992756,20.020169204023066,20.021272241451417,20.022320322140246,20.02331326930957,20.024251520789313,20.025135990858306,20.025967956098853,20.02674896183563,20.027480746011513,20.02816517769964,20.0288042078105,20.02939982989801,20.029954049284957,20.030468859009193,20.030946221337555,20.03138805380474,20.03179621891366,20.032172516784282,20.032518680164735,20.032836371323306,20.0331271804279,20.033392625091548,20.033634150822543,20.03385313216704
0.055439999999999996,20.000000000074568,20.000000056503612,20.00000190990289,20.00001702804868,20.00007545435056,20.000221185614386,20.00049761610813,20.000935376859427,20.001547656353456,20.002331488948197,20.003271874540832,20.004346399863714,20.005529186777515,20.00679379523432,20.008115121913704,20.00947049341769,20.010840178255826,20.012207511782464,20.01355878282282,20.01488298758177,20.016171521582187,20.01741785455092,20.018617215070453,20.01976629966573,20.020863013153715,20.021906242228837,20.02289566140819,20.02383156891867,20.024714749393013,20.025546360031218,20.02632783696627,20.02706081881296,20.027747084691253,20.028388504349635,20.028986998339864,20.029544506496435,20.030062963244973,20.0305442785012,20.030990323127202,20.031402918086638,20.031783826588633,20.03213474863446,20.032457317485076,20.032753097654332,20.033023584104324,20.033270202379107,20.033494309461958
0.05567999999999999,20.000000000060545,20.00000004886531,20.00000170704213,20.00001553464794,20.00006981083339,20.000206751457295,20.000468796772704,20.000886663705174,20.00147441458659,20.002230363804703,20.003140878890495,20.00418480032577,20.005337291435765,20.00657271328379,20.007866535608432,20.00919646141353,20.0105429763609,20.011889510012765,20.013222354353623,20.014530444087892,20.015805069527282,20.017039567589507,20.018229018514266,20.019369963755828,20.02046015258829,20.02149831999389,20.022483995443178,20.02341734053194,20.02429901263857,20.025130051484613,20.025911785507745,20.026645755152717,20.027333650465003,20.027977260680295,20.028578433809837,20.029139044509115,20.02966096877767,20.03014606426751,20.030596155176834,20.031013020876824,20.03139838756421,20.031753922354813,20.032081229335812,20.032381847180133,20.032657247997818,20.032908837158157,20.033137953865577
0.05592,20.000000000049113,20.000000042234536,20.000001525045533,20.000014167108475,20.000064569869217,20.000193208846,20.000441545257253,20.000840315484105,20.001404379274156,20.002133265002232,20.003014660277056,20.0040286305238,20.005151367166494,20.006358030224526,20.007624667684464,20.00892936843307,20.01025284685698,20.011578638911445,20.012893051610398,20.014184969178995,20.01544558662334,20.016668116748196,20.017847498949873,20.018980125988055,20.0200635969511,20.021096499563708,20.022078221918708,20.023008791974355,20.023888742273936,20.02471899699526,20.025500778409484,20.026235529982106,20.026924853594952,20.02757045865113,20.028174121112517,20.02873765079257,20.02926286547678,20.029751570664775,20.030205543921742,20.03062652299344,20.03101619698127,20.031376199993993,20.031708106793985,20.032013430040514,20.0322936188032,20.032550058077664,20.03278406908405
0.056159999999999995,20.000000000039805,20.00000003648191,20.000001361843296,20.000012915297553,20.000059704304594,20.00018050625402,20.000415782636285,20.000796227189934,20.001337423608497,20.002040049606016,20.00289306551222,20.003877732364067,20.004971255449,20.006149590625437,20.007389368405967,20.008669072249305,20.00996965618828,20.01127477424276,20.012570759934952,20.013846457743416,20.01509297706866,20.016303415158415,20.017472577974814,20.018596715906543,20.019673283188684,20.020700724738315,20.021678290948795,20.02260587915343,20.023483899504782,20.024313162600478,20.025094786104667,20.02583011772566,20.026520672123432,20.027168079578676,20.027774044523635,20.02834031229374,20.028868642697685,20.02936078921754,20.02981848283802,20.030243419666494,20.030637251644375,20.031001579768496,20.031337949340728,20.03164784684782,20.031932698143294,20.032193867661668,20.03243265844384
0.05639999999999999,20.00000000003223,20.00000003149418,20.00000121556268,20.00001176985543,20.00005518869713,20.000168594892926,20.0003914335725,20.000754297942134,20.00127342511761,20.00195057895239,20.00277594541662,20.003731951376235,20.004796800937676,20.005947241763927,20.007160490290506,20.0084154324634,20.009693272241726,20.01097779287207,20.012255365472793,20.013514805217927,20.014747145393606,20.015945376102263,20.017104177186845,20.018219662932164,20.01928914802407,20.020310939013925,20.02128415228029,20.022208557560415,20.023084445083406,20.023912513857134,20.024693778527283,20.02542949229688,20.02612108357554,20.02677010426064,20.027378187802285,20.027947015448106,20.028478289291915,20.028973710955977,20.02943496491833,20.029863705654584,20.03026154789954,20.030630059449702,20.030970756025816,20.03128509779701,20.031574487237542,20.03184026804484,20.032083724895884
0.056639999999999996,20.000000000026073,20.000000027172284,20.000001084510124,20.0000107221401,20.000050999216636,20.000157428582504,20.000368426176017,20.00071443085207,20.001212265549643,20.00186471855696,20.002663154752465,20.003591136668653,20.004627851436812,20.00575083361652,20.00693788811204,20.008168310516965,20.009423564365893,20.010687572789326,20.01194675519945,20.013189907615644,20.01440799648911,20.015593913040888,20.016742218211657,20.017848896389232,20.01891112798228,20.019927085607073,20.02089575531551,20.02181678229146,20.022690339328452,20.023517015859955,20.02429772512906,20.025033627113835,20.0257260649735,20.026376512989152,20.02698653420308,20.027557746190872,20.028091793617378,20.02859032642526,20.0290549826805,20.029487375252803,20.02988908164143,20.030261636370444,20.030606525473672,20.03092518267114,20.031218986907064,20.031489260977033,20.03173727101976
0.05687999999999999,20.000000000021075,20.000000023429614,20.000000967154897,20.00000976417571,20.00004711355137,20.000146963626076,20.000346691867914,20.000676532892008,20.00115383075887,20.00178233802311,20.00255455215575,20.003455140882664,20.004464257873956,20.00556021884794,20.006721418902362,20.007927569702794,20.009160403388506,20.01040399313124,20.011644816945644,20.0128716615529,20.014075435634243,20.015248939642078,20.016386622729936,20.01748434553165,20.018539159415333,20.0195491074783,20.02051304913457,20.02143050806853,20.022301542144408,20.023126633259622,20.023906594896246,20.024642495114673,20.025335592851015,20.025987285563946,20.026599066488274,20.027172489968088,20.0277091435486,20.02821062569496,20.02867852817611,20.02911442230058,20.02951984832058,20.029896307431585,20.030245255889426,20.030568100846903,20.030866197579677,20.03114084782794,20.031393299027926
0.05712,20.00000000001702,20.000000020190516,20.000000862114142,20.000008888604373,20.00004351081911,20.000137158690833,20.00032616524793,20.000640514767028,20.001098010593275,20.001703310951015,20.00245000006807,20.003323820145898,20.00430587427204,20.005375252798746,20.00651094195099,20.00769307517417,20.008903661632587,20.010126934202223,20.01134943942135,20.01255996427512,20.013749368522973,20.014910369807072,20.016037312503748,20.017125939568512,20.018173178526773,20.019176947355472,20.02013598251737,20.021049689260018,20.021918013040857,20.022741330280695,20.023520356366216,20.024256068773013,20.024949643267426,20.025602401305445,20.026215766939817,20.026791231747747,20.02733032648689,20.02783459836838,20.028305592999065,20.028744840189564,20.029153842950596,20.02953406910866,20.02988694506493,20.03021385130014,20.030516119294973,20.03079502959169,20.031051810769945
0.057359999999999994,20.00000000001373,20.000000017388942,20.000000768139245,20.000008088641202,20.000040171482866,20.000127974693097,20.00030678396632,20.000606290789882,20.00104469878377,20.001627514847158,20.002349364668127,20.003197034024748,20.004152557720246,20.005195793471554,20.006306318803663,20.0074646939527,20.00865321293124,20.00985627749401,20.01106051223869,20.012254713681692,20.01342970128997,20.01457811769663,20.015694209402305,20.01677360768913,20.017813121395722,20.018810547756665,20.019764503965224,20.020674279901094,20.0215397111515,20.022361070739343,20.023138977643963,20.023874320113205,20.024568191821857,20.025221839067793,20.025836617371375,20.026413956030837,20.026955329370523,20.0274622335919,20.0279361682942,20.02837862187149,20.028791060115374,20.02917491745846,20.02953159038486,20.02986243261143,20.030168751709407,20.030451806891552,20.030712807736766
0.0576,20.00000000001107,20.00000001496727,20.000000684103366,20.000007358032356,20.00003707727104,20.00011937468826,20.000288488599793,20.000573778758767,20.000993792835114,20.00155483103447,20.00225251580303,20.003074645476,20.00400416834373,20.00502170151592,20.006107413259382,20.00724229493478,20.008408932641093,20.00959190570416,20.010777925933766,20.01195580834986,20.013116340535596,20.01425209775635,20.015357235427032,20.016427279087512,20.017458924000444,20.01844985101267,20.019398561722188,20.02030423371376,20.02116659525297,20.021985818060887,20.022762426418396,20.023497220725446,20.024191213667205,20.024845577251792,20.025461599140257,20.026040646862334,20.02658413868486,20.02709352006431,20.027570244765815,20.02801575986605,20.02843149397633,20.02881884812569,20.029179188832774,20.029513842971642,20.029824094101425,20.03011117998459,20.03037629106502
0.057839999999999996,20.000000000008914,20.00000001287525,20.000000608990096,20.000006691015948,20.000034211101823,20.000111323765378,20.000271222531453,20.000542899838006,20.000945193918557,20.00148514456315,20.00215932691945,20.0029565207978,20.003860569272256,20.004852840211928,20.005914091366098,20.00702574889672,20.00817069765449,20.009333702753274,20.01050157198737,20.011663147557634,20.012809193350016,20.01393222474122,20.015026312736016,20.016086882986258,20.017110522241463,20.018094799289084,20.019038103796,20.01993950412661,20.020798623783357,20.021615535297126,20.022390669978495,20.023124741780816,20.023818683524066,20.02447359381779,20.025090693159306,20.025671287842197,20.026216740472464,20.02672844604609,20.027207812686257,20.027656246268762,20.028075138279643,20.02846585634961,20.02882973699723,20.029168080187556,20.02948214537659,20.0297731487664,20.030042261541336
0.05807999999999999,20.000000000007173,20.000000011069112,20.00000054188309,20.000006082285605,20.00003155701164,20.000103788946156,20.000254931834668,20.000513578441666,20.000898806766262,20.001418344122254,20.00206967499473,20.002842529579908,20.003721626607838,20.0046890754526,20.00572622141512,20.006814928498528,20.007938386410395,20.009081553801106,20.010231342844637,20.011376631305755,20.012508167336474,20.01361841373943,20.01470136366779,20.01575234865993,20.016767851964165,20.017745334607984,20.018683077978725,20.01958004429434,20.02043575486053,20.02125018514348,20.022023675229292,20.022756854046104,20.023450575694504,20.024105866298427,20.024723879908713,20.02530586213624,20.02585312034315,20.026366999368708,20.02684886190444,20.027300072758834,20.027721986363456,20.028115936970647,20.02848323107788,20.028825141687456,20.02914290407273,20.029437712775817,20.029710719606683
0.05832,20.000000000005766,20.000000009510728,20.00000048195665,20.00000552695654,20.00002910008746,20.000096739088303,20.000239565160815,20.00048574212008,20.000854539567538,20.00135432195206,20.001983440467974,20.002732544653483,20.003587209391412,20.004530275725088,20.005543673934227,20.00660970828645,20.007711878904086,20.008835345261474,20.009967131933678,20.011096160338706,20.0122131706337,20.01331058019544,20.01438231076449,20.015423605457826,20.016430848980935,20.017401398869215,20.018333431866996,20.0192258071169,20.020077946300198,20.02088972995592,20.021661408707693,20.02239352789858,20.023086864075758,20.023742371811345,20.024361139447766,20.024944352487015,20.025493263484023,20.026009167443846,20.026493381854397,20.026947230607,20.02737203116512,20.02776908443709,20.028139666891594,20.028485024526756,20.028806368365128,20.02910487119969,20.029381665360745
0.058559999999999994,20.000000000004633,20.000000008166932,20.000000428467118,20.000005020533944,20.00002682640281,20.000090144793006,20.000225073630826,20.000459321449256,20.000812303866944,20.001292973757355,20.001900507171275,20.002626442040313,20.003457189568692,20.004376312090837,20.005366321679656,20.006409964694317,20.0074910566957,20.008594964816123,20.009708833683167,20.010821636164838,20.011924111937567,20.013008639932387,20.0140690767944,20.015100582826285,20.016099449092874,20.017062933871273,20.017989112882,20.01887674525844,20.019725155633772,20.02053413176774,20.02130383659816,20.022034733340583,20.022727522173835,20.023383087071814,20.024002451426547,20.024586741224642,20.02513715466948,20.025654937272655,20.02614136156377,20.026597710683397,20.027025265228446,20.02742529281173,20.027799039878587,20.02814772539367,20.02847253607169,20.028774622877645,20.029055098566303
0.0588,20.000000000003716,20.000000007008875,20.00000038074509,20.000004558883635,20.00002472295729,20.000083978316482,20.000211410730422,20.000434249923202,20.000772014464257,20.001234198621642,20.001820762261094,20.002524100901695,20.00333144195521,20.00422705816474,20.00519403962692,20.00621557604373,20.00727580291762,20.008360301427537,20.009456343539004,20.01055296107561,20.01164090052194,20.012712509173763,20.0137615847739,20.014783210330435,20.015773588111045,20.01672988133186,20.017650068289107,20.018532811165972,20.01937734012599,20.020183352306116,20.020950924748224,20.021680440014038,20.02237252311701,20.023027988405275,20.023647795097578,20.024233010277577,20.02478477827119,20.025304295454987,20.02579278966236,20.026251503465424,20.02668168071093,20.02708455577857,20.027461345108602,20.02781324061485,20.028141404658193,20.028446966306902,20.028731018653666
0.059039999999999995,20.00000000000298,20.000000006011494,20.000000338188272,20.0000041382047,20.000022777619446,20.00007821348539,20.00019853220902,20.00041046384908,20.00073358931634,20.00117789892233,20.001744096149842,20.00242540348692,20.003209844200615,20.00408239009325,20.005026704960525,20.006026422543083,20.007066002280776,20.00813124535062,20.009209557979936,20.010290038163916,20.0113634462587,20.01242210456438,20.01345975798877,20.014471417675395,20.01545320187725,20.01640218290796,20.017316245217156,20.01819395708774,20.01903445679227,20.01983735300849,20.020602638683844,20.021330617214808,20.022021839669232,20.02267705175979,20.023297149327394,20.023883141183347,20.02443611826803,20.02495722819856,20.02544765439061,20.025908599045575,20.026341269391025,20.02674686664946,20.027126577287042,20.0274815661611,20.027812971243513,20.02812189964709,20.028409424725115
0.05927999999999999,20.000000000002387,20.00000000515301,20.000000300255063,20.000003755004123,20.000020979072843,20.000072825616037,20.00018639598213,20.00038790224518,20.000696949440915,20.001123980246895,20.001670402437718,20.002330235081452,20.003092276752252,20.003942186531567,20.004864197062595,20.00584238628548,20.006861541079783,20.007907688143366,20.008968374532227,20.010032771341518,20.01109165963698,20.01213734319062,20.01316352001487,20.014165134726944,20.015138226284318,20.01607978021556,20.01698759067739,20.017860135091244,20.01869646241587,20.019496095038697,20.02025894362458,20.020985233906885,20.02167544424335,20.02233025271842,20.022950492608015,20.02353711509923,20.024091158255974,20.024613721328134,20.025105943608068,20.025568987139295,20.02600402267535,20.02641221837084,20.02679473076116,20.027152697653037,20.027487232604855,20.027799420725085,20.028090315559353
0.059519999999999997,20.00000000000191,20.000000004414527,20.000000266458656,20.000003406073187,20.000019316765158,20.000067791437182,20.0001749620373,20.00036650674173,20.000662018822254,20.001072351310164,20.001599577844875,20.00223848395487,20.00297862281812,20.003806328619966,20.0047063975005,20.00566335124553,20.006662307197033,20.007689522676486,20.008732691783333,20.009781065355593,20.01082545178159,20.01185814259999,20.012872794738193,20.013864291531597,20.014828597295928,20.015762614848914,20.016664051582033,20.01753129708103,20.018363313564706,20.019159539302898,20.019919804498564,20.020644258736457,20.021333308914272,20.02198756651143,20.022607803068357,20.02319491281282,20.023749881457913,20.024273760294623,20.024767644801837,20.02523265709275,20.025669931605925,20.026080603530357,20.02646579952621,20.0268266303668,20.02716418518303,20.02747952703986,20.027773689615984
0.059759999999999994,20.000000000001528,20.000000003779654,20.000000236361736,20.000003088465565,20.000017780860173,20.000063089016347,20.000164192343373,20.00034622148444,20.000628724318798,20.00102292387263,20.001531522143953,20.002150041308624,20.002868768329233,20.003674699959223,20.004553190013443,20.00548920327516,20.00646819010574,20.00747664314199,20.00850240939465,20.009534825804412,20.010564734470652,20.01158442081993,20.01258750637427,20.01356881833618,20.01452425096593,20.015450628399424,20.01634557476249,20.017207394816115,20.018034966607967,20.01882764646529,20.01958518595731,20.020307660045773,20.020995405431968,20.02164896802849,20.02226905848555,20.022856514752572,20.023412270733445,20.023937330184157,20.02443274509498,20.024899597890656,20.02533898686737,20.025752014363558,20.026139777231602,20.026503359239726,20.02684382508769,20.02716221576734,20.027459545039985
0.06,20.000000000001222,20.000000003234188,20.000000209571628,20.000002799477002,20.000016362192508,20.00005869768953,20.000154050763108,20.000326993040797,20.000596995572746,20.000975612659932,20.001466138093047,20.00206480122365,20.00276260190145,20.003547186585287,20.004404460498172,20.005319830098355,20.006279080871938,20.007268945060847,20.00827742811333,20.009293959152156,20.01030942015248,20.011316096375964,20.012307579486997,20.013278645606817,20.01422512345723,20.015143762474075,20.01603210698723,20.016888379927117,20.017711377732446,20.01850037696358,20.019255052390317,20.019975405886903,20.02066170523433,20.02131443183065,20.02193423629615,20.02252190099825,20.023078308588598,20.023604415727117,20.024101231254896,20.024569798164016,20.02501117879411,20.025426442760548,20.025816657187086,20.026182878876075,20.026526148102615,20.026847483765273,20.02714787966623
0.060239999999999995,20.000000000000973,20.000000002765816,20.000000185735928,20.00000253662647,20.000015052224963,20.000054597994115,20.000144502968983,20.00030877030909,20.000566764921572,20.000930335283503,20.00140333136913,20.001982660607908,20.002660014796838,20.00342367694322,20.004260096993747,20.005155121304966,20.00609487215555,20.007066325289642,20.008057649783193,20.009058372742906,20.010059421961667,20.01105308830914,20.012032939006804,20.012993704047414,20.01393115106014,20.01484195871349,20.01572359497926,20.01657420393311,20.017392502958614,20.01817769102426,20.01892936793949,20.019647464035305,20.02033217945991,20.020983932162295,20.021603313607297,20.022191051291315,20.02274797718547,20.02327500130711,20.023773089701656,20.024243246197866,20.024686497377523,20.025103880272628,20.025496432368875,20.025865183552693,20.026211149690983,20.0265353275781,20.02683869102397
0.06047999999999999,20.000000000000778,20.000000002363887,20.000000164538527,20.00000229763868,20.000013843008347,20.000050771604954,20.000135516362185,20.00029150443007,20.00053796731149,20.000887012162394,20.00134301050201,20.00190351914393,20.00256090088463,20.003304061860433,20.00411998966548,20.004994968343592,20.005915458210453,20.0068686820263,20.007842977354752,20.0088279748138,20.00981465373443,20.01079531619281,20.01176351024826,20.012713924617575,20.01364227021033,20.014545158809543,20.015419985433297,20.01626481825811,20.01707829815642,20.017859548677603,20.018608096513347,20.019323802003214,20.020006798960537,20.020657442962953,20.02127626720772,20.021863945045215,20.02242125835186,20.022949070969915,20.02344830651631,20.023919929938987,20.02436493227312,20.024784318118925,20.025179095425823,20.025550267224734,20.025898825000624,20.026225743441838,20.02653197634136
0.060719999999999996,20.000000000000618,20.00000000201918,20.00000014569602,20.000002080427887,20.000012727143634,20.000047201273436,20.00012705999461,20.000275148701252,20.00051054021291,20.000845566446348,20.00128508680886,20.00182727923634,20.002465156601776,20.003188234519275,20.003984030788057,20.00483926451353,20.00574073488364,20.006675914814934,20.00763331489436,20.008602674507383,20.009575030023218,20.01054270014871,20.011499218927042,20.012439238550005,20.013358417506222,20.01425330452258,20.01512122503252,20.015960174247322,20.016768719060817,20.017545909772505,20.018291201801087,20.01900438705292,20.019685534313755,20.02033493787897,20.020953073578717,20.02154056135561,20.02209813359077,20.02262660843234,20.023126867449154,20.023599837003573,20.02404647280766,20.02446774719302,20.02486463868554,20.02523812353133,20.025589168869313,20.02591872728897,20.02622773254999
0.06095999999999999,20.000000000000494,20.000000001723734,20.00000012895444,20.000001883082902,20.000011697746377,20.000043870769456,20.000119104493876,20.00025965849382,20.000484423537795,20.000805923940092,20.001229474329318,20.001753845959513,20.002372680913194,20.003076090429044,20.003852114727895,20.0046879049559,20.0055705996135,20.00648792454977,20.007428567592527,20.008382381883155,20.009340466110586,20.010295160862412,20.011239991176325,20.01216957736736,20.013079529726006,20.013966337698207,20.014827260465022,20.015660223183005,20.016463721287046,20.017236733991012,20.01797864728638,20.01868918620982,20.01936835583516,20.0200163902751,20.020633708904974,20.02122087901052,20.021778584089898,20.02230759709108,20.022808757927933,20.023282954684895,20.02373110798627,20.02415415806955,20.024553054160524,20.024928745801297,20.02528217583003,20.025614274753327,20.025925956289413
0.0612,20.00000000000039,20.000000001470653,20.00000011408632,20.00000170385321,20.00001074841321,20.000040764826146,20.000111621991223,20.00024499117207,20.00045955955899,20.00076801302893,20.001176089761255,20.001683127005297,20.002283375271762,20.002967527397427,20.00372413792477,20.00454078664393,20.005404951427206,20.006304613478246,20.007228641771388,20.008167007928357,20.009110878022348,20.01005261959808,20.01098575356257,20.011904872898604,20.012805543844124,20.013684200283713,20.014538038439856,20.015364916300076,20.01616326034563,20.0169319808627,20.017670396261032,20.018378166275333,20.01905523359057,20.019701773245934,20.020318149085323,20.02090487650039,20.021462590731034,20.02199202003146,20.022493963066037,20.022969269960893,20.023418826499505,20.023843541010777,20.02424433355429,20.024622127058784,20.024977840116232,20.025312381174977,20.025626643911668
0.061439999999999995,20.000000000000313,20.000000001253994,20.00000010088803,20.000001541136115,20.00000987319036,20.00003786908731,20.000104586052213,20.00023110601536,20.0004358928315,20.000731764605597,20.001124852397233,20.001615032630944,20.002197143578055,20.00286244550146,20.00359999887277,20.00439780837244,20.005243690937295,20.006125885203236,20.00703344489139,20.00795646456797,20.008886182540014,20.00981499821262,20.01073643310076,20.01164505729481,20.01253639704732,20.013406834344025,20.014253505702754,20.015074204801376,20.015867291657088,20.01663160977874,20.017366411838395,20.018071293839636,20.01874613740806,20.019391059627257,20.02000636974337,20.020592532028036,20.021150134099372,20.021679860036162,20.02218246767061,20.02265876950177,20.023109616730423,20.02353588597316,20.023938468267456,20.024318260028977,20.024676155667137,20.02501304160512,20.025329791485834
0.06167999999999999,20.00000000000025,20.00000000106863,20.000000089177373,20.00000139346487,20.000009066544074,20.000035170057377,20.000097971610174,20.000217964142514,20.000413370115666,20.000697111998424,20.001075684061618,20.00154947560722,20.002113892139914,20.002760747058,20.00347959810057,20.004258870746604,20.005086720337435,20.005951644684504,20.006842885557163,20.00775066467401,20.008666297212557,20.009582219169157,20.01049195726902,20.011390063044466,20.012272026750228,20.013134182077295,20.01397360905149,20.01478803987265,20.015575770566418,20.016335580005805,20.01706665696662,20.017768535294234,20.01844103688983,20.019084222007233,20.019698346238044,20.02028382351856,20.020841194492792,20.021371099593892,20.02187425625065,20.02235143967753,20.02280346676161,20.023231182613895,20.02363544940384,20.024017137143733,20.024377116132957,20.024716250810975,20.02503539480257
0.061919999999999996,20.000000000000195,20.000000000910134,20.00000007879139,20.0000012594977,20.000008323332796,20.000032655053847,20.00009175490229,20.00020552843866,20.00039194030228,20.000663990900843,20.001028509048506,20.001486371166777,20.002033529631873,20.002662336593794,20.00336283815113,20.004123876169967,20.004933943397415,20.005781798239347,20.006656873522616,20.007549522074015,20.00845114036747,20.00935420554993,20.010252254022692,20.011139822988266,20.012012370610492,20.01286618583009,20.013698295350856,20.014506372697173,20.015288652357263,20.01604385069967,20.01677109444167,20.01746985684434,20.018139901423957,20.01878123273749,20.01939405367402,20.019978728629134,20.020535751931025,20.02106572090796,20.021569313025044,20.02204726656545,20.02250036438215,20.02292942029744,20.02333526777652,20.02371875054725,20.024080714880174,20.024422003280666,20.02474344937864
0.06215999999999999,20.000000000000156,20.000000000774694,20.00000006958443,20.00000113800765,20.000007638781096,20.000030312162064,20.00008591340827,20.000193763484415,20.000371554339594,20.000632339302186,20.000983254060348,20.00142563695282,20.001955967054492,20.002567120815147,20.003249623560816,20.00399272883176,20.004785265457382,20.005616253542485,20.00647531969534,20.007352951558904,20.00824063112117,20.009130881068522,20.010017251807838,20.010894270333388,20.011757366543456,20.01260278811215,20.013427511547324,20.014229154470126,20.015005892265826,20.015756380918642,20.01647968692015,20.017175224521093,20.017842700195985,20.018482063944067,20.019093466912032,20.019677224758695,20.02023378616477,20.020763705904802,20.021267621930523,20.021746235957576,20.02220029709461,20.022630588101993,20.023037913913893,20.023423092101673,20.023786944996782,20.024130293228108,20.024453950461492
0.0624,20.000000000000124,20.00000000065902,20.000000061426356,20.00000102787323,20.00000700845514,20.000028130192277,20.000080425791495,20.000182635487413,20.000352165162212,20.00060209741986,20.00093984814744,20.001367192968047,20.001881117693614,20.002475008577278,20.00313986083797,20.003865334693607,20.004640593421392,20.005454919625187,20.006298136140206,20.007160868890082,20.008034689388733,20.008912170081512,20.0097868795742,20.01065333866728,20.01150695273638,20.01234393161077,20.013161204683318,20.013956336412587,20.014727445494522,20.015473129636703,20.016192396931928,20.016884604193592,20.017549402200324,20.018186687538233,20.018796560579105,20.019379289057568,20.019935276684713,20.02046503624247,20.02096916662962,20.021448333368106,20.021903252121962,20.02233467482596,20.022743378065698,20.023130153392753,20.023495799297514,20.02384111459788,20.024166893033755
0.06264,20.000000000000096,20.000000000560295,20.00000005420095,20.000000928069756,20.00000642823974,20.000026098638827,20.00007527184259,20.000172112216088,20.000333727621847,20.00057320763283,20.000898222648164,20.001310961524005,20.00180889707961,20.00238591085334,20.003033458440992,20.00374160147555,20.004499835750206,20.005297706873737,20.0061252360823,20.006973190805866,20.007833235893006,20.00869799759952,20.009561066787597,20.010416961970936,20.01126106766223,20.012089559204767,20.01289932191117,20.013687869785286,20.014453267225345,20.01519405575644,20.01590918689255,20.016597961580764,20.017259976251566,20.017895075227173,20.01850330907862,20.019084898436976,20.01964020273048,20.02016969331902,20.020673930518512,20.021153544040782,20.021609216414465,20.0220416689944,20.02245165020903,20.022839925735422,20.023207270329088,20.023554461070095,20.02388227181781
0.06287999999999999,20.000000000000078,20.00000000047608,20.000000047804487,20.000000837661386,20.000005894316793,20.000024207641435,20.000070432425336,20.000162162935688,20.000316198419938,20.000545614416485,20.000858311130127,20.00125686719079,20.00173922294665,20.002299740703204,20.00293032675597,20.00362143864154,20.004362902453504,20.00514452702714,20.00595653390916,20.00678983502724,20.00763619217305,20.008488289297656,20.009339743441792,20.0101850746317,20.01101965009301,20.011839613978072,20.0126418105067,20.013423705901992,20.014183312632966,20.014919118121735,20.01563001911543,20.016315262263024,20.016974390995582,20.017607198524562,20.01821368660033,20.018794029578466,20.0193485432995,20.019877658280837,20.02038189673488,20.020861852956195,20.021318176656518,20.021751558865432,20.02216272005433,20.022552400179396,20.022921350375405,20.02327032606527,20.023600081280303
0.06312,20.00000000000006,20.000000000404288,20.000000042144432,20.000000755793767,20.000005403145064,20.00002244794844,20.000065889424818,20.00015275834647,20.000299536042085,20.000519264278843,20.000820049332127,20.001204836747178,20.001672015192014,20.002216413241996,20.00283037807385,20.003504757384324,20.0042297050814,20.004995293174208,20.00579194517233,20.00661072026301,20.007443480591995,20.00828297152541,20.00912284006983,20.009957611455576,20.01078263911268,20.011594039232925,20.012388617882443,20.013163796142624,20.013917536897555,20.01464827553021,20.01535485582388,20.01603647169379,20.016692614920505,20.017323028760945,20.017927667130202,20.018506658943213,20.01906027715581,20.01958891203091,20.020093048165606,20.020573244839067,20.021030119273487,20.0214643324366,20.021876577051334,20.022267567514742,20.02263803146275,20.022988702749174,20.023320315636692
0.06336,20.000000000000046,20.00000000034312,20.000000037138264,20.00000068168725,20.000004951441294,20.000020810881946,20.000061625697803,20.000143870524006,20.000283700694297,20.000494105698113,20.000783375106998,20.001154799131196,20.001607195835472,20.002135845608425,20.002733526567237,20.00339147060983,20.004100156715374,20.004849919749986,20.005631386588266,20.006435766214217,20.007255024344275,20.008081971315956,20.008910287754833,20.009734507679045,20.010549974129603,20.01135277850266,20.012139691600556,20.012908091966057,20.013655895217344,20.014381486745442,20.01508365916286,20.01576155521079,20.016414616367527,20.017042537094067,20.01764522446019,20.018222762781264,20.01877538283871,20.019303435237003,20.019807367454533,20.020287704165472,20.02074503043847,20.021179977451226,20.021593210395014,20.02198541827743,20.022357305365,20.022709584037678,20.02304296885575
0.06359999999999999,20.00000000000004,20.00000000029104,20.00000003271245,20.000000614630647,20.00000453616245,20.00001928830479,20.000057625025192,20.000135472861576,20.000268654241,20.000470089061604,20.00074822836539,20.001106685391164,20.001544688978786,20.002057956932983,20.002639688266814,20.003281492921023,20.00397417195861,20.00470832253153,20.005474776038604,20.006264893578024,20.00707074746225,20.007885216394886,20.008702018140287,20.009515698980426,20.010321594888584,20.01111577556411,20.01189497938535,20.01265654492257,20.013398342820892,20.01411871050891,20.01481639121057,20.01549047804719,20.01614036354155,20.01676569451897,20.01736633219784,20.01794231714063,20.01849383867141,20.01902120833978,20.019524837010042,20.020005215170013,20.020462896079003,20.020898481404707,20.021312609031483,20.021705942754846,20.022079163608748,20.022432962601567,20.02276803466409
0.06384,20.00000000000003,20.000000000246718,20.000000028801473,20.000000553975486,20.000004154489144,20.0000178725892,20.000053872066534,20.00012754001458,20.000254360144833,20.000447166605994,20.000714551020373,20.00106042863721,20.001484420765358,20.00198266830595,20.002548781037415,20.003174740601285,20.003851666925765,20.004570418633087,20.005322032569786,20.006098024050917,20.006890574822247,20.007692635188388,20.008497963439794,20.009301121490726,20.01009744148247,20.010882974449636,20.01165442913545,20.012409106666027,20.013144834979077,20.013859905551723,20.014553013989797,20.015223205342508,20.015869824521644,20.016492471878003,20.017090963775804,20.01766529787629,20.01821562276951,20.018742211560827,20.01924543901264,20.01972576185291,20.020183701883763,20.020619831550775,20.02103476166386,20.021429130991294,20.02180359747848,20.02215883087137,20.022495506550644
0.06408,20.000000000000025,20.000000000209027,20.000000025347003,20.00000049913072,20.000003803810106,20.00001655658712,20.000050352316496,20.000120047846938,20.00024078340814,20.000425292358926,20.000682286933053,20.001015963993343,20.00142631934004,20.00190990274536,20.002460724553803,20.00307113159737,20.00373255923221,20.004436126500703,20.005173076392126,20.005935080331348,20.006714432150023,20.007504156830894,20.008298056446325,20.00909071180406,20.0098774543633,20.01065431945873,20.01141798893567,20.012165728965726,20.01289532701682,20.013605030606076,20.01429348947906,20.01495970215338,20.015602967271374,20.016222839870675,20.016819092461194,20.017391680659088,20.017940713049423,20.01846642491059,20.01896915542244,20.019449327987065,20.019907433309182,20.020344014907717,20.020759656758095,20.021154972793457,20.021530598021695,20.021887181042132,20.022225377771175
0.06431999999999999,20.000000000000018,20.00000000017699,20.00000002229713,20.000000449557856,20.00000348170766,20.000015333602125,20.00004705206326,20.000112973379377,20.000227890516207,20.00040442208199,20.00065138185907,20.000973228550027,20.00137031480917,20.00183958516486,20.002375440276175,20.00297058550193,20.003616767982756,20.004305365906266,20.005027828878255,20.0057759861218,20.006542246025692,20.0073197111722,20.008102230541002,20.008884406987598,20.0096615743531,20.010429755169294,20.01118560706849,20.011926363717965,20.012649774324547,20.01335404441651,20.014037779623518,20.014699933464122,20.015339759648935,20.015956769063358,20.01655069136486,20.017121440984532,20.017669087236726,20.018193828196267,20.0186959679866,20.01917589712506,20.019634075586023,20.02007101826457,20.020487282548793,20.02088345773586,20.021260156053973,20.02161800507822,20.021957641352728
0.06455999999999999,20.000000000000014,20.000000000149775,20.00000001960568,20.00000040476648,20.000003185944166,20.000014197362816,20.00004395834871,20.000106294739652,20.000215649382124,20.000384513214986,20.00062178339604,20.00093216131734,20.001316339200788,20.001771642341534,20.002292851425434,20.002873023535678,20.003504213759946,20.00417805794103,20.004886212561058,20.0056206661303,20.006373943888086,20.007139228784073,20.007910419701375,20.008682144591088,20.009449742654212,20.01020922644852,20.01095723202525,20.01169096295729,20.012408132369366,20.013106905750888,20.013785846345726,20.014443864197094,20.015080169417164,20.015694229898855,20.016285733450506,20.016854554181467,20.017400722874374,20.017924401029596,20.01842585824668,20.01890545260609,20.01936361372593,20.019800828187254,20.02021762704498,20.02061457516627,20.020992262164103,20.021351294718063,20.0216922900981
0.0648,20.00000000000001,20.000000000126672,20.0000000172316,20.000000364310154,20.000002914449308,20.00001314199764,20.00004105893045,20.000099991114553,20.000204029293364,20.000365524821557,20.00059344093197,20.000892703178717,20.001264326425186,20.001706002883758,20.002212882958247,20.002778368529142,20.003394818611824,20.004054125008604,20.00474815113104,20.00546904607138,20.00620945403862,20.006962640966332,20.007722558509233,20.008483862655908,20.00924190085926,20.009992678463412,20.01073281251696,20.01145947886745,20.012170356706,20.012863573411185,20.01353765155614,20.014191459222925,20.01482416425336,20.015435192705855,20.016024191543707,20.016590995420668,20.017135597330853,20.01765812283457,20.018158807545937,20.018637977562868,20.019096032527905,20.019533431024694,20.019950678035833,20.020348314211102,20.020726906719123,20.021087041478914,20.021429316590297
0.06504,20.000000000000007,20.00000000010707,20.0000000151384,20.000000327782608,20.000002665308262,20.000012162011107,20.00003834224546,20.000094042703697,20.00019300085992,20.000347417536144,20.000566305594628,20.00085479684529,20.001214212235666,20.001642597199012,20.002135461541904,20.002686544904158,20.003288506039333,20.003933490817495,20.00461356943319,20.00532105266652,20.0060487056446,20.00678987975247,20.007538582157963,20.008289499723723,20.009037990960675,20.00978005669094,20.010512297484855,20.011231863792087,20.011936402987445,20.012624006244003,20.013293157163407,20.013942683370495,20.01457171175894,20.01517962770818,20.015766038340807,20.016330739723305,20.016873687808243,20.017394972855072,20.017894797036554,20.018373454928422,20.018831316584755,20.019268812914866,20.019686423096406,20.020084663780768,20.020464079869353,20.020825236661583,20.02116871319697
0.06527999999999999,20.000000000000007,20.00000000009045,20.00000001329369,20.00000029481431,20.000002436750613,20.00001125226125,20.000035797375443,20.00008843067505,20.000182535964072,20.0003301535122,20.000540330201854,20.00081838681081,20.001165934189633,20.001581357461767,20.00206051552902,20.002597478655005,20.00318520098327,20.003816080373117,20.00448239346334,20.005176613644096,20.005891628742077,20.006620877914774,20.007358426459422,20.00809899484468,20.00883795535989,20.00957130692784,20.010295636110538,20.011008070245076,20.011706226975356,20.012388163150863,20.013052325084477,20.01369750143678,20.014322779468966,20.01492750503397,20.015511246417653,20.016073761969306,20.01661497135017,20.01713493016245,20.01763380768679,20.01811186744288,20.01856945028947,20.01900695979083,20.019424849593285,20.019823612575028,20.02020377155342,20.020565871355124,20.02091047207483
0.06552,20.000000000000007,20.000000000076366,20.00000001166869,20.000000265069254,20.000002227140055,20.000010407938365,20.00003341401371,20.00008313712213,20.00017260771169,20.00031369637176,20.000515469212857,20.000783419307254,20.001119431610004,20.00152221758145,20.001987974932124,20.002511097329265,20.00308482981087,20.00370181996941,20.00435455036404,20.005035657738794,20.005738154238166,20.006455568968963,20.007182027850387,20.007912287585203,20.008641736876093,20.009366375300054,20.010082777825872,20.010788050920628,20.011479784550197,20.012156003098273,20.012815117254497,20.013455878196492,20.014077334861465,20.014678794724656,20.01525978823825,20.015820036905616,20.016359424849664,20.01687797366295,20.017375820288073,20.017853197660173,20.018310417841555,20.0187478573867,20.019165944690226,20.019565149088283,20.01994597150324,20.020308936441555,20.020654585174064
0.06576,20.000000000000004,20.000000000064436,20.000000010237876,20.00000023824205,20.000002034964723,20.000009624544923,20.000031182433617,20.00007814502285,20.0001631903851,20.000298011156257,20.00049167868047,20.000749842261033,20.001074645546957,20.001465113170454,20.00191777139811,20.002427330008434,20.002987320302022,20.003590637180004,20.004229968419956,20.004898114690583,20.00558821391292,20.006293887178384,20.007009323398552,20.00772931803538,20.008449278754608,20.009165208271835,20.0098736723225,20.010571758703062,20.01125703172109,20.01192748512755,20.012581495636468,20.013217778411533,20.01383534536662,20.014433466743835,20.015011636163266,20.01556953915432,20.016107025056943,20.01662408210515,20.01712081546201,20.01759742795467,20.01805420325333,20.018491491243584,20.018909695353745,20.019309261614843,20.01969066924899,20.020054422600502,20.02040104424271
0.06599999999999999,20.000000000000004,20.00000000005434,20.00000000897861,20.000000214055238,20.000001858828224,20.000008897876572,20.000029093458444,20.000073438199923,20.000154259397394,20.000283064278634,20.000468916204373,20.000717605249854,20.001031518740046,20.001409981512307,20.00184983818261,20.002346107288304,20.00289260163515,20.00348246084896,20.00410857705284,20.004763915243206,20.00544174042071,20.006135767557733,20.0068402508081,20.00755002681592,20.008260524674913,20.008967752654467,20.009668269561093,20.010359146676322,20.01103792463546,20.011702568364424,20.012351422230743,20.012983166840268,20.013596778375785,20.014191490985972,20.014766762458414,20.01532224322071,20.015857748587056,20.016373234087226,20.016868773667323,20.017344540527766,20.017800790356137,20.01823784671547,20.018656088358686,20.019055938254184,20.01943785412403,20.01980232031386,20.02014984083104
0.06624,20.000000000000004,20.000000000045798,20.000000007870817,20.000000192256845,20.00000169744126,20.00000822400422,20.000027138432667,20.00006900128281,20.000145791248276,20.00026882347667,20.0004471408853,20.000686659460257,20.000989995580685,20.00135676152995,20.001784110124316,20.0022673612591,20.002800604372773,20.00337722108117,20.003990306816046,20.00463299114221,20.0052986672912,20.00598114587636,20.006674748424842,20.00737435508475,20.00807541875829,20.00877395561469,20.009466519780247,20.010150168133176,20.01082241958836,20.011481212028386,20.012124859084288,20.012752008246622,20.013361601250324,20.01395283728497,20.014525139302705,20.01507812350117,20.015611571927487,20.016125408064195,20.01661967520671,20.01709451741439,20.017550162806522,20.01798690897504,20.018405110293717,20.018805166916124,20.019187515269817,20.019552619870417,20.019900966295914
0.06648,20.000000000000004,20.000000000038575,20.000000006896716,20.00000017261812,20.000001549613817,20.00000759925713,20.00002530919461,20.00006481967118,20.00013776348129,20.00025525776759,20.00042631328017,20.00065695764583,20.000950022075035,20.001305393754173,20.001720523619237,20.002191025485466,20.00271126044675,20.003274849232305,20.00387508938867,20.004505275132573,20.00515892892982,20.005829958661113,20.00651275524096,20.007202244543166,20.007893905575077,20.008583764682747,20.009268373505094,20.00994477658418,20.010610473031598,20.011263375441832,20.011901768299722,20.012524267408978,20.013129781330314,20.01371747542261,20.014286738796567,20.01483715429099,20.015368471445594,20.015880582355035,20.01637350023365,20.016847340489456,20.017302304092347,20.017738663019507,20.01815674756683,20.018556935326032,20.018939641640795,20.019305311370438,20.019654411805103
0.06671999999999999,20.0,20.000000000032475,20.000000006040548,20.00000015493149,20.00000141424789,20.00000702020697,20.000023598050348,20.00006087949978,20.000130154642477,20.000242337403883,20.000406395358247,20.00062845408608,20.000911545807288,20.00125582029221,20.001659016594967,20.002117034986256,20.00262450314327,20.0031752778985,20.003762857569235,20.004380700955874,20.00502246061786,20.005682143198793,20.006354210899314,20.007033637441662,20.00771593015162,20.008397127760134,20.00907378155559,20.009742925766304,20.010402041582566,20.01104901803897,20.011682112044205,20.012299909128895,20.012901285943062,20.013485375136796,20.01405153296986,20.01459930979209,20.015128423396018,20.01563873514974,20.016130228759113,20.01660299147426,20.01705719753886,20.017493093676315,20.017910986410755,20.018311231029926,20.01869422200923,20.019060384730256,20.019410168341608
0.06695999999999999,20.0,20.000000000027324,20.000000005288378,20.00000013900867,20.000001290330726,20.000006483652754,20.000021997748892,20.00005716760473,20.00012294424038,20.000230033830306,20.0003873504582,20.00060110454601,20.000874515903394,20.001207984796565,20.00159952848491,20.002045326214176,20.00254026708759,20.003078440905647,20.003653545269035,20.00425920334708,20.004889198512135,20.00553763753818,20.006199055697394,20.006868476585336,20.007541437976776,20.00821399312698,20.00888269505452,20.00954456965133,20.01019708203285,20.010838099374492,20.011465852558064,20.012078898239658,20.012676082411456,20.01325650612972,20.01381949378973,20.014364564120548,20.014891403927923,20.015399844516264,20.01588984065818,20.016361451942785,20.01681482631469,20.017250185608848,20.017667812888362,20.018068041399598,20.01845124497003,20.01881782968682,20.01916822670796
0.0672,20.0,20.000000000022975,20.000000004627864,20.00000012467893,20.000001176928517,20.00000598660668,20.000020501458543,20.000053671491163,20.00011611270745,20.00021831964212,20.000369143246154,20.0005748662364,20.00083888299521,20.00116183243399,20.00154200020257,20.001975837035314,20.002458488228477,20.002984273298377,20.00354708750512,20.00414071803093,20.004759079644245,20.005396380491646,20.00604723059084,20.00670670533893,20.007370375008186,20.008034309449137,20.008695065435184,20.009349662453946,20.00999555135657,20.010630579132023,20.011252952163247,20.011861199614625,20.012454138062186,20.013030838075842,20.013590593168356,20.01413289131411,20.0146573890922,20.015163888407404,20.015652315676622,20.016122703327948,20.016575173437783,20.01700992332208,20.017427212898003,20.01782735363767,20.01821069894554,20.018577635802213,20.018928577530474
0.06744,20.0,20.000000000019305,20.000000004048097,20.000000111787525,20.000001073180524,20.00000552628077,20.00001910274438,20.000050379302163,20.00010964136268,20.000207168544442,20.000351739674663,20.000549697774744,20.0008045991851,20.001117309854745,20.001486374115853,20.00190850670854,20.00237910382251,20.002892711328784,20.00344342039289,20.004025181717935,20.004632041919436,20.005258311636418,20.005898677196623,20.00654826763154,20.007202687678095,20.007858025784937,20.00851084444879,20.0091581586396,20.00979740671848,20.01042641713236,20.011043373271573,20.011646778175404,20.012235420233754,20.012808340629714,20.01336480297056,20.01390426533952,20.01442635484851,20.01493084466758,20.01541763343738,20.0158867269278,20.016338221781297,20.016772291168156,20.017189172178814,20.017589154782616,20.017972572190292,20.018339792468144,20.0186912112635
0.06767999999999999,20.0,20.000000000016215,20.000000003539434,20.000000100194264,20.000000978293656,20.00000510007427,20.000017795546864,20.00004727978901,20.000103512375574,20.000196555312808,20.00033510694268,20.000525559146944,20.000771618010997,20.001074365162065,20.001432594021423,20.001843275864832,20.00230205241812,20.0028036924448,20.003342481138404,20.003912532100053,20.004508024115115,20.005123371315428,20.005753337795813,20.00639310796093,20.007038322898918,20.007685091591622,20.008329984171578,20.008970012932032,20.009602605481827,20.01022557334147,20.01083707839276,20.01143559889984,20.012019896284354,20.012588983433698,20.01314209502129,20.013678660099757,20.014198277072282,20.014700691039515,20.01518577344697,20.015653503911622,20.01610395407943,20.016537273351915,20.016953676315985,20.01735343171374,20.017736852795725,20.018104288910425,20.018456118193665
0.06792,20.0,20.00000000001361,20.000000003093348,20.00000008977217,20.000000891537375,20.000004705561814,20.000016574161467,20.000044362282594,20.00009770873135,20.000186455754818,20.000319213456397,20.000502411669657,20.000739894411936,20.001032947881885,20.001380605119152,20.001780086486523,20.002227273839466,20.002717155278372,20.003244208030335,20.00380270784594,20.004386965878947,20.0049915006378,20.005611155336023,20.006241171397505,20.006877228068415,20.007515456731493,20.00815243701162,20.0087851803206,20.009411105215953,20.010028007878255,20.010634030142295,20.011227626829836,20.011807533599587,20.01237273612551,20.01292244111297,20.013456049441167,20.013973131561553,20.014473405170843,20.014956715101793,20.015423015325975,20.015872352933165,20.01630485393641,20.016720710745954,20.017120171156144,20.017503528694878,20.0178711141934,20.018223288444037
0.06816,20.0,20.00000000001142,20.00000000270232,20.00000008040629,20.000000812239005,20.00000434048226,20.000015433219342,20.000041616666078,20.000092214197327,20.000176846672932,20.000304028791074,20.00048021795339,20.000709384694062,20.000993008932852,20.001330353986642,20.00171888188649,20.002154709170153,20.002633039633363,20.003148540431628,20.003695648595937,20.004268807726657,20.004862641478987,20.00547207343348,20.006092403587985,20.006719351074583,20.007349071477726,20.007978155715367,20.008603616067308,20.009222863703666,20.009833681022158,20.01043419124904,20.011022827078975,20.011598299600006,20.012159568345623,20.012705813012715,20.01323640716046,20.013750894043763,20.014248964620613,20.014730437694396,20.01519524210068,20.015643400815986,20.016075016848312,20.016490260761586,20.016889359685603,20.01727258766704,20.017640257224368,20.01799271197834
0.06839999999999999,20.0,20.000000000009575,20.0000000023597,20.000000071992613,20.000000739779342,20.000004002728215,20.000014367668896,20.00003903334865,20.00008701329055,20.00016770582834,20.00028952365374,20.000458941866267,20.000680046497145,20.0009545005966,20.001281788553857,20.0016596066873,20.002084300736783,20.002551286473192,20.003055418770902,20.003591294956692,20.004153491039435,20.004736736480567,20.005336036374754,20.00594675075867,20.0065646403002,20.007185886519895,20.007807093373884,20.008425275713584,20.009037838948387,20.009642553220466,20.010237524562708,20.01082116483998,20.01139216174849,20.011949449744534,20.012492182469437,20.013019707011587,20.01353154018239,20.01402734686572,20.014506920419624,20.01497016505471,20.015417080079516,20.015847745883292,20.016262311517288,20.016660983733463,20.017044017342368,20.017411706757944,20.01776437860507
0.06863999999999999,20.0,20.000000000008022,20.000000002059636,20.00000006443704,20.000000673588616,20.00000369033614,20.000013372758332,20.00003660324041,20.00008209124651,20.00015901190591,20.000275669846864,20.000438548498558,20.000651838761556,20.000917376488335,20.001234858077886,20.001602206800367,20.002015992092396,20.002471837908338,20.002964784533525,20.003489588495494,20.004040958061058,20.004613729049673,20.005202989118153,20.005804159718462,20.0064130446271,20.00702585296921,20.00763920342886,20.0082501150868,20.008855989181026,20.009454585095465,20.010043993061107,20.01062260539199,20.011189087557494,20.011742349989888,20.0122815212208,20.01280592271255,20.013315045583532,20.013808529307227,20.014286142380715,20.014747764902026,20.015193372959086,20.015623024711356,20.016036848034076,20.016435029591438,20.01681780520647,20.01718545140043,20.01753827798163
0.06888,20.0,20.000000000006718,20.000000001796952,20.000000057654475,20.0000006131427,20.000003401477088,20.00001244401905,20.00003431772832,20.00007743398902,20.0001507444802,20.000262440232856,20.000419004127842,20.000624721695768,20.000881591527737,20.001189513117843,20.001546629405055,20.00194972799977,20.002394637183542,20.002876580252483,20.003390471734278,20.003931151894655,20.00449356335812,20.005072877294804,20.005664577861495,20.006264513440073,20.00686892236347,20.00747443967828,20.008078090306554,20.00867727286667,20.009269737451366,20.00985355985719,20.010427114107653,20.010989044596098,20.011538238773436,20.012073801000074,20.012595027952038,20.013101385802358,20.01359248927659,20.014068082595294,20.01452802225735,20.014972261579267,20.015400836882097,20.015813855204605,20.016211483416413,20.016593938604956,20.016961479614107,20.017314399618435
0.06911999999999999,20.0,20.000000000005624,20.0000000015671,20.000000051568016,20.000000557959623,20.00000313444798,20.000011577249882,20.000032168653195,20.00007302810117,20.00014288398249,20.00024980869954,20.000400276184948,20.00059865674438,20.00084710191015,20.001145705509895,20.001492822927837,20.001885454414634,20.002319628664928,20.00279074949897,20.003293888143396,20.003824016499202,20.00437618434123,20.00494564720938,20.005527953169505,20.006118996630537,20.006715046671705,20.007312756281905,20.007909157790692,20.00850164871101,20.009087971280994,20.00966618820593,20.010234656460067,20.010792000496934,20.011337085817896,20.011868993542816,20.01238699639598,20.01289053634947,20.013379204041836,20.013852720001303,20.014310917641833,20.01475372795931,20.015181165829933,20.015593317798153,20.015990331235173,20.01637240474795,20.01673977972155,20.017092732882983
0.06935999999999999,20.0,20.000000000004704,20.000000001366057,20.00000004610817,20.000000507596337,20.0000028876634,20.00001076850215,20.00003014828764,20.00006886079735,20.000135411668825,20.00023775012644,20.000382333220557,20.000573606556618,20.000813865078115,20.001103388342486,20.001440737021447,20.001823118468806,20.002246757826864,20.002707236872766,20.003199782135077,20.003719496685676,20.004261537696284,20.004821245840564,20.005394234213867,20.005976444599874,20.006564178298554,20.00715410776642,20.00774327426107,20.00832907566654,20.008909247772298,20.00948184151098,20.010045198029516,20.010597922962916,20.011138860883612,20.01166707059347,20.01218180169397,20.012682472697154,20.01316865081359,20.01364003346285,20.014096431488696,20.014537754018534,20.014963994879235,20.015375220465522,20.015771558949105,20.01615319071456,20.01652033990987,20.016873267003874
0.0696,20.0,20.000000000003933,20.000000001190294,20.000000041212175,20.000000461645687,20.000002659647915,20.000010014065463,20.000028249315005,20.00006491989628,20.000128309589076,20.000226240351996,20.00036514487252,20.000549534955383,20.00078183969326,20.001062515931707,20.00139032254408,20.001762668453225,20.00217597123872,20.002625987992378,20.003108099056625,20.003617538112966,20.004149569880756,20.004699620841173,20.005263370157344,20.005836808262487,20.006416270088383,20.006998449030355,20.007580396749105,20.008159512938565,20.008733528314647,20.009300483331174,20.009858704510055,20.01040677977386,20.010943533775126,20.01146800391182,20.011979417485605,20.01247717028552,20.01296080675105,20.013430001775937,20.013884544148763,20.01432432158166,20.014749307249446,20.015159547743938,20.01555515233885,20.01593628345731,20.01630314823493,20.01665599107485
0.06984,20.0,20.000000000003286,20.000000001036703,20.000000036823366,20.000000419733656,20.000002449028845,20.00000931045426,20.00002646480922,20.000061193795066,20.000121560556934,20.00021525614158,20.000348681833884,20.000526406906797,20.00075098560851,20.001023043796867,20.001341531538646,20.00170405380095,20.002107216551476,20.002546949484987,20.003018785183393,20.003518087283478,20.004040228110195,20.004580720538005,20.00513531075555,20.00570003904857,20.006271275329105,20.006845735348755,20.00742048260106,20.007992919990922,20.008560774504897,20.00912207738679,20.009675141715917,20.01021853879289,20.010751074347574,20.01127176527929,20.011779817406648,20.012274604528567,20.01275564896785,20.01322260367417,20.013675235895924,20.014113412384052,20.014537086060113,20.014946284061864,20.015341097068916,20.01572166980654,20.016088192625535,20.01644089405876
0.07007999999999999,20.0,20.000000000002743,20.000000000902542,20.000000032890604,20.000000381516752,20.000002254529463,20.000008654395064,20.00002478821554,20.000057671444228,20.00011514812088,20.000204775156416,20.000332915821602,20.000504188490293,20.000721263840635,20.00098492863626,20.001294317212093,20.001647225070112,20.002040442484166,20.00247006897621,20.002931787711503,20.00342109153849,20.003933460355857,20.004464493931394,20.005010006358095,20.0055660889066,20.00612914775573,20.006695922377574,20.00726348948309,20.00782925655155,20.008390948153284,20.008946587565696,20.009494475587722,20.010033167972747,20.010561452512935,20.01107832650515,20.011582975095138,20.0120747508201,20.012553154537837,20.013017817834328,20.013468486932542,20.013905008076925,20.014327314335876,20.014735413743768,20.015129378692222,20.01550933647475,20.01587546088759,20.01622796479153
0.07032,20.0,20.00000000000229,20.000000000785406,20.000000029367758,20.000000346679645,20.000002074962662,20.000008042814372,20.000023213332113,20.000054342323637,20.000109056536072,20.00019477592329,20.000317819545927,20.000482846869218,20.000692636543214,20.00094812830314,20.001248633914777,20.00159213392683,20.001975598810255,20.00239529507966,20.002847054750355,20.003326499053234,20.00382921534204,20.00435089069448,20.004887407909514,20.005434910305574,20.00598984155369,20.00654896615784,20.00710937538608,20.00766848261779,20.008224011289098,20.00877397792921,20.00931667219857,20.00985063536188,20.010374638246166,20.01088765943258,20.01138886419734,20.011877584539587,20.01235330050074,20.01281562288188,20.013264277394764,20.013699090232453,20.014119975011386,20.01452692101485,20.014919982654643,20.015299270060943,20.0156649407082,20.016017191986062
0.07056,20.0,20.00000000000191,20.00000000068318,20.000000026213222,20.000000314932947,20.000001909224974,20.00000747282721,20.000021734292417,20.00005119641941,20.00010327073715,20.00018523780511,20.000303366680516,20.000462350261973,20.00066506697991,20.000912601781906,20.00120443711997,20.001538733128104,20.001912636343874,20.00232257738636,20.002764535314892,20.00323425883177,20.003727442543216,20.004239861172223,20.004767466949858,20.005306456236955,20.005853311361875,20.006404823119574,20.00695809863023,20.007510558461515,20.008059926166165,20.008604212717895,20.009141697759908,20.00967090911044,20.010190601591177,20.010699735944613,20.01119745837361,20.011683081057868,20.01215606386779,20.0126159973964,20.01306258735777,20.013495640348843,20.01391505093617,20.014320790005705,20.014712894299457,20.015091457054858,20.01545661965977,20.015808564236142
0.07079999999999999,20.0,20.00000000000159,20.000000000594007,20.00000002338949,20.000000286011154,20.000001756290963,20.00000694172627,20.00002034554845,20.00004822420166,20.000097776311907,20.000176140972265,20.0002895318332,20.000442667913667,20.000638519498153,20.000878309164527,20.001161683403417,20.0014869765047,20.001851506925984,20.002251866453985,20.0026841793177,20.0031443207016,20.00362809218082,20.004131356380164,20.00465013561507,20.005180680216387,20.00571951227543,20.006263450085456,20.00680961786942,20.00735544463398,20.007898655268114,20.008437256357073,20.008969518627264,20.00949395747609,20.010009312666668,20.010514527969924,20.011008731304113,20.011491215742815,20.01196142162717,20.01241891991691,20.01286339684094,20.013294639855307,20.01371252487943,20.014117004756944,20.01450809887177,20.01488588384123,20.01525048520404,20.0156020700203
0.07103999999999999,20.0,20.000000000001325,20.00000000051625,20.00000002086277,20.000000259670774,20.000001615208017,20.000006446971636,20.000019041854685,20.00004541660311,20.00009255947586,20.00016746637477,20.00027629051743,20.00042377006833,20.000612959503187,20.0008452116272,20.001120330423042,20.001436818944065,20.00179216341045,20.002183113795976,20.002605937560904,20.003056635308045,20.003531115219875,20.004025328002896,20.00453536663708,20.005057536285126,20.00558839984832,20.00612480427428,20.00666389209535,20.007203101970557,20.00774016131349,20.008273073462203,20.008800101305805,20.009319748829657,20.00983074167183,20.010332007488536,20.010822656694465,20.011301963964822,20.01176935074945,20.012224368947145,20.012666685812967,20.013096070117,20.013512379534802,20.013915549223746,20.014305581522905,20.01468253670398,20.01504652469608,20.015397697705627
0.07128,20.0,20.000000000001105,20.00000000044848,20.000000018602627,20.00000023568856,20.000001485091392,20.00000598618106,20.000017818252775,20.000042764998575,20.00008760704763,20.00015919571522,20.00026361912439,20.000405627941607,20.000588353432494,20.000813271407242,20.00108033689875,20.001388216373226,20.001734559650057,20.002116271870513,20.00252976172787,20.002971154108447,20.003436463365354,20.003921728392317,20.00442311334367,20.00493697901125,20.00545993009561,20.00598884330415,20.00652088064148,20.007053491595176,20.00758440726062,20.00811162884408,20.00863341245573,20.009148251660655,20.009654858891913,20.010152146537358,20.010639208281226,20.011115301102254,20.011579828192883,20.012032322960714,20.012472434196845,20.01289991243988,20.013314597525028,20.01371640728037,20.01410532731472,20.014481401830352,20.014844725388283,20.015195435551565
0.07152,20.0,20.00000000000092,20.00000000038944,20.00000001658165,20.00000021385991,20.00000136511965,20.000005557120748,20.000016670056947,20.000040261185184,20.00008290642516,20.00015131142249,20.000251494895778,20.00038821369404,20.00056466873063,20.000782451780253,20.00104166259237,20.001341125741725,20.001678650482464,20.00205129406935,20.002455604374756,20.00288782936614,20.0033440890583,20.00382051056565,20.004313329658082,20.00481896349063,20.005334059495578,20.00585552519547,20.00638054318673,20.006906574924617,20.007431356312335,20.00795288751386,20.0084694188975,20.008979434582642,20.009481634703643,20.00997491721563,20.0104583598373,20.010931202546754,20.01139283090861,20.011842760406186,20.012280621874837,20.012706148075477,20.01311916140658,20.013519562724607,20.01390732122389,20.014282465315016,20.01464507443428,20.014995271713687
0.07175999999999999,20.0,20.000000000000764,20.00000000033803,20.000000014775168,20.000000193997344,20.000001254530332,20.000005157696666,20.000015592840064,20.000037897363438,20.000078445562757,20.000143796626183,20.000239895897245,20.000371500404828,20.00054187382442,20.00075271703751,20.00100426828775,20.00129550500461,20.001624391716106,20.001988134706583,20.002383418921887,20.002806614144244,20.003253945471748,20.003721628203213,20.00420597009838,20.00470344534763,20.005210744991533,20.005724808373717,20.00624283975896,20.006762313672585,20.007280971920483,20.007796814687875,20.008308087616907,20.008813266338432,20.009311039580513,20.009800291690226,20.010280085177207,20.01074964370845,20.011208335845794,20.011655659712094,20.012091228693333,20.01251475822562,20.01292605367422,20.01332499928218,20.013711548146134,20.014085713164153,20.014447558892844,20.014797194247407
0.072,20.0,20.000000000000636,20.00000000029328,20.00000001316099,20.000000175929166,20.000001152615923,20.000004785946295,20.00001458242035,20.000035666119004,20.000074212948874,20.000136635131863,20.000228800992474,20.000355462046144,20.00051993809858,20.00072403246367,20.000968115770977,20.00125131310546,20.00157174011608,20.001926749007264,20.002313159645006,20.002727462299244,20.00316598650645,20.00362503564598,20.004100989776624,20.00459038073562,20.00508994399344,20.00559665167196,20.006107730738293,20.006620669853575,20.00713321779026,20.007643375792327,20.008149385769983,20.008649715805166,20.009143044097932,20.009628242200833,20.010104358162256,20.01057060002108,20.01102631995664,20.011470999291866,20.011904234467647,20.0123257240471,20.01273525676552,20.01313270061108,20.013517992900407,20.01389113129945,20.01425216573173,20.01460119111168
0.07224,20.0,20.00000000000053,20.000000000254346,20.00000001171915,20.00000015949815,20.000001058720095,20.00000444003085,20.000013634848706,20.000033560405235,20.000070197584698,20.00012981139695,20.0002181898179,20.000340073457956,20.00049883187171,20.00069636431469,20.000933167810757,20.001208509959458,20.00152065339,20.001867093095978,20.002244781666345,20.002650328474438,20.00308016678636,20.003530687892926,20.00399834439778,20.004479726337244,20.00497161437934,20.00547101433321,20.00597517686017,20.006481605786572,20.006988057884342,20.00749253646778,20.00799328068774,20.00848875199922,20.00897761893825,20.00945874106501,20.009931152705587,20.01039404694698,20.010846760201318,20.01128875754864,20.011719618986724,20.012139026656236,20.01254675306527,20.01294265030587,20.013326640233018,20.013698705562074,20.014058881831517,20.01440725017265
0.07247999999999999,20.0,20.000000000000437,20.000000000220485,20.000000010431705,20.00000014456039,20.00000097223418,20.000004118227924,20.000012746396678,20.000031573526396,20.000066388963454,20.000123310507387,20.00020804275808,20.000325310323394,20.0004785263727,20.000669679796072,20.000899388138986,20.001167056436557,20.00147109017381,20.0018091239853,20.002178240945614,20.002575168093173,20.002996441653988,20.00343854059815,20.00389799025842,20.004371439364476,20.0048557144965,20.005347856012534,20.005845139218245,20.006345084098538,20.006845456426895,20.007344262573483,20.007839739880783,20.008330344080985,20.008814734895633,20.009291760683126,20.009760442777132,20.010219959982024,20.010669633552833,20.011108912880022,20.011537362017787,20.011954647133397,20.012360524909877,20.012754831901898,20.01313747482173,20.013508421716633,20.01386769398935,20.01421535920729
0.07271999999999999,20.0,20.000000000000362,20.000000000191054,20.000000009282527,20.0000001309842,20.00000089259385,20.000003818924544,20.000011913544924,20.000029699121583,20.000062777050445,20.000117118154964,20.00019834092164,20.0003111491446,20.000458993717533,20.00064394704137,20.000866741431473,20.001126914344702,20.001423010017643,20.001752799564205,20.00211349427084,20.00250193735197,20.002914767165493,20.003348550067834,20.003799884245247,20.004265477558455,20.004742203162422,20.005227136778977,20.00571757926708,20.006211067727705,20.006705377907323,20.007198520191537,20.007688731043736,20.0081744613595,20.00865436288082,20.00912727354318,20.009592202408424,20.0100483146604,20.01049491700174,20.010931443682754,20.011357443310896,20.011772566527444,20.012176554591665,20.01256922887949,20.012950481279773,20.013320265455025,20.013678588922716,20.014025505906982
0.07296,20.0,20.000000000000302,20.00000000016548,20.000000008257125,20.00000011864914,20.000000819276057,20.000003540610592,20.00001113297229,20.000027931149297,20.000059352263783,20.00011122061536,20.00018906611791,20.000297567219143,20.000440206886484,20.00061913509098,20.00083519328883,20.001088046413138,20.00137637337164,20.001698078586404,20.002050499249098,20.00243059321346,20.002835100085672,20.00326067325696,20.003703983833383,20.004161799189134,20.004631039665597,20.00510881711726,20.005592458824616,20.006079519926715,20.006567787083906,20.007055275630904,20.007540222059514,20.008021073296923,20.00849647392574,20.008965252225476,20.00942640569732,20.009879086559312,20.010322587560818,20.01075632835729,20.011179842603433,20.011592765860115,20.011994824363157,20.012385824668062,20.01276564415986,20.0131342224003,20.013491553273106,20.013837677881057
0.07319999999999999,20.0,20.00000000000025,20.000000000143267,20.000000007342493,20.000000107445054,20.000000751796147,20.000003281872626,20.00001040154537,20.000026263872627,20.000056105455815,20.00010560472681,20.000180200834095,20.000284542616892,20.000422139701747,20.000595213871225,20.000804710217587,20.001050416275824,20.00133114157182,20.001644920658638,20.001989214297133,20.002361093399198,20.002757397882753,20.003174867765892,20.003610247084474,20.004060363054716,20.004522183766067,20.004992857929327,20.005469740074496,20.00595040426554,20.00643264898724,20.006914495431225,20.00739418100349,20.0078701495129,20.008341039188,20.008805669407224,20.00926302681261,20.009712251303608,20.01015262226963,20.010583545312297,20.011004539624523,20.011415226130318,20.01181531644123,20.01220460265019,20.01258294795808,20.01295027811045,20.013306573609693,20.01365186266033
0.07343999999999999,20.0,20.000000000000206,20.000000000123983,20.000000006526953,20.000000097271258,20.00000068970517,20.00000304138802,20.000009716308593,20.000024691845102,20.000053027895227,20.000100257869484,20.000171728213083,20.000272054157442,20.00040476680542,20.00057215417375,20.00077525961146,20.00101398845494,20.001287276825924,20.00159328622893,20.00192959863193,20.002293396382353,20.002681618723017,20.00309109183674,20.0035186326446,20.00396112848088,20.004415595695825,20.00487922053565,20.005349385568167,20.00582368463426,20.006299928923507,20.006776146366516,20.007250576147445,20.00772165978876,20.008188029955253,20.008648497866965,20.009102039998535,20.009547784570252,20.00998499819899,20.010413072969076,20.01083151409935,20.011239928318375,20.01163801301126,20.012025546165617,20.01240237711781,20.01276841808216,20.013123636432937,20.01346804770057
0.07368,20.0,20.00000000000017,20.00000000010725,20.00000000580002,20.000000088035737,20.00000063258736,20.00000281791944,20.00000907447477,20.000023209897087,20.00005011124974,20.00009516794546,20.00016363203184,20.00026008138802,20.000388063637946,20.000549927635184,20.000746809732835,20.00097872834448,20.00124474219934,20.001543136574792,20.001871612261134,20.002227461380254,20.00260772146529,20.003009304349575,20.003429099742018,20.003864055319863,20.004311236158973,20.00476786667637,20.005231358226823,20.00569932524563,20.006169592477605,20.006640195448682,20.00710937596342,20.00757557407158,20.008037417649412,20.008493710488928,20.008943419579136,20.009385662092754,20.00981969245535,20.010244889765875,20.010660745753444,20.0110668533902,20.0114628962312,20.011848638515207,20.012223916033523,20.012588627754518,20.012942728178174,20.01328622038595
0.07392,20.0,20.000000000000142,20.000000000092736,20.000000005152295,20.000000079654434,20.0000005800578,20.000002610309664,20.000008473416134,20.000021813122768,20.000047347569524,20.000090323359334,20.00015589668036,20.000248604561893,20.000372006416914,20.000528506717142,20.00071932969447,20.00094460219402,20.001203501601033,20.001494433791432,20.001815215973462,20.002163248346843,20.00253566565527,20.002929464818482,20.00334160818471,20.003769103949306,20.004209066331743,20.004658758512278,20.005115621343162,20.005577290637497,20.00604160551605,20.00650660993087,20.00697054912741,20.00743186247813,20.007889173830783,20.00834128026724,20.008787139962568,20.009225859665445,20.009656682185078,20.01007897416216,20.010492214316834,20.010895982301392,20.011289948235564,20.011673862964848,20.012047549054603,20.012410892512666,20.012763835219133,20.013106368032442
0.07415999999999999,20.0,20.000000000000117,20.000000000080153,20.00000000457535,20.00000007205058,20.000000531760236,20.000002417476637,20.000007910655764,20.000020496867695,20.000044729271107,20.00008571299947,20.000148507141216,20.000237604617283,20.00035657211628,20.000507864686504,20.00069278944137,20.000911577092534,20.00116351976954,20.001447140779913,20.00176037132899,20.002100717965003,20.00246541151975,20.002851533387428,20.003256118357765,20.003676235270962,20.004109047862308,20.00455185862556,20.00500213858296,20.005457545675053,20.0059159341898,20.006375357310702,20.00683406452289,20.00729049529865,20.007743270202017,20.00819118031002,20.008633175645265,20.0090683531477,20.009495944578678,20.00991530464275,20.010325899528176,20.010727296001264,20.011119151139386,20.011501202749283,20.011873260489043,20.012235197691425,20.01258694387144,20.012928477891197
0.0744,20.0,20.000000000000096,20.000000000069246,20.000000004061633,20.00000006515409,20.00000048736503,20.000002238408868,20.0000073838595,20.000019256716836,20.000042249121993,20.000081326219817,20.00014144896964,20.000227063156757,20.000341738446004,20.000487975596002,20.000667159732913,20.00087962095239,20.001124762259018,20.00140122123531,20.00170704064942,20.002039831638793,20.00239691996067,20.002775470826027,20.00317259122062,20.003585410709217,20.004011142870432,20.00444713002043,20.004890873986483,20.005340055552914,20.00579254493686,20.00624640533332,20.00669989124425,20.00715144300055,20.007599678611985,20.008043383843393,20.008481501216004,20.00891311846804,20.009337456874878,20.00975385972194,20.010161781138784,20.010560775436822,20.010950487042088,20.01133064107589,20.011701034607135,20.012061528578844,20.01241204039607,20.012752537151883
0.07464,20.0,20.00000000000008,20.0000000000598,20.000000003604374,20.000000058900998,20.000000446567253,20.00000207216106,20.000006890828207,20.000018088483184,20.00003990022577,20.0000771528223,20.000134708274185,20.00021696242711,20.00032748383206,20.000468814265133,20.000642412125167,20.00084870249346,20.00108719542531,20.001356639634892,20.001655187008264,20.0019805514856,20.002330152549074,20.002701238525116,20.003090988304095,20.003496592209434,20.00391531394694,20.004344536123547,20.004781791969727,20.005224785797008,20.00567140448474,20.006119721994303,20.006567998600026,20.0070146762319,20.0074583710595,20.007897864215327,20.008332091359872,20.008760131628133,20.009181196364658,20.009594617947457,20.00999983891658,20.01039640155664,20.0107839380313,20.011162161128425,20.011530855645102,20.011889870419743,20.01223911100275,20.012578532945955
0.07487999999999999,20.0,20.000000000000068,20.000000000051617,20.000000003197506,20.00000005323295,20.000000409084926,20.00000191785001,20.000006429490437,20.00001698819679,20.000037676007793,20.000073183039845,20.000128271697903,20.000207285299716,20.00031378739685,20.000450356261354,20.000618518953434,20.000818791227374,20.001050786412158,20.001313361226277,20.001604774221008,20.00192284032819,20.002265071518952,20.002628798492218,20.003011271707326,20.00340974223616,20.003821524153032,20.004244040784272,20.004674857325508,20.005111702266372,20.005552479852792,20.005995275542436,20.006438356116046,20.00688016582487,20.007319319696933,20.00775459489941,20.008184920862107,20.00860936870671,20.009027140395172,20.009437557904413,20.009840052649984,20.010234155314706,20.010619486186616,20.01099574607068,20.01136270780867,20.011720208419177,20.012068141853323,20.01240645234994
0.07511999999999999,20.0,20.000000000000053,20.000000000044537,20.000000002835606,20.000000048096712,20.000000374657365,20.000001774650727,20.000005997895478,20.000015952094344,20.00003557020144,20.00006940751987,20.000122126400047,20.000198015251378,20.00030062894003,20.000432577881615,20.000595453315036,20.000789857441905,20.00101550313741,20.001271352015607,20.001555766835217,20.001866661686677,20.002201639760944,20.002558113346854,20.00293340409451,20.00332482377115,20.003729737019427,20.004145608274797,20.004570035224354,20.00500077115471,20.005435738354343,20.005873034482313,20.00631093353841,20.006747882798983,20.0071824968337,20.007613549498505,20.00803996461188,20.00846080586338,20.008875266373597,20.00928265821912,20.009682402151707,20.01007401767416,20.010457113583296,20.010831379050103,20.011196575276585,20.011552527745863,20.01189911906509,20.012236282388635
0.07536,20.0,20.000000000000046,20.000000000038412,20.00000000251382,20.00000004344375,20.00000034304362,20.000001641792792,20.000005594206737,20.00001497660915,20.000033576834856,20.0000658173084,20.000116260038336,20.0001891363456,20.00028798891972,20.000415456134196,20.000573189052304,20.00076187218554,20.00098131427936,20.00123057875575,20.001508130120637,20.001811979770448,20.002139820815994,20.00248914631577,20.002857348691542,20.00324180031126,20.00363991654535,20.004049203290077,20.004467291215292,20.004891958991863,20.005321147598735,20.00575296757685,20.006185700836333,20.006617798364264,20.007047874939634,20.007474701748265,20.007897197605907,20.008314419342337,20.00872555177088,20.009129897562858,20.009526867262498,20.009915969610994,20.010296802295873,20.010669043201347,20.0110324422041,20.011386813535548,20.01173202871408,20.012068010038305
0.07559999999999999,20.0,20.000000000000036,20.000000000033115,20.00000000222779,20.000000039229835,20.000000314021072,20.00000151855694,20.000005216695453,20.0000140583616,20.000031690218194,20.00006240383465,20.000110660751673,20.00018063321438,20.000275848434093,20.000398968720834,20.000551700735816,20.000734807252154,20.00094818926315,20.001191008934526,20.001461830059228,20.001758759469997,20.002079578868848,20.002421861227987,20.0027830692825,20.003160635866188,20.003552027197376,20.003954790947613,20.00436659122643,20.004785232645098,20.00520867549318,20.00563504384959,20.00606262820489,20.00648988392426,20.00691542664823,20.00733802552057,20.007756594952017,20.008170185476004,20.008577974125405,20.00897925465553,20.0093734278548,20.009759992117683,20.010138534401737,20.010508721649767,20.01087029272639,20.011223050894376,20.011566856838282,20.011901622229807
0.07583999999999999,20.0,20.000000000000032,20.00000000002854,20.000000001973643,20.000000035414647,20.000000287384072,20.000001404271817,20.000004863734738,20.000013194150004,20.0000299049314,20.000059158896164,20.00010531714341,20.000172491040388,20.00026418920338,20.000383094019195,20.00053096364786,20.000708635165896,20.00091609824724,20.00115261076296,20.001416833335227,20.001706966348713,20.00202087874151,20.002356222509793,20.002710530205995,20.003081294956065,20.003466033908126,20.00386233678711,20.004267901565427,20.00468055932025,20.00509829024449,20.005519232586924,20.00594168606758,20.006364111078945,20.006785124759805,20.00720349482684,20.007618131872597,20.008028080688547,20.00843251104656,20.008830708269276,20.00922206383633,20.009606066206718,20.009982291984635,20.010350397514888,20.010710110961917,20.011061224902136,20.01140358944086,20.011737105851697
0.07608,20.0,20.000000000000025,20.00000000002458,20.000000001747896,20.00000003196147,20.000000262942716,20.00000129831096,20.000004533793934,20.00001238094188,20.000028215812403,20.00005607464443,20.00010021826507,20.000164695539656,20.000252993552238,20.000367811065644,20.000510953766153,20.00068332916619,20.000885012110057,20.00111535316358,20.00137310732517,20.00165656663462,20.0019636858866,20.002292195179596,20.00263969635141,20.003003742608925,20.003381902074807,20.00377180676996,20.004171188919813,20.00457790656274,20.00498996036066,20.005405503340153,20.005822845078796,20.006240451627484,20.00665694224448,20.007071083821238,20.007481783707924,20.007888081499303,20.008289140218235,20.008684237231975,20.009072755153582,20.0094541729141,20.009828057138115,20.010194053913747,20.010551881015743,20.010901320615528,20.011242212493297,20.011574447753308
0.07632,20.0,20.00000000000002,20.000000000021167,20.000000001547452,20.000000028836865,20.000000240521686,20.000001200089926,20.00000422543324,20.000011615865624,20.000026617945824,20.000053143571,20.000095353600578,20.00015723294466,20.000242244392492,20.000353099538312,20.000491647747744,20.00065886319294,20.000854902436636,20.00107920575874,20.00133062008791,20.001607527212048,20.00190796638061,20.00222974484268,20.00257053315501,20.002927944358035,20.00329959755763,20.00368316727861,20.00407642035713,20.004477242258414,20.004883654652314,20.005293825927428,20.005706076126163,20.0061188775709,20.006530852245124,20.006940766803787,20.007347525919414,20.007750164526144,20.00814783940223,20.008539820430684,20.00892548179528,20.009304293302765,20.009675811968908,20.01003967396427,20.01039558698281,20.010743323071345,20.01108271193851,20.011413634747754
0.07655999999999999,20.0,20.000000000000018,20.00000000001822,20.00000000136953,20.000000026010397,20.000000219959162,20.00000110906363,20.000003937298633,20.000010896202525,20.00002510665209,20.00005035849407,20.000090713050938,20.000150089987873,20.000231925206297,20.000338939740505,20.000473022913233,20.000635211871877,20.00082574150544,20.00104413885901,20.001289340354667,20.001559815613305,20.001853686917144,20.002168837685876,20.00250300659596,20.002853866239104,20.00321908667808,20.003596385115756,20.003983563324994,20.004378534634295,20.004779342234023,20.00518417043555,20.005591350332743,20.005999361114597,20.006406828080127,20.006812518223338,20.007215334092763,20.007614306488705,20.008008586441562,20.008397436814985,20.00878022379573,20.009156408465927,20.009525538600247,20.0098872407885,20.010241212951144,20.01058721728962,20.01092507369391,20.011254653614934
0.0768,20.0,20.000000000000014,20.00000000001567,20.000000001211657,20.000000023454362,20.00000020110585,20.00000102472379,20.00000366811704,20.000010219379178,20.00002367747699,20.00004771254554,20.00008628691938,20.000143253885724,20.00022202002963,20.000325312584398,20.000455057231182,20.00061235050012,20.000797502275276,20.001010123451643,20.00124923751903,20.001513400010285,20.00180081480004,20.002109440472143,20.00243708319219,20.00278147478736,20.003140336217072,20.003511427503454,20.00389258565096,20.004281752259157,20.004676992525496,20.00507650722165,20.00547863905912,20.005881874670795,20.006284843246103,20.006686312680493,20.007085183941005,20.00748048421156,20.0078713592637,20.00825706540026,20.008636961238114,20.009010499530362,20.00937721917512,20.00973673751586,20.010088743005017,20.01043298827672,20.010769283654447,20.011097491104465
0.07704,20.0,20.00000000000001,20.000000000013475,20.000000001071623,20.000000021143556,20.000000183824017,20.0000009465966,20.000003416691765,20.000009582960228,20.000022326181657,20.000045199158507,20.00008206589695,20.000136712322988,20.000212513436175,20.00031219957505,20.00043772930277,20.00059025503185,20.00077015837232,20.000977131189032,20.00121028162702,20.001468249206052,20.001749317936447,20.00205152053504,20.00237272999622,20.002710737034526,20.003063313412976,20.00342826208205,20.003803455542297,20.004186864043984,20.004576575252607,20.00497080691473,20.005367913905367,20.00576639086081,20.00616487142044,20.006562124930365,20.006957051307452,20.007348674627277,20.007736135883725,20.008118685270908,20.00849567425771,20.008866547659633,20.00923083585948,20.009588147286266,20.009938161228064,20.0102806210284,20.01061532769556,20.010942133938602
0.07727999999999999,20.0,20.00000000000001,20.000000000011585,20.000000000947452,20.00000001905506,20.000000167986663,20.00000087424047,20.000003181898187,20.000008984641426,20.000021048732936,20.000042812055202,20.00007804104857,20.000130453437578,20.000203390521577,20.00029958279472,20.00042101834671,20.000568902064227,20.000743684077246,20.000945134377307,20.00117244336715,20.001424332626417,20.00169916482988,20.001995045773164,20.00230991459083,20.002641620505695,20.002987985959507,20.00334685690901,20.00371614158563,20.00409383924231,20.00447806044835,20.004867040417118,20.00525914671289,20.005652882517268,20.0060468864638,20.00643992988529,20.00683091216855,20.007218854779417,20.007602894407388,20.007982275583434,20.00835634304504,20.008724534057222,20.009086370845353,20.009441453253263,20.00978945170633,20.010130100532812,20.010463191676152,20.010788568815094
0.07751999999999999,20.0,20.000000000000007,20.000000000009955,20.00000000083739,20.000000017168038,20.000000153476694,20.000000807243946,20.000002962679627,20.000008422243052,20.00001984129414,20.00004054523537,20.00007420379947,20.000124465805758,20.000194636888057,20.000287444887515,20.000404904184403,20.000548268823458,20.00071805431251,20.000914105964952,20.001135694060505,20.00138162031148,20.00165032457318,20.00193998464447,20.002248605084652,20.002574093216044,20.00291432200352,20.00326718045763,20.003630612746434,20.004002647450417,20.00438141845362,20.004765178905735,20.005152309566167,20.005541322686174,20.00593086242244,20.006319702617382,20.006706742636638,20.007091001825398,20.007471613034088,20.007847815569516,20.008218947848942,20.008584439969642,20.008943806353948,20.009296638587063,20.00964259853129,20.009981411773445,20.010312861441466,20.01063678241002
0.07776,20.0,20.000000000000007,20.000000000008548,20.000000000739863,20.00000001546355,20.000000140186195,20.00000074522376,20.000002758043475,20.00000789370359,20.000018700216188,20.000038392965017,20.0000705459221,20.000118738427748,20.000186238629375,20.00027576904429,20.000389367225335,20.000528333151042,20.00069324462974,20.000884019531522,20.001100005650862,20.001340082907177,20.001602766841458,20.001886306160543,20.002188770107715,20.00250812366751,20.00284229014268,20.00318920161563,20.00354683836843,20.00391325860743,20.004286619917902,20.00466519383333,20.00504737479435,20.005431684628878,20.00581677353051,20.006201418361062,20.00658451896263,20.006965093039316,20.00734227005978,20.007715284538968,20.008083468979574,20.008446246689434,20.008803124638646,20.009153686477536,20.0094975858028,20.009834539732054,20.01016432282594,20.010486761380584
0.078,20.0,20.000000000000004,20.00000000000734,20.000000000653475,20.000000013924378,20.000000128015728,20.000000687822965,20.000002567057535,20.000007397073734,20.000017622029105,20.00003634976561,20.000067059523406,20.000113260713725,20.00017818231615,20.00026453898791,20.00037438845272,20.00050907349022,20.00066923119725,20.000854849276415,20.00106535069482,20.00129969165681,20.001556461885002,20.001833979880814,20.002130378806836,20.002443680845342,20.00277185942304,20.003112889683596,20.003464788172842,20.003825642995263,20.004193635799844,20.004567056929517,20.00494431497279,20.005323941823942,20.005704594212176,20.006085052515402,20.006464217538568,20.006841105814658,20.007214843879794,20.00758466188262,20.007949886811357,20.008309935558135,20.008664307987956,20.00901258013714,20.009354397632,20.0096894693915,20.01001756165601,20.010338492367847
0.07823999999999999,20.0,20.000000000000004,20.0000000000063,20.000000000576982,20.000000012534894,20.000000116873693,20.000000634709235,20.00000238884651,20.000006930510658,20.000016603433863,20.00003441040364,20.000063737032548,20.000108022470208,20.000170454981557,20.00025373895878,20.000359949409386,20.00049046887261,20.000645990787703,20.00082657000776,20.001031702352,20.00126041839258,20.001511380522125,20.001782975906703,20.002073400841002,20.002380734214537,20.00270299933647,20.003038214373372,20.003384432257572,20.003739771238475,20.00410243736769,20.00447074020175,20.004843102924397,20.005218067968883,20.00559429908369,20.005970580646448,20.00634581490011,20.006719017666928,20.00708931299158,20.007455927075153,20.007818181785833,20.00817548796915,20.008527338728424,20.00887330280381,20.00921301814417,20.00954618573859,20.0098725637529,20.010191961999453
0.07848,20.0,20.000000000000004,20.000000000005404,20.00000000050927,20.00000001128091,20.000000106675735,20.000000585573215,20.000002222588748,20.000006492272554,20.00001564129456,20.000032569880545,20.000060571188964,20.000103013886815,20.000163044107328,20.00024335370067,20.000346032183923,20.000472498905015,20.000623500765897,20.000799157131347,20.000999034375255,20.00122223552712,20.001467494132026,20.001733264875703,20.00201780637662,20.00231925371623,20.00263567981807,20.002965145806296,20.003305741096224,20.003655614304016,20.004012996199613,20.00437621593618,20.004743711720955,20.005114036981837,20.005485862955325,20.005857978489406,20.006229287728935,20.006598806236195,20.006965655997355,20.00732905967781,20.007688334414457,20.008042885370603,20.008392199227448,20.008735837743792,20.00907343148153,20.009404673766824,20.00972931493532,20.0100471568923
0.07872,20.0,20.000000000000004,20.000000000004633,20.000000000449358,20.00000001014953,20.000000097344195,20.00000054012703,20.000002067513094,20.00000608071344,20.000014732630923,20.00003082342305,20.00005755503086,20.000098225523402,20.000155937610117,20.000233368446864,20.000332619397046,20.000455143756447,20.000601739076703,20.00077258663968,20.000967321100937,20.001185116045033,20.00142477464758,20.001684817955443,20.001963566082743,20.002259209763963,20.002569871243388,20.002893654511354,20.003228685537046,20.003573143500834,20.003925284183957,20.004283456698374,20.004646114684288,20.005011823003095,20.005379260833244,20.005747221950738,20.006114612855036,20.006480449289555,20.00684385160669,20.007204039341097,20.007560325281325,20.007912109268066,20.008258871896054,20.008600168254393,20.008935621805996,20.00926491847913,20.009587801022153,20.00990406365515
0.07895999999999999,20.0,20.000000000000004,20.00000000000397,20.00000000039636,20.000000009129067,20.000000088807592,20.000000498102846,20.00000192289598,20.00000569427821,20.000013874611135,20.00002916647381,20.000054681884034,20.000093648297558,20.000149123828205,20.000223768906576,20.000319694188217,20.000438384145312,20.000580684233125,20.000746835101115,20.000936537439223,20.001149033494467,20.001383194548158,20.00163760683767,20.0019106511262,20.0022005732399,20.002505544425617,20.00282371142322,20.003153236801758,20.003492330479393,20.00383927351933,20.004192435333962,20.00455028538732,20.00491140039655,20.005274467921243,20.005638287110187,20.006001767258933,20.006363924723498,20.006723878639008,20.00708084580736,20.00743413504584,20.007783141227286,20.00812733919163,20.008466277666706,20.00879957330188,20.00912690489052,20.009448007835108,20.009762668891252
0.07919999999999999,20.0,20.000000000000004,20.0000000000034,20.000000000349495,20.00000000820891,20.000000081000152,20.00000045925153,20.000001788058604,20.000005331497903,20.000013064544937,20.00002759468243,20.000051945351082,20.000089273472454,20.000142591508514,20.000214541251665,20.00030724020253,20.000422201326828,20.000560315304508,20.000721879649074,20.000906658864487,20.00111396197866,20.00134272685239,20.001591603732212,20.001859033166667,20.002143315490944,20.002442670612673,20.002755287880227,20.00307936648428,20.0034131472311,20.00375493671463,20.004103124969156,20.004456197655074,20.00481274375105,20.005171459622414,20.005531150222684,20.0058907280738,20.006249210566224,20.006605716026016,20.0069594589133,20.00730974444529,20.007655962876786,20.007997583620558,20.008334149348272,20.008665270178536,20.00899061803074,20.009309921201286,20.00962295920087
0.07944,20.0,20.0,20.000000000002913,20.000000000308066,20.000000007379445,20.000000073861372,20.000000423341422,20.00000166236434,20.000004990985232,20.00001229987706,20.00002610389681,20.000049339300965,20.000085092645055,20.00013632979397,20.000205672103643,20.00029524157781,20.000406577080597,20.000540611904917,20.000697697971397,20.00087766140572,20.001079876147553,20.001303345110934,20.001546781360908,20.001808684351722,20.00208740832478,20.002381221484193,20.002688355622205,20.003007046549353,20.0033355660876,20.00367224658894,20.004015499011185,20.004363825565513,20.004715827881626,20.0050702115407,20.005425787720174,20.005781472587525,20.00613628497983,20.00648934281405,20.006839858592436,20.007187134297368,20.007530555910467,20.007869587740817,20.008203766705687,20.00853269667296,20.008856042946835,20.009173526955756,20.009484921183805
0.07967999999999999,20.0,20.0,20.000000000002494,20.000000000271463,20.00000000663194,20.000000067335613,20.000000390157137,20.000001545216218,20.0000046714303,20.000011578180892,20.00002469015481,20.000046857858898,20.000081097734654,20.00013032821117,20.000197148520968,20.00028368293196,20.000391493698398,20.000521554181613,20.000674268299747,20.000849521637015,20.001046751189392,20.001265023399256,20.001503112951493,20.001759577311777,20.002032824005884,20.00232116914847,20.00262288678827,20.00293624933109,20.003259559719996,20.003591176271357,20.003929531148607,20.004273143450337,20.00462062783067,20.004970699482403,20.005322176213358,20.005673978244644,20.00602512626247,20.006374738166343,20.006722024877472,20.00706628550264,20.007406902090093,20.00774333416454,20.008075113187143,20.008401837052357,20.0087231647057,20.009038810944045,20.009348541441863
0.07991999999999999,20.0,20.0,20.00000000000213,20.000000000239126,20.000000005958494,20.000000061371708,20.000000359498483,20.000001436054593,20.000004371596532,20.000010897152446,20.000023349676226,20.00004449539658,20.00007728097175,20.000124576658376,20.000188957986616,20.000272549350562,20.00037693397216,20.00050312280373,20.000651569399167,20.000822216668137,20.001014562822384,20.00122773631037,20.001460572231466,20.00171168515503,20.001979535251426,20.00226248613927,20.00255885391449,20.002866947531405,20.003185101137962,20.003511699200676,20.00384519535156,20.004184125895637,20.004527118868975,20.004872899457514,20.005220292493355,20.005568222648225,20.00591571285039,20.006261881365226,20.006605937902616,20.006947179046925,20.007284983247747,20.007618805560472,20.00794817228495,20.008272675616606,20.008591968396537,20.00890575902462,20.009213806581297
0.08016,20.0,20.0,20.000000000001823,20.00000000021057,20.000000005351943,20.00000005592264,20.00000033117944,20.000001334354927,20.000004090316825,20.000010254604575,20.00002207885509,20.000042246522778,20.00007363488727,20.0001190653938,20.00018108839593,20.0002618263747,20.000362881182138,20.000485298951066,20.000629580557707,20.000795724135138,20.000983287286367,20.001191458947613,20.001419133421916,20.00166498146233,20.00192751522713,20.002205145412624,20.0024962299315,20.002799114218366,20.003112163688762,20.003433789125022,20.00376246587187,20.0040967477425,20.004435276496718,20.004776787681045,20.005120113533255,20.00546418356167,20.005808023319908,20.006150751814253,20.006491577905805,20.006829796003622,20.007164781288214,20.0074959846564,20.00782292753796,20.00814519670075,20.008462439133343,20.008774357071303,20.00908070321519
0.0804,20.0,20.0,20.00000000000156,20.000000000185363,20.0000000048058,20.000000050945204,20.000000305027182,20.000001239625693,20.000003826489845,20.00000964846144,20.00002087425223,20.00004010607418,20.00007015230207,20.000113785024226,20.00017352804475,20.000251499989048,20.00034931908529,20.00046806430304,20.00060828157619,20.00077002219103,20.000952901334532,20.001156166917426,20.00137877123136,20.00161944028201,20.00187673754308,20.002149120343514,20.002434988162022,20.002732722824465,20.0030407210562,20.003357420101374,20.003681317243114,20.004010984087483,20.004345076444316,20.004682340574227,20.005021616489607,20.005361838910414,20.005702036389334,20.00604132904025,20.006378925230887,20.006714117535967,20.00704627819131,20.007374854241544,20.007699362533963,20.008019384677375,20.00833456205726,20.008644590975646,20.008949217965817
0.08063999999999999,20.0,20.0,20.000000000001332,20.00000000016312,20.000000004314188,20.0000000463997,20.000000280881203,20.00000115140639,20.000003579076548,20.000009076753216,20.00001973258814,20.000038069106605,20.000066826316793,20.000108726493895,20.000166265617818,20.000241556610145,20.000336231903837,20.0004514010278,20.00058765275806,20.000745089496583,20.00092338222516,20.0011218363221,20.001339460849536,20.001575036124706,20.00182717624946,20.002094384722508,20.002375102318304,20.002667747144802,20.002970747259447,20.00328256649499,20.003601724280557,20.003926810283012,20.00425649467324,20.00458953476562,20.004924778703817,20.00526116678356,20.005597730920762,20.005933592695293,20.006267960329716,20.00660012489924,20.006929456014138,20.007255397168834,20.007577460912042,20.007895223958972,20.008208322338973,20.00851644664928,20.008819337466964
0.08088,20.0,20.0,20.000000000001137,20.000000000143498,20.000000003871794,20.000000042249674,20.000000258592447,20.0000010692657,20.00000334709685,20.00000853761102,20.000018650736127,20.00003613088647,20.000063650302017,20.00010388107372,20.000159290177425,20.000231983074976,20.000323604314012,20.00043529177149,20.000567674899376,20.00072090521113,20.00089470771344,20.001088443752593,20.001301177941194,20.001531743958097,20.00177880583227,20.002040912752335,20.0023165464995,20.00260416133519,20.00290221665181,20.003209202978763,20.003523662081022,20.003844201937717,20.00416950737669,20.004498347092152,20.00482957770346,20.005162145435435,20.005495085921847,20.005827522558615,20.00615866376418,20.00648779944287,20.006814296893296,20.007137596357186,20.007457206364847,20.00777269900023,20.008083705180976,20.00838991002622,20.0086910483662
0.08112,20.0,20.0,20.000000000000973,20.000000000126196,20.000000003473797,20.000000038461653,20.00000023802255,20.000000992799706,20.00000312962646,20.000008029262087,20.000017625715707,20.0000342868826,20.000060617888682,20.00009924035076,20.000152591152386,20.000222766629697,20.00031142143503,20.00041971964765,20.00054832927888,20.000697448983512,20.000866856043277,20.00105596628133,20.001263898639888,20.001489539201675,20.001731601208956,20.001988679044388,20.002259295188967,20.00254193991017,20.002835103919413,20.003137304532476,20.003447106022655,20.003763134916625,20.00408409098023,20.00440875460007,20.004735991203535,20.00506475328707,20.005394080547454,20.00572309853845,20.00605101620818,20.006377122612534,20.006700783047027,20.0070214347937,20.00733858264084,20.007651794300315,20.00796069581986,20.008264967065095,20.00856433732712
0.08135999999999999,20.0,20.0,20.00000000000083,20.00000000011094,20.00000000311585,20.000000035004916,20.000000219043095,20.000000921630242,20.000002925793897,20.000007550025128,20.000016654686263,20.000032532758258,20.000057722958843,20.000094796217986,20.000146158327194,20.000213894918687,20.000299668818233,20.000404668226814,20.000529597648246,20.000674700943065,20.00083980593921,20.00102438145503,20.001227599541735,20.001448397721425,20.00168553772403,20.001937658615176,20.002203323251507,20.00248105774099,20.0027693840798,20.003066846441982,20.003372031764634,20.003683585341324,20.00400022214231,20.004320734545818,20.0046439971076,20.004968968927585,20.005294694101288,20.005620300673794,20.00594499844952,20.006268075952143,20.0065888967773,20.006906895535803,20.00722157354647,20.007532494405044,20.007839279528522,20.00814160375138,20.008439191031542
0.08159999999999999,20.0,20.0,20.000000000000707,20.000000000097497,20.00000000279401,20.00000003185127,20.000000201534913,20.000000855403336,20.00000273477762,20.00000709830591,20.000015734940956,20.00003086436351,20.000054959636685,20.000090540864342,20.000139981831506,20.000205355973744,20.000288332436423,20.000390121526216,20.000511462222363,20.00065264169071,20.00081353659833,20.000993667287535,20.001192257699206,20.00140829582453,20.001640591144636,20.001887826882736,20.00214860593054,20.002421490053457,20.002705032480453,20.002997804298314,20.003298415246764,20.00360552959003,20.00391787775473,20.004234264396818,20.004553573508858,20.00487477111554,20.005196906037398,20.0055191091361,20.005840591391767,20.0061606411058,20.006478620471835,20.006793961713345,20.00710616294832,20.007414783909084,20.007719441618335,20.00801980609957,20.008315596181667
0.08184,20.0,20.0,20.000000000000604,20.000000000085656,20.000000002504724,20.000000028974842,20.00000018538746,20.00000079378772,20.00000255580333,20.00000667259303,20.000014863900876,20.000029277727826,20.000052322279817,20.000086466765058,20.000134052129834,20.00019713820356,20.000277398673408,20.00037606399969,20.000493905669817,20.000631252290116,20.00078802768228,20.000963802252716,20.001157850614884,20.00136921025404,20.001596737656083,20.001839159662968,20.002095118845205,20.00236321242577,20.002642024797236,20.002930153996683,20.003226232689016,20.00352894429754,20.003837034943007,20.004149321832177,20.004464698691173,20.004782138780154,20.005100695961655,20.005419504230915,20.005737776055977,20.00605479981967,20.006369936606088,20.006682616530625,20.006992334775163,20.00729864745803,20.00760116744127,20.0078995601553,20.00819353950221
0.08207999999999999,20.0,20.0,20.000000000000515,20.00000000007523,20.000000002244768,20.000000026351916,20.000000170498218,20.000000736473453,20.000002388141397,20.00000627145388,20.000014039109434,20.00002776905295,20.000049805470866,20.00008256667224,20.000128360011512,20.00018923038341,20.00026685431373,20.000362480527688,20.000476911103444,20.000610514258966,20.00076325930931,20.000934765277346,20.00112435623527,20.001331118183522,20.001553953857346,20.001791633165947,20.002042837987428,20.002306200786254,20.002580337032786,20.00286387173545,20.003155460590982,20.003453806355154,20.003757671066662,20.004065884743348,20.004377351129982,20.00469105102251,20.00500604363313,20.005321466399455,20.005636533582447,20.005950533943818,20.00626282774516,20.006572843268383,20.00688007302004,20.00718406975049,20.007484442392,20.00778085199744,20.00807300774247
0.08231999999999999,20.0,20.0,20.000000000000437,20.00000000006605,20.000000002011234,20.000000023960737,20.00000015677212,20.000000683170605,20.00000223110442,20.000005893530794,20.00001325822694,20.00002633470601,20.00004740400929,20.00007883360573,20.000122896580898,20.000181621645034,20.000256686532566,20.00034935640752,20.00046046207104,20.000590409560285,20.000739212046366,20.00090653573406,20.00109175294454,20.00129399721169,20.001512216756524,20.00174522399217,20.001991739718918,20.00225043141106,20.002519945514816,20.002798934014983,20.003086075731243,20.003380092910504,20.00367976371945,20.00398393123466,20.00429150949317,20.00460148711666,20.004912928965425,20.005224976220084,20.005536845232346,20.005847825433964,20.00615727654564,20.006464625285727,20.0067693617422,20.007071035540104,20.00736925190992,20.007663667740143,20.007953987678405
0.08256,20.0,20.0,20.000000000000373,20.000000000057966,20.0000000018015,20.000000021781364,20.000000144121042,20.00000063360803,20.00000208404492,20.000005537537348,20.00001251902546,20.00002497121291,20.000045112903493,20.000075260844188,20.000117653247834,20.00017430146679,20.000246882885858,20.00033667734366,20.000444542546152,20.000570920593905,20.000715866901285,20.000879093434293,20.00106001955836,20.001257825357047,20.001471503766286,20.001699909128796,20.001941800768112,20.002195880921764,20.002460826894357,20.002735317636475,20.00301805516669,20.003307781367287,20.0036032907295,20.003903439623834,20.00420715264184,20.004513426510634,20.00482133202791,20.00513001440976,20.005438692389287,20.005746656353192,20.00605326575743,20.00635794602201,20.006660185069062,20.006959529637506,20.007255581481157,20.007547993534857,20.0078364661146
0.0828,20.0,20.0,20.000000000000316,20.00000000005086,20.00000000161319,20.000000019795525,20.00000013246331,20.000000587532192,20.00000194635312,20.00000520225487,20.00001181938382,20.000023675251903,20.000042927363157,20.00007184191649,20.000112621718316,20.000167259663975,20.000237431300594,20.0003244294383,20.000429136919042,20.000552030187965,20.000693205315,20.000852418621303,20.001029135317683,20.0012225810525,20.0014317926993,20.0016556659458,20.001892998227067,20.002142526282963,20.00240295814394,20.00267299970066,20.00295137623175,20.003236849384958,20.003528230159382,20.00382438844236,20.00412425963102,20.004426848827457,20.004731233046932,20.005036561825406,20.005342056560874,20.0056470088736,20.005950778225483,20.006252788998665,20.006552527198075,20.006849536912263,20.007143416640513,20.007433815572295,20.007720429886277
0.08303999999999999,20.0,20.0,20.00000000000027,20.000000000044608,20.000000001444167,20.000000017986476,20.000000121723254,20.000000544706083,20.000001817454898,20.000004886529073,20.00001115728284,20.00002244364745,20.00004084279185,20.000068570593303,20.00010779398544,20.000160486379386,20.0002283200653,20.000312599182003,20.000414229987754,20.000533721590564,20.000671209153857,20.000826491963213,20.000999079882597,20.001188243139968,20.001393061763604,20.001612472192136,20.00184530954833,20.002090344799768,20.002346316555705,20.002611957606494,20.002886016537545,20.003167274878344,20.003454560306118,20.003746756435895,20.004042809710324,20.004341733866013,20.004642612406922,20.004944599465208,20.005246919380138,20.005548865277877,20.005849796891486,20.006149137820955,20.006446372398578,20.006741042294742,20.00703274297339,20.007321120084352,20.00760586586121
0.08327999999999999,20.0,20.0,20.00000000000023,20.000000000039112,20.0000000012925,20.00000001633888,20.000000111830765,20.000000504908193,20.000001696809775,20.000004589266847,20.000010530800783,20.00002127336426,20.00003885477985,20.000065440878945,20.00010316232053,20.000153972074095,20.000219537820705,20.000301173444523,20.000399806949282,20.00051597846146,20.000649860701976,20.00080129454608,20.000969833326135,20.00115479086502,20.00135528955801,20.001570305991834,20.001798712541728,20.002039314115258,20.00229087973948,20.002552169049764,20.002821953971,20.00309903601716,20.003382259701098,20.003670522564477,20.003962782324514,20.004258061601895,20.004555450651452,20.00485410846988,20.005153262606964,20.005452207960865,20.00575030479552,20.006046976179732,20.006341705013572,20.006634030777956,20.006923546117637,20.007209893345998,20.007492760941616
0.08352,20.0,20.0,20.000000000000195,20.000000000034284,20.00000000115644,20.0000000148387,20.00000010272093,20.000000467931535,20.000001583909068,20.00000430943323,20.00000993810894,20.000020161501595,20.000036959097216,20.00006244700347,20.000098719264557,20.000147707518416,20.0002110735506,20.0002901394658,20.000385853390924,20.000498784863904,20.00062914265367,20.000776807867044,20.000941376128164,20.001122203871464,20.00131845506743,20.00152914584009,20.00175318537114,20.001989412207905,20.00223662562075,20.002493612021617,20.002759166693878,20.00303211122551,20.003311307109968,20.00359566600279,20.00388415711402,20.004175812188162,20.004469728484235,20.00476507012382,20.005061068129415,20.005357019431003,20.00565228507763,20.00594628785307,20.00623850946146,20.006528487419356,20.006815811765396,20.00710012167713,20.00738110206603
0.08375999999999999,20.0,20.0,20.000000000000167,20.000000000030038,20.00000000103442,20.000000013473073,20.000000094333625,20.000000433582734,20.000001478274104,20.000004046048463,20.000009377467432,20.00001910528771,20.000035151687076,20.000059583414977,20.0000944576197,20.000141683783095,20.00020291657287,20.000279484847102,20.0003723552817,20.000482125256543,20.000609038105964,20.000753013827477,20.000913689169263,20.001090462195982,20.00128253765826,20.001488970599326,20.001708706551227,20.00194061738892,20.002183532438632,20.00243626480706,20.00269763314174,20.00296647918128,20.003241681532394,20.003522166140264,20.003806913915376,20.004094965956075,20.004385426770057,20.004677465856265,20.004970317965032,20.00526328231177,20.00555572097936,20.00584705670792,20.00613677023776,20.006424397342563,20.00670952566488,20.00699179144438,20.00727087621112
0.08399999999999999,20.0,20.0,20.000000000000142,20.00000000002631,20.00000000092502,20.00000001223024,20.000000086613216,20.000000401681184,20.000001379454535,20.000003798185244,20.000008847221192,20.00001810207458,20.000033428659155,20.000056844772153,20.000090370441196,20.000135892230684,20.00019505653073,20.000269197542305,20.000359298963946,20.000465984485437,20.000589530551178,20.00072989472622,20.000886753724632,20.001059546262745,20.001247517073686,20.00144975949519,20.001665254944132,20.00189290829958,20.00213157874376,20.002380105983363,20.00263733202286,20.002902118815474,20.003173362201828,20.003450002581175,20.003731032761596,20.004015503415694,20.004302526535636,20.004591277242326,20.004880994262066,20.00517097934304,20.005460595845236,20.005749266701667,20.006036471916715,20.006321745739083,20.006604673622107,20.006884889062885,20.007162070393466
0.08424,20.0,20.0,20.00000000000012,20.00000000002304,20.00000000082696,20.000000011099438,20.000000079508197,20.000000372058224,20.000001287026755,20.000003564966057,20.000008345796086,20.00001714933277,20.000031786283476,20.000054225937046,20.000086451029393,20.000130324507154,20.000187483384085,20.000259265849348,20.000346671144992,20.000450347776187,20.00057060386956,20.00070743325285,20.00086055145804,20.00102943687806,20.00121337342903,20.001411492112606,20.001622809756118,20.001846263908494,20.00208074339612,20.00232511441846,20.00257824231708,20.002839009311522,20.003106328585158,20.00337915514465,20.003656493882502,20.003937405256504,20.004221008970447,20.004506486004022,20.004793079300633,20.005080093382407,20.005366893124204,20.005652901883654,20.005937599152922,20.006220517869952,20.006501241502605,20.006779400998006,20.00705467167132
0.08448,20.0,20.0,20.000000000000103,20.00000000002017,20.000000000739096,20.00000001007081,20.000000072970924,20.00000034455639,20.000001200592383,20.000003345560664,20.000007871695214,20.000016244646517,20.000030220984332,20.00005172196801,20.000082692921957,20.000124972533648,20.00018018740116,20.00024967840185,20.00033445888903,20.000435200726145,20.00055224232202,20.000685612480996,20.000835064415785,20.001000115224993,20.001180087207057,20.001374148391722,20.001581350534202,20.001800663508824,20.002031005562866,20.002271269269244,20.002520343274604,20.00277713010448,20.003040560382324,20.003309603864622,20.003583277704966,20.00386065234791,20.004140855427462,20.004423074011203,20.004706555493847,20.00499060740644,20.005274596370988,20.005557946396657,20.005840136682874,20.00612069906737,20.00639921523308,20.006675313767037,20.00694866714631
0.08471999999999999,20.0,20.0,20.000000000000085,20.00000000001765,20.000000000660386,20.00000000913536,20.00000006695732,20.000000319028704,20.00000111977684,20.000003139183697,20.000007423495358,20.000015385708984,20.000028729334407,20.000049328112922,20.00007908988638,20.000119828498484,20.000173159150215,20.00024042416084,20.000322649609018,20.000420529296726,20.000534430542942,20.000664415861717,20.0008102750207,20.00097156285804,20.00114763925331,20.0013377086239,20.00154085716277,20.0017560867155,20.00198234471605,20.00221854997984,20.00246361441472,20.00271646088021,20.002976037525865,20.003241328989727,20.00351136485312,20.003785225739698,20.00406204742385,20.004341023282464,20.00462140538889,20.004902504511886,20.005183689247442,20.005464384478323,20.00574406932647,20.00602227473625,20.00629858080303,20.006572613940843,20.00684404396512
0.08496,20.0,20.0,20.000000000000075,20.00000000001544,20.000000000589896,20.00000000828485,20.00000006142662,20.000000295337994,20.000001044227982,20.000002945092366,20.0000069998436,20.000014570317706,20.000027308049113,20.00004703980257,20.000075635912598,20.000114884849324,20.00016638949148,20.000231492406687,20.000311231058824,20.000406319805837,20.000517153533057,20.000643827216937,20.000786166066195,20.000943761697805,20.001116010771412,20.00130215344767,20.001501309860124,20.001712513462365,20.001934740630347,20.002166936279828,20.002408035524503,20.002656981574493,20.002912740180424,20.003174310983127,20.003440736148487,20.003711106662458,20.003984566641602,20.00426031598597,20.004537611667992,20.00481576791684,20.005094155523807,20.00537220046254,20.005649381988473,20.005925230355757,20.006199324266305,20.006471288145494,20.00674078932113
0.0852,20.0,20.0,20.000000000000064,20.0000000000135,20.000000000526786,20.00000000751176,20.000000056341133,20.000000273356292,20.000000973614842,20.000002762584277,20.00000659945404,20.000013796370208,20.000025953981137,20.000044852644233,20.000072325205885,20.000110134285524,20.000159869569256,20.00022287273115,20.000300191325394,20.000392558920407,20.000500396652406,20.00062383073292,20.000762720710316,20.00091669402566,20.001085183318388,20.001267463844663,20.00146268917504,20.00166992399931,20.001888173380713,20.002116408182413,20.00235358665745,20.002598672372063,20.002850648742164,20.003108530522308,20.00337137261006,20.00363827652791,20.003908394928136,20.00418093444025,20.004455157149433,20.004730380961828,20.005005979079968,20.005281378780776,20.00555605965994,20.005829551480797,20.006101431742685,20.006371323063824,20.006638890456028
0.08543999999999999,20.0,20.0,20.000000000000053,20.000000000011802,20.000000000470298,20.000000006809206,20.000000051666024,20.00000025296421,20.000000907626404,20.000002590995358,20.000006221104712,20.000013061859768,20.000024664115145,20.00004276241548,20.00006915217988,20.000105569750698,20.000153590804203,20.000214555029594,20.000289518821113,20.00037923364901,20.00048414561338,20.00060441095383,20.000739922469858,20.000890342478492,20.001055138799998,20.00123362113555,20.001424975983298,20.001628298889347,20.00184262334002,20.002066945982538,20.002300248132048,20.00254151370564,20.00278974383818,20.003043968498776,20.00330325545433,20.00356671692921,20.003833514296797,20.00410286111492,20.00437402478841,20.00464632711089,20.004919143906612,20.005191903963368,20.00546408741959,20.005735223743457,20.006004889419348,20.006272705436984,20.006538334661364
0.08567999999999999,20.0,20.0,20.000000000000046,20.000000000010314,20.000000000419757,20.00000000617091,20.00000004736909,20.00000023405041,20.00000084597045,20.000002429697886,20.000005863634588,20.000012364871377,20.0000234355627,20.00004076505815,20.00006611144986,20.000101184425432,20.000147544885746,20.000206529493344,20.000279202276268,20.000366331334593,20.000468386473848,20.000585552775327,20.000717755214524,20.0008646900434,20.001025859466047,20.001200606975964,20.00138815148418,20.00158761900569,20.00179807117664,20.00201853025499,20.00224800053034,20.00248548625487,20.00273000632579,20.002980606017758,20.00323636609525,20.003496409641187,20.003759906927343,20.004026078631355,20.004294197677922,20.004563589952582,20.00483363410638,20.005103760640772,20.005373450435133,20.005642232854417,20.005909683552343,20.00617542206595,20.006439109280105
0.08592,20.0,20.0,20.00000000000004,20.000000000009013,20.00000000037454,20.00000000559114,20.00000004342059,20.00000021651108,20.0000007883725,20.000002278098588,20.00000552594071,20.00001170357784,20.00002226555731,20.000038856672525,20.00006319782616,20.000096971720208,20.000141723764703,20.00019878660219,20.00026923073164,20.000353839647325,20.00045310563036,20.000567241438226,20.0006962031611,20.000839720052475,20.000997327905726,20.001168403352406,20.001352197196955,20.001547865528785,20.001754497852005,20.001971141852426,20.002196824696377,20.002430570945215,20.002671417291854,20.00291842439778,20.003170686144173,20.00342733662052,20.003687555166373,20.00395056976334,20.004215659049542,20.004482153200907,20.004749433894943,20.005016933544745,20.005284133964576,20.0055505646043,20.005815800468007,20.006079459812977,20.006341201708125
0.08615999999999999,20.0,20.0,20.000000000000032,20.00000000000787,20.000000000334104,20.000000005064653,20.000000039793044,20.00000020024944,20.00000073457476,20.000002135636866,20.000005206975494,20.000011076236003,20.000021151449697,20.000037033511667,20.000060406307792,20.000092925268483,20.000136119646054,20.00019131711705,20.000259593531233,20.00034174657754,20.000438289811434,20.000549462522237,20.000675250867697,20.000815416177545,20.000969527042965,20.001136992578182,20.001317094957358,20.001509019943327,20.00171188461812,20.001924761903375,20.002146701734713,20.002376748946837,20.002613958051978,20.002857405170268,20.003106197409682,20.00335948000588,20.00361644152768,20.003876317437616,20.004138392274214,20.004402000696267,20.00466652760207,20.00493140750951,20.005196123357443,20.005460204865013,20.005723226564363,20.005984805603035,20.006244599395675
0.08639999999999999,20.0,20.0,20.00000000000003,20.00000000000687,20.000000000297955,20.000000004586667,20.000000036461064,20.00000018517528,20.00000068433517,20.000002001783088,20.00000490574409,20.000010481183168,20.00002009070322,20.00003529197596,20.00005773207624,20.000089038919953,20.00013072498186,20.00018411207276,20.000250280315115,20.000330040428775,20.000423926070926,20.000532201939752,20.00065488322802,20.000791762425017,20.000942440131773,20.00110635728928,20.001282826914046,20.00147106403523,20.00167021301508,20.00187937181021,20.002097613008765,20.002324001673394,20.00255761014969,20.002797530079032,20.00304288189744,20.003292822118006,20.003546548692576,20.003803304734426,20.004062380862926,20.004323116406297,20.004584899672587,20.004847167472875,20.00510940405601,20.005371139591013,20.00563194831245,20.00589144642522,20.006149289848818
0.08664,20.0,20.0,20.00000000000002,20.000000000005997,20.000000000265644,20.00000000415282,20.000000033401225,20.000000171204555,20.000000637426485,20.00000187603697,20.00000462130189,20.000009916833626,20.000019080889416,20.00003362860779,20.000055170489446,20.000085306733993,20.00012553246436,20.00017716277102,20.000241281012386,20.000318709810923,20.000410001781496,20.0005154459297,20.000635085465696,20.00076874313068,20.000916050751606,20.001076480440318,20.00124937552504,20.001433979888613,20.001629464868493,20.001834953247084,20.002049540139215,20.0022723107808,20.002502355355595,20.002738781079756,20.002980721809934,20.00322734545975,20.003477859510173,20.00373151488799,20.003987608467387,20.004245484426693,20.00450453466737,20.00476419847729,20.00502396159645,20.005283354820566,20.005541952257634,20.00579936933409,20.006055260630816
0.08688,20.0,20.0,20.000000000000018,20.000000000005233,20.00000000023677,20.00000000375913,20.0000000305919,20.00000015825895,20.00000059363541,20.00000175792602,20.000004352752153,20.00000938167533,20.000018119683755,20.00003204008644,20.000052717075942,20.000081722973245,20.000120535019224,20.00017046077349,20.000232585834294,20.000307743633503,20.000396504628142,20.000499181051456,20.00061584312864,20.000746342954585,20.000890342802762,20.001047345300417,20.001216723554155,20.001397749882734,20.001589622286954,20.00179148815781,20.002002465002313,20.00222165816597,20.002448175666455,20.002681140339405,20.002919699546208,20.003163032716035,20.00341035699759,20.003660931286934,20.003914058880643,20.004169088981993,20.004425417264223,20.00468248567087,20.00493978160997,20.005196836676944,20.005453225020897,20.005708561451005,20.005962499363516
0.08711999999999999,20.0,20.0,20.000000000000018,20.000000000004565,20.000000000210978,20.00000000340197,20.00000002801312,20.000000146265528,20.000000552761772,20.000001647004105,20.000004099243707,20.00000887426669,20.00001720486152,20.0000305232231,20.000050367529173,20.000078282097395,20.00011572579895,20.000163997894997,20.00022418526742,20.000297131099014,20.00038342260182,20.000483394178854,20.00059714208347,20.000724546875922,20.000865300501772,20.00101893544914,20.00118485406745,20.001362356688922,20.00155066765943,20.001748958753726,20.001956369728177,20.00217202596547,20.002395053304223,20.0026245902356,20.00285979770151,20.003099866753825,20.003344024340134,20.00359153747467,20.00384171603763,20.00409391442629,20.004347532258773,20.00460201430839,20.004856849823877,20.005111571369593,20.00536575330005,20.00561900996541,20.005870993728664
0.08736,20.0,20.0,20.000000000000014,20.00000000000398,20.000000000187946,20.000000003078025,20.00000002564647,20.000000135156355,20.000000514617767,20.000001542850008,20.00000385996877,20.000008393233518,20.00001633429384,20.000029074956053,20.00004811770197,20.00007497875709,20.000111098176422,20.000157766196917,20.000216070067065,20.0002868616964,20.00037074399318,20.00046807249421,20.000578968509984,20.000703340187975,20.00084090837682,20.0009912347724,20.001153750429626,20.001327783267488,20.001512583652648,20.00170734751155,20.001911236699044,20.00212339655421,20.002342970715056,20.002569113355953,20.002800999066956,20.003037830621995,20.003278844891426,20.003523317149742,20.003770564015717,20.004019945243922,20.004270864565267,20.004522769752224,20.004775152062642,20.00502754519526,20.005279523870943,20.0055307021361,20.00578073146921
0.0876,20.0,20.0,20.00000000000001,20.000000000003467,20.000000000167383,20.000000002784276,20.000000023474964,20.000000124868194,20.000000479027207,20.000001445066154,20.000003634160883,20.000007937266073,20.000015505943843,20.000027692346055,20.00004596360119,20.000071807788043,20.000106645738626,20.000151757980678,20.00020823125068,20.000276925194623,20.000358457386334,20.000453203482472,20.000561308895655,20.000682708493056,20.000817151263163,20.000964227458397,20.001123396300454,20.001294012864633,20.00147535320847,20.00166663717116,20.00186704854749,20.002075752543995,20.002291910568275,20.002514692497346,20.00274328662907,20.002976907551183,20.003214802173492,20.00345625416612,20.003700587035173,20.003947166050125,20.004195399217366,20.004444737473246,20.004694674248896,20.00494474453909,20.00519452358862,20.005443625292425,20.00569170039058
0.08783999999999999,20.0,20.0,20.00000000000001,20.000000000003023,20.000000000149026,20.000000002517975,20.00000002148293,20.00000011534217,20.00000044582486,20.000001353277323,20.000003421092885,20.000007505116237,20.000014717862996,20.000026372571806,20.000043901382504,20.000068764205242,20.000102362280494,20.000145965781396,20.000200660091483,20.000267311636357,20.00034655165277,20.000438774925385,20.000544150030223,20.00066263769751,20.000794014298624,20.000937897993545,20.001093775631187,20.00126102900931,20.001438959541215,20.001626810733377,20.00182378815461,20.002029076782136,20.002241855755287,20.002461310665183,20.002686643569348,20.0029170809536,20.003151879876793,20.003390332533446,20.003631769459606,20.00387556159161,20.004121121368897,20.004367903051698,20.004615402404394,20.004863155875686,20.005110739388464,20.005357766835495,20.00560388836191
0.08807999999999999,20.0,20.0,20.000000000000007,20.000000000002633,20.000000000132648,20.000000002276614,20.000000019655918,20.000000106523498,20.000000414855773,20.000001267129463,20.000003220075033,20.000007095594796,20.00001396818752,20.000025112925602,20.000041927345375,20.000065843197387,20.00009824179892,20.000140382361664,20.000193348112134,20.000258011331738,20.000335015945303,20.000424774895777,20.0005274790003,20.000643114006753,20.00077148291903,20.000912231158413,20.00106487266097,20.00122881551013,20.001403386135003,20.001587851457735,20.0017814386482,20.00198335234996,20.002192789388467,20.002408951072585,20.00263105326374,20.002858334422775,20.003090061860224,20.00332553641724,20.00356409579635,20.00380511674714,20.004048016294526,20.004292252177994,20.00453732265095,20.004782765770106,20.00502815828727,20.005273114239316,20.005517283317246
0.08832,20.0,20.0,20.000000000000007,20.00000000000229,20.00000000011804,20.00000000205791,20.000000017980618,20.00000009836119,20.000000385974676,20.00000118628855,20.00000303045319,20.000006707568843,20.000013255134984,20.000023910809126,20.000040037928123,20.000063040121393,20.000094278486888,20.000135000705438,20.000186287078602,20.000249014852272,20.000323839692157,20.00041119175187,20.000511283184057,20.00062412392035,20.000749542853754,20.000887212023684,20.00103667191326,20.00119735645221,20.001368616741058,20.001549742860185,20.00173998340085,20.001938562561328,20.002144694800005,20.00235759713957,20.002576499282128,20.00280065173329,20.003029332151073,20.003261850139065,20.003497550696828,20.003735816528042,20.00397606939044,20.00421777065354,20.00446042121133,20.004703560878866,20.004946767384318,20.005189655051925,20.005431873256708
0.08855999999999999,20.0,20.0,20.000000000000007,20.000000000001997,20.00000000010501,20.000000001859785,20.000000016444755,20.000000090807827,20.000000359045398,20.00000111043952,20.000002851607068,20.00000633995927,20.000012577001005,20.00002276372939,20.000038229703186,20.000060350497115,20.000090466727787,20.000129814012112,20.00017946899408,20.00024031302482,20.000313012591082,20.000398014131683,20.000495550245937,20.00060565422711,20.000728180121218,20.000862825946133,20.00100915819223,20.00116663619402,20.001334635374977,20.001512468710814,20.001699406028067,20.001894690961095,20.00209755554073,20.00230723249217,20.002522965387715,20.00274401684044,20.00296967494493,20.00319925817666,20.003432118956866,20.003667646078668,20.003905266174968,20.00414444439145,20.0043846844101,20.00462552795088,20.00486655386238,20.005107376896476,20.005347646247646
0.08879999999999999,20.0,20.0,20.000000000000004,20.000000000001737,20.000000000093394,20.00000000168034,20.000000015037017,20.00000008381929,20.000000333940317,20.000001039285237,20.000002682948594,20.00000599173838,20.000011932156056,20.000021669294764,20.000036499372513,20.000057770002165,20.000086801089815,20.000124815690658,20.00017288609306,20.00023189692567,20.000302524603608,20.00038523094751,20.00048026813145,20.00058769200025,20.000707381024466,20.00083905856459,20.0009823165792,20.001136639364272,20.00130142631404,20.001476013031528,20.00165969038634,20.001851721323543,20.00205135537886,20.002257840961523,20.002470435536416,20.002688413879888,20.002911074605564,20.003137745164018,20.003367785516946,20.003600590676857,20.003835592289146,20.00407225941726,20.004310098674434,20.004548653828362,20.004787504988737,20.00502626747228,20.005264590425735
0.08904,20.0,20.0,20.000000000000004,20.00000000000151,20.00000000008304,20.00000000151786,20.000000013746988,20.000000077354567,20.000000310539853,20.00000097254553,20.00000252392031,20.00000566192758,20.000011319042407,20.000020625211214,20.000034843763085,20.000055294466897,20.00008327632054,20.000119999353945,20.00016653083552,20.00022375787476,20.00029236594937,20.000372831380464,20.000465425062018,20.00057022459258,20.00068713214673,20.000815895795956,20.000956132429053,20.001107350858728,20.001268974094447,20.001440360093724,20.00162082057119,20.001809637650805,20.002006078298784,20.002209406582928,20.002418893876204,20.00263382716726,20.002853515664757,20.003077295891426,20.00330453546246,20.00353463573432,20.003767033497283,20.004001201869617,20.004236650534935,20.004472925447722,20.004709608116098,20.00494631455586,20.005182693996062
0.08928,20.0,20.0,20.000000000000004,20.000000000001315,20.000000000073815,20.000000001370772,20.000000012565078,20.000000071375513,20.000000288731982,20.000000909956253,20.000002373993876,20.0000053495952,20.0000107361712,20.000019629278594,20.00003325982258,20.00005291986951,20.000079887341638,20.000115358813165,20.000160395901208,20.000215887429942,20.00028252710049,20.00036080487508,20.00045100952985,20.00055323963175,20.000667420347067,20.00079332383121,20.000930591366654,20.001078755837064,20.00123726350859,20.00140549441592,20.001582780915204,20.00176842417123,20.00196170849974,20.00216191359488,20.0023683247464,20.0025802411977,20.002796982822087,20.00301789530548,20.00324235402388,20.00346976679699,20.003699575687452,20.003931258000897,20.004164326626334,20.004398329840388,20.004632850683556,20.004867506001897,20.00510194523417
0.08951999999999999,20.0,20.0,20.000000000000004,20.000000000001144,20.000000000065597,20.00000000123765,20.00000001148245,20.00000006584669,20.000000268411775,20.000000851268435,20.00000223266864,20.000005053854334,20.000010182119574,20.000018679387114,20.00003174461518,20.000050642331313,20.000076629243665,20.000110888072367,20.00015447418406,20.000208277381404,20.000272998776094,20.000349141134002,20.000437010292927,20.000536725015507,20.00064823275598,20.00077132913144,20.00090567928331,20.001050839719717,20.001206279602272,20.00137140076141,20.001545555986013,20.001728065337755,20.00191823039452,20.00211534643803,20.002318712676953,20.0025276406454,20.002741460944716,20.002959528509045,20.00318122657694,20.003405969545373,20.003633204871967,20.00386241417781,20.00409311368823,20.00432485413363,20.004557220217464,20.004789829744233,20.00502233248707
0.08975999999999999,20.0,20.0,20.000000000000004,20.00000000000099,20.00000000005828,20.0000000011172,20.00000001049097,20.000000060735154,20.000000249480966,20.000000796247438,20.000002099470237,20.000004773860876,20.000009655527975,20.000017773513896,20.00003029531747,20.00004845811209,20.00007349728107,20.000106581323163,20.00014875878672,20.000200919746145,20.000263771936886,20.000337830112763,20.00042341636998,20.000520668907047,20.000629556771113,20.00074989842391,20.0008813823332,20.00102358818471,20.00117600767197,20.001338064135858,20.001509130584306,20.001688545826212,20.00187562860812,20.00206968975417,20.002270042387675,20.0024760103631,20.002686935067075,20.002902180761197,20.00312113864275,20.00334322979481,20.00356790718782,20.003794656881965,20.004022998565766,20.004252485551323,20.0044827043323,20.00471327379678,20.00494384417424
0.09,20.0,20.0,20.000000000000004,20.000000000000863,20.00000000005176,20.00000000100824,20.00000000958316,20.000000056010293,20.00000023184755,20.00000074467217,20.000001973949317,20.000004508811536,20.000009155097498,20.000016909719665,20.00002890921452,20.00004636360563,20.000070486867248,20.00010243293949,20.000143243015174,20.000193806762585,20.000254837779803,20.00032686201459,20.00041021703559,20.000505059730354,20.00061138005293,20.00072901869811,20.00085768692983,20.000996987164523,20.00114643326205,20.00130546978492,20.00147348974177,20.001649850533653,20.001833887976368,20.002024928385154,20.002222298787444,20.002425335381538,20.002633390390596,20.002845837477118,20.003062075887858,20.00328153349575,20.00350366889708,20.003727972710404,20.003953968210265,20.004181211414704,20.004409290731488,20.004637826254424,20.004866468788574
0.09023999999999999,20.0,20.0,20.0,20.00000000000075,20.00000000004596,20.000000000909694,20.000000008752135,20.000000051643678,20.000000215425402,20.000000696334336,20.00000185568026,20.000004257941992,20.000008679587378,20.00001608614555,20.000027583696056,20.00004435533534,20.00006759356977,20.000098437472545,20.00013792037349,20.000186930885253,20.00024618773279,20.000316227285314,20.0003974018153,20.000489886165635,20.00059369052049,20.000708677201875,20.00083457974251,20.000971022842904,20.001117542161985,20.001273603191827,20.001438618719053,20.00161196457663,20.001792993544527,20.00198104737179,20.002175466973377,20.00237560090887,20.002580812283327,20.00279048422795,20.00300402412433,20.003220866733933,20.003440476387258,20.003662348376103,20.003886009679846,20.004111019143068,20.004336967208197,20.004563475293885,20.00479019489733
0.09047999999999999,20.0,20.0,20.0,20.00000000000065,20.0000000000408,20.00000000082059,20.000000007991552,20.000000047608896,20.000000200133904,20.000000651037737,20.000001744260015,20.00000402052512,20.000008227812554,20.00001530101,20.000026316252733,20.00004242995003,20.000064813105727,20.000094589645816,20.000132784558676,20.000180284779578,20.000237813449626,20.000305916608358,20.0003849604808,20.000475137144758,20.000576476347188,20.0006888614375,20.00081204769283,20.000945681651753,20.001089320403583,20.001242450074958,20.001404503003673,20.001574873289446,20.001752930565857,20.0019380319527,20.00212953222997,20.00232679233007,20.002529186279578,20.00273610674064,20.002946969309754,20.003161215730625,20.003378316171645,20.003597770708417,20.00381911014001,20.00404189625446,20.00426572164611,20.004490209174573,20.004715011142995
0.09072,20.0,20.0,20.0,20.000000000000565,20.00000000003621,20.000000000740044,20.00000000729559,20.000000043881435,20.00000018589763,20.000000608597606,20.00000163930695,20.00000379586929,20.00000779864132,20.00001455260578,20.000025104472563,20.00004058421979,20.000062141337157,20.000090884350225,20.000127829455657,20.00017386131679,20.00022970680484,20.000295920899774,20.000372883045195,20.00046080184679,20.00055972595659,20.000669559157863,20.000790077951148,20.00092095026795,20.0010617542582,20.001211996385425,20.001371128307955,20.00153856222241,20.001713684500192,20.001895867563192,20.00208448002821,20.002278895206295,20.0024784980795,20.002682690897714,20.002890897547214,20.003102566842728,20.003317174889595,20.003534226653535,20.003753256864172,20.003973830366316,20.004195542020163,20.004418016239384,20.004640906244205
0.09095999999999999,20.0,20.0,20.0,20.00000000000049,20.000000000032124,20.00000000066725,20.00000000665889,20.00000004043853,20.000000172645997,20.000000568839955,20.000001540459785,20.000003583316715,20.0000073909931,20.000013839297132,20.000023946037444,20.00003881503197,20.000059574266647,20.000087316639394,20.000123049132313,20.000167653568898,20.000221859888743,20.000286231303367,20.000361159758295,20.000446869693512,20.00054342801827,20.00065075836262,20.000768657933122,20.00089681561024,20.001034830233948,20.00118222830463,20.001338480566915,20.001503017140056,20.00167524101245,20.001854539834053,20.002040296024663,20.002231895274203,20.002428733548644,20.002630222737064,20.00283579508526,20.003044906562906,20.00325703930682,20.00347170327486,20.003688437234196,20.003906809196092,20.00412641639724,20.00434688491549,20.00456786899656
0.09119999999999999,20.0,20.0,20.0,20.000000000000426,20.000000000028493,20.000000000601478,20.00000000607653,20.000000037259046,20.000000160312993,20.00000053160099,20.000001447376544,20.000003382241903,20.000007003836267,20.000013159516953,20.00002283871979,20.000037119387322,20.000057108033023,20.000083881725022,20.00011843783467,20.000161654803772,20.000214265002498,20.000276839185897,20.000349781101992,20.00043333034506,20.00052757144368,20.00063244729438,20.0007477752962,20.000873264836084,20.00100853507292,20.001153132241804,20.00130654593615,20.001468224019344,20.001637585971146,20.00181403459034,20.001996966060535,20.00218577844527,20.002379878717495,20.002578688451667,20.002781648317814,20.00298822151968,20.003197896315594,20.003410187753403,20.00362463874086,20.003840820561834,20.00405833293686,20.00427680371509,20.004495888273443
0.09144,20.0,20.0,20.0,20.00000000000037,20.000000000025267,20.000000000542066,20.00000000554398,20.000000034323378,20.00000014883687,20.00000049672653,20.00000135973359,20.00000319205017,20.000006636186065,20.000012511764147,20.000021780379267,20.00003549439622,20.00005473890713,20.00008057497237,20.000113989982186,20.000155858480337,20.00020691465332,20.00026773613233,20.000338737785686,20.00042017369556,20.000512145382093,20.000614614434927,20.000727417936204,20.000850285338544,20.000982855748397,20.00112469483159,20.00127531078971,20.00143416904785,20.00160070544688,20.00177433785017,20.001954476160694,20.002140530805054,20.00233191978096,20.00252807438929,20.002728443784047,20.002932498477477,20.003139732934986,20.003349667388083,20.003561848984333,20.003775852382752,20.003991279891817,20.00420776123613,20.00442495302682
0.09168,20.0,20.0,20.0,20.00000000000032,20.0000000000224,20.000000000488406,20.000000005057085,20.000000031613336,20.000000138159898,20.000000464071473,20.000001277224687,20.000003012176183,20.000006287102636,20.00001189460103,20.000020768959654,20.00003393727499,20.000052463287776,20.000077391895847,20.000109700163108,20.00015025824382,20.000199801549716,20.00025891394119,20.000328020741787,20.000407389868815,20.00049713921654,20.000597248501485,20.00070757398385,20.000827864743158,20.000957779462063,20.00109690293155,20.001244761717977,20.00140083862195,20.001564585710813,20.001735435823445,20.001912812532684,20.00209613861245,20.002284843097847,20.002478367052163,20.00267616816826,20.002877724336656,20.003082536311013,20.003290129596067,20.003500055674586,20.00371189267974,20.003925245608805,20.004139746163016,20.004355052288012
0.09191999999999999,20.0,20.0,20.0,20.000000000000277,20.000000000019853,20.00000000043996,20.000000004612023,20.00000002911204,20.0000001282281,20.000000433499284,20.00000119956011,20.00000284208262,20.000005955689076,20.000011306650837,20.00001980248578,20.00003244534237,20.000050277697742,20.000074328154717,20.000105563129978,20.000144847921135,20.00019291859686,20.000250364619976,20.000317621121237,20.00039496921408,20.000482542559823,20.00058033844297,20.000688231801362,20.000805990904865,20.000933293641236,20.001069743619738,20.00121488552551,20.001368219344965,20.00152921323311,20.001697314910594,20.001871961565698,20.00205258829891,20.002238635190302,20.00242955309663,20.002624808299704,20.002823886133505,20.00302629371679,20.00323156191304,20.003439246631782,20.003648929575878,20.00386021852901,20.004072747267262,20.004286175168414
0.09215999999999999,20.0,20.0,20.0,20.00000000000024,20.00000000001759,20.000000000396227,20.00000000420528,20.00000002680385,20.000000118991018,20.00000040488152,20.000001126465794,20.000002681258838,20.000005641089608,20.00001074659532,20.00001887906059,20.00003101601606,20.000048178779913,20.000071379548906,20.00010157379519,20.000139621516322,20.000186258891986,20.000242080380627,20.000307530289163,20.000382902301855,20.000468345250532,20.00056387343631,20.000669379979055,20.000784651904876,20.000909385936076,20.00104320419221,20.001185669228885,20.001336298025322,20.001494574681363,20.001659961701257,20.001831909829548,20.00200986646763,20.002193282743228,20.002381619332755,20.00257435115237,20.0027709710402,20.002970992552658,20.00317395199344,20.00337940978667,20.003586951296914,20.003796187188666,20.004006753408152,20.00421831086021
0.0924,20.0,20.0,20.0,20.000000000000206,20.000000000015582,20.00000000035676,20.00000000383364,20.000000024674243,20.000000110401505,20.000000378097344,20.000001057682542,20.000002529219632,20.000005342487803,20.000010213172427,20.000017996862272,20.000029646809363,20.00004616329352,20.000068542014915,20.000097727226684,20.000134573206115,20.000179815719925,20.000234053635094,20.00029773982052,20.00037117991973,20.00045453734914,20.00054784288279,20.000651007331953,20.000763836047625,20.000886044216816,20.00101727216058,20.001157100054545,20.001305061674675,20.00146065691903,20.001623362972996,20.001792644073603,20.001967959892745,20.002148772603665,20.002334552723923,20.002524783844773,20.002718966364746,20.00291662034626,20.003117287610692,20.003320533180897,20.003525946171692,20.0037331402196,20.003941753533343,20.004151448637078
0.09263999999999999,20.0,20.0,20.0,20.00000000000018,20.0000000000138,20.00000000032115,20.00000000349414,20.00000002270977,20.000000102415505,20.000000353033126,20.000000992965244,20.000002385504033,20.000005059104886,20.00000970517408,20.000017154141513,20.00002833532796,20.000044228110472,20.000065811621806,20.00009401864372,20.000129697335566,20.000173582548676,20.000226276990958,20.000288241495834,20.00035979306828,20.00044110913411,20.000532236404393,20.000633102896444,20.000743531857687,20.000863256571016,20.00099193524955,20.001129165436637,20.001274497506035,20.00142744700382,20.00158750568994,20.001754151225693,20.001926855518448,20.002105091780177,20.00228834038639,20.002476093639693,20.002667859550893,20.002863164752586,20.003061556657403,20.003262604967333,20.003465902632588,20.00367106634975,20.00387773667947,20.004085577854827
0.09287999999999999,20.0,20.0,20.0,20.000000000000156,20.000000000012218,20.00000000028903,20.000000003184066,20.000000020897964,20.000000094991858,20.000000329582015,20.000000932082155,20.000002249674168,20.000004790198112,20.000009221444007,20.000016349218818,20.00002707926674,20.000042370211805,20.000063184567342,20.00009044341273,20.000124988413774,20.000167553025104,20.000218743247135,20.000279027297,20.00034873295705,20.000428051098055,20.00051704384023,20.000615655926943,20.000723728076736,20.00084101130078,20.000967181394447,20.001101853014838,20.00124459293189,20.001394932186095,20.00155237700144,20.001716418391016,20.00188654045814,20.00206222744216,20.00224296958883,20.002428267943895,20.00261763817802,20.002810613554043,20.003006747145527,20.003205613410355,20.003406809215875,20.00360995440362,20.003814691972703,20.004020687952043
0.09312,20.0,20.0,20.0,20.000000000000135,20.00000000001081,20.000000000260062,20.000000002900926,20.000000019227272,20.000000088092122,20.000000307643557,20.000000874814198,20.00000212131415,20.000004535059176,20.00000876087568,20.000015580481936,20.00002587640677,20.00004058668421,20.000060657174167,20.000086997043326,20.000120441109697,20.000161720970656,20.00021144538964,20.00027008940315,20.000337991000524,20.00041535394394,20.000502255242942,20.000598655892563,20.000704413660504,20.00081929692001,20.000942998738758,20.00107515063216,20.001215335562293,20.001363099907223,20.00151796424071,20.001679432851002,20.001847001993525,20.002020166919195,20.002198427751853,20.002381294307817,20.00256828996097,20.002758954660422,20.002952847206487,20.003149546886107,20.003348654562124,20.003549793302774,20.00375260862928,20.003956768450703
0.09336,20.0,20.0,20.0,20.000000000000117,20.000000000009567,20.000000000233943,20.000000002642434,20.000000017686983,20.000000081680398,20.00000028712332,20.000000820954313,20.000002000029056,20.00000429301274,20.000008322410313,20.000014846383362,20.000024724612317,20.00003887471667,20.00005822588613,20.0000836751843,20.00011605024806,20.000156080377224,20.000204376587423,20.000261420186543,20.000327558814202,20.00040300858131,20.00048786087519,20.00058209247386,20.000685577775762,20.000798102151684,20.000919375631675,20.001049046332813,20.00118671320298,20.001331937797968,20.001484254923433,20.001643182062192,20.0018082275737,20.00197889770032,20.002154702447488,20.002335160425254,20.00251980274992,20.0027081761089,20.00289984509131,20.00309439388273,20.00329142741651,20.00349057206624,20.00369147595604,20.003893808956754
0.09359999999999999,20.0,20.0,20.0,20.0000000000001,20.000000000008463,20.0000000002104,20.000000002406495,20.000000016267183,20.000000075723165,20.000000267932556,20.000000770306816,20.000001885443908,20.000004063414966,20.00000790503493,20.00001414543792,20.00002362182799,20.00003723159718,20.00005588726466,20.00008047361982,20.000111810805336,20.00015062540304,20.0001975301883,20.000253012208578,20.0003174282107,20.00039100612259,20.00047385120612,20.000565955559534,20.000667209797324,20.0007774159251,20.000896300625644,20.001023528359983,20.001158713853442,20.00130143367682,20.001451236746377,20.00160765365506,20.001770204814203,20.0019384074333,20.002111781398643,20.00228985413298,20.00247216453015,20.002658266063992,20.002847729170703,20.00304014300057,20.00323511662914,20.003432279810937,20.0036312833509,20.00383179916068
0.09383999999999999,20.0,20.0,20.0,20.00000000000009,20.000000000007486,20.000000000189182,20.000000002191182,20.00000001495869,20.000000070189127,20.00000024998787,20.000000722686803,20.000001777202726,20.000003845652145,20.000007507780527,20.00001347622045,20.00002256607595,20.000035654709578,20.00005363798528,20.000077388265648,20.000107717905816,20.000145350368665,20.000190899714905,20.000244858215808,20.000307591195902,20.00037933787941,20.000460216907925,20.000550235243225,20.000649299305053,20.000757227373168,20.000873762473894,20.000998585153678,20.00113132570502,20.001271575548348,20.001418897585964,20.00157283543284,20.00173292149609,20.001898683923898,20.002069652478564,20.002245363410385,20.00242536342186,20.002609212817475,20.002796487935132,20.00298678295236,20.003179711155344,20.00337490575205,20.00357202030332,20.00377072883805
0.09408,20.0,20.0,20.0,20.000000000000075,20.00000000000662,20.000000000170065,20.000000001994735,20.000000013753,20.000000065049086,20.000000233210915,20.00000067791961,20.000001674967606,20.00000363913936,20.00000712972027,20.000012837363542,20.000021555453216,20.000034141530445,20.000051474834148,20.000074415165457,20.00010376681778,20.00014024975305,20.000184478860763,20.000236951136056,20.00029803996519,20.000367995358953,20.00044694885239,20.00053492182028,20.000631836080892,20.000737525829702,20.00085175012802,20.000974205348527,20.00110453713897,20.001242351601526,20.001387225496867,20.001538715370337,20.00169636556492,20.001859715135097,20.002028303710247,20.002201676379073,20.002379387679895,20.002561004788294,20.002746109994824,20.002934302563375,20.003125200055937,20.003318439203387,20.003513676394757,20.00371058785
0.09431999999999999,20.0,20.0,20.0,20.000000000000064,20.00000000000585,20.00000000015285,20.000000001815536,20.000000012642236,20.000000060275784,20.000000217528093,20.000000635840227,20.000001578417873,20.00000344331923,20.000006769967797,20.000012227555366,20.00002058812907,20.000032689626106,20.00004939470476,20.000071550487263,20.000099952949704,20.00013531818968,20.000178261486386,20.000229284074578,20.000288766899697,20.0003569702604,20.0004340381075,20.000520005784576,20.000614810105933,20.000718300826712,20.00083025273552,20.00095037777162,20.001078336724564,20.001213750208066,20.00135620871056,20.001505281612726,20.00166052512981,20.001821489186312,20.001987723265845,20.002158781302423,20.00233422569351,20.00251363052245,20.002696584079832,20.002882690771578,20.00307157249745,20.003262869577718,20.003456241299073,20.00365136614378
0.09455999999999999,20.0,20.0,20.0,20.000000000000057,20.00000000000517,20.00000000013734,20.000000001652108,20.000000011619118,20.000000055843792,20.00000020287028,20.000000596292832,20.000001487249218,20.000003257660666,20.000006427675537,20.00001164553757,20.000019662342503,20.000031296649706,20.00004739459469,20.000068790519908,20.00009627184661,20.000130550462803,20.00017224161548,20.00022185031027,20.00027976456261,20.000346254471346,20.00042147593407,20.000505477825364,20.00059821155747,20.000699542091734,20.00080925963736,20.0009270914403,20.00105271321712,20.001185759920723,20.00132583563388,20.001472522474327,20.001625388462394,20.00178399435258,20.001947899466046,20.00211666658517,20.002289865986068,20.002467078692856,20.002647899039975,20.002831936627707,20.003018817752366,20.003208186387088,20.003399704782943,20.003593053753168
0.0948,20.0,20.0,20.0,20.00000000000005,20.000000000004565,20.00000000012338,20.00000000150309,20.000000010676903,20.00000005172939,20.00000018917256,20.00000055913028,20.000001401172923,20.000003081657717,20.000006102033144,20.000011090103257,20.000018776399777,20.00002996033837,20.000045471602423,20.000066131669648,20.000092719186433,20.000125941503693,20.000166413431185,20.000214643291972,20.00027102569556,20.00033584006435,20.000409253782415,20.000491328824136,20.000582030806108,20.000681239545145,20.000788760365577,20.000904335560012,20.00102765555612,20.00115836947161,20.001296094847568,20.001440426437366,20.001590943995815,20.00174721906375,20.001908820779434,20.00207532077291,20.00224629721474,20.002421338099175,20.00260004384485,20.002782029295396,20.0029669251993,20.0031543792431,20.003344056706208,20.00353564079895
0.09503999999999999,20.0,20.0,20.0,20.000000000000043,20.000000000004032,20.00000000011081,20.00000000136724,20.000000009809355,20.000000047910458,20.000000176373998,20.000000524213643,20.0000013199151,20.000002914828436,20.000005792265945,20.000010560095024,20.00001792867205,20.000028678510475,20.000043622924284,20.000063570456817,20.00008929077654,20.000121486387037,20.0001607712724,20.00020765663479,20.000262543215026,20.000325719293418,20.000397363289064,20.000477549851528,20.000566258412864,20.000663383297518,20.000768744640826,20.000882099522112,20.00100315286323,20.001131567770503,20.00126697510479,20.00140898215073,20.001557180323687,20.001711151903628,20.001870475821846,20.00203473255164,20.002203508170165,20.00237639766764,20.002553007583757,20.002732958051208,20.00291588432317,20.003101437857197,20.003289287022252,20.003479117489345
0.09527999999999999,20.0,20.0,20.0,20.000000000000036,20.00000000000356,20.0000000000995,20.00000000124342,20.000000009010698,20.000000044366363,20.000000164417383,20.000000491411775,20.00000124321597,20.000002756713815,20.000005497633488,20.000010054403063,20.000017117593078,20.000027449062944,20.000041845851445,20.000061103512564,20.000085982550242,20.000117180327365,20.000155309630184,20.000200884116502,20.000254310208813,20.000315884590652,20.00038579627349,20.00046413216425,20.00055088512631,20.00064596364698,20.00074920237,20.00086037290171,20.000979194440397,20.00110534390314,20.001238465329685,20.00137817842872,20.001524086199044,20.00167578160914,20.001832853355676,20.001994890747234,20.00216148777613,20.00233224645083,20.00250677946562,20.002684712284694,20.002865684715356,20.003049352040886,20.003235385778314,20.0034234741204
0.09552,20.0,20.0,20.0,20.000000000000032,20.000000000003144,20.000000000089322,20.00000000113059,20.0000000082756,20.000000041077868,20.00000015324902,20.0000004606009,20.000001170829158,20.000002606876752,20.0000052174281,20.000009571963357,20.00001634165699,20.000026269968682,20.000040137766998,20.00005872757569,20.000082790563454,20.00011301867556,20.000150023144187,20.00019431967404,20.000246319932565,20.000306328562832,20.000374544734907,20.000451067202036,20.00053590187974,20.000628971076583,20.000730123643816,20.000839145455483,20.00095576976791,20.00107968712952,20.001210554615866,20.00134800424977,20.00149165053328,20.00164109706944,20.001795942289206,20.001955784324934,20.002120225089165,20.002288873627478,20.00246134881891,20.00263728149842,20.002816316073833,20.00299811170599,20.003182343115807,20.00336870107637
0.09576,20.0,20.0,20.0,20.00000000000003,20.000000000002775,20.00000000008017,20.000000001027793,20.000000007599127,20.000000038027054,20.000000142818525,20.00000043166421,20.000001102521058,20.00000246490105,20.00000495097354,20.000009111755897,20.000015599416134,20.000025139274037,20.000038496143127,20.000056439489544,20.00007971099139,20.00010899691544,20.000144906599186,20.000187957399987,20.000238565806356,20.000297043988123,20.000363600849067,20.00043834658464,20.00052129978833,20.0006123962517,20.000711498734432,20.00081840711954,20.000932868502456,20.001054586882173,20.00118323222494,20.001318448755185,20.00145986239506,20.001607087325034,20.001759731675886,20.001917402388806,20.002079709298187,20.002246268502198,20.002416705091516,20.00259065530796,20.00276776820326,20.002947706864816,20.003130149270604,20.0033147888301
0.09599999999999999,20.0,20.0,20.0,20.000000000000025,20.000000000002448,20.00000000007194,20.000000000934158,20.000000006976713,20.000000035197203,20.000000133078622,20.000000404491477,20.00000103807018,20.000002330390497,20.00000469762368,20.000008672803,20.000014889478994,20.00002405509636,20.000036918538342,20.00005423619899,20.000076740125355,20.00010511066041,20.000139954921668,20.000181791539156,20.000231041411304,20.000288023812782,20.00035295696512,20.000425962108842,20.00050707014636,20.00059623001744,20.000693318093088,20.00079814800725,20.0009104804752,20.00103003276449,20.001156487585,20.00128950124783,20.001428711009243,20.001573741566883,20.001724210713615,20.001879734181173,20.00203992972407,20.002204420505233,20.002372837850615,20.00254482344188,20.002720031015084,20.002898127630374,20.00307879457329,20.003261727943347
0.09623999999999999,20.0,20.0,20.0,20.00000000000002,20.00000000000216,20.000000000064535,20.000000000848885,20.00000000640415,20.000000032572746,20.00000012398496,20.000000378978736,20.000000977266577,20.000002202967927,20.000004456761257,20.00000825416765,20.000014210508166,20.000023015621636,20.000035402594804,20.000052114747483,20.000073874369583,20.000101355650173,20.00013516317648,20.000175816485246,20.000223740486256,20.00027926114793,20.00034260560252,20.000413905745514,20.000493204424437,20.00058046339605,20.000675572347713,20.000778358407103,20.00088859568985,20.001006014548974,20.001130310289142,20.001261151190857,20.00139818575578,20.001541049135483,20.001689368743996,20.00184276908205,20.002000875819245,20.002163319192164,20.002329736782514,20.002499775741704,20.002673094527605,20.00284936421651,20.003028269449437,20.00320950906712
0.09648,20.0,20.0,20.0,20.000000000000018,20.000000000001904,20.000000000057884,20.00000000077124,20.000000005877535,20.000000030139184,20.000000115495947,20.000000355027908,20.000000919911244,20.00000208227438,20.000004227796644,20.00000785495195,20.00001356121842,20.00002201910218,20.000033946035686,20.00005007227417,20.000071110238192,20.00009772774754,20.000130526563535,20.00017002677752,20.000216656924504,20.000270749266353,20.000332539447935,20.000402169636676,20.00047969426676,20.000565087584402,20.0006582523006,20.000759028780575,20.000867204320738,20.000982522175544,20.00110469009395,20.001233388206384,20.001368276168606,20.001508999519935,20.001655195251598,20.001806496608552,20.001962537167245,20.00212295424362,20.002287391692473,20.002455502161855,20.002626948866016,20.002801406938065,20.002978564419813,20.003158122941958
0.09671999999999999,20.0,20.0,20.0,20.000000000000014,20.000000000001677,20.000000000051905,20.000000000700563,20.00000000539327,20.000000027882997,20.000000107572575,20.000000332546488,20.000000865815604,20.00000196796826,20.000004010166688,20.000007474295558,20.000012940374802,20.00002106385441,20.000032546662666,20.00004810601113,20.00006844435215,20.000094222935264,20.000126040414592,20.000164417097565,20.000209784770593,20.00026248159937,20.000322751352215,20.000390746092627,20.000466531488374,20.000550093951425,20.00064134892606,20.000740149759984,20.00084629671089,20.00095954574981,20.001079616917988,20.001206202074204,20.001338971934505,20.001477582357026,20.00162167986317,20.001770906414283,20.001924903482255,20.002083315464958,20.002245792504528,20.002411992769563,20.002581584262437,20.00275424621099,20.00292967010059,20.00310756039825
0.09695999999999999,20.0,20.0,20.0,20.000000000000014,20.000000000001478,20.000000000046533,20.000000000636234,20.000000004948035,20.000000025791607,20.000000100178262,20.000000311447266,20.000000814800966,20.000001859724534,20.00000380333361,20.00000711137425,20.000012346790804,20.000020148256667,20.000031202353426,20.000046213280587,20.000065873436366,20.000090837312978,20.000121700190107,20.000158982266097,20.00020311821713,20.00025445173372,20.000313234327415,20.00037962758908,20.00045370807249,20.00053547403559,20.000624853368095,20.000721712146373,20.00082586337011,20.000937075541376,20.001055080840278,20.00117958273045,20.001310262892012,20.001446787430258,20.00158881234688,20.001735988288726,20.001887964608635,20.002044392785905,20.002204929261257,20.002369237744805,20.002536991055926,20.002707872552463,20.002881577203535,20.003057812356456
0.0972,20.0,20.0,20.0,20.00000000000001,20.000000000001304,20.00000000004171,20.0000000005777,20.000000004538755,20.000000023853293,20.000000093278725,20.000000291648,20.00000076669804,20.000001757233985,20.0000036067839,20.000006765398474,20.000011779326613,20.000019270747135,20.000029911059272,20.00004439149231,20.00006339431682,20.000087567094184,20.00011750147611,20.000153717239833,20.00019665160166,20.00024665340851,20.000303981543812,20.00036880676432,20.000441216167822,20.00052121954244,20.000608756938096,20.000703706907405,20.000805894973073,20.000915101982113,20.001031072098808,20.00115352026628,20.00128213903024,20.001416604668897,20.00155658261151,20.001701732156583,20.00185171052043,20.00200617626024,20.00216479212358,20.00232722738015,20.002493159692467,20.002662276580956,20.00283427653619,20.003008869827397
0.09743999999999998,20.0,20.0,20.0,20.00000000000001,20.000000000001148,20.000000000037375,20.000000000524444,20.000000004162597,20.000000022057147,20.000000086841826,20.00000027307118,20.00000072134647,20.000001660202464,20.000003420027312,20.00000643561202,20.000011236887396,20.000018429821793,20.00002867080278,20.000042638140986,20.000061003917754,20.000084408603296,20.000113439981185,20.000148617108405,20.00019037940363,20.000239080512205,20.000294986327006,20.000358276416446,20.00042904808592,20.00050732234208,20.000593051112546,20.000686125175253,20.000786382357415,20.000893615664456,20.001007581088995,20.00112800492655,20.001254590487772,20.001387024147007,20.001524980705657,20.00166812807717,20.001816131320883,20.001968656065404,20.002125371370497,20.00228595208067,20.002450080724948,20.002617449016313,20.002787759002008,20.002960723912445
0.09767999999999999,20.0,20.0,20.0,20.000000000000007,20.000000000001013,20.000000000033484,20.000000000476003,20.000000003816943,20.000000020393014,20.000000080837445,20.000000255643734,20.000000678594372,20.000001568350214,20.000003242595856,20.000006121290653,20.00001071842164,20.000017624032445,20.000027479675555,20.000040950803697,20.000058699258968,20.00008135827277,20.00010951153348,20.00014367709135,20.000184296241347,20.000231727079658,20.00028624215503,20.000348029500564,20.00041719629857,20.00049377446675,20.000577727530747,20.000668958244514,20.000767316521824,20.000872607339687,20.000984598362173,20.001103027108485,20.001227607551467,20.001358036082472,20.00149399681692,20.00163516624371,20.00178121724189,20.00193182250212,20.002086657398824,20.00224540236376,20.002407744813112,20.002573380679802,20.002742015600496,20.002913365803753
0.09792,20.0,20.0,20.0,20.000000000000007,20.00000000000089,20.000000000029992,20.000000000431953,20.000000003499373,20.00000001885145,20.00000007523736,20.00000023929681,20.000000638297916,20.000001481411186,20.00000307404284,20.000005821740903,20.00001022291957,20.000016851984796,20.000026335835983,20.000039327137483,20.000056477453136,20.00007841264029,20.000105712077797,20.00013889253513,20.000178396869014,20.000224587289186,20.000277742655513,20.000338059126097,20.000405653435198,20.000480568108376,20.00056277799255,20.00065219757012,20.000748688624164,20.00085206791625,20.000962114624084,20.001078577360335,20.00120118065535,20.00132963083599,20.001463621271064,20.00160283698268,20.001746958643498,20.001895665994,20.002048640722943,20.002205568858994,20.0023661427235,20.002530062494145,20.002697037427335,20.00286678678445
0.09816,20.0,20.0,20.0,20.000000000000007,20.000000000000785,20.00000000002686,20.000000000391903,20.000000003207663,20.000000017423655,20.00000007001513,20.000000223965536,20.000000600320924,20.00000139913241,20.000002913941973,20.000005536298787,20.000009749411607,20.00001611233662,20.00002523750713,20.000037764876918,20.000054335703204,20.000075568345984,20.000102037672722,20.00013425891023,20.000172676173825,20.000217655459693,20.000269481602878,20.00032835855406,20.0003944122803,20.000467695616162,20.000548194456115,20.00063583476527,20.000730489979567,20.00083198845801,20.00094012073334,20.001054646380048,20.001175300379415,20.00130179891011,20.0014338445312,20.001571130753142,20.00171334601334,20.001860177087124,20.00201131197448,20.00216644230794,20.002325265329375,20.002487485483528,20.002652815674473,20.00282097822879
0.09839999999999999,20.0,20.0,20.0,20.000000000000004,20.00000000000069,20.000000000024045,20.000000000355495,20.000000002939757,20.000000016101453,20.00000006514599,20.00000020958879,20.000000564534464,20.000001321273388,20.000002761886474,20.00000526432867,20.00000929696687,20.000015403795942,20.000024182974638,20.000036261831802,20.00005227129986,20.00007282212977,20.00009848448784,20.00012977180829,20.000167129173082,20.00021092604784,20.00026145291556,20.00031892119442,20.00038346577092,20.000455149494204,20.000533969035683,20.000619861599393,20.00071271205858,20.00081236018261,20.000918607699926,20.001031225013925,20.00114995744846,20.00127453094819,20.001404657196915,20.001540038146015,20.00168036996609,20.001825346449625,20.001974661902022,20.002128013563965,20.002285103610625,20.002445640773608,20.002609341630198,20.00277593160234
0.09863999999999999,20.0,20.0,20.0,20.000000000000004,20.000000000000608,20.000000000021522,20.000000000322405,20.00000000269375,20.000000014877237,20.000000060606745,20.000000196109003,20.0000005308165,20.000001247605496,20.000002617488228,20.00000500522211,20.00000886469173,20.000014725119303,20.000023170584708,20.000034815884884,20.00005028161906,20.000070170828682,20.000095048800972,20.00012542693931,20.000161751011383,20.000204393645234,20.000253650653303,20.00030974060344,20.00037280699412,20.000442922399113,20.000520093999366,20.00060426999608,20.000695346485273,20.00079317445973,20.000897566683673,20.001008304255265,20.00112514273093,20.001247817733425,20.001376050003454,20.00150954988338,20.001648021242886,20.00179116487124,20.00193868137078,20.00209027359202,20.002245648653656,20.002404519591494,20.00256660667923,20.00273163846211
0.09888,20.0,20.0,20.0,20.000000000000004,20.000000000000533,20.00000000001926,20.00000000029234,20.0000000024679,20.000000013743925,20.00000005637568,20.000000183471954,20.00000049905153,20.00000117791144,20.00000248037698,20.000004758396777,20.00000845172844,20.000014075110084,20.000022198742133,20.000033424989645,20.000048364119603,20.000067611374323,20.0000917269955,20.000121220128896,20.000156536957864,20.000198052975716,20.000246069014462,20.00030081048111,20.000362429184513,20.00043100713768,20.000506561766958,20.000589052031067,20.000678385035386,20.000774422809418,20.00087698899274,20.00098587524305,20.001100847237723,20.001221650187794,20.001348013820813,20.001479656817775,20.001616290710754,20.001757623262854,20.00190336136227,20.002053213468432,20.002206891651266,20.002364113265706,20.002524602302753,20.00268809045666
0.09911999999999999,20.0,20.0,20.0,20.000000000000004,20.00000000000047,20.00000000001723,20.000000000265025,20.000000002260588,20.000000012694947,20.00000005243246,20.000000171626585,20.000000469130253,20.000001111984716,20.00000235019957,20.000004523295388,20.000008057253787,20.000013452616866,20.0000212659084,20.000032087168155,20.00004651634078,20.000065140790326,20.00008851555772,20.000117147315553,20.000151482403457,20.000191898892616,20.000238702333352,20.000292124668555,20.000352325721806,20.000419396664554,20.000493364907744,20.000574199930213,20.00066181963449,20.000756096900417,20.00085686608211,20.000963929260568,20.001077062121016,20.001196019371072,20.001320539652905,20.00145034993145,20.001585169362016,20.001724712656042,20.00186869297395,20.00201682438064,20.002168823902505,20.00232441322614,20.002483320078436,20.00264527932624
0.09935999999999999,20.0,20.0,20.0,20.000000000000004,20.000000000000412,20.000000000015415,20.000000000240217,20.00000000207033,20.00000001172418,20.000000048758046,20.000000160524827,20.00000044094925,20.000001049629105,20.000002226619152,20.000004299384713,20.00000768047777,20.000012856531832,20.00002037059983,20.000030800508974,20.000044735900076,20.00006275618991,20.0000854110743,20.00011320454805,20.000146582858218,20.00018592637613,20.000231545077636,20.000283677145525,20.000342490128386,20.000408084079933,20.000480496138362,20.000559706067506,20.000645642356126,20.00073818854847,20.00083718955208,20.000942457734087,20.001053778673086,20.001170916479772,20.001293618636662,20.001421620335634,20.001554648313686,20.001692424202595,20.00183466741887,20.00198109762696,20.002131436812522,20.002285411003992,20.002442751680487,20.002603196902854
0.0996,20.0,20.0,20.0,20.000000000000004,20.000000000000362,20.000000000013785,20.000000000217685,20.000000001895753,20.00000001082594,20.00000004533463,20.000000150121426,20.00000041441069,20.000000990658187,20.00000210931453,20.00000408615458,20.000007320642375,20.00001228578927,20.000019511385783,20.00002956316512,20.000043020490928,20.00006045477346,20.00008241022971,20.000109387982818,20.000141833948724,20.000180130530676,20.000224591845758,20.000275462027886,20.000332916066895,20.000397062627304,20.000467948320665,20.000545562963065,20.000629845419994,20.000720689714676,20.000817951146747,20.000921452231516,20.001030988325113,20.001146332846137,20.001267242041152,20.001393459269803,20.001524718806852,20.00166074917402,20.001801276025297,20.00194602461631,20.002094721892398,20.00224709823169,20.00240288887962,20.002561835110345
0.09983999999999998,20.0,20.0,20.0,20.000000000000004,20.00000000000032,20.000000000012324,20.00000000019723,20.000000001735593,20.00000000999494,20.00000004214554,20.00000014037379,20.000000389422024,20.000000934894864,20.000001997979428,20.00000388311695,20.000006977020366,20.000011739364062,20.00001868688692,20.000028373352094,20.000041367880538,20.000058233826213,20.00007950980379,20.000105693881405,20.000137231415465,20.000174506582336,20.0002178373644,20.000267473565163,20.0003235973379,20.00038632569118,20.00045571445959,20.000531763281188,20.000614421190114,20.000703592503804,20.00079914275252,20.000900904461044,20.001008682646003,20.00112225993708,20.00124140126669,20.001365858100908,20.001495372206065,20.001629678961045,20.001768510236317,20.001911596867934,20.00205867075896,20.002209466642775,20.002363723543066,20.002521185964476
0.10007999999999999,20.0,20.0,20.0,20.0,20.00000000000028,20.000000000011017,20.000000000178662,20.00000000158869,20.000000009226284,20.000000039175177,20.000000131241833,20.000000365895726,20.00000088217093,20.00000189232186,20.000003689805006,20.00000664891409,20.00001121627026,20.000017895773507,20.000027229345935,20.000039775907755,20.000056090715916,20.00007670666933,20.00010211860798,20.00013277111033,20.00016904987631,20.000211276486,20.000259706138106,20.000314527877524,20.00037586679489,20.000443787701087,20.000518299828364,20.000599362173045,20.000686889162655,20.000780756396605,20.000880806269812,20.000986853341196,20.001098689353174,20.001216087843943,20.001338808322625,20.001466599998697,20.001599205073113,20.001736361609467,20.001877806011116,20.002023275134594,20.002172508071848,20.002325247634545,20.002481241572948
0.10031999999999999,20.0,20.0,20.0,20.0,20.000000000000245,20.000000000009845,20.00000000016181,20.000000001453962,20.000000008515396,20.000000036408952,20.000000122687844,20.00000034374904,20.000000832326645,20.00000179206348,20.000003505772295,20.00000633565439,20.000010715559686,20.00001713676376,20.000026129481363,20.000038242480983,20.000054022890627,20.00007399778969,20.0000986586269,20.00012844899412,20.000163755874446,20.00020490418628,20.000252154256298,20.000305701755153,20.00036567959836,20.000432161330004,20.000505165551367,20.000584661016067,20.000670572078413,20.000762784245534,20.000861149642564,20.00096549225147,20.001075612827574,20.00119129343303,20.00131230155459,20.00143839379431,20.001569319137857,20.001704821816293,20.001844643784864,20.00198852684702,20.002136214454385,20.00228745321421,20.002441994135452
0.10056,20.0,20.0,20.0,20.0,20.000000000000217,20.000000000008797,20.000000000146517,20.00000000133043,20.000000007858052,20.000000033833217,20.000000114676332,20.000000322903702,20.00000078521031,20.000001696939,20.000003330591877,20.00000603659948,20.00001023632061,20.000016408622276,20.00002507214995,20.000036765576173,20.000052027876503,20.000071380216507,20.0000953105003,20.00012426113409,20.000158620152774,20.000198715561837,20.000244812555785,20.00029711317115,20.00035575789594,20.000420828768064,20.000492353535304,20.00057031050541,20.00065463377701,20.00074521860366,20.00084192670032,20.000944591351765,20.001053022224998,20.001167009822602,20.00128632954162,20.001410745323998,20.00154001290057,20.00167388264195,20.00181210203759,20.00195441782909,20.00210057782666,20.002250332438607,20.00240343594368
0.10079999999999999,20.0,20.0,20.0,20.0,20.00000000000019,20.00000000000786,20.000000000132648,20.000000001217185,20.000000007250314,20.000000031435214,20.00000010717393,20.000000303285738,20.000000740677912,20.00000160669559,20.00000316385554,20.00000575113392,20.00000977767643,20.000015710158472,20.000024055798345,20.000035343234845,20.00005010327569,20.000068851087423,20.000092070885753,20.000120203701588,20.00015363839912,20.00019270582775,20.000237675796754,20.000288756454605,20.000346095614265,20.000409783571815,20.000479857001725,20.000556303564476,20.000639066921504,20.000728051911693,20.000823129699043,20.00092414274998,20.00103090954067,20.00114322892895,20.001260884152934,20.00138364643974,20.001511278223667,20.001643535984773,20.00178017272681,20.001920940118552,20.002065590325554,20.002213877560617,20.00236555938134
0.10103999999999999,20.0,20.0,20.0,20.0,20.000000000000167,20.00000000000702,20.000000000120064,20.00000000111338,20.000000006688527,20.000000029203004,20.000000100149233,20.00000028482522,20.000000698592732,20.000001521092337,20.000003005173003,20.0000054786676,20.000009338784416,20.000015040225087,20.000023078926564,20.000033973562175,20.000048246764216,20.000066407623887,20.00008893653397,20.000116272969667,20.00014880641072,20.00018687031525,20.000230738861237,20.000280626061116,20.000336686810115,20.00039901943062,20.00046766930673,20.0005426332521,20.000623864310448,20.00071127674521,20.000804751028294,20.000904138685794,20.00100926689927,20.001119942795068,20.001235957381358,20.00135708911373,20.00148310708614,20.00161377385583,20.001748847918773,20.001888085857786,20.002031244188426,20.002178080929358,20.002328356924128
0.10128,20.0,20.0,20.0,20.0,20.000000000000146,20.000000000006267,20.000000000108653,20.000000001018254,20.000000006169305,20.000000027125434,20.00000009357273,20.000000267456056,20.00000065882499,20.000001439899698,20.000002854171193,20.000005218634755,20.000008918834514,20.00001439771673,20.000022140086294,20.00003265472511,20.00004645608997,20.000064047128973,20.00008590428655,20.000112465310817,20.000144120091925,20.000181204469406,20.000223996750844,20.000272716570596,20.000327525668325,20.000388530164656,20.00045578393909,20.000529292760778,20.000609018876307,20.000694885813196,20.000786783209914,20.00088457152948,20.000988086553885,20.001097143589757,20.001211541342553,20.001331065437704,20.001455491583002,20.00158458837848,20.00171811978813,20.001855847293573,20.001997531752938,20.00214293499009,20.002291821139732
0.10151999999999999,20.0,20.0,20.0,20.0,20.000000000000128,20.000000000005596,20.00000000009831,20.000000000931095,20.0000000056895,20.00000002519208,20.00000008741666,20.000000251115804,20.00000062125153,20.000001362899006,20.000002710493526,20.000004970493034,20.000008517048133,20.00001378156848,20.00002123787929,20.000031384950567,20.000044729070712,20.00006176698529,20.000082971073773,20.00010877719468,20.000139575451897,20.00017570384685,20.000217444584543,20.00026502268511,20.000318606499693,20.000378309722947,20.000444194518387,20.00051627541497,20.000594523683834,20.00067887195659,20.00076921889671,20.000865433780707,20.000967360884957,20.00107482360669,20.001187628274206,20.001305567622275,20.001428423924718,20.00155597178791,20.00168798061758,20.001824216776814,20.001964445456853,20.002108432284135,20.002255944687775
0.10175999999999999,20.0,20.0,20.0,20.0,20.000000000000114,20.00000000000499,20.00000000008893,20.000000000851248,20.00000000524619,20.000000023393195,20.00000008165493,20.00000023574545,20.00000058575548,20.00000128988198,20.00000257379921,20.000004733722594,20.00000813267704,20.0000131907545,20.000020370955784,20.000030162523657,20.000043063592152,20.000059564652908,20.000080133912444,20.000105205185836,20.00013516860238,20.00017036411356,20.000211077596457,20.000257539226734,20.000309923738946,20.000368352181415,20.000432894793203,20.000503574669366,20.000580371928507,20.00066322814682,20.000752050871125,20.000846718067372,20.00094708239923,20.001052975263494,20.001164210535222,20.001280587996245,20.001401896436633,20.001527916430668,20.001658422797483,20.001793186762256,20.001931977837863,20.002074565448734,20.00222072031978
0.102,20.0,20.0,20.0,20.0,20.0000000000001,20.000000000004455,20.000000000080433,20.000000000778112,20.000000004836664,20.000000021719675,20.000000076263017,20.00000022128926,20.00000055222594,20.000001220650237,20.000002443762604,20.000004507825214,20.00000776500224,20.000012624286736,20.000019538012943,20.000028985785942,20.000041457606034,20.000057437667326,20.000077389903776,20.00010174594165,20.000130895755504,20.000165181042654,20.00020489113371,20.000250261135474,20.000301471942706,20.000358651740946,20.000421878639266,20.000491184107183,20.000566556934945,20.000647947484374,20.000735272043936,20.00082841714441,20.0009272437287,20.001031591100816,20.001141280604948,20.001256119005912,20.0013759015584,20.001500414764198,20.00162943882549,20.001762749808197,20.00190012153337,20.002041327216922,20.002186140879108
0.10224,20.0,20.0,20.0,20.0,20.000000000000085,20.000000000003975,20.000000000072735,20.000000000711136,20.00000000445841,20.00000002016301,20.00000007121787,20.000000207694573,20.000000520557723,20.00000115501488,20.000002320072554,20.000004292323453,20.000007413332924,20.00001208121362,20.00001873779339,20.000027853133773,20.000039909128326,20.000055383637534,20.000074736231326,20.000098396210113,20.000126753221615,20.000160150512233,20.000198880654285,20.000243183467163,20.000293245787496,20.00034920272549,20.000411140057675,20.000479097438497,20.000553072155352,20.000633023197352,20.00071887545294,20.000810523892625,20.000907837629565,20.001010663781415,20.00111883108233,20.00123215321438,20.001350431843395,20.00147345935634,20.00160102130617,20.0017328985762,20.00186886928028,20.00200871041741,20.002152199300888
0.10247999999999999,20.0,20.0,20.0,20.0,20.000000000000075,20.000000000003546,20.000000000065757,20.000000000649813,20.000000004109097,20.000000018715255,20.000000066497826,20.00000019491167,20.000000490651036,20.00000109279603,20.00000220243181,20.00000408675985,20.00000707700543,20.000011560618823,20.000017969083746,20.00002676301665,20.0000384162374,20.000053400244045,20.000072170158973,20.000095152827775,20.00012273740716,20.00015526850327,20.00019304172496,20.000236301391446,20.000285240067768,20.000339999580174,20.000400673173107,20.00046730849856,20.000539911167948,20.000618448640044,20.000702854261654,20.0007930313175,20.00088885698118,20.000990186089208,20.001096854685127,20.001208683300863,20.001325479958123,20.001447042884855,20.00157316295058,20.001703625830768,20.001838213914763,20.001976707974393,20.002118888611925
0.10271999999999999,20.0,20.0,20.0,20.0,20.000000000000068,20.000000000003162,20.00000000005944,20.000000000593676,20.000000003786564,20.00000001736899,20.000000062082535,20.000000182893597,20.000000462411236,20.000001033822443,20.000002090556432,20.000003890696135,20.000006755382266,20.000011061620064,20.000017230713222,20.000025713935624,20.000036977072295,20.000051485237055,20.000069689028923,20.00009201271769,20.00011884481262,20.000150531097518,20.00018737001921,20.00022961018974,20.000277449693957,20.00033103686944,20.00039047223205,20.00045581124615,20.000527067675467,20.000604217291517,20.000687201758026,20.00077593254804,20.000870294785,20.000970150928364,20.001075344249095,20.001185702059978,20.001301038681614,20.00142115813692,20.001545856575905,20.001674924439047,20.001808148372028,20.00194531290743,20.00208620193062
0.10296,20.0,20.0,20.0,20.0,20.000000000000057,20.000000000002817,20.000000000053717,20.000000000542297,20.000000003488804,20.000000016117287,20.00000005795289,20.000000171596014,20.00000043574858,20.000000977931112,20.00000198417522,20.000003703712455,20.000006447851128,20.000010583367942,20.000016521552272,20.000024704441763,20.000035589831004,20.000049636434564,20.000067290259796,20.000088972887415,20.000115072030436,20.00014593447545,20.000181861315202,20.000223105253276,20.000269869690552,20.000322309275212,20.000380531601074,20.000444599761938,20.00051453550359,20.000590322754206,20.00067191135315,20.000759220835615,20.000852144163527,20.00095055132236,20.001054292727154,20.001163202401035,20.001277100904833,20.001395798008627,20.001519095105007,20.001646787370476,20.001778665686075,20.00191451833124,20.00205413246685
0.10319999999999999,20.0,20.0,20.0,20.0,20.00000000000005,20.00000000000251,20.000000000048537,20.000000000495277,20.000000003213955,20.000000014953667,20.000000054090922,20.00000016097707,20.00000041057796,20.00000092496688,20.000001883029192,20.00000352540668,20.000006153824,20.00001012504479,20.000015840511242,20.000023733134633,20.000034252768813,20.000047851720627,20.00006497134471,20.000086030427045,20.000111415743042,20.000141474914276,20.000176511493795,20.000216782081118,20.000262495194217,20.000313811595063,20.000370845765094,20.000433668246846,20.00050230859947,20.000576758752505,20.000656976579982,20.000742889552765,20.000834398359302,20.000931380413068,20.0010336931886,20.001141177347346,20.00125365963006,20.00137095550446,20.001492871566015,20.00161920769647,20.001749758989426,20.00188431745553,20.00202267352186
0.10343999999999999,20.0,20.0,20.0,20.0,20.000000000000043,20.000000000002238,20.000000000043848,20.000000000452253,20.000000002960302,20.0000000138721,20.00000005047978,20.00000015099726,20.000000386818712,20.000000874782092,20.00000178687104,20.000003355393673,20.00000587273623,20.000009685863592,20.00001518653909,20.00002279866084,20.00003296419668,20.000046129043557,20.000062729849446,20.000083182507282,20.000107872720886,20.000137148785942,20.000171316536573,20.000210636278254,20.00025532145191,20.00030553874045,20.000361409325667,20.000423011020466,20.000490381030204,20.000563519131404,20.000642391092057,20.00072693219208,20.00081705073381,20.0009126314598,20.001013538818253,20.001119620035485,20.001230707970286,20.00134662373679,20.001467179091915,20.001592178590073,20.001721421512872,20.0018547035848,20.001991818488133
0.10368,20.0,20.0,20.0,20.0,20.00000000000004,20.000000000001993,20.000000000039602,20.0000000004129,20.000000002726242,20.00000001286694,20.00000004710363,20.000000141619296,20.000000364394353,20.000000827236242,20.000001695464643,20.00000319330464,20.000005604045686,20.000009265066932,20.00001455862216,20.0000218997126,20.000031722479655,20.00004446641426,20.00006056341062,20.000080426377565,20.000104439820493,20.000132952555195,20.00016627252392,20.000204663553696,20.00024834381905,20.000297485734915,20.00035221699931,20.00041262251946,20.000478746981358,20.000550597855085,20.000628148662248,20.00071134236503,20.000800094766486,20.000894297838418,20.00099382291566,20.001098523714592,20.00120823914859,20.001322795925354,20.00144201092009,20.0015656933256,20.0016936465852,20.001825670118137,20.001961560849253
0.10391999999999998,20.0,20.0,20.0,20.0,20.000000000000036,20.000000000001776,20.000000000035765,20.000000000376904,20.0000000025103,20.000000011932933,20.000000043947605,20.000000132808005,20.0000003432324,20.00000078219565,20.000001608584604,20.00000303878646,20.000005347231916,20.000008861925956,20.000013955782933,20.00002103502636,20.000030526035335,20.000042861904518,20.000058469733926,20.000077759364224,20.0001011139826,20.000128882777684,20.000161375633123,20.00019885971862,20.000241557757697,20.000289647712357,20.00034326361584,20.000402497295987,20.000467400755507,20.000537989005576,20.000614243181484,20.000696113800814,20.00078352405366,20.000876373040356,20.00097453889427,20.00107788174564,20.001186246497525,20.001299465396713,20.0014173603919,20.00153974527827,20.00166642763289,20.001797210549014,20.00193189417975
0.10415999999999999,20.0,20.0,20.0,20.0,20.00000000000003,20.00000000000158,20.00000000003229,20.000000000343988,20.000000002311104,20.000000011065165,20.000000040997758,20.000000124530185,20.000000323264167,20.000000739533142,20.00000152601577,20.000002891501065,20.00000510179533,20.000008475739374,20.000013377078876,20.000020203381453,20.000029373332378,20.000041313645415,20.000056446592403,20.00007517886866,20.000097892230276,20.000124936098082,20.000156622136497,20.00019322068451,20.000234958834767,20.000282019915304,20.000334544116715,20.00039263001614,20.000456336770757,20.000525686781387,20.000600668657526,20.00068124034524,20.00076733230752,20.00085885067175,20.0009556802806,20.00105768760073,20.00116472345848,20.00127662558373,20.001393220952217,20.001514327923864,20.001639758179852,20.00176931846504,20.001902812144955
0.10439999999999999,20.0,20.0,20.0,20.0,20.000000000000025,20.000000000001407,20.000000000029146,20.00000000031389,20.000000002127386,20.000000010259054,20.000000038240987,20.000000116754528,20.00000030442456,20.000000699127757,20.00000144755279,20.00000275112485,20.000004867256436,20.000008105832517,20.000012821601306,20.000019403598788,20.000028262889032,20.000039819825705,20.00005449182473,20.000072682365598,20.000094771667136,20.00012110924825,20.000152008399567,20.00018774246138,20.000228542720276,20.000274597693206,20.000326053553415,20.000383015458432,20.000445549559316,20.000513685496166,20.000587419213705,20.000666715959575,20.000751513355105,20.000841724452474,20.000937240713437,20.001037934862342,20.001143663581065,20.001254270025022,20.00136958614898,20.001489434838327,20.001613631847096,20.001741987547767,20.001874308500817
0.10464,20.0,20.0,20.0,20.0,20.00000000000002,20.000000000001254,20.000000000026304,20.00000000028638,20.000000001957968,20.000000009510337,20.000000035665007,20.00000010945149,20.000000286651918,20.000000660864448,20.00000137299972,20.00000261734808,20.000004643155087,20.000007751556396,20.000012288474263,20.000018634539565,20.000027193271723,20.00003837869028,20.0000526033336,20.000070267401345,20.00009174947555,20.000117399045443,20.000147530879257,20.000182421155973,20.00022230518558,20.00026737650077,20.000317787085855,20.00037364851224,20.000435033766053,20.00050197957738,20.000574489087715,20.00065253471942,20.000736061137253,20.00082498821524,20.000919213942986,20.001018617222645,20.001123060522467,20.00123239236442,20.001346449632724,20.00146505969739,20.00158804235245,20.00171521157241,20.001846377093738
0.10487999999999999,20.0,20.0,20.0,20.0,20.00000000000002,20.000000000001116,20.000000000023736,20.000000000261235,20.000000001801766,20.000000008815025,20.00000003325829,20.00000010259322,20.000000269887828,20.00000062463381,20.000001302169583,20.000002489874333,20.00000442904975,20.000007412286806,20.000011776853455,20.000017895104058,20.000026163093658,20.000036988538668,20.000050779084084,20.000067931592106,20.000088822914897,20.00011380239053,20.000143186122123,20.000177252970015,20.000216242101704,20.00026035189629,20.000309739980768,20.000364524176337,20.000424784147093,20.000490563564977,20.00056187263037,20.0006386908136,20.000720969707608,20.000808635904665,20.000901593830072,20.00099972848273,20.001102908046825,20.00121098635043,20.001323805156137,20.0014411962762,20.001562983510215,20.00168898440763,20.00181901186038
0.10511999999999999,20.0,20.0,20.0,20.0,20.000000000000018,20.00000000000099,20.000000000021416,20.000000000238256,20.000000001657767,20.0000000081694,20.000000031010014,20.000000096153446,20.000000254076962,20.000000590331823,20.000001234884,20.000002368419974,20.000004224516797,20.00000708742345,20.00001128592521,20.000017184230412,20.000025171013498,20.00003564772354,20.000049017102068,20.000065672622334,20.000085989319857,20.000110316266277,20.000138970762624,20.00017223419851,20.00021034943762,20.000253519540042,20.00030190761017,20.00035563755738,20.00041479556842,20.000479432110094,20.00054956430441,20.000625178543032,20.00070623323159,20.00079266157637,20.00088437434532,20.000981262551925,20.00108320002459,20.00119004583566,20.00130164657357,20.001417838448894,20.00153844923088,20.00166330001526,20.001792206827474
0.10536,20.0,20.0,20.0,20.0,20.000000000000014,20.000000000000885,20.000000000019316,20.00000000021726,20.00000000152504,20.00000000757001,20.000000028910037,20.000000090107402,20.00000023916692,20.000000557859593,20.000001170972816,20.000002252713625,20.00000402914986,20.000006776389107,20.000010814905476,20.000016500893462,20.000024215734026,20.00003435464929,20.0000473154727,20.0000634882431,20.000083246098757,20.000106937735634,20.0001348815214,20.000167361228026,20.000204623258615,20.000246875192644,20.000294285449804,20.000346983868454,20.000405063004482,20.00046857997375,20.000537558683288,20.000611992319648,20.000691845985397,20.000777059396047,20.000867549568312,20.000963213447037,20.001063930431876,20.001169564776287,20.00127996784056,20.00139498018823,20.001514433520754,20.001638152450045,20.001765956111615
0.10559999999999999,20.0,20.0,20.0,20.0,20.000000000000014,20.000000000000785,20.00000000001742,20.00000000019808,20.00000000140273,20.00000000701361,20.000000026948847,20.00000008443174,20.000000225108085,20.000000527123117,20.000001110273736,20.000002142495674,20.000003842559153,20.000006478628812,20.000010363038836,20.000015844103615,20.00002329600089,20.000033107770637,20.000045672338903,20.000061376270516,20.000080590731923,20.000103663940063,20.00013091520361,20.000162630535065,20.000199059724654,20.000240414713513,20.000286869077627,20.000338558427625,20.00039558153683,20.00045800202557,20.00052585044999,20.000599126665264,20.00067780235499,20.00076182363858,20.00085111368681,20.000945575291638,20.001045093349838,20.00114953723148,20.00125876301337,20.001372615565163,20.001490930481655,20.001613535859377,20.001740253919042
0.10583999999999999,20.0,20.0,20.0,20.0,20.00000000000001,20.0000000000007,20.000000000015707,20.000000000180567,20.000000001290026,20.000000006497206,20.000000025117515,20.000000079104456,20.000000211853482,20.00000049803305,20.000001052631983,20.000002037517806,20.000003664370848,20.000006193609067,20.000009929597567,20.00001521290575,20.00002241060135,20.000031905591243,20.00004408589991,20.0000593345842,20.00007802077007,20.000100492097932,20.000127068697285,20.000158038684397,20.000193655088783,20.000234134059273,20.000279654172303,20.000330356656505,20.000386346352755,20.00044769324253,20.000514434395846,20.000586576210523,20.00066409683511,20.000746948687105,20.0008350609959,20.000928342315333,20.00102668296401,20.001129957362863,20.001238026248483,20.00135073874844,20.001467934310558,20.001589444483,20.001715094545435
0.10608,20.0,20.0,20.0,20.0,20.00000000000001,20.00000000000062,20.000000000014158,20.000000000164572,20.000000001186198,20.000000006017988,20.00000002340768,20.00000007410481,20.00000019935865,20.000000470504478,20.000000997899978,20.000001937542528,20.00000349422648,20.0000059208171,20.000009513880723,20.000014606378137,20.000021558363084,20.000030746662407,20.00004255440981,20.000057361125755,20.000075533832753,20.00009741950288,20.00012333897171,20.000153582327474,20.000188405695535,20.000228029282233,20.000272636511724,20.000322374078838,20.00037735274398,20.000437648707678,20.000503305419358,20.000574335693788,20.00065072402827,20.00073242903213,20.000819385897202,20.000911508853036,20.001008693563676,20.00111081943392,20.001217751802123,20.001329344004173,20.001445439299236,20.001565872652737,20.00169047237567
0.10631999999999998,20.0,20.0,20.0,20.0,20.000000000000007,20.00000000000055,20.00000000001276,20.000000000149967,20.000000001090555,20.00000000557334,20.0000000218115,20.000000069413254,20.00000018758149,20.00000044445673,20.00000094593701,20.000001842342744,20.000003331782363,20.00000565976009,20.000009115213242,20.000014023631422,20.000020738153,20.00002962958175,20.00004107617618,20.00005545389729,20.000073127606825,20.00009444352227,20.000119723075862,20.000149258200857,20.00018330797939,20.000222096528883,20.000265811971552,20.000314606319105,20.000368596105282,20.00042786360889,20.000492458525056,20.00056239996009,20.00063767864378,20.00071825927063,20.000804082898057,20.000895069344246,20.00099111954121,20.001092117809446,20.001197934029758,20.00130842569543,20.001423439833925,20.00154281479219,20.001666381883595
0.10655999999999999,20.0,20.0,20.0,20.0,20.000000000000007,20.00000000000049,20.0000000000115,20.000000000136634,20.000000001002473,20.000000005160835,20.00000002032162,20.00000006501138,20.000000176482178,20.000000419813155,20.000000896608945,20.000001751701312,20.000003176709008,20.00000540996451,20.000008732945098,20.000013463807598,20.000019948876105,20.000028552991974,20.000039649558712,20.00005361095999,20.00007079984493,20.000091561595642,20.000116218136828,20.000145063124652,20.000178358463256,20.000216332038384,20.000259176523784,20.000307049101156,20.000360071933258,20.000418333237675,20.000481888822332,20.000550763960042,20.000624955496775,20.000704434105163,20.000789146610703,20.000879018332302,20.000973955391448,20.00107384695498,20.00117856738561,20.00128797828181,20.001401930394945,20.00152026541645,20.001642817631772
0.10679999999999999,20.0,20.0,20.0,20.0,20.000000000000007,20.000000000000437,20.00000000001036,20.00000000012447,20.000000000921364,20.000000004778204,20.000000018931157,20.000000060881842,20.00000016602301,20.000000396500944,20.000000849787934,20.000001665410654,20.000003028690603,20.00000517097539,20.000008366450448,20.000012926079044,20.000019189474393,20.000027515579614,20.000038272967874,20.0000518304327,20.00006854836405,20.000088771233226,20.0001128213583,20.00014099400101,20.00017355375695,20.000210732141138,20.000252726235342,20.00029969824685,20.00035177582497,20.000409052987916,20.000471591524313,20.00053942274881,20.000612549507228,20.000690948342967,20.000774571751496,20.00086335046369,20.00095719571102,20.00105600143623,20.00115964642216,20.00126799631899,20.00138090555634,20.001498219131765,20.001619774271244
0.10704,20.0,20.0,20.0,20.0,20.000000000000007,20.000000000000387,20.000000000009333,20.000000000113364,20.00000000084669,20.000000004423335,20.000000017633656,20.000000057008297,20.000000156168333,20.000000374450945,20.000000805352137,20.00000158327235,20.000002887424486,20.000004942355684,20.00000801512685,20.000012409647585,20.000018458925773,20.00002651607386,20.000036944863634,20.000050110490545,20.000066371044063,20.00008607001444,20.00010953001909,20.00013704781263,20.000168890555752,20.000205293257306,20.00024645726666,20.000292549674697,20.00034370347672,20.0004000183547,20.00046156194674,20.000528371485043,20.000600455698994,20.000677796895083,20.00076035314008,20.000848060487286,20.00094083519772,20.001038575918486,20.001141165789623,20.00124847445832,20.001360359985505,20.001476670635256,20.00159724654127
0.10727999999999999,20.0,20.0,20.0,20.0,20.000000000000004,20.000000000000345,20.000000000008406,20.000000000103235,20.00000000077795,20.00000000409426,20.000000016423073,20.000000053375363,20.000000146884407,20.00000035359748,20.000000763185454,20.000001505096773,20.00000275262063,20.00000472368563,20.00000767839446,20.000011913743556,20.000017756243007,20.00002555324539,20.000035663754183,20.0000484493636,20.00006426582633,20.000083455586466,20.000106341471653,20.00013322162128,20.00016436563892,20.00020001189543,20.000240365870326,20.00028559939858,20.000335850682756,20.000391224933118,20.00045179550684,20.00051760542985,20.00058866919885,20.000664974775482,20.000746485698606,20.000833143253665,20.000924868649857,20.001021565166067,20.001123120235473,20.001229407446353,20.001340288442815,20.001455614714583,20.00157522926905
0.10751999999999999,20.0,20.0,20.0,20.0,20.000000000000004,20.000000000000306,20.000000000007567,20.000000000093994,20.00000000071468,20.000000003789154,20.000000015293736,20.000000049968552,20.00000013813933,20.00000033387819,20.000000723177273,20.000001430702714,20.000002624001173,20.000004514562118,20.0000073556953,20.00001143762492,20.000017080472713,20.00002462590523,20.000034428194713,20.000046845335564,20.000062230712345,20.00008092566285,20.00010325314067,20.00012951256639,20.000159975868314,20.000194884651012,20.000234448389733,20.000278843526413,20.000328213334065,20.000382668417092,20.00044228772224,20.000507119945777,20.000577185235553,20.000652477100193,20.000732964450926,20.000818593714353,20.000909290965602,20.00100496404174,20.001105504603913,20.00121079012443,20.001320685781224,20.001435046247618,20.00155371736947
0.10776,20.0,20.0,20.0,20.0,20.000000000000004,20.00000000000027,20.000000000006814,20.000000000085564,20.00000000065646,20.00000000350631,20.000000014240346,20.000000046774222,20.000000129902922,20.000000315233883,20.000000685222226,20.000001359917054,20.00000250129993,20.0000043145981,20.0000070464925,20.00001098057641,20.000016430694366,20.000023732903664,20.000033236786223,20.000045296742506,20.00006026376238,20.00007847802209,20.000100262521624,20.000125917863617,20.00015571818696,20.000189908205165,20.000228701257733,20.000272278258887,20.000320787417124,20.000374344598217,20.00043303420987,20.000496910495773,20.000565999138885,20.000640299086417,20.000719784521813,20.00080440692113,20.000894097142343,20.000988767506133,20.001088313835375,20.00119261742821,20.0013015469459,20.00141496020213,20.001532705844816
0.10799999999999998,20.0,20.0,20.0,20.0,20.000000000000004,20.00000000000024,20.000000000006132,20.00000000007788,20.00000000060289,20.000000003244146,20.000000013257935,20.000000043779536,20.00000012214665,20.00000029760836,20.000000649219952,20.000001292574407,20.00000238426198,20.000004123422016,20.00000675026962,20.000010541908683,20.000015806019334,20.000022873129154,20.00003208817433,20.000043801971582,20.000058363094183,20.000076110506306,20.00009736717945,20.000122434803487,20.00015158961771,20.000185079323245,20.000223120995337,20.000265899888195,20.000313569012707,20.00036624936462,20.000424030684886,20.00048697264221,20.00055510633873,20.0006284360517,20.00070694113616,20.000790578025303,20.000879282276046,20.000972970617166,20.001071542966002,20.00117488438724,20.00128286697382,20.001395351635423,20.001512189784492
0.10823999999999999,20.0,20.0,20.0,20.0,20.000000000000004,20.000000000000213,20.000000000005517,20.000000000070873,20.00000000055361,20.000000003001183,20.000000012341854,20.000000040972406,20.00000011484354,20.000000280948285,20.00000061507489,20.000001228516815,20.00000227264319,20.000003940677235,20.00000646652994,20.000010120957526,20.00001520558996,20.000022045507308,20.000030981048155,20.000042359459854,20.000056526881696,20.00007382101993,20.000094564747176,20.000119060750027,20.000147587261864,20.000180394853547,20.000217704210428,20.000259704796793,20.000306554294696,20.000358378699826,20.000415272959604,20.000477302045855,20.000544502364136,20.000616883413045,20.0006944296182,20.000777102276995,20.0008648415606,20.000957568529476,20.001055187127143,20.00115758612448,20.00126464099338,20.001376215694023,20.001492164364727
0.10848,20.0,20.0,20.0,20.0,20.000000000000004,20.00000000000019,20.000000000004967,20.000000000064485,20.00000000050828,20.00000000277605,20.000000011487742,20.00000003834146,20.000000107968095,20.000000265203052,20.000000582696035,20.00000116759344,20.00000216620983,20.000003766021525,20.000006194795823,20.00000971708305,20.00001462857865,20.000021248999857,20.000029914139212,20.000040967693085,20.00005475335382,20.000071607528383,20.0000918529246,20.000115793139443,20.00014370829789,20.000175851726006,20.000212447596493,20.00025368945617,20.000299739528895,20.00035072868164,20.000406756942454,20.000467894464908,20.000534182842415,20.000605636686082,20.00068224539074,20.00076397502444,20.000850770287183,20.000942556493825,20.001039241544824,20.001140717855872,20.001246864224,20.001357547613313,20.001472624848283
0.10872,20.0,20.0,20.0,20.0,20.000000000000004,20.000000000000167,20.000000000004466,20.000000000058662,20.000000000466592,20.000000002567475,20.000000010691533,20.000000035876003,20.000000101496212,20.00000025032464,20.000000551996774,20.000001109660253,20.000002064738155,20.000003599126522,20.00000593460806,20.00000932966894,20.00001407418699,20.000020482603684,20.000028886220313,20.00003962520458,20.00005304079317,20.000069468056843,20.000089229477023,20.000112629478828,20.000139949980102,20.0001714469509,20.000207347931376,20.00024785042566,20.000293121071888,20.000343295481056,20.000398478636924,20.000458745754017,20.00052414349821,20.000594691484228,20.00067038397436,20.000751191713267,20.000837063843623,20.000927929856537,20.00102370153924,20.001124274889857,20.001229531975703,20.00133934271719,20.001453566584146
0.10895999999999999,20.0,20.0,20.0,20.0,20.000000000000004,20.00000000000015,20.000000000004018,20.000000000053358,20.000000000428265,20.00000000237426,20.000000009949403,20.00000003356596,20.00000009540512,20.000000236267503,20.00000052289465,20.000001054579783,20.000001968014033,20.000003439677247,20.00000568552525,20.000008958121725,20.00001354164491,20.000019745349853,20.000027896104537,20.000038330574064,20.000051387534917,20.00006740068899,20.000086692233957,20.000109567344875,20.000136309637394,20.000167177617623,20.00020240207605,20.000242184351226,20.000286695369898,20.00033607536116,20.000390434140563,20.000449851863312,20.00051438015262,20.000584043517836,20.000658840986667,20.000738747885798,20.000823717713736,20.00091368405891,20.001008562524238,20.001108252626924,20.001212639648728,20.001321596417707,20.001434985007236
0.10919999999999999,20.0,20.0,20.0,20.0,20.0,20.00000000000013,20.000000000003613,20.000000000048523,20.000000000393026,20.000000002195314,20.000000009257793,20.00000003140187,20.000000089673307,20.000000222988433,20.000000495311205,20.000001002220813,20.000001875832556,20.000003287371623,20.00000544712322,20.000008601870046,20.00001303020985,20.00001903630269,20.000026942644205,20.000037082426598,20.000049791965615,20.00006540356582,20.000084239087926,20.000106604382644,20.000132784672005,20.00016304089344,20.000197606973423,20.000236687964332,20.00028045895765,20.00032906467608,20.000382619643933,20.000441208837454,20.000504888722286,20.00057368859338,20.00064761214153,20.000726639180353,20.000810727476715,20.00089981463664,20.000993820006784,20.001092646559147,20.001196182733107,20.001304304214706,20.00141687563807
0.10944,20.0,20.0,20.0,20.0,20.0,20.000000000000117,20.000000000003247,20.00000000004412,20.000000000360636,20.0000000020296,20.000000008613362,20.00000002937483,20.00000008428044,20.00000021044647,20.00000046917179,20.000000952458127,20.0000017879977,20.000003141919994,20.000005218994435,20.000008260363995,20.000012539165958,20.000018354558883,20.000026024729884,20.00003587943149,20.000048252522067,20.000063474884456,20.000081867993234,20.000103738304336,20.00012937255829,20.000159034022285,20.000192959647155,20.000231358080764,20.000274408457297,20.000322259869897,20.000375031429627,20.000432812814687,20.000495665218523,20.000563622612628,20.0006366932483,20.00071486133054,20.000798088806476,20.000886317219244,20.000979469586458,20.001077452269726,20.001180156808257,20.001287461695476,20.00139923408247
0.10967999999999999,20.0,20.0,20.0,20.0,20.0,20.000000000000103,20.00000000000292,20.000000000040114,20.000000000330868,20.00000000187617,20.000000008012986,20.000000027476464,20.000000079207332,20.000000198602763,20.000000444405387,20.00000090517228,20.000001704321974,20.000003003044696,20.00000500074745,20.000007933074407,20.00001206782332,20.0000176992466,20.000025141289427,20.00003472030125,20.000046767690225,20.00006161289701,20.000079576964794,20.00010096688811,20.000126070841542,20.000155154323583,20.00018845720049,20.00022619159952,20.000268540577302,20.000315657475635,20.000367665871277,20.000424660025914,20.00048670574643,20.000553841571833,20.000626080211077,20.000703410164576,20.000785797471018,20.00087318752948,20.000965506954923,20.0010626654325,20.001164557542563,20.001271064534357,20.00138205603121
0.10991999999999999,20.0,20.0,20.0,20.0,20.0,20.000000000000092,20.000000000002625,20.00000000003646,20.000000000303512,20.000000001734133,20.000000007453743,20.000000025698906,20.000000074435853,20.000000187420504,20.000000420944463,20.000000860249333,20.000001624626098,20.00000287047963,20.000004792006365,20.000007619492262,20.000011615517206,20.00001706952464,20.000024291287026,20.000033603790612,20.00004533600412,20.000059815909445,20.00007736407699,20.000098287976886,20.000122877136796,20.000151399191083,20.000184096815126,20.000221185501694,20.000262852111376,20.000309254114224,20.00036051943258,20.000416746793764,20.000478006504043,20.000544341560914,20.00061576902795,20.000692281604586,20.000773849331814,20.000860421382768,20.000951927895404,20.001048281811485,20.001149380692947,20.001255108492384,20.001365337259728
0.11016,20.0,20.0,20.0,20.0,20.0,20.00000000000008,20.00000000000236,20.000000000033136,20.000000000278384,20.000000001602665,20.000000006932908,20.00000002403475,20.00000006994889,20.000000176864795,20.000000398724797,20.000000817580638,20.00000154873867,20.000002743969826,20.000004592410303,20.000007319128017,20.000011181607345,20.000016464581616,20.00002347372232,20.000032528695495,20.000043956044813,20.000058082280507,20.00007522746253,20.000095699477246,20.000119789127705,20.000147766091718,20.000179875750085,20.00021633684938,20.00025733993744,20.00030304649349,20.000353588666332,20.000409069531692,20.000469563781472,20.000535118762677,20.00060575579025,20.000681471665914,20.00076224034315,20.000848014686635,20.000938728282165,20.00103429726042,20.001134622104466,20.001239589416905,20.001349073627747
0.11039999999999998,20.0,20.0,20.0,20.0,20.0,20.00000000000007,20.000000000002117,20.00000000003011,20.000000000255298,20.000000001481006,20.000000006447923,20.000000022477057,20.000000065730287,20.000000166902577,20.00000037768534,20.00000077706261,20.000001476495875,20.00000262327107,20.00000440161293,20.000007031511032,20.000010765477214,20.000015883635136,20.000022687629475,20.000031493852095,20.000042626439367,20.000056410420633,20.00007316531137,20.000093199358282,20.000116804565405,20.0001442525645,20.000175791340634,20.000211642784624,20.00025200101658,20.000297031407158,20.000346870213487,20.000401624743073,20.000461373960047,20.000526169451998,20.00059603668184,20.00067097645646,20.000750966551525,20.0008359634401,20.000925904079992,20.00102070772227,20.00112027770987,20.001224503241207,20.001333261078983
0.11063999999999999,20.0,20.0,20.0,20.0,20.0,20.000000000000064,20.000000000001904,20.000000000027356,20.0000000002341,20.000000001368438,20.00000000599641,20.000000021019282,20.000000061764805,20.000000157502527,20.000000357768073,20.000000738596533,20.0000014077412,20.000002508149493,20.000004219281948,20.00000675618897,20.00001036653336,20.00001532593106,20.00002193207637,20.00003049813592,20.00004134585987,20.00005479879093,20.00007117586962,20.000090785650524,20.000113921267427,20.000140856219424,20.000171840997197,20.000207100528357,20.00024683239202,20.000291205733884,20.00034036080221,20.000394409020327,20.0004534335115,20.000517489995055,20.000586607978352,20.00066079217597,20.00074002409501,20.000824263733147,20.00091345134366,20.001007509228753,20.001106343529173,20.00120984598412,20.001317895640778
0.11087999999999999,20.0,20.0,20.0,20.0,20.0,20.000000000000057,20.00000000000171,20.00000000002485,20.00000000021463,20.0000000012643,20.00000000557613,20.000000019655303,20.000000058038058,20.000000148634992,20.00000033891787,20.000000702088336,20.00000134232512,20.000002398381227,20.000004045098642,20.000006492727238,20.00000998420474,20.000014790742707,20.000021206163716,20.000029540460886,20.000040113022454,20.00005324590216,20.000069257438515,20.000088456444868,20.000111137116626,20.0001375747364,20.0001680222043,20.000202707379355,20.000241831188127,20.000285566436283,20.00033405724697,20.000387419044028,20.000445738997115,20.00050907684855,20.00057746604647,20.0006509151154,20.000729409202624,20.000812911746113,20.000901366217423,20.00099469789989,20.001092815669242,20.001195613749655,20.00130297342375
0.11112,20.0,20.0,20.0,20.0,20.0,20.00000000000005,20.000000000001535,20.00000000002257,20.00000000019676,20.000000001167987,20.000000005185004,20.00000001837935,20.000000054536482,20.00000014027188,20.000000321082368,20.000000667448408,20.00000128010488,20.000002293752026,20.000003878757433,20.00000624070845,20.00000961794209,20.000014277370173,20.00002050902428,20.00002861977846,20.00003892668636,20.000051750313737,20.000067408373386,20.000086209891528,20.000108450060115,20.000134405864202,20.00016433251953,20.00019846071325,20.00023699460945,20.000280110559974,20.000327956447627,20.000380651582052,20.000438287066935,20.00050092655895,20.000568607343226,20.000641341656223,20.00071911819373,20.00080190374915,20.000889644934478,20.0009822699435,20.001079690323348,20.001181802726585,20.00128849062148
0.11135999999999999,20.0,20.0,20.0,20.0,20.0,20.000000000000043,20.00000000000138,20.000000000020496,20.000000000180357,20.000000001078924,20.00000000482109,20.000000017186014,20.00000005124728,20.000000132386614,20.000000304211834,20.000000634591423,20.00000122094419,20.00000219405695,20.000003719965438,20.000005999731886,20.00000926721728,20.00001378513958,20.000019839822095,20.000027735076767,20.000037785653028,20.00005031063279,20.00006562708267,20.00008404419904,20.000105858108256,20.00013134741944,20.000160769572556,20.00019435798152,20.000232319939705,20.000274835232666,20.000322055388533,20.000374103488717,20.000431074458934,20.00049303576169,20.000560028415272,20.000632068269766,20.00070914747741,20.000791236101634,20.00087828381645,20.000970221654736,20.001066963770732,20.001168409188068,20.001274443510106
0.11159999999999999,20.0,20.0,20.0,20.0,20.0,20.00000000000004,20.000000000001236,20.000000000018613,20.0000000001653,20.00000000099658,20.000000004482565,20.000000016070217,20.000000048158395,20.000000124954042,20.000000288259066,20.000000603436153,20.000001164712998,20.00000209910001,20.000003568442057,20.000005769413004,20.00000893152275,20.000013313402427,20.000019197751673,20.00002688537979,20.0000366887652,20.0000489255132,20.00006391202693,20.00008195763324,20.00010335933365,20.00012839728558,20.000157331064088,20.00019039671052,20.00022780454088,20.000269737663224,20.000316351137652,20.000367771703953,20.00042409799823,20.00048540118047,20.000551725898184,20.000623091516562,20.00069949355184,20.00078090525161,20.000867279272875,20.000958549415603,20.00105463237618,20.001155429491256,20.00126082844801
0.11184,20.0,20.0,20.0,20.0,20.0,20.000000000000036,20.00000000000111,20.000000000016897,20.00000000015149,20.00000000092047,20.000000004167738,20.000000015027197,20.00000004525846,20.00000011795036,20.000000273179268,20.000000573905304,20.00000111128726,20.000002008693862,20.000003423918578,20.00000554938293,20.000008610370912,20.00001286153491,20.000018582037292,20.00002606974655,20.00003563490605,20.000047593654728,20.000062261717932,20.000079948516326,20.00010095187016,20.000125553411927,20.000154014764938,20.000186574500518,20.000223445852274,20.00026481514078,20.000310840845703,20.00036165325246,20.00041735459631,20.00047801962648,20.00054369651576,20.00061440804569,20.000690153003706,20.000770907735223,20.00085662780067,20.00094724969449,20.001042692589582,20.00114286007689,20.001247641875437
0.11207999999999999,20.0,20.0,20.0,20.0,20.0,20.000000000000032,20.000000000000995,20.000000000015337,20.00000000013882,20.000000000850132,20.000000003875027,20.000000014052485,20.000000042536758,20.000000111353074,20.00000025892994,20.000000545925346,20.00000106054869,20.000001922659514,20.000003286137776,20.000005339288,20.000008303293605,20.000012428937293,20.000017991932275,20.000025287270322,20.00003462299837,20.000046313802073,20.000060674717698,20.000078015225895,20.000098633911946,20.000122813812705,20.000150818515056,20.00018288902478,20.00021924138958,20.000260065033842,20.0003055217453,20.000355745242906,20.000410841250222,20.000470887997675,20.00053593707932,20.000606014594123,20.000681122507586,20.00076124017616,20.000846325983616,20.000936319045675,20.00103114094548,20.001130697468895,20.001234880314136
0.11231999999999999,20.0,20.0,20.0,20.0,20.0,20.00000000000003,20.00000000000089,20.000000000013923,20.0000000001272,20.00000000078515,20.000000003602945,20.000000013141882,20.000000039983206,20.00000010514091,20.000000245470783,20.00000051942637,20.000001012384566,20.000001840826023,20.000003154853566,20.000005138789305,20.000008009841537,20.000012015033278,20.000017426718294,20.000024537077884,20.000033652003722,20.00004508474407,20.000059149637618,20.000076156194037,20.00009640371255,20.000120176566096,20.000147740222612,20.000179338028637,20.000215188744,20.00025548478941,20.000300391150102,20.000350044867112,20.000404555041843,20.000464003278044,20.000528444487035,20.000597907986087,20.000672398825348,20.000751899285085,20.000836370491843,20.000925754108856,20.001019974062643,20.001118938273986,20.001222540366992
0.11256,20.0,20.0,20.0,20.0,20.0,20.000000000000025,20.000000000000803,20.000000000012637,20.000000000116547,20.000000000725134,20.000000003350124,20.000000012291462,20.000000037588308,20.000000099293764,20.000000232763604,20.00000049434193,20.000000966687494,20.00000176303022,20.000003029830612,20.000004947562246,20.000007729583796,20.00001161926943,20.000016885704706,20.000023818328778,20.000032720921674,20.000043905312815,20.000057685137598,20.000074369906425,20.000094259583978,20.000117639813332,20.000144777863067,20.00017591932858,20.00021128558137,20.000251071932155,20.000295446454015,20.000344549399262,20.000398493137098,20.000457362536896,20.000521215723236,20.00059008513243,20.000663978805537,20.000742881859082,20.00082675808131,20.00091555160867,20.001009188643632,20.00110757918126,20.001210618717653
0.11279999999999998,20.0,20.0,20.0,20.0,20.0,20.00000000000002,20.000000000000718,20.000000000011465,20.000000000106784,20.000000000669715,20.000000003115275,20.000000011497537,20.000000035343117,20.000000093792657,20.00000022077221,20.000000470608917,20.000000923355245,20.00000168911643,20.000002910844017,20.00000476529612,20.000007462107323,20.000011241114564,20.000016368227893,20.000023130214586,20.000031828789012,20.00004277438286,20.000056279925182,20.000072654901444,20.000092199895796,20.000115201757797,20.000141929478296,20.0001726308114,20.000207529641276,20.00024682406354,20.000290685130352,20.000339256195133,20.00039265278523,20.00045096292815,20.000514247857748,20.000582543029974,20.00065585938282,20.000734184781102,20.000817485593277,20.00090570835421,20.000998781474326,20.00109661696178,20.001199112130163
0.11303999999999999,20.0,20.0,20.0,20.0,20.0,20.000000000000018,20.000000000000643,20.000000000010406,20.000000000097835,20.000000000618563,20.0000000028972,20.000000010756658,20.00000003323923,20.000000088619657,20.00000020946234,20.000000448167405,20.000000882290525,20.00000161893624,20.00000279767898,20.000004591693703,20.000007207016445,20.00001088005923,20.000015873650643,20.000022471958264,20.000030974679007,20.000041690870432,20.000054932754747,20.000071009769353,20.000090223074288,20.00011286066417,20.000139193175713,20.00016947043331,20.000203918736243,20.000242738861033,20.000286104731057,20.00033416269131,20.000387031318045,20.000444801689625,20.000507538045223,20.000575278760902,20.00064803757736,20.000725805019414,20.000808549953813,20.00089622123856,20.00098874942351,20.001086048468185,20.001188017448577
0.11327999999999999,20.0,20.0,20.0,20.0,20.0,20.000000000000018,20.00000000000058,20.00000000000944,20.00000000008964,20.00000000057136,20.000000002694783,20.000000010065595,20.000000031268733,20.00000008375786,20.00000019880155,20.00000042696054,20.00000084340082,20.000001552348227,20.00000269013047,20.000004426470877,20.000006963932396,20.000010535615136,20.00001540136154,20.000021842813457,20.000030157700692,20.000040653732665,20.000053642426696,20.000069433151456,20.000088327601606,20.00011061485756,20.000136567127424,20.000166436219118,20.00020045075087,20.000238814077267,20.0002817028859,20.00032926640444,20.000381626149217,20.000438876142372,20.000501083524483,20.000568289492122,20.00064051049424,20.000717739627046,20.000799948173256,20.000887087238286,20.000979089442417,20.001075870634253,20.001177331596587
0.11352,20.0,20.0,20.0,20.0,20.0,20.000000000000014,20.00000000000052,20.000000000008566,20.00000000008213,20.000000000527827,20.000000002506983,20.000000009421317,20.0000000294242,20.00000007919131,20.000000188759174,20.000000406934404,20.000000806598205,20.000001489217734,20.000002588002936,20.000004269356243,20.000006732492885,20.00001020731466,20.000014950774396,20.00002124206385,20.000029376998164,20.00003966196685,20.000052407786676,20.000067923739277,20.00008651201494,20.000108462722682,20.000134049569393,20.000163526261396,20.000197123641044,20.00023504753927,20.00027747730173,20.00032456493049,20.000376434773543,20.00043318368996,20.00049488161788,20.000561572474663,20.000633275322887,20.00070998574124,20.00079167734572,20.00087830341299,20.000969798564277,20.001066080474512,20.001167051577145
0.11375999999999999,20.0,20.0,20.0,20.0,20.0,20.000000000000014,20.000000000000465,20.000000000007773,20.00000000007526,20.00000000048769,20.000000002332833,20.000000008821,20.00000002769865,20.000000074904975,20.000000179306213,20.000000388037915,20.000000771799186,20.000001429416653,20.000002491110013,20.00000412009075,20.000006512351657,20.000009894710328,20.000014521327657,20.000020669022557,20.000028631749903,20.00003871460971,20.000051227724835,20.000066480273805,20.000084774905726,20.000106402703047,20.00013163880064,20.000160738719664,20.000193935433142,20.00023143714768,20.0002734257617,20.00032005594401,20.000371454766253,20.00042772181782,20.00048892973063,20.00055512504306,20.000626329336487,20.000702540582907,20.00078373464857,20.00086986690481,20.00096087390389,20.0010566750838,20.00115717447206
0.11399999999999999,20.0,20.0,20.0,20.0,20.0,20.00000000000001,20.000000000000416,20.000000000007052,20.000000000068972,20.000000000450708,20.000000002171433,20.000000008262,20.000000026085527,20.000000070884703,20.000000170415284,20.0000003702227,20.00000073892454,20.00000137282319,20.00000239927424,20.000003978427383,20.000006303178075,20.000009597374348,20.000014112483875,20.000020123031522,20.000027921168122,20.00003781073673,20.000050101175077,20.000065101544727,20.00008311491888,20.000104433300177,20.00012933318244,20.000158071819627,20.000190884223247,20.00022798087598,20.00026954612454,20.00031573719741,20.000366683782318,20.000422488092585,20.000483225350195,20.00054894461475,20.000619669891424,20.000695401456102,20.00077611734192,20.00086177493796,20.000952312657144,20.001047651636874,20.001147697441624
0.11424,20.0,20.0,20.0,20.0,20.0,20.00000000000001,20.000000000000373,20.0000000000064,20.00000000006322,20.000000000416644,20.000000002021945,20.00000000774184,20.00000002457869,20.000000067117163,20.000000162060537,20.000000353442992,20.00000070789916,20.00000131932166,20.000002312326796,20.00000384413079,20.000006104656734,20.000009314898143,20.00001372372919,20.000019603460913,20.000027244498135,20.000036949461446,20.000049027114358,20.000063786389685,20.000081530752013,20.000102553072836,20.000127131137557,20.00015552385239,20.00018796817639,20.000224676769754,20.000265836323806,20.000311606520278,20.000362119555767,20.00041748016141,20.000477766045652,20.00054302868946,20.000613294426696,20.00068856574746,20.00076882276813,20.00085402481822,20.00094411210061,20.001039007387966,20.001138617724227
0.11447999999999998,20.0,20.0,20.0,20.0,20.0,20.000000000000007,20.000000000000334,20.00000000000581,20.000000000057966,20.000000000385295,20.00000000188359,20.000000007258212,20.000000023172372,20.000000063589834,20.00000015421761,20.000000337655546,20.000000678651915,20.00000126880233,20.000002230107242,20.000003716977,20.000005916487066,20.0000090468919,20.00001335457281,20.000019109708585,20.000026601017748,20.000036129934823,20.000048004561993,20.000062533693562,20.000080021154726,20.000100760636283,20.000125031149498,20.000153093173708,20.000185185525822,20.00022152294596,20.000262294367197,20.00030766181864,20.000357759899007,20.000412695751344,20.00047254946707,20.00053737484864,20.000607200463357,20.000682030925674,20.000761848351278,20.000846613932502,20.000936269591055,20.001030739670387,20.001129932635944
0.11471999999999999,20.0,20.0,20.0,20.0,20.0,20.000000000000007,20.0000000000003,20.000000000005272,20.000000000053166,20.00000000035646,20.000000001755645,20.000000006808964,20.00000002186119,20.00000006029094,20.000000146863538,20.000000322819524,20.000000651115503,20.00000122116116,20.000002152463278,20.000003596753096,20.00000573838298,20.00000879298415,20.00001300454653,20.000018641199524,20.00002599003666,20.0000353513446,20.000047032578994,20.000061342387795,20.000078584927884,20.00009905466155,20.00012303176177,20.000150778203267,20.000182534572264,20.000218517592213,20.000258918335824,20.00030390107431,20.000353602702166,20.000408132668692,20.000467573344892,20.000531980754854,20.000601385603957,20.000675794540964,20.000755191596685,20.000839539748338,20.00092878256502,20.001022845896085,20.00112163957017
0.11495999999999999,20.0,20.0,20.0,20.0,20.0,20.000000000000007,20.00000000000027,20.00000000000479,20.000000000048782,20.00000000032997,20.00000000163744,20.000000006392092,20.000000020640087,20.000000057209444,20.000000139976727,20.000000308896414,20.000000625226335,20.000001176299687,20.000002079250507,20.000003483256922,20.000005570072517,20.000008552821352,20.000012673204264,20.000018197385337,20.00002541089591,20.000034612914696,20.00004611026743,20.000060211449693,20.00007722092292,20.000097433874732,20.000121131577178,20.000148577423957,20.00018001368321,20.000215658966074,20.00025570638354,20.00030032234423,20.000349645932438,20.00040378879837,20.00046283548934,20.000526844151203,20.000595847531986,20.00066985422454,20.00074885009039,20.000832799813427,20.000921648538363,20.001015323555233,20.001113735997187
0.1152,20.0,20.0,20.0,20.0,20.0,20.000000000000007,20.00000000000024,20.00000000000435,20.000000000044786,20.000000000305647,20.000000001528353,20.000000006005724,20.000000019504355,20.00000005433499,20.000000133536883,20.000000295849947,20.00000060092439,20.00000113412483,20.00000201033222,20.00000337629683,20.000005411297494,20.0000083260675,20.0000123601216,20.000017777743743,20.00002486296731,20.000033913904613,20.000045236769793,20.0000591399018,20.000075928041166,20.000095897056305,20.000119329257128,20.00014648938118,20.00017762129224,20.00021294539438,20.00025265673626,20.000296923759766,20.000345887633454,20.0003996621033,20.00045833378981,20.00052196286076,20.00059058401133,20.000664207688093,20.000742821498665,20.000826391755144,20.000914865105802,20.00100817021581,20.001106219463793
0.11543999999999999,20.0,20.0,20.0,20.0,20.0,20.000000000000007,20.000000000000217,20.000000000003954,20.000000000041144,20.000000000283347,20.000000001427807,20.00000000564813,20.00000001844959,20.000000051657892,20.000000127524952,20.000000283646006,20.000000578153127,20.000001094548725,20.000001945579182,20.000003275691387,20.000005261813214,20.00000811240375,20.000012064895365,20.00001738177809,20.000024345652943,20.000033253608862,20.0000444112684,20.00005812681125,20.000074705233217,20.000094443040453,20.00011762352094,20.000144512682176,20.000175355898335,20.000210375272573,20.00024976769131,20.00029370352611,20.00034232592464,20.000395750623785,20.00045406621427,20.000517334785986,20.00058559288571,20.000658852723248,20.000737103567502,20.000820313280077,20.000908429940473,20.001001383523157,20.001099087592895
0.11567999999999999,20.0,20.0,20.0,20.0,20.0,20.000000000000004,20.000000000000195,20.000000000003595,20.000000000037833,20.000000000262922,20.000000001335273,20.000000005317688,20.000000017471695,20.000000049169092,20.000000121923094,20.000000272252564,20.00000055685934,20.00000105748857,20.000001884869423,20.000003181269136,20.00000512138812,20.000007911528055,20.000011787143205,20.000017009016908,20.000023858384623,20.000032631356433,20.00004363298482,20.00005717128917,20.00007355149827,20.000093070714435,20.00011601314522,20.00014264599536,20.000173216065217,20.000207947064027,20.00024703761676,20.00029065992161,20.000338959000594,20.000392052476922,20.000450030808697,20.00051295790818,20.000580872078153,20.000653787201067,20.00073169412213,20.000814562173556,20.000902340793488,20.000994961199574,20.001092338083094
0.11592,20.0,20.0,20.0,20.0,20.0,20.000000000000004,20.000000000000174,20.000000000003272,20.00000000003482,20.00000000024425,20.00000000125026,20.000000005012907,20.000000016566855,20.000000046860144,20.000000116714617,20.0000002616396,20.000000536993078,20.0000010228665,20.00000182808805,20.000003092868347,20.000004989803546,20.00000772315482,20.000011526503204,20.000016659013443,20.00002340062343,20.00003204651026,20.0000429011793,20.000056272490085,20.000072465883548,20.00009177901794,20.00011449696319,20.00014088804968,20.000171200420706,20.00020565929943,20.000244464950814,20.000287791297165,20.000335785130492,20.000388565856003,20.000446225696493,20.000508830286922,20.000576419590455,20.00064900907152,20.000726591066524,20.000809136299175,20.00089659549347,20.000988901043876,20.001085968708292
0.11615999999999999,20.0,20.0,20.0,20.0,20.0,20.000000000000004,20.000000000000156,20.000000000002984,20.000000000032088,20.00000000022721,20.00000000117231,20.000000004732403,20.000000015731526,20.00000004472318,20.00000011188394,20.000000251779024,20.000000518507527,20.00000099060941,20.00000177512707,20.000003010336798,20.00000486685339,20.00000754701457,20.00001128263349,20.000016331345247,20.00002297185924,20.0000314984667,20.000042215150227,20.00005542961135,20.000071447483677,20.000090566942497,20.000113073864096,20.000139237633977,20.000169307656098,20.00020351057614,20.00024204820118,20.00028509607562,20.000332802657482,20.000385289029914,20.000442649077907,20.0005049500595,20.00057223350265,20.000644516362986,20.000721792382894,20.000804033598317,20.000891191946106,20.000983200930975,20.001079977317282
0.11639999999999999,20.0,20.0,20.0,20.0,20.0,20.000000000000004,20.000000000000142,20.00000000000272,20.000000000029615,20.000000000211692,20.00000000110101,20.000000004474895,20.00000001496243,20.00000004275089,20.000000107416554,20.000000242644646,20.00000050135893,20.000000960648872,20.000001725885223,20.000002933531547,20.000004752343894,20.00000738285365,20.000011055211893,20.000016025613764,20.000022571610273,20.000030986655073,20.000041574233624,20.000054641892614,20.000070495440145,20.000089433530885,20.000111742792594,20.000137693596415,20.000167536525556,20.00020149955759,20.000239785944466,20.000282572751146,20.000330009998084,20.000382220342583,20.000439299229495,20.000501315440406,20.00056831197246,20.000640307181726,20.000717296131214,20.000799252089703,20.000886128133722,20.00097785881144,20.00107436183334
0.11664,20.0,20.0,20.0,20.0,20.0,20.000000000000004,20.000000000000128,20.000000000002487,20.000000000027384,20.000000000197602,20.00000000103598,20.00000000423921,20.000000014256532,20.000000040936502,20.000000103298987,20.00000023421207,20.000000485506487,20.000000932920972,20.00000168026779,20.00000286231873,20.00000464609336,20.0000072304339,20.000010843935566,20.000015741443946,20.000022199422656,20.000030510537176,20.000040977802637,20.000053908615268,20.00006960894073,20.00008837787655,20.000110502748168,20.00013625484385,20.000165885845494,20.000199624972694,20.00023767682558,20.000280219888683,20.00032740564164,20.00037935821241,20.000436174503538,20.00049792472075,20.000564653234818,20.0006363797114,20.000713100448728,20.0007947898689,20.000881402114793,20.00097287271108,20.00106912025381
0.11687999999999998,20.0,20.0,20.0,20.0,20.0,20.000000000000004,20.000000000000114,20.000000000002277,20.00000000002537,20.000000000184844,20.000000000976865,20.000000004024265,20.000000013611036,20.00000003927376,20.00000009951876,20.00000022645868,20.00000047091228,20.000000907366207,20.000001638186475,20.000002796573366,20.000004547931923,20.000007089532403,20.000010648520703,20.000015478483878,20.000021854870017,20.00003006960684,20.00004042526705,20.00005322910196,20.000068787218982,20.00008739912307,20.000109352784577,20.000134920341274,20.000164354494032,20.000197885615247,20.000235719557168,20.000278036123333,20.000324988149718,20.00037670113169,20.000433273327527,20.000494776267775,20.000561255601305,20.00063273221254,20.00070920354947,20.00079064510787,20.000877012023533,20.00096824073051,20.001064250649694
0.11711999999999999,20.0,20.0,20.0,20.0,20.0,20.000000000000004,20.000000000000103,20.000000000002093,20.000000000023565,20.00000000017334,20.000000000923347,20.00000000382907,20.000000013023378,20.0000000377569,20.000000096064362,20.000000219363553,20.00000045754119,20.00000088392939,20.000001599559244,20.00000273617917,20.000004457701323,20.000006959941185,20.000010468702186,20.000015236404426,20.000021537553106,20.000029663389498,20.000039916072833,20.0000526027161,20.0000680295537,20.00008649646362,20.00010829200929,20.000133689111266,20.000162941410398,20.00019628034337,20.00023391291903,20.000276020159824,20.000322756155573,20.000374247666088,20.000430594203603,20.000491868524296,20.000558117459672,20.00062936302209,20.000705603723773,20.000786816054507,20.00087295606942,20.000963961044715,20.00105975116525
0.11735999999999999,20.0,20.0,20.0,20.0,20.0,20.000000000000004,20.000000000000096,20.000000000001926,20.000000000021956,20.000000000163016,20.000000000875133,20.000000003652712,20.00000001249121,20.000000036380644,20.000000092925216,20.00000021290743,20.00000044536083,20.000000862559524,20.000001564310182,20.00000268102838,20.0000043752547,20.000006841466988,20.00001030423331,20.0000150148989,20.000021247099394,20.000029291441788,20.000039449701703,20.000052028861386,20.00006733526844,20.000085669140454,20.00010731958298,20.000132560233432,20.00016164559441,20.000194808078966,20.000232255757574,20.000274170771945,20.000320708363596,20.000371996454092,20.000428135708038,20.000489200008193,20.000555237273304,20.000626270552864,20.000702299337807,20.000783301032158,20.00086923253676,20.000960031902615,20.00105562001756
0.1176,20.0,20.0,20.0,20.0,20.0,20.000000000000004,20.000000000000085,20.00000000000178,20.00000000002052,20.0000000001538,20.000000000831967,20.000000003494385,20.000000012012393,20.00000003514017,20.000000090091646,20.000000207072674,20.000000434341455,20.000000843209722,20.000001532369378,20.00000263102161,20.00000430045637,20.000006733931006,20.0000101548855,20.00001481368274,20.000020983162738,20.000028953351148,20.000039025670695,20.000051506981354,20.000066703731065,20.00008491644442,20.000106434718997,20.000131532843906,20.00016046610592,20.000193467807176,20.00023074698529,20.000272486802015,20.00031884354878,20.000369946206472,20.00042589649071,20.0004867693119,20.000552613580748,20.000623453293095,20.000699288833076,20.000780098439176,20.00086583978424,20.00095645162665,20.001051855496115
0.11783999999999999,20.0,20.0,20.0,20.0,20.0,20.0,20.000000000000078,20.000000000001652,20.00000000001926,20.00000000014564,20.00000000079361,20.000000003353342,20.000000011584998,20.00000003403111,20.000000087554856,20.0000002018432,20.000000424455937,20.000000825837116,20.000001503672802,20.000002586067655,20.000004233181667,20.000006637168667,20.000010020448048,20.0000146324932,20.000020745423036,20.000028648735448,20.000038643531767,20.000051036558958,20.000066134353247,20.000084237714475,20.00010563668288,20.000130606134817,20.000159402064316,20.000192258575844,20.000229385580198,20.000270967160347,20.000317160556182,20.000368095705777,20.00042387527458,20.000484575101897,20.00055024499518,20.000620909805935,20.00069657072597,20.000777206748445,20.000862776244475,20.000953218612324,20.00104845596242
0.11807999999999999,20.0,20.0,20.0,20.0,20.0,20.0,20.00000000000007,20.000000000001542,20.000000000018154,20.000000000138478,20.000000000759847,20.00000000322892,20.00000001120728,20.000000033049524,20.000000085306905,20.000000197204468,20.000000415679672,20.000000810402767,20.00000147816219,20.000002546083405,20.000004173316732,20.000006551029433,20.000009900727846,20.000014471089084,20.000020533585904,20.000028377242646,20.000038302871403,20.00005061711614,20.00006562659007,20.00008363233723,20.000104924791884,20.000129779353827,20.000158452648012,20.00019117949503,20.00022817058535,20.000269610824738,20.000315658300433,20.00036644380581,20.000422070855198,20.000482616118205,20.000548130203946,20.000618638728962,20.000694143607273,20.000774624506928,20.000860040423564,20.000950331327793,20.001045419849536
0.11832,20.0,20.0,20.0,20.0,20.0,20.0,20.000000000000068,20.000000000001442,20.0000000000172,20.000000000132268,20.000000000730495,20.00000000312053,20.000000010877702,20.00000003219189,20.00000008334069,20.000000193143435,20.000000407990544,20.000000796871603,20.000001455784943,20.000002510993657,20.000004120758383,20.000006475376576,20.000009795549175,20.00001432925045,20.00002034738237,20.000028138550437,20.00003800331025,20.00005024821346,20.000065179939593,20.00008309974652,20.000104298414524,20.000129051803636,20.000157617093958,20.000190229736504,20.00022710110832,20.000268416839962,20.000314335765207,20.00036498943112,20.00042048210019,20.000480891173886,20.000546267968055,20.000616638773714,20.000692006141705,20.00077235033521,20.000857630900637,20.000947788313415,20.0010427456617
0.11855999999999998,20.0,20.0,20.0,20.0,20.0,20.0,20.000000000000064,20.000000000001364,20.000000000016385,20.000000000126967,20.00000000070539,20.000000003027655,20.000000010594892,20.0000000314551,20.00000008164991,20.000000189648514,20.00000040136887,20.00000078521233,20.00000143649404,20.000002480731037,20.000004075413933,20.000006410087007,20.000009704753477,20.00001420677839,20.000020186568605,20.000027932365946,20.000037744502798,20.000049929449688,20.00006479394244,20.00008263942296,20.000103756970116,20.000128422841527,20.000156894697177,20.000189408533256,20.000226176320737,20.000267384317283,20.000313192002732,20.00036373157652,20.00041910794877,20.000479399154575,20.00054465712169,20.00061490872521,20.00069015706745,20.000770382927033,20.000855546327422,20.00094558818133,20.001040431973877
0.11879999999999999,20.0,20.0,20.0,20.0,20.0,20.0,20.000000000000057,20.000000000001297,20.00000000001571,20.00000000012254,20.00000000068439,20.000000002949847,20.000000010357667,20.000000030836453,20.00000008022907,20.000000186709553,20.00000039579735,20.00000077539738,20.00000142024793,20.00000245523586,20.00000403720106,20.00000635505111,20.00000962819914,20.000014103494745,20.000020050925627,20.000027758425414,20.000037526136996,20.00004966046148,20.000064468181442,20.000082250893566,20.00010329992838,20.000127891878943,20.000156284810316,20.00018871517905,20.000225395457775,20.000266512433956,20.000312226133325,20.00036266930659,20.000417947411254,20.000478139017968,20.00054329657176,20.000613447441477,20.00068859519569,20.00076872104885,20.000853785427786,20.00094372961501,20.001038477431344
0.11903999999999999,20.0,20.0,20.0,20.0,20.0,20.0,20.000000000000057,20.00000000000124,20.000000000015163,20.000000000118963,20.00000000066738,20.000000002886726,20.000000010165017,20.00000003033363,20.000000079073445,20.00000018431781,20.000000391261043,20.00000076740285,20.000001407010487,20.000002434456036,20.000004006047675,20.00000631017256,20.000009565761328,20.00001401924194,20.000019940259072,20.000027616493945,20.000037347933997,20.00004944092303,20.00006420228126,20.00008193373134,20.00010292680901,20.000127458381037,20.000155786843184,20.00018814902795,20.000224757817726,20.000265800432782,20.00031143734488,20.000361801755208,20.000416999568586,20.000477109793373,20.00054218529738,20.000612253853074,20.000687319410154,20.000767363539357,20.000852346997302,20.000942211368834,20.001036880749268
0.11927999999999998,20.0,20.0,20.0,20.0,20.0,20.0,20.000000000000053,20.000000000001197,20.000000000014744,20.000000000116206,20.000000000654254,20.000000002837975,20.0000000100161,20.000000029944694,20.000000078179067,20.000000182465925,20.000000387747317,20.000000761208458,20.000001396750903,20.000002418346966,20.000003981891805,20.00000627536819,20.000009517331783,20.00001395388274,20.000019854398946,20.000027506365196,20.000037209647818,20.000049270545723,20.00006399590803,20.000081687554932,20.00010263718129,20.00012712186627,20.000155400262344,20.00018770949389,20.000224262761513,20.000265247621627,20.000310824892438,20.00036112812507,20.00041626357185,20.000476310581213,20.000541322349452,20.000611326962638,20.000686328666646,20.00076630930906,20.00085122990279,20.000941032267644,20.001035640712278
0.11951999999999999,20.0,20.0,20.0,20.0,20.0,20.0,20.000000000000053,20.00000000000117,20.000000000014445,20.00000000011425,20.000000000644935,20.00000000280334,20.00000000991025,20.000000029668083,20.000000077542733,20.000000181147897,20.00000038524582,20.000000756797476,20.000001389443643,20.00000240687148,20.000003964681476,20.000006250567864,20.000009482818676,20.000013907300062,20.000019793199407,20.000027427861177,20.000037111065094,20.00004914907787,20.000063848769045,20.00008151202825,20.000102430663716,20.00012688190603,20.00015512459069,20.000187396050258,20.00022390971229,20.000264853372986,20.00031038809771,20.000360647687238,20.000415738641834,20.00047574055258,20.000540706850163,20.000610665844423,20.00068562199258,20.0007655573398,20.000850433081887,20.000940191206325,20.001034756174036
0.11975999999999999,20.0,20.0,20.0,20.0,20.0,20.0,20.00000000000005,20.00000000000115,20.000000000014268,20.000000000113083,20.000000000639368,20.000000002782638,20.000000009846943,20.000000029502612,20.000000077161978,20.000000180359073,20.00000038374844,20.00000075415671,20.000001385068384,20.00000239999973,20.000003954374627,20.00000623571434,20.000009462146455,20.000013879396818,20.00001975653856,20.000027380831977,20.00003705200481,20.000049076304393,20.000063760612445,20.000081406860154,20.000102306923655,20.00012673812423,20.000154959407062,20.000187208229452,20.000223698154972,20.000264617123534,20.00031012634863,20.000360359780675,20.00041542406855,20.000475398948772,20.00054033799254,20.00061026964383,20.000685198486558,20.00076510668433,20.000849955542588,20.000939687149355,20.00103422605682
0.12,20.0,20.0,20.0,20.0,20.0,20.0,20.00000000000005,20.000000000001148,20.000000000014207,20.000000000112692,20.00000000063751,20.000000002775735,20.00000000982584,20.000000029447456,20.000000077035057,20.000000180096134,20.000000383249315,20.000000753276456,20.000001383609963,20.00000239770915,20.00000395093901,20.00000623076317,20.000009455255714,20.000013870095735,20.000019744318276,20.000027365155578,20.000037032318048,20.000049052046567,20.000063731226913,20.00008137180412,20.000102265676965,20.000126690196964,20.00015490434585,20.00018714562252,20.00022362763587,20.00026453837372,20.000310039098938,20.00036026381182,20.000415319210788,20.00047528508084,20.000540215039997,20.000610137576963,20.000685057317884,20.000764956465837,20.00084979636282,20.000939519130362,20.001034049351084
