Position_m,Temperature_t=0.00000000s,Temperature_t=2.00000000s,Temperature_t=4.00000000s,Temperature_t=6.00000000s,Temperature_t=8.00000000s,Temperature_t=10.00000000s,Temperature_t=12.00000000s,Temperature_t=14.00000000s,Temperature_t=16.00000000s,Temperature_t=18.00000000s
-0.12,60.0,60.0,60.00000000001794,60.00000001714653,60.00000077262458,60.000008571662725,60.00004461398834,60.000147487222,60.00036374733834,60.000734708974996
-0.11975999999999999,60.0,60.0,60.000000000018034,60.000000017191844,60.00000077385181,60.000008580691116,60.00004464725482,60.000147568796045,60.000363901884064,60.000734955379535
-0.11951999999999999,60.0,60.0,60.00000000001831,60.00000001732778,60.00000077753349,60.000008607776294,60.000044747054254,60.00014781351818,60.000364365521236,60.00073569459314
-0.11927999999999998,60.0,60.0,60.00000000001878,60.00000001755515,60.000000783684435,60.00000865300067,60.00004491363494,60.00014822191371,60.00036513914164,60.00073692792476
-0.11903999999999999,60.0,60.0,60.00000000001944,60.00000001787521,60.00000079232614,60.00000871647782,60.000045147322666,60.000148794641916,60.00036622382145,60.00073865690158
-0.11879999999999999,60.0,60.0,60.00000000002031,60.00000001828962,60.000000803486834,60.00000879835267,60.000045448521185,60.0001495324967,60.00036762082208,60.000740883270026
-0.11855999999999998,60.0,60.0,60.00000000002137,60.0000000188005,60.00000081720153,60.000008898801774,60.00004581771275,60.000150436407395,60.00036933159114,60.0007436089967
-0.11832,60.0,60.0,60.000000000022666,60.00000001941041,60.000000833512175,60.00000901803363,60.000046255458656,60.00015150743958,60.000371357763356,60.0007468362695
-0.11807999999999999,60.0,60.0,60.00000000002419,60.000000020122386,60.00000085246771,60.000009156289,60.00004676239991,60.00015274679595,60.000373701161685,60.0007505674986
-0.11783999999999999,60.0,60.0,60.000000000025956,60.00000002093992,60.00000087412418,60.00000931384133,60.00004733925795,60.000154155817256,60.0003763637983,60.000754805317584
-0.1176,60.0,60.0,60.00000000002799,60.00000002186701,60.00000089854496,60.00000949099713,60.00004798683536,60.000155735983384,60.0003793478758,60.00075955258458
-0.11735999999999999,60.0,60.0,60.000000000030305,60.000000022908154,60.0000009258008,60.00000968809649,60.00004870601677,60.000157488914375,60.000382655788336,60.00076481238338
-0.11711999999999999,60.0,60.0,60.00000000003293,60.00000002406836,60.00000095597005,60.00000990551356,60.00004949776969,60.00015941637161,60.00038629012288,60.00077058802467
-0.11687999999999998,60.0,60.0,60.00000000003588,60.000000025353216,60.000000989138854,60.00001014365712,60.00005036314548,60.00016152025902,60.00039025366053,60.00077688304722
-0.11664,60.0,60.0,60.00000000003919,60.00000002676885,60.00000102540133,60.00001040297119,60.00005130328043,60.000163802624364,60.00039454937778,60.00078370121918
-0.11639999999999999,60.0,60.0,60.000000000042895,60.000000028322,60.0000010648598,60.000010683935656,60.00005231939675,60.00016626566058,60.00039918044802,60.000791046539305
-0.11615999999999999,60.0,60.0,60.00000000004702,60.00000003002002,60.00000110762502,60.00001098706694,60.00005341280379,60.00016891170722,60.00040415024292,60.000798923238335
-0.11592,60.0,60.0,60.00000000005161,60.00000003187092,60.00000115381644,60.000011312918794,60.00005458489923,60.00017174325191,60.000409462333934,60.00080733578031
-0.11567999999999999,60.0,60.0,60.0000000000567,60.000000033883396,60.00000120356249,60.00001166208301,60.00005583717041,60.00017476293192,60.000415120493884,60.000816288863966
-0.11543999999999999,60.0,60.0,60.00000000006235,60.00000003606687,60.000001257000854,60.0000120351903,60.0000571711956,60.00017797353578,60.00042112869856,60.00082578742414
-0.1152,60.0,60.0,60.0000000000686,60.000000038431516,60.000001314278784,60.00001243291115,60.00005858864551,60.00018137800497,60.00042749112838,60.00083583663324
-0.11495999999999999,60.0,60.0,60.00000000007552,60.000000040988304,60.000001375553445,60.00001285595674,60.00006009128471,60.000184979435694,60.000434212170106,60.00084644190269
-0.11471999999999999,60.0,60.0,60.00000000008316,60.00000004374907,60.00000144099226,60.000013305079925,60.000061680973225,60.00018878108069,60.00044129641863,60.00085760888445
-0.11447999999999998,60.0,60.0,60.0000000000916,60.00000004672651,60.00000151077326,60.000013781076255,60.00006335966817,60.00019278635114,60.000448748678785,60.000869343472594
-0.11424,60.0,60.0,60.00000000010092,60.00000004993429,60.000001585085535,60.00001428478505,60.00006512942542,60.00019699881865,60.000456573967234,60.00088165180482
-0.11399999999999999,60.0,60.0,60.00000000011119,60.00000005338706,60.000001664129584,60.00001481709054,60.0000669924014,60.000201422217266,60.0004647775144,60.00089454026409
-0.11375999999999999,60.0,60.0,60.00000000012252,60.000000057100515,60.00000174811781,60.00001537892299,60.000068950854924,60.0002060604456,60.00047336476646,60.00090801548027
-0.11352,60.0,60.0,60.000000000134996,60.000000061091484,60.00000183727495,60.00001597126002,60.00007100714912,60.00021091756901,60.00048234138736,60.000922084331776
-0.11327999999999999,60.0,60.0,60.00000000014874,60.000000065377954,60.00000193183857,60.000016595127825,60.000073163753385,60.00021599782184,60.000491713260956,60.000936753947265
-0.11303999999999999,60.0,60.0,60.00000000016387,60.00000006997918,60.000002032059584,60.000017251602536,60.00007542324551,60.00022130560978,60.00050148649311,60.00095203170737
-0.11279999999999998,60.0,60.0,60.00000000018053,60.00000007491574,60.000002138202795,60.00001794181164,60.00007778831376,60.00022684551221,60.00051166741391,60.00096792524645
-0.11256,60.0,60.0,60.000000000198845,60.0000000802096,60.000002250547446,60.000018666935425,60.00008026175911,60.00023262228471,60.00052226257995,60.00098444245437
-0.11231999999999999,60.0,60.0,60.000000000218996,60.00000008588423,60.000002369387836,60.00001942820849,60.000082846497556,60.00023864086159,60.000533278776594,60.00100159147831
-0.11207999999999999,60.0,60.0,60.00000000024116,60.00000009196468,60.00000249503392,60.000020226921336,60.00008554556245,60.00024490635848,60.00054472302036,60.00101938072459
-0.11184,60.0,60.0,60.000000000265516,60.00000009847764,60.000002627811966,60.00002106442201,60.00008836210698,60.00025142407505,60.00055660256133,60.001037818860574
-0.11159999999999999,60.0,60.0,60.00000000029228,60.000000105451605,60.00000276806526,60.000021942117804,60.00009129940666,60.000258199497736,60.00056892488559,60.00105691481652
-0.11135999999999999,60.0,60.0,60.0000000003217,60.000000112916936,60.000002916154784,60.00002286147702,60.000094360861986,60.000265238302596,60.00058169771778,60.001076677787516
-0.11112,60.0,60.0,60.00000000035401,60.00000012090598,60.00000307246,60.00002382403082,60.00009755000107,60.00027254635819,60.00059492902362,60.00109711723544
-0.11087999999999999,60.0,60.0,60.000000000389484,60.0000001294532,60.00000323737957,60.00002483137509,60.00010087048245,60.000280129728594,60.00060862701258,60.00111824289089
-0.11063999999999999,60.0,60.0,60.000000000428436,60.0000001385953,60.00000341133227,60.00002588517246,60.000104326097905,60.0002879946764,60.000622800140505,60.00114006475523
-0.11039999999999998,60.0,60.0,60.000000000471196,60.00000014837133,60.00000359475774,60.00002698715432,60.00010792077545,60.000296147665885,60.000637457112326,60.001162593102585
-0.11016,60.0,60.0,60.00000000051812,60.00000015882289,60.00000378811744,60.000028139122904,60.00011165858228,60.000304595366195,60.00065260688488,60.00118583848186
-0.10991999999999999,60.0,60.0,60.0000000005696,60.00000016999423,60.00000399189553,60.000029342953525,60.00011554372793,60.0003133446546,60.00066825866968,60.00120981171885
-0.10967999999999999,60.0,60.0,60.00000000062607,60.000000181932414,60.0000042065999,60.00003060059678,60.00011958056744,60.000322402619865,60.000684421935794,60.00123452391833
-0.10944,60.0,60.0,60.000000000688004,60.00000019468751,60.000004432763106,60.00003191408094,60.000123773604656,60.00033177656566,60.000701106412784,60.0012599864661
-0.10919999999999999,60.0,60.0,60.00000000075591,60.00000020831275,60.000004670943476,60.000033285514306,60.00012812749556,60.00034147401405,60.000718322093626,60.0012862110312
-0.10895999999999999,60.0,60.0,60.00000000083035,60.00000022286471,60.00000492172619,60.000034717087736,60.00013264705176,60.00035150270906,60.00073607923776,60.00131320956801
-0.10872,60.0,60.0,60.00000000091193,60.00000023840357,60.000005185724405,60.000036211077195,60.000137337244006,60.00036187062033,60.00075438837415,60.00134099431844
-0.10848,60.0,60.0,60.000000001001325,60.000000254993225,60.00000546358047,60.00003776984643,60.00014220320585,60.000372585946835,60.00077326030432,60.0013695778141
-0.10823999999999999,60.0,60.0,60.00000000109925,60.00000027270159,60.00000575596716,60.000039395849676,60.00014725023736,60.000383657120636,60.00079270610562,60.00139897287854
-0.10799999999999998,60.0,60.00000000000001,60.00000000120651,60.0000002916008,60.00000606358895,60.00004109163451,60.000152483808925,60.00039509281079,60.000812737134304,60.001429192629445
-0.10776,60.0,60.00000000000001,60.000000001323954,60.00000031176746,60.000006387183355,60.00004285984475,60.00015790956519,60.00040690192727,60.00083336502885,60.001460250480875
-0.10751999999999999,60.0,60.00000000000001,60.00000000145253,60.00000033328291,60.000006727522354,60.00004470322344,60.00016353332906,60.00041909362497,60.00085460171321,60.001492160145546
-0.10727999999999999,60.0,60.00000000000001,60.000000001593264,60.000000356233514,60.00000708541381,60.00004662461597,60.00016936110577,60.000431677307795,60.00087645940012,60.00152493563707
-0.10704,60.0,60.00000000000001,60.00000000174727,60.00000038071092,60.000007461703014,60.000048626973246,60.00017539908712,60.000444662632816,60.00089895059451,60.00155859127226
-0.10679999999999999,60.0,60.00000000000001,60.000000001915765,60.00000040681241,60.00000785727419,60.00005071335496,60.00018165365576,60.00045805951451,60.000922088096885,60.001593141673375
-0.10655999999999999,60.0,60.00000000000001,60.00000000210007,60.00000043464118,60.00000827305222,60.000052886932984,60.00018813138955,60.00047187812905,60.000945885006765,60.00162860177051
-0.10631999999999998,60.0,60.000000000000014,60.00000000230163,60.000000464306716,60.00000871000424,60.00005515099484,60.0001948390661,60.000486128918695,60.00097035472621,60.001664986803824
-0.10608,60.0,60.000000000000014,60.000000002522015,60.00000049592514,60.00000916914148,60.00005750894728,60.00020178366731,60.00050082259624,60.0009955109633,60.00170231232591
-0.10583999999999999,60.0,60.000000000000014,60.00000000276292,60.00000052961961,60.00000965152103,60.000059964319945,60.0002089723841,60.000515970149515,60.00102136773574,60.00174059420412
-0.10559999999999999,60.0,60.000000000000014,60.00000000302621,60.000000565520686,60.00001015824782,60.000062520769184,60.000216412621164,60.00053158284601,60.00104793937443,60.0017798486229
-0.10536,60.0,60.00000000000002,60.00000000331389,60.000000603766786,60.00001069047648,60.000065182081926,60.000224112001895,60.000547672237516,60.00107524052713,60.00182009208611
-0.10511999999999999,60.0,60.00000000000002,60.00000000362817,60.00000064450461,60.00001124941348,60.00006795217968,60.000232078373344,60.00056425016487,60.00110328616212,60.00186134141941
-0.10487999999999999,60.0,60.00000000000003,60.00000000397143,60.00000068788962,60.00001183631923,60.000070835122656,60.00024031981136,60.00058132876275,60.00113209157188,60.00190361377258
-0.10464,60.0,60.00000000000003,60.000000004346255,60.000000734086534,60.000012452510255,60.00007383511399,60.00024884462575,60.000598920464576,60.00116167237688,60.0019469266219
-0.10439999999999999,60.0,60.000000000000036,60.00000000475547,60.00000078326986,60.0000130993615,60.00007695650407,60.000257661365616,60.00061703800743,60.00119204452929,60.00199129777244
-0.10415999999999999,60.0,60.00000000000004,60.00000000520213,60.000000835624405,60.000013778308734,60.000080203795015,60.00026677882474,60.000635694437065,60.001223224316824,60.002036745360506
-0.10391999999999998,60.0,60.00000000000005,60.00000000568956,60.00000089134589,60.00001449085094,60.00008358164526,60.000276206047126,60.00065490311303,60.00125522836653,60.0020832878559
-0.10368,60.0,60.00000000000006,60.000000006221356,60.000000950641535,60.000015238552926,60.00008709487422,60.00028595233262,60.00067467771377,60.001288073648695,60.00213094406432
-0.10343999999999999,60.0,60.000000000000064,60.00000000680144,60.000001013730724,60.00001602304795,60.000090748467166,60.00029602724262,60.00069503224187,60.00132177748065,60.002179733129665
-0.10319999999999999,60.0,60.00000000000007,60.00000000743407,60.000001080845635,60.00001684604043,60.00009454758013,60.00030644060596,60.00071598102933,60.001356357530746,60.002229674536395
-0.10296,60.0,60.000000000000085,60.00000000812384,60.00000115223198,60.000017709308835,60.00009849754504,60.00031720252481,60.00073753874293,60.00139183182224,60.00228078811184
-0.10271999999999999,60.0,60.0000000000001,60.000000008875766,60.000001228149756,60.00001861470859,60.000102603874865,60.00032832338078,60.00075972038961,60.001428218737274,60.00233309402851
-0.10247999999999999,60.0,60.000000000000114,60.00000000969527,60.00000130887397,60.00001956417511,60.00010687226903,60.00033981384104,60.00078254132198,60.00146553702081,60.00238661280643
-0.10224,60.0,60.000000000000135,60.00000001058823,60.00000139469554,60.000020559727005,60.000111308618855,60.00035168486464,60.00080601724386,60.00150380578466,60.0024413653154
-0.102,60.0,60.000000000000156,60.00000001156103,60.00000148592209,60.0000216034693,60.00011591901319,60.000363947708884,60.000830164215834,60.00154304451146,60.002497372777285
-0.10175999999999999,60.0,60.00000000000018,60.00000001262057,60.00000158287889,60.000022697596826,60.000120709744174,60.00037661393583,60.000854998660984,60.001583273058706,60.002554656768275
-0.10151999999999999,60.0,60.000000000000206,60.00000001377434,60.000001685909794,60.000023844397745,60.000125687313144,60.00038969541889,60.00088053737056,60.0016245116628,60.00261323922114
-0.10128,60.0,60.000000000000234,60.00000001503046,60.00000179537826,60.00002504625714,60.00013085843666,60.00040320434957,60.00090679750979,60.00166678094307,60.00267314242745
-0.10103999999999999,60.0,60.00000000000027,60.000000016397706,60.000001911668384,60.000026305660775,60.00013623005276,60.00041715324429,60.0009337966237,60.00171010190588,60.00273438903975
-0.10079999999999999,60.0,60.00000000000031,60.0000000178856,60.000002035186,60.00002762519897,60.00014180932722,60.000431554951355,60.00096155264303,60.00175449594864,60.00279700207383
-0.10056,60.0,60.00000000000036,60.000000019504434,60.00000216635984,60.00002900757062,60.00014760366013,60.000446422657994,60.00099008389015,60.001799984863936,60.00286100491077
-0.10031999999999999,60.0,60.00000000000041,60.00000002126536,60.00000230564276,60.00003045558732,60.00015362069252,60.00046176989752,60.001019409085124,60.00184659084357,60.00292642129916
-0.10007999999999999,60.0,60.000000000000476,60.000000023180434,60.00000245351299,60.00003197217768,60.00015986831314,60.00047761055666,60.00104954735171,60.001894336482664,60.00299327535717
-0.09983999999999998,60.0,60.00000000000055,60.00000002526271,60.000002610475505,60.00003356039173,60.00016635466547,60.00049395888289,60.001080518223496,60.00194324478376,60.00306159157464
-0.0996,60.0,60.00000000000063,60.0000000275263,60.00000277706338,60.0000352234055,60.00017308815483,60.000510829492015,60.00111234165004,60.00199333916087,60.0031313948151
-0.09935999999999999,60.0,60.000000000000725,60.00000002998645,60.00000295383931,60.000036964525776,60.000180077455695,60.00052823737573,60.00114503800311,60.002044643443604,60.003202710317815
-0.09911999999999999,60.0,60.00000000000083,60.00000003265968,60.0000031413971,60.00003878719495,60.00018733151911,60.00054619790939,60.00117862808288,60.002097181881204,60.00327556369974
-0.09888,60.0,60.00000000000096,60.0000000355638,60.00000334036334,60.00004069499612,60.00019485958036,60.000564726859835,60.00121313312431,60.00215097914666,60.003349980957466
-0.09863999999999999,60.0,60.0000000000011,60.00000003871809,60.000003551399026,60.000042691658244,60.00020267116676,60.00058384039338,60.001248574803384,60.00220606034074,60.00342598846914
-0.09839999999999999,60.0,60.000000000001265,60.00000004214337,60.00000377520139,60.00004478106158,60.000210776105604,60.00060355508385,60.001284975243564,60.00226245099607,60.00350361299629
-0.09816,60.0,60.00000000000145,60.000000045862116,60.00000401250573,60.00004696724319,60.00021918453234,60.000623887920774,60.0013223570222,60.00232017708114,60.00358288168567
-0.09792,60.0,60.00000000000166,60.000000049898595,60.000004264087345,60.00004925440273,60.00022790689888,60.0006448563177,60.001360743176946,60.00237926500437,60.003663822071005
-0.09767999999999999,60.0,60.000000000001904,60.000000054279035,60.00000453076362,60.000051646908325,60.00023695398208,60.00066647812054,60.0014001572123,60.00243974161809,60.00374646207478
-0.09743999999999998,60.0,60.00000000000219,60.00000005903171,60.00000481339608,60.00005414930269,60.000246336892474,60.000688771616154,60.00144062310611,60.00250163422252,60.003830830009825
-0.0972,60.0,60.00000000000251,60.00000006418716,60.0000051128927,60.00005676630946,60.000256067083086,60.000711755540905,60.00148216531613,60.002564970569765,60.00391695458103
-0.09695999999999999,60.0,60.00000000000287,60.00000006977831,60.00000543021018,60.00005950283962,60.000266156358514,60.000735449089426,60.001524808786606,60.00262977886772,60.00400486488686
-0.09671999999999999,60.0,60.00000000000329,60.00000007584068,60.00000576635641,60.000062363998275,60.00027661688416,60.000759871923435,60.00156857895487,60.00269608778402,60.00409459042089
-0.09648,60.0,60.00000000000377,60.00000008241258,60.000006122393025,60.00006535509151,60.000287461195654,60.000785044180695,60.00161350175802,60.00276392644985,60.004186161073285
-0.09623999999999999,60.0,60.00000000000431,60.000000089535305,60.00000649943808,60.00006848163352,60.00029870220848,60.000810986484026,60.001659603639546,60.0028333244639,60.00427960713217
-0.09599999999999999,60.0,60.00000000000494,60.00000009725336,60.00000689866883,60.00007174935396,60.000310353227796,60.000837719950496,60.001706911556,60.00290431189609,60.00437495928499
-0.09576,60.0,60.00000000000565,60.00000010561472,60.00000732132464,60.00007516420547,60.0003224279584,60.00086526620063,60.00175545298372,60.00297691929136,60.004472248619784
-0.09552,60.0,60.000000000006466,60.000000114671046,60.00000776871007,60.00007873237151,60.000334940514975,60.000893647367796,60.00180525592551,60.00305117767346,60.00457150662639
-0.09527999999999999,60.0,60.00000000000739,60.000000124478,60.000008242198035,60.000082460274335,60.000347905432484,60.000922886107645,60.00185634891737,60.003127118548576,60.00467276519759
-0.09503999999999999,60.0,60.00000000000845,60.000000135095526,60.00000874323313,60.00008635458325,60.000361337676736,60.000953005607656,60.00190876103523,60.003204773909005,60.00477605663017
-0.0948,60.0,60.00000000000965,60.000000146588135,60.000009273335124,60.00009042222316,60.00037525265524,60.000984029596786,60.001962521901675,60.00328417623674,60.00488141362595
-0.09455999999999999,60.0,60.00000000001102,60.0000001590253,60.000009834102585,60.00009467038326,60.000389666228145,60.00101598235522,60.002017661692676,60.00336535850703,60.00498886929266
-0.09431999999999999,60.0,60.000000000012584,60.00000017248174,60.00001042721667,60.00009910652608,60.0004045947195,60.00104888872419,60.00207421114435,60.00344835419186,60.00509845714483
-0.09408,60.0,60.00000000001436,60.00000018703787,60.000011054445075,60.00010373839672,60.00042005492864,60.00108277411593,60.00213220155965,60.003533197263366,60.005210211104526
-0.09383999999999999,60.0,60.000000000016385,60.00000020278018,60.00001171764617,60.00010857403239,60.00043606414181,60.00111766452365,60.00219166481513,60.003619922197245,60.00532416550204
-0.09359999999999999,60.0,60.00000000001869,60.00000021980166,60.0000124187733,60.00011362177222,60.00045264014397,60.00115358653166,60.00225263336764,60.003708563976005,60.005440355076495
-0.09336,60.0,60.0000000000213,60.00000023820231,60.000013159879295,60.000118890267345,60.000469801230864,60.001190567325565,60.00231514026105,60.003799158092264,60.00555881497637
-0.09312,60.0,60.000000000024286,60.0000002580896,60.000013943121125,60.000124388491216,60.00048756622123,60.00122863470253,60.002379219132884,60.003891740551865,60.00567958075988
-0.09287999999999999,60.0,60.00000000002767,60.00000027957901,60.00001477076481,60.00013012575029,60.000505954469254,60.00126781708158,60.00244490422104,60.003986347877,60.00580268839536
-0.09263999999999999,60.0,60.00000000003151,60.000000302794625,60.00001564519049,60.00013611169497,60.00052498587724,60.0013081435141,60.00251223037043,60.004083017109245,60.00592817426147
-0.0924,60.0,60.00000000003588,60.00000032786971,60.00001656889776,60.00014235633083,60.0005446809085,60.0013496436943,60.00258123303952,60.00418178581244,60.006056075147335
-0.09215999999999999,60.0,60.00000000004084,60.00000035494736,60.00001754451118,60.00014887003016,60.00056506060037,60.001392347969734,60.00265194830702,60.00428269207561,60.00618642825259
-0.09191999999999999,60.0,60.00000000004647,60.00000038418124,60.00001857478602,60.000155663543836,60.00058614657759,60.00143628735202,60.00272441287834,60.00438577451568,60.006319271187344
-0.09168,60.0,60.00000000005286,60.00000041573625,60.00001966261428,60.00016274801349,60.00060796106573,60.00148149352751,60.002798664092154,60.004491072280196,60.006454641971985
-0.09144,60.0,60.000000000060105,60.00000044978936,60.000020811030936,60.00017013498399,60.00063052690498,60.00152799886801,60.00287473992683,60.00459862504987,60.006592579036926
-0.09119999999999999,60.0,60.00000000006832,60.00000048653043,60.00002202322042,60.0001778364163,60.00065386756399,60.00157583644168,60.00295267900687,60.00470847304112,60.00673312122222
-0.09095999999999999,60.0,60.00000000007763,60.0000005261631,60.0000233025234,60.00018586470059,60.000678007154114,60.00162504002383,60.00303252060927,60.00482065700838,60.00687630777708
-0.09072,60.0,60.00000000008818,60.00000056890573,60.00002465244385,60.00019423266979,60.000702970443655,60.00167564410791,60.00311430466981,60.00493521824647,60.007022178359264
-0.09047999999999999,60.0,60.00000000010013,60.00000061499245,60.00002607665629,60.00020295361339,60.00072878287249,60.00172768391645,60.00319807178933,60.00505219859272,60.00717077303436
-0.09023999999999999,60.0,60.00000000011366,60.0000006646742,60.000027579013505,60.00021204129163,60.00075547056682,60.001781195412065,60.003283863239915,60.005171640429026,60.00732213227496
-0.09,60.0,60.00000000012897,60.000000718219844,60.000029163554395,60.00022150995011,60.00078306035414,60.00183621530855,60.003371720970996,60.005293586683855,60.00747629695968
-0.08975999999999999,60.0,60.0000000001463,60.00000077591749,60.00003083451224,60.00023137433464,60.00081157977841,60.00189278108193,60.00346168761538,60.00541808083401,60.007633308372085
-0.08951999999999999,60.0,60.0000000001659,60.0000008380757,60.000032596323244,60.00024164970655,60.000841057115466,60.00195093098159,60.00355380649526,60.00554516690641,60.00779320819951
-0.08928,60.0,60.00000000018806,60.00000090502487,60.00003445363544,60.00025235185835,60.0008715213886,60.00201070404144,60.003648121628046,60.00567488947959,60.00795603853166
-0.08904,60.0,60.00000000021311,60.00000097711874,60.00003641131795,60.000263497129744,60.00090300238437,60.00207214009104,60.0037446777322,60.00580729368526,60.0081218418592
-0.08879999999999999,60.0,60.000000000241414,60.000001054735925,60.000038474470514,60.00027510242408,60.00093553066855,60.00213527976679,60.003843520232905,60.005942425209525,60.008290661072124
-0.08855999999999999,60.0,60.00000000027338,60.000001138281576,60.00004064843353,60.00028718522512,60.00096913760236,60.00220016452317,60.00394469526767,60.00608033029414,60.008462539458044
-0.08832,60.0,60.000000000309484,60.00000122818912,60.00004293879835,60.00029976361426,60.00100385535885,60.00226683664383,60.00404824969186,60.00622105573753,60.008637520700276
-0.08807999999999999,60.0,60.00000000035023,60.00000132492215,60.000045351418045,60.00031285628814,60.00103971693949,60.002335339252895,60.004154231084044,60.00636464889566,60.008815648875846
-0.08783999999999999,60.0,60.0000000003962,60.00000142897638,60.00004789241853,60.00032648257665,60.0010767561909,60.002405716326074,60.004262687751314,60.006511157682866,60.00899696845334
-0.0876,60.0,60.00000000044806,60.00000154088179,60.00005056821013,60.000340662461305,60.00111500782186,60.002478012701886,60.004373668734395,60.00666063057236,60.009181524290575
-0.08736,60.0,60.00000000050653,60.0000016612048,60.00005338549957,60.00035541659413,60.00115450742041,60.00255227409278,60.004487223812745,60.00681311659673,60.009369361632174
-0.08711999999999999,60.0,60.00000000057244,60.00000179055067,60.0000563513024,60.000370766316884,60.00119529147123,60.00262854709628,60.004603403509385,60.006968665348225,60.009560526106924
-0.08688,60.0,60.0000000006467,60.00000192956601,60.00005947295588,60.00038673368071,60.00123739737308,60.002706879206116,60.00472225909574,60.00712732697882,60.00975506372506
-0.08664,60.0,60.00000000073035,60.00000207894145,60.000062758132366,60.00040334146628,60.00128086345653,60.002787318823266,60.00484384259623,60.00728915220024,60.00995302087532
-0.08639999999999999,60.0,60.00000000082454,60.0000022394144,60.000066214853106,60.00042061320427,60.00132572900175,60.00286991526698,60.00496820679273,60.00745419228367,60.01015444432191
-0.08615999999999999,60.0,60.000000000930555,60.00000241177213,60.000069851502595,60.00043857319636,60.001372034256576,60.00295471878576,60.00509540522896,60.00762249905941,60.01035938120123
-0.08592,60.0,60.00000000104985,60.000002596854856,60.00007367684345,60.00045724653663,60.00141982045464,60.003041780568296,60.00522549221461,60.00779412491626,60.01056787901853
-0.08567999999999999,60.0,60.000000001184034,60.000002795559126,60.000077700031746,60.0004766591334,60.001469129833715,60.0031311527543,60.00535852282939,60.007969122800795,60.010779985644305
-0.08543999999999999,60.0,60.00000000133491,60.00000300884137,60.00008193063295,60.000496837731525,60.001520005654164,60.003222888445286,60.00549455292679,60.00814754621638,60.010995749310624
-0.0852,60.0,60.0000000015045,60.00000323772164,60.0000863786384,60.00051780993513,60.00157249221758,60.0033170417153,60.005633639137855,60.008329449222046,60.011215218607184
-0.08496,60.0,60.000000001695064,60.000003483287614,60.00009105448235,60.00053960423081,60.00162663488555,60.003413667621516,60.00577583887456,60.00851488643115,60.0114384424773
-0.08471999999999999,60.0,60.000000001909115,60.00000374669875,60.000095969059565,60.00056225001125,60.00168248009849,60.00351282221478,60.005921210333184,60.00870391300986,60.01166547021362
-0.08448,60.0,60.00000000214946,60.00000402919078,60.00010113374359,60.000585777599355,60.001740075394714,60.00361456255002,60.00606981249733,60.00889658467537,60.01189635145375
-0.08424,60.0,60.00000000241924,60.00000433208037,60.0001065604056,60.000610218272804,60.00179946942955,60.00371894669657,60.006221705140895,60.009092957694,60.012131136175626
-0.08399999999999999,60.0,60.00000000272196,60.00000465677015,60.00011226143384,60.00063560428905,60.00186071199457,60.00382603374835,60.00637694883071,60.00929308887901,60.01236987469279
-0.08375999999999999,60.0,60.000000003061515,60.000005004753866,60.00011824975381,60.00066196891081,60.00192385403693,60.00393588383397,60.00653560492905,60.00949703558822,60.01261261764939
-0.08352,60.0,60.00000000344226,60.000005377622024,60.000124538849036,60.00068934643202,60.00198894767885,60.00404855812661,60.00669773559585,60.00970485572144,60.01285941601507
-0.08327999999999999,60.0,60.00000000386903,60.00000577706766,60.00013114278255,60.00071777220421,60.00205604623711,60.00416411885388,60.00686340379078,60.00991660771762,60.01311032107965
-0.08303999999999999,60.0,60.00000000434724,60.000006204892614,60.00013807621907,60.0007472826634,60.00212520424265,60.004282629307376,60.007032673275,60.01013235055186,60.013365384447596
-0.0828,60.0,60.00000000488289,60.00000666301395,60.00014535444794,60.0007779153574,60.002196477460316,60.00440415385223,60.00720560861275,60.01035214373204,60.013624658032334
-0.08256,60.0,60.00000000548269,60.00000715347092,60.000152993406665,60.00080970897367,60.00226992290854,60.004528757936356,60.007382275172645,60.010576047295416,60.01388819405035
-0.08231999999999999,60.0,60.00000000615406,60.00000767843219,60.00016100970541,60.000842703367475,60.002345598879145,60.00465650809963,60.007562739128744,60.010804121804796,60.01415604501511
-0.08207999999999999,60.0,60.000000006905296,60.00000824020351,60.00016942065205,60.00087693959068,60.00242356495723,60.00478747198276,60.007747067461324,60.01103642834457,60.01442826373077
-0.08184,60.0,60.000000007745605,60.00000884123579,60.00017824427815,60.00091245992091,60.002503882041005,60.004921718336064,60.007935327957455,60.011273028516456,60.01470490328569
-0.08159999999999999,60.0,60.00000000868522,60.00000948413358,60.0001874993657,60.000949307891155,60.002586612361675,60.00505931702797,60.00812758921122,60.01151398443504,60.01498601704578
-0.08135999999999999,60.0,60.0000000097355,60.000010171664066,60.000197205474635,60.00098752831987,60.00267181950338,60.005200339053324,60.00832392062372,60.011759358723005,60.01527165864759
-0.08112,60.0,60.00000001090909,60.0000109067665,60.00020738297126,60.00102716734153,60.00275956842308,60.005344856541456,60.00852439240275,60.01200921450612,60.01556188199125
-0.08088,60.0,60.00000001221999,60.00001169256213,60.00021805305747,60.0010682724376,60.00284992547047,60.00549294276402,60.008729075562215,60.01226361540801,60.01585674123317
-0.08063999999999999,60.0,60.00000001368376,60.000012532364714,60.00022923780089,60.00111089246796,60.00294295840782,60.00564467214257,60.00893804192123,60.0125226255446,60.01615629077857
-0.0804,60.0,60.00000001531767,60.00001342969144,60.00024096016582,60.001155077702784,60.00303873642985,60.00580012025586,60.009151364102905,60.01278630951831,60.016460585273734
-0.08016,60.0,60.00000001714084,60.00001438827463,60.0002532440452,60.00120087985483,60.003137330183485,60.005959363846905,60.00936911553281,60.01305473241201,60.01676967959816
-0.07991999999999999,60.0,60.0000000191745,60.000015412073836,60.000266114293424,60.00124835211217,60.00323881178759,60.006122480829745,60.00959137043719,60.01332795978266,60.01708362885642
-0.07967999999999999,60.0,60.00000002144215,60.000016505288684,60.000279596760095,60.00129754917136,60.00334325485265,60.006289550295875,60.00981820384073,60.013606057654656,60.01740248836981
-0.07944,60.0,60.00000002396983,60.000017672372365,60.000293718324755,60.001348527271006,60.00345073450029,60.006460652520445,60.010049691564085,60.01388909251299,60.017726313667836
-0.07919999999999999,60.0,60.00000002678639,60.00001891804577,60.00030850693259,60.00140134422569,60.003561327382755,60.00663586896808,60.01028591022104,60.01417713129598,60.018055160479456
-0.07895999999999999,60.0,60.00000002992372,60.00002024731234,60.00032399163113,60.001456059460416,60.00367511170228,60.00681528229839,60.0105269372153,60.01447024138783,60.01838908472412
-0.07872,60.0,60.00000003341716,60.000021665473724,60.0003402026079,60.00151273404532,60.00379216723023,60.00699897637112,60.01077285073697,60.01476849061084,60.01872814250256
-0.07848,60.0,60.00000003730575,60.00002317814612,60.00035717122918,60.00157143073083,60.00391257532625,60.00718703625101,60.0110237297586,60.01507194721733,60.01907239008741
-0.07823999999999999,60.0,60.0000000416327,60.00002479127753,60.000374930079765,60.001632213983186,60.004036418957085,60.00737954821223,60.01127965403097,60.01538067988126,60.01942188391358
-0.078,60.0,60.000000046445734,60.00002651116579,60.00039351300372,60.00169515002032,60.00416378271535,60.00757659974242,60.011540704078385,60.0156947576896,60.01977668056844
-0.07776,60.0,60.00000005179758,60.00002834447749,60.0004129551463,60.00176030684808,60.004294752838035,60.007778279546436,60.011806961193656,60.016014250133296,60.02013683678174
-0.07751999999999999,60.0,60.00000005774649,60.00003029826785,60.00043329299691,60.001827754296755,60.004429417224806,60.007984677549594,60.012078507432705,60.01633922709801,60.020502409415336
-0.07727999999999999,60.0,60.000000064356755,60.000032380001535,60.00045456443313,60.001897564058034,60.004567865456096,60.008195884900545,60.012355425608696,60.01666975885451,60.02087345545271
-0.07704,60.0,60.00000007169934,60.00003459757445,60.0004768087659,60.0019698097221,60.00471018881091,60.008411993973766,60.012637799285855,60.017005916048795,60.02125003198824
-0.0768,60.0,60.000000079852526,60.00003695933658,60.00050006678586,60.002044566815215,60.004856480284445,60.008633098371504,60.01292571277282,60.01734776969183,60.02163219621629
-0.07655999999999999,60.0,60.00000008890263,60.00003947411597,60.000524380810674,60.00212191283741,60.00500683460528,60.008859292925386,60.013219251115615,60.017695391149005,60.02202000542
-0.07632,60.0,60.000000098944824,60.00004215124371,60.000549794733715,60.00220192730056,60.00516134825244,60.00909067369751,60.01351850009016,60.018048852129304,60.02241351695997
-0.07608,60.0,60.00000011008396,60.0000450005802,60.00057635407373,60.00228469176666,60.00532011947198,60.00932733798102,60.013823546194395,60.01840822467407,60.0228127882626
-0.07583999999999999,60.0,60.00000012243554,60.000048032542566,60.00060410602581,60.00237028988628,60.005483248293324,60.00956938430032,60.01413447663995,60.018773581145524,60.02321787680828
-0.07559999999999999,60.0,60.000000136126744,60.00005125813336,60.00063309951344,60.00245880743735,60.00565083654519,60.00981691241063,60.014451379343384,60.01914499421492,60.02362884011937
-0.07536,60.0,60.00000015129756,60.00005468897057,60.00066338524182,60.002550332364,60.0058229878712,60.010070023297125,60.01477434291695,60.019522536850346,60.0240457357479
-0.07511999999999999,60.0,60.00000016810202,60.000058337318954,60.00069501575233,60.00264495481568,60.00599980774494,60.01032881917357,60.01510345665894,60.019906282304255,60.02446862126308
-0.07487999999999999,60.0,60.000000186709514,60.00006221612285,60.00072804547821,60.00274276718634,60.006181403484824,60.01059340348032,60.01543881054358,60.02029630410062,60.024897554238606
-0.07464,60.0,60.0000002073063,60.00006633904037,60.00076253080154,60.00284386415382,60.00636788426825,60.01086388088182,60.015780495210386,60.02069267602174,60.02533259223971
-0.0744,60.0,60.00000023009707,60.0000707204792,60.00079853011127,60.00294834271924,60.00655936114551,60.011140357263585,60.01612860195316,60.02109547209475,60.02577379280997
-0.07415999999999999,60.0,60.000000255306716,60.000075375633855,60.00083610386265,60.003056302246605,60.00675594705307,60.011422939728504,60.01648322270844,60.021504766577785,60.02622121345803
-0.07392,60.0,60.000000283182196,60.00008032052468,60.0008753146378,60.0031678445023,60.00695775682642,60.01171173659263,60.01684445004344,60.02192063394575,60.02667491164388
-0.07368,60.0,60.000000313994626,60.00008557203845,60.00091622720749,60.00328307369475,60.00716490721229,60.012006857380364,60.01721237714361,60.022343148875834,60.02713494476513
-0.07343999999999999,60.0,60.00000034804151,60.00009114797074,60.000958908594235,60.00340209651402,60.00737751688047,60.01230841281894,60.01758709779958,60.022772386232624,60.02760137014294
-0.07319999999999999,60.0,60.00000038564922,60.00009706707012,60.00100342813656,60.003525022171374,60.00759570643483,60.012616514832395,60.0179687063937,60.0232084210529,60.02807424500775
-0.07296,60.0,60.000000427175614,60.00010334908418,60.001049857554506,60.003651962438795,60.00781959842394,60.01293127653481,60.01835729788606,60.023651328530036,60.02855362648486
-0.07271999999999999,60.0,60.00000047301296,60.000110014807476,60.001098271016396,60.00378303168845,60.008049317350974,60.01325281222294,60.01875296779993,60.024101183998155,60.029039571579695
-0.07247999999999999,60.0,60.00000052359107,60.00011708613152,60.001148745206784,60.003918346931954,60.008284989682885,60.013581237368165,60.01915581220676,60.02455806291584,60.02953213716293
-0.07224,60.0,60.0000005793807,60.00012458609677,60.001201359395665,60.00405802785959,60.008526743859036,60.013916668607756,60.019565927710715,60.02502204084954,60.03003137995539
-0.072,60.0,60.00000064089729,60.00013253894674,60.00125619550887,60.004202196879234,60.00877471029906,60.01425922373543,60.0199834114325,60.02549319345668,60.03053735651269
-0.07175999999999999,60.0,60.000000708704945,60.00014097018434,60.00131333819969,60.004350979155156,60.00902902140998,60.014609021691264,60.02040836099288,60.02597159646829,60.03105012320974
-0.07152,60.0,60.000000783420845,60.000149906630455,60.00137287492164,60.004504502646505,60.00928981159261,60.014966182550815,60.02084087449552,60.02645732567143,60.03156973622498
-0.07128,60.0,60.00000086571994,60.000159376484795,60.00143489600253,60.00466289814553,60.009557217247156,60.015330827513544,60.02128105050935,60.02695045689119,60.03209625152445
-0.07103999999999999,60.0,60.00000095634009,60.00016940938923,60.001499494719525,60.004826299315496,60.009831376778,60.01570307889051,60.0217289880504,60.02745106597238,60.032629724845606
-0.07079999999999999,60.0,60.00000105608762,60.00018003649351,60.001566767375536,60.004994842728195,60.01011243059772,60.0160830600913,60.02218478656303,60.027959228760814,60.03317021168101
-0.07056,60.0,60.00000116584335,60.000191290523574,60.001636813376635,60.005168667901046,60.01040052113013,60.01647089561017,60.02264854590073,60.028475021084354,60.03371776726174
-0.07032,60.0,60.0000012865691,60.00020320585243,60.001709735310605,60.00534791733383,60.01069579281257,60.01686671101143,60.023120366306244,60.0289985187335,60.034272446540655
-0.07007999999999999,60.0,60.00000141931473,60.00021581857375,60.001785639026636,60.00553273654483,60.0109983920972,60.017270632914084,60.02360034839124,60.0295297974417,60.03483430417542
-0.06984,60.0,60.000001565225745,60.00022916657819,60.001864633716046,60.005723274106515,60.01130846745141,60.01768278897554,60.02408859311537,60.0300689328653,60.035403394511405
-0.0696,60.0,60.000001725551584,60.000243289632536,60.00194683199404,60.00591968168066,60.0116261693572,60.01810330787467,60.02458520176482,60.03061600056316,60.035979771564314
-0.06935999999999999,60.0,60.000001901654464,60.000258229461814,60.002032349982535,60.00612211405277,60.01195165030965,60.018532319293925,60.02509027593024,60.03117107597593,60.03656348900268
-0.06911999999999999,60.0,60.00000209501904,60.00027402983429,60.00212130739393,60.00633072916594,60.012285064814314,60.01896995390067,60.025603917484176,60.031734234404965,60.03715460013015
-0.06888,60.0,60.00000230726275,60.00029073664956,60.00221382761583,60.00654568815395,60.01262656938363,60.0194163433277,60.026126228557914,60.03230555099095,60.03775315786762
-0.06863999999999999,60.0,60.00000254014703,60.00030839802982,60.00231003779675,60.00676715537359,60.012976322532154,60.019871620152784,60.02665731151774,60.03288510069212,60.03835921473511
-0.06839999999999999,60.0,60.0000027955894,60.00032706441423,60.0024100689326,60.00699529843625,60.013334484770866,60.020335917877524,60.02719726894066,60.033472958262244,60.03897282283359
-0.06816,60.0,60.00000307567649,60.00034678865664,60.0025140559541,60.0072302882386,60.01370121860015,60.020809370905184,60.02774620358959,60.03406919822818,60.03959403382651
-0.06792,60.0,60.00000338267805,60.00036762612665,60.002622137814974,60.00747229899235,60.014076688501795,60.02129211451773,60.028304218387845,60.03467389486719,60.04022289892122
-0.06767999999999999,60.0,60.00000371906211,60.00038963481406,60.00273445758083,60.00772150825311,60.01446106092973,60.0217842848519,60.02887141639325,60.035287122183846,60.04085946885025
-0.06744,60.0,60.00000408751123,60.00041287543686,60.00285116251885,60.007978096948236,60.014854504299585,60.022286018874446,60.02944790077151,60.03590895388669,60.041503793852335
-0.0672,60.0,60.00000449094003,60.00043741155275,60.002972404188064,60.00824224940354,60.015257188976975,60.022797454356464,60.03003377476913,60.03653946336452,60.042155923653404
-0.06695999999999999,60.00000000000001,60.00000493251404,60.00046330967437,60.00309833853023,60.008514153368985,60.01566928726459,60.02331872984669,60.030629141685694,60.037178723662414,60.042815907447306
-0.06671999999999999,60.00000000000001,60.00000541566996,60.00049063938814,60.00322912596128,60.00879400004317,60.01609097338798,60.023849984644045,60.031234104845616,60.037826807457385,60.04348379387643
-0.06648,60.00000000000001,60.00000594413746,60.000519473476956,60.003364931463246,60.00908198409654,60.01652242347999,60.0243913587691,60.031848767569336,60.03848378703377,60.04415963101223
-0.06624,60.00000000000001,60.00000652196256,60.00054988804674,60.00350592467657,60.009378303693396,60.016963815563905,60.02494299293467,60.03247323314387,60.03914973425827,60.04484346633547
-0.06599999999999999,60.00000000000001,60.00000715353274,60.00058196265683,60.003652279992785,60.00968316051253,60.01741532953522,60.025505028515454,60.0331076047929,60.03982472055476,60.04553534671651
-0.06576,60.000000000000014,60.00000784360395,60.00061578045443,60.00380417664755,60.009996759766416,60.017877147142,60.02607760751669,60.033751985646255,60.04050881687876,60.0462353183953
-0.06552,60.000000000000014,60.0000085973295,60.00065142831306,60.003961798813755,60.01031931021903,60.01834945196388,60.0266608725419,60.03440647870878,60.04120209369159,60.04694342696132
-0.06527999999999999,60.00000000000002,60.0000094202911,60.000688996975086,60.004125335694894,60.01065102420212,60.01883242938952,60.02725496675961,60.03507118682877,60.041904620934254,60.04765971733342
-0.06504,60.00000000000003,60.0000103185321,60.00072858119846,60.00429498161843,60.010992117629826,60.01932626659273,60.02786003386911,60.0357462126657,60.04261646800111,60.048384233739476
-0.0648,60.000000000000036,60.000011298593115,60.000770279907584,60.004470936129124,60.01134281001178,60.01983115250698,60.028476218065315,60.03643165865753,60.043337703713156,60.049117019695984
-0.06455999999999999,60.00000000000004,60.00001236755018,60.00081419634856,60.004653404082305,60.01170332446446,60.02034727779853,60.029103664002506,60.037127626987385,60.04406839629114,60.0498581179875
-0.06431999999999999,60.00000000000006,60.00001353305553,60.00086043824859,60.0048425957369,60.012073887720724,60.020874834837855,60.02974251675723,60.037834219549715,60.04480861332829,60.05060757064602
-0.06408,60.00000000000007,60.00001480338132,60.00090911797987,60.0050387268482,60.01245473013762,60.02141401766968,60.03039292179008,60.038551537915914,60.04555842176295,60.05136541893025
-0.06384,60.00000000000009,60.000016187466294,60.00096035272779,60.00524201876018,60.01284608570221,60.021965021981295,60.03105502490659,60.03927968329939,60.04631788785076,60.05213170330476
-0.06359999999999999,60.000000000000114,60.000017694965706,60.001014264663546,60.0054526984974,60.01324819203555,60.02252804506937,60.03172897221707,60.04001875652011,60.047087077136794,60.052906463419056
-0.06336,60.00000000000014,60.000019336304646,60.00107098112128,60.00567099885631,60.01366129039455,60.023103285805064,60.03241491009547,60.04076885796862,60.04786605442728,60.053689738086604
-0.06312,60.000000000000185,60.00002112273496,60.00113063477967,60.00589715849579,60.01408562567183,60.02369094459751,60.033112985137244,60.041530087569555,60.04865488376119,60.05448156526375
-0.06287999999999999,60.00000000000023,60.000023066396004,60.00119336384798,60.00613142202696,60.014521446393395,60.02429122335565,60.03382334411623,60.04230254474457,60.049453628381585,60.05528198202855
-0.06264,60.00000000000029,60.0000251803795,60.00125931225668,60.00637404010205,60.0149690047141,60.02490432544834,60.03454613394047,60.04308632837486,60.050262350706696,60.05609102455962
-0.0624,60.00000000000037,60.000027478798614,60.00132862985257,60.006625269502194,60.01542855641086,60.025530455662796,60.03528150160712,60.04388153676308,60.05108111230084,60.056908728114784
-0.06215999999999999,60.00000000000047,60.00002997686162,60.00140147259847,60.006885373224115,60.015900360873545,60.02616982016125,60.03602959415632,60.044688267594836,60.051909973845135,60.05773512700982
-0.061919999999999996,60.00000000000059,60.000032690950356,60.001478002777354,60.007154620565515,60.01638468109339,60.026822626435894,60.03679055862401,60.045506617899655,60.052748995107905,60.05857025459709
-0.06167999999999999,60.00000000000074,60.00003563870374,60.00155838920111,60.00743328720905,60.01688178364901,60.02748908326205,60.03756454199389,60.04633668401147,60.05359823491509,60.05941414324412
-0.061439999999999995,60.00000000000093,60.0000388391067,60.001642807423714,60.00772165530476,60.01739193868987,60.028169400649574,60.03835169114822,60.04717856152863,60.054457751120296,60.06026682431216
-0.0612,60.00000000000117,60.00004231258466,60.00173143995894,60.00802001355086,60.01791541991712,60.028863789792425,60.0391521528178,60.04803234527349,60.05532760057472,60.06112832813475
-0.06095999999999999,60.00000000000148,60.0000460811041,60.00182447650245,60.00832865727267,60.018452504561786,60.02957246301644,60.039966073530806,60.04889812925144,60.056207839097,60.06199868399623
-0.060719999999999996,60.000000000001855,60.00005016827932,60.00192211415838,60.00864788849962,60.01900347336027,60.03029563372529,60.04079359956078,60.049776006609626,60.05709852144276,60.06287792011027
-0.06047999999999999,60.00000000000233,60.0000545994859,60.00202455767017,60.00897801604015,60.01956861052699,60.03103351634458,60.04163487687355,60.05066606959508,60.057999701274106,60.06376606359832
-0.060239999999999995,60.00000000000292,60.00005940198105,60.002132019655754,60.009319355554425,60.02014820372418,60.031786326264076,60.04249005107324,60.05156840951257,60.05891143112896,60.064663140468205
-0.06,60.00000000000366,60.00006460503139,60.002244720847,60.0096722296245,60.02074254402884,60.03255427977813,60.04335926734727,60.05248311668189,60.05983376239026,60.065569175592586
-0.059759999999999994,60.00000000000458,60.00007024004841,60.00236289033323,60.01003696782212,60.02135192589659,60.03333759402413,60.04424267041045,60.05341028039486,60.06076674525502,60.06648419268751
-0.059519999999999997,60.000000000005734,60.000076340732,60.00248676580884,60.01041390677367,60.02197664712254,60.03413648691916,60.04514040444807,60.05434998887186,60.0617104287033,60.06740821429098
-0.05927999999999999,60.00000000000716,60.00008294322258,60.00261659382487,60.01080339022234,60.022617008799095,60.034951177094676,60.046052613058116,60.055302329217994,60.06266486046707,60.06834126174155
-0.059039999999999995,60.00000000000894,60.000090086262105,60.00275263004446,60.01120576908723,60.02327331527047,60.03578188382936,60.04697943919249,60.056267387378895,60.06363008699901,60.069283355156955
-0.0588,60.00000000001115,60.00009781136447,60.002895139502,60.01162140151923,60.0239458740841,60.03662882698,60.04792102509735,60.05724524809613,60.064606153441154,60.07023451341279
-0.058559999999999994,60.0000000000139,60.00010616299575,60.003044396865874,60.01205065295356,60.02463499593868,60.03749222691047,60.04887751225254,60.05823599486233,60.06559310359355,60.07119475412127
-0.05832,60.0000000000173,60.00011518876471,60.00320068670468,60.012493896158794,60.02534099462891,60.03837230441884,60.04984904131008,60.059239709875875,60.0665909798828,60.07216409361001
-0.05807999999999999,60.00000000002152,60.000124939624136,60.00336430375676,60.01295151128209,60.02606418698677,60.03926928066247,60.05083575203185,60.06025647399538,60.067599823330575,60.073142546900904
-0.057839999999999996,60.000000000026745,60.0001354700834,60.00353555320282,60.01342388589063,60.026804892819435,60.040183377081235,60.05183778322631,60.06128636669375,60.06861967352211,60.07413012768907
-0.0576,60.00000000003321,60.000146838432784,60.00371475094151,60.01391141500889,60.02756343484356,60.04111481531884,60.052855272684425,60.06232946601205,60.0696505685746,60.07512684832191
-0.057359999999999994,60.0000000000412,60.000159106980185,60.00390222386774,60.01441450115173,60.02834013861607,60.042063817142186,60.053888357114715,60.063385848513015,60.07069254510571,60.07613271977823
-0.05712,60.00000000005106,60.0001723423006,60.00409831015358,60.01493355435298,60.02913533246136,60.04303060435877,60.054937172077466,60.064455589234335,60.07174563820191,60.077147751647495
-0.05687999999999999,60.000000000063224,60.00018661549905,60.004303359531356,60.015468992189476,60.02994934739468,60.04401539873226,60.0560018519182,60.065538761641676,60.072809881386995,60.078171952109166
-0.056639999999999996,60.000000000078224,60.000202002487406,60.00451773357895,60.01602123980022,60.030782517041985,60.04501842189606,60.0570825297002,60.06663543758146,60.0738853065905,60.07920532791216
-0.05639999999999999,60.00000000009669,60.00021858427585,60.00474180600683,60.016590729900564,60.03163517755588,60.046039895265025,60.058179337136444,60.06774568723347,60.07497194411617,60.08024788435452
-0.056159999999999995,60.000000000119414,60.00023644727939,60.004975962946595,60.01717790279122,60.03250766752778,60.04708003994525,60.05929240452061,60.068869579063175,60.07606982261055,60.08129962526305
-0.05592,60.00000000014734,60.00025568364016,60.005220603240886,60.01778320636183,60.03340032789629,60.04813907664197,60.06042186065744,60.07000717977395,60.077178969031515,60.0823605529733
-0.05567999999999999,60.00000000018163,60.00027639156605,60.005476138734146,60.01840709608901,60.03431350185157,60.04921722556556,60.06156783279232,60.07115855425908,60.07829940861696,60.083430668309546
-0.055439999999999996,60.00000000022371,60.00029867568629,60.00574299456403,60.0190500350286,60.03524753473584,60.05031470633571,60.062730446540236,60.07232376555363,60.07943116485353,60.08450997056504
-0.05519999999999999,60.00000000027528,60.000322647424746,60.0060216094532,60.01971249380196,60.03620277393987,60.05143173788368,60.06390982581395,60.07350287478616,60.08057425944548,60.08559845748233
-0.054959999999999995,60.00000000033843,60.0003484253913,60.00631243600092,60.02039495057607,60.03717956879551,60.05256853835277,60.06510609275159,60.07469594113039,60.081728712283564,60.086696125233885
-0.05472,60.00000000041571,60.00037613579232,60.00661594097438,60.02109789103728,60.03817827046407,60.05372532499691,60.06631936764359,60.0759030217567,60.08289454141416,60.08780296840281
-0.054479999999999994,60.00000000051016,60.000405912860536,60.006932605599104,60.02182180835854,60.039199231820774,60.05490231407748,60.06754976885898,60.07712417178356,60.08407176300844,60.08891897996379
-0.05424,60.00000000062552,60.000437899305204,60.00726292584819,60.02256720315984,60.040242807334955,60.056099720758326,60.06879741277117,60.078359444228965,60.08526039133171,60.09004415126427
-0.05399999999999999,60.00000000076626,60.000472246783204,60.00760741272992,60.02333458346169,60.041309352946215,60.057317758999005,60.07006241368306,60.079608889961754,60.086460438712926,60.09117847200581
-0.053759999999999995,60.00000000093784,60.00050911639155,60.00796659257329,60.02412446463149,60.04239922593643,60.05855664144631,60.07134488375171,60.080872557652974,60.0876719155144,60.09232193022569
-0.05352,60.0000000011468,60.00054867918225,60.00834100731102,60.024937369322565,60.043512784797535,60.059816579324014,60.07264493291248,60.08215049372721,60.088894830101644,60.09347451227873
-0.053279999999999994,60.000000001401055,60.000591116699994,60.00873121475953,60.02577382740562,60.04465038909516,60.061097782321,60.07396266880264,60.08344274231396,60.09012918881344,60.09463620281942
-0.05304,60.00000000171014,60.00063662154335,60.009137788895494,60.02663437589251,60.04581239932804,60.06240045847767,60.07529819668459,60.08474934519903,60.09137499593218,60.0958069847842
-0.05279999999999999,60.000000002085535,60.0006853979502,60.00956132012829,60.02751955885213,60.04699917678322,60.06372481407071,60.076651619368604,60.08607034177601,60.09263225365434,60.096986839374054
-0.052559999999999996,60.00000000254104,60.000737662408,60.01000241556803,60.02842992731808,60.04821108338702,60.06507105349632,60.07802303713524,60.087405768997854,60.09390096206126,60.09817574603742
-0.05232,60.00000000309326,60.0007936442895,60.010461699288435,60.029366039188226,60.049448481551806,60.06643937915177,60.07941254765731,60.08875566132856,60.095181119090206,60.09937368245328
-0.052079999999999994,60.00000000376209,60.00085358651462,60.010939812584056,60.030328459115616,60.05071173401849,60.067829991315506,60.08082024592163,60.09012005069494,60.09647272050563,60.100580624514656
-0.05184,60.000000004571426,60.000917746238926,60.01143741422139,60.03131775839085,60.052001203694836,60.06924308802572,60.08224622415032,60.09149896643862,60.09777575987079,60.10179654631228
-0.05159999999999999,60.00000000554987,60.0009863955695,60.011955180683024,60.03233451481557,60.05331725348951,60.07067886495746,60.08369057172198,60.09289243526815,60.099090228519636,60.10302142011866
-0.051359999999999996,60.00000000673168,60.00105982230861,60.01249380640445,60.03337931256698,60.054660246141964,60.07213751529828,60.08515337509258,60.09430048121133,60.10041611552901,60.104255216372465
-0.05112,60.000000008157805,60.00113833072583,60.013054004002804,60.03445274205319,60.05603054404805,60.07361922962262,60.086634717716116,60.095723125567815,60.10175340769121,60.10549790366316
-0.050879999999999995,60.00000000987716,60.001222242358985,60.01363650449681,60.035555399759176,60.05742850908152,60.07512419576472,60.08813467996516,60.09716038686187,60.10310208948689,60.106749448716045
-0.05064,60.00000001194814,60.00131189684458,60.01424205751744,60.03668788808329,60.058854502411315,60.07665259869033,60.089653339051246,60.0986122807955,60.104462143058264,60.10800981637764
-0.05039999999999999,60.00000001444033,60.00140765277803,60.014871431508475,60.03785081516409,60.06030888431475,60.07820462036713,60.091190768945204,60.10007882020176,60.1058335481828,60.10927896960134
-0.050159999999999996,60.00000001743667,60.00150988860412,60.015525413916244,60.03904479469736,60.06179201398655,60.079780439634,60.092747040297404,60.101560014998476,60.1072162822472,60.11055686943355
-0.04991999999999999,60.00000002103579,60.00161900353812,60.016204811368006,60.040270445743175,60.063304249343794,60.08138023206909,60.094322220358016,60.103055872142285,60.108610320221835,60.11184347500009
-0.049679999999999995,60.000000025354986,60.00173541851773,60.01691044983805,60.041528392522864,60.06484594682691,60.08300416985687,60.095916372897264,60.10456639558303,60.11001563463561,60.11313874349303
-0.04944,60.00000003053353,60.001859577186366,60.017643174800874,60.04281926420573,60.06641746119654,60.08465242165408,60.09752955812577,60.106091586218504,60.111432195551224,60.11444263015791
-0.049199999999999994,60.000000036736665,60.00199194690767,60.01840385137065,60.04414369468547,60.06801914532654,60.08632515245473,60.09916183261499,60.10763144184975,60.11285997054094,60.11575508828133
-0.04896,60.00000004416026,60.00213301981169,60.01919336442629,60.045502322345996,60.06965134999301,60.08802252345418,60.10081324921781,60.10918595713662,60.11429892466275,60.11707606917899
-0.04871999999999999,60.00000005303623,60.002283313872596,60.020012618721225,60.04689578981679,60.07131442365952,60.08974469191237,60.102483856989274,60.11075512355392,60.115749020437086,60.118405522184105
-0.048479999999999995,60.00000006363892,60.002443374018114,60.02086253897713,60.04832474371746,60.07300871225851,60.091491811016226,60.104173701107634,60.11233892934807,60.11721021782397,60.119743394636245
-0.04824,60.00000007629255,60.00261377327045,60.02174406996087,60.049789834391525,60.07473455896893,60.093264029741306,60.10588282279557,60.11393735949414,60.11868247420074,60.12108963187064
-0.047999999999999994,60.00000009137988,60.002795113918694,60.022658176543814,60.05129171562937,60.076492303990236,60.095061492712865,60.10761125924181,60.115550395653585,60.120165744340234,60.12244417720789
-0.04776,60.00000010935236,60.002988028722385,60.02360584374261,60.05283104438007,60.07828228431283,60.09688434006624,60.109359043523,60.117178016132485,60.121659980389545,60.12380697194412
-0.04751999999999999,60.00000013074192,60.00319318214598,60.02458807674075,60.05440848045236,60.08010483348488,60.098732707306674,60.111126204526094,60.11882019584032,60.123165131849355,60.125177955341655
-0.047279999999999996,60.00000015617471,60.00341127162375,60.02560590089003,60.056024686204346,60.08196028137579,60.1006067251688,60.11291276687112,60.12047690624949,60.12468114555378,60.12655706462006
-0.04704,60.00000018638703,60.00364302885464,60.02666036169095,60.05768032622212,60.083848953936275,60.10250651947558,60.11471875083439,60.122148115355394,60.12620796565084,60.12794423494772
-0.046799999999999994,60.00000022224387,60.00388922112641,60.02775252475146,60.059376066987156,60.085771172955134,60.10443221099705,60.11654417227239,60.123833787637174,60.12774553358354,60.12933939943391
-0.04656,60.00000026476041,60.00415065266838,60.02888347572295,60.06111257653246,60.08772725581292,60.10638391530869,60.118389042546085,60.12553388401923,60.12929378807152,60.13074248912128
-0.04631999999999999,60.00000031512687,60.004428166031865,60.0300543202128,60.062890524087436,60.08971751523252,60.108361742649805,60.12025336844593,60.12724836183339,60.13085266509336,60.13215343297895
-0.046079999999999996,60.000000374737326,60.004722643497345,60.0312661836726,60.06471057971153,60.09174225902671,60.11036579778162,60.122137152117595,60.12897717478186,60.13242209786951,60.133572157895976
-0.04584,60.00000044522301,60.005035008507285,60.03252021126116,60.06657341391652,60.09380178984292,60.11239617984549,60.1240403909883,60.130720272900966,60.134002016845905,60.13499858867545
-0.045599999999999995,60.00000052849075,60.005366227123254,60.03381756768151,60.06847969727763,60.09589640490523,60.11445298222116,60.12596307769401,60.13247760252564,60.13559234967822,60.13643264802903
-0.04536,60.00000062676728,60.005717309506124,60.035159436991066,60.07043010003329,60.09802639575373,60.11653629238516,60.12790520000741,60.134249106254806,60.13719302121683,60.137874256572054
-0.04511999999999999,60.00000074265032,60.00608931141768,60.036547022384,60.072425291673824,60.10019204798136,60.11864619176942,60.12986674076672,60.13603472291757,60.13880395349242,60.13932333281916
-0.044879999999999996,60.00000087916739,60.006483335741954,60.03798154594519,60.07446594051883,60.102393640968465,60.120782755620255,60.13184767780546,60.137834387540316,60.14042506570239,60.14077979318046
-0.04464,60.0000010398433,60.00690053402459,60.03946424837477,60.07655271328362,60.10463144761497,60.12294605285774,60.13384798388314,60.139648031314685,60.142056274197884,60.14224355195822
-0.044399999999999995,60.00000122877781,60.00734210802802,60.0409963886825,60.0786862746345,60.106905734070565,60.12513614593556,60.13586762661698,60.141475581566496,60.14369749247167,60.14371452134419
-0.04416,60.000001450734565,60.00780931130049,60.04257924385124,60.080867286733195,60.109216759462875,60.127353090701504,60.13790656841466,60.14331696172564,60.14534863114662,60.145192611417386
-0.043919999999999994,60.00000171124304,60.00830345075643,60.04421410846866,60.08309640877044,60.111564775623826,60.12959693625855,60.13996476640819,60.14517209129693,60.14700959796514,60.146677730142514
-0.04368,60.00000201671516,60.00882588826578,60.04590229432642,60.085374296488794,60.113950026814365,60.13186772482683,60.14204217238896,60.147040885831956,60.1486802977792,60.14816978336892
-0.04344,60.000002374578685,60.00937804224945,60.047645129986144,60.08770160169495,60.116372749447635,60.13416549160635,60.144138732743905,60.14892325690201,60.15036063254127,60.149668674830195
-0.043199999999999995,60.00000279342943,60.00996138927816,60.049443960311415,60.090078971761564,60.11883317181085,60.13649026464076,60.14625438839301,60.150819112072,60.152050501295996,60.151174306144235
-0.04296,60.000003283204826,60.010577465671496,60.051300145964994,60.092507049118765,60.121331513785954,60.1388420646821,60.14838907472808,60.15272835487553,60.153749800172726,60.15268657681406
-0.042719999999999994,60.00000385538174,60.01122786909396,60.05321506287079,60.09498647073565,60.12386798656932,60.14122090505675,60.150542721552846,60.154650884790996,60.15545842237883,60.15420538422908
-0.04248,60.00000452320145,60.011914260144565,60.05519010163968,60.097517867591776,60.126442792390534,60.14362679153259,60.152715253024475,60.15658659721889,60.15717625819389,60.155730623667075
-0.04224,60.00000530192534,60.012638363936304,60.05722666695872,60.100101864139006,60.129056124230615,60.146059722187516,60.15490658759655,60.15853538346021,60.15890319496471,60.15726218829671
-0.041999999999999996,60.00000620912527,60.01340197166169,60.05932617694307,60.10273907775381,60.13170816553969,60.14851968727942,60.15711663796351,60.16049713069605,60.160639117101184,60.1587999691807
-0.04176,60.00000726501257,60.014206942140234,60.06149006245005,60.105430118180365,60.13439908995446,60.15100666911764,60.159345311006646,60.16247172196841,60.16238390607307,60.160343855279606
-0.041519999999999994,60.000008492810885,60.01505520334369,60.06371976635486,60.108175586964634,60.13712906101544,60.15352064193615,60.1615925077417,60.16445903616223,60.164137440407615,60.161893733456196
-0.04128,60.00000991917773,60.01594875389463,60.066016742787355,60.110976076879695,60.1398982318845,60.1560615717684,60.16385812326808,60.166458947988616,60.16589959568807,60.16344948848054
-0.04103999999999999,60.00001157468085,60.01688966453354,60.06838245632951,60.11383217134265,60.14270674506251,60.15862941632405,60.16614204671979,60.16847132796944,60.16767024455312,60.16501100303559
-0.040799999999999996,60.0000134943358,60.017880079549876,60.07081838117308,60.1167444438234,60.14555473210763,60.16122412486762,60.16844416121809,60.17049604242313,60.169449256697234,60.16657815772354
-0.04056,60.0000157182118,60.018922218171696,60.07332600023713,60.11971345724553,60.14844231335422,60.16384563809924,60.17076434382591,60.17253295345181,60.1712364988719,60.16815083107277
-0.040319999999999995,60.0000182921138,60.02001837590883,60.075906804245,60.122739763379805,60.15136959763274,60.16649388803743,60.173102465504115,60.17458191892975,60.173031834887844,60.16972889954539
-0.04008,60.00002126834947,60.02117092584413,60.07856229076057,60.1258239022304,60.15433668199075,60.16916879790427,60.17545839106969,60.17664279249328,60.174835125618145,60.17131223754549
-0.039839999999999993,60.00002470659043,60.022382319867056,60.08129396318339,60.128966401414445,60.15734365141528,60.17187028201283,60.17783197915574,60.178715423531884,60.176646229002294,60.17290071742805
-0.039599999999999996,60.00002867483839,60.023655089843885,60.08410332970266,60.132167775535144,60.16039057855677,60.17459824565707,60.180223082173576,60.180799657180856,60.17846500005128,60.17449420950845
-0.03936,60.0000332505074,60.024991848718486,60.086991902209746,60.13542852554887,60.1634775234548,60.17735258500434,60.18263154627675,60.18289533431532,60.18029129085356,60.176092582072684
-0.039119999999999995,60.000038521634835,60.026395291537504,60.08996119516935,60.13874913812672,60.16660453326587,60.18013318699046,60.185057211327134,60.18500229154562,60.182124950582,60.17769570138822
-0.03888,60.00004458823465,60.02786819639356,60.09301272444907,60.14213008501092,60.16977164199339,60.18293992921767,60.18749991086317,60.18712036121428,60.18396582550191,60.17930343171548
-0.038639999999999994,60.0000515638078,60.029413425280026,60.09614800610755,60.14557182236646,60.17297887022024,60.18577267985532,60.1899594720702,60.18924937139432,60.1858137589799,60.18091563532012
-0.0384,60.00005957702584,60.031033924850654,60.09936855514128,60.149074790128594,60.17622622484395,60.18863129754365,60.192435715753014,60.19138914588912,60.18766859149387,60.18253217248576
-0.03816,60.000068773605285,60.03273272707729,60.1026758841901,60.15263941134648,60.17951369881492,60.19151563130056,60.19492845631064,60.1935395042338,60.18953016064392,60.1841529015276
-0.037919999999999995,60.000079318391684,60.034512949798675,60.10607150220175,60.1562660915236,60.182841270877795,60.194425520431544,60.19743750171339,60.19570026169808,60.191398301164305,60.185777678806566
-0.03768,60.000091397673785,60.036377797153385,60.109556913055684,60.15995521795542,60.186208905316285,60.19736079444296,60.1999626534822,60.19787122929068,60.19327284493636,60.187406358744184
-0.037439999999999994,60.00010522174992,60.03833055988959,60.113133614146435,60.16370715906485,60.18961655170169,60.200321272958604,60.202503706670406,60.20005221376534,60.195153621002504,60.18903879383811
-0.0372,60.00012102777046,60.040374615544486,60.11680309492715,60.1675222637359,60.19306414464531,60.20330676563981,60.205060449847785,60.202243017628284,60.19704045558119,60.190674834678326
-0.03696,60.00013908288177,60.04251342848601,60.12056683541349,60.17140086064633,60.19655160355507,60.20631707210904,60.207632665087154,60.2044434391474,60.19893317208295,60.192314329964034
-0.036719999999999996,60.000159687699096,60.04475054980938,60.12442630464875,60.17534325759964,60.20007883239654,60.209351981877234,60.21022012795337,60.20665327236291,60.20083159112744,60.19395712652119
-0.03648,60.00018318013761,60.04708961708109,60.12838295913065,60.17934974085714,60.2036457194586,60.21241127427485,60.212822607494836,60.2088723070997,60.20273553056148,60.19560306932076
-0.036239999999999994,60.00020993963294,60.04953435392278,60.1324382412005,60.18342057447054,60.20725213712406,60.2154947183868,60.21543986623758,60.2111003289813,60.20464480547821,60.197252001497574
-0.036,60.00024039178436,60.05208856942748,60.13659357739573,60.187555999615824,60.21089794164542,60.2186020729913,60.21807166018188,60.21333711944538,60.206559228237225,60.19890376436991
-0.03576,60.00027501345595,60.05475615740079,60.14085037676637,60.19175623392899,60.21458297292606,60.221733086502844,60.22071773880152,60.215582455760995,60.208478608485756,60.20055819745976
-0.035519999999999996,60.00031433837315,60.05754109541939,60.14521002915664,60.19602147084417,60.21830705430704,60.22488749691918,60.22337784504567,60.21783611104749,60.210402753180915,60.20221513851371
-0.03528,60.00035896325418,60.06044744369961,60.149673903452545,60.20035187893495,60.222069992359906,60.22806503177266,60.226051715343466,60.22009785429497,60.212331466613,60.2038744235245
-0.035039999999999995,60.000409554517866,60.06347934376852,60.15424334579671,60.204747601259434,60.22587157668553,60.231265408085825,60.22873907961126,60.22236745038653,60.21426455042978,60.20553588675333
-0.0348,60.00046685561169,60.06664101693039,60.15891967777144,60.20920875470976,60.22971157971946,60.234488332331374,60.231439661262634,60.22464466012213,60.21620180366188,60.20719936075272
-0.034559999999999994,60.0005316950056,60.06993676252129,60.163704194551556,60.21373542936676,60.23358975654393,60.2377335003967,60.23415317722115,60.22692924024414,60.2181430227492,60.20886467639007
-0.034319999999999996,60.00060499489936,60.07337095594486,60.168598163028015,60.2183276878604,60.23750584470663,60.241000597552926,60.23687933793591,60.229220943464625,60.22008800156839,60.21053166287195
-0.03408,60.00068778069317,60.07694804648235,60.1736028199041,60.22298556473678,60.24145956404683,60.24428929842862,60.239617847399906,60.231519518494274,60.22203653146133,60.212200147768925
-0.033839999999999995,60.00078119127263,60.080672554870304,60.178719369765375,60.227709065832315,60.24545061652868,60.24759926698826,60.24236840317122,60.23382471007308,60.22398840126467,60.21386995704112
-0.0336,60.00088649016139,60.08454907063941,60.18394898312531,60.23249816765586,60.24947868608235,60.25093015651549,60.2451306963971,60.236136259002684,60.22594339734049,60.21554091506443
-0.033359999999999994,60.00100507759573,60.08858224920835,60.189292794447944,60.23735281677951,60.25354343845285,60.25428160960125,60.24790441184088,60.23845390218046,60.227901303607815,60.21721284465733
-0.03312,60.00113850357682,60.09277680872669,60.19475190014964,60.24227292923877,60.25764452105708,60.25765325813694,60.25068922791182,60.240777372635314,60.2298619015754,60.21888556710837
-0.03288,60.00128848195739,60.09713752666126,60.20032735658155,60.247258389942836,60.26178156284917,60.2610447233125,60.2534848166979,60.243106399565185,60.23182497037532,60.22055890220429
-0.032639999999999995,60.00145690562005,60.1016692361206,60.20602017799493,60.252309052095754,60.265954174194405,60.26445561561969,60.256290844001455,60.24544070837625,60.23379028679778,60.222232668258755
-0.0324,60.00164586280496,60.10637682191275,60.21183133449104,60.25742473662918,60.27016194675195,60.26788553486048,60.25910696937789,60.24778002072388,60.2357576253268,60.22390668214178
-0.032159999999999994,60.001857654644425,60.11126521633158,60.21776174995805,60.2626052316475,60.274404453366564,60.27133407016073,60.26193284617725,60.25012405455528,60.23772675817702,60.22558075930969
-0.03192,60.00209481396144,60.11633939466784,60.223812299996865,60.26785029188599,60.27868124796965,60.27480079998904,60.26476812158885,60.252472524153866,60.23969745533149,60.22725471383578
-0.03168,60.00236012538818,60.121604370441005,60.22998380983819,60.27315963818294,60.28299186548965,60.27828529218112,60.26761243668883,60.254825140185325,60.24166948458045,60.22892835844151
-0.031439999999999996,60.00265664685884,60.12706519034892,60.236277052253186,60.278532956966245,60.28733582177221,60.28178710396942,60.270465426490745,60.25718160974542,60.24364261156111,60.23060150452837
-0.0312,60.00298773252902,60.132726928932485,60.242692745460154,60.28396989975552,60.291712613510164,60.28530578201829,60.27332671999919,60.259541636409466,60.245616599798474,60.232273962210364
-0.030959999999999998,60.00335705717091,60.138594682953226,60.24923155102955,60.289470082680154,60.29612171818366,60.28884086246464,60.276195940266355,60.2619049202835,60.2475912107471,60.23394554034696
-0.030719999999999997,60.00376864208986,60.14467356548231,60.255894071790095,60.29503308601439,60.30056259401053,60.292391870964096,60.279072704451686,60.264271158057184,60.2495662038339,60.23561604657677
-0.030479999999999997,60.004226882603575,60.1509686996999,60.26268084973837,60.30065845372989,60.305034679907145,60.29595832274287,60.28195662388452,60.26664004305836,60.251541336501795,60.23728528735177
-0.030239999999999996,60.004736577119736,60.15748521240469,60.26959236395481,60.306345693066724,60.30953739545996,60.29953972265512,60.28484730412975,60.26901126530927,60.2535163642545,60.238953067972005
-0.03,60.00530295784161,60.164228227233714,60.27662902852856,60.312094274123474,60.31407014090787,60.30313556524611,60.28774434505649,60.271384511584486,60.25549104070214,60.240619192621025
-0.029759999999999998,60.00593172312404,60.171202857593755,60.283791190494284,60.31790362946711,60.31863229713565,60.30674533482101,60.290647340909835,60.27375946547047,60.25746511760784,60.2422834644017
-0.029519999999999998,60.006629071493826,60.17841419930577,60.29107912778354,60.32377315376348,60.32322322567849,60.31036850551943,60.293555880385526,60.276135807426776,60.25943834493528,60.2439456853727
-0.029279999999999997,60.00740173733911,60.18586732296504,60.29849304719382,60.329702203429086,60.327842268737996,60.314004541395754,60.29646954670772,60.278513214848914,60.26141047089717,60.24560565658549
-0.029039999999999996,60.0082570282619,60.19356726602008,60.3060330823781,60.33569009630483,60.33248874920963,60.31765289650522,60.299387917709694,60.280891362132806,60.263381242004556,60.24726317812182
-0.0288,60.009202864075945,60.20151902457455,60.31369929185796,60.34173611135252,60.33716197072182,60.32131301499584,60.302310565917594,60.283269920740885,60.26535040311719,60.24891804913181
-0.02856,60.01024781741932,60.209727544916696,60.3214916570634,60.34783948837468,60.34186121768693,60.32498433120609,60.305237058637125,60.28564855926977,60.267317697494605,60.250570067872445
-0.028319999999999998,60.01140115593663,60.21819771478226,60.32941008040232,60.35399942775859,60.34658575536406,60.328666269768526,60.308166958043216,60.288026943519505,60.26928286684823,60.25221903174666
-0.028079999999999997,60.012672885970254,60.226934354357184,60.33745438336294,60.360215090244914,60.351334829934,60.332358245719114,60.311099821272656,60.29040473656443,60.27124565139424,60.253864737342916
-0.027839999999999997,60.014073797683004,60.23594220702756,60.34562430465225,60.36648559672188,60.35610766858634,60.33605966461249,60.31403520051966,60.29278159882549,60.27320578990733,60.25550698047517
-0.027599999999999996,60.01561551151635,60.245225929885024,60.35391949837369,60.37281002804542,60.360903479618855,60.339769922643065,60.31697264313433,60.2951571881442,60.27516301977533,60.25714555622343
-0.02736,60.01731052586886,60.25479008399678,60.36233953224738,60.37918742488605,60.36572145254926,60.343488406771925,60.31991169172402,60.29753115985799,60.27711707705457,60.25878025897469
-0.02712,60.019172265858295,60.264639124450326,60.37088388587603,60.385616787602984,60.370560758239506,60.347214494859585,60.322851884257645,60.29990316687716,60.27906769652614,60.26041088246437
-0.026879999999999998,60.02121513300904,60.274777390183864,60.379551949059866,60.39209707614621,60.37542054903262,60.350947555804574,60.32579275417267,60.302272859763214,60.28101461175287,60.26203721981817
-0.026639999999999997,60.02345455568277,60.285209093614206,60.38834302016381,60.398627209986934,60.38029995890213,60.35468694968781,60.32873383048513,60.304639886808694,60.28295755513716,60.26365906359434
-0.026399999999999996,60.0259070400458,60.295938310075215,60.39725630454024,60.40520606807715,60.38519810361428,60.358432027922774,60.33167463790229,60.30700389411843,60.28489625797943,60.26527620582639
-0.02616,60.02859022134109,60.3069689670803,60.406290913010565,60.41183248883863,60.390114080902954,60.36218213341143,60.334614696938154,60.30936452569216,60.286830450537536,60.26688843806622
-0.02592,60.03152291520591,60.31830483342399,60.41544586040882,60.418505270182095,60.39504697065741,60.36593660070587,60.337553524031655,60.31172142350855,60.288759862086636,60.26849555142756
-0.025679999999999998,60.03472516874897,60.32994950813789,60.42472006419079,60.425223169556865,60.39999583512288,60.3696947561757,60.340490631667585,60.31407422761061,60.29068422098001,60.27009733662994
-0.025439999999999997,60.03821831107251,60.34190640931789,60.434112343111515,60.43198490403156,60.404959719114,60.37345591818102,60.34342552850017,60.31642257619232,60.29260325471042,60.27169358404284
-0.025199999999999997,60.042025002896175,60.354178762840036,60.44362141597486,60.43878915040622,60.40993765024114,60.37721939725111,60.34635771947926,60.31876610568669,60.29451668997218,60.27328408373038
-0.024959999999999996,60.04616928491033,60.366769590983324,60.45324590045791,60.44563454535641,60.41492863914964,60.38098449626861,60.34928670597913,60.32110445085498,60.29642425272385,60.27486862549619
-0.02472,60.05067662445736,60.379681700979,60.462984312013646,60.452519685609445,60.41993167977188,60.38475051065925,60.35221198592984,60.323437244877226,60.298325668251664,60.276446998928726
-0.02448,60.05557396011033,60.39291767350631,60.47283506285492,60.45944312815334,60.42494574959224,60.388516728587135,60.355133053951015,60.32576411944394,60.30022066123339,60.27801899344685
-0.024239999999999998,60.06088974368955,60.40647985115596,60.48279646102279,60.46640339047872,60.429969809924906,60.392282431155266,60.35804940148818,60.328084704849026,60.30210895580294,60.279584398345705
-0.023999999999999997,60.06665397922946,60.42037032688295,60.49286670954225,60.47339895085397,60.43500280620444,60.396046892611594,60.36096051695149,60.330398630083806,60.30399027561549,60.281143002842896
-0.023759999999999996,60.072898258381166,60.43459093247177,60.503043905668356,60.480428248633935,60.44004366828912,60.39980938056027,60.36386588585672,60.33270552293219,60.305864343913115,60.28269459612492
-0.02352,60.07965579170974,60.44914322703712,60.51332604022562,60.48748968460241,60.44509131077697,60.40356915617807,60.366764990968704,60.3350050100669,60.30773088359097,60.28423896739391
-0.02328,60.086961435321186,60.46402848558466,60.52371099704344,60.49458162134865,60.45014463333436,60.40732547443606,60.36965731244696,60.337296717146806,60.30958961726403,60.285775905914534
-0.023039999999999998,60.09485171223145,60.47924768765666,60.534196552490464,60.501702383678015,60.45520252103719,60.41107758432618,60.372542327993514,60.33958026891518,60.31144026733421,60.2873052010612
-0.022799999999999997,60.10336482786981,60.49480150608801,60.544780375110435,60.50885025905698,60.46026384472445,60.41482472909297,60.375419513002896,60.34185528929899,60.31328255605805,60.28882664236542
-0.022559999999999997,60.11254067909149,60.51069029589914,60.55546002536211,60.51602349809255,60.465327461364176,60.41856614647001,60.3782883407142,60.34412140150917,60.31511620561471,60.290340019563445
-0.02232,60.12242085606001,60.52691408335241,60.56623295546581,60.523220315046224,60.47039221443154,60.42230106892124,60.38114828236522,60.34637822814168,60.31694093817449,60.291845122643956
-0.02208,60.13304863634913,60.54347255519956,60.577096509358896,60.53043888838246,60.47545693429904,60.426028723886965,60.383998807348476,60.348625391279555,60.3187564759677,60.29334174189608
-0.02184,60.144468970607086,60.56036504814786,60.58804792276252,60.53767736135176,60.48052043863865,60.42974833403441,60.38683938336927,60.35086251259568,60.32056254135386,60.294829667957416
-0.021599999999999998,60.15672845912351,60.577590538573496,60.59908432336174,60.544933842608245,60.48558153283572,60.4334591175128,60.38966947660543,60.353089213456464,60.322358856891235,60.2963086918623
-0.021359999999999997,60.169875318641445,60.59514763251062,60.61020273110105,60.552206406861686,60.49063901041448,60.437160288212795,60.392488551868915,60.3553051150261,60.32414514540675,60.297778605090116
-0.02112,60.18395933876405,60.61303455594509,60.62140005859733,60.55949309556393,60.49569165347505,60.44085105603016,60.39529607276917,60.3575098383717,60.325921130066135,60.29923919961374
-0.02088,60.19903182731856,60.6312491454422,60.63267311167188,60.56679191762946,60.50073823314155,60.444530627133624,60.398091501878,60.359703004569006,60.32768653444432,60.300690267948085
-0.02064,60.21514554405849,60.64978883913757,60.644018590003164,60.574100850190064,60.50577751002144,60.44819820423669,60.40087430089608,60.36188423480869,60.32944108259608,60.30213160319869
-0.020399999999999998,60.23235462210999,60.66865066812079,60.655433087901926,60.58141783938325,60.51080823467554,60.451852986873405,60.40364393082094,60.36405315050334,60.33118449912692,60.30356299911035
-0.020159999999999997,60.250714476599576,60.68783124824132,60.666913095209836,60.58874080117421,60.515829148098724,60.455494171677806,60.4063998521164,60.36620937339483,60.3329165092641,60.30498425011582
-0.019919999999999997,60.270281699938494,60.7073267723659,60.678454998322955,60.596067622211024,60.52083898221098,60.45912095266707,60.40914152488325,60.368352525662345,60.3346368389278,60.30639515138453
-0.01968,60.291113943284124,60.72713300311709,60.69005508134106,60.603396160712755,60.52583646035859,60.46273252152809,60.41186840903129,60.370482230030696,60.33634521480244,60.30779549887122
-0.01944,60.31326978375117,60.747245266121645,60.70170952734361,60.61072424739007,60.530820297825116,60.466328067907384,60.414579964452486,60.37259810987912,60.33804136440811,60.30918508936472
-0.0192,60.3368085770048,60.76765844379787,60.71341441979319,60.61804968639788,60.53578920235207,60.46990677970424,60.41727565119525,60.374699789350416,60.339725016172004,60.31056372053648
-0.018959999999999998,60.361790294935254,60.788366969710125,60.72516574406677,60.62537025631972,60.5407418746688,60.47346784336688,60.41995492963972,60.376786893460356,60.34139589949995,60.311931190989256
-0.018719999999999997,60.38827534818736,60.80936482351851,60.73695938911532,60.63268371118312,60.545677009031444,60.47701044419149,60.42261726067402,60.378859048207346,60.34305374484794,60.31328730030559
-0.01848,60.4163243934007,60.830645526551145,60.74879114925174,60.63998778150559,60.55059329377055,60.48053376662397,60.425262105871255,60.38091588068234,60.34469828379361,60.31463184909624
-0.01824,60.44599812510474,60.85220213802572,60.76065672606723,60.647280175370604,60.55548941184709,60.48403699456428,60.42788892766737,60.38295701917881,60.34632924910771,60.31596463904849
-0.018,60.477357052309365,60.874027251946295,60.77255173047584,60.65455857953292,60.56036404141654,60.48751931167316,60.43049718953961,60.384982093302945,60.347946374825455,60.31728547297433
-0.017759999999999998,60.51046125993409,60.89611299470055,60.78447168488667,60.661820660552515,60.565215856400656,60.49097990168106,60.4330863561856,60.38699073408377,60.34954939631776,60.318594154858566
-0.017519999999999997,60.545370155328,60.918451023381685,60.796412025503244,60.669064065956576,60.57004352706661,60.494417948699116,60.43565589370285,60.38898257408333,60.351138050362415,60.31989048990657
-0.017279999999999997,60.58214220024772,60.9410325248582,60.808368104749206,60.67628642542862,60.57484572061314,60.49783263753204,60.438205269768694,60.39095724750683,60.35271207521495,60.321174284592075
-0.01704,60.620834628780784,60.963848215613595,60.82033519381924,60.68348535202408,60.57962110176333,60.50122315399262,60.440733953820505,60.392914390312605,60.3542712106794,60.32244534670459
-0.0168,60.66150315182691,60.986888342376915,60.832308485354034,60.690658443411415,60.58436833336356,60.50458868521775,60.44324141723605,60.39485364032197,60.35581519817877,60.323703485396685
-0.01656,60.70420164887865,61.010142683563735,60.84428309623788,60.697803283137944,60.58908607698837,60.50792841998579,60.445727133514055,60.39677463732882,60.35734378082525,60.32494851123095
-0.016319999999999998,60.748981847974996,61.033600551545696,60.85625407051715,60.70491744191946,60.59377299355076,60.51124154903499,60.4481905784546,60.398677023208954,60.35885670349013,60.326180236226755
-0.016079999999999997,60.79589299483611,61.05725079576541,60.868216382437936,60.71199847895268,60.598427743917384,60.514527265382874,60.450631230339546,60.400560442029075,60.36035371287334,60.327398473906676
-0.01584,60.844981512323045,61.0810818067117,60.88016493960055,60.7190439432494,60.60304898952849,60.51778476464625,60.453048570112635,60.402424540155344,60.361834557572614,60.32860303934261
-0.0156,60.89629065150251,61.10508152076882,60.89209458622881,60.72605137499161,60.60763539302184,60.52101324536181,60.45544208155931,60.40426896636154,60.363298988152245,60.329793749201585
-0.015359999999999999,60.94986013573163,61.129237425951224,60.90400010655146,60.73301830690611,60.612185618860416,60.52421190930692,60.45781125148606,60.40609337193663,60.364746757211435,60.33097042179113
-0.015119999999999998,61.0057257993114,61.15353656853382,60.91587622829299,60.73994226565783,60.61669833396329,60.527379961820564,60.46015556989924,60.40789741079174,60.366177619452024,60.332132877104385
-0.014879999999999999,61.06391922238678,61.177965560585704,60.92771762627094,60.746820773260474,60.62117220833925,60.53051661212406,60.46247453018321,60.409680739566596,60.36759133174584,60.33328093686467
-0.014639999999999999,61.124467363897374,61.202510588413226,60.9395189260965,60.753651348503396,60.62560591572265,60.533621073641385,60.46476762927761,60.41144301773505,60.368987653201344,60.33441442456971
-0.0144,61.18739219450169,61.227157421916466,60.95127470797494,60.760431508393395,60.629998134210986,60.5366925643189,60.46703436785385,60.413183907709964,60.37036634522973,60.33553316553537
-0.014159999999999999,61.252710331510535,61.2518914248607,60.96297951060235,60.76715876961022,60.63434754690373,60.53973030694422,60.469274250490415,60.41490307494713,60.37172717161037,60.33663698693887
-0.013919999999999998,61.320432677968775,61.27669756606255,60.974627835154806,60.77383064997431,60.63865284254183,60.542733529463895,60.47148678584706,60.416600188048285,60.37306989855546,60.33772571786154
-0.01368,61.39056406811849,61.30156043148797,60.98621414936581,60.78044466992557,60.64291271614731,60.54570146529977,60.47367148683771,60.418274918863126,60.37439429477401,60.33879918933097
-0.013439999999999999,61.46310292155915,61.326464237257106,60.99773289168785,60.786998354011615,60.647125869662474,60.54863335366369,60.47582787080179,60.41992694259015,60.375700131535005,60.33985723436261
-0.013199999999999998,61.538040908490444,61.35139284354852,61.0091784755335,60.79348923238409,60.6512910125881,60.55152843987024,60.47795545967409,60.42155593787632,60.37698718272964,60.34089968800075
-0.01296,61.615362628479595,61.376329769392896,61.02054529359126,60.79991484230152,60.655406862619984,60.5543859756473,60.480053780152744,60.42316158691547,60.3782552249327,60.34192638735883
-0.012719999999999999,61.69504530523608,61.40125820834385,61.03182772221126,60.806272729637094,60.65947214628322,60.55720521944411,60.48212236386533,60.424743575545286,60.3795040374629,60.34293717165906
-0.012479999999999998,61.7770584999016,61.426161045010886,61.043020125855634,60.81256045038988,60.663485599563636,60.559985436736426,60.48416074753283,60.42630159334281,60.38073340244225,60.34393188227132
-0.01224,61.86136384537113,61.45102087243703,61.05411686160798,60.818775572197595,60.6674459685356,60.56272590032859,60.48616847313136,60.427835333718306,60.38194310485422,60.3449103627513
-0.011999999999999999,61.9479148041501,61.475820010301014,61.06511228373644,60.82491567584933,60.67135200998556,60.56542589065202,60.488145088051276,60.429344494007445,60.383132932600745,60.34587245887772
-0.01176,62.03665645222373,61.50054052392119,61.0760007483043,60.8309783567964,60.67520249203055,60.56808469605986,60.490090145253724,60.43082877556159,60.384302676557944,60.3468180186888
-0.011519999999999999,62.127525291365394,61.52516424403579,61.086776617822046,60.83696122665934,60.67899619473084,60.57070161311728,60.49200320342412,60.432287883836054,60.38545213063046,60.34774689251763
-0.011279999999999998,62.22044909224155,61.5496727873314,61.097434265934346,60.842861914729184,60.682731910696,60.573275946887065,60.49388382712253,60.43372152847627,60.3865810918043,60.34865893302666
-0.01104,62.315346770581314,61.57404757768857,61.10796808213534,60.848678069460824,60.68640844568335,60.57580701121007,60.49573158693048,60.43512942340152,60.38768936019811,60.349553995241045
-0.010799999999999999,62.41212829856793,61.598269868111124,61.1183724765051,60.85440735995642,60.69002461918799,60.578294128979884,60.49754605959412,60.436511286886216,60.388776739112714,60.350431936580804
-0.01056,62.51069465347821,61.62232076330252,61.12864188445995,60.86004747743639,60.69357926502324,60.5807366324113,60.49932682816312,60.43786684163835,60.38984303507877,60.35129261689174
-0.01032,62.610937805444145,61.64618124284998,61.138770771509016,60.86559613669561,60.69707123189055,60.583133863301924,60.501073482125186,60.439195814874985,60.3908880579024,60.352135898474984
-0.010079999999999999,62.7127407460385,61.669832184974155,61.14875363800876,60.8710510775422,60.70049938393743,60.585485173286145,60.502785617535636,60.44049793839447,60.391911620708655,60.35296164611505
-0.00984,62.81597755919466,61.69325439079917,61.15858502390712,60.87641006621601,60.70386260130236,60.58778992408089,60.50446283714152,60.441772948645024,60.39291353998245,60.35376972710622
-0.0096,62.92051353575983,61.71642860909469,61.16825951346809,60.88167089678373,60.70715978064486,60.5900474877221,60.506104750499816,60.443020586789366,60.39389363560693,60.354560011277194
-0.009359999999999999,63.02620533275231,61.73933556143875,61.1777717399672,60.886831392507354,60.710389835659335,60.59225724679112,60.50771097408908,60.44424059876497,60.39485173089877,60.35533237101367
-0.00912,63.132901178147875,61.761955967746516,61.18711639034762,60.89188940718212,60.713551697570615,60.5944185946297,60.509281131413694,60.44543273533944,60.395787652640294,60.35608668127882
-0.008879999999999999,63.24044112175952,61.78427057210689,61.196288209825745,60.89684282643996,60.71664431560913,60.59653093554242,60.510814853099994,60.44659675216035,60.39670123110781,60.356822819631184
-0.008639999999999998,63.348657332500096,61.80626016886489,61.20528200643426,60.9016895690137,60.719666657463236,60.598593684984984,60.51231177698321,60.447732409799116,60.397592300095866,60.35754066623991
-0.0084,63.4573744420308,61.827905628883805,61.21409265548953,60.90642758795682,60.72261770970582,60.600606269736616,60.51377154818401,60.44883947378773,60.39846069693678,60.35824010389677
-0.008159999999999999,63.566409934501316,61.8491879259166,61.222715103968746,60.91105487181266,60.725496478191786,60.60256812805436,60.51519381917334,60.449917714647725,60.399306262514834,60.358921018024624
-0.00792,63.67557458178286,61.870088163010664,61.23114437478052,60.91556944572608,60.728301988422515,60.604478709806884,60.51657824982374,60.450966907910065,60.40012884127436,60.359583296681826
-0.007679999999999999,63.78467292328457,61.89058759886442,61.23937557091058,60.91996937248948,60.73103328587258,60.60633747658469,60.51792450744522,60.45198683412454,60.40092828122068,60.36022683056187
-0.0074399999999999996,63.893503789129376,61.91066767404706,61.24740387942144,60.924252753513294,60.733689436272975,60.60814390178312,60.51923226680322,60.45297727885712,60.4017044339129,60.360851512987516
-0.0072,64.00186086515085,61.93031003698439,61.255224575281716,60.92841772970953,60.73626952584414,60.609897470653664,60.520501210115484,60.45393803267299,60.402457154446914,60.361457239898506
-0.006959999999999999,64.10953329785852,61.94949656960356,61.26283302499641,60.93246248227421,60.73877266147014,60.611597680318084,60.52173102702437,60.45486889110289,60.40318630142716,60.36204390983161
-0.006719999999999999,64.21630633721038,61.9682094125168,61.27022469000407,60.93638523335168,60.74119797080392,60.61324403973868,60.522921414539894,60.455769654589545,60.40389173692463,60.36261142389168
-0.00648,64.32196201472853,61.98643098960799,61.277395129799686,60.94018424655956,60.74354460229053,60.614836069636084,60.524072076947554,60.45664012841006,60.40457332641861,60.36315968571165
-0.006239999999999999,64.42627985420121,62.004144031865586,61.284340004733025,60.94385782734805,60.74581172509225,60.61637330234398,60.52518272567406,60.45748012256951,60.40523093871872,60.363688601399524
-0.005999999999999999,64.52903761193404,62.02133160027836,61.29105507841997,60.94740432316029,60.74799852889507,60.61785528158727,60.526253079101274,60.458289451659084,60.405864445862676,60.36419807946904
-0.0057599999999999995,64.63001204324716,62.03797710757519,61.29753621968853,60.95082212335141,60.750104223570084,60.61928156216611,60.52728286231685,60.45906793467079,60.40647372298436,60.364688030750536
-0.00552,64.72897969166672,62.054064338542815,61.303779403959474,60.95410965881161,60.75212803865611,60.620651709523486,60.528271806785945,60.45981539475788,60.40705864814466,60.36515836827696
-0.00528,64.82571769703084,62.069577468591454,61.309780713932376,60.95726540122201,60.75406922261861,60.621965299166646,60.52921964992383,60.46053165892717,60.407619102115724,60.36560900713864
-0.005039999999999999,64.92000461852345,62.08450108015045,61.31553633940787,60.96028786184912,60.75592704182644,60.62322191590338,60.530126134542826,60.46121655764469,60.408154968105684,60.366039864298365
-0.0048,65.01162126846764,62.098820176353804,61.32104257602064,60.96317558975206,60.75770077916714,60.62442115284075,60.53099100813745,60.4618699243299,60.40866613140693,60.366450858355265
-0.00456,65.10035155255468,62.112520191303034,61.32629582257919,60.96592716923179,60.75938973219399,60.625562610075015,60.53181402195922,60.462491594704666,60.40915247894475,60.36684190924203
-0.004319999999999999,65.18598331205752,62.12558699594719,61.33129257659502,60.96854121628731,60.760993210656906,60.62664589297461,60.53259492981389,60.463081405950575,60.40961389869423,60.36721293783413
-0.004079999999999999,65.2683091634797,62.1380068982588,61.33602942741898,60.9710163737503,60.76251053321088,60.62767060991893,60.53333348648694,60.46363919560952,60.41005027892096,60.367563865440985
-0.0038399999999999997,65.3471273310251,62.149766635847485,61.34050304615756,60.97335130463017,60.76394102300757,60.628636369297176,60.53402944566357,60.46416480013477,60.4104615071814,60.36789461313647
-0.0036,65.42224246723917,62.16085335833792,61.344710171169915,60.9755446829909,60.76528400174325,60.6295427754832,60.53468255714845,60.46465805295799,60.41084746899075,60.36820510086688
-0.0033599999999999997,65.49346645717186,62.171254595572826,61.34864758736949,60.977595181353095,60.7665387815298,60.630389423365344,60.53529256309698,60.46511878187253,60.41120804602079,60.368495246244336
-0.0031199999999999995,65.56061920144533,62.180958205683446,61.35231209663419,60.979501453093114,60.767704653627234,60.63117589079137,60.53585919281986,60.46554680542988,60.411543113619324,60.36876496288626
-0.0028799999999999997,65.62352937367606,62.189952293757976,61.35570047512079,60.98126210745503,60.76878087253744,60.63190172793058,60.53638215547743,60.465941927876116,60.41185253732598,60.369014158083104
-0.00264,65.68203514780191,62.19822508621855,61.35880941072004,60.98287567333941,60.769766633045336,60.63256644194723,60.53686112956405,60.466303931867316,60.41213616786087,60.36924272944397
-0.0024,65.7359848909986,62.20576473611108,61.361635409379296,60.98434054547463,60.77066103618345,60.63316947430832,60.53729574734917,60.46663256769516,60.412393833713814,60.369450559936304
-0.0021599999999999996,65.78523781803742,62.212559016255106,61.36417465070986,60.985654901862695,60.771463037130026,60.633710166075716,60.53768557109047,60.46692753681855,60.41262532981841,60.36963751030497
-0.0019199999999999998,65.82966460313473,62.218594821747885,61.36642275716247,60.986816572239974,60.772171362292035,60.634187702701766,60.538030055210854,60.46718846568182,60.41283039954693,60.36980340702057
-0.0016799999999999999,65.86914794557343,62.223857330022796,61.36837440770455,60.98782281837746,60.77278437092169,60.63460102192952,60.53832848320847,60.467414862046674,60.413008704681204,60.369948022179166
-0.0014399999999999999,65.90358308563505,62.228328503114504,61.37002265252423,60.98866994484235,60.77329981006024,60.63494865073399,60.5385798559714,60.46760603769313,60.41315977225736,60.37007103792156
-0.0012,65.9328782676674,62.23198421524707,61.37135760261767,60.989352555241176,60.773714346415105,60.63522839387764,60.53878267847161,60.46776096079187,60.41328289304923,60.37017197847927
-0.0009599999999999999,65.95695514742287,62.23478817323886,61.37236366063297,60.989861981152494,60.77402257768374,60.63543667618993,60.53893450931463,60.4678779441559,60.41337690719332,60.37025006667132
-0.0007199999999999999,65.97574914113709,62.23667713090144,61.37301279169242,60.99018246519613,60.774214630769244,60.635566944843454,60.5390308665376,60.467953887969756,60.413439683446256,60.37030387531089
-0.00047999999999999996,65.98920971417063,62.23751649753674,61.37324432802875,60.990279707161875,60.77426895487117,60.635604875276336,60.53906194442656,60.46798200758614,60.413466556679936,60.37033028122219
-0.00023999999999999998,65.99730060740889,62.23690788691065,61.37287743297392,60.99005122103253,60.77412108656197,60.635507593897216,60.538998384482525,60.46794198600687,60.41344355609668,60.37031993196096
0.00023999999999999998,65.99730060740889,62.23690788691065,61.37287743297392,60.99005122103253,60.77412108656197,60.635507593897216,60.538998384482525,60.46794198600687,60.41344355609668,60.37031993196096
0.00047999999999999996,65.98920971417063,62.23690788691065,61.37287743297392,60.99005122103253,60.77412108656197,60.635507593897216,60.538998384482525,60.46794198600687,60.41344355609668,60.37031993196096
0.0007199999999999999,65.97574914113709,62.235703848149434,61.37242600812532,60.98981702275184,60.773978123658466,60.63541134865221,60.538929208237214,60.46788988078808,60.413402903070775,60.37028733236292
0.0009599999999999999,65.95695514742287,62.23355527440947,61.37162024617835,60.98939894811647,60.77372290005556,60.635239520528955,60.53880570336463,60.4677968520242,60.41333031993383,60.37022912733522
0.0012,65.9328782676674,62.230550586710116,61.370492954380374,60.98881393923184,60.77336573104513,60.63499904244839,60.538632847149515,60.467666645543694,60.41322872731804,60.37014765772314
0.0014399999999999999,65.90358308563505,62.226732137881214,61.36905954419543,60.98806988508113,60.77291139589704,60.63469311621018,60.53841293305163,60.46750098450003,60.41309946705462,60.37004399789696
0.0016799999999999999,65.86914794557343,62.22212504410222,61.367328847175706,60.98717123407655,60.77236256438589,60.63432351947278,60.53814722893522,60.46730081843842,60.41294327673695,60.36991873727064
0.0019199999999999998,65.82966460313473,62.21674678464815,61.36530671825865,60.986120864242295,60.77172093866883,60.633891374589524,60.53783652971939,60.46706673959217,60.41276061453498,60.36977224077973
0.0021599999999999996,65.78523781803742,62.21061114641511,61.36299751807214,60.98492085284627,60.770987723280584,60.63339746509088,60.53748138488396,60.46679915426374,60.41255179291896,60.369604756120665
0.0024,65.7359848909986,62.20373008505665,61.36040481391792,60.98357284061321,60.770163847618655,60.632842385525464,60.53708220619504,60.46649836398045,60.41231704198597,60.3694164645371
0.00264,65.68203514780191,62.19611469298435,61.35753174590554,60.98207822219837,60.769250082361026,60.63222661988891,60.53663932410009,60.466164607984936,60.41205654261835,60.36920750741375
0.0028799999999999997,65.62352937367606,62.187775739835324,61.354381232906725,60.980438253564834,60.76824710515686,60.63155058590044,60.53615301957475,60.46579808723449,60.41177044521449,60.36897800130031
0.0031199999999999995,65.56061920144533,62.178723990208425,61.35095609516735,60.97865411614063,60.767155539936454,60.63081466151962,60.5356235432045,60.46539897878511,60.41145888091764,60.368728046919394
0.0033599999999999997,65.49346645717186,62.16897039725303,61.34725913056451,60.976726956951794,60.76597598156125,60.63001920159508,60.535051127174135,60.464967444833555,60.41112196867662,60.36845773483208
0.0036,65.42224246723917,62.15852622309634,61.343293163636005,60.97465791465867,60.764709011875276,60.62916454872652,60.53443599309863,60.464503638627384,60.41075981986319,60.36816714914413
0.0038399999999999997,65.3471273310251,62.14740311407438,61.33906107786955,60.9724481369384,60.76335521048165,60.628251040577915,60.533778357304286,60.46400770845483,60.41037254139135,60.367856370011054
0.004079999999999999,65.2683091634797,62.13561314687765,61.33456583728965,60.97009879234708,60.76191516215729,60.62727901493023,60.53307843448625,60.463479800412195,60.40996023788316,60.36752547537868
0.004319999999999999,65.18598331205752,62.12316885529188,61.32981050096504,60.967611078541445,60.76038946205375,60.62624881324659,60.53233644029789,60.46292006036728,60.4095230132075,60.367174542221
0.00456,65.10035155255468,62.11008324356642,61.32479823268969,60.96498622802843,60.75877871939755,60.6251607832301,60.53155259321753,60.462328635378974,60.40906097159485,60.36680364743825
0.0048,65.01162126846764,62.09636979029372,61.31953230728254,60.96222551219213,60.757083560147294,60.62401528068252,60.53072711591372,60.46170567473981,60.408574218458206,60.366412868519454
0.005039999999999999,64.92000461852345,62.08204244537391,61.31401611445911,60.959330244091326,60.75530462890889,60.62281267086624,60.52986023625494,60.46105133075122,60.40806286100573,60.366002284038146
0.00528,64.82571769703084,62.06711562181759,61.30825316091882,60.95630178036092,60.75344259031184,60.6215533295066,60.52895218806192,60.460365759305596,60.40752700870301,60.36557197402768
0.00552,64.72897969166672,62.051604183611346,61.30224707109341,60.953141522446764,60.75149812998683,60.62023764352861,60.528003211670416,60.4596491203261,60.40696677362466,60.365122020268
0.0057599999999999995,64.63001204324716,62.035523430522495,61.296001586870354,60.94985091733553,60.74947195524277,60.618866011594285,60.52701355435184,60.45890157810011,60.406382270723206,60.364652506506204
0.005999999999999999,64.52903761193404,62.01888908048594,61.289520566516984,60.946431457895265,60.74736479551384,60.617438844487886,60.52598347062587,60.458123301531835,60.40577361803528,60.36416351862712
0.006239999999999999,64.42627985420121,62.00171725005526,61.28280798297072,60.94288468291078,60.745177402627554,60.61595656538347,60.52491322248961,60.45731446433267,60.40514093683954,60.36365514478522
0.00648,64.32196201472853,61.98402443328891,61.275867921618556,60.93921217687619,60.742910550931455,60.61441961001992,60.52380307958151,60.45647524516299,60.40448435177697,60.36312747550668
0.006719999999999999,64.21630633721038,61.96582747936314,61.26870457765894,60.93541556959127,60.740565037306844,60.612828426802515,60.522653319293525,60.45560582773558,60.403803990941654,60.3625806037678
0.006959999999999999,64.10953329785852,61.94714356914631,61.26132225311807,60.93149653559713,60.73814168109064,60.611183476845085,60.521464226841815,60.45470640088834,60.40309998594775,60.36201462505469
0.0072,64.00186086515085,61.92799019092803,61.2537253535767,60.92745679347864,60.73564132392195,60.60948523396397,60.52023609530376,60.45377715863218,60.40237247197752,60.361429637407745
0.0074399999999999996,63.893503789129376,61.90838511546566,61.24591838465223,60.92329810505504,60.73306482952593,60.60773418463196,60.518969225627416,60.45281830017866,60.40162158781383,60.360825741453965
0.007679999999999999,63.78467292328457,61.88834637048799,61.23790594827238,60.919022274475516,60.73041308344492,60.60593082789897,60.517663926617935,60.45183002995092,60.40084747585978,60.36020304042913
0.00792,63.67557458178286,61.867892214777896,61.22969273877012,60.914631147233536,60.72768699272479,60.604075675284676,60.51632051490491,60.45081255758055,60.40005028214783,60.359561640191586
0.008159999999999999,63.566409934501316,61.84704111194282,61.2212835388248,60.910126609110776,60.724887485562824,60.60216925064716,60.51493931489337,60.4497660978928,60.399230156339975,60.358901649229175
0.0084,63.4573744420308,61.8258117039707,61.212683215270594,60.90551058505983,60.7220155109223,60.60021209003102,60.51352065870092,60.44869087088178,60.39838725172037,60.35822317866016
0.008639999999999998,63.348657332500096,61.804222784660766,61.203896714790545,60.90078503803319,60.71907203811787,60.598204741497625,60.51206488608294,60.44758710167705,60.3975217251816,60.35752634222921
0.008879999999999999,63.24044112175952,61.782293273011426,61.19492905951216,60.89595196776492,60.71605805637548,60.596147764939715,60.51057234434733,60.44645502050287,60.396633737205306,60.35681125629911
0.00912,63.132901178147875,61.76004218664182,61.185785342518734,60.89101340951046,60.71297457436941,60.59404173188226,60.509043388260125,60.44529486263093,60.39572345183815,60.35607803983873
0.009359999999999999,63.02620533275231,61.73748861531832,61.1764707232892,60.885971432749244,60.70982261973921,60.59188722527105,60.50747837994308,60.444106868327495,60.394791036663506,60.35532681440779
0.0096,62.92051353575983,61.71465169465327,61.16699042307817,60.88082813985441,60.70660323858845,60.5896848392504,60.50587768876407,60.442891282795415,60.393836662769445,60.35455770413884
0.00984,62.81597755919466,61.69155058003913,61.15734972024677,60.875585664733066,60.703317494967266,60.58743517893099,60.504241691221075,60.4416483561118,60.39286050471351,60.35377083571667
0.010079999999999999,62.7127407460385,61.668204420877586,61.1475539455543,60.870246171440634,60.699966470340094,60.58513886014881,60.50257077082037,60.440378343161555,60.39186274048453,60.35296633835553
0.01032,62.610937805444145,61.644632335160296,61.13760847742001,60.864811852772114,60.696551263040284,60.58279650921614,60.50086531794948,60.439081503567394,60.390843551461785,60.35214434377443
0.01056,62.51069465347821,61.62085338445428,61.127518737163705,60.85928492883309,60.69307298771257,60.580408762665115,60.499125729745444,60.43775810161656,60.38980312237187,60.35130498617056
0.010799999999999999,62.41212829856793,61.596886549342514,61.11729018423359,60.85366764559298,60.68953277474472,60.57797626698469,60.4973524099586,60.436408406184476,60.38874164124336,60.35044840219118
0.01104,62.315346770581314,61.572750705367106,61.106928311429186,60.84796227342295,60.68593176968939,60.575499678351406,60.49554576881254,60.43503269065579,60.38765929935944,60.34957473090394
0.011279999999999998,62.22044909224155,61.54846459951979,61.09643864012697,60.84217110562063,60.68227113267698,60.5729796623546,60.493706222860254,60.43363123284281,60.38655629120891,60.34868411376597
0.011519999999999999,62.127525291365394,61.52404682732158,61.085826715515935,60.83629645692388,60.678552037820594,60.57041689371646,60.491834194837004,60.43220431490163,60.38543281443536,60.34777669459166
0.01176,62.03665645222373,61.49951581053094,61.07509810185009,60.830340662015445,60.674775672613734,60.56781205600743,60.48993011351004,60.43075222324618,60.38428906978487,60.346852619519325
0.011999999999999999,61.9479148041501,61.47488977551696,61.06425837772457,60.82430607402052,60.67094323732159,60.56516584135718,60.48799441352543,60.42927524846019,60.38312526105232,60.34591203697682
0.01224,61.86136384537113,61.45018673233138,61.05331313138194,60.818195062999074,60.66705594436668,60.5624789501617,60.48602753525221,60.4277736852074,60.38194159502634,60.34495509764617
0.012479999999999998,61.7770584999016,61.42542445451075,61.04226795605475,60.81201001443463,60.66311501770948,60.5597520907868,60.48402992462411,60.42624783213996,60.38073828143302,60.3439819544273
0.012719999999999999,61.69504530523608,61.40062045963733,61.03112844535048,60.8057533277212,60.65912169222467,60.55698597926826,60.48200203297893,60.42469799180531,60.379515532878514,60.34299276240089
0.01296,61.615362628479595,61.3757919906847,61.01990018868471,60.7994274146502,60.65507721307376,60.55418133900905,60.47994431689585,60.42312447055154,60.37827356479051,60.34198767879047
0.013199999999999998,61.538040908490444,61.35095599817146,61.00858876676794,60.793034697898676,60.650982835074615,60.55133890047381,60.477857238030765,60.42152757843132,60.37701259535876,60.3409668629237
0.013439999999999999,61.46310292155915,61.326129123143936,60.997199747151605,60.78657760952065,60.64683982206843,60.54845940088096,60.4757412629498,60.419907629104586,60.375732845474566,60.33993047619307
0.01368,61.39056406811849,61.30132768100601,60.98573867983834,60.780058589442916,60.64264944628491,60.545543583892616,60.47359686296123,60.418264939739956,60.37443453866951,60.338878682015796
0.013919999999999998,61.320432677968775,61.27656764621193,60.974211092961504,60.77348008396689,60.63841298770596,60.54259219930269,60.47142451394577,60.4165998309151,60.37311790105322,60.337811645793195
0.014159999999999999,61.252710331510535,61.25186463783539,60.962622488538756,60.76684454427783,60.634131733428674,60.53960600272322,60.469224696185634,60.41491262651598,60.37178316125047,60.33672953486941
0.0144,61.18739219450169,61.22723390602559,60.95097833830414,60.76015442496296,60.62980697702794,60.53658575526945,60.466997894192176,60.41320365363515,60.37043055033744,60.335632518489675
0.014639999999999999,61.124467363897374,61.20269031935872,60.939284079623164,60.75341218253966,60.62544001791936,60.53353222324366,60.4647445965325,60.4114732424692,60.3690603017774,60.33452076775791
0.014879999999999999,61.06391922238678,61.178248353090986,60.92754511149486,60.74662027399524,60.62103216072286,60.53044617781806,60.46246529565503,60.409721726215274,60.36767265135566,60.333394455593975
0.015119999999999998,61.0057257993114,61.15392207831673,60.915766790644895,60.73978115533945,60.61658471462757,60.527328394717,60.46016048771416,60.4079494409669,60.36626783711399,60.332253756690385
0.015359999999999999,60.94986013573163,61.129725152033345,60.90395442771341,60.732897280171,60.61209899275831,60.524179653898706,60.457830672394174,60.40615672560913,60.36484609928442,60.3310988474686
0.0156,60.89629065150251,61.105670808112045,60.892113283541015,60.72597109825936,60.60757631154442,60.5210007392367,60.455476352732376,60.40434392171294,60.3634076802226,60.32992990603491
0.01584,60.844981512323045,61.08177184917179,60.88024856555646,60.71900505414289,60.60301799009109,60.517792438201134,60.45309803494181,60.40251137342921,60.36195282434057,60.32874711213593
0.016079999999999997,60.79589299483611,61.05804063935139,60.868365424268866,60.712001585744574,60.59842534955384,60.51455554154036,60.45069622823339,60.400659427382074,60.3604817780392,60.32755064711374
0.016319999999999998,60.748981847974996,61.0344890979729,60.85646894986751,60.70496312300635,60.5937997125166,60.51129084296274,60.44827144463773,60.39878843256183,60.358994789640164,60.32634069386071
0.01656,60.70420164887865,61.01112869408745,60.84456416893189,60.69789208654318,60.5891424023736,60.50799913881902,60.44582419882674,60.39689874021751,60.357492109317505,60.32511743677395
0.0168,60.66150315182691,60.98797044189291,60.83265604125435,60.6907908863178,60.58445474271581,60.50468122778549,60.443355007934976,60.394990703749066,60.35597398902895,60.32388106170957
0.01704,60.620834628780784,60.96502489701097,60.82074945677784,60.68366192033723,60.57973805672212,60.50133791054799,60.44086439138104,60.393064678599266,60.35444068244685,60.32263175593654
0.017279999999999997,60.58214220024772,60.942302153609454,60.80884923265048,60.67650757337195,60.57499366655565,60.497969989487075,60.43835287068896,60.391121022145356,60.35289244488886,60.3213697080904
0.017519999999999997,60.545370155328,60.919811842354356,60.796960110399134,60.66933021569861,60.570222892765806,60.49457826836448,60.43582096930972,60.38916009359059,60.35132953324839,60.32009510812674
0.017759999999999998,60.51046125993409,60.897563129174294,60.78508675322335,60.66213220186728,60.56542705369616,60.491163552011024,60.43326921244298,60.387182253855556,60.34975220592486,60.31880814727438
0.018,60.477357052309365,60.875564714818815,60.77323374341127,60.65491586949391,60.56060746489882,60.487726646016206,60.430698126859205,60.385187865469504,60.34816072275373,60.31750901798848
0.01824,60.44599812510474,60.85382483519076,60.76140557987868,60.647683538078944,60.55576543855539,60.48426835641961,60.4281082407221,60.38317729246161,60.34655534493646,60.31619791390337
0.01848,60.4163243934007,60.83235126243135,60.74960667583219,60.640437507852724,60.55090228290507,60.480789489404295,60.425500083411634,60.38115090025225,60.34493633497023,60.31487502978535
0.018719999999999997,60.38827534818736,60.81115130673596,60.73784135655744,60.63318005864857,60.54601930168017,60.47729085099237,60.422874185347546,60.37910905554442,60.343303956577714,60.31354056148524
0.018959999999999998,60.361790294935254,60.79023181887702,60.726113857332926,60.62591344880396,60.54111779354927,60.47377324674289,60.420231077813675,60.37705212621518,60.341658474636695,60.312194705890896
0.0192,60.3368085770048,60.76959919340999,60.71442832146987,60.61863991409078,60.536199051568595,60.47023748145225,60.41757129278288,60.37498048120737,60.340000155109706,60.31083766087959
0.01944,60.31326978375117,60.74925937253711,60.70278879847841,60.611361666674874,60.5312643626416,60.46668435885719,60.41489536274294,60.37289449042149,60.33832926497361,60.30946962527037
0.01968,60.291113943284124,60.72921785060313,60.69119924236017,60.604080894105856,60.526315006987325,60.463114681340635,60.41220382052329,60.37079452460783,60.33664607214931,60.30809079877626
0.019919999999999997,60.270281699938494,60.709479679196285,60.67966351002708,60.59679975833733,60.52135225761771,60.45952924964046,60.40949719912281,60.368680955259,60.334950845431365,60.30670138195656
0.020159999999999997,60.250714476599576,60.69004947282756,60.66818535984609,60.58952039477829,60.51637737982407,60.45592886256136,60.40677603153866,60.36655415450274,60.33324385441788,60.30530157616897
0.020399999999999998,60.23235462210999,60.670931415160304,60.65676845030939,60.58224491137595,60.511391630673174,60.45231431668993,60.404040850596324,60.36441449499513,60.33152536944032,60.303891583521875
0.02064,60.21514554405849,60.65212926576229,60.64541633882948,60.57497538773055,60.506396258513014,60.448686406113154,60.40129218878084,60.362262349814316,60.32979566149357,60.30247160682646
0.02088,60.19903182731856,60.63364636735171,60.63413248065812,60.567713874242365,60.501392502488635,60.44504592214039,60.3985305780694,60.36009809235468,60.32805500216615,60.301041849549016
0.02112,60.18395933876405,60.61548565350832,60.622920227928475,60.56046239129141,60.49638159206815,60.44139365302893,60.39575654976523,60.35792209622153,60.326303663570584,60.2996025157632
0.021359999999999997,60.169875318641445,60.597649656821154,60.611782828818995,60.55322292844994,60.49136474657925,60.437730383713465,60.39297063433311,60.35573473512642,60.324541918274,60.29815381010237
0.021599999999999998,60.15672845912351,60.58014051744348,60.60072342683801,60.54599744372814,60.48634317475643,60.43405689553928,60.39017336123622,60.353536382783034,60.322770039229006,60.29669593771202
0.02184,60.144468970607086,60.56295999202645,60.5897450602274,60.538787862853184,60.481318074299004,60.43037396599955,60.387365258774736,60.351327412803776,60.32098829970476,60.29522910420231
0.02208,60.13304863634913,60.54610946300215,60.57885066148398,60.53159607858174,60.47629063144027,60.426682368476754,60.384546853925976,60.349108198597015,60.3191969732184,60.29375351560067
0.02232,60.12242085606001,60.52958994818765,60.5680430569967,60.52442395004622,60.47126202052784,60.422982871988296,60.381718672186366,60.3468791132651,60.31739633346678,60.29226937830457
0.022559999999999997,60.11254067909149,60.51340211068115,60.557324966797914,60.517273302134704,60.466233403615455,60.419276240936455,60.378881237415165,60.344640529503145,60.31558665425848,60.290776899034405
0.022799999999999997,60.10336482786981,60.49754626902222,60.546699004426785,60.510145924904755,60.461205930066335,60.41556323486282,60.37603507168002,60.34239281949862,60.31376820944627,60.28927628478659
0.023039999999999998,60.09485171223145,60.482022407587884,60.53616767690268,60.50304357303104,60.456180736168186,60.41184460820724,60.37318069510446,60.3401363548318,60.311941272859926,60.28776774278673
0.02328,60.086961435321186,60.46683018719714,60.52573338480637,60.495967965286766,60.45115894476015,60.40812111007143,60.37031862571739,60.3378715063771,60.31010611823941,60.28625148044306
0.02352,60.07965579170974,60.45196895589675,60.51539842246682,60.48892078405893,60.446141664871625,60.40439348398724,60.36744937930456,60.33559864420535,60.30826301916857,60.28472770530009
0.023759999999999996,60.072898258381166,60.43743775990151,60.50516497825108,60.48190367489729,60.4411299913732,60.400662467689884,60.36457346926217,60.333318137487,60.30641224900921,60.28319662499239
0.023999999999999997,60.06665397922946,60.42323535466305,60.49503513495476,60.47491824609692,60.43612500463976,60.396928792895885,60.36169140645261,60.33103035439635,60.304554080835715,60.281658447198694
0.024239999999999998,60.06088974368955,60.40936021604155,60.48501087029069,60.467966068314205,60.43112777022583,60.393193185086126,60.35880369906234,60.32873566201677,60.30268878737011,60.280113379596195
0.02448,60.05557396011033,60.395810551555556,60.47509405747286,60.46104867421615,60.426139338553256,60.38945636329391,60.35591085246213,60.326434426247005,60.30081664091765,60.27856162981511
0.02472,60.05067662445736,60.3825843116856,60.4652864658931,60.45416755816271,60.42116074461132,60.38571903989814,60.35301336906946,60.32412701170859,60.29893791330303,60.27700340539353
0.024959999999999996,60.04616928491033,60.36967920120818,60.45558976188757,60.44732417592199,60.416193007669264,60.38198192042168,60.35011174821333,60.321813781654335,60.29705287580701,60.27543891373258
0.025199999999999997,60.042025002896175,60.35709269053742,60.44600550959024,60.44051994441801,60.411237131001336,60.378245703334954,60.347206486001475,60.31949509787798,60.29516179910375,60.27386836205181
0.025439999999999997,60.03821831107251,60.344822027052274,60.43653517187046,60.43375624151065,60.40629410162433,60.37451107986491,60.34429807518997,60.31717132062509,60.2932649531987,60.27229195734494
0.025679999999999998,60.03472516874897,60.33286424638825,60.42718011135153,60.427034405807696,60.40136489004779,60.37077873380925,60.34138700505528,60.31484280850505,60.29136260736708,60.27070990633598
0.02592,60.03152291520591,60.32121618367321,60.4179415915074,60.42035573650828,60.396450450036596,60.36704934135616,60.338473761268915,60.31250991840439,60.28945503009303,60.269122415435604
0.02616,60.02859022134109,60.30987448468785,60.40882077783429,60.41372149327766,60.39155171838632,60.363323570909394,60.33555882577451,60.31017300540133,60.28754248900944,60.267529690697906
0.026399999999999996,60.0259070400458,60.29883561693214,60.39981873909422,60.40713289615278,60.38666961471097,60.35960208291897,60.3326426766676,60.307832422681656,60.28562525083839,60.265931937777545
0.026639999999999997,60.02345455568277,60.28809588057994,60.390936448627286,60.40059112547812,60.381805041243396,60.35588552971729,60.32972578807792,60.305488521455814,60.28370358133233,60.26432936188726
0.026879999999999998,60.02121513300904,60.27765141930513,60.382174785729525,60.39409732187156,60.37695888264813,60.35217455536089,60.326808630054444,60.303141650877485,60.28177774521596,60.26272216775573
0.02712,60.019172265858295,60.26749823096308,60.37353453709324,60.38765258621964,60.372132005846765,60.34846979547774,60.32389166845302,60.300792157963386,60.279848006128816,60.2611105595859
0.02736,60.01731052586886,60.257632178112466,60.36501639830654,60.38125797970175,60.367325259855704,60.34477187712019,60.32097536482678,60.298440387514546,60.27791462656861,60.25949474101363
0.027599999999999996,60.01561551151635,60.248048998363444,60.35662097540898,60.37491452384282,60.36253947563631,60.341081418623546,60.31806017631923,60.29608668203896,60.275977867835344,60.257874915066886
0.027839999999999997,60.014073797683004,60.23874431453867,60.348348786500054,60.368623200593774,60.35777546595736,60.33739902947029,60.31514655556019,60.293731381675656,60.27403798997617,60.25625128412523
0.028079999999999997,60.012672885970254,60.229713644635154,60.3402002633974,60.36238495243945,60.353034025269736,60.33372531015997,60.312234950564395,60.291374824120226,60.27209525173103,60.25462404987985
0.028319999999999998,60.01140115593663,60.220952411575325,60.33217575334149,60.35620068253317,60.348315929593234,60.33006085208477,60.30932580463303,60.28901734455181,60.27014991047912,60.25299341329403
0.02856,60.01024781741932,60.21245595273684,60.32427552074372,60.35007125485756,60.34362193641547,60.32640623741077,60.306419556258,60.286659275561576,60.268202222186176,60.25135957456401
0.0288,60.009202864075945,60.204219529251624,60.31649974897468,60.34399749441084,60.3389527846027,60.32276203896484,60.30351663902908,60.284300947082706,60.266252441352535,60.249722733080425
0.029039999999999996,60.0082570282619,60.196238335065225,60.308848542189516,60.33798018741815,60.33430919432251,60.31912882012729,60.300617481543924,60.28194268632186,60.264300820962106,60.24808308739015
0.029279999999999997,60.00740173733911,60.188507505748774,60.30132192718729,60.33202008156708,60.329691866978244,60.31550713473012,60.29772250732098,60.27958481769223,60.262347612432116,60.24644083515865
0.029519999999999998,60.006629071493826,60.18102212705642,60.29391985530128,60.32611788626694,60.32510148515501,60.31189752696096,60.29483213471521,60.27722766274809,60.260393065563825,60.24479617313289
0.029759999999999998,60.00593172312404,60.173777243222105,60.28664220431717,60.320274272930966,60.32053871257718,60.30830053127269,60.2919467768368,60.27487154012092,60.258437428494,60.24314929710465
0.03,60.00530295784161,60.16676786499029,60.27948878041613,60.31448987528086,60.316004194077244,60.30471667229863,60.28906684147275,60.272516765457134,60.25648094764735,60.24150040187445
0.030239999999999996,60.004736577119736,60.159988977376145,60.272459320139916,60.308765289672984,60.311498555575795,60.301146464773375,60.28619273101133,60.27016365135735,60.254523867689834,60.23984968121595
0.030479999999999997,60.004226882603575,60.153435547151275,60.265553492374984,60.30310107544549,60.307022404072626,60.297590413459226,60.283324842369524,60.267812507317274,60.252566431482904,60.238197327840936
0.030719999999999997,60.00376864208986,60.14710253005212,60.25877090035283,60.2974977552857,60.30257632764866,60.294049013078165,60.280463566923366,60.265463639670195,60.25060888003863,60.23654353336475
0.030959999999999998,60.00335705717091,60.14098487770858,60.252111083663735,60.291955815617065,60.298160895478595,60.29052274824936,60.27760929044123,60.263117351531065,60.24865145247573,60.23488848827241
0.0312,60.00298773252902,60.135077544291406,60.245573520281184,60.286475707004946,60.293776657854146,60.28701209343215,60.274762393019984,60.26077394274226,60.24669438597662,60.23323238188513
0.031439999999999996,60.00265664685884,60.12937549287736,60.239157628594285,60.28105784458046,60.28942414621756,60.28351751287453,60.27192324902419,60.25843370982092,60.24473791574531,60.23157540232755
0.03168,60.00236012538818,60.12387370153196,60.23286276944549,60.27570260848184,60.285103873205415,60.28003946056701,60.26909222702808,60.25609694590792,60.24278227496635,60.22991773649543
0.03192,60.00209481396144,60.11856716911023,60.22668824817113,60.27041034431239,60.280816332702344,60.27657838020184,60.26626968976059,60.25376394071853,60.240827694764604,60.22825957002397
0.032159999999999994,60.001857654644425,60.11345092077622,60.22063331664232,60.2651813636144,60.2765619999046,60.27313470513762,60.26345599405322,60.251434980494686,60.23887440416611,60.22660108725671
0.0324,60.00164586280496,60.108520013243286,60.214697175303606,60.26001594435835,60.272341331393235,60.26970885836915,60.26065149079081,60.24911034795893,60.236922630059844,60.224942471214995
0.032639999999999995,60.00145690562005,60.10376953973672,60.20887897520721,60.25491433144653,60.26815476521665,60.26630125250247,60.25785652486531,60.246790322269995,60.234972597160485,60.22328390356806
0.03288,60.00128848195739,60.09919463468184,60.20317782004048,60.249876737230466,60.2640027209824,60.26291228973517,60.25507143513227,60.24447517898002,60.23302452797215,60.22162556460369
0.03312,60.00113850357682,60.094790478120345,60.19759276814433,60.24490334204146,60.25988559995792,60.25954236184168,60.25229655437039,60.24216518999349,60.23107864275309,60.219967633199516
0.033359999999999994,60.00100507759573,60.09055229985861,60.192122834520546,60.23999429473331,60.255803785180106,60.256191850163766,60.249532209243775,60.23986062352779,60.229135159481444,60.21831028679488
0.0336,60.00088649016139,60.08647538335199,60.18676699282594,60.235149713236765,60.25175764157339,60.252861125605875,60.24677872026714,60.2375617440754,60.22719429382194,60.21665370136335
0.033839999999999995,60.00078119127263,60.08255506932944,60.181524177351214,60.23036968512477,60.247747516076224,60.24955054863552,60.24403640177381,60.235268812367764,60.22525625909354,60.21499805138583
0.03408,60.00068778069317,60.07878675916334,60.17639328498287,60.225654268187945,60.243773737775584,60.24626046928843,60.24130556188657,60.23298208534087,60.22332126623822,60.21334350982427
0.034319999999999996,60.00060499489936,60.075165917989594,60.171373177146066,60.22100349101949,60.2398366180495,60.24299122717859,60.238586502491216,60.23070181610239,60.22138952379065,60.211690248096076
0.034559999999999994,60.0005316950056,60.07168807758341,60.16646268172682,60.2164173536088,60.23593645071713,60.2397431515129,60.23587951921301,60.228428253900496,60.219461237848854,60.21003843604907
0.0348,60.00046685561169,60.06834883899666,60.1616605949719,60.21189582794326,60.23207351219633,60.236516561110555,60.233184901395795,60.22616164409441,60.217536612046004,60.20838824193711
0.035039999999999995,60.000409554517866,60.06514387496263,60.156965683364675,60.20743885861726,60.22824806166842,60.23331176442695,60.23050293208389,60.22390222812645,60.2156158475231,60.20673983239632
0.03528,60.00035896325418,60.06206893207448,60.1523766854756,60.20304636344803,60.22446034124989,60.23012905958211,60.22783388800664,60.221650243495816,60.21369914290268,60.20509337242206
0.035519999999999996,60.00031433837315,60.05911983274392,60.1478923137857,60.19871823409736,60.220710576170895,60.2269687343935,60.22517803956573,60.21940592373398,60.21178669426363,60.203449025346366
0.03576,60.00027501345595,60.05629247694657,60.1435112564818,60.194454336698776,60.216998974960184,60.223831066413204,60.222535650825094,60.217169498381686,60.20987869511685,60.20180695281614
0.036,60.00024039178436,60.05358284376095,60.1392321792223,60.190254512489304,60.21332572963633,60.22071632296931,60.21990697950343,60.21494119296755,60.20797533638205,60.200167314772024
0.036239999999999994,60.00020993963294,60.05098699270789,60.135053726872094,60.18611857844537,60.20969101590496,60.21762476121149,60.217292276969395,60.21272122898831,60.206076806365516,60.198530269427756
0.03648,60.00018318013761,60.04850106489748,60.1309745252057,60.18204632792201,60.206094993361766,60.214556628160665,60.2146917882393,60.21050982389063,60.20418329073884,60.196895973250356
0.036719999999999996,60.000159687699096,60.04612128399055,60.126993182577486,60.178037531294926,60.2025378057011,60.21151216076265,60.21210575197739,60.20830719105454,60.20229497251872,60.19526458094082
0.03696,60.00013908288177,60.043843956982045,60.12310829155799,60.1740919366047,60.19901958092977,60.20849158594568,60.20953440049857,60.20611353977834,60.20041203204773,60.19363624541553
0.0372,60.00012102777046,60.0416654748133,60.119318430535515,60.170209270202506,60.19554043158606,60.20549512068179,60.20697795977369,60.20392907526527,60.19853464697603,60.19201111778831
0.037439999999999994,60.00010522174992,60.039582312820635,60.11562216528212,60.1663892373969,60.192100454963395,60.2025229720519,60.20443664943718,60.201753998611515,60.19666299224419,60.190389347353076
0.03768,60.000091397673785,60.03759103102744,60.11201805048336,60.1626315231009,60.18869973333874,60.19957533731455,60.20191068279717,60.19958850679587,60.194797240066926,60.1887710815672
0.037919999999999995,60.000079318391684,60.03568827428692,60.108504631230964,60.15893579247895,60.185338334205255,60.19665240397811,60.19940026684793,60.19743279267095,60.192937559917794,60.187156466035475
0.03816,60.000068773605285,60.03387077228292,60.105080444478,60.15530169159317,60.18201631050912,60.19375434987654,60.19690560228465,60.195287044955826,60.19108411851497,60.18554564449476
0.0384,60.00005957702584,60.03213533939569,60.10174402045591,60.15172884804832,60.17873370089021,60.190881343248385,60.19442688352054,60.19315144823026,60.18923707980792,60.18393875879923
0.038639999999999994,60.0000515638078,60.030478874439964,60.098493884053,60.14821687163496,60.175490529926414,60.18803354281914,60.191964298706154,60.19102618293034,60.187396604965045,60.182335948906314
0.03888,60.00004458823465,60.028898360282206,60.09532855615396,60.14476535497038,60.17228680838136,60.185211097886686,60.18951802975097,60.18891142534563,60.185562852362395,60.18073735286323
0.039119999999999995,60.000038521634835,60.02739086334391,60.09224655494015,60.141373874136704,60.16912253345536,60.18241414840981,60.187088252347124,60.186807347617794,60.18373597757318,60.17914310679423
0.03936,60.0000332505074,60.02595353299798,60.08924639715029,60.138041989315674,60.16599768903923,60.17964282509974,60.184675135995285,60.18471411774061,60.181916133358406,60.17755334488839
0.039599999999999996,60.00002867483839,60.02458360086467,60.086326599301536,60.13476924541982,60.162912245970944,60.1768972495145,60.182278844032645,60.182631899561436,60.180103469658334,60.175968199388116
0.039839999999999993,60.00002470659043,60.023278380013785,60.083485678870545,60.13155517271929,60.15986616229465,60.174177534156016,60.17989953366296,60.18056085278407,60.17829813358494,60.174387800578266
0.04008,60.00002126834947,60.02203526407955,60.080722155434714,60.12839928746419,60.15685938352209,60.171483782569986,60.17753735598859,60.178501132973,60.17650026941533,60.1728122767759
0.040319999999999995,60.0000182921138,60.02085172629443,60.078034551773406,60.12530109250181,60.153891842896,60.16881608944822,60.175192456044556,60.176452891559045,60.174710018586,60.17124175432063
0.04056,60.0000157182118,60.01972531844814,60.07542139492924,60.12226007788838,60.15096346165538,60.16617454073355,60.17286497283445,60.17441627584629,60.17292751968812,60.16967635756567
0.040799999999999996,60.0000134943358,60.018653669777585,60.07288121722962,60.119275721495036,60.148074149302374,60.16355921372704,60.17055503936833,60.172391429020415,60.17115290846368,60.16811620886943
0.04103999999999999,60.00001157468085,60.01763448579387,60.070412557268426,60.11634748960757,60.14522380387058,60.160970177197534,60.168262782702385,60.1703784901583,60.16938631780249,60.16656142858779
0.04128,60.00000991917773,60.01666554705173,60.06801396084833,60.11347483751955,60.14241231219454,60.158407491493364,60.165988323980415,60.16837759423892,60.16762787774018,60.16501213506698
0.041519999999999994,60.000008492810885,60.01574470786704,60.06568398188379,60.11065721011856,60.13963955018027,60.155871208656166,60.163731778477086,60.166388872155544,60.16587771545702,60.163468444637054
0.04176,60.00000726501257,60.014869894987555,60.06342118326501,60.10789404246522,60.13690538307655,60.153361372536644,60.161493255642874,60.16441245072913,60.16413595527763,60.16193047160598
0.041999999999999996,60.00000620912527,60.014039106222015,60.06122413768333,60.10518476036455,60.134209665746845,60.15087801891227,60.15927285915068,60.16244845272302,60.16240271867154,60.16039832825436
0.04224,60.00000530192534,60.01325040903261,60.05909142841827,60.10252878092962,60.13155224294157,60.14842117560674,60.15707068694407,60.16049699685879,60.160678124254666,60.15887212483073
0.04248,60.00000452320145,60.01250193909534,60.05702165008665,60.0999255131369,60.12893294957065,60.14599086261118,60.15488683128704,60.15855819783329,60.15896228779156,60.157351969547456
0.042719999999999994,60.00000385538174,60.011791898832946,60.055013409354316,60.09737435837338,60.12635161097607,60.14358709220688,60.1527213788154,60.1566321663369,60.15725532219856,60.15583796857725
0.04296,60.000003283204826,60.011118555924696,60.05306532561095,60.09487471097484,60.12380804320426,60.14120986908962,60.15057441058956,60.154719009072856,60.15555733754772,60.15433022605023
0.043199999999999995,60.00000279342943,60.01048024179712,60.05117603160831,60.09242595875539,60.1213020532781,60.13885919049536,60.14844600214877,60.15281882877777,60.15386844107161,60.1528288440516
0.04344,60.000002374578685,60.009875350099705,60.04934417406267,60.09002748352782,60.11883343946851,60.13653504632724,60.14633622356677,60.150931724243186,60.152188737168835,60.15133392261991
0.04368,60.00000201671516,60.00930233516929,60.04756841422189,60.087678661614625,60.1164019915653,60.13423741928385,60.144245139508726,60.14905779033826,60.150518327410474,60.149845559745856
0.043919999999999994,60.00000171124304,60.00875971048668,60.045847428397785,60.085378864349565,60.11400749114711,60.13196628498861,60.14217280928955,60.14719711803347,60.14885731054718,60.14836385137168
0.04416,60.000001450734565,60.00824604712892,60.04417990846436,60.08312745856946,60.11164971185046,60.129721612120164,60.140119286933356,60.145349794425336,60.14720578251711,60.1468888913911
0.044399999999999995,60.00000122877781,60.00775997222039,60.04256456232265,60.08092380709623,60.1093284196375,60.12750336254382,60.138084621234235,60.143515902762196,60.14556383645465,60.14542077164984
0.04464,60.0000010398433,60.007300167385715,60.04100011433276,60.07876726920883,60.107043373062496,60.12531149144372,60.136068855818095,60.141695522470926,60.14393156269979,60.143959581946675
0.044879999999999996,60.00000087916739,60.00686536720739,60.039485305713825,60.07665720110517,60.104794323536815,60.12314594745592,60.13407202920565,60.13988872918461,60.142309048808336,60.14250541003502
0.04511999999999999,60.00000074265032,60.006454357690636,60.038018894912646,60.07459295635361,60.1025810155923,60.12100667280205,60.13209417487643,60.13809559477122,60.1406963795628,60.141058341625076
0.04536,60.00000062676728,60.006065974738135,60.036599657941665,60.07257388633429,60.10040318714282,60.11889360342366,60.1301353213339,60.13631618736307,60.13909363698396,60.13961846038651
0.045599999999999995,60.00000052849075,60.00569910263685,60.03522638868703,60.07059934066983,60.09826056974398,60.116806669117,60.12819549217145,60.13455057138729,60.13750090034322,60.13818584795161
0.04584,60.00000044522301,60.005352672559056,60.033897899187586,60.06866866764558,60.09615288885073,60.11474579366833,60.12627470613932,60.13279880759709,60.135918246175564,60.13676058391904
0.046079999999999996,60.000000374737326,60.005025661079685,60.032613019885474,60.06678121461927,60.09407986407287,60.11271089498947,60.12437297721249,60.13106095310388,60.134345748293235,60.13534274585805
0.04631999999999999,60.00000031512687,60.00471708871169,60.0313705998491,60.064936328419904,60.092041209428174,60.11070188525375,60.122490314659295,60.12933706141023,60.13278347780003,60.13393240931316
0.04656,60.00000026476041,60.00442601846121,60.03016950696941,60.06313335573607,60.09003663359319,60.10871867103198,60.120626723110895,60.12762718244353,60.131231503106314,60.13252964780948
0.046799999999999994,60.00000022224387,60.004151554403926,60.02900862813006,60.06137164349338,60.08806584015145,60.10676115342873,60.118782202631465,60.12593136259052,60.12968988994458,60.131134532858304
0.04704,60.00000018638703,60.003892840284244,60.02788686935242,60.05965053922126,60.086128527839044,60.10482922821844,60.11695674878908,60.12424964473252,60.128158701385686,60.12974713396343
0.047279999999999996,60.00000015617471,60.00364905813831,60.0268031559162,60.05796939140889,60.084224390787504,60.102922785981676,60.11515035272724,60.12258206828134,60.1266379978557,60.128367518627726
0.04751999999999999,60.00000013074192,60.00341942694209,60.02575643245642,60.0563275498504,60.08235311876378,60.101041712241106,60.11336300123707,60.12092866921593,60.12512783715331,60.126995752360365
0.04776,60.00000010935236,60.003203201285594,60.02474566303763,60.054724365979325,60.080514397407285,60.09918588759741,60.11159467682999,60.11928948011966,60.123628274467826,60.125631898684354
0.047999999999999994,60.00000009137988,60.00299967007398,60.0237698312061,60.05315919319227,60.07870790846395,60.09735518786483,60.10984535781098,60.117664530218285,60.122139362397746,60.124276019144666
0.04824,60.00000007629255,60.00280815525638,60.022827940020896,60.051631387161954,60.07693333001708,60.095549484206494,60.1081150183523,60.11605384541848,60.1206611509699,60.12292817331666
0.048479999999999995,60.00000006363892,60.00262801058314,60.02191901206445,60.05014030613949,60.075190336715075,60.09376864326923,60.106403628567655,60.114457448346954,60.119193687659084,60.1215884188151
0.04871999999999999,60.00000005303623,60.00245862039191,60.021042089433685,60.04868531124616,60.073478599995816,60.09201252731797,60.10471115458671,60.11287535839025,60.117737017408274,60.12025681130348
0.04896,60.00000004416026,60.002299398423226,60.02019623371222,60.047265766754535,60.07179778830772,60.09028099436965,60.10303755863007,60.111307591734914,60.11629118264928,60.11893340450383
0.049199999999999994,60.000000036736665,60.00214978666571,60.01938052592465,60.04588104035921,60.070147567327325,60.08857389832644,60.101382799084426,60.109754161408326,60.114856223323976,60.11761825020693
0.04944,60.00000003053353,60.002009254231346,60.01859406647355,60.04453050343707,60.06852760017344,60.08689108910836,60.099746830578106,60.10821507731995,60.11343217690599,60.11631139828293
0.049679999999999995,60.000000025354986,60.001877296260936,60.01783597506,60.04321353129728,60.06693754761767,60.08523241278522,60.09812960405678,60.10669034630309,60.112019078422776,60.115012896692335
0.04991999999999999,60.00000002103579,60.00175343285987,60.017105390588526,60.04192950342099,60.065377068291355,60.08359771170766,60.09653106685937,60.10517997215709,60.1106169604783,60.113722791497445
0.050159999999999996,60.00000001743667,60.001637208064224,60.016401471056916,60.04067780369098,60.06384581888885,60.08198682463748,60.09495116279416,60.10368395568991,60.10922585327604,60.1124411268741
0.05039999999999999,60.00000001444033,60.00152818883715,60.01572339343198,60.03945782061128,60.062343454367074,60.08039958687702,60.093389832214946,60.102202294761206,60.10784578464242,60.111167945123896
0.05064,60.00000001194814,60.00142596409552,60.015070353511824,60.03826894751685,60.06086962814127,60.078835830397594,60.091847012097354,60.10073498432566,60.10647678005077,60.10990328668664
0.050879999999999995,60.00000000987716,60.00133014376652,60.01444156577524,60.03711058277347,60.059423992277,60.077295383966955,60.0903226361151,60.09928201647678,60.10511886264553,60.108647190153256
0.05112,60.000000008157805,60.00124035787422,60.013836263219275,60.035982129968076,60.05800619767825,60.075778073275686,60.088816634716345,60.09784338049093,60.10377205326697,60.10739969227906
0.051359999999999996,60.00000000673168,60.00115625565552,60.01325369718521,60.03488299808944,60.05661589427175,60.0742837210625,60.08732893519998,60.096419062871746,60.102436370476184,60.10616082799725
0.05159999999999999,60.00000000554987,60.00107750470552,60.01269313717408,60.033812601699516,60.05525273118724,60.07281214723842,60.085859461791834,60.09500904739482,60.10111183058048,60.10493063043286
0.05184,60.000000004571426,60.001003790151685,60.01215387065203,60.03277036109562,60.05391635693395,60.07136316900976,60.084408135720786,60.093613315152574,60.09979844765916,60.103709130916975
0.052079999999999994,60.00000000376209,60.00093481385651,60.01163520284641,60.031755702463386,60.052606419573024,60.06993660099982,60.08297487529479,60.092231844599496,60.098496233589536,60.10249635900124
0.05232,60.00000000309326,60.00087029364826,60.011136456533166,60.03076805802087,60.05132256688604,60.06853225536941,60.08155959597662,60.090864611597496,60.09720519807334,60.10129234247276
0.052559999999999996,60.00000000254104,60.000809962579346,60.01065697181605,60.029806866153805,60.0500644465395,60.067149941935995,60.080162210459584,60.0895115894615,60.095925348663364,60.10009710736918
0.05279999999999999,60.000000002085535,60.0007535682117,60.01019610589843,60.02887157154233,60.04883170624533,60.065789468291456,60.078782628742815,60.08817274900522,60.09465669079049,60.098910677994155
0.05304,60.00000000171014,60.00070087192886,60.009753232848176,60.027961625279126,60.047623993917384,60.06445063991855,60.07742075820645,60.08684805858704,60.093399227790854,60.09773307693305
0.053279999999999994,60.000000001401055,60.00065164827398,60.00932774335624,60.02707648497932,60.04644095782391,60.06313326030585,60.07607650368645,60.08553748415611,60.09215296093342,60.09656432506892
0.05352,60.0000000011468,60.00060568431338,60.0089190444894,60.026215614882304,60.04528224673607,60.06183713106131,60.07474976754908,60.08424098929848,60.09091788944768,60.095404441598774
0.053759999999999995,60.00000000093784,60.00056277902499,60.00852655943794,60.02537848594553,60.04414751007234,60.06056205202426,60.07344044976506,60.082958535283346,60.08969401055168,60.094253444050054
0.05399999999999999,60.00000000076626,60.00052274271106,60.008149727258434,60.02456457593054,60.04303639803901,60.059307821375945,60.072148447983366,60.081690081109365,60.088481319480174,60.0931113482974
0.05424,60.00000000062552,60.00048539643463,60.00778800261252,60.02377336948143,60.04194856176659,60.058074235748464,60.070873657604565,60.08043558355106,60.08727980951306,60.09197816857964
0.054479999999999994,60.00000000051016,60.000450571479,60.007440855501876,60.02300435819584,60.04088365344234,60.05686109033216,60.06961597185372,60.07919499720518,60.08608947200402,60.09085391751698
0.05472,60.00000000041571,60.00041810882977,60.00710777099999,60.02225704068874,60.03984132643871,60.05566817898139,60.06837528185289,60.07796827453715,60.08491029640921,60.08973860612848
0.054959999999999995,60.00000000033843,60.0003878586786,60.00678824898121,60.021530922649134,60.03882123543788,60.054495294318684,60.06715147669307,60.076755365927454,60.083742270316336,60.088632243849666
0.05519999999999999,60.00000000027528,60.000359679948254,60.00648180384743,60.02082551688987,60.03782303655235,60.053342227837206,60.06594444350566,60.07555621971804,60.08258537947366,60.08753483855043
0.055439999999999996,60.00000000022371,60.00033343983817,60.00618796425289,60.0201403433908,60.036846387441635,60.05220877000162,60.064754067533386,60.07437078225863,60.08143960781931,60.086446396553036
0.05567999999999999,60.00000000018163,60.000309013390044,60.0059062728275,60.019474929335345,60.035890947425,60.0510947103472,60.06358023220067,60.073198997953014,60.08030493751064,60.08536692265038
0.05592,60.00000000014734,60.00028628307261,60.00563628589907,60.01882880914086,60.03495637759042,60.049999837577246,60.062422819183396,60.07204080930522,60.079181348953725,60.08429642012441
0.056159999999999995,60.000000000119414,60.000265138385195,60.0053775732148,60.018201524482684,60.034042340899596,60.04892393965879,60.06128170847809,60.070896156965645,60.07806882083298,60.0832348907647
0.05639999999999999,60.00000000009669,60.00024547547934,60.00512971766241,60.017592624312414,60.03314850228925,60.047866803916556,60.06015677847046,60.069764979777,60.07696733014086,60.08218233488723
0.056639999999999996,60.000000000078224,60.00022719679779,60.00489231499129,60.01700166487026,60.03227452876861,60.04682821712514,60.059047906003315,60.068647214820174,60.075876852207614,60.081138751353244
0.05687999999999999,60.000000000063224,60.00021021073042,60.00466497353389,60.01642820969185,60.03142008951311,60.04580796559944,60.05795496644378,60.06754279745993,60.074797360731154,60.08010413758837
0.05712,60.00000000005106,60.00019443128636,60.004447313927834,60.0158718296097,60.03058485595449,60.044805835283334,60.05687783374986,60.066451661390445,60.07372882780696,60.07907848960175
0.057359999999999994,60.0000000000412,60.0001797777817,60.004238968838855,60.015332102749326,60.029768501867125,60.043821611836535,60.05581638053629,60.065373738680655,60.07267122395802,60.07806180200539
0.0576,60.00000000003321,60.00016617454242,60.00403958268497,60.01480861452043,60.02897070345079,60.042855080719654,60.05477047813966,60.06430895981942,60.07162451816481,60.077054068033604
0.057839999999999996,60.000000000026745,60.00015355062165,60.00384881136212,60.01430095760316,60.02819113940982,60.04190602727747,60.053739996682786,60.06325725376046,60.070588677895344,60.076055279562574
0.05807999999999999,60.00000000002152,60.00014183953096,60.003666321971565,60.01380873192966,60.02742949102876,60.04097423682039,60.052724805138375,60.06221854796709,60.06956366913513,60.075065427130006
0.05832,60.0000000000173,60.000130978985005,60.003491792549156,60.01333154466118,60.02668544224449,60.0400594947041,60.051724771391875,60.0611927684567,60.068549456417244,60.074084499954914
0.058559999999999994,60.0000000000139,60.00012091065904,60.003324911796874,60.01286901016083,60.02595867971491,60.039161586407424,60.050739762303586,60.060179839844956,60.067546002852325,60.07311248595744
0.0588,60.00000000001115,60.000111579958734,60.00316537881669,60.012420749962104,60.02524889288425,60.03828029760828,60.0497696437699,60.05917968538979,60.06655327015855,60.07214937177884
0.059039999999999995,60.00000000000894,60.00010293580178,60.00301290284708,60.01198639273354,60.02455577404501,60.03741541425794,60.04881428078384,60.05819222703508,60.06557121869162,60.071195142801486
0.05927999999999999,60.00000000000716,60.00009493041092,60.00286720300226,60.01156557423945,60.02387901839664,60.0365667226534,60.04787353749466,60.057217385454,60.06459980747467,60.07024978316891
0.059519999999999997,60.000000000005734,60.00008751911765,60.00272800801438,60.01115793729702,60.02321832410091,60.035734009507905,60.04694727726671,60.05625508009212,60.06363899422813,60.06931327580603
0.059759999999999994,60.00000000000458,60.000080660176465,60.00259505597886,60.01076313173002,60.022573392334166,60.034917062019794,60.04603536273738,60.05530522921016,60.06268873539952,60.06838560243928
0.06,60.00000000000366,60.000074314588836,60.00246809410292,60.01038081431904,60.0219439273364,60.03411566793936,60.04513765587424,60.05436774992642,60.06174898619324,60.067466743616876
0.060239999999999995,60.00000000000292,60.000068445936776,60.00234687845752,60.01001064874869,60.02132963645727,60.03332961563406,60.04425401803129,60.053442558258844,60.06081970060014,60.06655667872914
0.06047999999999999,60.00000000000233,60.00006302022538,60.00223117373285,60.0096523055517,60.02073023019905,60.03255869415184,60.04338431000433,60.05252956916679,60.05990083142717,60.06565538602877
0.060719999999999996,60.000000000001855,60.000058005734004,60.002120752997364,60.00930546205024,60.02014542225666,60.0318026932827,60.042528392085465,60.051628696592346,60.058992330326795,60.06476284265122
0.06095999999999999,60.00000000000148,60.000053372875655,60.00201539746062,60.00896980229453,60.019574929554786,60.0310614036185,60.04168612411671,60.050739853501355,60.058094147826345,60.06387902463503
0.0612,60.00000000000117,60.000049094064224,60.00191489623989,60.008645016998855,60.019018472282085,60.03033461661092,60.04085736554269,60.04986295192402,60.0572062333573,60.06300390694224
0.061439999999999995,60.00000000000093,60.000045143589155,60.00181904613073,60.008330803475204,60.01847577392267,60.02962212462777,60.040041975462465,60.04899790299508,60.05632853528435,60.06213746347875
0.06167999999999999,60.00000000000074,60.000041497497214,60.00172765138142,60.0080268655647,60.017946561284816,60.02892372100744,60.03923981268038,60.04814461699368,60.05546100093443,60.0612796671147
0.061919999999999996,60.00000000000059,60.000038133481056,60.001640523471615,60.00773291356684,60.017430564527025,60.02823920011167,60.03845073575608,60.0473030033827,60.0546035766255,60.06043048970484
0.06215999999999999,60.00000000000047,60.00003503077409,60.001557480894895,60.007448664166766,60.01692751718143,60.027568357376595,60.037674603053546,60.046472970847766,60.053756207695294,60.0595899021089
0.0624,60.00000000000037,60.00003217005161,60.001478348945625,60.00717384036076,60.01643715617467,60.02691098936205,60.03691127278923,60.04565442733578,60.05291883852977,60.058757874211906
0.06264,60.00000000000029,60.000029533337525,60.0014029595099,60.00690817137992,60.01595922184628,60.026266893799196,60.036160603079274,60.04484728009304,60.052091412591544,60.05793437494451
0.06287999999999999,60.00000000000023,60.00002710391672,60.00133115086079,60.00665139261235,60.01549345796464,60.02563586963643,60.035422451985745,60.044051435702855,60.05127387244804,60.057119372303255
0.06312,60.000000000000185,60.00002486625257,60.001262767457696,60.00640324552382,60.015039611740534,60.02501771708369,60.03469667756201,60.04326680012282,60.050466159799505,60.056312833370804
0.06336,60.00000000000014,60.00002280590939,60.001197659750105,60.006163477577104,60.0145974338384,60.02441223765504,60.03398313789712,60.0424932787215,60.04966821550683,60.055514724336156
0.06359999999999999,60.000000000000114,60.0000209094795,60.00113568398554,60.00593184215013,60.014166678385365,60.023819234209654,60.033281691159274,60.04173077631475,60.048879979619144,60.05472501051476
0.06384,60.00000000000009,60.000019164514875,60.00107670202176,60.005708098452985,60.013747102978044,60.02323851099116,60.03259219563838,60.0409791972015,60.04810139140129,60.053943656368624
0.06408,60.00000000000007,60.00001755946279,60.001020581143315,60.005492011443934,60.01333846868721,60.02266987366544,60.03191450978761,60.0402384451991,60.047332389360996,60.0531706255263
0.06431999999999999,60.00000000000006,60.00001608360553,60.00096719388225,60.00528335174458,60.01294054006043,60.02211312935677,60.03124849226409,60.03950842367816,60.04657291127587,60.0524058808029
0.06455999999999999,60.00000000000004,60.00001472700386,60.000916417843165,60.00508189555422,60.01255308512267,60.02156808668244,60.03059400196857,60.0387890355969,60.04582289422019,60.05164938421991
0.0648,60.000000000000036,60.00001348044392,60.00086813553244,60.00488742456353,60.01217587537493,60.021034555785846,60.02995089808429,60.03808018353504,60.045082274591465,60.050901097025026
0.06504,60.00000000000003,60.00001233538758,60.000822234191695,60.00469972586769,60.01180868579104,60.02051234836804,60.02931904011474,60.037381769727126,60.044350988136735,60.05016097971189
0.06527999999999999,60.00000000000002,60.00001128392585,60.000778605635425,60.004518591879,60.01145129481255,60.020001277717746,60.028698287920655,60.036693696095426,60.043628969978634,60.04942899203968
0.06552,60.000000000000014,60.00001031873531,60.000737146092774,60.00434382023912,60.011103484341945,60.01950115874,60.028088501755974,60.03601586428227,60.04291615464126,60.04870509305268
0.06576,60.000000000000014,60.000009433037306,60.00069775605346,60.00417521373103,60.01076503973404,60.0190118079832,60.02748954230291,60.03534817568189,60.04221247607573,60.0479892410997
0.06599999999999999,60.00000000000001,60.00000862055979,60.00066034011771,60.00401258019073,60.01043574978582,60.01853304366481,60.02690127070611,60.03469053147178,60.04151786768553,60.04728139385342
0.06624,60.00000000000001,60.00000787550167,60.000624806850304,60.00385573241887,60.010115406724594,60.01806468569563,60.02632354860589,60.034042832643465,60.04083226235157,60.046581508329595
0.06648,60.00000000000001,60.00000719249944,60.00059106863853,60.00370448809228,60.0098038061947,60.017606555702635,60.02575623817051,60.033404980032834,60.04015559245702,60.04588954090622
0.06671999999999999,60.00000000000001,60.00000656659604,60.000559041554126,60.00355866967554,60.009500747242605,60.01715847705054,60.02519920212765,60.03277687434991,60.03948778991182,60.04520544734247
0.06695999999999999,60.00000000000001,60.00000599321179,60.000528645219106,60.00341810433268,60.00920603230073,60.016720274861896,60.02465230379488,60.0321584162081,60.03882878617696,60.0445291827976
0.0672,60.0,60.00000546811724,60.000499802675385,60.00328262383901,60.008919467169775,60.01629177603597,60.02411540710925,60.03154950615288,60.03817851228849,60.04386070184973
0.06744,60.0,60.00000498740782,60.00047244025819,60.00315206449322,60.00864086099975,60.01587280926626,60.02358837665605,60.03095004469006,60.03753689888121,60.0431999585144
0.06767999999999999,60.0,60.00000454748029,60.00044648747323,60.003026267029746,60.008370026269816,60.01546320505678,60.02307107769663,60.03035993231342,60.0369038762121,60.04254690626311
0.06792,60.0,60.00000414501068,60.000421876877446,60.00290507653156,60.00810677876682,60.01506279573707,60.022563376195336,60.02977906953183,60.03627937418349,60.04190149804165
0.06816,60.0,60.00000377693379,60.00039854396341,60.00278834234336,60.00785093756274,60.01467141547598,60.02206513884562,60.029207356895895,60.03566332236589,60.041263686288325
0.06839999999999999,60.0,60.00000344042414,60.00037642704724,60.00267591798519,60.00760232499097,60.01428890029428,60.02157623309525,60.02864469502404,60.035055650020524,60.04063342295199
0.06863999999999999,60.0,60.00000313287813,60.00035546716,60.00256766106668,60.0073607666216,60.01391508807606,60.021096527170684,60.02809098462801,60.03445628612164,60.04001065951002
0.06888,60.0,60.00000285189758,60.00033560794244,60.00246343320184,60.00712609123564,60.01354981857901,60.02062589010056,60.02754612653793,60.033865159378436,60.039395346986
0.06911999999999999,60.0,60.00000259527425,60.00031679554313,60.00236309992446,60.006898130798334,60.01319293344353,60.0201641917384,60.02701002172679,60.03328219825675,60.03878743596743
0.06935999999999999,60.0,60.00000236097567,60.00029897851985,60.002266530604224,60.006676720431535,60.0128442762008,60.019711302784444,60.0264825713344,60.03270733100036,60.038186876623094
0.0696,60.0,60.000002147131724,60.00028210774417,60.00217359836354,60.006461698385216,60.01250369227973,60.01926709480665,60.025963676690786,60.032140485652114,60.03759361872041
0.06984,60.0,60.00000195202239,60.0002661363091,60.002084179995144,60.0062529060082,60.012171029012855,60.01883144026094,60.02545323933917,60.03158159007459,60.037007611642515
0.07007999999999999,60.0,60.00000177406625,60.000251019439936,60.00199815588048,60.006050187718095,60.01184613564122,60.018404212510575,60.024951161058254,60.031030571970575,60.03642880440527
0.07032,60.0,60.00000161180987,60.00023671440795,60.001915409908925,60.0058533909705,60.011528863318276,60.01798528584475,60.02445734388413,60.03048735890315,60.03585714567402
0.07056,60.0,60.00000146391795,60.00022318044708,60.00183582939793,60.005662366227554,60.011219065112755,60.01757453549645,60.023971690131596,60.029951878315536,60.035292583780226
0.07079999999999999,60.0,60.000001329164114,60.00021037867349,60.00175930501402,60.00547696692584,60.010916596010645,60.01717183765946,60.023494102414936,60.029424057550514,60.034735066737895
0.07103999999999999,60.0,60.00000120642251,60.000198272007836,60.001685730694696,60.0052970494437,60.010621312916186,60.016777069504656,60.02302448366824,60.02890382386965,60.03418454225989
0.07128,60.0,60.00000109465993,60.00018682510029,60.0016150035714,60.00512247306795,60.010333074652024,60.01639010919551,60.022562737165124,60.028391104472114,60.03364095777395
0.07152,60.0,60.000000992928484,60.000176004258236,60.001547023893366,60.0049530999602,60.010051741958414,60.01601083590291,60.022108766538054,60.02788582651324,60.03310426043866
0.07175999999999999,60.0,60.000000900358955,60.000165777376466,60.00148169495254,60.00478879512254,60.009777177491635,60.01563912981915,60.021662475797015,60.02738791712271,60.03257439715915
0.072,60.0,60.000000816154504,60.00015611386994,60.00141892300947,60.00462942636296,60.00950924582153,60.015274872171254,60.021223769347785,60.026897303422444,60.032051314602626
0.07224,60.0,60.000000739584934,60.000146984609,60.0013586172203,60.004474864260224,60.00924781342827,60.01491794523362,60.020792552009645,60.02641391254419,60.031534959213715
0.07247999999999999,60.0,60.00000066998135,60.00013836185689,60.00130068956481,60.00432498212848,60.008992748698304,60.01456823233987,60.02036872903262,60.02593767164678,60.03102527722964
0.07271999999999999,60.0,60.000000606731234,60.000130219209616,60.00124505477554,60.00417965598152,60.00874392191961,60.014225617894084,60.01995220611418,60.025468507933006,60.03052221469519
0.07296,60.0,60.000000549273935,60.000122531538096,60.00119163026797,60.00403876449671,60.00850120527614,60.013889987381326,60.01954288941548,60.02500634866628,60.030025717477486
0.07319999999999999,60.0,60.0000004970964,60.000115274932384,60.00114033607186,60.00390218897877,60.00826447284161,60.0135612273775,60.01914068557711,60.024551121186896,60.029535731280546
0.07343999999999999,60.0,60.00000044972937,60.00010842664812,60.0010910947637,60.003769813323174,60.00803360057255,60.01323922555855,60.01874550173431,60.02410275292796,60.02905220165971
0.07368,60.0,60.00000040674375,60.00010196505491,60.001043831400224,60.00364152397951,60.00780846630078,60.01292387070902,60.01835724553175,60.02366117143109,60.028575074035814
0.07392,60.0,60.00000036774734,60.00009586958683,60.00099847345314,60.00351720991457,60.00758894972513,60.01261505272997,60.017975825137846,60.02322630436168,60.02810429370914
0.07415999999999999,60.0,60.000000332381774,60.00009012069471,60.00095495074493,60.0033967625754,60.00737493240264,60.01231266264628,60.01760114925851,60.02279807952392,60.027639805873285
0.0744,60.0,60.00000030031974,60.000084699800425,60.000913195385856,60.00328007585213,60.00716629773908,60.01201659261334,60.01723312715053,60.022376424875496,60.02718155562869
0.07464,60.0,60.00000027126239,60.00007958925287,60.00087314171206,60.003167046040886,60.00696293097901,60.01172673592312,60.01687166863445,60.021961268541894,60.026729487996036
0.07487999999999999,60.0,60.00000024493695,60.00007477228581,60.000834726224845,60.003057571806494,60.00676471919512,60.01144298700968,60.01651668410692,60.02155253883048,60.02628354792947
0.07511999999999999,60.0,60.00000022109456,60.000070232977286,60.00079788753107,60.002951554145284,60.006571551277226,60.01116524145411,60.0161680845527,60.021150164244226,60.02584368032956
0.07536,60.0,60.00000019950824,60.00006595621078,60.00076256628473,60.00284889634786,60.00638331792061,60.010893395988845,60.01582578155618,60.0207540734951,60.02540983005607
0.07559999999999999,60.0,60.00000017997106,60.00006192763791,60.00072870512967,60.00274950396186,60.00619991161396,60.01062734850153,60.01548968731237,60.020364195517146,60.024981941940574
0.07583999999999999,60.0,60.0000001622944,60.00005813364263,60.00069624864344,60.00265328475482,60.00602122662681,60.01036699803823,60.015159714637534,60.01998045947932,60.02455996079878
0.07608,60.0,60.00000014630644,60.000054561307,60.00066514328231,60.002560148677134,60.00584715899648,60.0101122448062,60.01483577697941,60.01960279479788,60.024143831442764
0.07632,60.0,60.00000013185068,60.00005119837825,60.00063533732738,60.00247000782502,60.00567760651474,60.00986299017612,60.01451778842689,60.019231131148615,60.02373349869285
0.07655999999999999,60.0,60.00000011878467,60.00004803323736,60.00060678083186,60.002382776403685,60.00551246871388,60.00961913668374,60.014205663719395,60.01886539847863,60.02332890738944
0.0768,60.0,60.00000010697873,60.00004505486886,60.000579425569455,60.00229837069063,60.005351646852525,60.00938058803119,60.01389931825571,60.01850552701794,60.02293000240454
0.07704,60.0,60.00000009631492,60.00004225283201,60.000553224983875,60.00221670899905,60.00519504390105,60.00914724908767,60.013598668102524,60.01815144729068,60.0225367286531
0.07727999999999999,60.0,60.00000008668596,60.00003961723309,60.00052813413947,60.00213771164148,60.005042564526576,60.00891902588972,60.013303630002476,60.017803090126016,60.02214903110418
0.07751999999999999,60.0,60.00000007799432,60.00003713869906,60.00050410967293,60.002061300893594,60.00489411507776,60.008695825641055,60.013014121381836,60.01746038666885,60.02176685479184
0.07776,60.0,60.00000007015139,60.00003480835216,60.000481109746104,60.00198740095823,60.00474960356917,60.0084775567119,60.01273006035777,60.01712326839008,60.02139014482594
0.078,60.0,60.000000063076655,60.0000326177858,60.00045909399988,60.00191593792964,60.004608939665374,60.008264128637975,60.01245136574523,60.01679166709666,60.021018846402605
0.07823999999999999,60.0,60.000000056697,60.0000305590414,60.00043802350917,60.001846839757995,60.00447203466483,60.00805545211892,60.01217795706344,60.016465514941345,60.02065290481457
0.07848,60.0,60.000000050946056,60.00002862458629,60.00041786073891,60.00178003621413,60.00433880148342,60.00785143901647,60.01190975454203,60.01614474443216,60.0202922654613
0.07872,60.0,60.0000000457636,60.000026807292606,60.00039856950115,60.001715458854584,60.00420915463778,60.00765200235211,60.01164667912675,60.01582928844153,60.019936873858924
0.07895999999999999,60.0,60.000000041094985,60.00002510041712,60.00038011491317,60.00165304098689,60.00408301022842,60.007457056304375,60.01138865248487,60.01551908021516,60.019586675649904
0.07919999999999999,60.0,60.000000036890675,60.00002349758197,60.00036246335657,60.0015927176352,60.0039602859226,60.00726651620581,60.01113559701019,60.01521405338063,60.019241616612554
0.07944,60.0,60.00000003310575,60.00002199275629,60.00034558243745,60.001534425506215,60.00384090093705,60.007080298539506,60.01088743582767,60.01491414195572,60.01890164267039
0.07967999999999999,60.0,60.000000029699514,60.00002058023866,60.000329440947525,60.00147810295541,60.00372477602043,60.006898320935306,60.01064409279779,60.01461928035641,60.01856669990117
0.07991999999999999,60.0,60.0000000266351,60.000019254640385,60.000314008826265,60.001423689953604,60.00361183343572,60.00672050216568,60.01040549252047,60.01432940340463,60.01823673454585
0.08016,60.0,60.000000023879124,60.00001801086949,60.000299257123956,60.0013711280539,60.00350199694244,60.00654676214123,60.010171560338705,60.014044446335774,60.01791169301727
0.0804,60.0,60.00000002140137,60.000016844115564,60.00028515796578,60.00132036035891,60.00339519177863,60.00637702190592,60.009942222341884,60.013764344805864,60.01759152190864
0.08063999999999999,60.0,60.00000001917449,60.00001574983519,60.00027168451676,60.00127133148845,60.003291344642875,60.00621120363195,60.00971740536875,60.01348903489852,60.01727616800191
0.08088,60.0,60.000000017173754,60.000014723738175,60.000258810947706,60.00122398754744,60.00319038367608,60.006049230614344,60.009497037010036,60.01321845313162,60.0169655782758
0.08112,60.0,60.00000001537679,60.00001376177435,60.000246512402,60.00117827609435,60.0030922384432,60.005891027265264,60.00928104561085,60.01295253646374,60.0166596999138
0.08135999999999999,60.0,60.00000001376338,60.000012860121004,60.00023476496333,60.00113414610992,60.00299683991494,60.005736519108005,60.00906936027267,60.012691222300276,60.016358480311844
0.08159999999999999,60.0,60.00000001231527,60.00001201517102,60.00022354562426,60.0010915479663,60.002904120449294,60.00558563277076,60.008861910855096,60.01243444849935,60.01606186708583
0.08184,60.0,60.00000001101594,60.00001122352143,60.00021283225571,60.001050433396564,60.00281401377306,60.0054382959801,60.00865862797732,60.01218215337748,60.015769808079014
0.08207999999999999,60.0,60.0000000098505,60.00001048196265,60.00020260357725,60.00101075546469,60.00272645496335,60.00529443755419,60.008459443019234,60.01193427571497,60.0154822513691
0.08231999999999999,60.0,60.00000000880551,60.00000978746816,60.00019283912823,60.000972468535856,60.002641380429004,60.005153987395815,60.00826428812234,60.01169075476107,60.01519914527523
0.08256,60.0,60.00000000786882,60.00000913718473,60.00018351923973,60.00093552824719,60.00255872789201,60.005016876485115,60.008073096190344,60.01145153023885,60.014920438364754
0.0828,60.0,60.000000007029485,60.00000852842315,60.0001746250073,60.00089989147894,60.00247843636893,60.00488303687213,60.00788580088949,60.01121654234994,60.0146460794598
0.08303999999999999,60.0,60.000000006277645,60.00000795864932,60.00016613826454,60.00086551632603,60.00240044615228,60.004752401669144,60.00770233664863,60.01098573177891,60.0143760176437
0.08327999999999999,60.0,60.0000000056044,60.000007425475914,60.00015804155736,60.00083236207008,60.00232469879194,60.00462490504279,60.00752263865904,60.010759039697504,60.01411020226717
0.08352,60.0,60.00000000500174,60.00000692665435,60.000150318119054,60.00080038915178,60.00225113707661,60.00450048220599,60.00734664287398,60.01053640776861,60.01384858295438
0.08375999999999999,60.0,60.00000000446243,60.00000646006726,60.00014295184609,60.00076955914375,60.00217970501524,60.00437906940971,60.00717428600803,60.010317778150025,60.0135911096088
0.08399999999999999,60.0,60.00000000397998,60.000006023721234,60.000135927274634,60.00073983472379,60.00211034781853,60.00426060393449,60.00700550553616,60.01010309349796,60.013337732418854
0.08424,60.0,60.00000000354854,60.000005615740044,60.00012922955778,60.00071117964857,60.00204301188047,60.00414502408191,60.0068402396926,60.00989229697038,60.01308840186346
0.08448,60.0,60.00000000316284,60.00000523435812,60.00012284444342,60.00068355872775,60.00197764475993,60.004032269165776,60.00667842746943,60.00968533223007,60.01284306871733
0.08471999999999999,60.0,60.000000002818155,60.000004877914435,60.000116758252894,60.00065693779849,60.00191419516235,60.00392227950325,60.00652000861504,60.00948214344756,60.01260168405613
0.08496,60.0,60.00000000251021,60.00000454484665,60.00011095786018,60.00063128370046,60.00185261292139,60.00381499640578,60.00636492363229,60.0092826753038,60.012364199261455
0.0852,60.0,60.0000000022352,60.00000423368559,60.000105430671816,60.00060656425117,60.00179284898081,60.00371036216992,60.00621311377651,60.00908687299259,60.01213056602564
0.08543999999999999,60.0,60.00000000198967,60.000003943050004,60.00010016460741,60.00058274822188,60.001734855376334,60.00360832006805,60.00606452105327,60.0088946822229,60.01190073635643
0.08567999999999999,60.0,60.00000000177053,60.0000036716416,60.00009514808075,60.00055980531376,60.00167858521761,60.00350881433889,60.005919088216004,60.008706049220955,60.01167466258142
0.08592,60.0,60.00000000157502,60.00000341824036,60.00009036998159,60.00053770613462,60.001623992670325,60.00341179017805,60.00577675876335,60.00852092073207,60.0114522973524
0.08615999999999999,60.0,60.00000000140064,60.00000318170003,60.0000858196579,60.00051642217596,60.00157103293838,60.00331719372827,60.00563747693645,60.00833924402241,60.011233593649486
0.08639999999999999,60.0,60.00000000124517,60.00000296094395,60.00008148689878,60.000495925790524,60.00151966224618,60.00322497206982,60.005501187715886,60.00816096688045,60.01101850478513
0.08664,60.0,60.00000000110659,60.00000275496106,60.00007736191792,60.000476190170225,60.00146983782108,60.00313507321056,60.00536783681863,60.007986037618345,60.01080698440795
0.08688,60.0,60.00000000098312,60.00000256280206,60.000073435337534,60.00045718932448,60.00142151787588,60.0030474460761,60.00523737069469,60.00781440507302,60.01059898650641
0.08711999999999999,60.0,60.00000000087314,60.000002383575925,60.00006969817292,60.000438898058995,60.00137466159156,60.00296204049982,60.00510973652366,60.00764601860721,60.010394465412325
0.08736,60.0,60.000000000775216,60.00000221644645,60.000066141817435,60.00042129195496,60.00132922910004,60.00287880721276,60.0049848822111,60.007480828110225,60.01019337580428
0.0876,60.0,60.00000000068805,60.000002060629065,60.00006275802805,60.0004043473486,60.00128518146711,60.0027976978336,60.00486275638474,60.007318783998606,60.009995672710815
0.08783999999999999,60.0,60.000000000610484,60.000001915387855,60.00005953891132,60.000388041311226,60.00124248067558,60.00271866485842,60.00474330839061,60.00715983721657,60.009801311513506
0.08807999999999999,60.0,60.00000000054148,60.00000178003264,60.00005647690992,60.00037235162959,60.00120108960847,60.00264166165055,60.004626488288906,60.00700393923635,60.00961024794992
0.08832,60.0,60.000000000480135,60.00000165391633,60.00005356478952,60.00035725678672,60.001160972032416,60.00256664243026,60.00451224684988,60.0068510420583,60.00942243811639
0.08855999999999999,60.0,60.000000000425594,60.00000153643232,60.0000507956262,60.00034273594308,60.0011220925812,60.00249356226451,60.00440053554943,60.00670109821098,60.00923783847064
0.08879999999999999,60.0,60.00000000037713,60.000001427012144,60.000048162794315,60.00032876891821,60.001084416739474,60.00242237705661,60.00429130656472,60.00655406075092,60.00905640583432
0.08904,60.0,60.00000000033407,60.00000132512314,60.00004565995466,60.00031533617266,60.00104791082664,60.00235304353587,60.00418451276956,60.006409883262364,60.00887809739539
0.08928,60.0,60.000000000295834,60.00000123026633,60.000043281043176,60.000302418790405,60.00101254198085,60.002285519247266,60.004080107729756,60.00626851985683,60.0087028707103
0.08951999999999999,60.0,60.000000000261885,60.000001141974415,60.00004102026,60.000289998461525,60.00097827814325,60.00221976254103,60.00397804569829,60.00612992517252,60.00853068370618
0.08975999999999999,60.0,60.000000000231765,60.00000105980984,60.0000388720589,60.0002780574654,60.000945088042336,60.002155732562265,60.00387828161043,60.00599405437363,60.0083614946827
0.09,60.0,60.000000000205034,60.00000098336299,60.00003683113708,60.000266578654134,60.00091294117851,60.00209338924057,60.00378077107872,60.00586086314946,60.00819526231404
0.09023999999999999,60.0,60.00000000018133,60.000000912250485,60.000034892425376,60.00025554543648,60.00088180780884,60.00203269327965,60.003685470387914,60.005730307713485,60.00803194565052
0.09047999999999999,60.0,60.00000000016032,60.00000084611362,60.00003305107878,60.00024494176202,60.00085165893192,60.001973606146926,60.003592336489724,60.00560234480221,60.00787150412023
0.09072,60.0,60.00000000014169,60.000000784616816,60.00003130246733,60.00023475210576,60.00082246627302,60.00191609006316,60.003501326997615,60.00547693167402,60.007713897530515
0.09095999999999999,60.0,60.00000000012519,60.000000727446185,60.0000296421673,60.00022496145308,60.00079420226933,60.001860107992115,60.003412400181396,60.005354026107725,60.00755908606929
0.09119999999999999,60.0,60.000000000110575,60.00000067430825,60.000028065952755,60.00021555528501,60.00076684005545,60.0018056236302,60.00332551496182,60.00523358640121,60.00740703030634
0.09144,60.0,60.00000000009763,60.00000062492862,60.00002656978736,60.00020651956385,60.00074035344898,60.00175260139616,60.00324063090506,60.005115571369814,60.00725769119439
0.09168,60.0,60.000000000086175,60.000000579050834,60.000025149816565,60.00019784071914,60.00071471693646,60.001701006420824,60.00315770821711,60.00499994034467,60.00711103007015
0.09191999999999999,60.0,60.00000000007604,60.000000536435245,60.000023802360026,60.000189505634,60.00068990565929,60.001650804536816,60.00307670773819,60.00488665317089,60.006967008655195
0.09215999999999999,60.0,60.000000000067075,60.00000049685797,60.000022523904306,60.00018150163169,60.00066589540006,60.00160196226835,60.002997590936985,60.00477567020574,60.00682558905678
0.0924,60.0,60.000000000059146,60.00000046010988,60.00002131109591,60.00017381646263,60.00064266256884,60.001554446821075,60.00292031990494,60.00466695231659,60.00668673376851
0.09263999999999999,60.0,60.00000000005214,60.00000042599568,60.000020160734515,60.00016643829163,60.0006201841899,60.00150822607191,60.002844857350404,60.0045604608789,60.00655040567093
0.09287999999999999,60.0,60.00000000004595,60.00000039433304,60.0000190697665,60.000159355685504,60.000598437888414,60.001463268559,60.00277116659279,60.00445615777399,60.00641656803202
0.09312,60.0,60.00000000004048,60.000000364951774,60.00001803527872,60.000152557600956,60.00057740187749,60.00141954347163,60.002699211556646,60.00435400538682,60.00628518450757
0.09336,60.0,60.00000000003565,60.00000033769306,60.00001705449249,60.00014603337275,60.000557054945375,60.0013770206403,60.00262895676573,60.00425396660364,60.00615621914145
0.09359999999999999,60.0,60.000000000031385,60.0000003124087,60.000016124757835,60.00013977270226,60.00053737644278,60.00133567052675,60.002560367337004,60.00415600480953,60.00602963636584
0.09383999999999999,60.0,60.00000000002762,60.00000028896048,60.00001524354797,60.00013376564621,60.00051834627047,60.00129546421415,60.002493408974615,60.00406008388592,60.00590540100129
0.09408,60.0,60.0000000000243,60.00000026721948,60.00001440845395,60.00012800260577,60.00049994486704,60.001256373397254,60.002428047963846,60.003966168207995,60.00578347825678
0.09431999999999999,60.0,60.00000000002137,60.00000024706551,60.00001361717957,60.00012247431592,60.00048215319685,60.00121837037267,60.002364251165034,60.00387422264204,60.00566383372958
0.09455999999999999,60.0,60.000000000018794,60.00000022838651,60.00001286753646,60.00011717183507,60.00046495273819,60.00118142802919,60.00230198600746,60.003784212542705,60.00554643340513
0.0948,60.0,60.00000000001652,60.000000211078074,60.00001215743936,60.000112086534976,60.00044832547162,60.00114551983823,60.00224122048324,60.003696103750194,60.00543124365679
0.09503999999999999,60.0,60.000000000014516,60.000000195042894,60.00001148490159,60.0001072100909,60.00043225386848,60.00111061984425,60.00218192314116,60.003609862587425,60.00531823124549
0.09527999999999999,60.0,60.00000000001275,60.00000018019032,60.00001084803074,60.00010253447208,60.00041672087965,60.00107670265531,60.00212406308054,60.00352545585707,60.005207363319336
0.09552,60.0,60.0000000000112,60.000000166435946,60.00001024502444,60.00009805193236,60.00040170992443,60.00104374343375,60.00206760994504,60.00344285083862,60.005098607413125
0.09576,60.0,60.00000000000983,60.00000015370116,60.00000967416642,60.00009375500122,60.000387204879665,60.00101171788682,60.00201253391652,60.00336201528527,60.00499193144776
0.09599999999999999,60.0,60.000000000008626,60.000000141912764,60.000009133822616,60.00008963647487,60.00037319006904,60.00098060225752,60.001958805708824,60.0032829174209,60.00488730372966
0.09623999999999999,60.0,60.00000000000757,60.000000131002665,60.00000862243753,60.00008568940775,60.000359650252555,60.00095037331545,60.00190639656162,60.003205525936856,60.00478469295001
0.09648,60.0,60.00000000000664,60.000000120907465,60.000008138530674,60.00008190710416,60.00034657061619,60.000921008347746,60.00185527823422,60.00312980998881,60.00468406818402
0.09671999999999999,60.0,60.00000000000582,60.0000001115682,60.00000768069322,60.0000782831102,60.00033393676175,60.000892485150175,60.00180542299934,60.003055739193485,60.00458539889005
0.09695999999999999,60.0,60.000000000005095,60.000000102930024,60.000007247584705,60.00007481120582,60.00032173469693,60.0008647820182,60.001756803637015,60.002983283625376,60.00448865490874
0.0972,60.0,60.00000000000446,60.000000094941925,60.000006837929966,60.00007148539725,60.00030995082552,60.00083787773822,60.00170939342838,60.00291241381341,60.00439380646201
0.09743999999999998,60.0,60.00000000000391,60.00000008755648,60.00000645051613,60.0000682999095,60.00029857193779,60.00081175157892,60.00166316614951,60.002843100737614,60.00430082415207
0.09767999999999999,60.0,60.000000000003425,60.00000008072962,60.00000608418979,60.00006524917918,60.000287585201114,60.00078638328261,60.00161809606531,60.00277531582568,60.00420967896026
0.09792,60.0,60.000000000003,60.00000007442037,60.000005737854245,60.00006232784744,60.00027697815068,60.00076175305676,60.00157415792334,60.00270903094953,60.00412034224598
0.09816,60.0,60.00000000000262,60.00000006859067,60.0000054104669,60.0000595307532,60.000266738680466,60.00073784156556,60.00153132694778,60.00264421842189,60.004032785745466
0.09839999999999999,60.0,60.000000000002295,60.00000006320517,60.00000510103675,60.000056852926484,60.00025685503436,60.00071462992166,60.00148957883326,60.00258085099274,60.0039469815705
0.09863999999999999,60.0,60.000000000002004,60.00000005823103,60.000004808621995,60.00005428958204,60.00024731579741,60.000692099677885,60.00144888973884,60.00251890184584,60.00386290220716
0.09888,60.0,60.000000000001755,60.00000005363776,60.000004532327736,60.00005183611307,60.00023810988731,60.00067023281917,60.00140923628197,60.002458344595134,60.00378052051443
0.09911999999999999,60.0,60.000000000001535,60.000000049397066,60.00000427130377,60.00004948808522,60.00022922654603,60.00064901175449,60.001370595532464,60.00239915328123,60.00369980972281
0.09935999999999999,60.0,60.000000000001336,60.000000045482665,60.000004024742516,60.000047241230654,60.000220655331624,60.00062841930898,60.00133294500651,60.0023413023678,60.00362074343287
0.0996,60.0,60.000000000001165,60.000000041870194,60.00000379187696,60.00004509144242,60.00021238611016,60.00060843871611,60.00129626266072,60.00228476673796,60.00354329561375
0.09983999999999998,60.0,60.00000000000102,60.000000038537046,60.00000357197881,60.00004303476888,60.000204409047896,60.000589053609914,60.00126052688623,60.002229521690644,60.00346744060167
0.10007999999999999,60.0,60.00000000000089,60.000000035462236,60.00000336435656,60.00004106740838,60.000196714603554,60.00057024801744,60.00122571650274,60.00217554293701,60.00339315309828
0.10031999999999999,60.0,60.000000000000774,60.00000003262632,60.000003168353814,60.000039185704054,60.00018929352077,60.00055200635117,60.00119181075276,60.00212280659676,60.003320408169124
0.10056,60.0,60.000000000000675,60.000000030011265,60.00000298334759,60.00003738613878,60.00018213682073,60.00053431340165,60.00115878929572,60.00207128919449,60.00324918124196
0.10079999999999999,60.0,60.00000000000059,60.00000002760037,60.000002808746686,60.00003566533031,60.00017523579493,60.000517154330154,60.00112663220224,60.00202096765603,60.003179448105094
0.10103999999999999,60.0,60.00000000000051,60.00000002537814,60.00000264399018,60.00003402002655,60.00016858199809,60.00050051466147,60.00109531994834,60.00197181930479,60.003111184905634
0.10128,60.0,60.00000000000045,60.00000002333022,60.00000248854596,60.00003244710097,60.00016216724128,60.000484380276774,60.001064833409835,60.00192382185808,60.00304436814779
0.10151999999999999,60.0,60.00000000000039,60.000000021443334,60.00000234190931,60.000030943548175,60.0001559835851,60.00046873740669,60.00103515385659,60.00187695342341,60.00297897469106
0.10175999999999999,60.0,60.00000000000034,60.00000001970516,60.00000220360161,60.000029506479606,60.00015002333311,60.000453572624316,60.00100626294699,60.00183119249488,60.002914981748454
0.102,60.0,60.0000000000003,60.000000018104316,60.00000207316903,60.000028133119386,60.00014427902534,60.00043887283846,60.00097814272235,60.001786517949455,60.002852366884646
0.10224,60.0,60.000000000000256,60.00000001663023,60.00000195018133,60.00002682080029,60.00013874343197,60.00042462528693,60.00095077560142,60.00174290904331,60.00279110801413
0.10247999999999999,60.0,60.00000000000023,60.00000001527316,60.0000018342307,60.00002556695983,60.00013340954712,60.00041081752997,60.00092414437492,60.001700345408175,60.00273118339934
0.10271999999999999,60.0,60.00000000000019,60.00000001402406,60.000001724930655,60.000024369136526,60.00012827058286,60.00039743744372,60.000898232200136,60.00165880704769,60.00267257164875
0.10296,60.0,60.00000000000017,60.00000001287457,60.00000162191497,60.00002322496622,60.000123319963315,60.000384473213906,60.000873022595556,60.00161827433372,60.002615251714964
0.10319999999999999,60.0,60.00000000000015,60.00000001181697,60.0000015248367,60.00002213217855,60.00011855131881,60.00037191332948,60.00084849943559,60.00157872800278,60.002559202892755
0.10343999999999999,60.0,60.00000000000013,60.000000010844104,60.00000143336717,60.00002108859355,60.000113958480384,60.00035974657649,60.000824646945304,60.00154014915234,60.00250440481714
0.10368,60.0,60.000000000000114,60.000000009949375,60.00000134719512,60.00002009211833,60.00010953547415,60.00034796203198,60.00080144969522,60.00150251923728,60.002450837461375
0.10391999999999998,60.0,60.0000000000001,60.00000000912666,60.00000126602581,60.000019140743916,60.00010527651606,60.00033654905804,60.00077889259617,60.001465820066215,60.00239848113502
0.10415999999999999,60.0,60.000000000000085,60.00000000837032,60.00000118958015,60.000018232542104,60.000101176006574,60.000325497295904,60.00075696089428,60.001430033798016,60.00234731648187
0.10439999999999999,60.0,60.00000000000007,60.000000007675155,60.00000111759399,60.000017365662536,60.000097228525604,60.0003147966602,60.00073564016586,60.00139514293814,60.00229732447802
0.10464,60.0,60.000000000000064,60.00000000703633,60.00000104981728,60.000016538329795,60.00009342882752,60.000304437333284,60.00071491631248,60.001361130335155,60.0022484864298
0.10487999999999999,60.0,60.00000000000006,60.0000000064494,60.00000098601341,60.0000157488406,60.000089771836286,60.00029440975965,60.000694775556084,60.0013279791772,60.00220078397174
0.10511999999999999,60.0,60.00000000000005,60.00000000591026,60.00000092595852,60.000014995561166,60.00008625264072,60.000284704640485,60.00067520443411,60.001295672988455,60.00215419906458
0.10536,60.0,60.00000000000004,60.000000005415124,60.000000869440804,60.00001427692453,60.00008286648988,60.00027531292831,60.00065618979473,60.00126419562569,60.002108713993174
0.10559999999999999,60.0,60.000000000000036,60.00000000496049,60.00000081625997,60.00001359142812,60.00007960878856,60.000266225821676,60.00063771879211,60.0012335312748,60.002064311364485
0.10583999999999999,60.0,60.00000000000003,60.00000000454313,60.00000076622656,60.0000129376313,60.00007647509289,60.00025743476003,60.000619778881784,60.00120366444736,60.002020974105506
0.10608,60.0,60.00000000000003,60.000000004160064,60.00000071916148,60.00001231415299,60.000073461106076,60.000248931418625,60.000602357816,60.00117457997724,60.00197868546122
0.10631999999999998,60.0,60.00000000000002,60.000000003808545,60.00000067489537,60.000011719669494,60.00007056267423,60.000240707703576,60.00058544363925,60.001146263017205,60.00193742899255
0.10655999999999999,60.0,60.00000000000002,60.00000000348604,60.00000063326818,60.00001115291227,60.0000677757823,60.00023275574695,60.00056902468376,60.00111869903557,60.00189718857427
0.10679999999999999,60.0,60.000000000000014,60.00000000319022,60.00000059412865,60.00001061266582,60.00006509655014,60.00022506790202,60.000553089565116,60.001091873812896,60.00185794839301
0.10704,60.0,60.000000000000014,60.00000000291893,60.000000557333856,60.000010097765696,60.00006252122866,60.00021763673857,60.00053762717787,60.001065773438675,60.00181969294514
0.10727999999999999,60.0,60.000000000000014,60.000000002670184,60.00000052274876,60.00000960709653,60.000060046196076,60.000210455038314,60.00052262669135,60.00104038430808,60.001782407034774
0.10751999999999999,60.0,60.000000000000014,60.00000000244216,60.00000049024583,60.000009139590176,60.000057667954295,60.0002035157904,60.000508077545376,60.00101569311874,60.00174607577167
0.10776,60.0,60.00000000000001,60.00000000223316,60.00000045970461,60.00000869422385,60.00005538312534,60.00019681218704,60.00049396944616,60.00099168686755,60.00171068456925
0.10799999999999998,60.0,60.00000000000001,60.00000000204165,60.00000043101136,60.00000827001841,60.00005318844794,60.000190337619166,60.000480292362234,60.0009683528475,60.00167621914251
0.10823999999999999,60.0,60.00000000000001,60.0000000018662,60.00000040405872,60.00000786603669,60.00005108077417,60.00018408567226,60.00046703652041,60.00094567864456,60.00164266550605
0.10848,60.0,60.00000000000001,60.000000001705494,60.00000037874533,60.00000748138183,60.00004905706619,60.000178050122216,60.000454192401875,60.00092365213458,60.001610009971984
0.10872,60.0,60.00000000000001,60.00000000155832,60.000000354975555,60.00000711519575,60.000047114393105,60.00017222493133,60.000441750738304,60.00090226148025,60.001578239148
0.10895999999999999,60.0,60.00000000000001,60.00000000142357,60.00000033265916,60.000006766657634,60.00004524992789,60.00016660424437,60.000429702508036,60.00088149512808,60.00154733993532
0.10919999999999999,60.0,60.00000000000001,60.00000000130023,60.000000311711005,60.000006434982495,60.00004346094438,60.0001611823847,60.000418038932395,60.00086134180541,60.00151729952672
0.10944,60.0,60.0,60.00000000118734,60.00000029205081,60.00000611941976,60.000041744814446,60.00015595385057,60.00040675147194,60.00084179051751,60.00148810540454
0.10967999999999999,60.0,60.0,60.00000000108405,60.00000027360284,60.00000581925193,60.00004009900511,60.00015091331143,60.000395831822956,60.00082283054464,60.00145974533875
0.10991999999999999,60.0,60.0,60.00000000098955,60.00000025629575,60.000005533793335,60.00003852107589,60.00014605560434,60.00038527191384,60.0008044514392,60.001432207384966
0.11016,60.0,60.0,60.00000000090312,60.000000240062235,60.000005262388825,60.00003700867611,60.00014137573051,60.00037506390169,60.000786643022934,60.00140547988253
0.11039999999999998,60.0,60.0,60.00000000082409,60.0000002248389,60.00000500441264,60.00003555954236,60.000136868851875,60.00036520016891,60.00076939538413,60.00137955145257
0.11063999999999999,60.0,60.0,60.00000000075184,60.000000210566014,60.00000475926725,60.00003417149602,60.00013253028779,60.00035567331983,60.00075269887491,60.00135441099612
0.11087999999999999,60.0,60.0,60.000000000685795,60.00000019718732,60.00000452638223,60.00003284244086,60.00012835551179,60.00034647617755,60.00073654410851,60.0013300476922
0.11112,60.0,60.0,60.00000000062544,60.000000184649835,60.00000430521324,60.00003157036069,60.00012434014845,60.000337601780636,60.000720921956656,60.00130645099594
0.11135999999999999,60.0,60.0,60.00000000057031,60.000000172903675,60.00000409524099,60.00003035331716,60.00012047997031,60.00032904338011,60.00070582354693,60.00128361063676
0.11159999999999999,60.0,60.0,60.00000000051995,60.000000161901916,60.00000389597029,60.00002918944752,60.00011677089491,60.000320794436334,60.000691240260245,60.001261516616495
0.11184,60.0,60.0,60.00000000047395,60.000000151600375,60.00000370692909,60.00002807696256,60.00011320898187,60.00031284861604,60.0006771637283,60.001240159207576
0.11207999999999999,60.0,60.0,60.00000000043197,60.00000014195753,60.000003527667616,60.00002701414456,60.00010979043009,60.00030519978944,60.00066358583112,60.00121952895124
0.11231999999999999,60.0,60.0,60.00000000039365,60.00000013293432,60.00000335775749,60.00002599934534,60.00010651157499,60.000297842027365,60.000650498694625,60.00119961665576
0.11256,60.0,60.0,60.000000000358675,60.000000124494036,60.00000319679095,60.00002503098435,60.00010336888589,60.00029076959851,60.00063789468825,60.00118041339465
0.11279999999999998,60.0,60.0,60.00000000032678,60.000000116602195,60.00000304438001,60.000024107546814,60.00010035896339,60.00028397696669,60.00062576642263,60.00116191050497
0.11303999999999999,60.0,60.0,60.00000000029769,60.00000010922641,60.00000290015575,60.00002322758204,60.0000974785369,60.00027745878827,60.00061410674725,60.00114409958555
0.11327999999999999,60.0,60.0,60.00000000027117,60.00000010233629,60.00000276376759,60.00002238970165,60.000094724462194,60.00027120990953,60.00060290874828,60.00112697249537
0.11352,60.0,60.0,60.000000000247006,60.0000000959033,60.00000263488261,60.00002159257797,60.0000920937191,60.0002652253642,60.00059216574631,60.001110521351805
0.11375999999999999,60.0,60.0,60.00000000022499,60.00000008990073,60.000002513184896,60.00002083494248,60.000089583409164,60.00025950037105,60.00058187129427,60.00109473852902
0.11399999999999999,60.0,60.0,60.00000000020495,60.0000000843035,60.00000239837489,60.00002011558426,60.00008719075354,60.00025403033147,60.00057201917527,60.00107961665635
0.11424,60.0,60.0,60.00000000018671,60.00000007908816,60.00000229016884,60.000019433348555,60.00008491309081,60.00024881082722,60.00056260340057,60.001065148616654
0.11447999999999998,60.0,60.0,60.00000000017011,60.000000074232766,60.00000218829819,60.0000187871354,60.00008274787496,60.00024383761819,60.000553618207555,60.00105132754478
0.11471999999999999,60.0,60.0,60.000000000155026,60.000000069716805,60.000002092509085,60.00001817589827,60.00008069267341,60.00023910664024,60.000545058057824,60.00103814682597
0.11495999999999999,60.0,60.0,60.00000000014132,60.0000000655211,60.000002002561835,60.00001759864277,60.0000787451651,60.000234614003105,60.00053691763523,60.00102560009436
0.1152,60.0,60.0,60.00000000012888,60.000000061627794,60.00000191823041,60.000017054425484,60.000076903138684,60.00023035598837,60.00052919184404,60.001013681231434
0.11543999999999999,60.0,60.0,60.0000000001176,60.000000058020234,60.00000183930204,60.000016542352746,60.00007516449077,60.000226329047536,60.00052187580711,60.00100238436459
0.11567999999999999,60.0,60.0,60.00000000010738,60.00000005468292,60.0000017655767,60.000016061579544,60.00007352722422,60.00022252980007,60.00051496486412,60.000991703865644
0.11592,60.0,60.0,60.00000000009813,60.00000005160148,60.00000169686677,60.00001561130847,60.00007198944655,60.00021895503165,60.000508454569875,60.00098163434943
0.11615999999999999,60.0,60.0,60.000000000089784,60.00000004876257,60.0000016329966,60.00001519078871,60.0000705493684,60.00021560169236,60.00050234069261,60.00097217067235
0.11639999999999999,60.0,60.0,60.00000000008226,60.00000004615385,60.00000157380217,60.00001479931508,60.00006920530201,60.000212466895,60.00049661921239,60.00096330793104
0.11664,60.0,60.0,60.00000000007548,60.00000004376395,60.00000151913075,60.00001443622714,60.000067955659866,60.000209547913485,60.00049128631951,60.000955041461005
0.11687999999999998,60.0,60.0,60.00000000006941,60.00000004158239,60.00000146884053,60.000014100908295,60.00006679895333,60.00020684218125,60.000486338413005,60.00094736683527
0.11711999999999999,60.0,60.0,60.00000000006398,60.00000003959958,60.00000142280039,60.000013792785055,60.00006573379137,60.00020434728979,60.000481772099135,60.00094027986311
0.11735999999999999,60.0,60.0,60.000000000059146,60.00000003780674,60.00000138088957,60.00001351132622,60.00006475887937,60.00020206098717,60.00047758419,60.000933776588745
0.1176,60.0,60.0,60.00000000005487,60.00000003619592,60.00000134299742,60.000013256042216,60.00006387301797,60.000199981176735,60.00047377170213,60.00092785329012
0.11783999999999999,60.0,60.0,60.0000000000511,60.000000034759935,60.00000130902319,60.00001302648439,60.00006307510202,60.00019810591574,60.000470331855155,60.00092250647766
0.11807999999999999,60.0,60.0,60.00000000004782,60.000000033492334,60.00000127887575,60.00001282224445,60.00006236411953,60.00019643341413,60.00046726207053,60.0009177328931
0.11832,60.0,60.0,60.00000000004499,60.00000003238738,60.00000125247345,60.00001264295385,60.00006173915077,60.00019496203339,60.0004645599703,60.00091352950828
0.11855999999999998,60.0,60.0,60.00000000004259,60.00000003144005,60.0000012297439,60.00001248828328,60.000061199367366,60.00019369028539,60.0004622233759,60.00090989352406
0.11879999999999999,60.0,60.0,60.00000000004059,60.00000003064598,60.00000121062382,60.000012357942225,60.00006074403147,60.00019261683136,60.000460250307036,60.000906822369146
0.11903999999999999,60.0,60.0,60.00000000003898,60.00000003000147,60.00000119505888,60.00001225167848,60.00006037249504,60.0001917404809,60.00045863898057,60.00090431369903
0.11927999999999998,60.0,60.0,60.00000000003775,60.00000002950348,60.00000118300359,60.000012169277795,60.000060084199134,60.00019106019104,60.000457387809476,60.00090236539493
0.11951999999999999,60.0,60.0,60.00000000003687,60.00000002914957,60.00000117442118,60.000012110563524,60.00005987867326,60.000190575065396,60.000456495401856,60.00090097556276
0.11975999999999999,60.0,60.0,60.00000000003635,60.00000002893794,60.000001169283486,60.00001207539634,60.00005975553484,60.000190284353366,60.00045596055997,60.00090014253209
0.12,60.0,60.0,60.00000000003618,60.0000000288674,60.00000116757092,60.00001206367394,60.00005971448871,60.00019018744935,60.00045578227934,60.0008998648552
