Position_m,Temperature_t=0.00000000s,Temperature_t=1.17647059s,Temperature_t=2.35294118s,Temperature_t=3.52941176s,Temperature_t=4.70588235s,Temperature_t=5.88235294s,Temperature_t=7.05882353s,Temperature_t=8.23529412s,Temperature_t=9.41176471s,Temperature_t=10.58823529s,Temperature_t=11.76470588s,Temperature_t=12.94117647s,Temperature_t=14.11764706s,Temperature_t=15.29411765s,Temperature_t=16.47058824s,Temperature_t=17.64705882s,Temperature_t=18.82352941s
-0.12,20.0,20.0,20.000000000005784,20.000000005570556,20.00000025228337,20.000002808732855,20.000014656526158,20.000048547025173,20.000119915228858,20.000242508311096,20.00042542654096,20.000672236334506,20.00098156262695,20.00134835316673,20.00176524085257,20.00222371175205,20.002714982105253
-0.11975999999999999,20.0,20.0,20.000000000005816,20.00000000558532,20.00000025268536,20.00000281170092,20.000014667491456,20.00004857396806,20.000119966354863,20.00024258993065,20.000425542056263,20.000672386237024,20.000981745062028,20.001348564677656,20.001765477076482,20.002223967972302,20.00271525364335
-0.11951999999999999,20.0,20.0,20.000000000005905,20.000000005629616,20.000000253891333,20.00000282060511,20.000014700387354,20.00004865479672,20.000120119732877,20.00024283478931,20.00042588860217,20.000672835944574,20.00098229236726,20.00134919921043,20.00176618574822,20.00222473663306,20.002716068257627
-0.11927999999999998,20.0,20.0,20.000000000006057,20.000000005703708,20.000000255906155,20.000002835472586,20.00001475529584,20.000048789684925,20.000120375658305,20.000243243321144,20.000426466755297,20.000673586169643,20.000983205377153,20.001350257703685,20.001767367891023,20.00222601882277,20.002717427083482
-0.11903999999999999,20.0,20.0,20.00000000000627,20.000000005808005,20.000000258736875,20.000002856340764,20.000014832324545,20.00004897885087,20.000120734487815,20.000243816032842,20.000427277169752,20.000674637701298,20.000984484997566,20.00135174115942,20.001769024582128,20.00222781567408,20.00271933129104
-0.11879999999999999,20.0,20.0,20.000000000006548,20.000000005943047,20.000000262392774,20.000002883257427,20.000014931606906,20.00004922255741,20.000121196639622,20.00024455350404,20.000428320577477,20.00067599140551,20.000986132206,20.001353650643278,20.001771156952984,20.00223012836404,20.002721782085278
-0.11855999999999998,20.0,20.0,20.000000000006896,20.000000006109534,20.00000026688536,20.000002916280785,20.00001505330232,20.000049521112306,20.000121762593793,20.00024545638765,20.000429597788568,20.00067764822546,20.000988148051878,20.00135598728476,20.00177376618945,20.00223295811426,20.002724780706185
-0.11832,20.0,20.0,20.00000000000731,20.000000006308298,20.0000002722284,20.00000295547959,20.000015197596355,20.000049874868495,20.000122432892578,20.00024652541021,20.000431109691608,20.000679609181844,20.000990533656825,20.001358752277493,20.001776853532007,20.00223630619107,20.002728328428866
-0.11807999999999999,20.0,20.0,20.000000000007805,20.000000006540333,20.000000278437987,20.00000300093324,20.00001536470095,20.0000502842244,20.000123208140753,20.000247761372226,20.000432857254022,20.0006818753732,20.000993290214932,20.00136194687943,20.001780420275928,20.00224017390567,20.002732426563668
-0.11783999999999999,20.0,20.0,20.000000000008377,20.000000006806776,20.000000285532543,20.000003052731923,20.000015554854656,20.000050749624233,20.000124089005972,20.00024916514855,20.00043484152241,20.000684447976205,20.000996418993033,20.001365572413103,20.001784467771465,20.00224456261427,20.002737076456285
-0.1176,20.0,20.0,20.000000000009035,20.00000000710894,20.000000293532885,20.000003110976728,20.000015768322896,20.000051271558338,20.00012507621915,20.000250737688752,20.000437063622893,20.000687328245977,20.000999921330944,20.001369630265796,20.00178899742403,20.002249473718226,20.002742279487848
-0.11735999999999999,20.0,20.0,20.000000000009784,20.000000007448293,20.000000302462265,20.000003175779838,20.00001600539822,20.000051850563562,20.000126170574852,20.000252480017497,20.000439524761468,20.000690517516382,20.001003798641733,20.001374121889782,20.001794010694326,20.002254908664153,20.002748037075033
-0.11711999999999999,20.0,20.0,20.00000000001063,20.000000007826472,20.00000031234644,20.00000324726467,20.00001626640062,20.000052487223613,20.00012737293172,20.00025439323495,20.00044222622437,20.000694017200342,20.00100805241196,20.00137904880251,20.001799509098536,20.002260868944045,20.00275435067012
-0.11687999999999998,20.0,20.0,20.000000000011585,20.000000008245305,20.00000032321372,20.000003325566073,20.000016551677856,20.000053182169495,20.000128684212882,20.00025647851719,20.000445169378416,20.00069782879013,20.001012684201932,20.00138441258678,20.001805494208433,20.002267356095373,20.002761221761077
-0.11664,20.0,20.0,20.000000000012655,20.00000000870679,20.00000033509504,20.000003410830526,20.000016861605765,20.000053936079915,20.000130105406413,20.000258737116617,20.000448355671388,20.000701953857675,20.001017695645913,20.001390214890954,20.001811967651534,20.002274371701183,20.002768651871616
-0.11639999999999999,20.0,20.0,20.000000000013852,20.000000009213142,20.000000348024038,20.000003503216345,20.000017196588644,20.000054749681738,20.000131637565804,20.00026117036239,20.000451786632375,20.000706394054845,20.00102308845238,20.00139645742909,20.001818931111202,20.002281917390185,20.002776642561248
-0.11615999999999999,20.0,20.0,20.000000000015188,20.000000009766758,20.000000362037124,20.00000360289392,20.000017557059632,20.000055623750452,20.000133281810434,20.000263779660852,20.000455463872175,20.000711151113762,20.00102886440424,20.001403141981143,20.001826386326787,20.002289994836804,20.002785195425325
-0.11592,20.0,20.0,20.000000000016673,20.000000010370258,20.00000037717356,20.00000371004594,20.00001794348111,20.000056559110686,20.00013503932608,20.000266566496013,20.00045938908364,20.000716226847075,20.001035025359037,20.001410270393084,20.00183433509371,20.002298605761275,20.002794312095077
-0.11567999999999999,20.0,20.0,20.00000000001832,20.00000001102649,20.000000393475577,20.000003824867687,20.000018356345134,20.000057556636698,20.00013691136543,20.00026953242998,20.000463564042075,20.000721623148273,20.00104157324918,20.001417844577077,20.001842779263566,20.00230775192968,20.002803994237638
-0.11543999999999999,20.0,20.0,20.00000000002015,20.00000001173853,20.000000410988434,20.00000394756726,20.000018796173862,20.000058617252932,20.000138899248636,20.000272679103446,20.000467990605603,20.00072734199195,20.00104851008214,20.001425866511607,20.001851720744206,20.002317435154,20.002814243556053
-0.1152,20.0,20.0,20.000000000022176,20.00000001250971,20.000000429760558,20.000004078365915,20.000019263520063,20.00005974193458,20.000141004363844,20.00027600823617,20.000472670715567,20.00073338543411,20.00105583794065,20.0014343382416,20.00186116149982,20.00232765729215,20.002825061789295
-0.11495999999999999,20.0,20.0,20.000000000024414,20.000000013343616,20.000000449843615,20.000004217498333,20.000019758967582,20.00006093170817,20.000143228167794,20.000279521627476,20.000477606396917,20.00073975561244,20.001063558982917,20.001443261878563,20.001871103550993,20.002338420247995,20.002836450712262
-0.11471999999999999,20.0,20.0,20.00000000002689,20.000000014244126,20.000000471292665,20.000004365212966,20.00002028313187,20.00006218765216,20.000145572186387,20.000283221156746,20.00048279975858,20.000746454746597,20.001071675442777,20.00145263960068,20.001881548974776,20.00234972597139,20.00284841213576
-0.11447999999999998,20.0,20.0,20.000000000029623,20.000000015215388,20.000000494166255,20.000004521772365,20.00002083666053,20.000063510897593,20.000148038015322,20.00028710878395,20.000488252993886,20.0007534851385,20.001080189629896,20.001462473652925,20.001892499904713,20.002361576458156,20.002860947906473
-0.11424,20.0,20.0,20.00000000003264,20.000000016261875,20.000000518526566,20.00000468745354,20.000021420233864,20.000064902628736,20.000150627320693,20.000291186550164,20.000493968380948,20.000760849172572,20.001089103929953,20.001472766347156,20.001903958530896,20.002373973750103,20.00287405990696
-0.11399999999999999,20.0,20.0,20.000000000035968,20.00000001738838,20.000000544439548,20.000004862548327,20.000022034565482,20.000066364083775,20.00015334183966,20.000295456578097,20.000499948283075,20.000768549316057,20.001098420804784,20.0014835200622,20.001915927099983,20.002386919935006,20.00288775005559
-0.11375999999999999,20.0,20.0,20.000000000039638,20.000000018600048,20.000000571975054,20.00000504736379,20.000022680402903,20.0000678965555,20.0001561833811,20.000299921072664,20.00050619514916,20.000776588119262,20.001108142792567,20.001494737243934,20.001928407915223,20.00240041714657,20.00290202030649
-0.11352,20.0,20.0,20.00000000004368,20.000000019902373,20.00000060120701,20.00000524222262,20.0000233585282,20.000069501392048,20.000159153826296,20.000304582321515,20.000512711514112,20.000784968215832,20.001118272507956,20.00150642040535,20.00194140333645,20.00241446756442,20.002916872649504
-0.11327999999999999,20.0,20.0,20.000000000048132,20.000000021301258,20.000000632213563,20.000005447463565,20.000024069758645,20.000071179997644,20.000162255129617,20.000309442695617,20.000519499999246,20.000793692323025,20.001128812642246,20.001518572126606,20.001954915780093,20.002429073414035,20.002932309110122
-0.11303999999999999,20.0,20.0,20.000000000053035,20.000000022802993,20.00000066507726,20.000005663441875,20.000024814947412,20.000072933833387,20.00016548931926,20.00031450464983,20.0005265633127,20.000802763241968,20.001139765963504,20.00153119505509,20.001968947719156,20.00244423696671,20.00294833174938
-0.11279999999999998,20.0,20.0,20.00000000005843,20.000000024414323,20.000000699885213,20.000005890529774,20.000025594984287,20.000074764418027,20.000168858497982,20.000319770723486,20.000533904249867,20.00081218385791,20.001151135316704,20.001544291905464,20.001983501683206,20.002459960539483,20.002964942663798
-0.11256,20.0,20.0,20.00000000006437,20.000000026142438,20.0000007367293,20.000006129116926,20.000026410796394,20.000076673328817,20.000172364843834,20.000325243540996,20.000541525693787,20.00082195714049,20.001162923623852,20.001557865459674,20.001998580258316,20.002476246495064,20.002982143985268
-0.11231999999999999,20.0,20.0,20.000000000070905,20.00000002799502,20.000000775706358,20.000006379610962,20.00002726334896,20.00007866220233,20.000176010610947,20.000330925812445,20.000549430615592,20.00083208614399,20.00117513388411,20.001571918566988,20.00201418608705,20.00249309724175,20.00299993788095
-0.11207999999999999,20.0,20.0,20.00000000007809,20.000000029980278,20.000000816918377,20.00000664243798,20.000028153646117,20.000080732735356,20.00017979813031,20.000336820334223,20.000557622074908,20.000842574007564,20.00118776917391,20.001586454144007,20.002030321868382,20.002510515233332,20.00301832655315
-0.11184,20.0,20.0,20.00000000008599,20.00000003210695,20.000000860472728,20.00000691804311,20.00002908273169,20.000082886685774,20.0001837298106,20.000342929989632,20.000566103220294,20.0008534239555,20.00120083264704,20.001601475174674,20.002046990357663,20.002528502968993,20.00303731223921
-0.11159999999999999,20.0,20.0,20.000000000094673,20.00000003438437,20.000000906482388,20.00000720689106,20.000030051690064,20.00008512587349,20.00018780813897,20.000349257749534,20.000574877289658,20.000864639297472,20.001214327534765,20.00161698471024,20.00206419436652,20.002547062993177,20.00305689721135
-0.11135999999999999,20.0,20.0,20.00000000010421,20.00000003682248,20.000000955066163,20.00000750946672,20.000031061647032,20.00008745218138,20.000192035681916,20.00035580667298,20.00058394761069,20.000876223428744,20.001228257145893,20.00163298586929,20.00208193676277,20.002566197895487,20.003077083776535
-0.11112,20.0,20.0,20.000000000114692,20.000000039431885,20.000001006348953,20.00000782627576,20.000032113770693,20.000089867556234,20.00019641508612,20.000362579907883,20.00059331760129,20.00088817983043,20.001242624866883,20.00164948183767,20.00210022047035,20.002585910310525,20.00309787427632
-0.11087999999999999,20.0,20.0,20.000000000126203,20.000000042223867,20.00000106046199,20.00000815784526,20.000033209272388,20.000092374009785,20.000200949079336,20.00036958069166,20.00060299076999,20.000900512069716,20.001257434161886,20.001666475868497,20.002119048469186,20.002606202917764,20.003119271086675
-0.11063999999999999,20.0,20.0,20.000000000138844,20.000000045210456,20.000001117543132,20.00000850472437,20.000034349407624,20.0000949736197,20.000205640471272,20.000376812351906,20.000612970716407,20.000913223800072,20.001272688572833,20.00168397128207,20.002138423795085,20.002627078441385,20.003141276617814
-0.11039999999999998,20.0,20.0,20.00000000015272,20.000000048404452,20.000001177737122,20.00000886748498,20.00003553547707,20.00009766853063,20.00021049215451,20.000384278307074,20.000623261131636,20.000926318761493,20.00128839171948,20.001701971465845,20.002158349539602,20.0026485396501,20.00316389331402
-0.11016,20.0,20.0,20.00000000016795,20.000000051819484,20.000001241195886,20.00000924672242,20.00003676882755,20.00010046095528,20.00021550710542,20.000391982067164,20.000633865798726,20.000939800780685,20.00130454729946,20.00172047987435,20.002178828849914,20.002670589356985,20.003187123653426
-0.10991999999999999,20.0,20.0,20.000000000184663,20.000000055470057,20.00000130807885,20.000009643056192,20.000038050853078,20.000103353175504,20.00022068838511,20.000399927234398,20.00064478859307,20.000953673771296,20.001321159088317,20.001739500029114,20.002199864928656,20.00269323041929,20.00321097014783
-0.10967999999999999,20.0,20.0,20.000000000202995,20.000000059371597,20.000001378553254,20.00001005713071,20.000039382995933,20.000106347543404,20.000226039140387,20.000408117503945,20.000656033482883,20.00096794173411,20.00133823093955,20.00175903551858,20.002221461033763,20.002716465738228,20.00323543534248
-0.10944,20.0,20.0,20.000000000223103,20.00000006354052,20.000001452794486,20.000010489616077,20.00004076674773,20.000109446482487,20.000231562604718,20.000416556664614,20.00066760452959,20.000982608757248,20.001355766784616,20.001779089998013,20.002243620478303,20.002740298258782,20.003260521815832
-0.10919999999999999,20.0,20.0,20.000000000245155,20.00000006799427,20.00000153098642,20.00001094120889,20.00004220365055,20.00011265248883,20.00023726209924,20.000425248599573,20.000679505888275,20.00099767901635,20.001373770632956,20.001799667189363,20.002266346630297,20.00276473096947,20.003286232179335
-0.10895999999999999,20.0,20.0,20.00000000026933,20.000000072751412,20.000001613321803,20.000011412633054,20.00004369529809,20.000115968132256,20.000243141033756,20.000434197287063,20.00069174180813,20.001013156774782,20.001392246571992,20.001820770881185,20.00228964291251,20.00278976690211,20.00331256907717
-0.10872,20.0,20.0,20.00000000029583,20.000000077831668,20.0000017000026,20.000011904640655,20.000045243336835,20.00011939605757,20.000249202907757,20.00044340680115,20.000704316632856,20.00102904638379,20.001411198767123,20.00184240492848,20.002313512802264,20.002815409131603,20.003339535186004
-0.10848,20.0,20.0,20.00000000032487,20.000000083255998,20.00000179124041,20.000012418012815,20.000046849467285,20.000122938985783,20.000255451311464,20.000452881312423,20.00071723480111,20.001045352282688,20.001430631461705,20.00186457325257,20.00233795983121,20.00284166077564,20.003367133214727
-0.10823999999999999,20.0,20.0,20.00000000035669,20.000000089046672,20.000001887256882,20.000012953560624,20.000048515445172,20.00012659971538,20.00026188992689,20.00046262508877,20.000730500846927,20.00106207899903,20.00145054897704,20.00188727984092,20.0023629875851,20.00286852499447,20.003395365904165
-0.10799999999999998,20.0,20.0,20.00000000039154,20.000000095227357,20.00000198828411,20.000013512126063,20.000050243082747,20.000130381123615,20.000268522528888,20.000472642496103,20.000744119400142,20.001079231148758,20.00147095571232,20.00191052874701,20.002388599703554,20.002896004990607,20.00342423602681
-0.10776,20.0,20.0,20.000000000429708,20.000000101823176,20.000002094565108,20.00001409458297,20.000052034250082,20.00013428616782,20.000275352986257,20.00048293799912,20.000758095186818,20.001096813436355,20.0014918561446,20.001934324090136,20.002414799879805,20.002924104008553,20.00345374638652
-0.10751999999999999,20.0,20.0,20.0000000004715,20.000000108860824,20.000002206354253,20.00001470183804,20.000053890876387,20.000138317886748,20.000282385262828,20.000493516162056,20.000772433029674,20.001114830655,20.001513254828726,20.001958670055224,20.00244159186044,20.002952825334493,20.0034838998182
-0.10727999999999999,20.0,20.000000000000004,20.000000000517247,20.00000011636863,20.000002323917776,20.00001533483186,20.000055814951402,20.000142479401926,20.000289623418585,20.00050438164945,20.000787137848484,20.0011332876867,20.001535156397285,20.001983570892637,20.00246897944511,20.00298217229599,20.003514699187512
-0.10704,20.0,20.000000000000004,20.000000000567315,20.000000124376673,20.00000244753425,20.000015994539947,20.000057808526773,20.000146773919063,20.000297071610774,20.000515539226907,20.00080221466052,20.001152189502413,20.001557565560525,20.00200903091797,20.00249696648627,20.003012148261668,20.003546147390534
-0.10679999999999999,20.0,20.000000000000004,20.000000000622098,20.00000013291687,20.000002577495124,20.00001668197385,20.000059873717483,20.000151204729438,20.000304734095074,20.000526993761866,20.000817668580936,20.001171541162194,20.00158048710626,20.00203505451182,20.002525556888866,20.00304275664087,20.003578247353424
-0.10655999999999999,20.0,20.000000000000004,20.000000000682032,20.000000142023097,20.000002714105246,20.000017398182273,20.000062012703324,20.000155775211358,20.000312615226726,20.000538750224386,20.0008335048232,20.001191347815276,20.001603925899776,20.002061646119547,20.002554754610028,20.003074000883327,20.00361100203208
-0.10631999999999998,20.0,20.000000000000004,20.000000000747587,20.000000151731292,20.000002857683434,20.000018144252216,20.000064227730395,20.0001604888316,20.000320719461712,20.00055081368791,20.000849728699485,20.001211614700207,20.001627886883732,20.002088810251045,20.002584563658736,20.00310588447881,20.003644414411788
-0.10608,20.0,20.000000000000004,20.000000000819266,20.000000162079573,20.000003008563063,20.00001892131018,20.000066521112604,20.00016534914692,20.000329051357934,20.00056318933005,20.000866345621077,20.001232347144914,20.00165237507802,20.002116551480476,20.00261498809552,20.00313841095674,20.003678487506843
-0.10583999999999999,20.0,20.000000000000004,20.000000000897636,20.00000017310837,20.000003167092654,20.000019730523366,20.000068895233266,20.000170359805537,20.000337615576406,20.00057588243338,20.00088336109877,20.001253550566826,20.00167739557966,20.002144874445996,20.002646032032075,20.003171583885848,20.00371322436019
-0.10559999999999999,20.0,20.000000000000007,20.000000000983295,20.00000018486055,20.000003333636517,20.000020573100965,20.00007135254667,20.00017552454869,20.000346416882465,20.000588898386212,20.00090078074325,20.001275230472924,20.001702953562624,20.00217378384947,20.002677699630933,20.00320540687376,20.003748628043027
-0.10536,20.0,20.000000000000007,20.000000001076906,20.000000197381564,20.0000035085754,20.000021450295417,20.000073895579717,20.00018084721218,20.000355460146984,20.00060224268337,20.000918610265504,20.00129739245982,20.001729054277714,20.0022032844562,20.00270999510508,20.003239883566607,20.003784701654414
-0.10511999999999999,20.0,20.000000000000007,20.000000001179178,20.00000021071959,20.00000369230716,20.00002236340376,20.000076526933597,20.000186331727956,20.000364750347597,20.00061592092702,20.000936855477164,20.001320042213813,20.001755703052375,20.002233381094587,20.00274292271757,20.003275017648622,20.003821448320867
-0.10487999999999999,20.0,20.000000000000007,20.000000001290896,20.00000022492569,20.00000388524748,20.000023313768995,20.000079249285463,20.00019198212572,20.000374292569962,20.000629938827412,20.00095552229092,20.001343185510944,20.001782905290522,20.00226407865583,20.002776486781144,20.003310812841715,20.003858871195934
-0.10464,20.0,20.00000000000001,20.000000001412904,20.00000024005396,20.00000408783058,20.000024302781476,20.000082065390178,20.00019780253456,20.00038409200898,20.000644302203703,20.000974616720857,20.00136682821703,20.00181066647234,20.002295382093582,20.002810691657817,20.00334727290504,20.00389697345979
-0.10439999999999999,20.0,20.00000000000001,20.000000001546123,20.000000256161723,20.000004300509985,20.000025331880373,20.000084978082086,20.0002037971846,20.00039415397008,20.00065901698474,20.000994144882842,20.001390976287688,20.001838992154102,20.00232729642362,20.002845541758454,20.00338440163454,20.00393575831877
-0.10415999999999999,20.0,20.000000000000014,20.000000001691546,20.000000273309695,20.000004523759323,20.000026402555136,20.00008799027681,20.00020997040866,20.000404483870494,20.000674089209845,20.00101411299486,20.00141563576835,20.001867887967922,20.002359826723467,20.00288104154234,20.003422202862527,20.00397522900496
-0.10391999999999998,20.0,20.000000000000014,20.000000001850264,20.00000029156218,20.00000475807311,20.00002751634702,20.00009110497308,20.00021632664399,20.00041508724052,20.000689525029614,20.001034527377364,20.00144081279428,20.00189735962155,20.00239297813203,20.002917195516755,20.003460680457174,20.0040153887757
-0.10368,20.0,20.000000000000018,20.00000000202345,20.000000310987268,20.000005003967615,20.000028674850665,20.000094325254636,20.000222870433944,20.000425969724834,20.000705330706698,20.001055394453633,20.001466513590547,20.00192741289812,20.002426755849218,20.002954008236483,20.00349983832206,20.00405624091315
-0.10343999999999999,20.0,20.00000000000002,20.000000002212385,20.00000033165705,20.000005261981734,20.00002987971567,20.0000976542921,20.000229606429762,20.00043713708377,20.000721512616597,20.001076720750078,20.001492744472035,20.001958053655887,20.002461165135532,20.00299148430337,20.003539680395686,20.0040977887238
-0.10319999999999999,20.0,20.000000000000025,20.000000002418457,20.000000353647827,20.00000553267789,20.000031132648257,20.000101095344963,20.000236539392322,20.00044859519466,20.000738077248442,20.00109851289657,20.001519511843377,20.001989287827964,20.002496211311666,20.00302962836583,20.003580210650952,20.004140035537983
-0.10296,20.0,20.00000000000003,20.000000002643173,20.000000377040365,20.000005816642975,20.00003243541297,20.00010465176353,20.000243674193918,20.000460350053107,20.000755031205784,20.00112077762677,20.001546822198943,20.002021121422043,20.00253189975806,20.003068445118355,20.00362143309466,20.004182984709384
-0.10271999999999999,20.0,20.000000000000032,20.000000002888164,20.000000401920122,20.000006114489334,20.000033789834383,20.00010832699097,20.000251015820083,20.000472407774353,20.000772381207366,20.00114352177841,20.00157468212276,20.00205356052009,20.002568235914485,20.003107939301003,20.003663351767003,20.004226639614526
-0.10247999999999999,20.0,20.000000000000036,20.000000003155204,20.000000428377508,20.00000642685576,20.00003519779889,20.000112124565348,20.000258569371415,20.00048477459458,20.000790134087904,20.001166752293607,20.00160309828847,20.002086611278028,20.002605225279577,20.00314811569888,20.003705970740995,20.00427100365226
-0.10224,20.0,20.000000000000043,20.000000003446218,20.000000456508157,20.00000675440855,20.000036661256534,20.000116048121743,20.00026634006542,20.000497456872257,20.00080829679885,20.001190476219122,20.00163207745921,20.002120279925425,20.00264287341036,20.003188979141612,20.003749294121956,20.00431608024324
-0.102,20.0,20.00000000000005,20.000000003763287,20.000000486413228,20.000007097842573,20.000038182222863,20.000120101394348,20.00027433323841,20.000510461089494,20.000826876409192,20.00121470070667,20.001661626487547,20.00215457276514,20.002681185921777,20.00323053450278,20.003793326046935,20.004361872829367
-0.10175999999999999,20.0,20.000000000000057,20.000000004108667,20.000000518199673,20.00000745788242,20.00003976278085,20.000124288218668,20.000282554347358,20.000523793853382,20.000845880106166,20.001239433013133,20.00169175231536,20.002189496172974,20.002720168486196,20.003272786699387,20.003838070684154,20.00440838487328
-0.10151999999999999,20.0,20.000000000000064,20.00000000448481,20.000000551980573,20.000007835283522,20.000041405082868,20.000128612533697,20.000291008971853,20.00053746189734,20.000865315196062,20.001264680500853,20.001722461973696,20.0022250565973,20.002759826832886,20.00331574069126,20.003883532232415,20.00445561985776
-0.10128,20.0,20.000000000000075,20.00000000489437,20.000000587875473,20.000008230833387,20.00004311135268,20.00013307838418,20.000299702815997,20.00055147208249,20.000885189104938,20.001290450637843,20.001753762582663,20.00226126055867,20.002800166747495,20.00335940148048,20.00392971492051,20.004503581285192
-0.10103999999999999,20.0,20.00000000000009,20.000000005340215,20.000000626010696,20.000008645352832,20.00004488388751,20.000137689922887,20.00030864171039,20.000565831398998,20.000905509379393,20.00131675099803,20.001785661351242,20.002298114649417,20.00284119407152,20.003403774110783,20.003976623006622,20.004552272676968
-0.10079999999999999,20.0,20.0000000000001,20.00000000582546,20.000000666519753,20.000009079697247,20.000046725060162,20.00014245141292,20.000317831614066,20.000580546967463,20.000926283687285,20.00134358926145,20.00181816557714,20.002335625533245,20.002882914701747,20.00344886366693,20.0040242607777,20.004601697572912
-0.10056,20.0,20.000000000000117,20.000000006353467,20.000000709543688,20.000009534757957,20.000048637321168,20.000147367230074,20.000327278616517,20.000595626040273,20.000947519818467,20.001370973214453,20.001851282646598,20.002373799944785,20.00292533458967,20.0034946752741,20.004072632548844,20.004651859530686
-0.10031999999999999,20.0,20.000000000000135,20.000000006927888,20.000000755231493,20.000010011463576,20.000050623201005,20.000152441865243,20.000336988939686,20.00061107600297,20.000969225685505,20.001398910749895,20.00188502003418,20.002412644689148,20.002968459740924,20.00354121409725,20.004121742662647,20.004702762125184
-0.10007999999999999,20.0,20.000000000000153,20.000000007552664,20.000000803740534,20.00001051078143,20.00005268531237,20.00015767992683,20.000346968939986,20.000626904375633,20.0009914093244,20.0014274098673,20.001919385302557,20.002452166641465,20.003012296214674,20.00358848534045,20.00417159548856,20.0047544089479
-0.09983999999999998,20.0,20.000000000000178,20.000000008232067,20.000000855236973,20.000011033719026,20.000054826352482,20.000163086143214,20.00035722511036,20.00064311881424,20.00101407889527,20.001456478673013,20.00195438610229,20.0024923727464,20.003056850123006,20.003636494246226,20.004222195422226,20.004806803606325
-0.0996,20.0,20.000000000000203,20.000000008970712,20.000000909896258,20.00001158132559,20.000057049105465,20.000168665365276,20.00036776408233,20.000659727112044,20.00103724268306,20.00148612538035,20.001990030171555,20.002533270017658,20.00310212763029,20.00368524609488,20.004273546884804,20.004859949723297
-0.09935999999999999,20.0,20.000000000000234,20.000000009773597,20.000000967903585,20.000012154693604,20.000059356444773,20.00017442256893,20.000378592628074,20.00067673720095,20.001060909098218,20.001516358309708,20.00202632533588,20.002574865537454,20.003148134952543,20.003734746203786,20.004325654322272,20.00491385093636
-0.09911999999999999,20.0,20.00000000000027,20.00000001064612,20.00000102945442,20.00001275496045,20.000061751335668,20.000180362857694,20.000389717662525,20.00069415715288,20.001085086677353,20.001547185888686,20.002063279507865,20.00261716645601,20.00319487835676,20.00378499992671,20.00437852220476,20.00496851089712
-0.09888,20.0,20.00000000000031,20.000000011594114,20.000001094755024,20.00001338331008,20.000064236837773,20.00018649146533,20.000401146245466,20.000711995181128,20.001109784083905,20.001578616652164,20.002100900686862,20.00266017999096,20.00324236416024,20.00383601265306,20.004432155025807,20.00502393327055
-0.09863999999999999,20.0,20.000000000000355,20.00000001262389,20.00000116402302,20.000014040974733,20.000066816107637,20.000192813758478,20.000412885583668,20.000730259641752,20.00113501010879,20.001610659242388,20.00213919695867,20.00270391342683,20.0032905987299,20.003887789807166,20.004486557301657,20.00508012173436
-0.09839999999999999,20.0,20.00000000000041,20.00000001374226,20.000001237487965,20.000014729236753,20.00006949240143,20.000199335239365,20.00042494303301,20.000748959034922,20.001160773671018,20.001643322409013,20.002178176495175,20.00274837411442,20.00333958848156,20.003940336847535,20.00454173357054,20.005137079978272
-0.09816,20.0,20.00000000000047,20.000000014956584,20.000001315391987,20.00001544943039,20.000072269077613,20.000206061548536,20.00043732610064,20.00076810200627,20.00118708381832,20.001676615009142,20.002217847554,20.002793569470217,20.003389339879202,20.003993659266083,20.004597688391897,20.005194811703355
-0.09792,20.0,20.000000000000536,20.000000016274818,20.000001397990406,20.000016202943737,20.000075149599738,20.000212998467603,20.000450042447127,20.000787697348255,20.00121394972775,20.001710546007363,20.00225821847812,20.002839506975768,20.00343985943427,20.00404776258736,20.004654426345652,20.005253320621314
-0.09767999999999999,20.0,20.000000000000618,20.000000017705542,20.000001485552417,20.000016991220686,20.00007813753926,20.000220151922075,20.00046309988864,20.000807754001507,20.001241380706258,20.00174512447571,20.002299297695448,20.002886194177034,20.00349115370487,20.00410265236777,20.004711952031435,20.00531261045377
-0.09743999999999998,20.0,20.000000000000707,20.000000019258025,20.000001578361783,20.00001781576294,20.000081236578442,20.000227527984187,20.00047650639914,20.00082828105616,20.001269386191282,20.00178035959369,20.002341093718442,20.002933638683743,20.003543229295037,20.004158334194763,20.00477027006781,20.005372684931547
-0.0972,20.0,20.000000000000814,20.000000020942263,20.00000167671759,20.000018678132133,20.0000844505133,20.000235132875773,20.00049027011255,20.00084928775321,20.001297975751278,20.001816260648184,20.00238361514364,20.002981848168712,20.003596092853908,20.00421481368601,20.004829385091465,20.00543354779395
-0.09695999999999999,20.0,20.00000000000093,20.000000022769044,20.00000178093501,20.000019579951946,20.000087783256607,20.000242972971186,20.000504399324996,20.000870783485798,20.001327159086276,20.00185283703344,20.002426870651203,20.00303083036714,20.003649751074942,20.004272096488588,20.00488930175645,20.005495202788
-0.09671999999999999,20.0,20.000000000001066,20.000000024750012,20.0000018913461,20.000020522910372,20.000091238840998,20.000251054800252,20.000518902497,20.000892777800562,20.00135694602838,20.00189009825095,20.002470869004433,20.00308059307591,20.00370421069509,20.004330188278125,20.004950024733322,20.00555765366771
-0.09648,20.0,20.000000000001222,20.000000026897716,20.00000200830066,20.00002150876199,20.00009482142208,20.00025938505125,20.0005337882557,20.00091528039893,20.001387346542273,20.00192805390937,20.002515619049273,20.00313114415283,20.003759478493954,20.00438909475795,20.005011558708357,20.005620904193318
-0.09623999999999999,20.0,20.0000000000014,20.000000029225692,20.00000213216711,20.000022539330313,20.000098535281648,20.000267970573944,20.0005490653971,20.00093830113842,20.001418370725702,20.001966713724368,20.00256112971377,20.003182491515904,20.00381556129294,20.004448821658215,20.005073908382695,20.005684958130512
-0.09599999999999999,20.0,20.000000000001602,20.000000031748527,20.00000226333341,20.000023616510262,20.00010238483096,20.00027681838261,20.000564742888283,20.000961850033903,20.001450028809924,20.002006087518485,20.00260741000753,20.003234643142548,20.003872465954363,20.004509374735008,20.005137078471495,20.005749819249665
-0.09576,20.0,20.00000000000183,20.000000034481943,20.000002402208032,20.000024742270636,20.00010637461405,20.000285935659164,20.000580829869673,20.000985937258918,20.001482331160155,20.002046185220962,20.002654469021152,20.003287607068792,20.003930199380594,20.00457075976946,20.00520107370309,20.005815491325045
-0.09552,20.0,20.000000000002096,20.00000003744288,20.000002549220966,20.00002591865672,20.000110509311153,20.00029532975627,20.00059733565728,20.00101057314688,20.00151528827597,20.002087016867527,20.002702315925628,20.00334139138847,20.003988768513125,20.004632982566832,20.005265898818102,20.005881978134013
-0.09527999999999999,20.0,20.000000000002395,20.000000040649592,20.000002704824773,20.000027147792956,20.000114793742153,20.00030500820048,20.000614269744936,20.001035768192363,20.001548910791715,20.002128592600194,20.002750959971724,20.003396004252387,20.00404818033165,20.004696048955577,20.005331558568574,20.00594928345624
-0.09503999999999999,20.0,20.00000000000274,20.00000004412173,20.00000286949568,20.000028431885653,20.000119232870112,20.000314978695464,20.000631641806574,20.001061533052304,20.001583209476852,20.002170922666988,20.002800410489336,20.003451453867463,20.00410844185314,20.004759964786405,20.00539805771708,20.006017411072868
-0.0948,20.0,20.00000000000313,20.00000004788045,20.000003043734754,20.00002977322584,20.00012383180489,20.000325249125193,20.000649461698472,20.001087878547228,20.001618195236325,20.002214017421686,20.00285067688684,20.003507748495863,20.004169560130872,20.004824735931336,20.00546540103581,20.006086364765718
-0.09455999999999999,20.0,20.000000000003574,20.00000005194854,20.000003228069076,20.00003117419217,20.00012859580678,20.000335827557237,20.000667739461516,20.00111481566244,20.00165387911086,20.00225788732351,20.002901768650386,20.003564896454094,20.004231542253457,20.004890368282716,20.005533593305678,20.006156148316432
-0.09431999999999999,20.0,20.000000000004082,20.000000056350512,20.000003423053002,20.00003263725389,20.000133530290274,20.000346722246004,20.00068648532345,20.0011423555492,20.001690272277283,20.002302542936796,20.002953695343184,20.00362290611208,20.004294395343845,20.00495686775225,20.005602639315377,20.00622676550566
-0.09408,20.0,20.000000000004658,20.000000061112743,20.000003629269486,20.00003416497395,20.000138640827842,20.000357941636103,20.000705709701144,20.001170509525878,20.001727386048756,20.002347994930652,20.003006466604788,20.003681785892255,20.004358126558326,20.00502424026998,20.00567254386046,20.006298220112193
-0.09383999999999999,20.0,20.000000000005315,20.00000006626361,20.000003847331435,20.000035760012135,20.000143933153826,20.000369494365668,20.00072542320285,20.0011992890791,20.001765231875044,20.002394254078553,20.0030600921503,20.00374154426856,20.004422743085495,20.00509249178331,20.005743311742375,20.006370515912128
-0.09359999999999999,20.0,20.000000000006064,20.00000007183363,20.000004077883133,20.000037425128358,20.000149413168362,20.000381389269727,20.00074563663045,20.001228705864865,20.00180382134272,20.002441331257952,20.00311458176961,20.003802189765505,20.00448825214521,20.005161628255948,20.005814947767533,20.006443656677988
-0.09336,20.0,20.000000000006914,20.000000077855614,20.00000432160174,20.00003916318598,20.0001550869414,20.000393635383634,20.00076636098171,20.001258771709626,20.001843166175327,20.002489237449826,20.00316994532655,20.00386373095713,20.004554660987537,20.00523165566689,20.00588745674633,20.006517646177855
-0.09312,20.0,20.000000000007883,20.000000084364835,20.00000457919882,20.000040977155262,20.000160960716794,20.00040624194649,20.000787607452512,20.001289498611374,20.001883278233564,20.0025379837382,20.003226192758092,20.003926176466006,20.004621976891656,20.005302580009353,20.005960843492154,20.006592488174498
-0.09287999999999999,20.0,20.00000000000898,20.0000000913992,20.000004851421984,20.000042870116918,20.000167040916438,20.000419218404588,20.00080938743911,20.001320898740673,20.001924169515387,20.00258758130967,20.00328333407344,20.00398953496218,20.004690207164778,20.005374407289718,20.00603511282043,20.006668186424477
-0.09263999999999999,20.0,20.000000000010232,20.00000009899944,20.000005139056565,20.000044845265727,20.00017333414449,20.000432574414926,20.000831712540336,20.0013529844417,20.0019658521561,20.00263804145284,20.003341379353166,20.0040538151621,20.004759359141023,20.005447143526446,20.00611026954758,20.00674474467725
-0.0924,20.0,20.000000000011653,20.00000010720931,20.00000544292737,20.00004690591429,20.000179847191674,20.000446319848706,20.000854594559847,20.001385768233217,20.00200833842843,20.002689375557797,20.00340033874827,20.004119025827528,20.004829440180288,20.00552079474899,20.00618631849005,20.006822166674265
-0.09215999999999999,20.0,20.000000000013262,20.000000116075796,20.000005763900518,20.000049055496866,20.000186587039646,20.000460464794855,20.000878045508315,20.001419262809552,20.002051640742533,20.00274159511548,20.00346022247924,20.00418517576444,20.004900457667112,20.005595366996676,20.006263264463268,20.006900456148056
-0.09191999999999999,20.0,20.000000000015095,20.000000125649354,20.000006102885347,20.000051297573304,20.000193560865412,20.00047501956362,20.000902077605634,20.00145348104154,20.002095771645994,20.00279471171709,20.00352104083507,20.004252273821873,20.004972419009487,20.005670866317605,20.00634111228062,20.006979616821322
-0.09168,20.0,20.00000000001717,20.000000135984145,20.0000064608364,20.000053635833105,20.00020077604584,20.00048999469011,20.000926703283106,20.001488435977418,20.0021407438238,20.002848737053398,20.003582804172265,20.00432032889077,20.00504533163768,20.00574729876748,20.006419866752406,20.00705965240599
-0.09144,20.0,20.00000000001953,20.000000147138287,20.000006838755485,20.000056074099565,20.000208240162245,20.000505400937918,20.00095193518561,20.001524140843713,20.002186570098235,20.002903682914084,20.003645522913793,20.004389349902812,20.005119203003044,20.005824670408508,20.006499532684796,20.007140566602292
-0.09119999999999999,20.0,20.0000000000222,20.000000159174153,20.000007237693847,20.00005861633405,20.000215961005015,20.00052124930275,20.000977786173767,20.001560609046088,20.002233263428785,20.00295956118699,20.00370920754804,20.00445934582919,20.00519404057678,20.005902987308193,20.006580114878766,20.007222363097828
-0.09095999999999999,20.0,20.000000000025228,20.00000017215864,20.000007658754395,20.000061266640376,20.00022394657836,20.000537551016038,20.001004269326067,20.00159785417014,20.00228083691198,20.003016383857375,20.003773868627714,20.004530325679404,20.005269851848702,20.005982255538186,20.006661618129026,20.007305045566593
-0.09072,20.0,20.000000000028663,20.000000186163497,20.000008103094043,20.00006402926928,20.000232205105064,20.000554317548627,20.001031397941,20.0016358899822,20.002329303781206,20.003074163007113,20.003839516768714,20.0046022985,20.005346644325986,20.006062481173096,20.006744047222938,20.007388617668052
-0.09047999999999999,20.0,20.00000000003255,20.00000020126565,20.000008571926127,20.000066908623044,20.000240745031373,20.000571560614432,20.001059185539155,20.001674730430054,20.002378677406483,20.003132910813868,20.003906162649002,20.00467527337329,20.005424425531892,20.006143670289276,20.006827406939426,20.007473083046147
-0.09023999999999999,20.0,20.000000000036955,20.000000217547562,20.00000906652295,20.000069909260215,20.00024957503191,20.000589292174126,20.001087645865304,20.001714389643663,20.002428971294187,20.00319263955022,20.003973817007406,20.004749259416073,20.005503203004483,20.006225828963625,20.006911702047876,20.007558445328346
-0.09,20.0,20.00000000004194,20.00000023509761,20.00000958821838,20.000073035900446,20.000258704014666,20.00060752443885,20.001116792890453,20.001754881935813,20.00248019908675,20.00325336158278,20.004042490642433,20.004824265778296,20.00558298429529,20.00630896327234,20.006996937307036,20.00764470812466
-0.08975999999999999,20.0,20.00000000004758,20.000000254010487,20.000010138410605,20.00007629342945,20.00026814112609,20.000626269873916,20.001146640813886,20.001796221802763,20.002532374562314,20.003315089371235,20.004112194411007,20.00490030164173,20.005663776968017,20.006393079289687,20.007083117463875,20.00773187502665
-0.08951999999999999,20.0,20.000000000053962,20.00000027438762,20.000010718564955,20.0000796869041,20.000277895756202,20.000645541202548,20.001177204065154,20.001838423924816,20.002585511634326,20.003377835467393,20.004182939227217,20.004977376218584,20.00574558859717,20.00647818308676,20.00717024725247,20.00781994960646
-0.08928,20.0,20.000000000061178,20.000000296337646,20.00001133021685,20.000083221557627,20.000287977543824,20.00066535140959,20.001208497306077,20.00188150316687,20.00263962435112,20.003441612514145,20.004254736061014,20.005055498750128,20.005828426766705,20.006564280730178,20.00725833139287,20.007908935415788
-0.08904,20.0,20.00000000006934,20.000000319976863,20.000011974974885,20.000086902804963,20.000298396381826,20.000685713745277,20.00124053543269,20.001925474578915,20.00269472689543,20.003506433244432,20.00432759593688,20.005134678505268,20.005912299068648,20.00665137828084,20.007347374589934,20.007998835984903
-0.08879999999999999,20.0,20.000000000078558,20.00000034542978,20.000012654523978,20.000090736248204,20.00030916242249,20.000706641728947,20.001273333577146,20.0019703533965,20.00275083358388,20.003572310480155,20.004401529932462,20.00521492477912,20.005997213101697,20.006739481792614,20.007437381532192,20.008089654821635
-0.08855999999999999,20.0,20.00000000008897,20.000000372829632,20.000013370628707,20.000094727682217,20.000320286082896,20.000728149152817,20.001306907109633,20.00201615504114,20.0028079588664,20.003639257131034,20.00447654917719,20.005296246891536,20.0060831764698,20.006828597311035,20.007528356890663,20.008181395410347
-0.08832,20.0,20.000000000100734,20.000000402318975,20.00001412513672,20.00009888310034,20.000331778050427,20.00075025008572,20.0013412716402,20.002062895120677,20.002866117325617,20.003707286193453,20.004552664850852,20.005378654185627,20.006170196780737,20.006918730871995,20.007620305317694,20.008274061210923
-0.08807999999999999,20.0,20.00000000011401,20.000000434050303,20.000014919982302,20.000103208700274,20.000343649288276,20.000772958876873,20.001376443020604,20.002110589429602,20.00292532367621,20.003776410749243,20.004629888182123,20.005462156026237,20.006258281644644,20.007009888500395,20.00771323144577,20.00836765565773
-0.08783999999999999,20.0,20.000000000128995,20.0000004681867,20.00001575719008,20.000107710890056,20.000355911041062,20.000796290159606,20.00141243734606,20.00215925394932,20.002985592764176,20.003846643964426,20.004708230447097,20.005546761798435,20.00634743867257,20.007102076208817,20.007807139886328,20.0084621821586
-0.0876,20.0,20.000000000145896,20.000000504902513,20.00001663887885,20.000112396294202,20.000368574840497,20.00082025885513,20.001449270957007,20.00220890484837,20.0030469395661,20.003917999087953,20.004787702967754,20.005632480905934,20.006437675474977,20.007195299996166,20.00790203522855,20.00855764409377
-0.08736,20.0,20.00000000016496,20.000000544384125,20.00001756726555,20.000117271759976,20.000381652511123,20.00084488017626,20.001486960440804,20.00225955848259,20.003109379188324,20.003990489450338,20.004868317110418,20.00571932276952,20.006528999660237,20.007289565846296,20.007997922038165,20.008654044814854
-0.08711999999999999,20.0,20.000000000186446,20.000000586830716,20.000018544669395,20.0001223443638,20.000395156176076,20.000870169631174,20.001525522633372,20.002311231395215,20.003172926866107,20.004064128462307,20.004950084284168,20.005807296825438,20.00662141883312,20.007384879726644,20.008094804856217,20.008751387643787
-0.08688,20.0,20.000000000210665,20.000000632455084,20.000019573516145,20.000127621417807,20.000409098262963,20.00089614302712,20.00156497462083,20.002363940316965,20.00323759796271,20.004138929613372,20.005033015939215,20.00589641252377,20.006714940593252,20.00748124758682,20.00819268819786,20.00884967587176
-0.08664,20.0,20.000000000237947,20.000000681484536,20.000020656342546,20.000133110476536,20.000423491509757,20.000922816474123,20.001605333741047,20.002417702166003,20.003303407968442,20.004214906470374,20.005117123565263,20.00598667932678,20.00680957253355,20.007578675357223,20.008291576551105,20.008948912758182
-0.08639999999999999,20.0,20.000000000268667,20.00000073416182,20.000021795800922,20.000138819343775,20.000438348970754,20.000950206388712,20.001646617585152,20.002472534047918,20.003370372499635,20.00429207267599,20.005202418689816,20.006078106707232,20.00690532223868,20.00767716894761,20.008391474375603,20.00904910152958
-0.08615999999999999,20.0,20.000000000303253,20.0000007907461,20.000022994663926,20.000144756079536,20.00045368402261,20.000978329497578,20.001688843999023,20.002528453255586,20.003438507297595,20.00437044194718,20.00528891287647,20.006170704146673,20.007002197283427,20.007776734245677,20.008492386101384,20.009150245378567
-0.08592,20.0,20.000000000342173,20.000000851514013,20.00002425582948,20.0001509290072,20.000469510370408,20.001007202841254,20.00173203108469,20.002585477269,20.00350782822747,20.00445002807359,20.00537661772316,20.00626448113374,20.007100205231122,20.007877377115634,20.008594316127592,20.009252347462745
-0.08567999999999999,20.0,20.000000000385956,20.000000916760765,20.000025582325872,20.000157346720787,20.00048584205378,20.001036843777758,20.00177619720168,20.002643623755045,20.00357835127708,20.004530844915948,20.005465544860385,20.00635944716238,20.007199353632014,20.007979103396725,20.00869726882125,20.009355410903616
-0.08543999999999999,20.0,20.000000000435197,20.000000986801314,20.000026977317052,20.00016401809239,20.000502693453093,20.0010672699862,20.001821360968346,20.002702910567177,20.003650092555684,20.004612906404343,20.00555570594937,20.006455611730086,20.007299650021615,20.008081918901798,20.00880124851597,20.009459438785534
-0.0852,20.0,20.000000000490548,20.00000106197161,20.000028444108086,20.000170952279756,20.00052007929567,20.001098499470412,20.001867541263103,20.002763355745078,20.003723068292697,20.004696226536545,20.005647112680244,20.006552984336096,20.007401101919065,20.008185829415822,20.008906259510674,20.009564434154576
-0.08496,20.0,20.000000000552753,20.00000114262989,20.000029986150825,20.000178158734006,20.00053801466206,20.001130550562472,20.00191475722561,20.002824977514226,20.003797294836335,20.00478081937621,20.00573977677014,20.00665157447958,20.007503716825447,20.008290840694404,20.009012306068335,20.009670400017477
-0.08471999999999999,20.0,20.000000000622634,20.000001229158098,20.000031607049763,20.000185647207523,20.000556514992365,20.00116344192628,20.00196302825788,20.002887794285385,20.003872788652227,20.00486669905108,20.005833709961284,20.006751391657772,20.007607502222108,20.0083969584623,20.00911939241466,20.009777339340534
-0.08448,20.0,20.000000000701114,20.00000132196332,20.00003331056808,20.000193427762,20.0005755960926,20.001197192561037,20.002012374025366,20.002951824654065,20.003949566321943,20.004953879751106,20.005928924019035,20.00685244536412,20.007712465568947,20.00850418841191,20.009227522736815,20.009885255048484
-0.08424,20.0,20.000000000789214,20.000001421479375,20.000035100633927,20.000201510776606,20.000595274141087,20.001231821804726,20.002062814457933,20.00301708739987,20.004027644541473,20.005042375726568,20.006025430729917,20.006954745086386,20.007818614302696,20.008612536201763,20.009336701182107,20.00999415002343
-0.08399999999999999,20.0,20.00000000088808,20.00000152816841,20.00003698134686,20.00020990695634,20.000615565694893,20.00126734933754,20.002114369750768,20.003083601485802,20.004107040119656,20.0051322012861,20.006123241899584,20.007058300304724,20.0079259558352,20.008722007455006,20.009446931856687,20.01010402710372
-0.08375999999999999,20.0,20.000000000998995,20.000001642522687,20.000038956984575,20.00021862734053,20.000636487696315,20.00130379518525,20.002167060365263,20.003151386057496,20.00418776997653,20.005223370794695,20.006222369350777,20.007163120489743,20.008034497551645,20.008832607757856,20.00955821882423,20.01021488908283
-0.08352,20.0,20.000000001123375,20.000001765066376,20.000041032009783,20.000227683311486,20.00065805747938,20.001341179722587,20.002220907029766,20.003220460442357,20.00426985114162,20.005315898671675,20.00632282492123,20.00726921510054,20.008144246808794,20.00894434265807,20.009670566104614,20.010326738708283
-0.08327999999999999,20.0,20.000000001262816,20.00000189635751,20.000043211077358,20.000237086603295,20.000680292776387,20.001379523676498,20.002275930740293,20.003290844148637,20.00435330075219,20.00540979938857,20.006424620461562,20.007376593582705,20.008255210933225,20.009057217663372,20.00978397767261,20.010439578680494
-0.08303999999999999,20.0,20.000000001419078,20.000002036990026,20.000045499041725,20.000246849310802,20.000703211724467,20.001418848129408,20.00233215276115,20.003362556864452,20.004438136051412,20.005505087466997,20.006527767833095,20.007485265366334,20.00836739721951,20.009171238239922,20.009898457456526,20.01055341165168
-0.0828,20.0,20.000000001594138,20.000002187595918,20.000047900964443,20.0002569838987,20.00072683287218,20.001459174522413,20.002389594625477,20.00343561845669,20.004524374386452,20.005601777476464,20.006632278905705,20.007595239863964,20.008480812928415,20.009286409810727,20.010014009336896,20.010668240224735
-0.08256,20.0,20.00000000179018,20.000002348847524,20.00005042212208,20.000267503210846,20.000751175186124,20.001500524658415,20.00244827813572,20.00351004896987,20.004612033206545,20.00569988403213,20.00673816555556,20.00770652646854,20.00859546528507,20.00940273775406,20.010130637145117,20.010784066952105
-0.08231999999999999,20.0,20.00000000200965,20.00000252145991,20.000053068014303,20.000278420479642,20.00077625805757,20.001542920705187,20.002508225364,20.003585868624892,20.004701130060944,20.005799421792517,20.00684543966289,20.00781913455131,20.008711361477125,20.00952022740187,20.010248344662127,20.010900894334664
-0.08207999999999999,20.0,20.000000002255256,20.000002706193428,20.00005584437226,20.00028974933565,20.000802101309095,20.001586385198394,20.002569458652406,20.003663097817732,20.004791682596853,20.00590040545718,20.00695411310968,20.00793307345975,20.008828508652908,20.009638884038214,20.010367135617035,20.011018724820588
-0.08184,20.0,20.000000002530015,20.000002903856366,20.000058757167167,20.00030150381731,20.000828725201256,20.001630941044535,20.0026320006132,20.00374175711805,20.004883708557273,20.00600284976432,20.007064197777346,20.008048352515427,20.008946913919537,20.009758712897604,20.01048701368578,20.011137560804237
-0.08159999999999999,20.0,20.000000002837286,20.000003115307777,20.00006181261924,20.000313698380847,20.000856150439244,20.001676611523823,20.002695874128943,20.003821867267686,20.004977225778767,20.006106769488362,20.007175705544395,20.008164981011834,20.00906658434105,20.009879719163433,20.01060798248977,20.011257404625006
-0.08135999999999999,20.0,20.00000000318079,20.000003341460427,20.00006501720681,20.000326347910303,20.00088439817956,20.00172342029298,20.002761102352483,20.00390344917912,20.005072252189187,20.00621217943745,20.007288648284007,20.008282968212253,20.009187526936493,20.01000190796634,20.010730045594514,20.011378258566218
-0.08112,20.0,20.00000000356467,20.000003583283945,20.000068377675813,20.000339467727724,20.000913490036698,20.001771391387965,20.00282770870691,20.003986523933804,20.00516880580532,20.00631909445094,20.007403037861618,20.00840232334754,20.009309748678028,20.010125284382582,20.01085320650827,20.01150012485398
-0.08088,20.0,20.00000000399352,20.0000038418081,20.000071901049473,20.000353073603524,20.000943448089785,20.001820549226633,20.002895716885373,20.004071112780423,20.005266904730448,20.00642752939681,20.00751888613247,20.008523055613914,20.009433256488997,20.010249853432402,20.01097746868066,20.011623005656055
-0.08063999999999999,20.0,20.000000004472437,20.00000411812625,20.00007559463835,20.00036718176697,20.00097429488927,20.00187091861128,20.0029651508508,20.00415723713307,20.00536656715188,20.006537499169028,20.007636204939104,20.00864517417073,20.00955805724198,20.010375620078378,20.01110283550131,20.011746903080727
-0.0804,20.0,20.000000005007088,20.000004413399026,20.00007946605063,20.000381808916806,20.00100605346358,20.001922524731132,20.003036034835525,20.004244918569324,20.00546781133838,20.006649018684875,20.007755006108834,20.008768688138225,20.009684157756862,20.010502589223783,20.01122931029847,20.011871819175667
-0.08016,20.0,20.00000000560374,20.000004728858134,20.000083523202754,20.000396972232082,20.00103874732572,20.001975393164727,20.003108393340806,20.004334178828238,20.005570655637523,20.00676210288222,20.007875301451193,20.008893606595223,20.009811564798856,20.010630765710925,20.011356896337645,20.01199775592681
-0.07991999999999999,20.0,20.000000006269364,20.00000506581041,20.00008777433034,20.000412689383037,20.001072400479934,20.002029549882202,20.003182251136245,20.004425039808247,20.005675118473025,20.006876766716744,20.007997102755343,20.009019938576856,20.009940285076535,20.010760154319485,20.011485596820197,20.01212471525721
-0.07967999999999999,20.0,20.00000000701166,20.000005425642048,20.00009222799941,20.00042897854221,20.001107037428273,20.002085021247492,20.003257633259086,20.004517523564964,20.00578121834193,20.006993025159094,20.00812042178744,20.009147693072237,20.010070325239848,20.010890759764848,20.011615414881977,20.01225269902591
-0.07944,20.0,20.00000000783918,20.00000580982308,20.000096893117963,20.00044585839564,20.001142683177164,20.002141834020424,20.003334565013397,20.00461165230889,20.00588897381181,20.007110893192028,20.00824527028797,20.009276879022117,20.010201691878116,20.01102258669643,20.011746353591942,20.01238170902682
-0.07919999999999999,20.0,20.000000008761383,20.000006219912052,20.00010177894783,20.000463348154202,20.001179363243942,20.00220001535869,20.003413071969167,20.004707448403032,20.005998403517818,20.00723038580748,20.00837165996908,20.00940750531654,20.010334391518025,20.011155639696,20.011878415950765,20.01251174698756
-0.07895999999999999,20.0,20.000000009788742,20.000006657560945,20.000106895116915,20.000481467565123,20.001217103663354,20.002259592819737,20.003493179961254,20.004804934360415,20.006109526159715,20.007351518003574,20.008499602511826,20.009539580792445,20.01046843062161,20.01128992327598,20.012011604889437,20.012642814568366
-0.07872,20.0,20.00000001093285,20.00000712452036,20.00011225163172,20.00050023692357,20.001255930993988,20.002320594362523,20.003574915088222,20.004904132841514,20.00622236049881,20.007474304781606,20.00862910956344,20.009673114231287,20.01060381558422,20.01142544187779,20.012145923267905,20.012774913360925
-0.07848,20.0,20.000000012206527,20.000007622644937,20.00011785889024,20.000519677084423,20.001295872324693,20.002383048349166,20.003658303711088,20.005005066651556,20.006336925354834,20.00759876114298,20.00876019273453,20.009808114356606,20.010740552732475,20.011562199870117,20.012281373873655,20.012908044887265
-0.07823999999999999,20.0,20.000000013623954,20.000008153899074,20.0001237276952,20.00053980947411,20.001336955280923,20.00244698354647,20.003743372451893,20.005107758737758,20.00645323960272,20.007724902086046,20.008892863596273,20.009944589831598,20.01087864832222,20.011700201547228,20.012417959420336,20.01304221059863
-0.078,20.0,20.0000000152008,20.00000872036289,20.00012986926765,20.000560656102632,20.001379208031018,20.00251242912731,20.00383014819219,20.00521223218643,20.006571322169343,20.007852742602964,20.009027133677534,20.010082549256648,20.011018108536458,20.011839451127283,20.01255568254637,20.013177411874338
-0.07776,20.0,20.000000016954385,20.000009324238505,20.000136295260887,20.000582239575664,20.001422659292448,20.00257941467193,20.003918658071395,20.005318510220015,20.00669119203016,20.007982297676463,20.00916301446203,20.01022200116688,20.011158939483288,20.011979952750604,20.012694545813552,20.01331365002068
-0.07751999999999999,20.0,20.000000018903837,20.00000996785663,20.000143017774793,20.00060458310677,20.001467338337942,20.00264797016905,20.00400892948499,20.005426616193976,20.00681286820579,20.008113582276568,20.009300517385377,20.01036295402965,20.01130114719381,20.012121710477984,20.01283455170567,20.013450926269783
-0.07727999999999999,20.0,20.00000002107027,20.00001065368346,20.000150049370475,20.000627710529752,20.00151327500159,20.002718126016887,20.004100990082613,20.005536573593634,20.00693636975851,20.00824661135727,20.009439653832164,20.010505416242033,20.01144473762005,20.01226472828896,20.01297570262711,20.013589241778494
-0.07704,20.0,20.000000023477,20.000011384327905,20.000157403085332,20.000651646311066,20.00156049968482,20.002789913023996,20.00419486776602,20.005648406030847,20.007061715788684,20.008381399853167,20.00958043513299,20.01064939612831,20.011589716632862,20.012409010080113,20.013118000901464,20.013728597627264
-0.0768,20.0,20.000000026149742,20.00001216254916,20.00016509244847,20.000676415562385,20.001609043362333,20.002863362409993,20.00429059068688,20.005762137240637,20.007188925431123,20.00851796267605,20.009722872561436,20.01079490193743,20.011736090019816,20.012554559663325,20.013261448770148,20.01386899481904
-0.07655999999999999,20.0,20.00000002911686,20.000012991264647,20.0001731314965,20.000702044053217,20.00165893758789,20.002938505806117,20.004388187244466,20.005877791077666,20.007318017851357,20.00865631471141,20.00986697733106,20.010941941840432,20.011883863483092,20.012701380764085,20.013406048391005,20.014010434278152
-0.07632,20.0,20.00000003240962,20.000013873558327,20.000181534789725,20.00072855822363,20.001710214500047,20.00301537525563,20.00448768608317,20.005995391512617,20.007449012241846,20.008796470814946,20.010012760592314,20.011090523927884,20.012033042637352,20.012849477019756,20.01355180183693,20.01415291684921
-0.07608,20.0,20.000000036062488,20.000014812689383,20.000190317428714,20.000755985197074,20.001762906827754,20.003094003214066,20.00458911608991,20.006114962628494,20.007581927818098,20.00893844580899,20.01016023342946,20.011240656207296,20.012183633007627,20.012998851977837,20.013698711094467,20.014296443295986
-0.07583999999999999,20.0,20.00000004011343,20.00001581210132,20.000199495071268,20.000784352793236,20.001817047895848,20.00317442254933,20.004692506391386,20.006236528616768,20.007716783814736,20.009082254478894,20.010309406857466,20.011392346600502,20.012335640027164,20.01314950909427,20.013846778062458,20.014441014300335
-0.07559999999999999,20.0,20.000000044604253,20.000016875431502,20.000209083949787,20.000813689541022,20.001872671630437,20.0032566665416,20.00479788635114,20.00636011377345,20.00785359948148,20.00922791156938,20.010460291818838,20.011545602941062,20.012489069035304,20.013301451731675,20.013996004550634,20.014586630461086
-0.07536,20.0,20.000000049580976,20.000018006521085,20.000219100889023,20.00084402469158,20.001929812564132,20.003340768883085,20.004905285566558,20.00648574249503,20.007992394079032,20.009375431780818,20.010612899180458,20.011700432971598,20.01264392527533,20.013454683157658,20.014146392278246,20.01473329229296
-0.07511999999999999,20.0,20.000000055094244,20.00001920942543,20.00022956332424,20.000875388231357,20.001988505841183,20.0034267636776,20.005014733865615,20.00661343927433,20.008133186874947,20.009524829765493,20.010767239730388,20.011856844341178,20.012800213892312,20.013609206543062,20.0142979428727,20.014881000225476
-0.07487999999999999,20.0,20.000000061199767,20.000020488424976,20.000240489319786,20.000907810895253,20.00204878722243,20.00351468543995,20.005126261303566,20.0067432286962,20.00827599713935,20.009676120123785,20.01092332417463,20.012014844602632,20.01295793993096,20.013765024960257,20.014450657868185,20.01502975460188
-0.07464,20.0,20.000000067958794,20.000021848036603,20.000251897588075,20.000941324179784,20.002110693090142,20.003604569095145,20.005239898159402,20.00687513543317,20.008420844140637,20.009829317400353,20.01108116313389,20.01217444120989,20.013117108333457,20.013922141381393,20.01460453870428,20.01517955567805
-0.0744,20.0,20.00000007543866,20.000023293025496,20.000263807508947,20.000975960356307,20.002174260452684,20.003696449977415,20.005355674932204,20.007009184240914,20.008567747141093,20.009984436080213,20.011240767140286,20.012335641515286,20.013277723937293,20.0140805586767,20.014759586724626,20.01533040362145
-0.07415999999999999,20.0,20.000000083713335,20.00002482841752,20.000276239149485,20.00101175248425,20.002239526949023,20.003790363829047,20.005473622337302,20.00714539995366,20.008716725392404,20.01014149058482,20.011402146634047,20.012498452766877,20.01343979147311,20.01424027961275,20.014915803175548,20.015482298510047
-0.07392,20.0,20.00000009286407,20.000026459512167,20.000289213284198,20.001048734424362,20.00230653085306,20.003886346799,20.005593771302298,20.007283807479453,20.00886779813113,20.01030049526809,20.011565311960187,20.01266288210571,20.013603315562523,20.01440130685074,20.0150731892047,20.015635240331257
-0.07368,20.0,20.00000010298007,20.000028191896032,20.00030275141566,20.001086940852012,20.0023753110778,20.003984435441335,20.005716152962908,20.00742443179532,20.009020984574104,20.010461464412373,20.011730273365156,20.01282893656313,20.013768300715935,20.01456364294476,20.01523174585972,20.015789228980886
-0.07343999999999999,20.0,20.000000114159242,20.00003003145688,20.000316875795516,20.001126407270434,20.00244590717932,20.004084666713457,20.005840798658646,20.007567297942305,20.00917630391372,20.010624412224384,20.011897040993468,20.012996623058015,20.01393475133038,20.0147272903401,20.015391474086872,20.015944264262096
-0.07319999999999999,20.0,20.000000126508986,20.00003198439832,20.000331609445954,20.00116717002401,20.00251835936055,20.004187077974105,20.005967739928344,20.007712431020405,20.009333775313188,20.01078935283109,20.01206562488429,20.01316594839407,20.01410267168733,20.01489225137152,20.015552374729733,20.016100345884347
-0.07296,20.0,20.000000140147094,20.00003405725508,20.000346976181536,20.00120926631151,20.00259270847485,20.004291706981157,20.006097008505506,20.00785985618338,20.009493417901705,20.010956300275566,20.012236034968037,20.013336919257057,20.01427206595054,20.015058528261537,20.015714448527827,20.01625747346238
-0.07271999999999999,20.0,20.000000155202695,20.00003625690896,20.00036300063149,20.00125273419932,20.002668996029385,20.00439859188921,20.006228636313484,20.00800959863345,20.009655250769544,20.011125268512806,20.012408281062918,20.01350954221204,20.01444293816383,20.015226123118726,20.01587769611532,20.016415646515178
-0.07247999999999999,20.0,20.000000171817284,20.000038590605392,20.00037970826238,20.001297612634612,20.002747264188272,20.00450777124694,20.006362655460478,20.00816168361588,20.009819292963073,20.011296271405467,20.012582372871485,20.013683823700628,20.014615292248937,20.015395037936003,20.016042118019687,20.016574864464957
-0.07224,20.0,20.00000019014587,20.00004106597075,20.000397125401193,20.001343941458508,20.002827555775514,20.00461928399422,20.00649909823439,20.008316136413445,20.009985563479717,20.011469322719606,20.012758319977145,20.013859770038177,20.01478913200332,20.01556527458895,20.016207714660396,20.016735126636135
-0.072,20.0,20.000000210358174,20.000043691030296,20.000415279258856,20.001391761419125,20.00290991427768,20.004733169459033,20.006637997097464,20.008472982340773,20.010154081262836,20.01164443612037,20.012936131840657,20.01403738741104,20.014964461097986,20.0157368348341,20.016374486347615,20.01689643225436
-0.07175999999999999,20.0,20.00000023263998,20.000046474226913,20.000434197954117,20.001441114184612,20.002994383846374,20.004849467354113,20.006779384680794,20.00863224673859,20.010324865196534,20.011821625167634,20.01311581779661,20.01421668187376,20.015141283075305,20.015909720307253,20.016542433280883,20.017058780445478
-0.07152,20.0,20.00000025719456,20.000049424440565,20.00045391053787,20.001492042356045,20.00308100930042,20.004968217773392,20.006923293778605,20.008793954967825,20.010497934100393,20.0120009033116,20.013297387049896,20.01439765934628,20.015319601346835,20.01608393252179,20.016711555547847,20.017222170234575
-0.07128,20.0,20.000000284244244,20.00005255100852,20.000474447017844,20.001544589480286,20.003169836127807,20.005089461188156,20.007069757342403,20.008958132403617,20.010673306724154,20.01218228388838,20.01348084867213,20.014580325611153,20.015499419191155,20.016259472867016,20.016881853122953,20.01738660054498
-0.07103999999999999,20.0,20.000000314032114,20.00005586374639,20.000495838383703,20.001598800062684,20.003260910487363,20.005213238442984,20.007218808474917,20.009124804429202,20.010851001742314,20.012365780115523,20.0136662115981,20.014764686310727,20.01568073975168,20.016436342606458,20.01705332586619,20.017552070197308
-0.07079999999999999,20.0,20.00000034682384,20.000059372969986,20.000518116632527,20.001654719579697,20.003354279210154,20.00533959075143,20.00737048042386,20.009293996429673,20.011031037748655,20.012551405087507,20.01385348462216,20.014950746944347,20.015863566034504,20.016614542876216,20.0172259735218,20.017718577908486
-0.07056,20.0,20.000000382909654,20.000063089518015,20.000541314794688,20.001712394491353,20.00344998980059,20.005468559691437,20.00752480657552,20.009465733785646,20.011213433250727,20.0127391717712,20.014042676394638,20.01513851286554,20.016047900906216,20.016794074683318,20.01739979571703,20.017886122290808
-0.07032,20.0,20.000000422606526,20.000067024775642,20.000565466960083,20.001771872253578,20.00354809043723,20.00560018720051,20.007681820448166,20.009640041866778,20.01139820666423,20.012929093001294,20.014233795418214,20.01532798927921,20.016233747091764,20.016974938904053,20.01757479196089,20.018054701850996
-0.07007999999999999,20.0,20.000000466260467,20.000071190698957,20.000590608304748,20.001833201330363,20.00364862997333,20.005734515570605,20.007841555685253,20.009816946025204,20.011585376307345,20.013121181475682,20.01442685004427,20.01551918123882,20.016421107172278,20.017157136282336,20.017750961642893,20.01822431498927
-0.06984,20.0,20.000000514249066,20.000075599840365,20.00061677511782,20.00189643120576,20.003751657937006,20.00587158744276,20.00800404604847,20.00999647158885,20.011774960395034,20.01331544975083,20.014621848469275,20.015712093643565,20.016609983582924,20.017340667428076,20.01792830403184,20.01839495999841
-0.0696,20.0,20.000000566984202,20.000080265374883,20.00064400482888,20.001961612395682,20.00385722453113,20.00601144580145,20.008169325410556,20.010178643854598,20.0119669770332,20.013511910237103,20.014818798731095,20.015906731235575,20.016800378610768,20.01752553281556,20.018106818274592,20.01856663506287
-0.06935999999999999,20.0,20.000000624914993,20.000085201127458,20.000672336035617,20.002028796459506,20.003965380632902,20.006154133968696,20.008337427748,20.010363488081392,20.012161444212865,20.013710575194054,20.01501770870535,20.016103098597092,20.01699229439262,20.01771173278183,20.01828650339486,20.01873933825786
-0.06911999999999999,20.0,20.00000068853096,20.000090421601232,20.000701808531808,20.002098036011443,20.00407617779302,20.00629969559784,20.008508387133475,20.01055102948319,20.012358379804233,20.01391145672569,20.015218586101717,20.016301200147648,20.01718573291291,20.017899267525078,20.018467358292014,20.018913067548453
-0.06888,20.0,20.000000758365477,20.000095942006855,20.00073246333567,20.002169384731708,20.004189668234577,20.00644817466708,20.008682237728134,20.010741293221816,20.0125578015507,20.014114566775728,20.01542143846024,20.016501040141257,20.01738069600157,20.018088137103057,20.01864938173989,20.019087820788723
-0.06863999999999999,20.0,20.000000834999465,20.000101778292823,20.000764342718472,20.0022428973774,20.004305904851563,20.006599615472716,20.00885901377371,20.0109343043997,20.012759727062825,20.01431991712278,20.015626273147646,20.01670262266361,20.017577185331902,20.018278341431504,20.018832572385605,20.019263595720872
-0.06839999999999999,20.0,20.000000919065382,20.000107947176893,20.00079749023349,20.002318629793137,20.00442494120699,20.00675406262208,20.009038749584395,20.01113008805251,20.01296417381222,20.014527519375545,20.01583309735363,20.016905951629244,20.017775202418488,20.01846988028256,20.019016928748417,20.019440389974363
-0.06816,20.0,20.00000101125154,20.00011446617859,20.00083195074521,20.002396638921415,20.00454683153069,20.006911561026207,20.00922147953859,20.011328669141665,20.013171159125395,20.014737384967976,20.016041918087144,20.01711103077878,20.017974748615075,20.018662753283202,20.019202449218543,20.0196182010651
-0.06792,20.0,20.00000111230674,20.000121353652837,20.000867770458807,20.002476982812645,20.004671630716658,20.007072155892196,20.00940723807038,20.011530072546744,20.01338070017753,20.014949525154393,20.016252742172664,20.017317863676066,20.01817582511249,20.018856959913723,20.01938913205605,20.019797026394567
-0.06767999999999999,20.0,20.000001223045277,20.000128628824704,20.000904996949924,20.00255972063489,20.004799394320077,20.007235892715258,20.00959605966092,20.011734323057777,20.01359281398621,20.015163951004602,20.016465576246503,20.017526453705432,20.01837843293657,20.01905249950616,20.019576975389704,20.019976863249042
-0.06744,20.0,20.00000134435232,20.000136311825365,20.000943679194616,20.002644912683273,20.004930178553884,20.00740281727048,20.009787978829536,20.011941445367448,20.01380751740509,20.015380673398987,20.016680426753037,20.01773680406888,20.01858257294608,20.019249371242804,20.019765977215876,20.020157708798767
-0.0672,20.0,20.00000147718972,20.000144423729214,20.00098386759959,20.00273262038901,20.005064040284964,20.007572975604297,20.00998303012468,20.012151464063166,20.01402482711752,20.015599703023554,20.01689729994101,20.01794891778329,20.018788245830667,20.019447574154672,20.019956135397432,20.020339560097174
-0.06695999999999999,20.0,20.00000162260223,20.000152986592205,20.001025614032592,20.002822906328102,20.005201037029888,20.007746414025604,20.010181248114716,20.012364403619042,20.0142447596301,20.015821050364995,20.017116201859785,20.018162797677675,20.018995452108815,20.01964710712002,20.02014744766265,20.020522414080087
-0.06671999999999999,20.0,20.00000178172423,20.00016202349144,20.00106897185302,20.0029158342296,20.005341226950247,20.00792317909663,20.01038266737846,20.012580288387777,20.0144673312662,20.016044725705704,20.017337138355607,20.018378446390383,20.019204192125805,20.01984796886285,20.020339911604157,20.020706267564975
-0.06648,20.000000000000004,20.00000195578692,20.000171558566006,20.00111399594268,20.00301146898352,20.005484668847558,20.008103317623434,20.01058732249559,20.012799142592403,20.014692558159428,20.016270739118784,20.017560115067887,20.018595866366365,20.019414466051714,20.02005015795147,20.02053352467786,20.020891117250187
-0.06624,20.000000000000004,20.00000214612607,20.00018161705912,20.001160742736705,20.003109876648264,20.00563142215768,20.00828687664613,20.01079524803679,20.013020990317976,20.01492045624705,20.01649910046304,20.017785137425438,20.018815059854415,20.019626273879386,20.02025367279701,20.020728284201915,20.021076959714218
-0.06599999999999999,20.000000000000004,20.000002354190347,20.00019222536154,20.001209270254567,20.00321112445766,20.00578154694483,20.008473903428776,20.011006478553803,20.013245855503115,20.015151041263348,20.016729819377947,20.01801221064278,20.019036028904424,20.019839615422466,20.02045851165202,20.020924187355703,20.021263791414995
-0.06576,20.000000000000004,20.000002581550213,20.000203411056365,20.001259638131224,20.003315280827483,20.005935103895084,20.008664445448936,20.011221048569208,20.013473761931486,20.015384328732953,20.01696290527863,20.01824133971638,20.019258775364683,20.02005449031341,20.020664672609023,20.021121231178814,20.02145160868915
-0.06552,20.000000000000007,20.00000282990754,20.000215202965123,20.001311907648322,20.00342241536153,20.006092154309442,20.008858550386936,20.011438992566053,20.013704733223168,20.015620333964122,20.017198367350787,20.018472529420944,20.01948330087914,20.020270898001534,20.02087215359913,20.02131941257005,20.021640407751345
-0.06527999999999999,20.000000000000007,20.00000310110586,20.000227631195273,20.00136614176546,20.00353259885718,20.006252760096395,20.009056266114783,20.01166034497729,20.01393879282591,20.015859072041994,20.01743621454565,20.0187057843057,20.01970960688472,20.02048883775107,20.021080952390644,20.021518728286466,20.021830184693577
-0.06504,20.000000000000007,20.00000339714138,20.000240727189073,20.001422405151462,20.003645903310414,20.006416983764005,20.009257640684773,20.011885140175025,20.014175964006316,20.016100557821762,20.017676455574904,20.018941108690665,20.01993769460863,20.02070830863924,20.021291066587708,20.021719174942387,20.02202093548453
-0.0648,20.00000000000001,20.000003720174774,20.000254523773865,20.001480764215668,20.003762401920305,20.006584888411492,20.00946272231776,20.012113412459573,20.014416269840932,20.016344805921857,20.0179190989056,20.019178506662975,20.020167565065677,20.020929309554344,20.021502493628937,20.021920749008476,20.022212655968918
-0.06455999999999999,20.000000000000014,20.000004072543838,20.000269055213778,20.001541287139165,20.003882169092947,20.006756537720303,20.009671559391094,20.012345196048354,20.014659733207225,20.01659183071707,20.018164152755077,20.01941798207315,20.020399219055648,20.02115183919388,20.021715230786096,20.022123446810816,20.022405341866847
-0.06431999999999999,20.000000000000018,20.000004456776978,20.00028435726289,20.001604043905996,20.004005280444783,20.00693199594469,20.009884200426235,20.012580525064564,20.01490637677449,20.016841646331613,20.018411625085864,20.019659538531428,20.020632657160625,20.02137589606267,20.02192927516279,20.022327264529977,20.022598988773215
-0.06408,20.000000000000025,20.00000487560771,20.000300467219798,20.00166910633424,20.004131812805333,20.007111327901736,20.01010069407604,20.012819433525717,20.015156222994666,20.017094266632217,20.01866152360059,20.01990317940408,20.020867879742404,20.021601478470995,20.02214462369317,20.02253219820016,20.0227935921571
-0.06384,20.00000000000003,20.000005331990124,20.00031742398373,20.001736548106994,20.0042618442193,20.007294598960872,20.01032108911171,20.013061955331946,20.01540929409306,20.017349705221125,20.018913855736862,20.02014890780975,20.021104886939863,20.02182858453279,20.02236127314065,20.022738243708293,20.022989147361184
-0.06359999999999999,20.00000000000004,20.00000582911541,20.000335268112067,20.001806444803176,20.004395453948003,20.00748187503286,20.01054543440939,20.013308124254184,20.015665612058992,20.017607975429094,20.0191686286622,20.0203967266158,20.021343678666383,20.022057212163812,20.022579220096667,20.022945396793197,20.02318564960118
-0.06336,20.000000000000046,20.00000637042955,20.000354041879387,20.001878873928163,20.004532722470177,20.00767322255821,20.01077377893648,20.01355797392212,20.01592519863636,20.017869090308363,20.019425849268906,20.02064663843467,20.0215842546073,20.02228735907986,20.022798460979445,20.023153653044748,20.02338309396529
-0.06312,20.00000000000006,20.000006959652175,20.00037378933803,20.00195391494418,20.004673731482036,20.007868708495067,20.011006171737552,20.013811537812003,20.016188075314115,20.018133062625587,20.019685524168974,20.020898645620253,20.02182661421734,20.022519022795006,20.023018992032778,20.02336300790306,20.02358147541367
-0.06287999999999999,20.000000000000078,20.000007600796703,20.000394556380133,20.002031649300434,20.004818563896656,20.00806840030653,20.011242661919983,20.014068849234288,20.01645426331668,20.018399904854764,20.019947659689006,20.021152750264303,20.0220707567181,20.022752200619856,20.02324080932485,20.023573456657697,20.023780788777913
-0.06264,20.000000000000096,20.000008298191847,20.000416390801192,20.002112160462953,20.00496730384261,20.0082723659474,20.011483298639217,20.01432994132106,20.01672378359428,20.01866962917012,20.0202122618651,20.02140895419282,20.022316681095568,20.02298688965982,20.023463908747065,20.023784994446892,20.023981028760556
-0.0624,20.000000000000124,20.0000090565045,20.000439342365155,20.00219553394407,20.005120036661832,20.008480673850357,20.01172813108372,20.014594847013335,20.016996656813173,20.018942247438986,20.020479336437795,20.02166725896251,20.022564386097617,20.023223086813413,20.023688286012895,20.023997616256786,20.024182189934603
-0.06215999999999999,20.000000000000156,20.000009880764182,20.000463462871018,20.00228185733155,20.005276848906732,20.008693392911578,20.01197720845957,20.01486359904818,20.017272903345884,20.019217771214656,20.020748888846963,20.02192766585721,20.02281387023157,20.02346078877061,20.02391393665677,20.024211316920717,20.024384266743052
-0.061919999999999996,20.000000000000195,20.00001077638905,20.000488806220936,20.00237122031727,20.00543782833647,20.008910592475743,20.012230579974748,20.015136229945664,20.017552543261292,20.01949621172923,20.021020924226775,20.022190175884376,20.02306513176177,20.023699992011153,20.024140856032968,20.02442609111848,20.024587253498478
-0.06167999999999999,20.00000000000025,20.0000117492136,20.00051542848987,20.00246371472545,20.00560306391244,20.009132342320456,20.012488294823065,20.015412771995642,20.017835596314708,20.019777579886437,20.02129544740063,20.02245478977157,20.023318168707174,20.023940692802974,20.024369039314553,20.024641933375662,20.024791144382586
-0.061439999999999995,20.000000000000313,20.000012805518136,20.000543387996707,20.002559434540384,20.005772645792888,20.00935871264008,20.01275040216777,20.015693257244386,20.018122081937847,20.020061886254453,20.021572462876115,20.02272150796297,20.023572978838992,20.024182887200563,20.024598481492315,20.024858838062954,20.024995933445815
-0.0612,20.00000000000039,20.000013952060165,20.00057274537693,20.002658475933586,20.005946665326675,20.00958977402896,20.013016951124825,20.01597771748107,20.018412019228794,20.020349141058713,20.021851974839997,20.02299033061594,20.02382955967832,20.024426571043428,20.024829177373757,20.02507679939551,20.02520161460696
-0.06095999999999999,20.000000000000494,20.00001519610771,20.00060356365674,20.00276093729038,20.006125215046147,20.009825597464047,20.013287990745848,20.016266184224072,20.01870542694185,20.020639354174705,20.022133987153186,20.023261257597557,20.024087908493833,20.02467173995454,20.025061121582077,20.02529581143232,20.025408181652793
-0.060719999999999996,20.000000000000618,20.000016545474768,20.000635908328658,20.00286691923581,20.00630838865908,20.010066254286897,20.01356357000073,20.016558688707153,20.01900232347739,20.02093253512078,20.02241850334578,20.02353428848125,20.024348022299503,20.024918389338822,20.025294308555203,20.025515868075612,20.025615628237723
-0.06047999999999999,20.000000000000778,20.000018008558932,20.000669847428618,20.002976524659882,20.006496281039716,20.010311816185062,20.01384373775991,20.016855261865484,20.01930272687161,20.02122869305093,20.022705526612054,20.023809422543398,20.024609897852326,20.02516651438167,20.02552873254486,20.02573696307027,20.025823947883474
-0.060239999999999995,20.000000000000973,20.00001959438135,20.00070545161448,20.00308985874204,20.006688988218837,20.010562355172866,20.01412854277635,20.0171559343215,20.019606654786276,20.021527836747595,20.022995059805563,20.024086658759988,20.024873531650105,20.025416110047498,20.025764387615617,20.025959090003276,20.026033133978775
-0.06,20.000000000001222,20.000021312629123,20.000742794245962,20.003207028974856,20.00688660737284,20.010817943571528,20.014418033667173,20.017460736370655,20.01991412449839,20.021829974614455,20.023287105434175,20.02436599580331,20.025138919929255,20.02566717107831,20.026001267644023,20.02618224230318,20.02624317977907
-0.059759999999999994,20.000000000001528,20.000023173700274,20.00078195146599,20.00332814518689,20.007089236811865,20.011078653988694,20.01471225889496,20.017769697967008,20.02022515288984,20.022135114669243,20.02358166565519,20.024647432038684,20.025406058662636,20.025919691992314,20.02623936631772,20.026406413239584,20.02645407840625
-0.059519999999999997,20.00000000000191,20.000025188751398,20.000823002283365,20.003453319564624,20.00729697596685,20.011344559297306,20.015011266748765,20.018082848708687,20.02053975643701,20.022443264536548,20.023878742270476,20.02493096552118,20.02567494355743,20.02617366708256,20.026478677134616,20.02663159592267,20.026665822848422
-0.05927999999999999,20.000000000002387,20.00002736974815,20.000866028656844,20.003582666673463,20.00750992537559,20.011615732613855,20.015315105324795,20.01840021782323,20.020857951200338,20.02275443144063,20.024178336721622,20.025216593992443,20.025945570053054,20.0264290904156,20.026719193402062,20.026857783302727,20.026878405959668
-0.059039999999999995,20.00000000000298,20.000029729518726,20.00091111558042,20.00371630347773,20.007728186667716,20.01189224727597,20.01562382250678,20.01872183415277,20.021179752813858,20.023068622198277,20.024480450085118,20.025504314877494,20.02621793331908,20.02668595583021,20.026960908236084,20.02708496816972,20.027091820459855
-0.0588,20.000000000003716,20.00003228181044,20.00095835116995,20.003854349359585,20.007951862548595,20.012174176819414,20.015937465946017,20.01904772613915,20.021505176474705,20.02338584321163,20.024785083067595,20.025794125281603,20.026492028253255,20.026944256936112,20.02720381456061,20.027313143152885,20.027306058934442
-0.058559999999999994,20.000000000004633,20.00003504134958,20.001007826750936,20.003996926136836,20.00818105678214,20.012461594954374,20.016256083041146,20.019377921808854,20.02183423693261,20.023706100461073,20.02509223600107,20.026086021987187,20.026767849479477,20.027203987112753,20.027447905106776,20.02754230072033,20.02752111383432
-0.05832,20.000000000005766,20.000038023904676,20.001059636947502,20.004144158079566,20.0084158741725,20.01275457554117,20.01657972091759,20.019712448757893,20.022166948479363,20.024029399498108,20.025401908838244,20.026380001450747,20.02704539134587,20.0274651395081,20.027693172412196,20.027772433178686,20.02773697747568
-0.05807999999999999,20.000000000007173,20.00004124635339,20.001113879772472,20.00429617192555,20.0086564205446,20.01305319256527,20.016908426406708,20.020051334136525,20.022503324938246,20.02435574543827,20.025714101147837,20.026676059799858,20.02732464792289,20.02772770703749,20.027939608820333,20.02800353267277,20.02795364203989
-0.057839999999999996,20.000000000008914,20.000044726753117,20.00117065671851,20.004453096894316,20.00890280272354,20.013357520111683,20.01724224602466,20.0203946046339,20.022843379653487,20.024685142954066,20.02602881210996,20.026974192830192,20.027605613001434,20.027991682382503,20.028187206479842,20.028235591185275,20.0281710995734
-0.0576,20.00000000001107,20.00004848441552,20.001230072850255,20.004615064699934,20.009155128512802,20.013667632338713,20.017581225950977,20.0207422864626,20.023187125479666,20.02501759626795,20.026346040511523,20.02727439600259,20.027888280091044,20.02825705798988,20.028435957343977,20.02846860053649,20.028389341987666
-0.057359999999999994,20.00000000001373,20.000052539985173,20.001292236897388,20.004782209562322,20.009413506671287,20.01398360345104,20.01792541200684,20.021094405343092,20.02353457477115,20.025353109145307,20.02666578474171,20.027576664440165,20.028172642418106,20.02852382607045,20.02868585317003,20.02870255238404,20.028608361059106
-0.05712,20.00000000001702,20.000056915522478,20.001357261348566,20.004954668217103,20.00967804688911,20.014305507672184,20.018274849633098,20.02145098648806,20.0238857393715,20.0256916848875,20.026988042787465,20.027880992925486,20.02845869292412,20.02879197859815,20.02893688551877,20.028937438222666,20.02882814842906
-0.05687999999999999,20.000000000021075,20.000061634591017,20.00142526254612,20.005132579923938,20.009948859762194,20.0146334192163,20.018629583867988,20.021812054586693,20.024240630602883,20.026033326324942,20.02731281222906,20.02818737589777,20.028746424264,20.02906150730902,20.02918904575397,20.029173249384023,20.029048695603798
-0.056639999999999996,20.000000000026073,20.000066722349597,20.001496360781495,20.005316086473204,20.010226056765607,20.01496741225935,20.018989659324614,20.022177633788868,20.024599259255506,20.026378035810183,20.0276400902357,20.02849580745015,20.029035828804428,20.029332403700277,20.029442325041895,20.029409977036494,20.029269993954518
-0.05639999999999999,20.00000000003223,20.000072205649097,20.00157068039127,20.005505332191074,20.010509750225633,20.015307560909633,20.019355120168132,20.022547747689266,20.02496163557705,20.02672581521109,20.027969873561165,20.02880628132698,20.02932689862225,20.02960465902942,20.029696714350898,20.029647612185055,20.0294920347174
-0.056159999999999995,20.000000000039805,20.00007811313439,20.001648349853763,20.00570046394282,20.010800053290577,20.01565393917765,20.019726010092715,20.02292241931142,20.025327769262105,20.02707666590404,20.028302158539535,20.02911879092121,20.02961962550292,20.02987826431337,20.02995220445099,20.029886145671156,20.02971480899367
-0.05592,20.000000000049113,20.00008447535147,20.001729501885997,20.005901631134318,20.01109707990028,20.01600662094537,20.02010237229822,20.023301671091687,20.025697669441662,20.027430588767157,20.02863694108094,20.02943332927178,20.029914000938973,20.03015321032766,20.030208785913477,20.030125568172625,20.02993830774967
-0.05567999999999999,20.000000000060545,20.000091324860083,20.001814273541076,20.006108985711744,20.01140094475432,20.016365679934836,20.020484249466666,20.023685524863193,20.02607134467257,20.02778758417362,20.028974216667397,20.02974988906111,20.03021001612858,20.03042948760563,20.03046644911062,20.030365870203614,20.03016252181698
-0.055439999999999996,20.000000000074568,20.000098696351944,20.00190280630576,20.00632268215929,20.01171176327889,20.01673118967616,20.020871683738427,20.02407400183969,20.026448802927074,20.02814765198501,20.029313980348682,20.03006846261262,20.030507661974127,20.03070708643773,20.030725184215328,20.030607042114553,20.030387441892554
-0.05519999999999999,20.00000000009176,20.00010662677488,20.00199524619814,20.00654287749491,20.01202965159236,20.017103223474884,20.021264716688233,20.024467122599397,20.02683005158235,20.02851079154473,20.029656226738282,20.0303890418883,20.03080692908084,20.030985996870793,20.030984981200895,20.03084907409216,20.030613058538854
-0.054959999999999995,20.000000000112813,20.000115155463035,20.002091743865336,20.006769731264022,20.0123547264695,20.017481854378715,20.021663389300915,20.024864907068782,20.027215097410103,20.028877001671464,20.0300009500094,20.03071161848637,20.03110780775549,20.031266208707407,20.03124582984076,20.031091956159454,20.030839362184064
-0.05472,20.00000000013857,20.000124324273365,20.00219245468109,20.007003405531076,20.012687105304316,20.017867155143676,20.022067741946966,20.025267374506324,20.02760394656616,20.029246280652735,20.030348143891015,20.031036183638978,20.031410288005116,20.0315477115053,20.03150771970831,20.031335678175815,20.031066343122266
-0.054479999999999994,20.000000000170054,20.000134177728686,20.002297538843056,20.007244064868942,20.01302690607155,20.018259198199605,20.022477814357874,20.025674543486243,20.02799660458016,20.029618626238463,20.030697801664054,20.031362728209942,20.03171435953582,20.031830494576763,20.031770640176713,20.031580229837065,20.03129399151367
-0.05424,20.000000000208505,20.000144763167413,20.00240716146976,20.007491876346027,20.01337424728679,20.018658055615095,20.02289364560126,20.0260864318822,20.02839307634526,20.029994035634683,20.031049916157574,20.0316912426926,20.032020011751595,20.032114546988147,20.032034580418806,20.03182560067557,20.031522297384893
-0.05399999999999999,20.000000000255422,20.000156130900326,20.002521492697,20.007747009511096,20.013729247965227,20.01906379906181,20.023315274055847,20.026503056851,20.028793366107912,20.030372505497247,20.031404479745053,20.03202171720768,20.032327233753247,20.032399857559376,20.032299529406988,20.03207178006041,20.031751250629192
-0.053759999999999995,20.000000000312614,20.000168334374468,20.002640707773594,20.008009636375707,20.014092027578965,20.019476499778236,20.02374273738621,20.026924434816287,20.02919747745767,20.030754031925674,20.03176148434074,20.032354141501266,20.032636014337324,20.032686414863523,20.032565475913174,20.032318757197515,20.031980841006813
-0.05352,20.000000000382265,20.000181430344476,20.002764987156286,20.008279931394174,20.014462706012978,20.019896228532833,20.02417607251738,20.027350581452218,20.029605413317103,20.031138610457017,20.032120921396103,20.0326885049428,20.03294634199513,20.032974207226417,20.03283240850878,20.032566521129898,20.032211058145272
-0.053279999999999994,20.00000000046702,20.000195479051555,20.002894516603696,20.008558071441037,20.014841403519654,20.02032305558662,20.024615315609296,20.027781511667172,20.030017175931718,20.031526236059854,20.03248278189631,20.033024796523176,20.033258204911785,20.03326322272631,20.033100315564752,20.032815060737864,20.03244189153974
-0.05304,20.000000000570047,20.000210544410287,20.003029487269107,20.008844235785947,20.015228240671917,20.020757050655234,20.025060502031053,20.02821723958745,20.03043276686003,20.03191690312836,20.032847056356832,20.033363004852895,20.033571590965334,20.03355344919357,20.033369185251594,20.033064364739293,20.032673330553393
-0.05279999999999999,20.000000000695177,20.00022669420352,20.00317009579192,20.009138606065903,20.01562333831495,20.021198282870376,20.025511666335078,20.028657778541003,20.030852186963624,20.032310605476425,20.033213734820112,20.03370311816028,20.033886487725947,20.03384487421046,20.03363900553951,20.03331442168992,20.032905364417825
-0.052559999999999996,20.000000000847017,20.000244000285544,20.00331654438767,20.009441366254798,20.01602681751648,20.02164682074078,20.0259688422311,20.029103141041205,20.03127543639738,20.032707336331928,20.03358280685231,20.03404512428978,20.034202882455126,20.034137485110918,20.033909764198505,20.03356521998366,20.03313798223347
-0.05232,20.000000001031086,20.00026253879379,20.003469040936306,20.009752702630173,20.016438799515683,20.02210273211261,20.02643206256006,20.029553338770626,20.03170251459971,20.03310708833104,20.033954261540128,20.03438901070032,20.034520762105018,20.03443126898041,20.034181448798567,20.033816747852985,20.033371172970043
-0.052079999999999994,20.00000000125403,20.000282390369204,20.003627799068656,20.010072803737163,20.016859405670633,20.022566084129352,20.02690135926785,20.030008382564887,20.032133420282943,20.033509853512673,20.034328087487754,20.034734764463767,20.03484011331776,20.034726212655833,20.034454046709893,20.03406899336927,20.033604925467028
-0.05184,20.00000000152381,20.00030364038557,20.003793038250812,20.010401860349532,20.01728875740436,20.023036943191205,20.02737676337901,20.030468282396534,20.03256815142378,20.033915623312993,20.03470427281386,20.035082372263407,20.03516092242489,20.035022302725455,20.03472754510312,20.034321944443256,20.033839228434164
-0.05159999999999999,20.00000000184996,20.000326379187946,20.003964983866265,20.010740065427786,20.01772697614945,20.02351537491398,20.02785830497027,20.03093304735898,20.033006705253857,20.034324388560066,20.035082805148697,20.035431820392557,20.03548317544683,20.035319525528916,20.035001930949633,20.03457558882546,20.034074070451986
-0.051359999999999996,20.000000002243894,20.000350702340377,20.004143867295586,20.01108761407423,20.01817418329131,20.024001444087517,20.028346013144073,20.031402685650537,20.03344907825039,20.034736139468585,20.0354636716313,20.035783094753228,20.035806858092418,20.035617867157264,20.035277191021883,20.03482991410669,20.034309439972354
-0.05112,20.00000000271927,20.000376710883124,20.00432992599342,20.011444703485022,20.018630500109932,20.024495214633625,20.02883991600199,20.031877204558473,20.03389526612698,20.03515086563472,20.035846858906783,20.036136180854857,20.036131955758506,20.035917313453055,20.035553311893764,20.035084907718534,20.03454532531904
-0.050879999999999995,20.00000000329239,20.000404511599534,20.00452340356261,20.011811532899035,20.019096047720303,20.024996749563595,20.029340040618077,20.032356610443195,20.034345263824488,20.03556855603106,20.036232353123694,20.036491063813145,20.036458453529626,20.036217850010505,20.035830279941024,20.035340556933903,20.034781714688332
-0.05064,20.000000003982713,20.000434217292753,20.004724549825188,20.01218830354359,20.019570947011427,20.025506110935254,20.02984641301223,20.032840908722488,20.03479906550205,20.035989199001712,20.036620139931518,20.036847728348928,20.036786336177716,20.03651946217567,20.036108081341705,20.035596848867637,20.035018596149648
-0.05039999999999999,20.000000004813444,20.000465947072385,20.004933620890043,20.012575218576952,20.020055318583918,20.026023359809624,20.03035905812346,20.033330103855885,20.035256664528223,20.03641278225747,20.037010204478268,20.0372061587872,20.037115588161907,20.036822135046698,20.036386702076644,20.035853770477072,20.035255957646207
-0.050159999999999996,20.000000005812222,20.00049982665129,20.005150879217013,20.012972483027525,20.020549282686254,20.02654855620715,20.03087799978316,20.033824199329118,20.035718053472237,20.036839292871136,20.037402531408144,20.037566339056145,20.03744619362838,20.037125853474137,20.03666612793001,20.036111308562713,20.035493786995673
-0.04991999999999999,20.00000000701193,20.00053598865258,20.00537659367716,20.01338030372973,20.021052959149618,20.027081759063563,20.0314032606884,20.034323197638674,20.036183224095414,20.03726871727294,20.03779710485933,20.03792825268629,20.0377781364103,20.03743060206127,20.036946344489852,20.036369449768888,20.035732071890894
-0.049679999999999995,20.00000000845166,20.000574572927015,20.005611039609,20.0137988892565,20.02156646732142,20.027623026185367,20.031934862375167,20.03482710027651,20.036652167342705,20.037701041246116,20.038193908461892,20.038291882809748,20.038111400027784,20.03773636516453,20.03722733714873,20.036628180584465,20.035970799900603
-0.04944,20.000000010177843,20.00061572688076,20.00585449887042,20.014228449848357,20.02208992599745,20.02817241420497,20.03247282519169,20.035335907714856,20.03712487333438,20.038136249922584,20.038592925335774,20.038657212159524,20.038445967687966,20.038043126893946,20.03750909110438,20.036887487343574,20.036209958470184
-0.049199999999999994,20.000000012245554,20.000659605813695,20.006107259886058,20.014669197339025,20.022623453352708,20.028729978535498,20.03301716827174,20.035849619391197,20.03760133135787,20.038574327778775,20.038994138088885,20.039024223068925,20.03878182228513,20.038350871113643,20.037791591360367,20.037147356226395,20.03644953492245
-0.04896,20.000000014720086,20.000706373268272,20.006369617689856,20.01512134507751,20.02316716687092,20.02929577332529,20.033567909508015,20.03636823369336,20.038081529859756,20.039015258631593,20.039397528815353,20.03939289747104,20.039118946400883,20.038659581442417,20.038074822726877,20.03740777325994,20.036689516458438
-0.04871999999999999,20.000000017678744,20.000756201388942,20.006641873962558,20.01558510784666,20.02372118327277,20.029869851412087,20.034125065525565,20.036891747944782,20.038565456437947,20.03945902563451,20.03980307909382,20.03976321689832,20.03945732230442,20.03896924125435,20.03835876982144,20.037668724318902,20.03692989015825
-0.048479999999999995,20.000000021212976,20.00080927129219,20.006924337063847,20.01606070177814,20.02428561844282,20.030452264276967,20.0346886516553,20.037420158389953,20.039053097833964,20.039905611273795,20.0402107699859,20.04013516248225,20.039796931952853,20.03927983367945,20.0386434170698,20.037930195126517,20.037170642981913
-0.04824,20.00000002543085,20.000865773447135,20.007217322058917,20.016548344263764,20.02486058735522,20.031043061998027,20.03525868190759,20.037953460179992,20.039544439925464,20.040354997364915,20.040620582034745,20.040508714953113,20.04013775699162,20.039591341604407,20.03892874870673,20.038192171255467,20.03741176177023
-0.047999999999999994,20.000000030459958,20.00092590806665,20.00752115073914,20.017048253863212,20.025446203998143,20.03164229320383,20.03583516894594,20.038491647358445,20.0400394677189,20.04080716504905,20.041032495263696,20.040883854639805,20.04047977875493,20.03990374767334,20.039214748776978,20.0384546381288,20.037653233245727
-0.04776,20.000000036450786,20.000989885508968,20.007836151636596,20.01756065020805,20.02604258129704,20.032250005026658,20.036418124060827,20.03903471284724,20.040538165342355,20.041262094789772,20.041446489175097,20.041260561469812,20.040822978266323,20.040217034288638,20.039501401136178,20.03871758102091,20.037895044013556
-0.04751999999999999,20.00000004358064,20.001057926689583,20.008162660032163,20.01808575390206,20.026649831036686,20.03286624305556,20.03700755714363,20.039582648432873,20.041040516038585,20.041719766369894,20.0418625427492,20.04163881496922,20.041167336239273,20.040531183611847,20.039788689451857,20.038980985058526,20.03813718056247
-0.047279999999999996,20.000000052058237,20.001130263503434,20.008501017956938,20.01862378641784,20.027268063782085,20.03349105128926,20.037603476660728,20.040135444752764,20.041546502158248,20.04218015888844,20.042280634443202,20.042018594262853,20.041512833077856,20.0408461775646,20.040076597204454,20.039244835221737,20.038379629265787
-0.04704,20.000000062129008,20.00120713925706,20.008851574186643,20.019174969989685,20.027897388798234,20.034124472088926,20.03820588962774,20.040693091281852,20.042056105153307,20.0426432507578,20.042700742190398,20.042399878074473,20.04185944887752,20.04116199782961,20.040365107688398,20.039509116345066,20.03862237638242
-0.046799999999999994,20.000000074081292,20.001288809110644,20.009214684228766,20.01973952750266,20.0285379139688,20.03476654613081,20.038814801583968,20.041255576319422,20.042569305570666,20.043109019701028,20.04312284339947,20.04278264472711,20.04220716342591,20.04147862585173,20.04065420401322,20.039773813118558,20.038865408057895
-0.04656,20.00000008825347,20.00137554052964,20.00959071030216,20.02031768237798,20.02918974571371,20.035417312358838,20.039430216567013,20.041822886976135,20.043086083045967,20.043577442749328,20.04354691495389,20.043166872143477,20.042555956203753,20.041796042839046,20.04094386910471,20.040038910088914,20.03910871032542
-0.04631999999999999,20.00000010504229,20.00146761374569,20.00998002130881,20.02090965845454,20.02985298890571,20.0360768079371,20.0400521370876,20.042395009161325,20.04360641629765,20.04404849623967,20.043972933211453,20.04355253784645,20.042905806385832,20.042114229764028,20.04123408570611,20.04030439166064,20.039352269106956
-0.046079999999999996,20.00000012491244,20.00156532222656,20.010382992797478,20.021515679866717,20.030527746785943,20.03674506820233,20.040680564104633,20.042971927570534,20.044130283121188,20.044522155812626,20.04440087400395,20.043939618959698,20.043256692842043,20.042433167364774,20.041524836379367,20.040570242097253,20.039596070214344
-0.04584,20.000000148407672,20.00166897315466,20.010800006918938,20.02213597091837,20.03121412087854,20.037422126616367,20.041315497000486,20.04355362567332,20.04465766038354,20.0449983964103,20.044830712636962,20.04432809220838,20.043608594138497,20.042752836146242,20.0418161035064,20.04083644552249,20.03984009935043
-0.045599999999999995,20.000000176163585,20.00177888791381,20.011231452372545,20.02277075595307,20.031912210904302,20.038108014718652,20.041956933556538,20.044140085701304,20.045188524017863,20.045477192274525,20.045262423889767,20.044717933919937,20.043961488538724,20.043073216381607,20.04210786929044,20.041102985921587,20.04008434211022
-0.04536,20.000000208922426,20.001895402583713,20.011677724343805,20.023420259220522,20.032622114693464,20.03880276207875,20.04260486992901,20.04473128863654,20.04572284901842,20.045958516945163,20.045695982015427,20.045109120024993,20.04431535400493,20.04339428811363,20.04240011575739,20.04136984714255,20.040328783982076
-0.04511999999999999,20.00000024755011,20.00201886844169,20.012139224432737,20.024084704739312,20.033343928097654,20.039506396248957,20.043259300625042,20.04532721420011,20.04626060943573,20.046442343258622,20.046131360740958,20.045501626058357,20.044670168199342,20.043716031156098,20.042692824757232,20.041637012897493,20.04057341034892
-0.044879999999999996,20.000000293055795,20.002149652471108,20.01261636057268,20.024764316155814,20.034077744901033,20.040218942717022,20.04392021847911,20.045927840841067,20.04680177837195,20.04692864334653,20.04656853326767,20.045895427160126,20.045025908485623,20.044038425095316,20.0429859779655,20.041904466763977,20.04081820648946
-0.04464,20.00000034661443,20.00228813787582,20.013109546939308,20.025459316599427,20.034823656730662,20.040940424858995,20.044587614629744,20.04653314572565,20.047346327976527,20.047417388634624,20.04700747227163,20.04629049807687,20.045382551930366,20.044361449291657,20.04327955688475,20.042172192186413,20.04106315757947
-0.044399999999999995,20.000000409592605,20.00243472460009,20.013619203849576,20.026169928534117,20.035581752966173,20.041670863892215,20.045261478496606,20.04714310472683,20.047894229442047,20.04790854984179,20.04744814990425,20.046686813162967,20.045740075304654,20.04468508288118,20.043573542846115,20.04244017247747,20.04130824869305
-0.04416,20.00000048357819,20.00258982985313,20.014145757650326,20.02689637360626,20.03635212064878,20.042410278828537,20.045941797757862,20.047757692414137,20.048445453000397,20.048402096979306,20.047890537793048,20.047084346381972,20.0460984550857,20.04500930477727,20.043867917010864,20.042708390819534,20.041553464803947
-0.043919999999999994,20.000000570414343,20.00275388863756,20.01468964059629,20.027638872488875,20.037134844389648,20.04315868642774,20.046628558327992,20.04837688204388,20.048999967919116,20.048897999350295,20.048334607042513,20.047483071308132,20.04645766745858,20.045334093672377,20.044162660372052,20.042976830266177,20.041798790786892
-0.04368,20.000000672238386,20.002927354280978,20.015251290717224,20.02839764472223,20.037930006277737,20.043916101151208,20.047321744335935,20.049000645549622,20.049557742498067,20.049396225549334,20.048780328235136,20.047882961128018,20.046817688317994,20.045659428039787,20.044457753756163,20.043245473743696,20.042044211418947
-0.04344,20.00000079152623,20.003110698969618,20.015831151673936,20.02917290855093,20.03873768578709,20.044682535115896,20.04802133810366,20.049628953533087,20.050118744066328,20.049896743462277,20.04922767143256,20.04828398864221,20.04717849327017,20.04598528613544,20.044753177824823,20.043514304052632,20.04228971138089
-0.043199999999999995,20.000000931143145,20.00330441428329,20.016429672602968,20.029964880757458,20.0395579596837,20.04545799804861,20.048727320125135,20.05026177525534,20.05068293897937,20.05039952026628,20.049676606176902,20.048686126267135,20.04754005763478,20.04631164599984,20.04504891307655,20.043783303869372,20.04253527525861
-0.04296,20.00000109440161,20.003509011730483,20.017047307949646,20.030773776492293,20.040390901931957,20.046242497240645,20.049439669045746,20.05089907862838,20.051250292616515,20.05090452243001,20.050127101492183,20.049089346036972,20.047902356446986,20.046638485459972,20.04534493984853,20.04405245574774,20.042780887544556
-0.042719999999999994,20.000001285127247,20.003725023282552,20.01768451728935,20.031599809100612,20.04123658360073,20.047036037502764,20.050158361642158,20.05154083020709,20.051820769378654,20.051411715714064,20.050579125885932,20.04949361960568,20.048265364459514,20.046965782131323,20.04564123831847,20.044321742120644,20.043026532639175
-0.04248,20.000001507733813,20.0039530019059,20.01834176513668,20.032443189945674,20.0420950727692,20.047838621120647,20.050883372802637,20.052186995181568,20.052394332686244,20.051921065171587,20.051032647350922,20.049898918249145,20.04862905614483,20.047293513419927,20.04593778850645,20.04459114530176,20.04327219485239
-0.04224,20.000001767308447,20.004193522090855,20.019019520742393,20.03330412822893,20.042966434432444,20.048650247810752,20.051614675507867,20.052837537369808,20.052970944977616,20.052432535149105,20.051487633367056,20.050305212867393,20.048993405697406,20.047621656524473,20.046234570276848,20.044860647487212,20.043517858405096
-0.041999999999999996,20.000002069708422,20.00444718037602,20.019718257877887,20.03418283080693,20.043850730406852,20.04947091467666,20.05235224081227,20.053492419210837,20.053550567707536,20.05294608928753,20.0519440509034,20.050712473986945,20.04935838703603,20.047950188438485,20.046531563340288,20.045130230757323,20.043763507430693
-0.04176,20.000002421670857,20.004714595866744,20.020438454606957,20.035079502005154,20.044748019235428,20.050300616165927,20.0530960378258,20.054151601758207,20.054133161346076,20.05346169052342,20.052401866420354,20.051120671763247,20.049723973806202,20.048279085952526,20.046828747255645,20.04539987707837,20.044009125976622
-0.041519999999999994,20.00000283093696,20.004996410746244,20.021180593044793,20.03599434342877,20.045658356093085,20.051139344027497,20.053846033696335,20.05481504467391,20.054718685377786,20.05397930109041,20.052861045871982,20.051529775983244,20.050090139382633,20.048608325656488,20.047126101432077,20.045669568304387,20.044254698005936
-0.04128,20.000003306392575,20.005293290777956,20.021945159103893,20.036927553770482,20.046581792691928,20.051987087269676,20.05460219359256,20.05548270622271,20.05530709830115,20.05449888252088,20.053321554708493,20.051939756068023,20.050456856871772,20.04893788394192,20.047423605131094,20.04593928617897,20.04450020739889
-0.04103999999999999,20.00000385822695,20.005605925797536,20.022732642226856,20.037879328615528,20.047518377186663,20.052843832118736,20.055364480687448,20.056154543266906,20.055898357628347,20.0550203956478,20.05378335787886,20.05235058107557,20.050824099114454,20.049267737004428,20.04772123746869,20.046209012337165,20.04474563795456
-0.040799999999999996,20.000004498111934,20.005935030192887,20.02354353510583,20.038849860243932,20.048468154080137,20.053709561978152,20.05613285614229,20.056830511261513,20.056492419885327,20.055543800606845,20.05424641983359,20.052762219703652,20.051191838688595,20.049597860846088,20.048018977417488,20.046478728307314,20.044990973392473
-0.04056,20.000005239403933,20.006281343370528,20.02437833338853,20.03983933743011,20.04943116412912,20.05458425738853,20.056907279091366,20.05751056424989,20.05708924061219,20.056069056838663,20.054710704527658,20.053174640292788,20.051560047911984,20.04992823127797,20.048316803808948,20.046748415512997,20.045236197354264
-0.040319999999999995,20.000006097371266,20.006645630206567,20.02523753537068,20.040847945239964,20.050407444250403,20.055467895988244,20.05768770662718,20.05819465485982,20.057688774363875,20.056596123091396,20.05517617542358,20.053587810829324,20.05192869884511,20.050258823922693,20.0486146953356,20.04701805527496,20.045481293405363
-0.04008,20.000007089449824,20.007028681480442,20.02612164167483,20.041875864825556,20.051397027427228,20.056360452474824,20.058474093786355,20.058882734300028,20.05829097471116,20.057124957423422,20.05564279549463,20.054001698948625,20.05229776329414,20.050589614216996,20.048912630553318,20.047287628813105,20.045726245036686
-0.039839999999999993,20.000008235530146,20.007431314289565,20.02703115491536,20.042923273217497,20.052399942616216,20.05726189856714,20.059266393536152,20.05957475235718,20.058895794241995,20.05765551720629,20.056110527228228,20.054416271938365,20.05266721281387,20.05092057741444,20.04921058788364,20.04755711724846,20.045971035666366
-0.039599999999999996,20.000009558279466,20.00785437244291,20.02796657934975,20.043990343115173,20.053416214654764,20.058172202968382,20.06006455676166,20.06027065739333,20.059503184563138,20.058187759127883,20.05657933262946,20.05483149674193,20.05303701871085,20.051251688588092,20.049508545616117,20.04782650160524,20.046215648641496
-0.03936,20.000011083502468,20.00829872683153,20.028928420515957,20.045077242674953,20.054445864169065,20.05909133132991,20.060868532253654,20.060970396343844,20.060113096302132,20.058721639195827,20.057049173224772,20.05524733996191,20.05340715204652,20.051582922633305,20.04980648191072,20.04809576281288,20.046460067239895
-0.039119999999999995,20.000012840544944,20.00876527577399,20.029917184855854,20.046184135296485,20.055488907482786,20.060019246215997,20.061678266697143,20.06167391471582,20.06072547910959,20.05925711274108,20.05752001006578,20.055663767863717,20.053777583640443,20.051914254270528,20.05010437480026,20.04836488170815,20.046704274671885
-0.03888,20.000014862744884,20.009254945334522,20.030933379324846,20.04731117940729,20.05654535652651,20.06095590706947,20.062493704660618,20.062381156586966,20.06134028166181,20.059794134421775,20.057991803733266,20.056080746379305,20.0541482840736,20.05224565804819,20.05040220219285,20.048633839037237,20.04694825408211
-0.038639999999999994,20.000017187935935,20.009768689611786,20.031977510987538,20.048458528245703,20.057615218747962,20.061901270178335,20.063314788586016,20.063092064605005,20.06195745166375,20.060332658227278,20.058464514341324,20.056498241110972,20.05451922369178,20.052577108345613,20.050699941874438,20.048902615457898,20.04719198855135
-0.0384,20.00001985900861,20.010307490995956,20.033050086599527,20.04962632964243,20.0586984970232,20.062855288643373,20.06414145877944,20.06380657998755,20.0625769358523,20.060872637482458,20.058938101541624,20.0569162173353,20.054890372609023,20.05290857937599,20.050997571511324,20.049171191541646,20.04743546109838
-0.03816,20.000022924535095,20.010872360391925,20.034151612175393,20.050814725800784,20.05979518956872,20.063817912346767,20.064973653402586,20.06452464252248,20.063198679999893,20.061414024852187,20.059412524527875,20.05733464000717,20.05526170071114,20.053240045189426,20.051295068652767,20.04943954777591,20.047678654681828
-0.037919999999999995,20.000026439463895,20.011464337406228,20.035282592542934,20.052023853075827,20.06090528985468,20.0647890879218,20.06581130846496,20.06524619056886,20.063822628918484,20.061956772346086,20.0598877420404,20.057753473763903,20.055633177659313,20.05357147967599,20.051592410733576,20.049707664566295,20.047921552202062
-0.03768,20.00003046589126,20.012084490495376,20.036443530883737,20.053253841752564,20.062028786519228,20.065768758723618,20.066654357816866,20.065971161058354,20.064448726463834,20.062500831323458,20.06036371237088,20.0581726829295,20.05600477289376,20.05390285656888,20.05188957507679,20.049975522238796,20.048164136503097
-0.037439999999999994,20.00003507391664,20.01273391707319,20.037634928260182,20.05450481582335,20.06316566328408,20.06675686480115,20.067502733143176,20.066699489497132,20.06507691554015,20.063046152498465,20.060840393367258,20.058592231518958,20.056376455637476,20.05423414944756,20.05218653889635,20.050243101042096,20.04840639037452
-0.0372,20.000040342590154,20.01341374357471,20.038857283129083,20.055776892764747,20.064315898871403,20.067753342870173,20.068356363957896,20.067431109968368,20.065707138105076,20.063592685945558,20.061317742438767,20.059012083242745,20.05674819490004,20.05456533174103,20.05248327929984,20.05051038114985,20.04864829655343
-0.03696,20.000046360960592,20.01412512547415,20.04011109084203,20.057070183313925,20.065479466922053,20.068758126287555,20.06921517759956,20.068165955135182,20.066339335174995,20.06414038110507,20.06179571656115,20.05943220151131,20.057119959481497,20.054896376731087,20.05277977329123,20.050777342663018,20.048889837726396
-0.036719999999999996,20.000053229233032,20.014869247254573,20.041396843132706,20.058384791244897,20.066656335915344,20.069771145026753,20.070079099227446,20.06890395624421,20.066973446830723,20.0646891867891,20.06227427228197,20.059852549439753,20.0574917179763,20.05522725755564,20.053075997773693,20.051043965612216,20.049130996531446
-0.03648,20.00006106004587,20.015647322326597,20.042715027591335,20.05972081314471,20.06784646909031,20.070792325654548,20.070948051818622,20.069645043129633,20.067609412223515,20.06523905118757,20.062753365726152,20.060273089852558,20.05786343877734,20.055557947212115,20.053371929552412,20.05131022996008,20.04937175556005
-0.036239999999999994,20.000069979877647,20.01646059289377,20.044066127126534,20.061078338189823,20.06904982436865,20.07182159130909,20.071821956165852,20.070389144217792,20.068247169581415,20.065789921874558,20.063232952601574,20.06069378528845,20.05823509008003,20.055888418560855,20.05366754533746,20.05157611560367,20.04961209735914
-0.036,20.000080130594785,20.01731032976203,20.04545061941477,20.06245744792287,20.070266354279383,20.07285886167922,20.072700730876374,20.071136186532346,20.068886656215998,20.06634174581481,20.0637129882049,20.06111459800533,20.058606639886456,20.0562186443286,20.053962821746694,20.051841602376896,20.04985200443316
-0.03576,20.00009167115198,20.01819783209072,20.046868976337798,20.063858216030024,20.071496005885283,20.07390405298521,20.073584292371518,20.071886095699966,20.069527808529404,20.066894469370496,20.06419342742751,20.06153548998532,20.05897805600961,20.05654859711201,20.054257735308678,20.052106670052957,20.050091459246076
-0.035519999999999996,20.00010477945772,20.01912442708272,20.048321663408323,20.065280708119147,20.07273872071124,20.07495707796084,20.07447255488726,20.07263879595659,20.07017056202176,20.067448038308203,20.064674224761585,20.061956422939932,20.05934930607768,20.056878249381217,20.054552262465652,20.052371298346813,20.050330444223473
-0.03528,20.000119654418057,20.020091469611124,20.049809139184255,20.066724981498982,20.073994434674578,20.07601784583689,20.075365430475625,20.07339421015424,20.070814851298948,20.068002397806147,20.065155334306333,20.06237735831527,20.059720357538396,20.057207573483453,20.05484637957652,20.05263546691767,20.05056894175462
-0.035039999999999995,20.00013651817262,20.021100341780063,20.051331854671908,20.06819108495959,20.07526307801742,20.077086262326112,20.076262829007014,20.074152259768407,20.0714606100807,20.068557492461572,20.06563670977439,20.062798257297402,20.06009117766346,20.05753654164668,20.055140062919882,20.052899155371502,20.050806934194576
-0.0348,20.00015561853723,20.022152452417174,20.05289025271858,20.06967905855422,20.076544575241204,20.07816222960963,20.077164658173462,20.07491286490596,20.072107771209073,20.06911326629844,20.066118304498332,20.063219080817777,20.060461733553034,20.05786512598332,20.055433288697092,20.053162343263576,20.051044403866296
-0.034559999999999994,20.00017723166853,20.023249236495342,20.05448476739487,20.071188933382928,20.077838845043424,20.079245646324882,20.078070823492794,20.07567594431368,20.072756266657265,20.069669662775286,20.066600071437346,20.063639789558763,20.060831992140294,20.05819329849397,20.055726033035324,20.053425010101016,20.051281333062757
-0.034319999999999996,20.000201664966454,20.024392154481372,20.05611582336725,20.07272073137806,20.079145800256654,20.080336407555055,20.078981228313733,20.076441415387304,20.073406027538766,20.070226624793314,20.067081963184044,20.064060343959262,20.061201920196034,20.0585210310712,20.05601827199072,20.053687135345378,20.051517704049107
-0.03408,20.000229260231055,20.025582691609277,20.057783835261322,20.07427446509194,20.080465347789993,20.081434404820126,20.079895773821942,20.077209194181176,20.074056984116886,20.07078409470472,20.06756393197142,20.064480704220436,20.061571484333353,20.05884829550339,20.056309981551514,20.05394869841524,20.051753499064816
-0.033839999999999995,20.000260397090877,20.026822357075908,20.059489207016277,20.07585013748695,20.08179738857296,20.082539526069425,20.08081435904702,20.077979195418457,20.07470906581461,20.07134201432123,20.068045929679936,20.064900830311515,20.061940651012385,20.059175063478598,20.056601137641213,20.054209678688842,20.05198870032585
-0.0336,20.000295496720465,20.02811268315684,20.06123233123112,20.0774477417282,20.08314181750192,20.083651655675872,20.081736880870466,20.07875133250191,20.075362201224817,20.07190032492285,20.068527907844764,20.065320681975688,20.06230938654511,20.059501306588444,20.0568917161218,20.05447005550669,20.052223290026856
-0.033359999999999994,20.000335025865244,20.029455224240376,20.06301358850319,20.079067260979137,20.08449852338919,20.0847706744318,20.08266323403458,20.079525517525244,20.07601631812084,20.07245896726684,20.069009817663165,20.065740218736106,20.062677657100203,20.05982699633211,20.057181692796966,20.05472980817424,20.05245725034336
-0.03312,20.000379501192274,20.030851555777648,20.06483334675952,20.080708668200234,20.085867388914806,20.085896459546483,20.083593311152374,20.080301661285063,20.076671343467375,20.0730178815969,20.06949161000198,20.066159399901956,20.06304542870795,20.060152104120288,20.057471043415365,20.054988915964564,20.052690563433973
-0.03288,20.000429493985795,20.03230327314703,20.06669196058181,20.08237192595106,20.087248290581098,20.087028884645306,20.084527002718435,20.081079673293367,20.077327203431746,20.07357700765258,20.069973235405293,20.06657818457463,20.063412667265236,20.060476601279248,20.057759743673902,20.05524735812104,20.05292321144262
-0.032639999999999995,20.000485635206683,20.033811990430966,20.068589770525453,20.084056986195957,20.088641098670145,20.08816781977068,20.08546419712078,20.081859461790625,20.077983823395495,20.07413628467888,20.070454644102213,20.066996531653984,20.06377933854057,20.060800459054875,20.05804776922104,20.055505113860065,20.05315517650078
-0.0324,20.000548620934985,20.03537933910363,20.070527102433434,20.085763790113614,20.090045677204145,20.089313131384657,20.0864047806537,20.082640933759453,20.078641127966332,20.07469565143609,20.070935786014772,20.06741439984467,20.064145408179172,20.061123648616796,20.058335095660134,20.05576216237379,20.05338644072972
-0.032159999999999994,20.00061921821481,20.037006966627843,20.072504266745746,20.0874922679107,20.09146188390883,20.090464682373337,20.08734863753162,20.083423994938823,20.07929904099043,20.075255046209822,20.071416610765986,20.06783174766256,20.06451084170813,20.061446141062515,20.0586216985528,20.056018482832854,20.05361698624278
-0.03192,20.00069827132048,20.038696534959904,20.07452155780505,20.089242338639917,20.09288957017996,20.091622332052992,20.088295649903905,20.08420854983889,20.07995748556505,20.075814406821248,20.07189706768802,20.068248533441263,20.064875604541587,20.0617679074216,20.05890755342228,20.05627405438916,20.05384679514761
-0.03168,20.000786708462726,20.04044971896103,20.076579253159334,20.09101391002265,20.09432858105297,20.09278593617804,20.089245697870727,20.08499450175638,20.080616384051496,20.076373670637555,20.072377105830498,20.06866471533872,20.06523966198599,20.062088918659885,20.05919263575688,20.056528856178634,20.05407584954848
-0.031439999999999996,20.000885548952944,20.042268204714404,20.07867761286234,20.092806878276484,20.095778755175896,20.093955346950782,20.0901986594999,20.085781752790524,20.08127565808844,20.07693277458259,20.07285667396892,20.06908025134385,20.06560297924542,20.062409145683727,20.059476921013367,20.05678286732404,20.054304131548555
-0.0312,20.000995910843006,20.044153687746874,20.08081687877258,20.094621127947857,20.09723992478555,20.095130413033004,20.091154410844755,20.086570203859598,20.081935228605552,20.07749165514773,20.07333572061324,20.069495099283316,20.065965521426907,20.062728559344293,20.059760384620454,20.057036066937762,20.054531623252213
-0.030959999999999998,20.00111901905697,20.046107871154575,20.082997273851745,20.096456531750093,20.098711915687137,20.0963109795594,20.092112825962978,20.08735975471802,20.082595015837466,20.078050248402914,20.07381419401652,20.069909216828357,20.066327253545875,20.06304713044186,20.060043001982248,20.057288434124654,20.054758306767337
-0.030719999999999997,20.001256214029954,20.048132463631955,20.085219001463376,20.09831295040705,20.10019454723725,20.09749688815287,20.09307377693651,20.08815030397402,20.083254939338083,20.078608490007912,20.074292042183743,20.07032256150168,20.06668814053156,20.06336482973017,20.060324748481754,20.057539947984857,20.054984164207646
-0.030479999999999997,20.00140896086786,20.050229177403878,20.08748224467264,20.10019023250267,20.10168763233043,20.098687976941694,20.094037133892442,20.08894174910786,20.0839149179952,20.07916631522377,20.074769212880728,20.070735090684444,20.067048147232548,20.063681627920815,20.0606055994844,20.05779058761665,20.055209177695033
-0.030239999999999996,20.001578859039913,20.05239972606067,20.089787165548163,20.10208821433664,20.103190977389243,20.099884080578562,20.095002765024905,20.089733986490636,20.08457487004547,20.07972365892443,20.07524565364316,20.071146761623304,20.067407238422295,20.063997495687623,20.06088553034156,20.05804033211932,20.055433329361882
-0.03,20.00176765261387,20.054645822296173,20.09213390446677,20.104006719786447,20.10470438235804,20.101085030261576,20.095970536618,20.09052691140362,20.085234713089648,20.08028045560858,20.07572131178576,20.071557531437545,20.067765378804726,20.064312403671124,20.061164516394108,20.05828916059602,20.055656601353437
-0.029759999999999998,20.00197724104135,20.05696917554918,20.094522579422126,20.10594556017606,20.106227640700368,20.102290653757095,20.096940313069737,20.09132041805819,20.085894364108203,20.08083663941166,20.07619613441152,20.07196735712626,20.068122533019892,20.064626322482983,20.061442532976,20.05853705215668,20.05587897583013
-0.029519999999999998,20.002209690497942,20.059371489548784,20.096953285338184,20.10790453415148,20.10776053940016,20.103500775424525,20.097911956916963,20.09211439961627,20.086553739477218,20.08139214411806,20.076670068421105,20.072376195575625,20.068478665649618,20.064939222710514,20.061719555417845,20.058783985920883,20.056100434969967
-0.029279999999999997,20.002467245779705,20.06185445976446,20.09942609338847,20.1098834275634,20.109302858966704,20.104715216243076,20.098885328861332,20.092908748211357,20.087212754984588,20.081946903173495,20.07714306052232,20.07278400356623,20.068833741223262,20.065251074921186,20.061995559050533,20.05902994102078,20.05632096097088
-0.029039999999999996,20.00275234275397,20.06441977076193,20.101941050322175,20.111882013357228,20.110854373443477,20.105933793840396,20.09986028779625,20.09370335497008,20.087871325846564,20.08250084969759,20.077615057239715,20.073190737780457,20.06918772422344,20.065561849667173,20.062270519208845,20.059274896604,20.05654053605309
-0.0288,20.00306762135865,20.067069093466152,20.10449817779803,20.11390005147071,20.112414850420897,20.10715632252321,20.100836690834857,20.094498110034294,20.08852936672456,20.083053916496574,20.078086004924273,20.073596354809943,20.069540579091864,20.06587151748992,20.06254441123508,20.059518831836595,20.056759142461527
-0.02856,20.003415939139774,20.06980408233304,20.107097471727055,20.115937288739367,20.113984051053013,20.108382613309868,20.10181439333898,20.095292902583704,20.089186791742275,20.08360603607623,20.07855584976321,20.074000811163106,20.06989227023516,20.06618004892474,20.06281721048273,20.059761725905954,20.05697676246816
-0.028319999999999998,20.00380038531221,20.07262637243174,20.10973890162518,20.11799345880996,20.115561730078188,20.10961247396488,20.102793248949105,20.096087620859052,20.089843514503126,20.084157140654938,20.079024537789863,20.07440406327272,20.070242762030745,20.0664874145054,20.063088892320128,20.06000355802377,20.057193378374425
-0.028079999999999997,20.004224295323418,20.075537576439693,20.112422409976794,20.120068282062302,20.117147635843853,20.11084570903539,20.10377310961531,20.09688215218579,20.09049944810793,20.08470716217694,20.079492014893706,20.07480606750355,20.070592018832752,20.066793584768803,20.063359432134124,20.060244307428967,20.057408972513603
-0.027839999999999997,20.004691265894333,20.078539281552896,20.115147911610283,20.122161465539502,20.118741510335305,20.112082119889617,20.104753825629224,20.09767638299829,20.091154505172927,20.085256032325724,20.07995822683042,20.075206780160038,20.07094000497796,20.067098530259607,20.063628805333792,20.06048395339068,20.05762352725323
-0.027599999999999996,20.00520517050545,20.08163304631408,20.11791529308666,20.124272702886966,20.120343089208653,20.11332150475725,20.10573524565693,20.09847019886459,20.09180859784802,20.085803682537613,20.080423119232087,20.07560615749407,20.071286684791783,20.067402221534905,20.063896987354124,20.06072247521121,20.05783702499749
-0.02736,20.00577017528962,20.084820397361913,20.12072441210234,20.12640167430032,20.121952101827905,20.114563658771807,20.106717216772864,20.099263484511585,20.092461637835356,20.086350044015457,20.080886637617454,20.076004155712774,20.07163202259428,20.067704629168936,20.06416395365973,20.060959852229004,20.058049448189607
-0.02712,20.0063907552861,20.088102826104524,20.12357509690714,20.128548046482436,20.123568271306222,20.11580837401498,20.10769958449465,20.100056123850806,20.093113536408126,20.08689504774253,20.081348727402293,20.076400730986336,20.07197598270618,20.06800572375778,20.06442967974858,20.061196063821622,20.058260779314285
-0.026879999999999998,20.007071711003015,20.091481785321047,20.126467145738616,20.130711472609853,20.12519131455143,20.11705543956285,20.10868219281894,20.100848000004593,20.093764204429664,20.087438624496524,20.081809333909852,20.07679583945595,20.07231852945498,20.068305475924085,20.06469414115574,20.06143108940873,20.058471000900088
-0.026639999999999997,20.00781818522759,20.09495868569512,20.129400326273863,20.132891592308646,20.126820942315703,20.118304641534156,20.109664884258137,20.10163899533286,20.094413552372785,20.087980704863725,20.08226840238137,20.077189437241742,20.072659627180997,20.068603856321825,20.06495731345708,20.061664908455086,20.058680095521872
-0.026399999999999996,20.008635680015267,20.098534892284647,20.132374375099815,20.135088031640084,20.128456859249578,20.119555763140415,20.110647499878123,20.102428991460243,20.095061490339386,20.088521219253323,20.082725877986682,20.077581480450746,20.072999240243526,20.068900835641035,20.065219172273054,20.06189750047352,20.05888804580319
-0.02616,20.009530073780365,20.102211720932413,20.135388997203176,20.137300403096116,20.130098763960184,20.120808584738043,20.111629879336867,20.103217869303776,20.095707928080316,20.08906009791183,20.08318170583491,20.077971925184972,20.07333733302696,20.069196384612603,20.06547969327245,20.06212884502794,20.0590948344187
-0.02592,20.01050763840197,20.105990434622445,20.138443865481086,20.13952830560498,20.1317463490738,20.122062883882336,20.112611860923973,20.10400550910102,20.096352775015443,20.08959727093767,20.083635830985195,20.078360727549455,20.07367386994697,20.069490474013033,20.06573885217614,20.06235892173632,20.0593004440966
-0.025679999999999998,20.011575056249658,20.109872239787364,20.14153862027363,20.14177132454699,20.133399301302717,20.123318435383425,20.113593281601126,20.104791790438643,20.096995940254004,20.09013266829587,20.084088198457533,20.078747843660377,20.07400881545669,20.069783074669253,20.065996624760853,20.062587710273704,20.059504857621018
-0.025439999999999997,20.01273943702417,20.113858282572256,20.144672868919216,20.144029031780747,20.135057301516397,20.12457501136409,20.11457397704344,20.105576592281412,20.09763733261516,20.090666219832887,20.084538753243667,20.079133229653227,20.07434213405292,20.07007415746341,20.06625298686295,20.062815190375208,20.059708057834452
-0.025199999999999997,20.014008334298726,20.11794964506091,20.147846185333975,20.146300985679876,20.13672002481697,20.125832381319466,20.115553781681697,20.1063597930017,20.098276860648795,20.091197855291544,20.084987440318038,20.07951684169097,20.07467379028235,20.070363693337683,20.06650791438219,20.063041341839014,20.05991002764016
-0.024959999999999996,20.015389761636776,20.122147341470548,20.151058109616233,20.148586731180437,20.13838714061903,20.127090312178648,20.11653252874541,20.107141270409336,20.09891443265651,20.091727504326094,20.0854342046488,20.07989863597228,20.075003748747815,20.07065165329911,20.066761383285517,20.063266144529372,20.0601107500046
-0.02472,20.016892208152452,20.126452314321536,20.154308147677067,20.150885799839152,20.14005831273379,20.128348568368107,20.117510050306805,20.107920901781917,20.099549956712845,20.092255096517377,20.08587899120888,20.080278568739775,20.075331974114537,20.070938008424395,20.067013369610827,20.06348957837961,20.060310207959816
-0.02448,20.01852465337011,20.13086543058881,20.157595770898087,20.153197709902546,20.141733199457498,20.12960691187699,20.118486177325604,20.108698563895526,20.100183340686705,20.09278056138811,20.08632174498714,20.080656596288296,20.075658431116402,20.071222729864775,20.06726384947077,20.063711623395115,20.060508384605868
-0.024239999999999998,20.02029658122985,20.135387477842023,20.16092041581738,20.155521966387166,20.143411453664207,20.130865102324197,20.119460739694627,20.109474133055826,20.100814492262984,20.09330382841825,20.086762410999523,20.081032674973223,20.07598308456224,20.071505788850818,20.067512799056505,20.06393225965635,20.06070526311322
-0.023999999999999997,20.022217993076485,20.140019160381776,20.16428148384471,20.1578580611709,20.145092722902806,20.132122897027273,20.12043356628624,20.110247485129573,20.101443318964375,20.09382482706046,20.087200934300306,20.081406761218773,20.076305899342124,20.07178715669729,20.067760194641508,20.064151467321846,20.06090082672517
-0.023759999999999996,20.024299419460387,20.1447610953795,20.1676783410069,20.160205473095584,20.146776649498342,20.133380051073075,20.121404484999566,20.11101849557646,20.102069728173365,20.09434348675569,20.087637259993354,20.081778811526373,20.07662684043366,20.072066804807985,20.068006012585332,20.064369226631186,20.06109505876022
-0.02352,20.026551930569916,20.149613809028832,20.171110317724448,20.1625636680809,20.14846287065759,20.1346363173902,20.122373322808468,20.11178703948136,20.102693627154416,20.09485973694881,20.08807133324345,20.08214878248301,20.07694587290832,20.072344704680567,20.068250229337394,20.064585517907997,20.0612879426145
-0.02328,20.028987145107063,20.154577732716614,20.174576708620233,20.164932099249675,20.150151018578857,20.13589144682309,20.12333990581033,20.112552991586924,20.1033149230763,20.09537350710435,20.08850309928766,20.082516630769618,20.077262961937713,20.072620827911425,20.068492821440746,20.064800321562952,20.06147946176414
-0.023039999999999998,20.031617237410483,20.159653199221843,20.178076772361322,20.16731020706464,20.151840720565996,20.137145188207903,20.124304059275534,20.11331622632648,20.10393352303462,20.095884726722318,20.088932503446685,20.082882313169478,20.07757807279995,20.0728951462005,20.068733765535853,20.065013618096735,20.06166959976768
-0.022799999999999997,20.03445494262327,20.164840438951153,20.181609731534753,20.169697419476698,20.15353159914659,20.138397288449994,20.125265607697685,20.114076617857318,20.104549334074438,20.09639332535405,20.08935949113633,20.083245786576615,20.077891170885934,20.07316763135614,20.068973038364355,20.065225388103016,20.061858340268437
-0.022559999999999997,20.037513559697164,20.17013957621958,20.1851747725581,20.172093152084713,20.15522327219425,20.13964749260307,20.126224374844533,20.114834040094237,20.105162263213124,20.096899232618203,20.08978400787893,20.083607008004236,20.078202221705695,20.073438255299912,20.069210616772835,20.065435612271436,20.062045666996887
-0.02232,20.040806952020002,20.17555062558566,20.188771045625746,20.17449680830691,20.15691535305504,20.140895543949956,20.127180183809568,20.11558836674344,20.10577221746327,20.097402378216717,20.090205999314815,20.083965934593145,20.0785111908947,20.073706990071468,20.069446477716568,20.065644271390568,20.062231563773043
-0.02208,20.04434954544971,20.18107348824995,20.192397664691615,20.176907779563813,20.15860745067796,20.142141184084892,20.128132857064298,20.11633947133669,20.106379103855758,20.09790269195092,20.090625411213843,20.084322523620163,20.07881804422019,20.073973807833337,20.06968059826327,20.06585134635086,20.062416014508813
-0.02184,20.048156323535693,20.186707948526312,20.196053707489117,20.179325445472806,20.160299169749386,20.143384152997438,20.12908221651114,20.117087227265763,20.106982829462993,20.098400103737625,20.09104218948688,20.08467673250659,20.079122747587462,20.074238680875762,20.06991295559686,20.066056818147608,20.062599003210366
-0.021599999999999998,20.052242819707836,20.19245367039547,20.199738215589075,20.181749174054254,20.161990110831518,20.14462418915783,20.130028083536956,20.117831507817147,20.10758330142217,20.098894543625292,20.091456280197352,20.085028518826615,20.079425267046215,20.074501581621515,20.070143527021152,20.066260667883885,20.06278051398048
-0.021359999999999997,20.056625106213815,20.19831019415038,20.203450194496277,20.184178321949187,20.16367987050469,20.14586102960384,20.13097027906717,20.118572186207025,20.108180426958718,20.099385941810237,20.091867629572775,20.08537784031576,20.079725568796814,20.074762482630675,20.070372289963625,20.06646287677348,20.0629605310209
-0.02112,20.061319779588015,20.204276933143113,20.20718861378533,20.1866122346485,20.165368041513556,20.147094410029037,20.13190862362047,20.119309135616458,20.108774113409797,20.09987422865287,20.092276184016313,20.085724654879304,20.08002361919661,20.075021356605447,20.070599221979105,20.066663426143815,20.06313903863465
-0.02088,20.066343942439516,20.21035317064307,20.2109524072764,20.189050246733625,20.167054212917005,20.148324064872476,20.132842937364025,20.12004222922681,20.109364268247905,20.100359334693955,20.092681890118318,20.086068920600702,20.080319384766195,20.075278176394924,20.070824300753486,20.066862297438885,20.06331602122839
-0.02064,20.07171518135283,20.216538056816297,20.21474047325138,20.19149168212863,20.168737970241825,20.149549727409692,20.1337730401693,20.1207713402554,20.10995079910455,20.10084119067091,20.093084694667894,20.08641059575,20.080612832195698,20.075532914999858,20.07104750410741,20.067059472222127,20.06349146331472
-0.020399999999999998,20.07745154070333,20.22283060583583,20.218551674711012,20.193935854363623,20.170418895639976,20.150771129845047,20.134698751668292,20.12149634199129,20.11053361379399,20.101319727534097,20.093484544664435,20.08674963879223,20.080903928351006,20.07578554557741,20.07126880999995,20.067254932179353,20.063665349514494
-0.020159999999999997,20.08357149219986,20.229229693132904,20.222384839673424,20.19638206684946,20.17209656804946,20.151988003405304,20.1356198913103,20.12221710783134,20.11111262033707,20.10179487646316,20.093881387329166,20.0870860083958,20.08119264028003,20.076036041445896,20.071488196532286,20.067448659121606,20.06383766455914
-0.019919999999999997,20.090093899979497,20.235734052798904,20.226238761514434,20.198829613163532,20.173770563358623,20.153200078434434,20.136536278419104,20.122933511316337,20.11168772698505,20.102266568883348,20.094275170116685,20.08741966344086,20.081478935218904,20.0762843760895,20.07170564195134,20.06764063498805,20.064008393292934
-0.01968,20.097037981094708,20.24234227514787,20.23011219935005,20.20127777734666,20.17544045457391,20.154407084489602,20.137447732250617,20.123645426167343,20.112258842243524,20.102734736481825,20.09466584072646,20.08775056302763,20.081762780598197,20.07653052316298,20.071921124653425,20.06783084184882,20.06417752067529
-0.01944,20.10442326125039,20.249052804449338,20.23400387846138,20.20372583421086,20.177105811990877,20.155608750438255,20.13835407205088,20.12435272632214,20.112825874896345,20.103199311224014,20.09505334711433,20.088078666484765,20.08204414404909,20.076774456496363,20.072134623187868,20.068019261907878,20.064345031783034
-0.0192,20.112269525668268,20.255863936841084,20.23791249076223,20.206173049657853,20.178766203368497,20.156804804556298,20.139255117114466,20.125055285971797,20.113388734029602,20.103660225369886,20.09543763750398,20.088403933377627,20.08232299340953,20.0770161500996,20.072346116260608,20.068205877505843,20.064510911812675
-0.018959999999999998,20.12059676497842,20.262773818431402,20.241836695309598,20.208618681008247,20.180421194106508,20.157994974627293,20.140150686843207,20.125752979597355,20.113947329055573,20.10411741149026,20.095818660398386,20.088726323516557,20.082599296730365,20.077255578167208,20.072555582737785,20.068390671122817,20.06467514608266
-0.018719999999999997,20.129425116062453,20.2697804436002,20.245775118857086,20.211061977341107,20.182070347425856,20.159178988042626,20.141040600805248,20.126445682006572,20.114501569736706,20.10457080248307,20.09619636459122,20.089045796965138,20.082873022281444,20.077492715082915,20.072763001649324,20.068573625381184,20.0648377200356
-0.01848,20.138774797800234,20.27688165350813,20.2497263564514,20.213502179843818,20.18371322455202,20.160356571902582,20.14192467879436,20.127133268370763,20.115051366209592,20.105020331589603,20.09657069917823,20.089362314048387,20.083144138557707,20.077727535424245,20.072968352192476,20.068754723048414,20.064998619240523
-0.01824,20.148666041701578,20.284075134822707,20.25368897207185,20.215938522171978,20.18534938490119,20.161527453118296,20.14280274088956,20.127815614261674,20.115596629008913,20.105465932410688,20.0969416135686,20.089675835360946,20.083412614285216,20.077960013967086,20.07317161373535,20.06893394703984,20.06515782939508
-0.018,20.159119017436456,20.291358418670146,20.257661499312796,20.218370230819186,20.186978386269118,20.162691358514497,20.143674607514892,20.12849259568839,20.116137269091368,20.10590753892287,20.097309057496222,20.08998632177521,20.08367841842719,20.078190125690266,20.073372765820448,20.069111280421414,20.06531533632777
-0.017759999999999998,20.170153753311364,20.29872887982134,20.261642442108943,20.220796525496404,20.188599785022586,20.16384801493302,20.144540099499434,20.129164089134278,20.11667319785957,20.1063450854945,20.097672981030954,20.090293734449435,20.08394152018998,20.078417845780063,20.073571788168127,20.069286706412463,20.065471126000123
-0.017519999999999997,20.181790051776,20.30618373612011,20.265630275503224,20.223216619520766,20.190213136293348,20.164997149336983,20.145399038137487,20.129829971593914,20.117204327185867,20.106778506901804,20.09803333458983,20.090598034835775,20.084201889029014,20.0786431496347,20.073768660680095,20.069460208388417,20.0656251845089
-0.017279999999999997,20.194047400082574,20.31372004816155,20.26962344645703,20.225629720213472,20.191817994174407,20.16613848891561,20.146251245248855,20.130490120609984,20.11773056943615,20.10720773834486,20.098390068948184,20.090899184688308,20.08445949465472,20.078866012868826,20.07396336344286,20.069631769883536,20.065777498088266
-0.01704,20.206944876260263,20.3213347192278,20.273620374702457,20.22803502930658,20.193413911918544,20.16727176118962,20.147096543239254,20.131144414310175,20.11825183749355,20.107632715463524,20.098743135250743,20.091197146070993,20.084714307038386,20.079086411317952,20.074155876731158,20.069801374593595,20.06592805311195
-0.0168,20.22050105060897,20.329024495488355,20.277619453636124,20.23043174335838,20.19500044213893,20.168396694117114,20.14793475516077,20.131792731443994,20.11876804478207,20.10805337435327,20.099092485022652,20.091491881365567,20.08496629641801,20.079304321042855,20.074346181011343,20.069969006378578,20.06607683609541
-0.01656,20.234733882959553,20.336785966471442,20.281619051254122,20.232819054177078,20.19657713701171,20.169513016199918,20.14876570477236,20.132434951419494,20.119279105290133,20.108469651580947,20.099438070180412,20.091783353279407,20.08521543330408,20.079519718333962,20.0745342569448,20.07013464926535,20.066223833697958
-0.016319999999999998,20.249660615991665,20.344615565812557,20.2856175111275,20.235196149252427,20.19814354848041,20.170620456590278,20.149589216600344,20.133070954339956,20.119784933594016,20.108881484200463,20.09977984304276,20.092071524853335,20.085461688485328,20.079732579715696,20.074720085391284,20.070298287450292,20.06636903272492
-0.016079999999999997,20.26529766494537,20.352509572285808,20.28961315341771,20.237562212195083,20.199699228462038,20.171718745197886,20.150405115998854,20.133700621040404,20.12028544488117,20.10928880976834,20.100117756341476,20.092356359469342,20.085705033034436,20.07994288195078,20.07490364741226,20.07045990530196,20.066512420129726
-0.01584,20.281660504107684,20.360464111123147,20.293604275931283,20.239916423183242,20.201243729054717,20.17280761279714,20.15121322921024,20.134323833124018,20.120780554973418,20.109691566359192,20.100451763232087,20.092637820858258,20.08594543831368,20.080150602044533,20.075084924274208,20.070619487363675,20.06665398301604
-0.0156,20.298763550500837,20.368475155625998,20.29758915521296,20.242257959416296,20.20277660274674,20.173886791134567,20.152013383425306,20.134940472998387,20.12127018035002,20.11008969258107,20.1007818173045,20.09291587310738,20.086182875980544,20.080355717249077,20.07526389745193,20.070777018356143,20.066793708639853
-0.015359999999999999,20.316620045243877,20.376538529073283,20.301566047676495,20.244585995575076,20.20429740262683,20.174956013036336,20.15280540684348,20.13555042391158,20.121754238170553,20.110483127590708,20.101107872593555,20.09319048066799,20.086417317993288,20.08055820506758,20.075440548631775,20.070932483180034,20.066931584411584
-0.015119999999999998,20.3352419331038,20.384649906929084,20.305533190772124,20.246899704288367,20.20580568259549,20.176015012515837,20.15358912873273,20.136153569988032,20.122232646297668,20.110871811108616,20.101429883589432,20.093461608362826,20.08664873661642,20.080758043258403,20.075614859714914,20.071085866918548,20.06706759789815
-0.014879999999999999,20.354639740795594,20.392804819352744,20.309488804189783,20.249198256605272,20.20730099757733,20.17706352488115,20.154364379489277,20.13674979626419,20.122705323319657,20.11125568343405,20.101747805248017,20.093729221393488,20.086877104426183,20.080955209839228,20.075786812820514,20.071237154839974,20.06720173682504
-0.014639999999999999,20.374822454632458,20.400998654013335,20.313431091097,20.251480822472995,20.208782903734082,20.178101286842427,20.15513099069706,20.137338988723947,20.123172188572795,20.111634685459837,20.10206159300111,20.093993285347718,20.087102394315906,20.08114968309116,20.07595639028894,20.071386332400213,20.067333989078403
-0.0144,20.39579739816723,20.40922665920988,20.317358239410286,20.253746571219704,20.21025095867824,20.179128036619062,20.155888795186883,20.13792103433377,20.12363316216352,20.11200875868704,20.102371202766555,20.09425376620666,20.087324579501377,20.081341441562756,20.07612357468491,20.07153338524532,20.06746434270708
-0.014159999999999999,20.41757011050351,20.417483947297946,20.321268423098836,20.255994672041954,20.211704721687127,20.180143514046566,20.156637627095193,20.138495821077573,20.124088164990372,20.11237784523946,20.102676590958232,20.094510630351984,20.08754363352609,20.08153046407406,20.076288348800617,20.071678299213993,20.067592785924674
-0.013919999999999998,20.44014422598959,20.425765498422408,20.3251598035193,20.258224294496262,20.21314375391718,20.18114746068305,20.1573773219225,20.139063237991273,20.124537118765684,20.112741887877974,20.10297771449591,20.094763844572952,20.087759530266457,20.081716729720544,20.076450695658842,20.07182106034007,20.06771930711161
-0.01368,20.463521356039497,20.434066164555627,20.32903053078016,20.260434608994416,20.214567618618283,20.182139619915297,20.158107716591317,20.13962317519696,20.124979946037037,20.113100830014652,20.103274530815007,20.095013376073364,20.087972243936967,20.08190021787705,20.07661059851603,20.07196165485502,20.06784389481716
-0.013439999999999999,20.48770097385305,20.44238067383923,20.332878745134376,20.262624787301935,20.215975881347994,20.18311973706424,20.158828649503658,20.14017552393674,20.125416570208433,20.11345461572675,20.10356699787617,20.095259192478434,20.08818174909525,20.08208090820166,20.076768040865346,20.07210006919041,20.06796653776152
-0.013199999999999998,20.512680302830148,20.450703635227146,20.33670257839874,20.2647940030393,20.2173681101854,20.184087559489804,20.159539960597947,20.14072017660617,20.125846915561187,20.1138031897704,20.103855074174742,20.09550126184154,20.0883880206471,20.082258780639542,20.076923006439696,20.072236289980346,20.068087224837836
-0.01296,20.5384542094932,20.459029543426503,20.340500155398345,20.266941432185366,20.21874387594447,20.185042836695054,20.160241491405376,20.141257026787237,20.126270907274506,20.114146497594195,20.104138718750047,20.09573955265088,20.088591033851404,20.082433815426725,20.077075479214745,20.072370304063952,20.068205945114283
-0.012719999999999999,20.56501510174536,20.467352784132355,20.344269595434543,20.269066253582487,20.220102752386623,20.185985320429424,20.160933085105587,20.141785969280896,20.12668847144572,20.114484485352417,20.104417891194526,20.09597403383602,20.08879076432501,20.08260599309387,20.07722544341188,20.072502098487803,20.068322687836098
-0.012479999999999998,20.592352833300534,20.47566763955118,20.348009013774604,20.271167649442752,20.221444316432393,20.186914764791076,20.161614586581674,20.142306900139094,20.12709953511021,20.114817099918135,20.104692551662716,20.09620467477431,20.08898718804753,20.08277529446995,20.07737288350119,20.072631660508353,20.068437442427676
-0.01224,20.62045461512371,20.483968294207394,20.351716523161297,20.27324480585483,20.222768148371824,20.187830926328154,20.162285842474397,20.142819716696273,20.127504026260898,20.115144288895948,20.104962660880005,20.096431445297195,20.089180281366016,20.082941700685918,20.077517784204385,20.0727589775944,20.06855019849465
-0.011999999999999999,20.6493049347167,20.492248841026093,20.35539023534047,20.275296913290777,20.224073832073508,20.188733564138882,20.162946701235562,20.14332431760026,20.12790187386739,20.115466000634523,20.10522818015126,20.096654315696398,20.089370020999628,20.083105193178305,20.077660130497726,20.0728840374295,20.068660945825982
-0.01176,20.678885484074577,20.50050328768447,20.35902826260464,20.277323167112257,20.225360955191896,20.18962243997034,20.163597013180517,20.14382060284257,20.128293007894644,20.115782184238782,20.10548907136919,20.096873256729936,20.089556384044148,20.083265753692793,20.077799907614917,20.07300682791443,20.068769674396112
-0.011519999999999999,20.709175097121797,20.508725563223383,20.362628719350546,20.27932276807549,20.226629109372674,20.19049731831584,20.16423663053963,20.14430847378802,20.128677359321216,20.11609278958179,20.105745297022516,20.097088239628036,20.089739347976455,20.08342336428772,20.07793710105,20.073127337169637,20.068876374367083
-0.011279999999999998,20.740149697413848,20.51690952490968,20.3661897236485,20.2812949228343,20.227877890455947,20.19135796651068,20.164865407508714,20.1447878332036,20.129054860156984,20.116397767316325,20.10599682020394,20.097299236098895,20.08991889065888,20.08357800733756,20.07807169656022,20.07324555353771,20.068981036090765
-0.01104,20.771782256860437,20.525048965338943,20.369709398821247,20.283238844440536,20.229106898676864,20.192204154826193,20.165483200298304,20.14525858528661,20.129425443460335,20.11669706888605,20.106243604617827,20.097506218334235,20.090094990343484,20.083729665536325,20.078203680168883,20.073361465585865,20.069083650111065
-0.010799999999999999,20.80404276618931,20.533137619767416,20.373185875030053,20.285153752841186,20.230315738863435,20.19303565656187,20.166089867181647,20.14572063569187,20.129789043354798,20.11699064653631,20.10648561458764,20.09770915901476,20.090267625676216,20.083878321900958,20.078333038168232,20.073475062108457,20.06918420716622
-0.01056,20.83689821782607,20.541169173660865,20.376617290865497,20.28703887537134,20.231504020631146,20.1938522481354,20.166685268541308,20.146173891558103,20.130145595045025,20.117278453324495,20.106722815063097,20.097908031315363,20.09043677570099,20.084023959774658,20.07845975712229,20.07358633212954,20.069282698191152
-0.01032,20.870312601814714,20.549137270447318,20.380001794940398,20.288893447242245,20.23267135857404,20.194653709170403,20.167269266914317,20.146618261533213,20.130495034832116,20.117560443129967,20.10695517162702,20.098102808910205,20.090602419863643,20.084166562830152,20.078583823869707,20.073695264905446,20.069379114319872
-0.010079999999999999,20.904246915346167,20.557035519459436,20.383337547482192,20.290716712023496,20.233817372451824,20.195439822581655,20.167841727035608,20.147053655798544,20.130837300128174,20.117836570663453,20.107182650501855,20.09829346597753,20.090764538015765,20.084306115072955,20.078705225526665,20.073801849927445,20.069473446888008
-0.00984,20.93865918639822,20.564857504051524,20.386622721921896,20.292507922118514,20.234941687372576,20.196210374657493,20.1684025158797,20.14747998609189,20.131172329470072,20.118106791475903,20.107405218555808,20.098479977204295,20.090923110418434,20.084442600844543,20.07882394948974,20.073906076924438,20.06956568743541
-0.0096,20.973504511919945,20.57259678987494,20.389855506476568,20.29426633923217,20.236043933970528,20.19696515513918,20.168951502700345,20.147897165729184,20.131500062532297,20.11837106196675,20.10762284330864,20.09866231779053,20.091078117745806,20.08457600482552,20.07893998343882,20.074007935865776,20.069655827708896
-0.009359999999999999,21.00873511091744,20.580246933294774,20.393034105722176,20.295991234829515,20.237123748578412,20.197703957296834,20.169488559068004,20.148305109624722,20.131820440138835,20.118629339391507,20.107835492936957,20.09884046345346,20.091229541088556,20.08470631203874,20.079053315340065,20.074107416964118,20.069743859665124
-0.00912,21.04430039271596,20.58780148992947,20.39615674215326,20.297681890584325,20.23818077339366,20.198426578001616,20.170013558904845,20.14870373430976,20.132133404273908,20.118881581868607,20.108043136279086,20.09901439043132,20.091377361957207,20.084833507852366,20.079163933448918,20.074204510678477,20.069829775473664
-0.008879999999999999,21.080147040586507,20.595254023293915,20.399221657725853,20.29933759881609,20.239214656637824,20.199132817793647,20.170526378517014,20.14909295794925,20.132438898091525,20.119127748385424,20.108245742839355,20.09918407548684,20.09152156228526,20.084957577982934,20.079271826313146,20.074299207717345,20.06991356752027
-0.008639999999999998,21.116219110833367,20.602598113525303,20.402227115379496,20.300957662913927,20.240225052708343,20.199822480945226,20.171026896623836,20.149472700356572,20.132736865923608,20.11936779880337,20.10844328279182,20.099349495910385,20.091662124432176,20.085078508498352,20.07937698277602,20.074391499042022,20.069995228410374
-0.0084,21.1524581473436,20.609827366169597,20.405171400534016,20.302541397745554,20.241211622321682,20.200495375518724,20.171514994383553,20.149842883005885,20.133027253286553,20.11960169386194,20.108635726983298,20.099510629522705,20.091799031186167,20.085196285820906,20.07947939197954,20.074481375870167,20.070074750972896
-0.008159999999999999,21.188803311500436,20.616935421005067,20.40805282255616,20.304088130049458,20.242174032646766,20.201151313418418,20.1719905554151,20.150203429041884,20.133310006886013,20.119829395181544,20.108823046935598,20.099667454677213,20.091932265766772,20.08531089673022,20.07957904336785,20.07456882967956,20.0701521282644
-0.00792,21.225191527260954,20.623915960877483,20.41086971619066,20.30559719880776,20.24311195742734,20.201790110435468,20.172453465815398,20.150554263286484,20.133585074619614,20.120050865264975,20.10900521484694,20.099819950261757,20.092061811827204,20.085422328366224,20.07967592669077,20.074653852212194,20.070227353573635
-0.007679999999999999,21.261557641094857,20.630762720519723,20.413620442949554,20.307067955597127,20.244025077091724,20.202411586285013,20.17290361417146,20.150895312242035,20.133852405577297,20.120266067497294,20.109182203592283,20.09996809569982,20.092187653456442,20.0855305682321,20.079770032007534,20.07473643547872,20.07030042042662
-0.0074399999999999996,21.29783459637646,20.637469495326048,20.416303392452715,20.30849976491448,20.244913078848004,20.203015564634132,20.17334089156648,20.15122650409046,20.134111950038907,20.120474966143867,20.109353986722535,20.100111870951014,20.09230977518103,20.085635604197275,20.079861349690805,20.07481657176333,20.070371322592262
-0.0072,21.333953621716947,20.64403015004871,20.418916983711487,20.30989200447356,20.24577565676242,20.203601873119233,20.173765191578912,20.15154776868763,20.134363659468526,20.12067752634622,20.10952053846236,20.100251256510823,20.09242816196654,20.085737424500376,20.079949870430966,20.074894253629182,20.070440054088753
-0.006959999999999999,21.369844432619505,20.650438627380915,20.421459666345747,20.311244065467747,20.246612511818114,20.204170343350984,20.174176410273308,20.15185903755215,20.134607486505004,20.12087371411537,20.109681833706333,20.10038623340939,20.092542799218666,20.085836017752285,20.08003558524079,20.074969473924465,20.070506609190787
-0.006719999999999999,21.405435445736796,20.6566889563861,20.423929921723104,20.312555352793325,20.247423351950797,20.204720810904576,20.174574446181303,20.15216024384742,20.134843384947917,20.121063496322073,20.10983784801321,20.100516783209233,20.092653672783833,20.085931372939225,20.080118485460606,20.075042225789247,20.070570982437868
-0.00648,21.44065400490951,20.66277526072804,20.426326264006395,20.313825285226212,20.248207892056957,20.205253115292415,20.174959200270916,20.152451322355738,20.135071309738063,20.121246840683447,20.109988557597852,20.100642888001612,20.092760768949336,20.086023479425947,20.080198562764004,20.075112502663323,20.070633168643887
-0.006239999999999999,21.47542661806707,20.6686917666494,20.428647241092722,20.315053295543247,20.248965853969324,20.205767099915754,20.175330575901675,20.152732209442686,20.135291216931325,20.12142371574513,20.11013393932032,20.10076453040139,20.092864074442808,20.086112326959025,20.08027580916429,20.075180298295248,20.070693162908317
-0.005999999999999999,21.509679203978013,20.6744328106374,20.43089143542313,20.316238830576996,20.249696966392573,20.20626261199066,20.175688478762467,20.15300284300968,20.135503063664455,20.121594090858057,20.110273970671578,20.100881693539883,20.092963576430947,20.086197905670332,20.080350217021838,20.075245606752862,20.070750960629375
-0.0057599999999999995,21.543337347749052,20.679992846703534,20.433057464636782,20.317381351189887,20.25040096479061,20.206739502442545,20.176032816788165,20.15326316243196,20.135706808110836,20.12175793614852,20.110408629754936,20.100994361055434,20.09305926251735,20.086280206080755,20.080421779052557,20.07530842243569,20.070806557519642
-0.00552,21.576326563888905,20.68536645318837,20.435143982036138,20.318480332149374,20.25107759121397,20.207197625761705,20.176363500049856,20.153513108478396,20.13590240942385,20.121915222479924,20.11053789526224,20.101102517080978,20.09315112073918,20.08635921910417,20.08049048833783,20.075368740089708,20.07085994962481
-0.00528,21.608572565676948,20.690548338981166,20.43714967682006,20.319535261880365,20.2517265940525,20.207636839809975,20.176680440611914,20.153752623208536,20.136089827664545,20.12206592140407,20.110661746443448,20.10120614622796,20.093239139562463,20.086434936051848,20.080556338336258,20.07542655482509,20.070911133346357
-0.005039999999999999,21.640001539507818,20.69553334901473,20.439073274028196,20.32054564206342,20.252347727693632,20.20805700556549,20.176983552347004,20.153981649840564,20.13626902370943,20.122210005099067,20.11078016306774,20.101305233565558,20.09332330787559,20.08650734863736,20.080619322897768,20.075481862137792,20.070960105469265
-0.0048,21.670540422822544,20.7003164688551,20.4409135341214,20.321510987036618,20.25294075205984,20.20845798678793,20.177272750696943,20.154200132581998,20.136439959132602,20.122347446290135,20.110893125373817,20.101399764593893,20.09340361498055,20.086576448982193,20.080679436280786,20.075534657936124,20.071006863196292
-0.00456,21.700117184184894,20.704892828148036,20.442669252096586,20.32243082294411,20.2535054319895,20.20883964958052,20.177547952363188,20.154408016411725,20.13660259605448,20.12247821814798,20.111000614006066,20.101489725209362,20.093480050581228,20.08664222962226,20.08073667317343,20.075584938573822,20.071051404190776
-0.004319999999999999,21.72866110401917,20.7092577026017,20.444339255996578,20.323304686552735,20.254041536411766,20.209201861815895,20.177809074904413,20.154605246797885,20.136756896946455,20.122602294157662,20.111102609932036,20.101575101659684,20.09355260476783,20.0867046835157,20.08079102872002,20.07563270089178,20.071093726630803
-0.004079999999999999,21.75610305449323,20.713406514064246,20.44592240462046,20.324132123626892,20.25454883724643,20.209544492379955,20.178056036209714,20.154791769329773,20.136902824376374,20.12271964794787,20.11119909433492,20.10165588048504,20.093621267996124,20.08676380405231,20.080842498554777,20.075677942271355,20.071133829278565
-0.0038399999999999997,21.78237577700837,20.717334828075852,20.44741758415802,20.324912686705343,20.25502710793041,20.209867410168208,20.17828875380265,20.15496752923271,20.137040340673614,20.122830253066258,20.11129004847201,20.101732048440372,20.093686031059654,20.086819585065335,20.080891078845298,20.075720660703553,20.071171711570532
-0.0036,21.807414155746393,20.72103834800244,20.448823703347703,20.325645932053,20.255476121428085,20.210170482739652,20.178507143910956,20.155132470720854,20.137169407482624,20.122934082680096,20.11137545348592,20.10180359239156,20.09374688505224,20.086872020846474,20.080936766349662,20.075760854880162,20.071207373736428
-0.0033599999999999997,21.831155485723954,20.724512904435763,20.45013968656459,20.326331415451435,20.25589564751384,20.210453574487314,20.178711120205474,20.15528653612105,20.137289985159008,20.123031109171407,20.111455290149223,20.101870499174698,20.093803821316737,20.086921106165466,20.080979558492764,20.07579852431602,20.071240816958976
-0.0031199999999999995,21.85353973381511,20.727754437870484,20.451364463937857,20.32696868631727,20.25628544900526,20.21071654411146,20.1789005920617,20.155429664666276,20.137402031938244,20.12312130357976,20.111529538512837,20.101932755402096,20.093856831373973,20.086966836296337,20.08101945347042,20.07583366951614,20.071272043592515
-0.0028799999999999997,21.874509791225357,20.73075897156322,20.452496957092972,20.327557279351687,20.256645276445486,20.21095924106174,20.17907546211517,20.15556179080021,20.137505502768054,20.123204634819647,20.11159817741206,20.10199034718948,20.09390590682242,20.08700920705347,20.081056450394684,20.075866292209337,20.07130105746877
-0.00264,21.89401171593397,20.733522569601796,20.45353605825913,20.328096702439023,20.256974860427576,20.211181500411055,20.179235622742684,20.155682841738134,20.137600347629,20.123281068554903,20.11166118375598,20.10204325976326,20.093951039193232,20.087048214842607,20.081090549501706,20.075896395683014,20.071327864335206
-0.0024,21.9119949636662,20.736041271905474,20.454480598975756,20.32858641865735,20.25727390021568,20.211383135265947,20.179380950855982,20.155792733859318,20.137686509050994,20.123350565534228,20.111718531476512,20.102091476879327,20.09399221973522,20.087083856735415,20.081121752458053,20.075923985276845,20.07135247250178
-0.0021599999999999996,21.928412606012472,20.738310991780704,20.455329301855812,20.329025818688702,20.257542046325966,20.21156392515812,20.179511299942064,20.155891367192886,20.137763918317727,20.123413079047356,20.11177018992197,20.102134979934334,20.094029439085418,20.087116130582285,20.08115006282745,20.075949069135778,20.07137489382759
-0.0019199999999999998,21.943221534378246,20.740327349819204,20.456080703473624,20.329414176857988,20.257778872805115,20.211723597580605,20.17962648740667,20.15597861665127,20.13783248943278,20.123468550881014,20.11181612130298,20.102173746552175,20.094062686744405,20.08714503519041,20.08117548681126,20.07597165940527,20.071395145287415
-0.0016799999999999999,21.956382648524475,20.74208539345239,20.456733025303468,20.329750577707745,20.257983830964612,20.21186179718372,20.17972627346282,20.156054317408724,20.137892109056224,20.123516904574153,20.11185627643233,20.102207748225702,20.094091950199964,20.087170570619133,20.081198034481456,20.075991774222445,20.07141325158186
-0.0014399999999999999,21.967861028545016,20.743579096867183,20.457283944776428,20.330033785911393,20.258156167451,20.211978031237724,20.179810323758062,20.156118239019026,20.13794261869119,20.123558033478567,20.111890587183208,20.10223694614094,20.094117213374055,20.08719273870048,20.081217721960474,20.076009441237677,20.071429249754285
-0.0012,21.977626089222465,20.744800401915285,20.457730157496982,20.330261997702898,20.258294767737986,20.212071565465678,20.179878137996834,20.15617003598483,20.137983780663493,20.12359177795649,20.11191895208461,20.102261283200168,20.094138453654086,20.087211544029916,20.08123457558039,20.07602470433568,20.071443198003422
-0.0009599999999999999,21.985651715807627,20.74573718814042,20.45806645211957,20.33043231581111,20.258397825581262,20.212141204059126,20.179928899208235,20.156209143373943,20.138015206280034,20.123617877227147,20.111941205900585,20.102280667173247,20.094155635619096,20.087226996052745,20.081248640659233,20.07603763782118,20.071455194285043
-0.0007199999999999999,21.991916380379028,20.746368335861614,20.458283462253,20.330539473804254,20.258462040027048,20.212184755295645,20.17996110759802,20.15623452325986,20.138036181317013,20.12363585239407,20.111957045729802,20.102294929763122,20.09416869579048,20.08723911412105,20.081260002806882,20.07604838086327,20.07146542148216
-0.00047999999999999996,21.996403238056875,20.746648903816578,20.458360919553247,20.33057200809291,20.258480205916683,20.2121974280882,20.179971481911306,20.15624390391244,20.13804514239174,20.12364465545898,20.11196580925294,20.10230370376276,20.094177496853437,20.087247942639948,20.081268851823054,20.07605724081256,20.07147428290248
-0.00023999999999999998,21.999100202469627,20.746445869576554,20.458238409508887,20.33049566675242,20.258430771072305,20.21216488270866,20.17995019803221,20.156230482520755,20.138037407595586,20.12364114815228,20.11196551363128,20.102305890601475,20.09418162917809,20.087253616618067,20.08127575852151,20.07606514085441,20.071482989389565
0.00023999999999999998,21.999100202469627,20.746445869576554,20.458238409508887,20.33049566675242,20.258430771072305,20.21216488270866,20.17995019803221,20.156230482520755,20.138037407595586,20.12364114815228,20.11196551363128,20.102305890601475,20.09418162917809,20.087253616618067,20.08127575852151,20.07606514085441,20.071482989389565
0.00047999999999999996,21.996403238056875,20.746445869576554,20.458238409508887,20.33049566675242,20.258430771072305,20.21216488270866,20.17995019803221,20.156230482520755,20.138037407595586,20.12364114815228,20.11196551363128,20.102305890601475,20.09418162917809,20.087253616618067,20.08127575852151,20.07606514085441,20.071482989389565
0.0007199999999999999,21.991916380379028,20.746043645990692,20.458087529214186,20.330417372909157,20.258382971757374,20.212132700754285,20.179927065972485,20.156213058181645,20.13802381252165,20.123630246013896,20.111956576923987,20.10229843206798,20.09417531024995,20.08724819474678,20.081271055410312,20.07606102251922,20.07147935321327
0.0009599999999999999,21.985651715807627,20.74532588968655,20.457818218531216,20.33027760819299,20.258297638367317,20.21207524583029,20.179885766804407,20.156181948737824,20.13799953947185,20.12361078076909,20.11194062070114,20.102285114969096,20.094164027820153,20.08723851395188,20.081262657924125,20.076053669127713,20.071472860703107
0.0012,21.977626089222465,20.74432213962604,20.45744144290982,20.33008203654573,20.258178219844517,20.21199483615601,20.179827964914697,20.15613840683102,20.137965565163856,20.123583535262,20.111918286408116,20.102266474467143,20.09414823515074,20.087224963052467,20.081250903265524,20.076043375900436,20.071463772473752
0.0014399999999999999,21.967861028545016,20.743046545448237,20.456962353672637,20.329833295433204,20.258026314192804,20.21189254236895,20.179754427243658,20.156083008710784,20.137922338339852,20.123548868797194,20.111889868208976,20.102242755818022,20.094128139844976,20.087207720048504,20.08123594573945,20.076030277881497,20.071452207700847
0.0016799999999999999,21.956382648524475,20.741507498974464,20.456383903013307,20.329532872152157,20.257842814127944,20.21176895891965,20.17966557778543,20.15601607193073,20.137870105677187,20.123506978499435,20.111855527232414,20.10221409318259,20.09410385533969,20.08718688210819,20.0812178695096,20.076014448675863,20.071438231299123
0.0019199999999999998,21.943221534378246,20.73971084110729,20.455708048328386,20.329181729042276,20.257628288861383,20.211624461150606,20.1795616823903,20.15593779456074,20.13780902041184,20.123457986424093,20.1118153629801,20.10218056922519,20.094075451398666,20.087162508893872,20.081196726181325,20.075995933359717,20.07142188298006
0.0021599999999999996,21.928412606012472,20.737661179536893,20.454936247648007,20.32878056077784,20.257383141241693,20.21145931111971,20.179442924841023,20.15584831249792,20.1377391870579,20.123401975420666,20.111769442726146,20.102142239651272,20.09404297490176,20.087134640400368,20.081172550275546,20.075974762030597,20.07140318921584
0.0024,21.9119949636662,20.73536251046666,20.454069693924616,20.32832991612568,20.257107682141708,20.2112737077031,20.17930944287541,20.15574772660555,20.137660682585032,20.123339006117035,20.11171781544051,20.102099144828475,20.09400645969087,20.08710330540349,20.08114536655754,20.075950956225167,20.07138216890588
0.00264,21.89401171593397,20.73281854197587,20.45310943740457,20.327830261621035,20.256802169382276,20.211067812819678,20.179161347044396,20.155636116922167,20.137573567507193,20.123269125813056,20.111660519080132,20.102051315872384,20.09396593172622,20.087068525884646,20.081115193875167,20.07592453228034,20.071358836344597
0.0028799999999999997,21.874509791225357,20.730032874559384,20.452056454462664,20.32728201746387,20.256466829695547,20.210841766235937,20.17899873136131,20.15551355068703,20.137477892146517,20.12319237350498,20.11159758470832,20.101998778085033,20.09392141199986,20.087030319530932,20.081082047327758,20.07589550323262,20.071333202898444
0.0031199999999999995,21.85353973381511,20.727009107260777,20.450911688580966,20.326685578966362,20.256101871867944,20.21059569443237,20.17882167968263,20.15538008715024,20.13737370038837,20.123108782897873,20.111529038964868,20.10194155301697,20.09387291828297,20.086988701234635,20.081045939566955,20.07586387995732,20.071305278011874
0.0033599999999999997,21.831155485723954,20.723750902331854,20.449676075834308,20.326041329969016,20.255707494981568,20.210329716170268,20.178630269717072,20.155235780596414,20.137261032042595,20.12301838430034,20.111454905619897,20.101879659764545,20.093820466225253,20.086943684036775,20.08100688161534,20.07582967188554,20.071275069840432
0.0036,21.807414155746393,20.720262025451163,20.448350561275344,20.32534965154411,20.255283893780728,20.21004394612357,20.178424575644133,20.15508068232099,20.137139924387572,20.12292120586394,20.111375206590612,20.101813115818935,20.093764070074567,20.08689527974478,20.08096488340239,20.075792887473558,20.07124258566531
0.0038399999999999997,21.78237577700837,20.716546370843435,20.44693610972438,20.324610927806084,20.254831262274756,20.20973849732408,20.178204669880017,20.15491484196445,20.137010413213368,20.122817274420942,20.111289962628724,20.101741937640398,20.09370374316374,20.086843499350422,20.080919954127154,20.075753534520548,20.07120783217391
0.004079999999999999,21.75610305449323,20.712607976682232,20.445433712982023,20.32382554987646,20.254349796216836,20.20941348285085,20.177970624300578,20.154738308437715,20.13687253354599,20.122706616066388,20.111199193798402,20.101666141057617,20.093639498249225,20.086788353320607,20.080872102510657,20.07571162038972,20.071170815655222
0.004319999999999999,21.72866110401917,20.708451034009503,20.443844394675573,20.322993918631603,20.253839694842586,20.20906901702213,20.177722511107145,20.15455113057866,20.136726320161944,20.122589256572052,20.11110291981637,20.10158574155208,20.093571347752377,20.086729851804645,20.080821336975852,20.07566715216598,20.07113154213908
0.00456,21.700117184184894,20.704079891187508,20.442169213492143,20.322116446624115,20.253301162106947,20.2087052162505,20.17746040345066,20.154353357626814,20.136571807961012,20.12246522168675,20.111001160298944,20.101500754464762,20.093499303934898,20.08666800478501,20.080767665778563,20.07562013677077,20.071090017497657
0.0048,21.670540422822544,20.699499055180304,20.440409265281534,20.32119355942823,20.252734407572284,20.208322199664202,20.177184375888125,20.154145039571944,20.13640903224075,20.122334537357904,20.11089393494448,20.101411195148973,20.09342337902869,20.086602822189022,20.080711097104537,20.075570581047113,20.07104624752064
0.005039999999999999,21.640001539507818,20.69471319052486,20.438565684347463,20.320225696574234,20.25213964704837,20.20792008956241,20.176894504720167,20.153926227413255,20.136238028901342,20.122197229897306,20.110781263670187,20.10131707908508,20.093343585333425,20.086534313972816,20.080651639142452,20.075518491823725,20.071000237971944
0.00528,21.608572565676948,20.689727116577384,20.43663964414234,20.319213312183216,20.25151710305224,20.207499011750205,20.176590868242517,20.15369697335398,20.136058834600153,20.122053326106602,20.11066316671591,20.10121842196774,20.093259935290845,20.086462490185347,20.080589300139643,20.07546387596391,20.07095199463296
0.00552,21.576326563888905,20.684545803444067,20.434632357514424,20.31815687537901,20.250867005134644,20.20705909578474,20.176273546934112,20.15345733094842,20.135871486869274,20.12190285337317,20.110539664723696,20.101115239772906,20.09317244154194,20.086387361017746,20.08052408844507,20.07540674040335,20.070901523336037
0.0057599999999999995,21.543337347749052,20.67917436688904,20.43254507661231,20.31705687053124,20.250189590106068,20.206600475154737,20.175942623597646,20.153207355213375,20.135676024205416,20.121745839743888,20.110410778799263,20.101007548809783,20.093081116971366,20.086308936841693,20.08045601254286,20.075347092179587,20.07084882999062
0.005999999999999999,21.509679203978013,20.673618062434393,20.430379092522198,20.315913797368204,20.249485102185815,20.20612328740914,20.175598183464018,20.15294710271257,20.13547248613882,20.121582313982103,20.11027653055978,20.10089536576134,20.092985974742213,20.08622722823958,20.08038508107862,20.075284938455255,20.070793920603855
0.006239999999999999,21.47542661806707,20.667882278813373,20.428135734693203,20.31472817098772,20.248753793091222,20.205627674246358,20.175240314268862,20.152676631620263,20.135260913286043,20.121412305611784,20.11013694217109,20.100778707716085,20.09288702832338,20.086142246028277,20.08031130288031,20.07522028653647,20.070736801296956
0.00648,21.44065400490951,20.66197253090069,20.425816370191896,20.313500521786764,20.247995922079614,20.205113781572614,20.174869106307245,20.15239600176859,20.135041347390146,20.12123584495159,20.109992036376788,20.100657592193038,20.092784291511183,20.086054001277997,20.080234686974798,20.075153143887526,20.070677478318277
0.006719999999999999,21.405435445736796,20.655894452217414,20.423422402817224,20.312231395325444,20.24721175595248,20.20458175953569,20.174484652471065,20.15210527468209,20.134813831351003,20.12105296314107,20.109841836520857,20.100532037161333,20.09267777844647,20.08596250532731,20.080155242601126,20.07508351814263,20.070615958053818
0.006959999999999999,21.369844432619505,20.649653787088916,20.420955272099835,20.310921352137317,20.24640156902891,20.204031762538847,20.174087048272604,20.151804513601956,20.13457840924767,20.120863692160622,20.10968636656519,20.10040206105562,20.09256750362812,20.08586776979506,20.0800729792211,20.075011417115384,20.070552247035696
0.0072,21.333953621716947,20.64325638252055,20.41841645220462,20.309570967495084,20.24556564309386,20.203463949238557,20.173676391856766,20.15149378350199,20.134335126354404,20.120668064846313,20.109525651103,20.100267682788015,20.092453481923737,20.085769806589877,20.079987906527755,20.07493684880634,20.07048635194896
0.0074399999999999996,21.29783459637646,20.636708179845385,20.415807450751437,20.308180831138873,20.244704267325414,20.202878482528906,20.17325278400413,20.15117315109778,20.13408402915148,20.120466114900687,20.109359715368907,20.100128921757324,20.092335728577932,20.08566862791768,20.07990003445211,20.074859821409134,20.070418279637124
0.007679999999999999,21.261557641094857,20.63001520619074,20.413129807566104,20.306751546972784,20.243817738204452,20.20227552951485,20.172816328126306,20.15084268485026,20.133825165331725,20.120257876900112,20.109188585246287,20.099985797856004,20.092214259218792,20.08556424628755,20.079809373168548,20.07478034331533,20.070348037106605
0.00792,21.225191527260954,20.623183565804357,20.410385093371662,20.305283732734214,20.2429063594093,20.201655261476073,20.172367130254862,20.15050245496463,20.13355858380352,20.120043386299415,20.10901228727237,20.099838331475244,20.092089089862746,20.085456674516294,20.079715933099028,20.07469842311834,20.070275631530286
0.008159999999999999,21.188803311500436,20.61621943127649,20.40757490842819,20.303778019639637,20.24197044169751,20.201017853822847,20.171905299024836,20.150152533385306,20.133284334690803,20.119822679434115,20.108830848641464,20.09968654350853,20.091960236918126,20.085345925731907,20.079619724916352,20.07461406961645,20.07020107025036
0.0084,21.1524581473436,20.609129034690696,20.404700881128285,20.30223505200993,20.241010302776527,20.200363486045006,20.171430945653594,20.149792993787567,20.133002469330574,20.119595793520748,20.108644297206585,20.09953045535389,20.091827717187673,20.085232013376096,20.079520759546632,20.074527291815215,20.070124360780568
0.008639999999999998,21.116219110833367,20.601918658733155,20.40176466655427,20.300655486877687,20.24002626716457,20.19969234165493,20.170944183915655,20.14942391156631,20.13271304026824,20.11936276665546,20.108452661479763,20.09937008891505,20.091691547870102,20.08511495120605,20.079419048171115,20.074438098929217,20.070045510807926
0.008879999999999999,21.080147040586507,20.59459462778809,20.39876794500254,20.29903999357874,20.239018666042952,20.19900460812535,20.170445130114082,20.149045363822317,20.132416101251096,20.119123637811214,20.108255970631184,20.09920546660165,20.091551746560913,20.08499475329553,20.079314602227413,20.07434650038339,20.06996452819402
0.00912,21.04430039271596,20.587163299044896,20.395712420479708,20.29738925332966,20.237987837100842,20.198300476822457,20.169933903048776,20.14865742934642,20.13211170722024,20.118878446833747,20.10805425448737,20.099036611328657,20.091408331252495,20.084871434035392,20.07920743341028,20.07425250581388,20.069881420975957
0.009359999999999999,21.00873511091744,20.579631053640803,20.392599819174933,20.29570395879281,20.236934124373192,20.19758014293501,20.16941062398208,20.148260188601686,20.131799914301045,20.118627234436417,20.1078475435285,20.098863546515105,20.09126132033371,20.084745008133673,20.079097553671943,20.074156125068587,20.069796197366962
0.0096,20.973504511919945,20.57200428786166,20.389431887912234,20.293984813630416,20.235857878072657,20.196843805399723,20.16887541660201,20.14785372370399,20.131480779792405,20.118370042194158,20.10763586888495,20.098686296082207,20.091110732588927,20.084615490615196,20.07898497522212,20.074057368207374,20.069708865756763
0.00984,20.93865918639822,20.564289404421896,20.386210392586435,20.292232532048775,20.23475945441605,20.19609166682339,20.168328406983306,20.147438118401055,20.131154362154916,20.118106912536557,20.107419262333252,20.098504884450925,20.090956587196654,20.084482896820848,20.078869710527677,20.07395624550202,20.069619434711683
0.010079999999999999,20.904246915346167,20.55649280384366,20.382937116586003,20.2904478383338,20.233639215445866,20.195323933402015,20.167769723546556,20.14701345805017,20.130820720998024,20.117837888740205,20.10719775629137,20.098319336539138,20.09079890372778,20.084347242406533,20.078751772312053,20.073852767435927,20.06952791297459
0.01032,20.870312601814714,20.548620875954057,20.37961385920601,20.288631466378853,20.232497528847386,20.194540814837296,20.167199497015588,20.146579829594682,20.130479917066346,20.11756301492039,20.106971383813566,20.098129677758305,20.09063770214346,20.084208543341827,20.078631173554427,20.07374694470364,20.06943430946461
0.01056,20.83689821782607,20.54067999151824,20.37624243405401,20.2867841592058,20.231334767761755,20.19374252425061,20.166617860373243,20.146137321539406,20.130132012225175,20.117282336022186,20.106740178584708,20.097935934009833,20.09047300279272,20.084066815908404,20.07850792748868,20.073638788210175,20.069338633276743
0.010799999999999999,20.80404276618931,20.532676494025278,20.372824667451752,20.28490666848015,20.230151310595424,20.19292927809478,20.166024948815707,20.145686023925016,20.12977706944525,20.11699589781099,20.10650417491424,20.097738131681076,20.090304826409785,20.08392207669821,20.07838204760216,20.073528309070188,20.069240893681272
0.01104,20.771782256860437,20.524616691642617,20.36936239683529,20.282999754021034,20.228947540826297,20.1921012960638,20.1654208997055,20.145226028301536,20.129415152786898,20.116703746862598,20.106263407729696,20.097536297641035,20.09013319411115,20.08377434261147,20.078253547634297,20.073415518606982,20.069141100123115
0.011279999999999998,20.740149697413848,20.51650684935415,20.365857469156087,20.28106418330686,20.22772384680691,20.191258801000675,20.16480585252326,20.14475742770099,20.12904632738355,20.116405930552794,20.106017912569925,20.09733045923579,20.089958127392446,20.083623630854476,20.07812244157502,20.073300428351434,20.069039262221022
0.011519999999999999,20.709175097121797,20.508353181295846,20.36231173928551,20.279100730977213,20.22648062156492,20.190402018803553,20.164179948818358,20.144280316609265,20.128670659424696,20.116102497046555,20.10576772557799,20.09712064428369,20.089779648125102,20.083469958937243,20.077988743663102,20.07318305004075,20.068935389766683
0.01176,20.678885484074577,20.500161843302134,20.35872706842506,20.277110178331792,20.22521826260122,20.189531178330267,20.163543332158525,20.143794790937253,20.12828821613837,20.115793495286866,20.105512883493738,20.096906881070296,20.08959777855282,20.083313344670998,20.07785246838434,20.073063395617137,20.068829492723754
0.011999999999999999,20.6493049347167,20.49193892567521,20.3551053225246,20.275093312826996,20.22393717168587,20.188646511301442,20.162896148078442,20.143300947991346,20.127899065773097,20.11547897498317,20.105253423646143,20.09668919834313,20.089412541287878,20.083153806165516,20.077713630469603,20.072941477226387,20.0687215812268
0.01224,20.62045461512371,20.48369044618862,20.35144837071075,20.273050927570697,20.222637754652148,20.187748252202276,20.162238544027513,20.142798886443302,20.127503277579432,20.115158986599504,20.104989383945398,20.096467625306225,20.08922395930728,20.082991361826366,20.077572244892824,20.07281730721637,20.068611665580132
0.012479999999999998,20.592352833300534,20.475422343335556,20.347758083727506,20.270983820815932,20.22132042118896,20.18683663818312,20.161570669316745,20.14228870629953,20.127100921791097,20.114833581342335,20.10472080287473,20.096242191614476,20.089032055948763,20.08282603035201,20.07742832686885,20.072690898135413,20.06849975625663
0.012719999999999999,20.56501510174536,20.46714046983139,20.344036332391145,20.268892795453947,20.219985584631743,20.185911908958946,20.16089267506491,20.141770508869847,20.126692069605706,20.114502811148096,20.10444771948206,20.09601292736785,20.088836854906678,20.082657830730803,20.077281891851236,20.07256226273067,20.068385863896463
0.01296,20.5384542094932,20.458850586379207,20.340284986061324,20.266778658507253,20.218633661752204,20.184974306707826,20.160204714143983,20.14124439673574,20.126276793165136,20.114166728670458,20.10417017337141,20.095779863105427,20.088638380227728,20.082486782237886,20.077132955529922,20.072431413946344,20.068269999305734
0.013199999999999998,20.512680302830148,20.450558355706075,20.33650591113025,20.264642220623166,20.217265072546983,20.184024075968516,20.159506941123905,20.14071047371814,20.125855165535576,20.11382538726737,20.103888204694154,20.09554302979929,20.088436656306587,20.082312904432005,20.07698153382887,20.072298364921913,20.068152173455136
0.013439999999999999,20.48770097385305,20.442269336877022,20.332700969531732,20.26248429556839,20.215880240025506,20.183061463537214,20.158799512216785,20.140168844844794,20.125427260687243,20.113478840987824,20.10360185414006,20.09530245884827,20.08823170788145,20.0821362171522,20.076827642903602,20.072163128990237,20.06803239747849
0.01368,20.463521356039497,20.433988979892842,20.328872017271856,20.260305699725134,20.21447958999722,20.182086718363628,20.158082585220505,20.139619616317194,20.124993153473813,20.113127144558458,20.10331116292819,20.095058182071575,20.088023560029413,20.081956740514464,20.07667129913866,20.07202571967567,20.06791068267126
0.013919999999999998,20.44014422598959,20.425722620576963,20.32502090298289,20.258107251589227,20.213063550858354,20.18110009144639,20.157356319461858,20.139062895477164,20.124552919611553,20.112770353369886,20.103016172797645,20.09481023170229,20.087812238161813,20.081774494908267,20.076512519145044,20.071886150692052,20.067787040489048
0.014159999999999999,20.41757011050351,20.417475475755772,20.321149466502092,20.255889771270805,20.211632553378415,20.180101835727932,20.156620875739183,20.138498790773077,20.12410663565823,20.112408523462882,20.10271692599811,20.094558640380754,20.087597768019457,20.081589500993058,20.076351319757542,20.071744435940705,20.067661482545986
0.0144,20.39579739816723,20.409252638736053,20.31725953747689,20.253654079997922,20.21018703048662,20.179092205988905,20.155876416264615,20.137927411725748,20.123654378991723,20.112041711514355,20.102413465280332,20.09430344114784,20.087380175667736,20.08140177969465,20.076187718032045,20.07160058950836,20.067534020613174
0.014639999999999999,20.374822454632458,20.40105907508226,20.31335293399791,20.251400999623606,20.208727417058398,20.178071458742192,20.15512310460593,20.137348868894033,20.123196227788466,20.111669974823144,20.102105833886398,20.094044667438116,20.087159487491707,20.081211352201596,20.07602173124276,20.071454625665023,20.06740466661698
0.014879999999999999,20.354639740795594,20.392899618695655,20.309431461261227,20.249131352136786,20.207254149702134,20.177039852126622,20.154361105628066,20.136763273840142,20.12273226100162,20.111293371295684,20.10179407553993,20.09378235307291,20.086935730191065,20.081018239961416,20.07585337687942,20.07130655886183,20.067273432637396
0.015119999999999998,20.3352419331038,20.384778968196574,20.305496910261184,20.24684595917753,20.205767666546357,20.175997645800454,20.153590585434333,20.136170739094702,20.122262558339077,20.110911959431462,20.101478234436144,20.0935165322533,20.08670893077503,20.080822464676864,20.07568267264441,20.071156403728853,20.067140330906312
0.015359999999999999,20.316620045243877,20.376701683610186,20.301551056514977,20.244545641557004,20.20426840702749,20.174945100834695,20.15281171130738,20.135571378121586,20.121787200241272,20.11052579830838,20.101158355231775,20.09324723955298,20.08647911655719,20.080624048302052,20.075509636449876,20.071004175072833,20.067005373805753
0.0156,20.298763550500837,20.368672183355603,20.29759565882024,20.24223121878252,20.202756811678345,20.173882479606313,20.152024651649914,20.134965305282535,20.121306267858827,20.110134947567957,20.10083448303494,20.092974509911077,20.086246315150273,20.080423013038583,20.075334286414748,20.070849887874935,20.066868573866106
0.01584,20.281660504107684,20.360694741537266,20.293632458046687,20.23990350858816,20.201233321917517,20.172810045691467,20.15122957592525,20.134352635801566,20.120819843030006,20.10973946740039,20.100506663394867,20.092698378624853,20.08601055446083,20.080219381331585,20.07515664086176,20.07069355728842,20.06672994376432
0.016079999999999997,20.26529766494537,20.352773485536996,20.289663175962897,20.23756332647123,20.199698379839806,20.171728063758746,20.150426654597688,20.13373348572925,20.120328008258063,20.109339418529526,20.10017494229153,20.092418881342372,20.08577186268388,20.080013175865723,20.07497671831442,20.070535198636296,20.066589496322056
0.016319999999999998,20.249660615991665,20.344912393904323,20.28568951409914,20.235211485235048,20.198152428007862,20.17063679946255,20.1496160590728,20.13310797190679,20.11983084668842,20.108934862197696,20.0998393661252,20.092136054055047,20.085530268297497,20.079804419561164,20.07479453749393,20.07037482740897,20.066447244503834
0.01656,20.234733882959553,20.33711529454218,20.281713152647225,20.23284879453831,20.19659590924514,20.16953651933666,20.14879796163761,20.132476211930005,20.119328442085738,20.10852586015045,20.09949998170591,20.091849933090156,20.085285800057324,20.079593135569468,20.074610117316062,20.0702124592618,20.06630320141514
0.0168,20.22050105060897,20.329385863184307,20.27773574939811,20.23047606045143,20.19502926643033,20.168427490688025,20.147972535400708,20.13183832411318,20.118820878810865,20.108112474621205,20.099156836242855,20.091560555103282,20.085038486991046,20.079379347269487,20.074423476888036,20.070048110012696,20.066157380300492
0.01704,20.206944876260263,20.321727622160232,20.273758938718125,20.2280940850202,20.193452942293444,20.167309981490902,20.147139954232415,20.13119442745283,20.118308241797692,20.107694768315792,20.098809977333666,20.091267957070677,20.084788358392817,20.079163078263157,20.074234635505327,20.069881795639628,20.06600979454154
0.017279999999999997,20.194047400082574,20.314143939443056,20.269784330564352,20.22570366583702,20.191867379213615,20.16618426028135,20.146300392704866,20.130544641591374,20.11779061652991,20.107272804396917,20.098459452953687,20.090972176281586,20.084535443817636,20.078944352371312,20.07404361264844,20.069713532278147,20.06586045765508
0.017519999999999997,20.181790051776,20.306638027974792,20.26581350953995,20.22330559562012,20.19027301901879,20.165050596052158,20.145454026032226,20.12988908678077,20.11726808901769,20.10684664646856,20.098105311445124,20.0906732503305,20.08427977307565,20.078723193629433,20.07385042797969,20.069543336218874,20.06570938329108
0.017759999999999998,20.170153753311364,20.299212945263495,20.26184803398983,20.220900661800915,20.188670302787443,20.163909258148283,20.144601030010932,20.129227883846106,20.116740745774287,20.106416358560296,20.09774760150616,20.09037121710939,20.08402137622648,20.078499626283342,20.07365510133991,20.069371223904945,20.065556585230667
0.018,20.159119017436456,20.2918715932459,20.25788943513722,20.218489646119927,20.187059670652413,20.16276051616285,20.143741580960064,20.12856115414912,20.116208673792602,20.10598200511153,20.097386372180022,20.090066114799836,20.083760283573426,20.07827367478491,20.07345765274516,20.069197211929442,20.065402077384118
0.01824,20.148666041701578,20.284616718408945,20.253939216261536,20.216073324231427,20.18544156160702,20.161604639833747,20.142875855661853,20.127889019551805,20.11567196052167,20.10554365095574,20.097021672843958,20.089757981865166,20.083496525657687,20.078045363787687,20.073258102383388,20.069021317032824,20.06524587378881
0.01848,20.138774797800234,20.277450912163005,20.24999885191785,20.213652465317107,20.183816413313536,20.16044189894091,20.14200403130235,20.127211602379933,20.115130693843128,20.105101361304595,20.09665355319822,20.089446857042518,20.083230133252542,20.07781471814252,20.073056470611082,20.068843556100298,20.06508798860717
0.018719999999999997,20.129425116062453,20.27037661145944,20.246069787198287,20.211227831709014,20.182184661914143,20.15927256320434,20.141126285412305,20.126529025386663,20.114584962047658,20.104655201732065,20.096282063254947,20.089132779334875,20.08296113735746,20.077581762893153,20.072852777949887,20.06866394615919,20.064928436124582
0.018959999999999998,20.12059676497842,20.263396099644584,20.242153437035515,20.208800178521948,20.18054674184452,20.15809690218289,20.14024279580827,20.125841411716156,20.114034853811383,20.104205238158514,20.09590725332705,20.08881578800307,20.082689569192222,20.07734652327177,20.072647045083198,20.068482504376302,20.064767230747293
0.0192,20.112269525668268,20.256511507542022,20.238251185548513,20.20637025329559,20.178903085650113,20.15691518517389,20.139353740533952,20.125148884867286,20.11348045817229,20.103751536834714,20.095529174017038,20.08849592255773,20.082415460190976,20.077109024694554,20.07243929285274,20.068299248055233,20.06460438700032
0.01944,20.10442326125039,20.249724814754792,20.234364385430638,20.203938795646504,20.17725412380523,20.15572768111369,20.138459297801862,20.124451568657392,20.112921864506628,20.103294164325877,20.095147876205832,20.088173222751223,20.08213884199629,20.07686929275716,20.072229542255116,20.06811419463369,20.0644399195253
0.01968,20.097037981094708,20.243037851178723,20.230494357380074,20.201506536930246,20.175600284535065,20.154534658479097,20.137559645935266,20.123749587186133,20.112359162505324,20.102833187495644,20.094763411041527,20.08784772856955,20.08185974645316,20.076627353230233,20.07201781443834,20.06792736168079,20.064273843078354
0.019919999999999997,20.090093899979497,20.236452298718067,20.22664238957258,20.199074199913728,20.17394199364068,20.153336385189853,20.136654963310463,20.12304306479946,20.111792442150417,20.102368673490066,20.09437582992814,20.087519480224223,20.081578205603016,20.07638323205486,20.071804130698347,20.06773876689432,20.06410617252795
0.020159999999999997,20.08357149219986,20.2299696931943,20.222809737176405,20.196642498458,20.17227967432716,20.152133128512105,20.135745428299472,20.1223321260537,20.111221793691534,20.101900689721585,20.093985184514356,20.08718851814413,20.081294251677676,20.076136955338004,20.071588512475497,20.067548428098014,20.063936922852697
0.020399999999999998,20.07745154070333,20.22359142643878,20.218997621909317,20.19421213721162,20.17061374703492,20.150925154963016,20.134831219213055,20.121616895679765,20.11064730762237,20.101429303852996,20.09359152668223,20.086854882967348,20.081007917093302,20.075888549347944,20.071370981351038,20.067356363238794,20.063766109139195
0.02064,20.07171518135283,20.217318748559876,20.215207231637358,20.191783811314714,20.16894462927429,20.14971273021645,20.13391251424419,20.120897498547535,20.11006907465725,20.100954583781444,20.09319490853589,20.086518615532974,20.080719234444327,20.075638040509666,20.071151559043578,20.06716259038399,20.063593746579816
0.02088,20.066343942439516,20.211152770375012,20.211439720015207,20.189358206113884,20.167272735463484,20.148496119009902,20.132989491411987,20.120174059630394,20.109487185707746,20.100476597622393,20.09279538239024,20.086179756872905,20.080428236497365,20.07538545540027,20.07093026740553,20.06696712771858,20.063419850470506
0.02112,20.061319779588015,20.205094465998034,20.207696206167718,20.18693599688804,20.165598476769983,20.147275585052583,20.13206232850605,20.11944670396995,20.10890173185931,20.09999541369364,20.092393000759632,20.085838348203655,20.080134956185116,20.075130820744317,20.070707128419528,20.06676999354237,20.063244436208578
0.021359999999999997,20.056625106213815,20.19914467557223,20.2039777744123,20.184517848585262,20.163922260955463,20.146051390934836,20.131131203031345,20.11871555664094,20.10831280434805,20.099511100499353,20.09198781634658,20.0854944309181,20.079839426600245,20.074874163409216,20.07048216419488,20.066571206267206,20.063067519290446
0.021599999999999998,20.052242819707836,20.193304108139284,20.20028547402169,20.1821044155708,20.162244492224275,20.1448237980388,20.130196292153588,20.117980742716366,20.10772049453753,20.09902372671409,20.09157988203043,20.085148046577267,20.079541680989248,20.07461551040056,20.070255396963926,20.066370784414143,20.062889115309424
0.02184,20.048156323535693,20.18757334463449,20.196620319026618,20.179696341386233,20.160565571075594,20.143593066450464,20.129257772645154,20.11724238723282,20.107124893895698,20.098533361166915,20.09116925085605,20.084799236902086,20.079241752746327,20.074354888857453,20.07002684907848,20.066168746610625,20.062709239953453
0.02208,20.04434954544971,20.181952840998555,20.192983288057878,20.177294258519876,20.158885894159294,20.14235945487309,20.128315820831546,20.116500615156085,20.10652609397189,20.0980400728255,20.09075597602257,20.08444804376516,20.078939675407238,20.074092326047857,20.069796543006188,20.065965111587644,20.062527909002846
0.02232,20.040806952020002,20.176442931396295,20.18937532422719,20.174898788188493,20.15720585413557,20.141123220542056,20.127370612538467,20.115755551346933,20.105924186373944,20.097543930780308,20.090340110872067,20.084094509182513,20.078635482643126,20.073827849363887,20.0695645013269,20.06575989817688,20.062345138328027
0.022559999999999997,20.037513559697164,20.171043831532746,20.18579733504623,20.17251054013032,20.15552583953841,20.139884619141153,20.126422323039467,20.11500732052725,20.10531926274544,20.09704500422878,20.089921708878315,20.083738675305362,20.078329208254395,20.07356148631714,20.069330746729054,20.06555312530786,20.06216094388725
0.022799999999999997,20.03445494262327,20.165755642057135,20.182250192383247,20.170130112409414,20.15384623464296,20.138643904720396,20.125471127004243,20.114256047246368,20.104711414743058,20.096543362459624,20.08950082363555,20.083380584411888,20.078020886164524,20.07329326453398,20.06909530200602,20.065344812005094,20.061975341724313
0.023039999999999998,20.031617237410483,20.160578352045423,20.178734732456416,20.16775809123136,20.152167419336777,20.137401329615336,20.124517198447545,20.11350185584774,20.104100734014047,20.096039074837133,20.089077508847243,20.083020278898996,20.07771055041391,20.073023211750847,20.068858190052453,20.065134977385174,20.06178834796627
0.02328,20.028987145107063,20.155511842552073,20.175251755863368,20.165395050770325,20.150489768995104,20.13615714436795,20.123560710678795,20.112744870435865,20.10348731217388,20.09553221078556,20.0886518183149,20.0826578012741,20.07739823515372,20.072751355809547,20.068619433860654,20.064923640653944,20.06159997882114
0.02352,20.026551930569916,20.150555890222098,20.171802027645974,20.163041553007442,20.14881365436013,20.134911597649097,20.122601836252343,20.111985214843575,20.102871240783983,20.09502283977359,20.088223805926923,20.082293194146924,20.077083974639713,20.07247772465255,20.06837905651689,20.064710821103567,20.061410250575598
0.023759999999999996,20.024299419460387,20.145710170954334,20.168386277389676,20.160698147580483,20.147139441424294,20.133664936182626,20.12164074691845,20.111223012599595,20.102252611329693,20.09451103129886,20.08779352564745,20.081926500221318,20.076767803226094,20.072202346318264,20.068137081197744,20.064496538109672,20.06121917959267
0.023999999999999997,20.022217993076485,20.140974263607305,20.165005199356468,20.158365371644788,20.145467491317724,20.132417404671077,20.120677613574998,20.110458386896475,20.101631515198328,20.093996854872568,20.08736103150529,20.08155776228706,20.076449755359363,20.071925248936335,20.067893531166447,20.06428081112844,20.06102678230941
0.024239999999999998,20.02029658122985,20.136347653739072,20.1616594526507,20.156043749745447,20.143798160199715,20.131169245723118,20.119712606219895,20.10969146055884,20.101008043657437,20.09348038000416,20.08692637758286,20.0811870232117,20.076129865572174,20.07164646072294,20.067648429769203,20.06406365969372,20.060833075234594
0.02448,20.01852465337011,20.131829737372794,20.158349661416775,20.153733793700574,20.142131799154406,20.129920699782613,20.118745893904304,20.108922356012023,20.100382287833224,20.092961676186107,20.086489618005185,20.080814325932455,20.07580816847718,20.071366009976067,20.067401800431533,20.063845103414103,20.06063807494641
0.02472,20.016892208152452,20.12741982477985,20.155076415067864,20.151436002495725,20.14046875409058,20.12867200505945,20.117777644686562,20.10815119525104,20.09975433868917,20.092440812878788,20.08605080692893,20.08043971344805,20.075484698760942,20.071083925070823,20.067153666654587,20.063625161970055,20.0604417980901
0.024959999999999996,20.015389761636776,20.123117144272733,20.15184026854463,20.149150862189266,20.138809365645674,20.12742339746211,20.116808025586963,20.107378099809956,20.099124287004816,20.091917859495428,20.085609998531492,20.08006322881066,20.075159491177782,20.070800234454722,20.06690405201148,20.063403855110987,20.060244261375654
0.025199999999999997,20.014008334298726,20.11892084600006,20.14864174260308,20.146878845828684,20.137153969093937,20.126175110531975,20.115837202543275,20.106603190731633,20.09849222335476,20.091392885387194,20.085167247000136,20.079684915117827,20.074832580543696,20.070514966642985,20.066652980143633,20.06318120265235,20.06004548157549
0.025439999999999997,20.01273943702417,20.114830005736337,20.145481324130483,20.144620413377694,20.13550289425884,20.12492737537943,20.114865340367118,20.105826588537873,20.09785823808786,20.090865959828353,20.0847226065212,20.07930481550445,20.07450400173027,20.070228150213875,20.06640047475709,20.062957224472733,20.059845475522092
0.025679999999999998,20.011575056249658,20.110843628659477,20.14235946648841,20.142376011654047,20.13385646542967,20.12368042062177,20.113892602701153,20.105048413199984,20.097222421306622,20.090337152001553,20.084276131269355,20.078922973134752,20.0741737896586,20.069939813803984,20.066146559618858,20.062731940510965,20.059644260105703
0.02592,20.01050763840197,20.10696065310919,20.139276589881838,20.14014607427792,20.13221500128233,20.12243447232291,20.112919151977124,20.104268784109742,20.09658486284683,20.089806530983225,20.083827875396906,20.078539431194336,20.073841979293253,20.069649986103578,20.06589125855325,20.06250537076319,20.059441852271974
0.02616,20.009530073780365,20.103179954319774,20.13623308175333,20.13793102163076,20.13057881480439,20.121189753934935,20.111945149374733,20.103487820050777,20.09594565225737,20.0892741657291,20.08337789302319,20.078154232882245,20.07350860563621,20.069358695851935,20.065634595438233,20.062277535279975,20.059238269019644
0.026399999999999996,20.008635680015267,20.099500348121087,20.133229297201208,20.135731260824436,20.128948213224298,20.11994648624148,20.11097075478142,20.102705639170406,20.09530487878031,20.088740125059843,20.08292623822402,20.07776742140306,20.073173703720887,20.069065971832682,20.065376594201755,20.062048454163396,20.05903352739819
0.026639999999999997,20.00781818522759,20.095920594601743,20.13026555942071,20.133547185680584,20.12732349794485,20.118704887302997,20.10999612675298,20.101922358951917,20.0946626313312,20.088204477646816,20.082472965021203,20.077379039959048,20.072837308606104,20.06877184286916,20.065117278818125,20.061818147564157,20.058827644505495
0.026879999999999998,20.007071711003015,20.09243940172894,20.12734216016705,20.131379176719935,20.125704964480818,20.117465172403836,20.1090214224751,20.101138096187263,20.09401899847958,20.08766729199797,20.082018127372148,20.076989131742344,20.07249945537015,20.068476337819803,20.064856673304355,20.061586635678662,20.05862063748553
0.02712,20.0063907552861,20.089055428919536,20.124459360239303,20.129227601161535,20.12409290240076,20.11622755400127,20.108046797725798,20.100352966950254,20.09337406842979,20.08712863644389,20.081561779159514,20.076597739927184,20.072160179104824,20.0681794855735,20.064594801716538,20.061353938746155,20.058412523525995
0.02736,20.00577017528962,20.08576729055742,20.12161738998408,20.127092812931625,20.122487595273046,20.114992241676337,20.107072406838743,20.0995670865702,20.092727929001978,20.086588579123937,20.08110397418097,20.076204907662177,20.071819514909517,20.067881315045028,20.064331688146222,20.0611200770458,20.058203319856016
0.027599999999999996,20.00520517050545,20.082573559452424,20.118816449817942,20.124975152682083,20.120889320615955,20.11375944208662,20.106098402667527,20.09878056960601,20.092080667613395,20.08604718797258,20.08064476613902,20.07581067806262,20.07147749788533,20.06758185517045,20.064067356716798,20.06088507089382,20.057993043743796
0.027839999999999997,20.004691265894333,20.079472770236336,20.116056710767385,20.122874947818143,20.119298349851956,20.11252935892092,20.105124936550833,20.09799352982081,20.091432371259927,20.085504530705833,20.08018420863092,20.075415094202874,20.071134163129205,20.067281134902547,20.063801831579894,20.060648940640604,20.0577817124943
0.028079999999999997,20.004224295323418,20.076463422691965,20.113338315025466,20.120792512535314,20.117714948266066,20.11130219285579,20.10415215827857,20.097206080156994,20.090783126497907,20.08496067480787,20.07972235513868,20.07501819910879,20.070789545728108,20.06697918320629,20.063535136911778,20.06041170666783,20.05756934344693
0.028319999999999998,20.00380038531221,20.07354398501142,20.11066137652389,20.118728147865212,20.116139374968284,20.110078141514023,20.10318021605893,20.096418332711828,20.09013301942619,20.08441568751778,20.079259259019143,20.07462003575016,20.07044368075322,20.066676029054282,20.063267296909782,20.06017338938561,20.0573559539732
0.02856,20.003415939139774,20.070712896980094,20.10802598151957,20.116682141730188,20.114571882860055,20.108857399425023,20.1022092564864,20.09563039871349,20.08948213566849,20.08386963581646,20.078794973494162,20.074220647033282,20.070096603254168,20.066371701422277,20.062998335788734,20.059934009229632,20.057141561474435
0.0288,20.00306762135865,20.067968573083192,20.105432189194563,20.11465476900647,20.11301271860476,20.10764015798708,20.101239424510716,20.09484238849766,20.088830560356023,20.08332258641371,20.078329551640884,20.0738200757935,20.069748348253313,20.06606622928468,20.062728277777396,20.059693586658295,20.056926183379453
0.029039999999999996,20.00275234275397,20.065309405531824,20.10288003226836,20.112646291595677,20.111462122602155,20.10642660543154,20.10027086340681,20.0940544114846,20.08817837811041,20.082774605735455,20.077863046382113,20.07341836478788,20.06939895074003,20.065759641610075,20.062457147114905,20.05945214214987,20.056709837142257
0.029279999999999997,20.002467245779705,20.062733767206108,20.10036951762149,20.11065695850445,20.10992032896675,20.105216926788913,20.09930371474568,20.093266576156754,20.08752567302686,20.082225759911143,20.07739551047677,20.073015556687903,20.069048445665068,20.0654519673568,20.062184968047287,20.05920969619967,20.05649254023974
0.029519999999999998,20.002209690497942,20.060240014512935,20.0979006269294,20.108687005931984,20.108387565510075,20.104011303856826,20.098338118366264,20.09247899003686,20.08687252865768,20.0816761147613,20.076926996510476,20.07261169407222,20.06869686793492,20.065143235468515,20.06191176482389,20.058966269317228,20.05627431016939
0.029759999999999998,20.00197724104135,20.0578264901563,20.095473317305593,20.10673665736527,20.106864053726802,20.102809915169935,20.09737421234827,20.091691759666592,20.08621902799602,20.081125735785296,20.0764575568862,20.07220681941948,20.06834425240625,20.064833474869804,20.061637561693924,20.058721882023466,20.056055164446995
0.03,20.00176765261387,20.055491525818503,20.093087521953073,20.1048061236818,20.105350008784637,20.101612935971662,20.096412132985982,20.090904990585727,20.085565253459993,20.080574688149227,20.07598724381506,20.071800975101237,20.067990633880335,20.064522714461827,20.061362382902967,20.05847655484791,20.05583512060438
0.030239999999999996,20.001578859039913,20.053233444750617,20.090743150823005,20.10289560325947,20.10384563951799,20.10042053818786,20.09545201476305,20.09011878731186,20.08491128687702,20.080023036674014,20.075516109307184,20.07139420337488,20.067636047097587,20.064210983117952,20.06108625268949,20.05823030832588,20.05561419618712
0.030479999999999997,20.00140896086786,20.051050564271037,20.088440091279757,20.101005282093542,20.102351148425317,20.09923289040232,20.094493990328264,20.089333253320614,20.084257209468525,20.079470845823685,20.075044205162698,20.070986546376677,20.067280526732084,20.063898309679463,20.06080919528142,20.057983162995715,20.05539240875226
0.030719999999999997,20.001256214029954,20.048941198171104,20.086178208771212,20.099135333920337,20.100866731670138,20.098050157834162,20.09353819047228,20.088548491026444,20.083603101834935,20.078918179693805,20.074571582962854,20.070578046114864,20.066924107386157,20.063584722951262,20.060531234892714,20.057735139396005,20.055169775866098
0.030959999999999998,20.00111901905697,20.046903659027,20.08395734750359,20.09728592034747,20.099392579085595,20.096872502317076,20.092584744105384,20.087764601763933,20.082949043940964,20.07836510200012,20.074098294061216,20.070168744462812,20.066566823585035,20.06327025169762,20.060252395719946,20.05748625806283,20.054946315101887
0.0312,20.000995910843006,20.04493626041749,20.081777331119657,20.095457190990388,20.097928874182593,20.095700082280395,20.091633778236186,20.086981685769665,20.082295115101253,20.077811676067373,20.073624389575,20.069758683152248,20.06620870977151,20.062954924637936,20.059972701938914,20.057236539527022,20.05472204403762
0.031439999999999996,20.000885548952944,20.043037319047148,20.079637963379653,20.09364928361494,20.096475794161368,20.094533052732,20.090685417951324,20.08619984216462,20.081641393966287,20.077257964818333,20.073149920376515,20.069347903766587,20.065849800300658,20.062638770442565,20.059692177701265,20.056986004311415,20.054496980253806
0.03168,20.000786708462726,20.041205156775007,20.077539028843827,20.091862324285785,20.095033509926502,20.093371565243046,20.089739786396127,20.08541916893716,20.08098795850864,20.076704030762972,20.07267493708475,20.068936447734302,20.065490129434647,20.06232181772863,20.059410847131172,20.056734672928155,20.054271141331217
0.03192,20.00069827132048,20.039438102548836,20.075480293555906,20.090096427520354,20.093602186105247,20.09221576793449,20.088797004756294,20.084639762926514,20.08033488600957,20.076149935987882,20.072199490057017,20.06852435632239,20.065129731337514,20.062004095055908,20.05912873432197,20.05648256587598,20.054044544848697
0.032159999999999994,20.00061921821481,20.037734494245313,20.073461505726556,20.088351696448132,20.09218198106917,20.0910658054654,20.087857192240516,20.083861719806837,20.0796822530459,20.075595742145854,20.071723629380788,20.06811167062991,20.06476864007008,20.061685630922717,20.058845863332888,20.056229703637545,20.053817208380963
0.0324,20.000548620934985,20.036092680416715,20.071482396416084,20.08662822297505,20.090773046958986,20.089921819023033,20.086920466064083,20.083085134071847,20.079030135477243,20.075041510445672,20.071247404865616,20.067698431581597,20.06440688958485,20.061366453761874,20.058562258185738,20.055976106676734,20.053589149496393
0.032639999999999995,20.000485635206683,20.034511021944724,20.06954268021553,20.084926087952674,20.089375529712544,20.088783946314646,20.085986941433475,20.08231009901999,20.07837860843356,20.07448730164211,20.070770866035183,20.06728467992157,20.064044513721,20.06104659193664,20.058277942861682,20.055721795436025,20.053360385754864
0.03288,20.000429493985795,20.032987893602403,20.067642055925457,20.08324536135202,20.087989569095893,20.087652321561098,20.085056731531903,20.081536706740145,20.077727746303022,20.073933176026106,20.070294062119487,20.066870456207095,20.063681546199412,20.06072607373674,20.05799294129798,20.05546679033383,20.05313093470557
0.03312,20.000379501192274,20.03152168552525,20.06578020723162,20.0815861024417,20.08661529873737,20.08652707549208,20.08412994750584,20.08076504809795,20.077077622720235,20.073379193415164,20.06981704204714,20.066455800802455,20.063318020617753,20.060404927374407,20.057707277384782,20.0552111117619,20.052900813884882
0.033359999999999994,20.000335025865244,20.030110804592624,20.06395680337688,20.079948359970203,20.085252846164604,20.085408335343118,20.083206698452475,20.079995212722594,20.076428310554782,20.072825413143956,20.06933985443783,20.066040753872894,20.06295397044562,20.060083180980463,20.057420974961964,20.05495478008269,20.05267004081417
0.0336,20.000295496720465,20.02875367572089,20.062171499828604,20.07833217235199,20.083902332844396,20.084296224854192,20.08228709140816,20.079227288994247,20.075779881900086,20.072271894055113,20.06886254759484,20.06562535537865,20.062589429019734,20.05976086260042,20.057134057815947,20.054697815626795,20.052438632997706
0.033839999999999995,20.000260397090877,20.027448743069716,20.06042393894093,20.076737567857272,20.08256387422537,20.083190864270044,20.081371231337783,20.078461364031998,20.07513240806264,20.071718694490244,20.068385169497798,20.065209645069057,20.062224429539196,20.059438000190664,20.056846549676568,20.054440238690376,20.052206607920517
0.03408,20.000229260231055,20.02619447116324,20.058713750611215,20.075164564805135,20.081237579783387,20.082092370342078,20.080459221125096,20.07769752368237,20.074485959551527,20.071165872281153,20.067907767795486,20.06479366247676,20.061859005060793,20.059114621614626,20.056558474213993,20.05418206953261,20.0519739830463
0.034319999999999996,20.000201664966454,20.024989345927693,20.057040552930125,20.073613171759817,20.079923553069527,20.08100085633189,20.079551161563973,20.076935852508367,20.07384060606833,20.070613484741266,20.067430389798805,20.064377446912,20.06149318849438,20.058790754639023,20.056269855035623,20.053923328373155,20.0517407758153
0.034559999999999994,20.00017723166853,20.023831875647456,20.055403952824708,20.07208338772991,20.07862189176069,20.079916432016383,20.07864715135059,20.076176433779104,20.073196416497336,20.070061588657275,20.06695308247387,20.063961037456984,20.061127012598302,20.058466426930146,20.055980715683052,20.053664035389644,20.05150700364227
0.0348,20.00015561853723,20.022720591841367,20.05380354669392,20.070575202370232,20.07733268771267,20.078839203694404,20.07774728707657,20.075419349459967,20.07255345889609,20.069510240280977,20.066475892435268,20.06354447296037,20.060760509974877,20.05814166605016,20.05569107962904,20.053404210715197,20.051272683914366
0.035039999999999995,20.00013651817262,20.021654050061347,20.052238921036086,20.069088596186127,20.0760560270156,20.077769274194946,20.076851663222975,20.074664680203337,20.071911800486294,20.06895949532135,20.065998865939417,20.063127792031803,20.06039371306595,20.05781649945347,20.055400970274523,20.05314387443595,20.05103783398912
0.03528,20.000119654418057,20.020630830615467,20.050709653067766,20.067623540740026,20.074791990051793,20.076706742886838,20.075960372155265,20.073912505339848,20.071271507645054,20.068409408936834,20.065522048878083,20.062711033036585,20.06002665414852,20.05749095448312,20.055110410945662,20.052883046588597,20.050802471192398
0.035519999999999996,20.00010477945772,20.019649539217514,20.049215311333565,20.066179998859944,20.07354065155576,20.07565170568991,20.07507350411914,20.073162902870195,20.07063264589643,20.0678600357278,20.065045486772032,20.062294234090405,20.059659365330397,20.05716505836724,20.0548194248909,20.052621747157975,20.050566612816375
0.03576,20.00009167115198,20.018708807565428,20.04775545630642,20.064757924849793,20.072302080676444,20.074604255087618,20.074191147237233,20.072415949457504,20.06999527990336,20.067311429729287,20.06456922476482,20.061877433054182,20.05929187854594,20.056838838215526,20.054528035278054,20.05235999607465,20.05033027611754
0.036,20.000080130594785,20.017807293850726,20.046329640977948,20.063357264701214,20.071076341041536,20.073564480141076,20.073313387506765,20.071671720420216,20.06935947345989,20.066763644403903,20.06409330761673,20.061460667528973,20.05892422555187,20.056512321015774,20.05423626519146,20.05209781321253,20.050093478314693
0.036239999999999994,20.000069979877647,20.016943683201394,20.04493741143846,20.061977956306755,20.069863490823785,20.07253246650451,20.07244030879797,20.07093028972553,20.068725289483783,20.066216732634974,20.06361777969885,20.061043974851028,20.058556437923126,20.05618553363046,20.05394413762912,20.051835218386515,20.04985623658699
0.03648,20.00006106004587,20.016116688060443,20.043578307446246,20.060619929674157,20.06866358280926,20.07150829644203,20.071571992853464,20.070191729983367,20.06809279000942,20.065670746719885,20.063142684987262,20.060627392086886,20.058188547048797,20.055858502793356,20.0536516754999,20.05157223135014,20.049618568071967
0.036719999999999996,20.000053229233032,20.01532504850266,20.042251862985815,20.059283107141546,20.067476664467446,20.07049204884579,20.070708519288438,20.06945611244088,20.067462036181073,20.065125738363676,20.06266806705744,20.060210956028588,20.05782058412812,20.055531255106192,20.053358901620754,20.05130887179327,20.04938048986361
0.03696,20.000046360960592,20.014567532491846,20.040957606814732,20.057967403593356,20.066302778023108,20.06948379925542,20.06984996559165,20.06872350697747,20.066833088246486,20.064581758672805,20.062193969078727,20.059794703189,20.05745258016654,20.055203817035373,20.053065838713987,20.051045159339818,20.049142019010436
0.0372,20.000040342590154,20.013842936081026,20.039695062998817,20.056672726676705,20.06514196052986,20.06848361987874,20.068996407127322,20.067993982100365,20.066206005550814,20.064038858149175,20.061720433808986,20.059378669797205,20.057084565971838,20.054876214908745,20.05277250940453,20.050781113545444,20.048903172513576
0.037439999999999994,20.00003507391664,20.013150083558042,20.038463751435337,20.055398977018132,20.063994243945334,20.06749157961374,20.068147917137786,20.06726760494067,20.065580846530878,20.06349708668434,20.06124750358939,20.058962891794028,20.05671657215033,20.054548474912384,20.05247893621727,20.05051675389534,20.0486639673249
0.03768,20.00003046589126,20.012487827538937,20.03726318836407,20.054146048440394,20.062859655207863,20.066507744071725,20.067304566746976,20.066544441249984,20.064957668709752,20.06295649355395,20.060775220339348,20.058547404827614,20.056348629103127,20.054220623087463,20.052185141574423,20.050252099801995,20.048424420345132
0.037919999999999995,20.000026439463895,20.011855049011604,20.036092886865877,20.05291382817921,20.061738216314637,20.065532175601707,20.066466424964688,20.06582455539748,20.064336528691715,20.062417127412427,20.060303625551605,20.05813224424915,20.05598076702247,20.053892685327146,20.051891147792894,20.04998717060301,20.048184548422007
0.03816,20.000022924535095,20.01125065733203,20.03495235734875,20.05170219709974,20.06062994440122,20.064564933315904,20.06563355869165,20.065108010367535,20.063717482157475,20.0618790362878,20.059832760287442,20.057717445108654,20.055613015888124,20.05356468737354,20.051596977081733,20.049721985558907,20.047944368348446
0.0384,20.00001985900861,20.010673590175625,20.033841108020997,20.050511029912624,20.059534851822367,20.063606073116365,20.064806032725333,20.064394867757837,20.063100583859764,20.061342267576833,20.059362665172063,20.057303042150874,20.055245405463854,20.0532366548147,20.05130265153958,20.04945656385101,20.047703896860718
0.038639999999999994,20.000017187935935,20.01012281344594,20.032758645351525,20.049340195389384,20.05845294623401,20.062655647722707,20.063983909766527,20.063685187778006,20.062485887619253,20.06080686804031,20.058893380390096,20.05688906981129,20.05487796529396,20.052908613081655,20.051008193152164,20.049190924579296,20.04746315063666
0.03888,20.000014862744884,20.009597321143158,20.031704474517056,20.04818955657706,20.05738423067645,20.06171370670088,20.063167250426673,20.062979029248687,20.061873446320778,20.060272883798564,20.058424945681267,20.056475562212217,20.054510724699885,20.052580587445533,20.050713623789836,20.048925086760335,20.047222146293905
0.039119999999999995,20.000012840544944,20.009096135194646,20.03067809983617,20.047058971011882,20.05632870365855,20.060780296492965,20.0623561132359,20.06227644960115,20.0612633119099,20.059740360327222,20.057957400336193,20.05606255315899,20.054143712776895,20.05225260301468,20.050418965205136,20.048659069325183,20.046980900388103
0.03936,20.000011083502468,20.0086183052499,20.029679025190084,20.045948290931822,20.05528635924293,20.059855460447974,20.061550554651806,20.06157750487737,20.060655535389774,20.05920934245314,20.057490783192346,20.055650076136285,20.053776958390824,20.05192468473188,20.050124239030392,20.04839289111738,20.046739429411204
0.039599999999999996,20.000009558279466,20.008162908442042,20.02870675443011,20.04485736348788,20.054257187132063,20.058939238853583,20.060750629068917,20.060882249730568,20.060050166818357,20.058679874350588,20.057025132630145,20.05523816430449,20.053410490174894,20.05159685737158,20.04982946677537,20.04812657089091,20.04649774978973
0.039839999999999993,20.000008235530146,20.00772904911816,20.027760791771765,20.043786030953942,20.05324117275519,20.058031668968834,20.059956388828848,20.060190737426236,20.059447255305905,20.058151999537607,20.056560486569193,20.054826850496248,20.05304433652661,20.051269145537223,20.04953466982495,20.047860127308216,20.046255877883077
0.04008,20.000007089449824,20.0073158585406,20.026840642175472,20.0427341309351,20.052238297356016,20.05713278505767,20.05916788423114,20.059503019843625,20.058846849012806,20.057625760872625,20.05609688246468,20.05441616721301,20.052678525604726,20.05094157365854,20.049239869436825,20.047593578938248,20.046013829981835
0.040319999999999995,20.000006097371266,20.006922494561277,20.02594581171389,20.0417014965742,20.051248538081065,20.056242618423383,20.058385163544738,20.0588191474777,20.058248995147718,20.05710120055125,20.055634357303905,20.054006146621777,20.05231308532626,20.05061416598901,20.048945086739266,20.047326944254525,20.045771622306138
0.04056,20.000005239403933,20.006548141271143,20.025075807925838,20.04068795675662,20.050271868068638,20.055361197443858,20.05760827302015,20.058139169441507,20.057653739966,20.056578360103277,20.055172947602966,20.053596820551896,20.051948043363623,20.050286946603276,20.048650342728916,20.047060241633236,20.04552927100402
0.040799999999999996,20.000004498111934,20.00619200862674,20.02423014015691,20.03969333631302,20.04930825653832,20.054488547607633,20.05683725690219,20.05746313346905,20.057061128768474,20.056057280389926,20.05471268940357,20.053188220491954,20.05158342714177,20.04995993939465,20.0483556582686,20.046793489351355,20.04528679214981
0.04103999999999999,20.00000385822695,20.00585333205581,20.023408319886755,20.038717456220017,20.048357668880957,20.05362469155069,20.0560721574434,20.056791085918547,20.05647120590048,20.055538001601256,20.054253618270007,20.052780377586792,20.05121926383548,20.049633168072695,20.04806105408521,20.046526705584792,20.045044201742513
0.04128,20.000003306392575,20.00553137204384,20.022609861043136,20.03776013379863,20.04742006674901,20.05276964909401,20.055313014917985,20.056123071776167,20.055884014751218,20.05502056325382,20.053795769286282,20.052373322634622,20.050855580366655,20.049306656160798,20.047766550767584,20.046259908406583,20.044801515704265
0.041519999999999994,20.00000283093696,20.005225413703357,20.021834280302862,20.036821182910412,20.046495408147244,20.051923437281793,20.054559867636435,20.055459134660147,20.055299597753407,20.054505004188503,20.05333917705334,20.051967086084236,20.05049240340171,20.048980426993857,20.047472168764465,20.045993115785084,20.044558749878764
0.04176,20.000002421670857,20.004934766327764,20.02108109737962,20.035900414151108,20.04558364752369,20.051086070420357,20.05381275196065,20.054799316825363,20.05471799638322,20.05399136256857,20.052883875686476,20.0515616980323,20.05012975934907,20.048654503715973,20.04717792838248,20.045726345582214,20.044315920029742
0.041999999999999996,20.000002069708422,20.00465876293137,20.02034983529892,20.034997635041787,20.044684735860773,20.050257560117668,20.053071702319627,20.054143659168304,20.05413925116053,20.053479675877927,20.052429898812896,20.051157188220802,20.04976767435667,20.048328909278236,20.04688384978416,20.04545961555173,20.044073041839464
0.04224,20.000001767308447,20.00439675977731,20.019640020660148,20.034112650217317,20.043798620766587,20.049437915323463,20.052336751225724,20.053492201232437,20.053563401649427,20.052969980919563,20.05197727956938,20.05075358603452,20.049406174309606,20.048003666436532,20.04658995298598,20.0451929433375,20.043830130907228
0.04248,20.000001507733813,20.004148135894873,20.018951183886017,20.033245261612112,20.04292524656622,20.048627142369924,20.051607929291414,20.05284498121399,20.05299048645902,20.052462313814218,20.051526050600113,20.050350920498683,20.049045284827788,20.047678797749416,20.04629625785648,20.044926346471854,20.04358720274791
0.042719999999999994,20.000001285127247,20.003912292587767,20.018282859459436,20.032395268643036,20.042064554393097,20.047825245012927,20.050885265246556,20.052202035968104,20.052420543244533,20.051956709999224,20.051076244054656,20.04994922027666,20.048685031263716,20.04735432557604,20.046002784114396,20.04465984237391,20.043344272790524
0.04296,20.00000109440161,20.003688652934798,20.017634586148027,20.031562468389396,20.04121648228024,20.04703222447374,20.05016878595618,20.05156340101539,20.051853608708665,20.051453204227574,20.050627891586057,20.049548513667773,20.048325438700296,20.047030272074128,20.045709551326823,20.044393448347975,20.043101356376788
0.043199999999999995,20.000000931143145,20.0034766612843,20.017005907216447,20.03074665576996,20.040380965251423,20.046248079481238,20.04945851643873,20.050929110548843,20.051289718603222,20.05095183056715,20.050181024349083,20.04914882860524,20.047966531948763,20.046706659198005,20.045416578907442,20.04412718158196,20.04285846875974
0.04344,20.00000079152623,20.00327578274362,20.016396370626712,20.029947623716872,20.039557935412134,20.045472806314518,20.04875447988477,20.050299197441127,20.05072890773103,20.050452622400176,20.04973567299862,20.048750192654165,20.047608335546638,20.04638350869669,20.045123886114784,20.043861059145804,20.042615625102364
0.04368,20.000000672238386,20.003085502664995,20.01580552922668,20.029165163346484,20.038747322040315,20.044706398845946,20.048056697676156,20.049673693252227,20.050171209948125,20.04995561242284,20.049291867688193,20.048352633009664,20.047250873755782,20.046060842112034,20.044831492050495,20.04359509798997,20.04237284047623
0.043919999999999994,20.000000570414343,20.002905326128886,20.015232940926946,20.028399064126948,20.03794905167679,20.043948848584574,20.047365189405618,20.04905262823745,20.04961665816615,20.049460832645128,20.048849638068624,20.04795617649508,20.04689417056053,20.045738680776903,20.044539415657706,20.04332931494393,20.042130129860162
0.04416,20.00000048357819,20.002734777426006,20.014678168866336,20.027649114042575,20.037163048215355,20.043200144719897,20.046679972896776,20.048436031355767,20.049065284355088,20.04896831439083,20.048409013286832,20.04756084956031,20.046538249665858,20.045417045813434,20.044247675719394,20.043063726714703,20.04188750813895
0.044399999999999995,20.000000409592605,20.00257339953905,20.014140781566198,20.026915099754877,20.03638923299247,20.042460274165936,20.046001064224544,20.047823930278494,20.048517119546187,20.04847808829773,20.047970021984757,20.047166678280185,20.04618313449567,20.045095958131327,20.043956290856787,20.042798349885423,20.041644990102043
0.04464,20.00000034661443,20.002420753625096,20.013620353073755,20.026196806760236,20.035627524876485,20.04172922160559,20.04532847773593,20.04721635139829,20.04797219383518,20.047990184318,20.04753269229844,20.046773688353017,20.04582884819113,20.044775438426196,20.043665279527836,20.04253320091393,20.04140259044231
0.044879999999999996,20.000000293055795,20.002276418499736,20.013116463094747,20.025494019544205,20.034877840356366,20.041006969535268,20.044662226071196,20.04661331983851,20.0474305363857,20.047504631718752,20.04709705185721,20.04638190509919,20.045475413609072,20.04445550717799,20.0433746600257,20.042268296131397,20.0411603237548
0.04511999999999999,20.00000024755011,20.00213999012367,20.012628697115577,20.02480652173232,20.034140093629873,20.04029349830972,20.044002320185378,20.046014859462826,20.046892175433005,20.047021459082785,20.046663127783027,20.04599135345987,20.04512285332048,20.04413618464943,20.0430844504773,20.04200365174097,20.04091820453551
0.04536,20.000000208922426,20.002011081092697,20.012156646515226,20.02413409623747,20.033414196691133,20.039588786187085,20.043348769370144,20.045420992885173,20.04635713828787,20.046540694309513,20.046230946689942,20.045602057995797,20.044771189609037,20.043817490884553,20.042794668841857,20.04173928381648,20.040676247180233
0.045599999999999995,20.000000176163585,20.001889320131852,20.01169990866719,20.02347652540373,20.03270005941757,20.038892809374108,20.042701581275963,20.044831741480007,20.045825451340775,20.046062364616056,20.045800534683682,20.04521404288621,20.044420444469765,20.043499445707248,20.042505332909556,20.041475208301136,20.04043446598336
0.04584,20.000000148407672,20.001774351594342,20.011258087031667,20.022833591146668,20.03199758965614,20.038205542071488,20.04206076193461,20.044247125392815,20.045297140066275,20.045586496538508,20.04537191736138,20.044827331927813,20.0440706396077,20.04318206871989,20.04221646030017,20.04121144100629,20.040192875136743
0.046079999999999996,20.00000012491244,20.001665834966023,20.01083079123831,20.0222050750901,20.03130669330882,20.037526956519336,20.041426315781933,20.043667163550936,20.04477222902762,20.045113115933383,20.044945119811427,20.044441948533876,20.043721796436675,20.042865379302018,20.04192806846177,20.040947997610193,20.039951488728597
0.04631999999999999,20.00000010504229,20.001563444375982,20.010417637159723,20.021590758699233,20.030627274417366,20.036857023042746,20.040798245680907,20.043091873674634,20.04425074188159,20.04464224797923,20.04452016661345,20.044057915733426,20.04337393607815,20.04254939660905,20.041640174669467,20.040684893656827,20.03971032074239
0.04656,20.00000008825347,20.001466868113784,20.010018246976042,20.020990423410275,20.029959235247194,20.03619571009738,20.040176552944967,20.042521272288457,20.043732701383554,20.044173917178405,20.0440970818384,20.04367525617051,20.043027079360126,20.042234139571082,20.041352796024178,20.040422144554736,20.03946938505577
0.046799999999999994,20.000000074081292,20.001375808153885,20.009632249230823,20.020403850756374,20.029302476370454,20.03554298431515,20.039561237361553,20.04195537473282,20.04321812939272,20.043708147359013,20.043675889048806,20.043293992103578,20.042681246816112,20.041919626891694,20.04106594945145,20.04015976557589,20.039228695439533
0.04704,20.000000062129008,20.001289979687716,20.009259278878524,20.01983082249,20.028656896748195,20.03489881054983,20.03895229721593,20.04139419517585,20.04270704687762,20.043244961677015,20.04325661129909,20.042914145404943,20.042336458684183,20.041605877046855,20.040779651700326,20.0398977718546,20.038988265556586
0.047279999999999996,20.000000052058237,20.001209110663794,20.008898977323838,20.01927112070169,20.02802239381161,20.03426315192272,20.038349729315176,20.040837746625495,20.042199473921773,20.04278438261849,20.042839271136057,20.042535737560332,20.041992734906092,20.041292908283857,20.040493919342232,20.03963617838644,20.038748108960963
0.04751999999999999,20.00000004358064,20.001132941336294,20.008550992453145,20.018724527935177,20.02739886354231,20.033635969868214,20.037753529012416,20.040286040941808,20.04169542972956,20.042326432002046,20.04242389059949,20.042158789668537,20.04165009512645,20.040980738620306,20.04020876876993,20.039375000027217,20.03850823909684
0.04776,20.000000036450786,20.00106122382234,20.00821497865838,20.018190827298934,20.026786200551626,20.03301722417935,20.03716369023122,20.039739088849498,20.0411949326323,20.041871130981413,20.042010491222854,20.041783322441145,20.041308558692,20.04066938584316,20.03992421619648,20.03911425149196,20.038268669297594
0.047999999999999994,20.000000030459958,20.00099372166839,20.007890596853546,20.01766980257411,20.02618429815887,20.032406873053212,20.03658020549019,20.03919689995069,20.040698000094487,20.04141850004815,20.041599094034108,20.041409356202376,20.040968144650904,20.040358867507823,20.039640277654275,20.03885394735395,20.038029412784873
0.04824,20.00000002543085,20.000930209425903,20.007577514484186,20.017161238318867,20.025593048468558,20.031804873136267,20.036003065927666,20.038659482737863,20.04020464872025,20.040968559034532,20.041189719556673,20.04103691088898,20.040628871752183,20.040049200937307,20.039356968994095,20.038594102043785,20.03779048266769
0.048479999999999995,20.000000021212976,20.000870472236535,20.007275405530027,20.01666491996916,20.025012342446527,20.031211179569535,20.03543226132664,20.038126844607017,20.039714894259955,20.04052132711656,20.04078238781047,20.040666006050255,20.040290758445124,20.03974040322141,20.039074305884206,20.038334729848447,20.037551891941558
0.04871999999999999,20.000000017678744,20.000814305427035,20.006983950501137,20.016180633935953,20.024442069995,20.030625746033618,20.034867780139752,20.037598991871015,20.039228751617014,20.040076822817145,20.0403771183131,20.04029666084813,20.03995382287884,20.039432491215976,20.0387923038095,20.03807584491045,20.037313653487633
0.04896,20.000000014720086,20.000761514113975,20.00670283642777,20.015708167698904,20.023882120026457,20.030048524793514,20.03430960951441,20.0370759297731,20.03874623485484,20.039635064009396,20.039973930081118,20.039928894057343,20.039618082901843,20.039125481542204,20.038510978070665,20.037817461226954,20.037075780071874
0.049199999999999994,20.000000012245554,20.000711912818495,20.00643175684426,20.015247309896548,20.023332380536388,20.029479466743286,20.03375773531803,20.0365576625006,20.038267357204,20.039196067920074,20.039572841631436,20.0395627240657,20.039283556061704,20.038819390585985,20.03823034378342,20.037559592648982,20.036838284344253
0.04944,20.000000010177843,20.000665325091045,20.006170411767133,20.01479785041298,20.022792738674866,20.02891852145044,20.033212142163354,20.036044193198787,20.037792131069466,20.038759851133168,20.0391738709828,20.039198168874417,20.038950259604782,20.038514234497313,20.037950415877763,20.0373022528806,20.036601178837973
0.049679999999999995,20.00000000845166,20.000621583146295,20.005918507667772,20.014359580461086,20.022263080816913,20.028365637200093,20.03267281343384,20.035535523984898,20.037320568038115,20.038326429593617,20.03877703565742,20.038835246098557,20.03861821047601,20.03821002918974,20.03767120909726,20.037045455478186,20.036364475968703
0.04991999999999999,20.00000000701193,20.000580527508145,20.005675757439832,20.013932292662368,20.02174329263167,20.027820761038907,20.032139731309137,20.035031655962296,20.036852678886298,20.037895818611155,20.038382352682678,20.038473972967548,20.038287425318728,20.037906790339875,20.037392737998406,20.03678921384968,20.036128188033857
0.050159999999999996,20.000000005812222,20.00054200666493,20.00544188036169,20.013515781123353,20.021233259150293,20.027283838818658,20.03161287679056,20.034532589234797,20.036388473587593,20.03746803286427,20.03798983859292,20.038114366325757,20.037957920474636,20.037604533386936,20.037115016949965,20.036533541253903,20.03589232721188
0.05039999999999999,20.000000004813444,20.000505876734753,20.005216602054187,20.01310984150867,20.02073286483266,20.0267548152396,20.03109222972667,20.034038322921084,20.035927961320706,20.03704308640431,20.03759950943141,20.037756442633178,20.037629711983733,20.037303273532363,20.036838060132414,20.036278450799884,20.035656905561567
0.05064,20.000000003982713,20.000472001140928,20.004999654433846,20.01271427111081,20.02024199363275,20.026233633893423,20.03057776883882,20.0335488551693,20.03547115047749,20.03662099265971,20.037211380752304,20.037400217966187,20.03730281558439,20.03700302573946,20.036561881537388,20.03602395544623,20.035421935021404
0.050879999999999995,20.00000000329239,20.00044025029747,20.004790775661906,20.01232886891659,20.019760529062786,20.025720237305944,20.030069471746753,20.03306418317172,20.035018048671112,20.03620176444032,20.036825467622812,20.03704570801838,20.036977246713427,20.036703804733094,20.03628649496716,20.03577006800051,20.03518742740893
0.05112,20.00000000271927,20.000410501304568,20.0045897100893,20.01195343567043,20.01928835425607,20.025214566979383,20.02956731499416,20.03258430317954,20.03456866274434,20.03578541394186,20.03644178462537,20.03669292810146,20.036653020506304,20.036405624999457,20.03601191403418,20.035516801118693,20.034953394420135
0.051359999999999996,20.000000002243894,20.000382637653946,20.004396208197907,20.0115877739344,20.018825352028525,20.024716563434335,20.02907127407427,20.03210921051779,20.034122998777967,20.035371952750488,20.036060345859976,20.036341893146254,20.036330151797337,20.036108500785858,20.03573815216064,20.035264167304597,20.034719847628857
0.05159999999999999,20.00000000184996,20.00035654894399,20.00421002653822,20.01123168814515,20.018371404938904,20.024226166251285,20.02858132345539,20.031638899600296,20.03368106209932,20.034961391847485,20.035681164946578,20.03599261770377,20.03600865511997,20.035812446100557,20.035465222578086,20.035012178909373,20.03448679848624
0.05184,20.00000000152381,20.000332130604562,20.004030927663734,20.010884984667747,20.017926395347715,20.023743314111776,20.0280974366064,20.031173363944795,20.033242857290926,20.034553741614044,20.03530425502757,20.03564511594632,20.03568854470716,20.035517474712684,20.035193138327045,20.03476084813102,20.03425425832017
0.052079999999999994,20.00000000125403,20.000309283631296,20.003858680062194,20.010547471846465,20.01749020547479,20.023267944839148,20.02761958602223,20.030712596188057,20.032808388199268,20.034149011836153,20.034929628770374,20.03529940166875,20.035369834491735,20.035223600152147,20.03492191225672,20.034510187013943,20.034022238334785
0.05232,20.000000001031086,20.000287914329306,20.003693058083986,20.010218960052597,20.017062717455527,20.022799995438813,20.027147743249255,20.03025658810113,20.032377657943638,20.033747211709592,20.034557298370117,20.034955488289715,20.0350525381069,20.03493083570965,20.03465155702471,20.034260207448504,20.033790749609967
0.052559999999999996,20.000000000847017,20.00026793406611,20.003533841867807,20.009899261729313,20.016643813395795,20.022339402138154,20.026681878910633,20.029805330604628,20.0319506689251,20.033348349845028,20.034187275552387,20.034613388853042,20.034736668886733,20.034639194436703,20.03438208509674,20.034010921170648,20.033559803100875
0.05279999999999999,20.000000000695177,20.000249259033577,20.003380817263903,20.009588191433636,20.01623337542551,20.021886100425895,20.02622196273155,20.029358813784082,20.031527422835556,20.032952434273213,20.033819571576068,20.034273116029162,20.034422239866778,20.034348689145713,20.03411350874649,20.033762339761527,20.033329409637513
0.05304,20.000000000570047,20.000231810018793,20.003233775754993,20.009285565875608,20.015831285750846,20.02144002509106,20.025767963564405,20.028917026905336,20.031107920666877,20.032559472450256,20.03345419723628,20.033934682116584,20.034109263784682,20.03405933241011,20.03384584005539,20.033514474647166,20.033099579924293
0.053279999999999994,20.00000000046702,20.000215512183594,20.003092514375105,20.00899120395466,20.01543742670511,20.02100111026141,20.025319849413847,20.028479958430008,20.030692162720165,20.032169471263,20.03309116286738,20.03359809904349,20.033797753080872,20.033771136564507,20.0335790909125,20.033267337098152,20.03287032453965
0.05352,20.000000000382265,20.000200294852625,20.002956835626517,20.00870492679329,20.01505168079827,20.020569289441426,20.02487758746175,20.028047596030937,20.030280148615034,20.031782437034494,20.032730478346036,20.033263378369345,20.033487719899323,20.033484113704926,20.033313273014414,20.03302093822936,20.032641653935666
0.053759999999999995,20.000000000312614,20.000186091309686,20.00282654739497,20.008426557768043,20.01467393076515,20.02014449554975,20.024441144092027,20.027619926607727,20.02987187729904,20.03139837552953,20.03237215309442,20.032930531286603,20.033179176088343,20.03319827568905,20.03304839786518,20.032775288999698,20.032413578437716
0.05399999999999999,20.000000000255422,20.000172838602225,20.002701462863357,20.008155922537956,20.014304059612254,20.019726660956152,20.024010484915355,20.027196936302254,20.029467347057132,20.03101729196028,20.032016196083422,20.032599568622473,20.032872133201437,20.03291363413652,20.03278447677629,20.032530400211893,20.032186108244137
0.05424,20.000000000208505,20.000160477353692,20.002581400423967,20.007892849070394,20.013941950663288,20.019315717517948,20.023585574793714,20.02677861051422,20.029066555521183,20.030639190991998,20.03166261583598,20.032270500840745,20.03256660249821,20.0326302004293,20.032521520866666,20.03228628251229,20.03195925342594
0.054479999999999994,20.000000000170054,20.000148951583665,20.002466183589604,20.007637167664466,20.01358748760329,20.018911596615894,20.023166377864833,20.026364933916717,20.0286694996796,20.03026407674881,20.031311420430455,20.03194333804367,20.03226259494534,20.032347985712043,20.03225954106273,20.032042946390696,20.03173302392651
0.05472,20.00000000013857,20.00013820853539,20.002355640903588,20.007388710971966,20.013240554521488,20.018514229189545,20.02275285756642,20.02595589047178,20.02827617588699,20.029891952819582,20.0309626175041,20.031618089973932,20.031960121217573,20.032067000892543,20.031998548098446,20.031800402180234,20.031507429561355
0.054959999999999995,20.000000000112813,20.00012819851067,20.00224960584887,20.00714731401602,20.012901035952797,20.018123545772074,20.022344976660275,20.02555146344594,20.027886579873865,20.029522822263832,20.030616214256572,20.03129476601663,20.03165919169879,20.03178725664219,20.03173855251546,20.031558660057247,20.031282480017882
0.05519999999999999,20.00000000009176,20.00011887471179,20.002147916756392,20.006912814207364,20.012568816917998,20.0177394765245,20.021942697256208,20.025151635425768,20.02750070675641,20.029156687617746,20.03027221745354,20.030973375201373,20.03135981648314,20.031508763396495,20.031479564663226,20.031317730041206,20.031058184855162
0.055439999999999996,20.000000000074568,20.00011019309033,20.002050416712848,20.006685051358456,20.012243782962607,20.01736195126941,20.021545980835768,20.024756388333426,20.02711855104631,20.028793550900232,20.02993063343033,20.0306539262044,20.031062005376167,20.031231531355644,20.03122159469919,20.031077621994662,20.030834553503762
0.05567999999999999,20.000000000060545,20.000102112202587,20.00195695346794,20.00646386769537,20.011925820194442,20.01699089952406,20.021154788275815,20.02436570344214,20.026740106660593,20.028433413619045,20.02959146809565,20.03033642735077,20.030765767896057,20.030955570485094,20.030964652589002,20.030838345623227,20.03061159526555
0.05592,20.000000000049113,20.00009459307149,20.0018673793413,20.006249107867585,20.0116148153199,20.016626250532926,20.020769079871847,20.0239795613917,20.026365366931536,20.028076276776975,20.02925472693537,20.030020886616587,20.03047111327487,20.030680890516205,20.030708748106765,20.030599910475555,20.03038931931359
0.056159999999999995,20.000000000039805,20.000087599054705,20.001781551129202,20.006040618955744,20.01131065567893,20.016267933299684,20.020388815361162,20.02359794220392,20.02599432461659,20.0277221408781,20.02892041501637,20.029707311631313,20.03017805045986,20.03040750094692,20.0304538908353,20.030362325943404,20.030167734691968
0.05639999999999999,20.00000000003223,20.000081095718762,20.001699330011153,20.00583825047741,20.011013229278753,20.01591587661858,20.020013953945796,20.023220825298008,20.02562697190835,20.027371005934064,20.028588536990423,20.02939570968011,20.029886588114824,20.030135411042483,20.03020009016647,20.030125601261652,20.029946850315735
0.056639999999999996,20.000000000026073,20.00007505071903,20.001620581456493,20.00564185439088,20.01072242482629,20.015570009105232,20.019644454315245,20.022848189505947,20.025263300444525,20.027022871470436,20.028259097098175,20.029086087706233,20.029596734621492,20.029864629836183,20.029947355301505,20.029889745508417,20.029726674970803
0.05687999999999999,20.000000000021075,20.00006943368526,20.00154517513114,20.005451285097188,20.010438131759372,20.015230259226826,20.019280274668947,20.022480013087804,20.024903301317977,20.02667773653311,20.02793209917312,20.028778452313496,20.029308498080976,20.029595166130147,20.029695695251394,20.02965476760513,20.029507217313892
0.05712,20.00000000001702,20.000064216112584,20.001472984804536,20.00526639944023,20.01016024027668,20.01489655533172,20.01892137273856,20.022116273746985,20.024546965086717,20.026335599694733,20.027607546645697,20.028472809768765,20.029021886315263,20.029327028496173,20.02944511883728,20.029420676316697,20.0292884858725
0.057359999999999994,20.00000000001373,20.00005937125769,20.001403888256927,20.00508705670523,20.009888641366462,20.01456882567845,20.018567705809986,20.021756948645418,20.02419428178397,20.02599645906121,20.027285442547367,20.028169166004496,20.028736906868723,20.029060225276595,20.029195634690886,20.029187480251647,20.029070489044877
0.0576,20.00000000001107,20.000054874040043,20.001337767187064,20.004913118615434,20.009623226834073,20.014246998464127,20.018219230745146,20.021402014418683,20.023845240928228,20.02566031227822,20.026965789514804,20.027867526621353,20.028453567009695,20.028794764585175,20.02894725125501,20.028955187862316,20.028853235100044
0.057839999999999996,20.000000000008914,20.00005070094791,20.001274507120392,20.004744449327273,20.00936388932826,20.013931001852228,20.017875904003528,20.021051447191063,20.0234998315333,20.025327156537777,20.026648589794075,20.027567896890837,20.028171873732102,20.028530654308053,20.02869997678398,20.02872380744506,20.028636732177805
0.05807999999999999,20.000000000007173,20.00004682994904,20.001213997317848,20.00458091542391,20.009110522366303,20.013620763999803,20.017537681663466,20.02070522259053,20.023158042118382,20.02499698858484,20.026333845244913,20.027270281757968,20.027891833757096,20.028267902104712,20.028453819344225,20.028493347140497,20.028420988288815
0.05832,20.000000000005766,20.000043240405812,20.001156130685327,20.004422385907283,20.008863020357982,20.013316213084035,20.01720451944315,20.020363315763618,20.022819860718126,20.02466980472393,20.026021557344993,20.026974685844028,20.02761345353474,20.028006515408983,20.0282087868148,20.028263814933755,20.028206011314634
0.058559999999999994,20.000000000004633,20.000039912994644,20.00110080368387,20.004268732188745,20.008621278628368,20.013017277328217,20.016876372721416,20.020025701390257,20.0224852748927,20.024345600825825,20.02571172719428,20.026681113449335,20.027336739245772,20.027746501430098,20.02796488688799,20.02803521865477,20.027991809007812
0.0588,20.000000000003716,20.000036829629494,20.001047916240683,20.004119828078277,20.008385193439523,20.01272388502712,20.0165531965582,20.019692353698467,20.022154271737822,20.024024372334207,20.02540435551941,20.026389568556038,20.027061696803344,20.027487867153745,20.027722127069904,20.0278075659786,20.02777838899203
0.059039999999999995,20.00000000000298,20.00003397338934,20.00099737166104,20.003975549772402,20.00815466201103,20.012435964571758,20.01623494571479,20.01936324647901,20.021826837894828,20.023706114272407,20.025099442678076,20.026100054830984,20.02678833185484,20.0272306193432,20.027480514681137,20.027580864425726,20.027565758762186
0.05927999999999999,20.000000000002387,20.000031328449367,20.000949076541104,20.003835775840813,20.007929582539457,20.012153444473494,20.015921574673747,20.019038353099877,20.021502959560692,20.023390821250135,20.02479698866352,20.025812575628624,20.026516649783716,20.02697476454045,20.027240056857433,20.02735512136246,20.02735392568459
0.059519999999999997,20.00000000000191,20.000028880015822,20.00090294068176,20.003700387211804,20.007709854216724,20.01187625338762,20.01561303765858,20.018717646520738,20.021182622498014,20.02307848747024,20.024496993108983,20.02552713399391,20.026246655711393,20.02672030906737,20.027000760550386,20.027130344001296,20.027142896997095
0.059759999999999994,20.000000000001528,20.000026614264254,20.000858877003488,20.003569267156507,20.00749537724739,20.011604320136254,20.01530928865311,20.01840109930724,20.020865812045034,20.022769106735485,20.02419945529223,20.025243732665295,20.025978354499152,20.02646725902693,20.026762632528158,20.026906539401306,20.026932679809317
0.06,20.000000000001222,20.00002451828111,20.00081680146235,20.00344230127208,20.007286052864938,20.01133757373068,20.015010281420576,20.018088683645203,20.02055251312559,20.02246267245533,20.023904374140105,20.024962374077706,20.025711750750094,20.02621562030442,20.02652567937624,20.026683714468593,20.026723281102836
0.060239999999999995,20.000000000000973,20.00002258000842,20.000776632967092,20.00331937746378,20.007081783346955,20.011075943393053,20.014715969522417,20.01778037135471,20.020242710259037,20.022159177652753,20.023611748233105,20.024683060365607,20.025446848811118,20.025965398568733,20.026289907498224,20.02646187595673,20.026514707731412
0.06047999999999999,20.000000000000778,20.000020788191556,20.000738293297463,20.00320038592609,20.00688247202938,20.01081935857753,20.014426306336787,20.017476133904083,20.019936387570176,20.02185861497104,20.02332157580998,20.02440579336604,20.02518365277493,20.02571659927364,20.026055323116623,20.02624103046723,20.026306966421256
0.060719999999999996,20.000000000000618,20.000019132329786,20.00070170702372,20.003085219122873,20.0066880233197,20.010567748990766,20.01414124507676,20.017175942423695,20.0196335287991,20.021560976680643,20.023033854772375,20.024130574621747,20.024922166482103,20.02546922765912,20.02582193227368,20.02602118445005,20.026100063771274
0.06095999999999999,20.000000000000494,20.00001760262962,20.000666801427403,20.00297377176664,20.006498342709225,20.01032104461186,20.013860738808237,20.016879767719708,20.019334117311054,20.021266254685962,20.022748582689463,20.02385740538428,20.02466239352313,20.025223288752716,20.025589740832242,20.025802344204102,20.025894006253374
0.0612,20.00000000000039,20.000016189960714,20.000633506423426,20.00286594079697,20.006313336784345,20.010079175711653,20.013584740467554,20.016587580287663,20.019038136106204,20.020974440532218,20.022465756802642,20.02358628661718,20.02440433724055,20.024978787370916,20.02535875447663,20.02558451587779,20.025688800212762
0.061439999999999995,20.000000000000313,20.000014885814295,20.000601754483416,20.002761625358126,20.006132913236932,20.009842072871486,20.013313202878784,20.016299350325905,20.018745567829406,20.020685525412265,20.02218537403023,20.02331721899915,20.024148000731067,20.024735728120547,20.02512897871356,20.025367705469574,20.025484451868255
0.06167999999999999,20.00000000000025,20.000013682263916,20.000571480560446,20.00266072677594,20.005956980873755,20.009609667001335,20.013046078770728,20.016015047748933,20.018456394779903,20.02039950017342,20.02190743097217,20.02305020292727,20.02389338684773,20.024494115400223,20.02490041887304,20.025151918828563,20.025280967312646
0.061919999999999996,20.000000000000195,20.00001257192846,20.0005426220151,20.002563148533987,20.005785449625055,20.00938188935738,20.012783320793616,20.01573464220055,20.018170598920985,20.0201163553243,20.021631923914775,20.022785238520243,20.023640498202106,20.024253953401796,20.024673080109366,20.024937161655085,20.025078352513038
0.06215999999999999,20.000000000000156,20.000011547937284,20.000515118542932,20.0024687962491,20.005618230552223,20.009158671559,20.01252488153548,20.01545810306691,20.017888161889598,20.019836081041653,20.021358848835476,20.022522325621654,20.023389337166503,20.02401524611185,20.02444696740207,20.024723439501358,20.024876613311235
0.0624,20.000000000000124,20.000010603897397,20.000488912103272,20.002377577646275,20.005455235854622,20.008939945605178,20.01227071353822,20.0151853994894,20.01760906500588,20.019558667177154,20.021088201407586,20.02226146380326,20.02313990587622,20.0237779973132,20.02422208555692,20.024510757772077,20.024675755424134
0.06264,20.000000000000096,20.000009733862527,20.000463946849504,20.002289402533023,20.0052963788756,20.008725643890354,20.012020769313374,20.014916500377403,20.017333289282682,20.01928410326422,20.020819977005083,20.022002652368293,20.022892206231806,20.023542210586434,20.023998439206963,20.02429912172513,20.024475784444146
0.06287999999999999,20.000000000000078,20.000008932304045,20.000440169060703,20.00220418277318,20.005141574107643,20.008515699219696,20.011775001357545,20.014651374420865,20.017060815434984,20.01901237852481,20.020554170707385,20.0217458903548,20.02264623990135,20.023307889311475,20.02377603281354,20.024088536472238,20.024276705839597
0.06312,20.00000000000006,20.000008194083613,20.00041752707472,20.00212183226025,20.004990737196803,20.00831004482384,20.01153336216755,20.014389990102746,20.01679162388928,20.018743481876207,20.02029077730417,20.021491176538984,20.0224020083228,20.023075036669155,20.023554870667375,20.02387900697969,20.02407852495521
0.06336,20.000000000000046,20.00000751442745,20.00039597122269,20.0020422668903,20.004843784946292,20.00810861437304,20.011295804255244,20.01413231571131,20.016525694792893,20.018477401937773,20.02002979130016,20.021238509438582,20.022159512706306,20.02284365564282,20.02333495688965,20.02367053806904,20.023881247012547
0.06359999999999999,20.00000000000004,20.00000688890217,20.00037545376496,20.001965404534445,20.004700635319367,20.007911341990795,20.01106228016199,20.01387831935225,20.016263008023206,20.018214127037712,20.01977120691996,20.020987887316245,20.021918754036562,20.022613749019964,20.023116295433113,20.02346313441786,20.023684877110487
0.06384,20.00000000000003,20.00000631339211,20.00035592882847,20.00189116501099,20.00456120744146,20.007718162266944,20.010832742472896,20.01362796896066,20.01600354319686,20.017953645219784,20.01951501811285,20.020739308182943,20.0216797330752,20.02238531939387,20.022898890083205,20.023256800560493,20.023489420225726
0.06408,20.000000000000025,20.000005784077974,20.000337352345547,20.001819470057228,20.0044254216016,20.007529010270186,20.01060714383065,20.013381232312828,20.015747279678845,20.017695944250022,20.01926121855762,20.02049276980139,20.021442450363192,20.02215836916528,20.02268274445922,20.02305154088883,20.023294881213292
0.06431999999999999,20.000000000000018,20.000005297416887,20.00031968199413,20.00175024330096,20.004293199253173,20.007343821560127,20.010385436949115,20.01313807703791,20.01549419659154,20.01744101162342,20.019009801667412,20.020248269689468,20.021206906223252,20.02193290054409,20.022467862015453,20.022847359653102,20.023101264807075
0.06455999999999999,20.000000000000014,20.000004850123617,20.000302877139443,20.00168341023176,20.004164463013968,20.007162532198745,20.01016757462654,20.012898470629395,20.015244272823686,20.017188834570575,20.018760760594517,20.020005805123674,20.02097310076229,20.02170891555105,20.022254246042394,20.0226442609627,20.02290857562035
0.0648,20.00000000000001,20.000004439152992,20.000286898777016,20.001618898171994,20.004039136665604,20.006985078761378,20.009953509758535,20.01266238045642,20.01499748703924,20.016939400064345,20.018514088235214,20.019765373142587,20.02074103387386,20.021486416019492,20.02204189966794,20.02244224878699,20.02271681814636
0.06504,20.000000000000007,20.000004061683455,20.00027170947721,20.001556636247706,20.003917145152315,20.006811398347203,20.00974319535066,20.01242977377492,20.014753817686206,20.016692694826435,20.018269777234597,20.019526970550334,20.020510705240635,20.021265403597088,20.021830825858604,20.022241326956173,20.02252599675888
0.06527999999999999,20.000000000000007,20.000003715101613,20.00025727333107,20.001496555359296,20.00379841457913,20.006641428589187,20.009536584530746,20.012200617738614,20.014513243005354,20.016448705333975,20.018027819991385,20.019290593920072,20.020282114336887,20.021045879747607,20.021621027420775,20.022041499162135,20.02233611571279
0.06552,20.000000000000007,20.000003396987807,20.00024355589759,20.001438588152098,20.003682872209467,20.00647510766357,20.0093336305609,20.011974879409806,20.014275741038848,20.016207417826067,20.017788208662754,20.019056239597468,20.020055260431,20.02082784575269,20.021412507001944,20.021842768959335,20.02214717914471
0.06576,20.000000000000004,20.000003105102593,20.00023052415236,20.001382668986864,20.00357044646214,20.006312374298844,20.00913428684918,20.011752525770028,20.014041289638833,20.015968818310288,20.017550935169126,20.01882390370421,20.01983014258798,20.020611302713668,20.02120526709202,20.02164513976568,20.02195919107359
0.06599999999999999,20.000000000000004,20.0000028373741,20.00021814643757,20.001328733910174,20.003461066907835,20.006153167784255,20.008938506960977,20.011533523730503,20.013809866475874,20.015732892569176,20.017315991198988,20.018593582141495,20.019606759671998,20.020396251553347,20.020999310024596,20.021448614863477,20.02177215540135
0.06624,20.000000000000004,20.000002591886226,20.000206392413354,20.00127672062482,20.00335466426503,20.00599742797785,20.008746244630103,20.01131784014243,20.013581449047365,20.015499626166644,20.01708336821368,20.01836527059356,20.01938511034892,20.020182693017873,20.020794637978245,20.021253197400302,20.02158607591353
0.06648,20.000000000000004,20.00000236686757,20.000195233010484,20.001226568460158,20.00325117039543,20.005845095314015,20.00855745376953,20.011105441807118,20.013356014685822,20.01526900445441,20.01685305745217,20.01813896453118,20.01916519308887,20.01997062767855,20.02059125297788,20.021058890389988,20.021400956279948
0.06671999999999999,20.0,20.000002160681156,20.000184640384372,20.001178218342492,20.003150518298902,20.005696110810618,20.00837208848188,20.01089629548591,20.013133540567082,20.015041012578333,20.016625049935843,20.017914659215194,20.01894700616881,20.019760055933723,20.02038915689606,20.020865696713553,20.021216800055363
0.06695999999999999,20.0,20.00000197181476,20.000174587870365,20.0011316127655,20.003052642107903,20.00555041607564,20.00819010306956,20.010690367909962,20.01291400371843,20.014815635484737,20.016399336473256,20.01769234970003,20.018730547675084,20.019550978010628,20.020188351454355,20.020673619120178,20.02103361068018
0.0672,20.0,20.000001798871967,20.00016504994033,20.00108669576071,20.002957477081505,20.005407953313412,20.008011452044634,20.010487625789825,20.0126973810266,20.014592857926704,20.016175907664877,20.017472030837226,20.018515815506056,20.019343393967304,20.019988838224723,20.020482660228193,20.020851391481134
0.06744,20.0,20.00000164056375,20.00015600216049,20.00104341286804,20.002864959598934,20.00526866533039,20.007836090138383,20.010288035824857,20.01248364924574,20.014372664470276,20.015954753907824,20.017253697278953,20.01830280737467,20.019137303694475,20.019790618630875,20.020292822526066,20.020670145672007
0.06767999999999999,20.0,20.000001495700676,20.000147421150515,20.001001711106515,20.00277502715271,20.005132495540522,20.00766397231057,20.010091564712468,20.0122727850052,20.014155039500675,20.015735865400583,20.017037343481547,20.01809152081107,20.018932706917475,20.019593693949677,20.020104108373417,20.020489876354347
0.06792,20.0,20.000001363185625,20.00013928454383,20.000961538945027,20.00268761834139,20.00499938797019,20.0074950537584,20.009898179157172,20.012064764817307,20.013939967228424,20.01551923214771,20.016822963709043,20.01788195316521,20.01872960319816,20.019398065312558,20.01991652000205,20.020310586518217
0.06816,20.0,20.000001242006988,20.000131570949108,20.000922846273294,20.002602672861922,20.00486928726273,20.00732928992521,20.009707845879465,20.011859565084976,20.013727431695443,20.015304843964497,20.016610552036667,20.017674101609497,20.018527991936867,20.01920373370694,20.019730059516974,20.020132279042937
0.06839999999999999,20.0,20.00000113123236,20.000124259912962,20.000885584372966,20.002520131501615,20.004742138682577,20.007166636508853,20.009520531624524,20.01165716210926,20.013517416781106,20.015092690481655,20.016400102354392,20.01746796314138,20.018327872374332,20.01901069997766,20.019544728897465,20.019954956697838
0.06863999999999999,20.0,20.00000103000266,20.000117331883793,20.000849705888935,20.00243993612978,20.00461788811901,20.0070070494698,20.00933620317074,20.01145753209679,20.013309906208224,20.01488276114994,20.016191608370445,20.017263534586018,20.018129243593663,20.01881896482841,20.019360529998117,20.019778622143054
0.06888,20.0,20.000000937526657,20.000110768176757,20.000815164800795,20.00236202968903,20.00449648208949,20.006850485038953,20.009154827338065,20.011260651167124,20.013104883548994,20.014675045244786,20.01598506361481,20.017060812598903,20.01793210452231,20.01862852882321,20.01917746454992,20.01960327793028
0.06911999999999999,20.0,20.00000085307587,20.000104550939863,20.000781916394583,20.00228635618626,20.004377867742654,20.0066968997252,20.008976370996166,20.011066495359955,20.012902332230883,20.014469531870894,20.015780461442745,20.016859793668498,20.017736453934027,20.018439392387872,20.018995534161352,20.019428926503593
0.06935999999999999,20.0,20.000000775979867,20.000098663121147,20.000749917234707,20.002212860683322,20.00426199286091,20.00654625032265,20.00880080107243,20.010875040642276,20.012702235542484,20.01426620996681,20.015577795038286,20.016660474118908,20.017542290450866,20.018251555811467,20.018814740319453,20.019255570200233
0.0696,20.0,20.000000705621844,20.000093088436927,20.000719125136133,20.002141489287435,20.004148805862723,20.00639849391763,20.00862808455976,20.010686262915403,20.012504576639287,20.01406506830947,20.015377057417744,20.016462850112497,20.017349612545168,20.018065019247825,20.018635084390954,20.019083211251445
0.06984,20.0,20.000000641434553,20.00008781134108,20.00068949913683,20.0020721891413,20.004038255804467,20.006253587895394,20.008458188524237,20.01050013802189,20.012309338549404,20.01386609551875,20.015178241433187,20.016266917652562,20.017158418541552,20.017879782717035,20.01845656762339,20.018911851783283
0.07007999999999999,20.0,20.000000582896526,20.000082816995373,20.00066099947049,20.00200490841296,20.00393029238203,20.006111489946566,20.008291080112556,20.010316641752375,20.012116504179254,20.013669280061926,20.014981339775918,20.016072672585985,20.01696870661894,20.01769584610694,20.018279191146203,20.01874149381746
0.07032,20.0,20.000000529528528,20.000078091240756,20.00063358753953,20.001939596285467,20.00382486593201,20.00597215807331,20.00812672655932,20.01013574985228,20.011926056319176,20.013474610258175,20.014786344979957,20.015880110605877,20.016780474812556,20.017513209174663,20.01810295597192,20.018572139272187
0.07056,20.0,20.000000480890332,20.00007362056966,20.000607225888388,20.001876202946253,20.00372192743263,20.00583555059524,20.00796509519414,20.009957438028433,20.011737977648977,20.01328207428302,20.014593249425495,20.01568922725424,20.01659372101594,20.017331871548137,20.017927862997265,20.018403789963052
0.07079999999999999,20.0,20.000000436577675,20.00006939209921,20.000581878177123,20.001814679576352,20.003621428504303,20.005701626155084,20.00780615344858,20.009781681955573,20.011552250743446,20.01309166017272,20.014402045342337,20.015500017924616,20.016408442982996,20.017151832727635,20.017753913004334,20.01823644760385
0.07103999999999999,20.0,20.00000039621946,20.000065393545412,20.00055750915532,20.001754978339395,20.003523321409926,20.00557034372407,20.007649868862902,20.009608457282752,20.011368858077777,20.012903355828684,20.01421272481335,20.015312477864757,20.016224638329994,20.01697309208731,20.01758110666175,20.018070113807486
0.07128,20.0,20.000000359475155,20.000061613198213,20.000534084636364,20.001697052370417,20.00342755905483,20.005441662607073,20.007496209092665,20.009437739639623,20.011187782032966,20.012717149021807,20.01402527977789,20.01512660217925,20.016042304537617,20.016795648876734,20.01740944452586,20.01790479008685
0.07152,20.0,20.000000326032406,20.000058039897425,20.000511571471964,20.001640855764528,20.003334094986467,20.00531554244751,20.007345141915124,20.00926950464264,20.011009004901105,20.012533027396803,20.013839702035202,20.014942385832192,20.015861438953,20.016619502222486,20.017238927041873,20.017740477855707
0.07175999999999999,20.0,20.000000295604792,20.00005466300957,20.000489937527107,20.001586343565403,20.003242883393813,20.00519194323199,20.007196635235488,20.009103727901117,20.010832508890662,20.01235097847649,20.01365598324783,20.014759823649825,20.01568203879176,20.016444651129678,20.017069554545095,20.017577178429608
0.072,20.0,20.00000026792978,20.0000514724055,20.00046915165528,20.001533471753618,20.003153879106463,20.00507082529471,20.00705065709297,20.00894038502322,20.01065827613166,20.01217098966606,20.01347411494501,20.01457891032318,20.015504101140056,20.016271094483557,20.016901327262108,20.017414893026793
0.07224,20.0,20.00000024276682,20.000048458438837,20.00044918367411,20.001482197234896,20.003067037593507,20.004952149321642,20.00690717566671,20.008779451621816,20.010486288680813,20.01199304825729,20.013294088526017,20.01439964041072,20.015327622956626,20.016098831051046,20.016734245311973,20.017253622769108
0.07247999999999999,20.0,20.00000021989558,20.00004561192526,20.000430004341318,20.001432477828192,20.002982314962093,20.00483587635445,20.006766159281497,20.008620903320235,20.010316528526587,20.011817141432736,20.013115895263535,20.014222008340973,20.015152601074835,20.015927859482357,20.016568308707452,20.017093368682936
0.07271999999999999,20.0,20.000000199114325,20.00004292412248,20.00041158533104,20.00138427225371,20.00289966795579,20.004721967794193,20.006627576413322,20.008464715757924,20.01014897759421,20.0116432562699,20.012939526306997,20.01404600841517,20.014979032204717,20.015758178312563,20.016403517356224,20.01693413170012
0.07296,20.0,20.000000180238406,20.00004038671102,20.00039389921055,20.001337540120776,20.00281905395266,20.00461038540481,20.006491395694812,20.008310864595966,20.009983617750596,20.011471379745334,20.012764972685897,20.01387163480986,20.014806912935054,20.015589785963186,20.01623987106211,20.016775912658915
0.07319999999999999,20.0,20.000000163098896,20.000037991775702,20.000376919417317,20.001292241915696,20.00274043096312,20.004501091316367,20.006357585920433,20.008159325522538,20.009820430809235,20.01130149873874,20.012592225313092,20.01369888157953,20.014636239735395,20.0154226807438,20.016077369526307,20.016618712304933
0.07343999999999999,20.0,20.00000014754128,20.000035731787825,20.00036062023644,20.00124833898947,20.002663757627577,20.004394048028075,20.00622611605157,20.008010074258216,20.009659398534986,20.011133600037,20.012421274988103,20.013527742659228,20.014467008958132,20.01525686085362,20.015916012348633,20.016462531292092
0.07368,20.0,20.000000133424294,20.000033599588047,20.000344976778496,20.001205793545505,20.002588993213827,20.00428921841113,20.00609695522145,20.007863086561198,20.009500502648816,20.010967670338196,20.012252112400358,20.013358211867153,20.01429921684053,20.015092324383115,20.01575579902876,20.016307370183576
0.07392,20.0,20.000000120618836,20.000031588369914,20.000329964957732,20.001164568627225,20.00251609761425,20.004186565711297,20.005970072739874,20.007718338232415,20.00934372483249,20.010803696255586,20.012084728132457,20.013190282907267,20.01413285950681,20.014929069315617,20.015596728967473,20.01615322945281
0.07415999999999999,20.0,20.000000109006958,20.000029691664036,20.00031556147064,20.001124628105675,20.002445031342802,20.00408605355132,20.00584543809781,20.007575805120517,20.009189046733155,20.010641664321522,20.011919112663392,20.013023949371867,20.01396793297016,20.01476709352891,20.015438801467933,20.016000109484438
0.0744,20.0,20.000000098480935,20.000027903322884,20.000301743774948,20.00108593666709,20.002375755531798,20.00398764593309,20.005723020971832,20.007435463126797,20.009036449967898,20.010481560991355,20.01175525637175,20.012859204744185,20.01380443313482,20.014606394796875,20.01528201573691,20.01584801057528
0.07464,20.0,20.00000008894243,20.0000262175062,20.000288490068964,20.001048459800415,20.00230823192852,20.00389130723967,20.005602791228394,20.007297288209937,20.008885916128204,20.01032337264729,20.011593149538903,20.01269604240094,20.013642355798098,20.014446970791074,20.015126370886083,20.01569693293533
0.07487999999999999,20.0,20.000000080301685,20.000024628666957,20.000275779271306,20.001012163784843,20.002242422891623,20.003797002237068,20.00548471892795,20.007161256390727,20.008737426784364,20.010167085602177,20.011432782352177,20.01253445561492,20.013481696652434,20.014288819082378,20.01497186593328,20.015546876688767
0.07511999999999999,20.0,20.000000072476833,20.000023131537922,20.000263591001048,20.000977015677332,20.002178291387384,20.003704696075843,20.005368774328915,20.00702734375661,20.008590963489823,20.01001268610333,20.011274144907976,20.012374437557508,20.013322451287443,20.014131937142587,20.01481849980377,20.015397841874908
0.07536,20.0,20.000000065393206,20.00002172111875,20.00025190555821,20.000942983300117,20.002115800985763,20.003614354292523,20.005254927891496,20.006895526466163,20.008446507785422,20.009860160336213,20.011117227214918,20.01221598130125,20.013164615191933,20.013976322346053,20.014666271331524,20.01524982844924
0.07559999999999999,20.0,20.00000005898274,20.000020392663576,20.000240703904662,20.00091003522827,20.002054915856316,20.003525942810832,20.005143150281352,20.006765780753458,20.008304041203626,20.009709494428158,20.010962019196928,20.012059079822357,20.01300818375596,20.01382197197129,20.014515179260517,20.01510283628442
0.07583999999999999,20.0,20.000000053183406,20.00001914166918,20.000229967645407,20.000878140777232,20.00199560076396,20.00343942794274,20.005033412373113,20.006638082932316,20.008163545272627,20.009560674451997,20.010808510696297,20.011903726003258,20.012853152272854,20.013668883202598,20.01436522224599,20.01495686517128
0.07608,20.0,20.0000000479387,20.000017963863577,20.000219679010222,20.000847269990402,20.00193782106454,20.00335477638935,20.004925685253752,20.00651240940046,20.008025001520426,20.009413686429692,20.010656691476747,20.011749912635068,20.012699515941236,20.013517053131686,20.01421639885574,20.014811914819838
0.07632,20.0,20.00000004319716,20.000016855195117,20.000209820835728,20.000817393626765,20.001881542700353,20.003271955241576,20.00481994022583,20.006388736643572,20.00788839147882,20.00926851633587,20.010506551226452,20.011597632420102,20.01254726986705,20.01336647875929,20.014068707571436,20.014667984860324
0.07655999999999999,20.0,20.000000038911956,20.00001581182205,20.000200376547774,20.000788483148536,20.001826732195408,20.003190931980686,20.004716148810562,20.00626704123922,20.00775369668731,20.009125150101365,20.01035807956103,20.011446877974365,20.012396409065577,20.013217156996802,20.013922146789863,20.0145250748442
0.0768,20.0,20.00000003504046,20.000014830102508,20.00019133014427,20.000760510708876,20.00177335665068,20.003111674478685,20.004614282750776,20.00614729986072,20.007620898696988,20.008983573616693,20.01021126602652,20.01129764182999,20.012246928463448,20.01306908466788,20.01377671482426,20.014383184245183
0.07704,20.0,20.00000003154391,20.00001390658493,20.000182666178322,20.000733449139645,20.00172138373916,20.00303415099849,20.00451431401372,20.006029489280863,20.007489979074297,20.008843772735478,20.010066100102335,20.011149916437734,20.01209882290064,20.012922258510066,20.013632409905586,20.014242312460272
0.07727999999999999,20.0,20.000000028387035,20.000013037998897,20.00017436974181,20.00070727193924,20.00167078170082,20.002958330194023,20.004416214793732,20.00591358637556,20.007360919404746,20.008705733277846,20.009922571204182,20.011003694169375,20.011952087132485,20.012776675176415,20.013489230183833,20.014102458810793
0.07751999999999999,20.0,20.000000025537805,20.000012221246365,20.000166426449265,20.00068195326047,20.001621519337476,20.002884181110065,20.004319957514774,20.005799568127376,20.007233701296578,20.008569441033785,20.00978066868695,20.010858967320164,20.011806715831664,20.012632331237096,20.013347173729322,20.013963622543418
0.07776,20.0,20.000000022967086,20.000011453393263,20.000158822422165,20.000657467898527,20.00157356600752,20.002811673182038,20.004225514832846,20.005687411628973,20.00710830638434,20.008434881766426,20.009640381847596,20.010715728111236,20.011662703590186,20.012489223181024,20.01320623853399,20.013825802831207
0.078,20.0,20.00000002064844,20.000010731661483,20.00015154427356,20.000633791279014,20.00152689162059,20.002740776235594,20.004132859638244,20.00557709408644,20.006984716332383,20.00830204121531,20.00950169992797,20.010573968691997,20.011520044921358,20.012347347417453,20.013066422512715,20.01368899877466
0.07823999999999999,20.0,20.00000001855784,20.000010053421203,20.000144579093078,20.000610899446084,20.001481466632104,20.00267146048609,20.00404196505771,20.005468592822545,20.00686291283832,20.008170905099607,20.00936461211765,20.01043368114251,20.011378734261786,20.0122067002776,20.012927723504585,20.013553209402748
0.07848,20.0,20.000000016673493,20.00000941618357,20.00013791443227,20.00058876905064,20.001437262037765,20.002603696537903,20.003952804456457,20.00536188527986,20.006742877636384,20.008041459121277,20.009229107556703,20.01029485747585,20.011238765973307,20.01206727801623,20.012790139274227,20.013418433673955
0.07872,20.0,20.000000014975612,20.00000881759368,20.0001315382903,20.00056737733864,20.00139424936793,20.002537455383624,20.00386535144005,20.00525694902383,20.006624592500753,20.00791368896819,20.00909517533847,20.010157489640473,20.011100134344957,20.011929076813296,20.012653667513096,20.013284670477343
0.07895999999999999,20.0,20.00000001344626,20.000008255423918,20.000125439100017,20.0005467021395,20.001352400681924,20.002472708403136,20.003779579856186,20.005153761745692,20.006508039248768,20.00778758031722,20.008962804512286,20.010021569522532,20.010962833594917,20.011792092775504,20.01251830584077,20.013151918633586
0.07919999999999999,20.0,20.000000012069172,20.000007727567553,20.000119605714318,20.000526721854587,20.001311688562314,20.002409427362526,20.003695463796326,20.005052301265355,20.006393199744107,20.00766311883726,20.00883198408618,20.0098870889482,20.010826857872456,20.011656321937927,20.01238405180627,20.013020176896017
0.07944,20.0,20.000000010829595,20.000007232032655,20.000114027392883,20.000507415445842,20.001272086109065,20.002347584412927,20.003612977597243,20.00495254553414,20.006280055899893,20.007540290192214,20.008702703029552,20.009754039685966,20.010692201259843,20.01152176026559,20.01225090288933,20.01288944395169
0.07967999999999999,20.0,20.000000009714178,20.000006766936274,20.00010869378924,20.00048876242447,20.001233566933678,20.0022871520892,20.003532095842424,20.00485447263747,20.00616858968172,20.00741908004395,20.008574950275825,20.009622413448916,20.010558857774292,20.01138840365507,20.012118856501736,20.012759718422423
0.07991999999999999,20.0,20.000000008710813,20.000006330498906,20.00010359493815,20.00047074283979,20.001196105153262,20.002228103308518,20.003452793363376,20.00475806079741,20.006058783110625,20.007299474055174,20.008448714725052,20.009492201897,20.010426821369848,20.011256247936057,20.01198790998858,20.01263099886587
0.08016,20.0,20.00000000780855,20.000005921039186,20.000098721243305,20.000453337268166,20.001159675384546,20.00217041136884,20.003375045240805,20.004663288375184,20.00595061826598,20.007181457892305,20.008323985246502,20.00936339663928,20.01029608593929,20.01112528887296,20.01185806062959,20.012503283776553
0.0804,20.0,20.000000006997467,20.000005536968867,20.000094063465387,20.000436526802062,20.00112425273786,20.00211404994728,20.003298826805693,20.00457013387354,20.005844077288344,20.007065017228264,20.008200750681226,20.00923598923615,20.010166645316048,20.01099552216647,20.011729305640408,20.01237657158692
0.08063999999999999,20.0,20.000000006268596,20.00000517678799,20.00008961271038,20.00042029303924,20.00108981281107,20.002058993098355,20.00322411364027,20.00447857593906,20.005739142382204,20.00695013774524,20.008078999844567,20.00910997120155,20.010038493276035,20.010866943455117,20.011601642173893,20.012250860668413
0.08088,20.0,20.000000005613824,20.000004839080333,20.000085360418247,20.00040461807205,20.00105633168348,20.002005215252154,20.00315088157888,20.00438859336439,20.005635795818698,20.006836805137397,20.007958721528688,20.008985334005164,20.009911623539555,20.010739548316856,20.011475067321403,20.012126149332516
0.08112,20.0,20.00000000502581,20.000004522509016,20.000081298351873,20.000389484476873,20.001023785909698,20.001952691212395,20.00307910670871,20.00430016509034,20.005534019938235,20.006725005113555,20.007839904505,20.00886206907458,20.009786029773142,20.0106133322706,20.011349578114086,20.012002435831807
0.08135999999999999,20.0,20.000000004497927,20.000004225812376,20.00007741858633,20.000374875303677,20.00099215251349,20.001901396154405,20.003008765370488,20.004213270207934,20.00543379715308,20.0066147233998,20.00772253752663,20.00874016779746,20.009661705591416,20.0104882907778,20.011225171524178,20.011879718361012
0.08159999999999999,20.0,20.000000004024184,20.000003947799996,20.000073713498413,20.000360774065705,20.000961408981578,20.00185130562299,20.002939834159,20.004127887960376,20.00533510994985,20.006505945742056,20.007606609330807,20.008619621523643,20.00953864455891,20.010364419243967,20.011101844466264,20.01175799505807
0.08184,20.0,20.000000003599165,20.000003687348954,20.000070175756495,20.000347164729313,20.00093153325747,20.001802395530223,20.00287228992357,20.0040439977449,20.005237940891956,20.006398657908637,20.00749210864125,20.0085004215673,20.009416840191882,20.010241713020218,20.010979593798584,20.01163726400517
0.08207999999999999,20.0,20.00000000321799,20.000003443400228,20.000066798310627,20.000334031703908,20.00090250373523,20.001754642153173,20.00280610976841,20.003961579114577,20.005142272621992,20.006292845692712,20.00737902417051,20.008382559209,20.00929628596016,20.01012016740482,20.01085841632429,20.01151752322982
0.08231999999999999,20.0,20.000000002876252,20.000003214955296,20.000063574382956,20.000321359832057,20.000874299253255,20.001708022131517,20.002741271052898,20.003880611779998,20.005048087864036,20.006188494914763,20.00726734462228,20.00826602569779,20.00917697528891,20.0099997776447,20.010738308792735,20.01139877070589
0.08256,20.0,20.00000000256997,20.0000030010729,20.000060497458374,20.000309134379727,20.000846899088053,20.001662512465103,20.002677751391744,20.00380107561092,20.004955369425907,20.00608559142496,20.00715705869369,20.008150812253255,20.00905890156043,20.009880538936976,20.010619267900733,20.011281004354654
0.0828,20.0,20.000000002295558,20.00000280086597,20.000057561275472,20.00029734102663,20.00082028294801,20.001618090511418,20.00261552865508,20.003722950637794,20.004864100201356,20.005984121105527,20.007048155077527,20.008036910067556,20.008942058115924,20.009762446430454,20.010501290293835,20.01116422204586
0.08303999999999999,20.0,20.000000002049777,20.000002613498687,20.000054759817733,20.000285965856754,20.000794430967147,20.00157473398301,20.00255458096847,20.003646217053234,20.00477426317219,20.00588406987304,20.00694062246451,20.00792431030743,20.00882643825728,20.009645495227154,20.010384372567586,20.01104842159877
0.08327999999999999,20.0,20.000000001829722,20.000002438183706,20.000052087304983,20.000274995349006,20.0007693236989,20.001532420944827,20.002494886712807,20.003570855213418,20.00468584141035,20.005785423680692,20.006834449545423,20.007813004116194,20.008712035248788,20.009529680383785,20.01026851126879,20.010933600783186
0.08352,20.0,20.000000001632756,20.000002274179526,20.000049538185106,20.000264416368005,20.000744942109904,20.00149112981149,20.002436424524152,20.003496845639372,20.0045988180799,20.005688168520503,20.006729625013318,20.007702982615722,20.008598842318897,20.009414996913243,20.010153702896755,20.01081975732053
0.08375999999999999,20.0,20.000000001456524,20.000002120787958,20.000047107125987,20.000254216155017,20.000721267573756,20.001450839344518,20.00237917329349,20.00342416901824,20.004513176438973,20.00559229042549,20.006626137565625,20.007594236908382,20.008486852661935,20.009301439786093,20.01003994390456,20.010706888884847
0.08399999999999999,20.0,20.00000000129889,20.00000197735178,20.000044789007713,20.000244382319032,20.000698281864846,20.001411528649463,20.002323112166398,20.003352806204415,20.004428899841677,20.0054977754718,20.00652397590624,20.00748675807898,20.008376059439808,20.009189003932043,20.00992723070028,20.01059499310388
0.08424,20.0,20.00000000115794,20.000001843252438,20.000042578914993,20.00023490282798,20.000675967152155,20.001373177173047,20.002268220542625,20.003282738220648,20.0043459717399,20.005404609780786,20.006423128747606,20.007380537196664,20.008266455783694,20.009077684241397,20.00981555964825,20.010484067560082
0.08448,20.0,20.00000000103195,20.00000171790793,20.00004047212982,20.000225766000096,20.00065430599309,20.001335764700187,20.002214478075633,20.003213946259066,20.004264375685093,20.005312779521052,20.006323584812744,20.007275565316814,20.008158034795745,20.008967475566518,20.009704927070274,20.01037410979166
0.08471999999999999,20.0,20.000000000919368,20.00000160077077,20.000038464124362,20.000216960495433,20.000633281327367,20.00129927135101,20.002161864672022,20.0031464116821,20.004184095329954,20.005222270910444,20.006225332837246,20.007171833482914,20.00805078955072,20.00885837272328,20.009595329246885,20.010265117293613
0.08496,20.0,20.000000000818805,20.00000149132603,20.000036550554043,20.000208475307492,20.000612876470857,20.001263677577793,20.002110360490917,20.003080116023387,20.00410511443012,20.00513307021799,20.006128361571264,20.00706933272838,20.00794471309766,20.008750370492493,20.009486762418547,20.01015708751875
0.0852,20.0,20.000000000729003,20.000001389089565,20.000034727250885,20.00020029975504,20.000593075109514,20.00122896416189,20.002059945943277,20.00301504098857,20.004027416845734,20.00504516376584,20.006032659781432,20.006968054078417,20.007839798461532,20.008643463621336,20.00937922278689,20.01005001787872
0.08543999999999999,20.0,20.00000000064884,20.00000129360622,20.00003299021701,20.000192423474022,20.000573861293326,20.00119511221058,20.00201060169111,20.00295116845603,20.00395098654299,20.004958537931085,20.00593821625279,20.006867988551782,20.007736038644826,20.008537646824784,20.009272706515915,20.009943905745036
0.08567999999999999,20.0,20.000000000577305,20.000001204448242,20.0000313356184,20.00018483640966,20.00055521943025,20.00116210315392,20.001962308646682,20.002888480477587,20.003875807595623,20.004873179147623,20.00584501979066,20.0067691271626,20.007633426629187,20.008432914787,20.009167209733207,20.009838748450097
0.08592,20.0,20.00000000051349,20.000001121213685,20.000029759778794,20.000177528808653,20.000537134280258,20.00112991874151,20.00191504797159,20.00282695927909,20.00380186418634,20.004789073907915,20.005753059222485,20.006671460922096,20.007531955377004,20.008329262162754,20.00906272853113,20.009734543288204
0.08615999999999999,20.0,20.00000000045658,20.000001043524954,20.000028259173845,20.00017049121156,20.000519590949345,20.001098541039276,20.00186880107584,20.002766587260982,20.003729140608186,20.00470620876473,20.00566232339965,20.006574980840355,20.00743161783298,20.0082266835788,20.008959258968037,20.009631287516562
0.08639999999999999,20.0,20.000000000405844,20.00000097102742,20.000026830425412,20.000163714445286,20.000502574883626,20.001067952426187,20.001823549616812,20.002707346998783,20.003657621265877,20.004624570332833,20.005572801199282,20.006479677928017,20.007332406925716,20.008125173635264,20.00885679706945,20.009528978356297
0.08664,20.0,20.000000000360632,20.000000903388074,20.000025470296073,20.000157189615738,20.000486071863435,20.001038135590957,20.00177927549822,20.002649221243505,20.00358729067706,20.004544145290648,20.00548448152598,20.00638554319799,20.007234315569235,20.008024726907003,20.008755338829243,20.00942761299346
0.08688,20.0,20.00000000032035,20.0000008402943,20.000024175683794,20.000150908100608,20.00047006799751,20.00100907352871,20.00173596086895,20.002592192922048,20.003518133473538,20.00446492038187,20.005397353313548,20.006292567667106,20.00713733666453,20.00792533794498,20.008654880210823,20.00932718858003
0.08711999999999999,20.0,20.000000000284476,20.000000781452695,20.00002294361679,20.000144861542292,20.00045454971719,20.00098074953764,20.001693588121917,20.002536245137478,20.003450134402428,20.00438688241704,20.005311405526708,20.00620074235778,20.007041463101096,20.007827001277597,20.008555417148294,20.009227702234906
0.08736,20.0,20.000000000252538,20.000000726587928,20.000021771248562,20.00013904184095,20.00043950377065,20.000953147215622,20.001652139892823,20.002481361169295,20.003383278327284,20.00431001827506,20.00522662716273,20.00611005829963,20.0069466877584,20.00772971141205,20.008456945547632,20.009129151044892
0.0876,20.0,20.000000000224112,20.000000675441708,20.000020655853064,20.00013344114771,20.000424917217213,20.00092625045683,20.00161159905887,20.00242752447363,20.00331755022916,20.004234314904707,20.005143007253093,20.006020506531087,20.006853003507402,20.007633462835653,20.00835946128782,20.0090315320657
0.08783999999999999,20.0,20.00000000019882,20.00000062777177,20.00001959482008,20.000128051858006,20.000410777421692,20.000900043448315,20.001571948737435,20.002374718683377,20.00325293520762,20.004159759326075,20.00506053486507,20.005932078100983,20.006760403212006,20.007538250017134,20.008262960222027,20.008934842322923
0.08807999999999999,20.0,20.00000000017633,20.00000058335094,20.000018585650732,20.000122866605036,20.00039707204879,20.00087451066659,20.001533172284702,20.00232292760829,20.003189418481714,20.00408633863198,20.004979199103307,20.0058447640701,20.006668879730526,20.007444067407985,20.008167438178717,20.008839078813008
0.08832,20.0,20.000000000156327,20.000000541966244,20.00001762595313,20.000117878253374,20.00038378905754,20.00084963687418,20.001495253294234,20.002272135235007,20.00312698539089,20.00401403998934,20.004898989111368,20.00575855551273,20.006578425917123,20.00735090944371,20.008072890962804,20.008744238504246
0.08855999999999999,20.0,20.000000000138552,20.000000503418057,20.000016713438203,20.000113079892703,20.00037091669581,20.000825407116167,20.001458175595513,20.002222325727043,20.003065621395862,20.003942850640513,20.004819894073233,20.00567344351816,20.006489034623236,20.007258770545146,20.007979314356774,20.00865031833772
0.08879999999999999,20.0,20.000000000122757,20.000000467519314,20.00001584591565,20.000108464831683,20.00035844349486,20.000801806716737,20.001421923252433,20.002173483424723,20.00300531207946,20.003872757904592,20.0047419032148,20.005589419192198,20.006400698698982,20.00716764511972,20.0078867041218,20.008557315228277
0.08904,20.0,20.000000000108727,20.00000043409476,20.000015021290046,20.000104026591956,20.00034635826395,20.0007788212757,20.001386480561766,20.00212559284507,20.002946043147375,20.00380374917865,20.004665005805332,20.005506473658635,20.006313410994558,20.00707752756271,20.00779505599885,20.008465226065486
0.08928,20.0,20.000000000096268,20.00000040298023,20.000014237557064,20.00009975890226,20.000334650084994,20.000756436665014,20.00135183205156,20.00207863868162,20.002887800428923,20.003735811938977,20.004589191158868,20.00542459806069,20.006227164361608,20.006988412258508,20.007704365709813,20.008374047714593
0.08951999999999999,20.0,20.000000000085212,20.000000374022015,20.000013492799848,20.000095655692682,20.000323308307305,20.000734639025325,20.001317962479543,20.002032605804256,20.00283056987772,20.00366893374225,20.004514448635632,20.00534378356244,20.00614195165459,20.006900293581843,20.007614628958553,20.008283777017457
0.08975999999999999,20.0,20.0000000000754,20.000000347076178,20.000012785185525,20.000091711089063,20.000312322542364,20.00071341476245,20.00128485683145,20.001987479258915,20.002774337572333,20.003603102226688,20.0044407676434,20.005264021350246,20.006057765732134,20.006813165899022,20.00752584143203,20.008194410793504
0.09,20.0,20.000000000066695,20.000000322008002,20.00001211296181,20.000087919407463,20.000301682658655,20.000692750543934,20.001252500319342,20.001943244267306,20.002719089716887,20.00353830511316,20.00436813763882,20.00518530263411,20.005974599458334,20.006727023569137,20.00743799880137,20.008105945840644
0.09023999999999999,20.0,20.00000000005898,20.000000298691422,20.000011474453743,20.00008427514882,20.000291378776584,20.00067263329552,20.0012208783799,20.001899886226568,20.002664812641626,20.00347453020626,20.004296548128735,20.00510761864906,20.005892445704106,20.00664186094528,20.007351096722928,20.008018378936217
0.09047999999999999,20.0,20.000000000052136,20.00000027700847,20.000010868060574,20.000080772993677,20.000281401263422,20.00065305019772,20.001189976672652,20.00185739070889,20.002611492803435,20.003411765395334,20.004225988671465,20.00503096065648,20.00581129734845,20.006557672375717,20.007265130839354,20.007931706837915
0.09072,20.0,20.00000000004607,20.00000025684882,20.000010292252714,20.000077407797065,20.000271740728326,20.000633988682306,20.00115978107822,20.001815743461076,20.00255911678632,20.003349998655505,20.004156448878035,20.004955319945438,20.005731147279747,20.00647445220509,20.00718009678064,20.00784592628469
0.09095999999999999,20.0,20.0000000000407,20.00000023810928,20.000009745568835,20.00007417458348,20.000262388017443,20.00061543642885,20.001130277696493,20.001774930404103,20.002507671301846,20.003289218048614,20.004087918413433,20.00488068783397,20.005651988397013,20.006392194775575,20.00709599016518,20.007761033997664
0.09119999999999999,20.0,20.000000000035943,20.000000220693373,20.000009226613056,20.00007106854199,20.000253334209038,20.00059738136126,20.001101452844818,20.0017349376326,20.002457143189545,20.003229411724185,20.004020386997773,20.004807055670383,20.005573813611157,20.00631089442803,20.007012806600784,20.007677026681044
0.09144,20.0,20.000000000031733,20.00000020451091,20.00000873405223,20.000068085021436,20.00024457060871,20.000579811644336,20.001073293056127,20.001695751414317,20.00240751941728,20.003170567920304,20.003953844407484,20.004734414834473,20.005496615846205,20.006230545503154,20.00693054168573,20.007593901023014
0.09168,20.0,20.000000000028006,20.00000018947761,20.000008266613357,20.000065219525794,20.000236088744668,20.000562715680307,20.00104578507707,20.001657358189558,20.002358787081562,20.003112674964484,20.003888280476442,20.004662756738796,20.005420388040516,20.006151142342617,20.006849191009746,20.00751165369662
0.09191999999999999,20.0,20.00000000002471,20.000000175514717,20.00000782308107,20.00006246770959,20.000227880363052,20.000546082105412,20.001018915866116,20.001619744570554,20.002310933407852,20.003055721274524,20.003823685097085,20.004592072829855,20.00534512314798,20.00607267929017,20.00676875015506,20.007430281360673
0.09215999999999999,20.0,20.000000000021792,20.000000162548663,20.000007402295214,20.00005982537345,20.000219937423356,20.000529899786482,20.00099267259163,20.001582897340835,20.002263945750805,20.002999695359282,20.003760048221494,20.0045223545893,20.005270814139198,20.00599515069276,20.006689214697367,20.007349780660608
0.0924,20.0,20.000000000019213,20.000000150510736,20.00000700314854,20.000057288459793,20.000212252093874,20.000514157817523,20.000967042629927,20.001546803454552,20.00221781159449,20.00294458581946,20.003697359862468,20.0044535935351,20.005197454002655,20.005918550901615,20.006610580206836,20.007270148229356
0.09263999999999999,20.0,20.000000000016936,20.000000139336784,20.000006624584458,20.00005485304855,20.000204816747242,20.000498845516322,20.00094201356335,20.001511450035764,20.00217251855258,20.002890381348344,20.003635610094534,20.004385781222684,20.005125035745863,20.005842874273355,20.006532842249076,20.007191380688234
0.09287999999999999,20.0,20.00000000001492,20.000000128966917,20.00000626559489,20.000052515353072,20.00019762395602,20.000483952421092,20.00091757317825,20.001476824377697,20.002128054368495,20.002837070732504,20.003574789054976,20.004318909246074,20.00505355239649,20.005768115171023,20.006455996386126,20.007113474647767
0.09312,20.0,20.000000000013145,20.00000011934523,20.000005925218222,20.00005027171608,20.000190666488358,20.00046946828709,20.00089370946304,20.00144291394199,20.002084406915518,20.002784642852475,20.00351488694481,20.00425296923899,20.00498299700349,20.00569426796517,20.006380038177404,20.007036426708563
0.09336,20.0,20.000000000011575,20.000000110419567,20.000005602537296,20.000048118605754,20.00018393730372,20.00045538308329,20.000870410606176,20.001409706357876,20.00204156419689,20.0027330866834,20.003455894029724,20.00418795287594,20.00491336263819,20.005621327034884,20.006304963180668,20.006960233462145
0.09359999999999999,20.0,20.00000000001019,20.000000102141264,20.000005296677514,20.000046052611903,20.00017742954867,20.000441686989056,20.000847664994158,20.001377189421383,20.001999514345847,20.002682391295654,20.003397800641036,20.004123851873285,20.004844642395383,20.00554928676884,20.006230766952942,20.006884891491794
0.09383999999999999,20.0,20.000000000008963,20.000000094464937,20.000005006804994,20.000044070442236,20.000171136552723,20.000428370390846,20.000825461209487,20.00134535109446,20.00195824562566,20.002632545855423,20.003340597176567,20.00406065799027,20.004776829394388,20.005478141566304,20.006157445051464,20.006810397373364
0.09408,20.0,20.000000000007887,20.000000087348266,20.000004732124815,20.000042168918718,20.000165051824265,20.000415423878934,20.00080378802865,20.00131417950412,20.001917746429612,20.00258353962527,20.003284274101556,20.00399836303006,20.004709916780104,20.005407885838146,20.006084993034616,20.006736747676126
0.09431999999999999,20.0,20.000000000006935,20.000000080751786,20.00000447187933,20.000040344974053,20.000159169046537,20.000402838244142,20.00078263442008,20.00128366294152,20.00187800528097,20.00253536196466,20.003228821949488,20.00393695884075,20.004643897724055,20.005338514007832,20.00601340646281,20.006663938963555
0.09455999999999999,20.0,20.000000000006096,20.000000074638724,20.000004225346522,20.000038595648224,20.000153482073685,20.000390604474617,20.00076198954208,20.00125378986106,20.001839010832917,20.002488002330473,20.003174231322927,20.00387643731634,20.004578765425386,20.005270020512413,20.00594268089942,20.006591967794158
0.0948,20.0,20.000000000005357,20.00000006897481,20.00000399183846,20.000036918085137,20.000147984926862,20.00037871375262,20.000741842740805,20.001224548879406,20.001800751868455,20.002441450277463,20.003120492894347,20.003816790397693,20.004514513111896,20.00520239980348,20.005872811911654,20.00652083072226
0.09503999999999999,20.0,20.000000000004707,20.000000063728105,20.000003770699788,20.000035309529366,20.00014267179042,20.00036715745133,20.00072218354817,20.001195928774553,20.001763217300294,20.00239569545872,20.003067597406886,20.003758010073497,20.004451134041002,20.005135646348137,20.00580379507146,20.0064505242988
0.09527999999999999,20.0,20.000000000004135,20.000000058868878,20.00000356130629,20.000033767322957,20.000137537008136,20.000355927131693,20.000703001679792,20.001167918484814,20.001726396170685,20.00235072762609,20.00301553567512,20.003700088381162,20.00438862150071,20.00506975462993,20.005735625956373,20.006381045072107
0.09552,20.0,20.00000000000363,20.00000005436942,20.000003363063513,20.00003228890235,20.000132575079526,20.00034501453929,20.000684287032932,20.001140507107817,20.00169027765127,20.002306536630574,20.00296429858581,20.00364301740776,20.00432696881058,20.00500471914978,20.0056683001504,20.006312389588686
0.09576,20.0,20.000000000003187,20.000000050203944,20.000003175405443,20.000030871795357,20.000127780656197,20.000334411601212,20.000666029684407,20.00111368389948,20.001654851042876,20.00226311242269,20.002913877098585,20.00358678929087,20.00426616932267,20.004940534426915,20.005601813244862,20.006244554393973
0.09599999999999999,20.0,20.000000000002796,20.00000004634845,20.000002997793224,20.00002951361824,20.000123148538307,20.000324110423,20.000648219888525,20.001087438272968,20.00162010577528,20.002220445052828,20.00286426224666,20.003531396219476,20.004206216422435,20.004877194999754,20.00553616083924,20.006177536033107
0.09623999999999999,20.0,20.00000000000245,20.00000004278059,20.000002829713953,20.00002821207287,20.000118673671025,20.00031410328559,20.000630848075005,20.00106175979762,20.001586031406983,20.002178524671564,20.002815445137504,20.0034768304348,20.004147103529657,20.004814695426806,20.005471338542016,20.00611133105166
0.09648,20.0,20.00000000000215,20.000000039479588,20.000002670679503,20.000026964943938,20.00011435114112,20.00030438264227,20.00061390484691,20.001036638197874,20.001552617624924,20.00213734152997,20.002767416953464,20.00342308423112,20.004088824099323,20.004753030287553,20.005407341971466,20.00604593599641
0.09671999999999999,20.0,20.000000000001883,20.000000036426094,20.000002520225408,20.00002577009629,20.000110176173553,20.000294941115712,20.000597380978576,20.00101206335219,20.001519854244197,20.002096885979878,20.002720168952415,20.003370149956602,20.0040313716225,20.004692194183324,20.005344166756515,20.00598134741605
0.09695999999999999,20.0,20.000000000001652,20.00000003360213,20.000002377909787,20.000024625472285,20.000106144128164,20.000285771494987,20.000581267413526,20.000988025291914,20.001487731207746,20.002057148474137,20.002673692468345,20.003318020014063,20.003974739627203,20.00463218173812,20.005281808537507,20.00591756186192
0.0972,20.0,20.000000000001446,20.000000030990975,20.000002243312313,20.000023529089273,20.00010225049643,20.000276866732644,20.000565555262423,20.000964514200177,20.001456238586012,20.002018119566834,20.00262797891195,20.003266686861767,20.003918921679233,20.00457298759949,20.00522026296701,20.005854575888733
0.09743999999999998,20.0,20.00000000000127,20.00000002857708,20.00000211603323,20.00002247903711,20.000098490898242,20.0002682199418,20.00055023580099,20.000941520410755,20.00142536657659,20.00197978991351,20.00258301977118,20.003216143014154,20.003863911383004,20.00451460643933,20.005159525710592,20.005792386055283
0.09767999999999999,20.0,20.00000000000111,20.000000026346,20.000001995692415,20.000021473475776,20.000094861078786,20.00025982439326,20.00053530046797,20.000919034406913,20.00139510550387,20.001942150271343,20.002538806611806,20.00316638104259,20.003809702382355,20.004457032954708,20.00509959244759,20.005730988925137
0.09792,20.0,20.00000000000097,20.000000024284308,20.000001881928462,20.000020510633018,20.00009135690546,20.000251673512697,20.000520740863045,20.00089704682027,20.00136544581861,20.001905191499308,20.002495331077906,20.00311739357608,20.003756288361355,20.00440026186867,20.005040458871875,20.005670381067336
0.09816,20.0,20.00000000000085,20.000000022379528,20.00000177439783,20.000019588802115,20.000087974364853,20.00024376087782,20.00050654874482,20.00087554842961,20.001336378097562,20.00186890455832,20.002452584892392,20.003069173301963,20.003703663045073,20.00434428793103,20.004982120692596,20.00561055905708
0.09839999999999999,20.0,20.000000000000743,20.00000002062008,20.000001672774,20.000018706339656,20.00008470955978,20.000236080215604,20.00049271602876,20.000854530159724,20.001307893043016,20.001833280511374,20.002410559857474,20.003021712966593,20.003651820200357,20.00428910591913,20.00492457363493,20.00555151947639
0.09863999999999999,20.0,20.00000000000065,20.000000018995205,20.000001576746694,20.000017861663434,20.0000815587064,20.00022862539956,20.000479234785175,20.0008339830802,20.001279981482373,20.001798310523615,20.002369247855132,20.002975005376012,20.003600753636565,20.004234710638624,20.004867813440793,20.0054932589148
0.09888,20.0,20.00000000000057,20.000000017494912,20.00000148602111,20.000017053250346,20.000078518131343,20.000221390447006,20.000466097237172,20.000813898404253,20.001252634367678,20.001763985862453,20.002328640847555,20.00292904339657,20.00355045720633,20.004181096924206,20.004811835869567,20.005435773969996
0.09911999999999999,20.0,20.000000000000497,20.000000016109936,20.000001400317196,20.00001627963441,20.00007558426896,20.00021436951638,20.00045329575868,20.000794267487525,20.001225842775135,20.001730297897616,20.002288730877556,20.002883819955585,20.003500924806257,20.004128259640378,20.004756636698815,20.005379061248465
0.09935999999999999,20.0,20.000000000000433,20.00000001483167,20.000001319368966,20.0000155394048,20.000072753658554,20.00020755690463,20.000440822872392,20.000775081826855,20.001199597904634,20.0016972381012,20.00224951006899,20.002839328041933,20.003452150377633,20.004076193682145,20.00470221172496,20.005323117366153
0.0996,20.0,20.000000000000377,20.00000001365213,20.000001242923812,20.000014831203966,20.000070022941728,20.00020094704456,20.00042867124783,20.00075633305909,20.001173891079215,20.001664798047692,20.002210970627132,20.002795560706645,20.00340412790713,20.004024893975743,20.00464855676399,20.005267938949075
0.09983999999999998,20.0,20.00000000000033,20.000000012563913,20.000001170741903,20.000014153725797,20.00006738885976,20.00019453450229,20.000416833699305,20.00073801295986,20.001148713744588,20.00163296941399,20.002173104839045,20.00275251106349,20.003356851427473,20.00397435547933,20.004595667652104,20.005213522633955
0.10007999999999999,20.0,20.000000000000288,20.000000011560157,20.00000110259554,20.000013505713838,20.00006484825105,20.00018831397468,20.000405303183996,20.000720113442352,20.00112405746855,20.001601743979393,20.002135905073935,20.002710172289536,20.003310315018087,20.00392457318368,20.004543540246416,20.005159865068837
0.10031999999999999,20.0,20.000000000000252,20.00000001063449,20.00000103826861,20.00001288595958,20.00006239804858,20.000182280286843,20.000394072799946,20.00070262655609,20.001099913940497,20.001571113625573,20.002099363783483,20.00266853762569,20.003264512805778,20.00387554211286,20.00449217042557,20.005106962913686
0.10056,20.0,20.00000000000022,20.00000000978101,20.00000097755601,20.000012293300788,20.000060035277478,20.000176428389658,20.00038313578415,20.0006855444857,20.001076274970803,20.00154107033656,20.002063473502155,20.002627600377227,20.00321943896533,20.003827257324875,20.00444155409042,20.00505481284099
0.10079999999999999,20.0,20.000000000000192,20.000000008994252,20.00000092026312,20.000011726619856,20.000057757052613,20.000170753357335,20.000372485510603,20.000668859549695,20.001053132490302,20.001511606198658,20.002028226847518,20.0025873539143,20.003175087720145,20.003779713912337,20.00439168716462,20.00500341153634
0.10103999999999999,20.0,20.000000000000167,20.000000008269144,20.000000866205312,20.00001118484229,20.000055560576232,20.000165250385002,20.000362115488386,20.000652564199225,20.001030478549676,20.001482713400396,20.001993616520508,20.00254779167245,20.00313145334284,20.00373290700308,20.004342565595284,20.004952755699016
0.10128,20.0,20.000000000000146,20.00000000760099,20.000000815207446,20.000010666935136,20.00005344313567,20.000159914786334,20.000352019359763,20.000636651016848,20.001008305318887,20.001454384232435,20.001959635305695,20.002508907153057,20.003088530155825,20.00368683176081,20.004294185353576,20.00490284204256
0.10151999999999999,20.0,20.000000000000128,20.00000000698544,20.000000767103423,20.00001017190554,20.00005140210108,20.000154741991224,20.000342190898287,20.000621112715308,20.000986605086553,20.001426611087485,20.00192627607156,20.00247069392385,20.003046312531897,20.003641483385685,20.00424654243531,20.00485366729533
0.10175999999999999,20.0,20.00000000000011,20.000000006418475,20.000000721735738,20.000009698799325,20.00004943492325,20.000149727543466,20.000332624006926,20.000605942136286,20.000965370259355,20.001399386460168,20.001893531770694,20.00243314561931,20.003004794894785,20.003596857114935,20.004199632861553,20.004805228201043
0.102,20.0,20.000000000000096,20.00000000589636,20.000000678955065,20.00000924669959,20.00004753913144,20.000144867098502,20.00032331271621,20.000591132249177,20.000944593361407,20.001372702946913,20.001861395440045,20.002396255941136,20.002963971719712,20.00355294822345,20.004153452679187,20.004757521519345
0.10224,20.0,20.00000000000008,20.000000005415647,20.000000638619845,20.000008814725394,20.000045712331286,20.000140156421168,20.000314251182377,20.00057667614986,20.000924267033643,20.001346553245813,20.00182986020112,20.002360018658653,20.002923837533906,20.003509752024335,20.004107997961487,20.004710544026313
0.10247999999999999,20.0,20.00000000000007,20.00000000497314,20.000000600595918,20.000008402030456,20.000043952202734,20.000135591383522,20.000305433685565,20.000562567059458,20.00090438403317,20.001320930156467,20.00179891926016,20.002324427609217,20.002884386917138,20.00346726386949,20.004063264808668,20.004664292515
0.10271999999999999,20.0,20.000000000000064,20.000000004565887,20.000000564756146,20.0000080078019,20.000042256498034,20.000131167962653,20.000296854627983,20.00054879832312,20.00088493723263,20.001295826579824,20.00176856590834,20.002289476698614,20.00284561450222,20.00342547915014,20.00401924934845,20.004618763795943
0.10296,20.0,20.000000000000053,20.000000004191158,20.000000530980074,20.000007631259056,20.000040623039794,20.000126882238572,20.00028850853213,20.000535363408797,20.00086591961956,20.001271235517997,20.00173879352191,20.00225515990142,20.002807514975494,20.0033843932974,20.003975947736567,20.00457395469767
0.10319999999999999,20.0,20.000000000000046,20.000000003846424,20.000000499153586,20.000007271652283,20.000039049719028,20.000122730392103,20.000280390039027,20.00052225590602,20.000847324295716,20.001247150074096,20.00170959556236,20.002221471261375,20.002770083077312,20.003344001782764,20.00393335615732,20.00452986206719
0.10343999999999999,20.0,20.000000000000043,20.000000003529344,20.000000469168597,20.00000692826184,20.00003753449333,20.000118708702825,20.00027249390645,20.000509469524676,20.000829144476445,20.001223563452008,20.001680965576544,20.002188404891733,20.0027333136025,20.00330430011865,20.003891470824065,20.004486482770506
0.10368,20.0,20.000000000000036,20.000000003237766,20.000000440922758,20.00000660039678,20.000036075385,20.000114813547057,20.000264815007196,20.000496998093812,20.00081137348999,20.0012004689562,20.00165289719681,20.002155954975585,20.00269720140082,20.00326528385888,20.003850287979738,20.004443813693054
0.10391999999999998,20.0,20.000000000000032,20.000000002969685,20.000000414319143,20.000006287393916,20.000034670479298,20.000111041395844,20.000257348327377,20.000484835560417,20.000794004776843,20.001177859991493,20.001625384141096,20.002124115766186,20.002661741377384,20.00322694859917,20.003809803897326,20.0044018517402
0.10415999999999999,20.0,20.00000000000003,20.000000002723265,20.00000038926601,20.00000598861677,20.00003331792269,20.000107388813024,20.000250088964698,20.000472975988217,20.00077703188905,20.00115573006284,20.001598420213043,20.00209288158726,20.002626928493104,20.003189289977612,20.003770014880377,20.004360593837703
0.10439999999999999,20.0,20.000000000000025,20.0000000024968,20.00000036567651,20.0000057034546,20.000032015921132,20.000103852453286,20.000243032126807,20.000461413556494,20.000760448489554,20.00113407277509,20.00157199930206,20.002062246833294,20.002592757765083,20.003152303675133,20.00373091726344,20.004320036932135
0.10464,20.0,20.00000000000002,20.000000002288715,20.000000343468454,20.000005431321455,20.000030762738454,20.000100429060286,20.00023617312961,20.000450142558883,20.000744248351506,20.001112881832732,20.001546115383423,20.002032205969815,20.002559224267028,20.003115985415956,20.00369250741254,20.00428017799136
0.10487999999999999,20.0,20.000000000000018,20.000000002097558,20.00000032256407,20.000005171655218,20.0000295566947,20.000097115464794,20.000229507395645,20.000439157402198,20.000728425357572,20.00109215103963,20.0015207625183,20.002002753533667,20.002526323129633,20.00308033096802,20.003654781725647,20.004241014004947
0.10511999999999999,20.0,20.000000000000014,20.000000001921983,20.000000302889784,20.000004923916755,20.000028396164584,20.000093908582866,20.000223030452457,20.000428452605256,20.00071297349926,20.00107187429878,20.001495934853818,20.00197388413325,20.00249404954095,20.003045336143437,20.003617736633068,20.004202541984586
0.10536,20.0,20.000000000000014,20.00000000176076,20.000000284376,20.000004687589023,20.00002727957594,20.00009080541406,20.000216737931,20.000418022797707,20.000697886876235,20.001052045612028,20.001471626623108,20.00194559244877,20.002462398746747,20.003010996798878,20.00358136859792,20.004164758964514
0.10559999999999999,20.0,20.00000000000001,20.00000000161274,20.000000266956892,20.00000446217626,20.000026205408233,20.00008780303968,20.00021062556407,20.00040786271888,20.00068315969561,20.001032659079776,20.0014478321453,20.001917873232475,20.002431366050867,20.002977308835995,20.003545674116538,20.00412766200192
0.10583999999999999,20.0,20.00000000000001,20.000000001476874,20.00000025057022,20.000004247203172,20.00002517219109,20.000084898621047,20.000204689184727,20.00039796721662,20.000668786271273,20.001013708900715,20.00142454582558,20.00189072130885,20.002400946815545,20.00294426820181,20.003510649718855,20.004091248177332
0.10608,20.0,20.000000000000007,20.000000001352188,20.000000235157138,20.000004042214158,20.00002417850289,20.00008208939782,20.00019892472478,20.000388331246167,20.00065476102319,20.000995189371515,20.001401762155147,20.001864131574855,20.00237113646175,20.002911870889104,20.003476291968834,20.004055514595006
0.10631999999999998,20.0,20.000000000000007,20.00000000123778,20.000000220662017,20.000003846772568,20.00002322296937,20.000079372686333,20.000193328213253,20.000378949869006,20.000641078476708,20.00097709488652,20.00137947571125,20.00183809900008,20.00234193046949,20.00288011293677,20.003442597464844,20.004020458383305
0.10655999999999999,20.0,20.000000000000007,20.000000001132832,20.000000207032286,20.000003660459974,20.000022304262295,20.00007674587797,20.00018789577491,20.000369818251748,20.000627733261876,20.000959419937455,20.00135768115714,20.00181261862695,20.002313324378107,20.002848990430177,20.003409562840012,20.00398607669506
0.10679999999999999,20.0,20.000000000000007,20.000000001036575,20.00000019421826,20.00000348287549,20.000021421098115,20.000074206437574,20.000182623628774,20.00036093166503,20.000614720112747,20.0009421591131,20.00133637324205,20.0017876855709,20.00228531378657,20.002818499501533,20.003377184762623,20.003952366707935
0.10704,20.0,20.000000000000004,20.00000000094831,20.000000182173004,20.000003313635084,20.00002057223672,20.0000717519019,20.000177508086676,20.000352285482386,20.000602033866677,20.00092530709897,20.00131554680118,20.001763295020506,20.00225789435374,20.00278863633019,20.003345459936458,20.003919325624768
0.10727999999999999,20.0,20.000000000000004,20.000000000867395,20.000000170852175,20.00000315237094,20.000019756480185,20.000069379878067,20.000172545551834,20.00034387517918,20.000589669463658,20.00090885867699,20.00129519675562,20.001739442237657,20.00223106179865,20.00275939714299,20.003314385101135,20.00388695067392
0.10751999999999999,20.0,20.000000000000004,20.000000000793225,20.000000160213894,20.00000299873084,20.000018972671544,20.000067088042073,20.000167732517443,20.00033569633152,20.000577621945602,20.00089280872517,20.001275318112313,20.001716122557674,20.002204811900747,20.002730778214577,20.00328395703244,20.00385523910959
0.10776,20.0,20.000000000000004,20.000000000725255,20.000000150218618,20.00000285237755,20.00001821969365,20.000064874137337,20.00016306556529,20.00032774461517,20.000565886455682,20.000877152217253,20.001255905963987,20.00169333138944,20.00217914050012,20.002702775867682,20.003254172542672,20.003824188212157
0.10799999999999998,20.0,20.000000000000004,20.000000000662975,20.000000140829005,20.00000271298825,20.000017496467997,20.000062735973255,20.000158541364403,20.000320015804522,20.000554458237637,20.000861884222395,20.001236955489087,20.001671064215518,20.00215404349776,20.002675386473424,20.00322502848093,20.003793795288463
0.10823999999999999,20.0,20.000000000000004,20.00000000060593,20.000000132009816,20.000002580253977,20.00001680195363,20.000060671423803,20.000154156669698,20.000312505771518,20.000543332635086,20.000846999904812,20.001218461951687,20.00164931659225,20.00212951685575,20.00264860645159,20.00319652173343,20.003764057672143
0.10848,20.0,20.000000000000004,20.000000000553683,20.000000123727784,20.000002453879087,20.000016135146062,20.00005867842617,20.000149908320676,20.000305210484644,20.00053250509085,20.000832494523426,20.00120042070141,20.001628084149843,20.002105556597467,20.0026224322709,20.003168649223788,20.0037349727239
0.10872,20.0,20.0,20.000000000505842,20.000000115951515,20.000002333580735,20.000015495076212,20.000056754979408,20.000145793240126,20.00029812600788,20.000521971146284,20.000818363431506,20.00118282717331,20.001607362592463,20.00208215880781,20.002596860449255,20.003141407913315,20.003706537831796
0.10895999999999999,20.0,20.0,20.000000000462045,20.0000001086514,20.00000221908838,20.000014880809402,20.000054899143134,20.000141808432854,20.00029124849972,20.000511726440603,20.00080460207634,20.001165676887798,20.00158714769829,20.00205931963335,20.002571887554005,20.003114794801277,20.003678750411527
0.10919999999999999,20.0,20.0,20.00000000042196,20.000000101799504,20.0000021101433,20.00001429144436,20.00005310903624,20.00013795098443,20.00028457421215,20.00050176671021,20.000791205998844,20.0011489654505,20.001567435319604,20.00203703528252,20.00254751020215,20.003088806925163,20.00365160790668
0.10944,20.0,20.0,20.000000000385278,20.000000095369483,20.000002006498146,20.000013726112257,20.000051382835654,20.000134218059976,20.000278099489677,20.000492087788036,20.000778170833225,20.00113268855216,20.001548221382816,20.002015302025764,20.002523725060595,20.00306344136093,20.00362510778899
0.10967999999999999,20.0,20.0,20.000000000351715,20.000000089336496,20.000001907916488,20.00001318397579,20.000049718775102,20.000130606902953,20.00027182076836,20.000482685602872,20.000765492306602,20.001116841968496,20.00152950188851,20.001994116195707,20.002500528846344,20.003038695223246,20.003599247558608
0.10991999999999999,20.0,20.0,20.000000000321016,20.000000083677133,20.000001814172382,20.000012664228247,20.000048115143944,20.000127114833987,20.000265734574846,20.00047355617872,20.00075316623863,20.001101421560065,20.001511272911486,20.00197347418728,20.00247791832671,20.00301456566573,20.003574024744303
0.11016,20.0,20.0,20.000000000292943,20.00000007836932,20.000001725049977,20.00001216609267,20.00004657028598,20.000123739249712,20.00025983752543,20.000464695634143,20.000741188541166,20.00108642327214,20.00149353060079,20.00195337245785,20.00245589031951,20.002991049881153,20.003549436903718
0.11039999999999998,20.0,20.0,20.000000000267274,20.00000007339227,20.000001640343104,20.000011688820976,20.000045082598355,20.00012047762164,20.00025412632513,20.000456100181616,20.00072955521786,20.001071843134547,20.001476271179694,20.001933807527344,20.002434441693225,20.002968145101672,20.003525481623573
0.11063999999999999,20.0,20.0,20.00000000024381,20.000000068726383,20.00000155985492,20.00001123169315,20.000043650530408,20.000117327495047,20.000248597766774,20.00044776612689,20.000718262363794,20.001057677261503,20.001459490945738,20.001914775978356,20.0024135693672,20.002945848599012,20.00350215651989
0.11087999999999999,20.0,20.0,20.000000000222364,20.00000006435322,20.000001483397515,20.000010794016436,20.000042272582647,20.00011428648789,20.000243248730083,20.000439689868347,20.00070730616512,20.001043921851473,20.001443186270702,20.00189627445625,20.002393270311774,20.00292415768466,20.00347945923818
0.11112,20.0,20.0,20.00000000020277,20.000000060255402,20.000001410791594,20.00001037512457,20.00004094730566,20.00011135228974,20.0002380761808,20.00043186789639,20.000696682898667,20.001030573187,20.0014273536006,20.001878299669233,20.002373541548458,20.002903069710058,20.003457387453633
0.11135999999999999,20.0,20.0,20.000000000184873,20.00000005641658,20.000001341866117,20.000009974377047,20.000039673299117,20.000108522660746,20.000233077169817,20.00042429679279,20.000686388931584,20.001017627634514,20.001411989455658,20.001860848388453,20.00235438015005,20.00288258206676,20.003435938871323
0.11159999999999999,20.0,20.0,20.000000000168527,20.00000005282137,20.000001276457997,20.000009591158367,20.00003844921077,20.000105795430617,20.000228248832315,20.000416973230102,20.000676420720936,20.00100508164418,20.001397090430277,20.00184391744805,20.002335783240774,20.00286269218659,20.00341511122635
0.11184,20.0,20.0,20.000000000153598,20.000000049455288,20.00000121441178,20.000009224877374,20.000037273735494,20.00010316849762,20.000223588386916,20.00040989397104,20.000666774813347,20.000992931749693,20.001382653192994,20.00182750374522,20.002317747996393,20.00284339754181,20.003394902284025
0.11207999999999999,20.0,20.0,20.000000000139973,20.000000046304724,20.000001155579348,20.000008874966547,20.000036145614338,20.000100639827618,20.000219093134877,20.000403055867856,20.000657447844617,20.000981174568096,20.00136867448645,20.001811604240263,20.002300271644327,20.00282469564524,20.003375309840024
0.11231999999999999,20.0,20.0,20.00000000012754,20.000000043356874,20.000001099819656,20.000008540881375,20.000035063633632,20.000098207453124,20.00021476045925,20.00039645586177,20.000648436539333,20.000969806799592,20.001355151127296,20.001796215956624,20.002283351463735,20.002806584050408,20.00335633172053
0.11256,20.0,20.0,20.000000000116195,20.000000040599712,20.000001046998435,20.000008222099712,20.000034026624085,20.000095869472364,20.00021058782411,20.00039009098238,20.0006397377105,20.000958825227325,20.001342080006175,20.00178133598092,20.00226698478562,20.002789060351656,20.003337965782364
0.11279999999999998,20.0,20.0,20.00000000010585,20.000000038021934,20.000000996987954,20.000007918121177,20.000033033459935,20.000093624048386,20.000206572773756,20.000383958347033,20.000631348259166,20.000948226717195,20.001329458087604,20.001766961462945,20.002251168992885,20.00277212218426,20.003320209913127
0.11303999999999999,20.0,20.0,20.000000000096414,20.000000035612935,20.000000949666756,20.000007628466566,20.000032083058116,20.000091469408165,20.000202712931962,20.000378055160322,20.000623265174024,20.000938008217634,20.001317282409925,20.001753089615704,20.002235901520425,20.00275576722453,20.00330306203131
0.11327999999999999,20.0,20.0,20.000000000087812,20.00000003336275,20.000000904919432,20.000007352677294,20.000031174377455,20.000089403841777,20.000199006001207,20.000372378713454,20.000615485531053,20.0009281667594,20.001305550085203,20.001739717715388,20.002221179855162,20.002739993189902,20.003286520086405
0.11352,20.0,20.0,20.00000000007998,20.00000003126204,20.000000862636398,20.00000709031484,20.000030306417884,20.000087425701526,20.000195449761968,20.00036692638372,20.00060800649313,20.00091869945535,20.001294258299126,20.001726843101377,20.002207001536107,20.002724797839015,20.003270582059017
0.11375999999999999,20.0,20.0,20.00000000007284,20.000000029302047,20.000000822713666,20.00000684096024,20.00002947821969,20.00008553340117,20.000192042071976,20.000361695633938,20.00060082530966,20.000909603500226,20.001283404310907,20.00171446317622,20.002193364154387,20.002710178971792,20.00325524596093
0.11399999999999999,20.0,20.0,20.000000000066343,20.00000002747456,20.00000078505264,20.000006604213574,20.0000286888628,20.00008372541511,20.000188780865525,20.000356684011898,20.00059393931619,20.000900876170416,20.00127298545317,20.00170257540561,20.00218026535328,20.002696134429506,20.00324050983523
0.11424,20.0,20.0,20.000000000060428,20.000000025771904,20.00000074955994,20.0000063796935,20.000027937466033,20.000082000277626,20.000185664152788,20.000351889149844,20.000587345934033,20.00089251482372,20.001262999131825,20.001691177318325,20.002167702828245,20.002682662094816,20.00322637175634
0.11447999999999998,20.0,20.0,20.00000000005505,20.000000024186885,20.000000716147184,20.000006167036766,20.000027223186475,20.000080356582156,20.00018269001914,20.00034730876392,20.000581042669914,20.000884516899145,20.001253442825952,20.001680266506213,20.00215567432689,20.00266975989183,20.003212829830122
0.11471999999999999,20.0,20.0,20.00000000005016,20.000000022712786,20.000000684730832,20.000005965897792,20.000026545218784,20.000078792980542,20.000179856624516,20.000342940653667,20.000575027115566,20.000876879916607,20.001244314087657,20.001669840624107,20.00214417764902,20.00265742578613,20.0031998821939
0.11495999999999999,20.0,20.0,20.00000000004572,20.000000021343332,20.00000065523201,20.000005775948235,20.00002590279457,20.000077308182362,20.00017716220275,20.0003387827015,20.000569296947386,20.000869601476744,20.00123561054193,20.001659897389782,20.002133210646583,20.002645657784804,20.003187527016536
0.1152,20.0,20.0,20.000000000041688,20.000000020072676,20.000000627576355,20.000005596876584,20.00002529518179,20.00007590095424,20.000174605060973,20.000334832872216,20.000563849926042,20.00086267926063,20.0012273298865,20.001650434583865,20.002122771223693,20.002634453936448,20.003175762498458
0.11543999999999999,20.0,20.0,20.000000000038035,20.000000018895363,20.00000060169385,20.000005428387777,20.000024721684166,20.000074570119196,20.000172183579,20.000331089212473,20.000558683896124,20.00085611102955,20.00121946989168,20.00164145004976,20.002112857336552,20.002623812331198,20.00316458687169
0.11567999999999999,20.0,20.0,20.000000000034724,20.000000017806325,20.000000577518694,20.00000527020282,20.000024181640615,20.00007331455602,20.000169896208742,20.000327549850336,20.00055379678576,20.00084989462471,20.001212028400207,20.00163294169356,20.002103466993454,20.0026137311007,20.003153998399878
0.11592,20.0,20.0,20.00000000003173,20.000000016800847,20.000000554989157,20.000005122058464,20.00002367442473,20.000072133198657,20.000167741473625,20.000324212994776,20.00054918660626,20.00084402796702,20.001205003327062,20.001624907483933,20.002094598254704,20.00260420841811,20.003143995378302
0.11615999999999999,20.0,20.0,20.000000000029026,20.000000015874573,20.00000053404746,20.00000498370683,20.000023199444243,20.00007102503562,20.00016571796805,20.0003210769352,20.000544851451757,20.0008385090568,20.0011983926593,20.001617345452033,20.002086249232587,20.00259524249808,20.003134576133885
0.11639999999999999,20.0,20.0,20.00000000002659,20.000000015023456,20.00000051463965,20.00000485491513,20.000022756140556,20.00006998910944,20.00016382435682,20.000318140041003,20.000540789498828,20.000833335973525,20.00119219445587,20.001610253691357,20.00207841809127,20.00258683159672,20.003125739025183
0.11664,20.0,20.0,20.000000000024393,20.000000014243778,20.000000496715476,20.000004735465343,20.00002234398826,20.000069024516108,20.000162059374656,20.0003154007611,20.00053699900615,20.00082850687557,20.00118640684742,20.001603630357646,20.002071103046752,20.002578974011552,20.003117482442377
0.11687999999999998,20.0,20.0,20.00000000002243,20.00000001353211,20.000000480228305,20.00000462515394,20.000021962494692,20.000068130404554,20.000160421825658,20.000312857623495,20.00053347831414,20.000824019999907,20.0011810280361,20.001597473668735,20.002064302366776,20.002571668081476,20.003109804807256
0.11711999999999999,20.0,20.0,20.00000000002067,20.000000012885312,20.00000046513501,20.00000452379163,20.00002161119952,20.000067305976167,20.00015891058282,20.000310509234836,20.000530225844585,20.000819873661865,20.00117605629536,20.00159178190441,20.002058014370707,20.002564912186706,20.003102704573188
0.11735999999999999,20.0,20.0,20.000000000019106,20.000000012300514,20.000000451395866,20.000004431203084,20.000021289674336,20.00006655048429,20.000157524587554,20.00030835428,20.00052724010032,20.00081606625482,20.00117148996975,20.00158655340626,20.002052237429467,20.0025587047487,20.003096180225064
0.1176,20.0,20.0,20.00000000001772,20.000000011775114,20.000000438974496,20.000004347226714,20.000020997522274,20.0000658632338,20.000156262849234,20.000306391521665,20.000524519664832,20.00081259624994,20.00116732747469,20.001581786577518,20.00204696996539,20.00255304423009,20.00309023027929
0.11783999999999999,20.0,20.0,20.000000000016502,20.000000011306756,20.000000427837755,20.000004271714456,20.000020734377653,20.000065243580636,20.000155124444756,20.00030461979991,20.00052206320196,20.000809462195885,20.001163567296253,20.001577479882897,20.002042210452124,20.002547929134597,20.0030848532837
0.11807999999999999,20.0,20.0,20.00000000001544,20.000000010893334,20.00000041795568,20.000004204531567,20.00002049990566,20.000064690931413,20.000154108518085,20.000303038031813,20.000519869455506,20.000806662718524,20.00116020799094,20.001573631848405,20.002037957414476,20.002543358006932,20.003080047817498
0.11832,20.0,20.0,20.000000000014523,20.000000010532975,20.000000409301425,20.000004145556428,20.00002029380201,20.00006420474302,20.00015321427988,20.00030164521106,20.00051793724892,20.000804196520654,20.00115724818544,20.001570241061167,20.00203420942829,20.0025393294327,20.003075812491208
0.11855999999999998,20.0,20.0,20.000000000013745,20.00000001022403,20.000000401851185,20.00000409468038,20.00002011579267,20.000063784522244,20.00015244100706,20.000300440407567,20.000516265484944,20.000802062381695,20.001154686576395,20.001567306169225,20.00203096512031,20.002535842038295,20.003072145946575
0.11879999999999999,20.0,20.0,20.000000000013102,20.000000009965074,20.000000395584152,20.00000405180757,20.000019965633587,20.00006342982544,20.000151788042455,20.000299422767103,20.00051485314527,20.0008002591574,20.001152521930152,20.00156482588136,20.002028223167976,20.002532894490763,20.003069046856485
0.11903999999999999,20.0,20.0,20.00000000001258,20.0000000097549,20.00000039048247,20.00000401685479,20.00001984311043,20.000063140258177,20.000151254794428,20.000298591510937,20.00051369929022,20.000798785779562,20.001150753082502,20.00156279896685,20.002025982299315,20.002530485497694,20.003066513924868
0.11927999999999998,20.0,20.0,20.000000000012182,20.0000000095925,20.00000038653118,20.000003989751363,20.00001974803837,20.000062915474956,20.00015084073652,20.000297945935472,20.00051280305839,20.0007976412557,20.001149378938436,20.00156122425529,20.00202424129273,20.002528613807065,20.003064545886602
0.11951999999999999,20.0,20.0,20.000000000011898,20.00000000947709,20.000000383718195,20.00000397043904,20.000019680261858,20.000062755178902,20.00015054540713,20.000297485411902,20.000512163666325,20.000796824668782,20.00114839847186,20.001560100636336,20.00202299897683,20.00252727820712,20.003063141507397
0.11975999999999999,20.0,20.0,20.000000000011728,20.00000000940808,20.00000038203427,20.000003958871872,20.000019639654457,20.0000626591215,20.000150368409198,20.00029720938589,20.00051178040821,20.000796335176886,20.001147810725346,20.001559427059494,20.00202225423023,20.002526477526185,20.003062299583668
0.12,20.0,20.0,20.000000000011674,20.000000009385076,20.00000038147296,20.00000395501615,20.000019626118657,20.00006262710237,20.000150309409886,20.000297117377222,20.000511652655504,20.000796172012922,20.00114761480984,20.001559202533883,20.002022005981363,20.002526210632542,20.003062018942426
