Position_m,Temperature_t=0.00000000s,Temperature_t=0.83333333s,Temperature_t=1.66666667s,Temperature_t=2.50000000s,Temperature_t=3.33333333s,Temperature_t=4.16666667s,Temperature_t=5.00000000s,Temperature_t=5.83333333s,Temperature_t=6.66666667s,Temperature_t=7.50000000s,Temperature_t=8.33333333s,Temperature_t=9.16666667s,Temperature_t=10.00000000s,Temperature_t=10.83333333s,Temperature_t=11.66666667s,Temperature_t=12.50000000s,Temperature_t=13.33333333s,Temperature_t=14.16666667s,Temperature_t=15.00000000s,Temperature_t=15.83333333s,Temperature_t=16.66666667s,Temperature_t=17.50000000s,Temperature_t=18.33333333s,Temperature_t=19.16666667s
-0.12,40.0,40.0,40.0,40.0,40.0000000000003,40.00000000002679,40.00000000068965,40.00000000800679,40.00000005424638,40.00000025110774,40.00000087933519,40.00000249497376,40.00000601742909,40.00001276905318,40.000024453760574,40.00004308091993,40.0000708525901,40.00011003559895,40.00016283729956,40.000231298262484,40.00031720916365,40.00042205410386,40.00054697905357,40.00069278201811
-0.11975999999999999,40.0,40.0,40.0,40.0,40.0000000000003,40.00000000002693,40.00000000069232,40.0000000080306,40.000000054373956,40.000000251585966,40.00000088071725,40.00000249826137,40.00000602416551,40.000012781336096,40.0000244741716,40.00004311238951,40.00007089822681,40.000110098512046,40.000162920437184,40.0002314042795,40.000317340325395,40.00042221222602,40.00054716547466,40.000692997598975
-0.11951999999999999,40.0,40.0,40.0,40.0,40.000000000000306,40.00000000002735,40.000000000700325,40.000000008102006,40.00000005475669,40.00000025302063,40.00000088486344,40.00000250812421,40.00000604437477,40.00001281818484,40.000024535404684,40.00004320679825,40.00007103513693,40.00011028725134,40.000163169850055,40.000231722330554,40.00031773381064,40.00042268659251,40.00054772473793,40.00069364434156
-0.11927999999999998,40.0,40.0,40.0,40.0,40.00000000000032,40.00000000002806,40.00000000071373,40.00000000822147,40.00000005539655,40.00000025541789,40.00000089178898,40.000002524593896,40.00000607811434,40.00001287969369,40.00002463760248,40.00004336434856,40.000071263593085,40.000110602168654,40.00016358597651,40.00023225294593,40.00031839024519,40.00042347792646,40.000548657664055,40.000694723162894
-0.11903999999999999,40.0,40.0,40.0,40.0,40.000000000000334,40.000000000029054,40.00000000073265,40.00000000838969,40.00000005629653,40.00000025878702,40.00000090151642,40.00000254771639,40.00000612546622,40.00001296599461,40.00002478096089,40.00004358531317,40.00007158395585,40.00011104372106,40.00016416937618,40.00023299679138,40.000319310402205,40.000424587107716,40.000549965237134,40.00069623514756
-0.11879999999999999,40.0,40.0,40.0,40.0,40.000000000000355,40.000000000030354,40.0000000007572,40.00000000860762,40.0000000574607,40.00000026314047,40.00000091407574,40.00000257755215,40.00000618653709,40.000013077257435,40.00002496572932,40.00004387003548,40.000071996674166,40.000111612471265,40.00016492073038,40.000233954668566,40.00032049520263,40.000426015173225,40.000551648605104,40.00069818154811
-0.11855999999999998,40.0,40.0,40.0,40.0,40.000000000000384,40.00000000003197,40.00000000078757,40.00000000887648,40.00000005889424,40.00000026849389,40.000000929504345,40.00000261417618,40.000006261458495,40.00001321369014,40.00002519221093,40.000044218929844,40.00007250228565,40.00011230908798,40.000165840842534,40.000235127515445,40.00032194571564,40.00042776331754,40.00055370908018,40.00070056378554
-0.11832,40.0,40.0,40.0,40.0,40.00000000000041,40.000000000033914,40.00000000082398,40.000000009197755,40.00000006060336,40.00000027486617,40.00000094784723,40.00000265767824,40.000006350387004,40.000013375539055,40.00002546076299,40.00004463248193,40.00007310141705,40.00011313434641,40.00016693063868,40.0002365164068,40.00032366315913,40.00042983289325,40.00055614813935,40.00070338344968
-0.11807999999999999,40.0,40.0,40.0,40.0,40.000000000000455,40.0000000000362,40.00000000086669,40.00000000957319,40.00000006259545,40.00000028227947,40.000000969157,40.00000270816292,40.00000645350448,40.00001356308918,40.00002577179724,40.00004511124923,40.00007379478472,40.00011408912873,40.00016819116791,40.00023812255476,40.00032564890022,40.00043222541153,40.00055896742484,40.00070664229971
-0.11783999999999999,40.0,40.0,40.0,40.0,40.0000000000005,40.00000000003887,40.000000000916,40.00000001000484,40.000000064878996,40.00000029075936,40.00000099349407,40.000002765749926,40.00000657101835,40.00001377666459,40.00002612578032,40.00004565586144,40.00007458319513,40.000115174424664,40.00016962360305,40.00023994730934,40.00032790445583,40.00043494254262,40.00056216874461,40.00071034226458
-0.1176,40.0,40.0,40.0,40.0,40.00000000000055,40.00000000004193,40.00000000097227,40.000000010495015,40.00000006746371,40.00000030033479,40.000001020926746,40.00000283057424,40.000006703161894,40.00001401662873,40.00002652323424,40.000046267021105,40.00007546754545,40.00011639133207,40.00017122924117,40.000241992159054,40.00033043149324,40.00043798611642,40.00056575407289,40.000714485443545
-0.11735999999999999,40.0,40.0,40.0,40.0,40.000000000000604,40.00000000004542,40.00000000103588,40.000000011046346,40.000000070360464,40.00000031103824,40.00000105153137,40.00000290278634,40.00000685019457,40.00001428338495,40.000026964736875,40.00004694550411,40.00007644882419,40.00011774105761,40.000173009504294,40.0002442587316,40.000333231830716,40.00044135812305,40.000569725550704,40.00071907410661
-0.11711999999999999,40.0,40.0,40.0,40.0,40.000000000000675,40.00000000004937,40.00000000110728,40.00000001166178,40.000000073581404,40.0000003229058,40.00000108539252,40.000002982552516,40.00000701240242,40.0000145773769,40.00002745092257,40.000047692160344,40.00007752811186,40.00011922491742,40.0001749659401,40.000246748794446,40.000336307438175,40.00044506071349,40.00057408548645,40.00072411069508
-0.11687999999999998,40.0,40.0,40.0,40.0,40.00000000000075,40.00000000005381,40.00000000118697,40.000000012344586,40.00000007713996,40.00000033597721,40.000001122603166,40.00000307005512,40.000007190098444,40.000014899089095,40.00002798248272,40.00004850791442,40.000078706581725,40.00012084433789,40.00017710022263,40.00024946425567,40.00033966043783,40.000449096200164,40.00057883635646,40.00072959782204
-0.11664,40.0,40.0,40.0,40.0,40.00000000000084,40.00000000005879,40.000000001275495,40.000000013098365,40.00000008105089,40.00000035029606,40.00000116326488,40.000003165492906,40.00000738362306,40.00001524904746,40.000028560166456,40.00004939376636,40.00007998550056,40.00012260085647,40.00017941415311,40.00025240716461,40.000343293104955,40.000453467057625,40.000583980805594,40.000735538272906
-0.11639999999999999,40.0,40.0,40.0,40.0,40.00000000000094,40.00000000006436,40.00000000137347,40.000000013927085,40.000000085330356,40.00000036590984,40.00000120748806,40.00000326908133,40.00000759334455,40.000015627819906,40.000029184781326,40.00005035079242,40.000081366229516,40.00012449612247,40.00018190966078,40.00025557971275,40.000347207868565,40.00045817592324,40.000589521647875,40.000741935005976
-0.11615999999999999,40.0,40.0,40.0,40.0,40.00000000000105,40.000000000070564,40.000000001481574,40.000000014835095,40.00000008999593,40.00000038287008,40.00000125539213,40.000003381052984,40.000007819659615,40.00001603601703,40.00002985719408,40.0000513801459,40.00008285022497,40.00012653189799,40.00018458880377,40.00025898423449,40.000351407312266,40.000463225597905,40.00059546186708,40.00074879115296
-0.11592,40.0,40.0,40.0,40.0,40.00000000000118,40.00000000007747,40.00000000160054,40.00000001582712,40.00000009506672,40.000000401232484,40.00000130710584,40.00000350165793,40.000008062993885,40.00001647429277,40.00003057833146,40.00005248305806,40.000084439039476,40.00012871005889,40.00018745377002,40.00026262320807,40.000355894175016,40.000468619046735,40.00060180461743,40.000756110019545
-0.11567999999999999,40.0,40.0,40.0,40.0,40.00000000000133,40.00000000008513,40.00000000173118,40.000000016908324,40.00000010056337,40.00000042105712,40.000001362767506,40.00000363116414,40.000008323802525,40.000016943345145,40.00003134918108,40.000053660839065,40.000086134322785,40.00013103259574,40.00019050687826,40.00026649925648,40.000360671352,40.000474359399895,40.00060855322425,40.000763895085996
-0.11543999999999999,40.0,40.0,40.0,40.0,40.00000000000149,40.00000000009362,40.00000000187438,40.00000001808428,40.00000010650818,40.00000044240851,40.000001422525294,40.00000376985797,40.000008602570844,40.000017443917024,40.00003217079231,40.00005491487896,40.00008793782283,40.00013350161489,40.00019375057903,40.00027061514839,40.00036574189548,40.00048044995331,40.000615711184615,40.000772150007705
-0.1152,40.0,40.0,40.0,40.00000000000001,40.00000000000167,40.00000000010302,40.000000002031115,40.00000001936106,40.000000112925164,40.00000046535587,40.00000148653756,40.0000039180446,40.000008899814944,40.00001797679697,40.00003304427724,40.000056246648725,40.000089851386875,40.00013611933957,40.0001971874557,40.00027497379915,40.000371109015724,40.00048689416952,40.00062328216812,40.00078087861582
-0.11495999999999999,40.0,40.0,40.0,40.00000000000001,40.000000000001876,40.00000000011342,40.00000000220243,40.0000000207452,40.00000011984011,40.00000048997321,40.00000155497315,40.000004076048576,40.00000921608244,40.0000185428201,40.00003397081169,40.00005765770138,40.00009187696261,40.00013888811103,40.00020082022563,40.00027957827186,40.00037677608192,40.0004936956785,40.00063127001753,40.00079008491782
-0.11471999999999999,40.0,40.0,40.0,40.00000000000001,40.00000000000211,40.0000000001249,40.00000000238946,40.00000002224375,40.00000012728069,40.00000051633961,40.00000162801176,40.000004244214324,40.000009551953184,40.000019142868986,40.00003495163628,40.00005914967317,40.00009401659939,40.000141810389714,40.00020465174127,40.0002844317784,40.00038274662319,40.00050085827852,40.000639678749565,40.000799773098144
-0.11447999999999998,40.0,40.0,40.0,40.00000000000001,40.000000000002366,40.000000000137575,40.000000002593474,40.00000002386434,40.00000013527656,40.00000054453937,40.00000170584429,40.00000442290673,40.00000990804001,40.00001977787465,40.00003598805751,40.00006072428471,40.000096272449476,40.00014488875652,40.0002086849914,40.00028953768053,40.00038902432953,40.00050838593701,40.00064851255563,40.00080994751884
-0.11424,40.0,40.0,40.0,40.00000000000001,40.00000000000266,40.00000000015156,40.00000000281581,40.000000025615144,40.00000014385941,40.00000057466224,40.000001788673245,40.00000461251171,40.00001028498961,40.000020448817516,40.00003708144895,40.000062383342275,40.00009864676932,40.00014812591412,40.00021292310231,40.000294899491095,40.000395613052895,40.00051628279147,40.000657775802594,40.000820612720155
-0.11399999999999999,40.0,40.0,40.0,40.00000000000001,40.000000000002984,40.00000000016698,40.000000003057934,40.000000027504974,40.00000015306314,40.00000060680365,40.000001876713156,40.00000481343689,40.0000106834833,40.00002115672853,40.00003823325245,40.00006412873914,40.000101141920936,40.00015152468824,40.00021736933913,40.000300520875136,40.00040251680824,40.00052455315042,40.000667473033566,40.00083177342122
-0.11375999999999999,40.0,40.0,40.0,40.00000000000001,40.000000000003354,40.00000000018396,40.000000003321446,40.0000000295433,40.000000162923904,40.00000064106498,40.000001970191,40.0000050261122,40.000011104238006,40.000021902690214,40.00003944497938,40.00006596245692,40.00010376037332,40.00015508802911,40.00022202710714,40.00030640565118,40.00040973977462,40.000533201494314,40.000677608968715,40.000843434520675
-0.11352,40.0,40.0,40.0,40.000000000000014,40.000000000003766,40.00000000020267,40.00000000360806,40.00000003174028,40.00000017348027,40.00000067755376,40.000002069346635,40.000005250990625,40.000011548007116,40.00002268783784,40.00004071821197,40.000067886566995,40.00010650470388,40.00015881901287,40.00022689995311,40.00031255779244,40.00041728629629,40.00054223247654,40.00068818850606,40.00085560109737
-0.11327999999999999,40.0,40.0,40.0,40.000000000000014,40.00000000000423,40.00000000022327,40.00000000391964,40.0000000341068,40.00000018477331,40.00000071638399,40.00000217443332,40.0000054885489,40.00001201558152,40.000023513360624,40.00004205460469,40.00006990323199,40.000109377599976,40.000162720843065,40.00023199156678,40.00031898142815,40.00042516088391,40.00055165092439,40.00069921672232,40.00086827841097
-0.11303999999999999,40.0,40.0,40.0,40.000000000000014,40.000000000004746,40.000000000245926,40.0000000042582,40.00000003665454,40.000000196846784,40.00000075767641,40.0000022857182,40.00000573928828,40.000012507790586,40.00002438050298,40.00004345588566,40.000072014707314,40.00011238186049,40.000166796852206,40.00023730578222,40.000325680844895,40.00043336821565,40.00056146184012,40.00071069887375,40.000881471902716
-0.11279999999999998,40.0,40.0,40.0,40.000000000000014,40.00000000000532,40.00000000027086,40.00000000462592,40.00000003939602,40.00000020974722,40.0000008015588,40.00000240348283,40.000006003735294,40.00001302550326,40.00002529056581,40.00004492385813,40.00007422334273,40.00011552039742,40.00017105050332,40.00024284657943,40.00033266048795,40.0004419131385,40.00057167040193,40.00072264039703,40.00089518719603
-0.11256,40.0,40.0,40.0,40.00000000000002,40.00000000000597,40.00000000029827,40.00000000502515,40.00000004234463,40.000000223524104,40.00000084816628,40.00000252802372,40.00000628244265,40.000013569629125,40.00002624490787,40.000046460402,40.00007653158403,40.0001187962376,40.00017548539162,40.00024861808583,40.00033992496272,40.00045080066942,40.00058228196508,40.00073504691008,40.00090943009727
-0.11231999999999999,40.0,40.0,40.0,40.00000000000002,40.00000000000669,40.000000000328406,40.000000005458446,40.0000000455147,40.00000023823001,40.00000089764169,40.00000265965293,40.00000657599004,40.00001414111961,40.000027244947155,40.00004806747545,40.000078941974685,40.00012221252437,40.00018010524618,40.00025462457783,40.00034747903617,40.000460035996646,40.00059330206293,40.000747924213016,40.00092420659641
-0.11207999999999999,40.0,40.0,40.0,40.00000000000003,40.0000000000075,40.000000000361524,40.000000005928555,40.00000004892158,40.000000253920796,40.000000950135885,40.00000279869867,40.00000688498507,40.00001474096914,40.000028292162376,40.00004974711655,40.000081457157634,40.00012577251939,40.00018491393167,40.000260870482485,40.00035532763831,40.00046962448101,40.000604736408064,40.00076127828901,40.00093952286772
-0.11184,40.0,40.0,40.0,40.00000000000003,40.00000000000841,40.000000000397904,40.00000000643843,40.00000005258165,40.00000027065574,40.00000100580814,40.00000294550592,40.00000721006417,40.00001537021641,40.00002938809443,40.00005150144496,40.0000840798771,40.000129479604496,40.000189915450115,40.00026736037918,40.000363475863665,40.00047957165723,40.00061659089339,40.000775115305224,40.000955385270515
-0.11159999999999999,40.0,40.0,40.0,40.000000000000036,40.00000000000943,40.00000000043786,40.00000000699127,40.00000005651244,40.00000028849775,40.00000106482651,40.000003100437134,40.00000755189361,40.000016029945655,40.00003053434802,40.00005333266371,40.000086812980406,40.000133337283536,40.000195113942766,40.0002740990013,40.00037192897289,40.00048988323525,40.00062887159331,40.0007894416137,40.000971800349866
-0.11135999999999999,40.0,40.0,40.0,40.000000000000036,40.00000000001056,40.000000000481734,40.000000007590536,40.000000060732674,40.000000307513574,40.00000112736827,40.00000326387288,40.0000079111705,40.00001672128802,40.00003173259319,40.00005524306099,40.000089659419956,40.00013734918434,40.000200513691965,40.00028109123802,40.00038069239428,40.00050056510166,40.000641584764836,40.000804263752336,40.0009887748373
-0.11112,40.0,40.0,40.0,40.00000000000004,40.00000000001182,40.00000000052989,40.000000008239944,40.00000006526235,40.00000032777395,40.00000119362031,40.00000343621257,40.00000828862383,40.00001744542291,40.000032984567085,40.00005723501202,40.00009262225518,40.000141519060726,40.000206119123064,40.000288342136066,40.00038977172544,40.00051162332107,40.00065473684882,40.000819588445836,40.00100631565155
-0.11087999999999999,40.0,40.0,40.0,40.00000000000005,40.00000000001324,40.00000000058273,40.0000000089435,40.00000007012281,40.00000034935386,40.00000126377956,40.000003617875265,40.00000868501562,40.000018203579465,40.00003429207559,40.00005931098102,40.00009570465457,40.00014585079451,40.000211934806394,40.00029585690159,40.0003991727349,40.000523064137546,40.00066833447111,40.00083542260662,40.00102442989925
-0.11063999999999999,40.0,40.0,40.0,40.00000000000006,40.00000000001482,40.0000000006407,40.00000000970554,40.00000007533686,40.000000372332785,40.000001338053515,40.00000380930038,40.000009101142005,40.000018997038026,40.00003565699518,40.00006147352313,40.000098909897794,40.000150348397646,40.000217965459306,40.000303640902004,40.00040890136382,40.00053489397606,40.00068238444374,40.00085177333585,40.00104312487574
-0.11039999999999998,40.0,40.0,40.0,40.000000000000064,40.000000000016584,40.0000000007043,40.0000000105307,40.0000000809288,40.000000396794874,40.00000141666069,40.00000401094856,40.000009537834465,40.00001982713168,40.00003708127472,40.00006372528651,40.00010224137782,40.00015501601436,40.00022421594825,40.00031169966794,40.00041896372767,40.00054711944397,40.000696893766246,40.000868647924385,40.001062408065714
-0.11016,40.0,40.0,40.0,40.00000000000008,40.00000000001855,40.00000000077402,40.000000011424014,40.000000086924594,40.00000042282925,40.00000149983109,40.000004223302504,40.00000999596103,40.00002069524788,40.000038566937356,40.000066069014416,40.000105702603136,40.00015985792336,40.00023069129087,40.00032003889518,40.000429366118006,40.00055974733253,40.00071186962682,40.00088605385375,40.00108228714402
-0.10991999999999999,40.0,40.0,40.0,40.000000000000085,40.00000000002075,40.000000000850456,40.00000001239088,40.00000009335189,40.00000045053027,40.00000158780684,40.00000444686787,40.00001047642757,40.00002160283007,40.00004011608252,40.00006850754739,40.00010929720004,40.00016487854009,40.00023739665816,40.00032866444667,40.000440115004224,40.0005727846184,40.000727319403595,40.00090399879715,40.001102769976384
-0.10967999999999999,40.0,40.0,40.0,40.0000000000001,40.00000000002319,40.000000000934236,40.00000001343711,40.000000100240214,40.00000047999777,40.00000168084265,40.00000468217417,40.00001098017911,40.00002255137936,40.000041730887894,40.00007104382546,40.00011302891491,40.00017008241908,40.00024433737672,40.00033758235452,40.00045121703539,40.00058623846521,40.00074325066596,40.00092249062048,40.001123864620155
-0.10944,40.0,40.0,40.0,40.000000000000114,40.00000000002593,40.000000001026024,40.00000001456896,40.000000107620984,40.000000511337404,40.000001779206436,40.000004929775756,40.000011508201204,40.00002354245637,40.000043413611486,40.00007368089044,40.00011690161666,40.00017547425628,40.00025151893099,40.00034679882212,40.00046267904207,40.00060011622511,40.000759671175814,40.00094153738333,40.00114557932503
-0.10919999999999999,40.0,40.0,40.0,40.000000000000135,40.00000000002897,40.00000000112658,40.00000001579318,40.00000011552773,40.00000054466091,40.00000188317994,40.00000519025281,40.00001206152137,40.00002457768296,40.000045166593814,40.000076421888274,40.00012091929909,40.000181058891485,40.00025894696552,40.00035632022624,40.00047450803818,40.00061442544039,40.00077658888886,40.000961147339986,40.00116792253383
-0.10895999999999999,40.0,40.0,40.0,40.00000000000015,40.000000000032365,40.00000000123671,40.00000001711699,40.00000012399616,40.000000580086464,40.00000199305935,40.00000546421236,40.000012641210525,40.000025658744136,40.00004699226005,40.00007927007147,40.000125086083486,40.00018684131083,40.00026662728741,40.00036615311917,40.000486711222905,40.00062917384507,40.00079401195595,40.00098132894047,40.00119090288321
-0.10872,40.0,40.0,40.0,40.00000000000017,40.000000000036145,40.000000001357286,40.0000000185482,40.000000133064304,40.00000061773902,40.000002109155965,40.0000057522894,40.00001324838453,40.00002678739002,40.000048893122305,40.00008222880152,40.0001294062211,40.00019282664929,40.0002745658686,40.00037630423091,40.00049929598262,40.00064436936655,40.000811948724404,40.001002090831555,40.00121452920442
-0.10848,40.0,40.0,40.0,40.0000000000002,40.00000000004036,40.000000001489276,40.000000020095186,40.00000014277266,40.00000065775064,40.0000022317969,40.00000605514797,40.000013884205785,40.000027965437766,40.000050871781966,40.00008530155148,40.000133884095824,40.00019902019329,40.00028276884841,40.000386780471416,40.00051226989283,40.00066002012723,40.00083040773933,40.00102344185782,40.001238810524036
-0.10823999999999999,40.0,40.0,40.0,40.00000000000023,40.00000000004505,40.00000000163373,40.00000002176695,40.00000015316438,40.000000700260905,40.00000236132579,40.00000637348234,40.00001454988481,40.000029194773695,40.00005293093205,40.00008849190858,40.00013852422683,40.00020542738334,40.00029124253594,40.00039758893283,40.00052564072018,40.00067613444622,40.000849397745,40.001045391062654,40.001263756064695
-0.10799999999999998,40.0,40.0,40.0,40.00000000000026,40.00000000005027,40.00000000179177,40.00000002357317,40.000000164285346,40.00000074541729,40.00000249810358,40.00000670801821,40.00001524668196,40.00003047735535,40.00005507335969,40.00009180357682,40.00014333127132,40.00021205381668,40.000299993412675,40.00040873689179,40.000539416424424,40.00069272084103,40.00086892768622,40.00106794768932,40.001289375245854
-0.10776,40.0,40.0,40.0,40.0000000000003,40.00000000005608,40.00000000196465,40.00000002552426,40.00000017618444,40.00000079337557,40.000002642509294,40.00000705951397,40.00001597590917,40.000031815213724,40.000057301948644,40.000095240379785,40.00014831002735,40.00021890525007,40.00030902813502,40.00042023181177,40.0005536051605,40.00070978802923,40.00088900670965,40.001091121181986,40.00131567768447
-0.10751999999999999,40.0,40.0,40.0,40.00000000000034,40.00000000006255,40.00000000215371,40.00000002763138,40.000000188913646,40.00000084430027,40.000002794940826,40.00000742876198,40.00001673893172,40.000033210455456,40.00005961968186,40.000098806263374,40.00015346543665,40.00022598760256,40.000318353536926,40.00043208134544,40.00056821528055,40.00072734493022,40.00090964416524,40.001114921186755,40.001342673195765
-0.10727999999999999,40.0,40.0,40.0,40.00000000000039,40.00000000006974,40.00000000236042,40.00000002990654,40.00000020252827,40.00000089836512,40.00000295581586,40.00000781658994,40.00001753717014,40.00003466526519,40.0000620296442,40.000102505298685,40.00015880258755,40.00023330695834,40.00032797663256,40.000444293337054,40.00058325533603,40.000745400666936,40.000930849607585,40.001139357552724,40.00137037179394
-0.10704,40.0,40.0,40.0,40.00000000000045,40.00000000007773,40.00000000258637,40.00000003236262,40.00000021708714,40.00000095575354,40.000003125572704,40.000008223862295,40.000018372102076,40.00003618190794,40.000064535025054,40.00010634168494,40.000164326717986,40.00024086956964,40.000337904619,40.000456875824895,40.00059873407981,40.00076396456764,40.00095263279732,40.00116444033304,40.00139878369288
-0.10679999999999999,40.0,40.0,40.0,40.00000000000051,40.00000000008663,40.00000000283329,40.00000003501346,40.00000023265282,40.0000010166591,40.000003304671274,40.00000865148166,40.00001924526432,40.000037762731495,40.00006713912123,40.00011031975246,40.00017004321851,40.000248681859645,40.000348144879005,40.00046983704375,40.0006146604683,40.000783046167655,40.00097500370254,40.001190179785915,40.00142791930686
-0.10655999999999999,40.0,40.0,40.0,40.00000000000058,40.000000000096506,40.00000000310306,40.00000003787391,40.000000249291816,40.000001081286086,40.00000349359402,40.000009100390315,40.00002015825482,40.00003941016901,40.00006984533977,40.00011444396576,40.0001759576354,40.00025675042557,40.000358704983775,40.000483185427385,40.0006310436636,40.00080265521116,40.00099797250017,40.00121658637566,40.00145778925125
-0.10631999999999998,40.0,40.0,40.0,40.00000000000066,40.000000000107484,40.00000000339773,40.000000040959904,40.00000026707481,40.00000114985006,40.00000369284697,40.00000957157182,40.0000211127348,40.00004112674152,40.00007265720092,40.000118718926615,40.00018207567381,40.00026508204164,40.00036959269581,40.00049692961108,40.000647893035705,40.00082280165298,40.00102154957741,40.00124367077377,40.0014884043432
-0.10608,40.0,40.0,40.0,40.00000000000075,40.00000000011968,40.00000000371953,40.000000044288534,40.000000286076954,40.00000122257838,40.000003902960735,40.000010066052575,40.00002211043095,40.00004291506066,40.00007557834107,40.00012314937733,40.000188403201015,40.000273683662236,40.00038081597177,40.00051107843422,40.000665218164634,40.00084349566039,40.001045745533126,40.0012714438599,40.00151977560233
-0.10583999999999999,40.0,40.0,40.0,40.00000000000086,40.00000000013322,40.000000004070856,40.00000004787814,40.000000306378055,40.000001299710874,40.00000412449167,40.00001058490349,40.00002315313763,40.00004477783135,40.000078612515914,40.00012774020394,40.000194946249664,40.000282562425014,40.000392382965394,40.00052564094283,40.000683028842715,40.00086474761494,40.00107057117926,40.001299916722935,40.0015519142514
-0.10559999999999999,40.0,40.0,40.0,40.00000000000099,40.000000000148255,40.00000000445434,40.00000005174839,40.00000032806293,40.00000138150042,40.000004358022956,40.000011129241756,40.00002424271925,40.000046717854616,40.000081763603546,40.00013249643957,40.00020171102112,40.000291725654144,40.000404302030425,40.00054062639223,40.00070133507677,40.00088656811426,40.00109603754228,40.00132910066201,40.00158483171697
-0.10536,40.0,40.0,40.0,40.00000000000112,40.00000000016494,40.000000004872824,40.00000005592035,40.00000035122165,40.000001468213625,40.000004604165824,40.000011700232605,40.000025381112565,40.0000487380305,40.000085035607725,40.00013742326782,40.000208703888894,40.00030118086356,40.00041658172364,40.00055604424967,40.000720147090384,40.00090896797393,40.00112215586456,40.00135900718751,40.00161853963003
-0.10511999999999999,40.0,40.0,40.0,40.00000000000128,40.00000000018345,40.00000000532939,40.00000006041663,40.00000037594985,40.00000156013153,40.00000486356077,40.00001229909116,40.000026570329226,40.000050841360974,40.00008843266116,40.000142526026266,40.00021593140208,40.00031093576024,40.00042923080788,40.000571904197,40.00073947532617,40.00093195822925,40.00114893760581,40.0013896480221,40.00165304982668
-0.10487999999999999,40.0,40.0,40.0,40.00000000000146,40.000000000203976,40.00000000582739,40.00000006526145,40.00000040234907,40.00000165755032,40.00000513687883,40.000012927084384,40.00002781245825,40.000053030953005,40.00009195902888,40.00014781020995,40.00022340028889,40.00032099824759,40.00044225825507,40.00058821613338,40.00075933044806,40.000955550137185,40.0011763944445,40.00142103510171,40.0016883743487
-0.10464,40.0,40.0,40.0,40.00000000000166,40.00000000022674,40.000000006370456,40.00000007048075,40.000000430527116,40.000001760782105,40.00000542482296,40.00001358553304,40.00002910966865,40.000055310021686,40.000095619111725,40.00015328147505,40.00023111746022,40.00033137642882,40.00045567324937,40.000604990178005,40.000779723343584,40.00097975517814,40.00120453827926,40.001453180576554,40.00172452544423
-0.10439999999999999,40.0,40.0,40.0,40.00000000000189,40.00000000025198,40.00000000696252,40.00000007610233,40.00000046059835,40.00000187015567,40.00000572812935,40.000014275813754,40.00003046421213,40.00005768189339,40.00009941744986,40.000158945642504,40.000239090013324,40.000342078610416,40.00046948519031,40.00062223667282,40.00080066512619,40.00100458505786,40.001233381230314,40.0014860968121,40.00176151556828
-0.10415999999999999,40.0,40.0,40.0,40.00000000000215,40.000000000279954,40.000000007607866,40.00000008215595,40.000000492684165,40.000001986017374,40.00000604756895,40.00001499936114,40.000031878425816,40.0000601500091,40.0001033587264,40.00016480870182,40.000247325235485,40.00035311330564,40.000483703695934,40.00063996618535,40.00082216713759,40.00103005170927,40.00126293564085,40.00151979639006,40.001799357383376
-0.10391999999999998,40.0,40.0,40.0,40.00000000000245,40.00000000031095,40.000000008311105,40.00000008867349,40.00000052691331,40.00000210873195,40.0000063839489,40.00001575766999,40.000033354735166,40.00006271792774,40.000107447771086,40.00017087681483,40.000255830607806,40.00036448923806,40.00049833860606,40.00065818951145,40.00084424095007,40.00105616729434,40.001293214078444,40.001554292109326,40.00183806376009
-0.10368,40.0,40.0,40.0,40.000000000002785,40.000000000345274,40.00000000907726,40.00000009568906,40.000000563422354,40.00000223868346,40.00000673811412,40.00001655229755,40.000034895656825,40.000065389329635,40.00011168956409,40.000177156319666,40.00026461380902,40.000376215345156,40.00051339998547,40.00067691767814,40.00086689836885,40.00108294420596,40.00132422933647,40.00158959698693,40.001877647777604
-0.10343999999999999,40.0,40.0,40.0,40.00000000000317,40.00000000038329,40.00000000991176,40.00000010323919,40.00000060235611,40.00000237627623,40.00000711094894,40.000017384865856,40.0000365038017,40.000068168020064,40.00011608923986,40.000183653734666,40.00027368271938,40.00038830078195,40.00052889812725,40.00069616194646,40.000890151434426,40.00111039506983,40.00135599443543,40.00162572425901,40.001918122724206
-0.10319999999999999,40.0,40.0,40.0,40.0000000000036,40.00000000042537,40.00000001082049,40.00000011136293,40.00000064386812,40.00000252193584,40.00000750337876,40.00001825706417,40.00003818187805,40.00007105793286,40.00012065209105,40.000190375762436,40.0002830454246,40.00040075492472,40.00054484355604,40.00071593381428,40.00091401242496,40.00113853274627,40.0013885226244,40.001662687381675,40.00195950209782
-0.10296,40.0,40.0,40.0,40.00000000000409,40.00000000047194,40.000000011809824,40.0000001201021,40.00000068812114,40.00000267611017,40.0000079163718,40.00001917065147,40.00003993269463,40.00007406313411,40.00012538357254,40.00019732929397,40.00029271021985,40.000413587374695,40.00056124703143,40.000736245019226,40.00093849385864,40.001167370332105,40.00142182738236,40.00170050003197,40.002001799606504
-0.10271999999999999,40.0,40.0,40.0,40.00000000000465,40.00000000052348,40.00000001288665,40.00000012950141,40.00000073528766,40.00000283927047,40.0000083509409,40.00002012745906,40.000041759164034,40.00007718782601,40.000130289305574,40.000204521412805,40.00030268561383,40.00042680796184,40.000578119551264,40.00075710754155,40.000963608496065,40.00119692116257,40.001455922419545,40.001739176108735,40.002045029168876
-0.10247999999999999,40.0,40.0,40.0,40.00000000000528,40.00000000058048,40.00000001405844,40.00000013960865,40.000000785550434,40.00000301191251,40.00000880814544,40.000021129393204,40.000043664306055,40.00008043635072,40.00013537508192,40.00021195939933,40.000312980332886,40.0004404267487,40.00059547235512,40.00077853360706,40.00098936934262,40.001227198813076,40.00149082167883,40.001778729733466,40.00208920491458
-0.10224,40.0,40.0,40.0,40.00000000000599,40.00000000064351,40.00000001533327,40.00000015047495,40.0000008391031,40.00000319455775,40.000009289093256,40.00002217843793,40.0000456512511,40.000083813194344,40.00014064686815,40.00021965073507,40.000323603325185,40.00045445403425,40.00061331692769,40.00080053569,40.00101578965088,40.00125821710116,40.00152653933701,40.001819175251185,40.002134341184714
-0.102,40.0,40.0,40.00000000000001,40.0000000000068,40.000000000713186,40.00000001671986,40.00000016215493,40.000000896150745,40.00000338775456,40.00000979494267,40.00002327665783,40.00004772324381,40.00008732299105,40.00014611081001,40.0002276031071,40.00033456376496,40.00046890035775,40.00063166500224,40.00082312651603,40.001042882922974,40.00128999008824,40.00156308980615,40.001860527231266,40.002180452532194
-0.10175999999999999,40.0,40.0,40.00000000000001,40.00000000000772,40.0000000007902,40.000000018227674,40.000000174706976,40.00000095691053,40.000003592079544,40.000010326904615,40.00002442620101,40.0000498836467,40.000090970527204,40.00015177323687,40.00023582441254,40.00034587105679,40.00048377650279,40.000650528564115,40.00084631906519,40.001070662913015,40.00132253208151,40.00160048773488,40.001902800468244,40.00222755372216
-0.10151999999999999,40.0,40.0,40.00000000000001,40.00000000000875,40.00000000087529,40.00000001986691,40.000000188193454,40.00000102161243,40.00000380813886,40.00001088624478,40.000025629302144,40.00005213594391,40.00009476074566,40.00015764066626,40.000244322763095,40.00035753483995,40.00049909350118,40.00066991985422,40.000870126574796,40.00109914362946,40.00135585763572,40.00163874800971,40.00194600998261,40.00227565973227
-0.10128,40.0,40.0,40.00000000000001,40.00000000000992,40.00000000096928,40.00000002164862,40.00000020268099,40.00000109049983,40.00000403656961,40.0000114742859,40.00002688828557,40.000054483745075,40.000098698750165,40.00016371980847,40.00025310648965,40.00036956499285,40.00051486263704,40.00068985137256,40.0008945625425,40.0011283393375,40.00138998155503,40.001677885756216,40.00199017102156,40.00232478575307
-0.10103999999999999,40.0,40.0,40.00000000000001,40.00000000001124,40.000000001073076,40.00000002358472,40.00000021824074,40.00000116383036,40.00000427804134,40.00001209241007,40.00002820556852,40.00005693078928,40.000102789809766,40.00017001757129,40.00026218414702,40.00038197163745,40.000531095450825,40.00071033588183,40.0009196407292,40.00115826456147,40.001424918894784,40.00171791634036,40.00203529905975,40.00237494718823
-0.10079999999999999,40.0,40.0,40.00000000000001,40.00000000001274,40.00000000118766,40.0000000256881,40.00000023494867,40.000001241876625,40.00000453325752,40.000012742061195,40.00002958366446,40.000059480949126,40.00010703936343,40.0001765410648,40.00027156451867,40.00039476514382,40.000547803743444,40.00073138641092,40.00094537516207,40.001188934087224,40.0014606849633,40.00175885536971,40.002081409799985,40.00242615965485
-0.10056,40.0,40.0,40.00000000000001,40.000000000014424,40.00000000131412,40.000000027972696,40.00000025288587,40.00000132492702,40.000004802957164,40.00001342474751,40.000031025186495,40.00006213823493,40.0001114530247,40.00018329760627,40.00028125662158,40.000407956134666,40.000564999580405,40.000753016258585,40.00097178013754,40.00122036296449,40.00149729532366,40.001800718694604,40.002128519173944,40.00247843898364
-0.10031999999999999,40.0,40.0,40.000000000000014,40.000000000016335,40.00000000145366,40.00000003045352,40.00000027213889,40.0000014132866,40.00000508791649,40.00001414204415,40.000032532850916,40.00006490679898,40.000116036586476,40.000190294725094,40.00029126971116,40.00042155549001,40.000582695295975,40.000775238996994,40.0009988702243,40.00125256650928,40.001534765795455,40.00184352240937,40.00217664334281,40.00253180121913
-0.10007999999999999,40.0,40.0,40.000000000000014,40.00000000001849,40.000000001607575,40.00000003314681,40.000000292800074,40.000001507277965,40.00000538895064,40.0000148955959,40.00003410948083,40.00006779093996,40.0001207960259,40.00019754016794,40.00030161328623,40.00043557435183,40.00060090349739,40.00079806847543,40.001026660266305,40.001285560306215,40.00157311245651,40.00188728285346,40.00222579869789,40.00258626261986
-0.09983999999999998,40.0,40.0,40.000000000000014,40.00000000002092,40.00000000177731,40.000000036070084,40.000000314967934,40.00000160724222,40.00000570691546,40.00001568711996,40.00003575800991,40.000070795107405,40.00012573750931,40.00020504190383,40.00031229709408,40.000450024128824,40.00061963706912,40.000821518823884,40.001055165385786,40.00131936021091,40.001612351644646,40.001932016612606,40.00227600186126,40.002641839658466
-0.0996,40.0,40.0,40.00000000000002,40.00000000002366,40.00000000196443,40.000000039242224,40.00000033874754,40.00000171353995,40.000006042709394,40.000016518408835,40.00003748148626,40.00007392390639,40.00013086739738,40.00021280812946,40.00032333113559,40.000464916501144,40.00063890917711,40.00084560445675,40.00108440098624,40.00135398235226,40.001652499959334,40.001977740519905,40.00232726968629,40.002698549021815
-0.09935999999999999,40.0,40.0,40.00000000000002,40.00000000002675,40.00000000217067,40.000000042683624,40.00000036425091,40.00000182655227,40.000006397275456,40.00001739133335,40.00003928307639,40.00007718210223,40.000136192250295,40.000220847274484,40.000334725670456,40.000480263425295,40.00065873327312,40.000870340076496,40.001114382755446,40.00138944313487,40.00169357426341,40.00202447165689,40.00237961925818,40.00275640761104
-0.09911999999999999,40.0,40.0,40.00000000000003,40.00000000003024,40.00000000239791,40.000000046416275,40.000000391597496,40.000001946681905,40.00000677160322,40.00001830784576,40.00004116606933,40.000080574625336,40.00014171883306,40.00022916800699,40.000346491222466,40.00049607713897,40.000679123099026,40.00089574067734,40.00114512666848,40.00142575924124,40.00173559168469,40.002072227354596,40.00243306789447,40.00281543254155
-0.09888,40.0,40.0,40.00000000000003,40.00000000003417,40.000000002648235,40.00000005046388,40.00000042091459,40.00000207435435,40.00000716673098,40.00001926998291,40.000043133880816,40.00008410657623,40.00014745412092,40.000237779239015,40.00035863858481,40.000512370166014,40.00070009269121,40.00092182154899,40.00117664899068,40.001462947634174,40.001778569617656,40.00212102519456,40.002487633145535,40.00287564114306
-0.09863999999999999,40.0,40.0,40.000000000000036,40.0000000000386,40.0000000029239,40.000000054851995,40.000000452337844,40.000002210019034,40.000007583747916,40.00002027986963,40.000045190057634,40.0000877832306,40.00015340530488,40.00024669013218,40.00037117882552,40.00052915532138,40.00072165638495,40.0009485982803,40.001208966280664,40.00150102555898,40.00182252572499,40.002170883009825,40.00254333279495,40.0029370509595
-0.09839999999999999,40.0,40.0,40.00000000000004,40.00000000004358,40.00000000322739,40.00000005960816,40.000000486011785,40.00000235415062,40.000008023796426,40.00002133972211,40.00004733828211,40.000091610044535,40.000159579797376,40.000255910103355,40.00038412329295,40.00054644571619,40.00074382881882,40.00097608676304,40.00124209539331,40.00154001054578,40.001867477939214,40.00222181888584,40.00260018485993,40.00299967974893
-0.09816,40.0,40.0,40.00000000000005,40.0000000000492,40.000000003561425,40.00000006476204,40.00000052209035,40.0000025072503,40.00000848807448,40.00002245185148,40.00004958237668,40.000095592659925,40.000165985238006,40.00026544883053,40.00039748362136,40.00056425476278,40.00076662493914,40.001004303195565,40.00127605348273,40.00157992041174,40.00191344446419,40.00227385116144,40.00265820759167,40.00306354548341
-0.09792,40.0,40.0,40.00000000000006,40.000000000055515,40.000000003928974,40.000000070345614,40.000000560737476,40.00000266984716,40.00000897783811,40.00002361866747,40.00005192630863,40.00009973690987,40.000172629499396,40.000275316258666,40.00041127173648,40.000582596179825,40.000790060004455,40.001033264086594,40.00131085800521,40.001620773263255,40.00196044377666,40.00232699842966,40.00271741947566,40.003128666348815
-0.09767999999999999,40.0,40.0,40.000000000000064,40.00000000006263,40.00000000433329,40.00000007639328,40.000000602127685,40.00000284249967,40.000009494404,40.000024842682215,40.000054374194924,40.00010404882434,40.00017952069319,40.000285522605694,40.000425499861244,40.00060148399753,40.000814149590006,40.001062986258916,40.00134652672223,40.001662587498195,40.002008494627724,40.00238127953862,40.00277783923192,40.00319506074463
-0.09743999999999998,40.0,40.0,40.00000000000008,40.00000000007062,40.00000000477793,40.00000008294211,40.00000064644677,40.000003025797135,40.000010039152166,40.00002612651417,40.00005693030725,40.000108534635885,40.00018666717615,40.00029607836863,40.000440180521544,40.00062093256279,40.000838909592225,40.001093486853115,40.0013830777033,40.001705381808016,40.00205761604428,40.00243671359229,40.00283948581527,40.00326274728368
-0.0972,40.0,40.0,40.00000000000009,40.000000000079616,40.00000000526678,40.00000009003198,40.00000069389246,40.00000322036134,40.00001061352875,40.00002747289218,40.00005959907712,40.00011320078555,40.00019407755639,40.00030699432969,40.000455326552036,40.00064095654447,40.00086435623329,40.0011247833313,40.00142052932898,40.00174917517994,40.00210782733044,40.00249331995127,40.00290237841552,40.0033317447918
-0.09695999999999999,40.0,40.0,40.00000000000011,40.00000000008973,40.00000000580409,40.000000097705815,40.000000744675106,40.00000342684818,40.00001121904889,40.000028884659635,40.00006238510113,40.000118053928816,40.000201760699646,40.00031828156262,40.00047095110206,40.00066157093869,40.00089050606563,40.00115689348085,40.0014589002937,40.00179398689905,40.002159148068905,40.002551118233505,40.00296653645754,40.00340207230753
-0.09671999999999999,40.0,40.0,40.00000000000013,40.00000000010108,40.00000000639451,40.00000010600979,40.000000799018515,40.000003645949405,40.00001185729978,40.00003036477883,40.00006529314644,40.000123100941835,40.00020972573581,40.000329951439035,40.00048706764155,40.000682791074105,40.00091737597649,40.0011898354181,40.001498209608705,40.00183983655037,40.0022115981223,40.00261012831492,40.003031979601445,40.00347374908165
-0.09648,40.0,40.0,40.00000000000015,40.00000000011384,40.00000000704309,40.00000011499358,40.00000085716067,40.00000387839441,40.000012529943774,40.00003191633542,40.00006832815629,40.000128348927646,40.00021798206543,40.00034201563484,40.00050368996712,40.00070463261734,40.000944983192525,40.00122362759211,40.00153847660487,40.00188674402088,40.00226519763447,40.0026703703301,40.003098727742554,40.00354679457678
-0.09623999999999999,40.0,40.0,40.00000000000017,40.000000000128175,40.00000000775539,40.00000012471058,40.00000091935465,40.0000041249522,40.00001323872162,40.00003354254301,40.000071495255746,40.00013380522263,40.00022653936644,40.00035448613683,40.00052083220806,40.000727111578314,40.000973345284336,40.00125828878831,40.00157972093557,40.001934729501585,40.00231996703173,40.002731864672825,40.003166801011425,40.00362122846684
-0.09599999999999999,40.0,40.0,40.0000000000002,40.00000000014426,40.00000000853744,40.000000135218194,40.000000985869484,40.0000043864333,40.00001398545587,40.00003524674794,40.00007479975757,40.000139477403096,40.00023540760094,40.00036737524928,40.00053850883256,40.00075024431571,40.00100248017108,40.00129383813222,40.00162196257945,40.00198381348943,40.002375927024076,40.0027946319966,40.0032362197738,40.003697070636534
-0.09576,40.0,40.0,40.000000000000234,40.00000000016231,40.00000000939585,40.00000014657814,40.0000010569911,40.0000046636919,40.00001477205436,40.00003703243418,40.00007824716825,40.00014537329195,40.000244597022146,40.000380695600704,40.000556734653856,40.00077404754241,40.00103240612506,40.001330295093155,40.001665221843254,40.00203401678927,40.002433098606325,40.00285869321518,40.00330700463047,40.00377434118071
-0.09552,40.0,40.0,40.00000000000027,40.00000000018256,40.00000001033779,40.00000015885671,40.00000113302334,40.00000495762799,40.000015600513834,40.00003890322841,40.00008184319419,40.000151500965586,40.000254118181424,40.00039446015064,40.0005755248365,40.000798538331004,40.00106314177633,40.00136767948784,40.001709519364546,40.002085360515736,40.00249150305926,40.00292406950293,40.003379176417155,40.00385306040374
-0.09527999999999999,40.0,40.0,40.00000000000031,40.00000000020526,40.00000001137114,40.00000017212513,40.000001214288986,40.000005269189664,40.000016472923775,40.000040862905216,40.000085593748054,40.0001578687609,40.00026398193546,40.00040868219658,40.00059489490272,40.000823734119294,40.00109470611728,40.00140601148413,40.001754876114425,40.00213786609511,40.002551161950684,40.00299078229526,40.00345275620423,40.00393324881877
-0.09503999999999999,40.0,40.0,40.00000000000037,40.00000000023072,40.000000012504444,40.00000018645988,40.000001301130894,40.00000559937544,40.00001739147026,40.00004291539251,40.00008950495529,40.00016448528241,40.00027419945357,40.000423375380954,40.00061486073873,40.000849652715864,40.00112711850724,40.00144531160457,40.001801313400236,40.0021915552671,40.00261209713642,40.00305885328889,40.00352776529652,40.00401492714699
-0.0948,40.0,40.0,40.000000000000426,40.00000000025925,40.000000013747034,40.00000020194309,40.00000139391313,40.00000594923681,40.00001835844003,40.0000450647771,40.000093583160826,40.000171359409606,40.00028478222509,40.000438553698224,40.000635438601215,40.0008763123056,40.00116039867713,40.001485600730035,40.0018488528682,40.00224645008665,40.00267433076128,40.00312830444218,40.00360422523289,40.0040981163168
-0.09455999999999999,40.0,40.0,40.0000000000005,40.00000000029121,40.00000001510907,40.00000021866292,40.00000149302223,40.000006319880775,40.000019376224735,40.00004731531033,40.000097834935886,40.00017850030435,40.0002957420669,40.00045423150204,40.00065664512378,40.000903731455324,40.00119456673397,40.00152690010334,40.001897516506034,40.00230257292559,40.002737885259975,40.00319915797525,40.00368215778596,40.00418283746291
-0.09431999999999999,40.0,40.0,40.000000000000576,40.000000000327,40.000000016601646,40.00000023671398,40.00000159886849,40.00000671247258,40.00002044732526,40.000049671414104,40.00010226708506,40.00018591741854,40.000307091131134,40.00047042351251,40.000678497323506,40.00093192911939,40.00122964316556,40.00156923133277,40.001947326645514,40.00235994647433,40.00280278335796,40.00327143637023,40.00376158496155,40.004269111925446
-0.09408,40.0,40.0,40.00000000000067,40.00000000036707,40.00000001823681,40.00000025619777,40.000001711887286,40.00000712823852,40.00002157435628,40.000052137686865,40.00010688665348,40.000193620501854,40.00031884191291,40.00048714482353,40.00070101260752,40.00096092464531,40.001265648845006,40.001612616395605,40.001998305965,40.00241859374346,40.00286904807223,40.00334516237124,40.00384252899825,40.0043569612489
-0.09383999999999999,40.0,40.0,40.000000000000774,40.00000000041192,40.000000020027706,40.00000027722318,40.00000183254059,40.00000756846892,40.00002276005094,40.00005471890993,40.00011170093419,40.00020161960965,40.000331007258225,40.000504410910224,40.00072420877962,40.000990737779404,40.00130260503533,40.00165707764164,40.00205047749195,40.002478538065304,40.002936702712034,40.003420358984485,40.00392501236682,40.00444640718114
-0.09359999999999999,40.0,40.0,40.0000000000009,40.0000000004621,40.000000021988626,40.000000299906944,40.00000196131843,40.000008034521144,40.00002400726568,40.00005742005388,40.00011671747576,40.000209925111065,40.00034360037203,40.00052223763643,40.00074810404698,40.001021388672456,40.00134053339398,40.00170263779665,40.00210386460529,40.00253980309543,40.00300577087957,40.003497049478206,40.00400905776955,40.00453747167223
-0.09336,40.0,40.0,40.000000000001044,40.00000000051822,40.00000002413513,40.00000032437426,40.0000020987405,40.00000852782289,40.00002531898533,40.00006024628526,40.00012194408997,40.00021854769725,40.0003566348263,40.00054064126233,40.00077271702683,40.00105289788537,40.00137945597746,40.00174931996582,40.002158491037875,40.00260241281405,40.00307627647056,40.00357525738254,40.00409468813959,40.00463017687328
-0.09312,40.0,40.0,40.000000000001215,40.00000000058097,40.00000002648416,40.00000035075929,40.000002245357805,40.000009049875466,40.00002669832827,40.00006320297337,40.00012738885979,40.00022749838976,40.00037012456839,40.000559638452096,40.00079806675327,40.00108528639488,40.00141939524576,40.00179714763715,40.00221438087876,40.002666391527434,40.00314824367482,40.00365500648938,40.00418192664013,40.00472454513518
-0.09287999999999999,40.0,40.0,40.00000000000141,40.000000000651106,40.0000000290541,40.00000037920581,40.00000240175448,40.00000960225731,40.000028148551856,40.00006629569734,40.00013306014746,40.00023678854909,40.00038408392932,40.00057924628163,40.00082417268402,40.0011185755992,40.00146037406695,40.00184614468477,40.00227155857553,40.0027317638692,40.00322169697672,40.00373632085213,40.00427079666365,40.00482059900734
-0.09263999999999999,40.0,40.0,40.000000000001634,40.000000000729464,40.00000003186498,40.00000040986784,40.00000256854958,40.00001018662763,40.00002967305797,40.00006953025333,40.00013896660285,40.00024642988341,40.00039852763236,40.000599482246415,40.00085105470732,40.00115278732373,40.0015024157216,40.001896335372315,40.00233004893648,40.002798554801586,40.003296661155574,40.00381922478536,40.004361321830935,40.00491836123626
-0.0924,40.0,40.0,40.00000000000189,40.000000000816996,40.000000034938545,40.00000044291035,40.00000274639909,40.00001080473018,40.000031275398854,40.00007291266202,40.000145117171925,40.00025643445745,40.00041347080162,40.00062036426942,40.00087873314874,40.00118794382675,40.001545543907284,40.00194774435612,40.002389877132785,40.00286678961659,40.003373161285985,40.00390374286448,40.004453525990165,40.00501785476411
-0.09215999999999999,40.0,40.0,40.00000000000219,40.000000000914724,40.000000038298445,40.00000047850999,40.00000293599792,40.00001145839722,40.000032959283025,40.00007644917625,40.00015152110547,40.00026681470148,40.00042892897079,40.00064191070906,40.000907228778146,40.00122406780508,40.00158978274296,40.002000396688494,40.00245106870064,40.00293649393714,40.003451222738114,40.003989899925244,40.00454743321584,40.00511910272724
-0.09191999999999999,40.0,40.0,40.00000000000254,40.000000001023814,40.000000041970345,40.00000051685586,40.00000313808209,40.00001214955362,40.000034728581504,40.00008014628888,40.00015818796801,40.00027758342062,40.00044491809202,40.00066414036725,40.000936562816605,40.00126118239981,40.00163515677341,40.00205431782086,40.00251364954323,40.00300769371807,40.00353087117783,40.00407772106321,40.004643067807685,40.00522212845457
-0.09168,40.0,40.0,40.000000000002935,40.000000001145544,40.00000004598215,40.00000055815035,40.00000335343097,40.00001288022117,40.00003658733421,40.00008401074094,40.00016512764687,40.00028875380408,40.0004614545449,40.00068707249755,40.00096675694336,40.001299311201905,40.001681690973584,40.002109533606834,40.00257764593277,40.00308041524713,40.00361213256686,40.00416723163317,40.00474045428945,40.00532695546596
-0.09144,40.0,40.0,40.00000000000339,40.00000000128133,40.000000050364115,40.00000060261001,40.00000358286968,40.00001365252302,40.000038539756545,40.000088049529886,40.00017235036153,40.000300339434766,40.000478555145534,40.0007107268133,40.00099783330285,40.00133847825795,40.00172941075293,40.00216607030535,40.00264308451235,40.00315468514586,40.003695033162785,40.00425845724842,40.004839617407626,40.00543360747049
-0.09119999999999999,40.0,40.0,40.00000000000392,40.000000001432745,40.000000055149115,40.00000065046649,40.000003827271556,40.00001446868831,40.000040590246265,40.0000922699182,40.00017986667311,40.00031235429898,40.000496237155765,40.00073512349596,40.00102981451164,40.00137870807573,40.001778341959664,40.00222395458359,40.002709992297795,40.0032305303704,40.003779599518985,40.00435142378004,40.00494058213015,40.00554210836467
-0.09095999999999999,40.0,40.0,40.00000000000453,40.000000001601535,40.00000006037281,40.00000070196753,40.000004087560775,40.00001533105706,40.0000427433905,40.000096679442144,40.00018768749408,40.00032481279622,40.00051451829252,40.000760283203306,40.00106272366558,40.001420025629905,40.00182851088503,40.00228321351995,40.00277839667939,40.00330797821221,40.003865858484545,40.004446157356,40.005043373644966,40.005652482230566
-0.09072,40.0,40.0,40.00000000000523,40.00000000178963,40.000000066073866,40.00000075737802,40.00000436471512,40.00001624208512,40.000045003973106,40.000101285920806,40.00019582409827,40.00033772974927,40.00053341673719,40.00078622707794,40.001096584346726,40.001462456367605,40.001879944267486,40.00234387460689,40.0028483254236,40.00338705629874,40.00395383720397,40.00454268436026,40.00514801735849,40.005764753333864
-0.09047999999999999,40.0,40.0,40.00000000000604,40.00000000199917,40.000000072294235,40.000000816981085,40.00000465976883,40.000017204349476,40.00004737698216,40.00010609746534,40.00020428813091,40.00035112041432,40.00055295114524,40.00081297675561,40.0011314206305,40.001506026214045,40.00193266929683,40.00240596575374,40.002919806674626,40.00346779259397,40.004043563116944,40.00464103143174,40.00525453889409,40.00587894612188
-0.09023999999999999,40.0,40.0,40.00000000000697,40.000000002232525,40.000000079079385,40.000000881079316,40.00000497381565,40.00001822055365,40.000049867617754,40.00011112248849,40.00021309161906,40.0003650004914,40.00057314065583,40.00084055437381,40.00116725709271,40.00155076157806,40.00198671361831,40.002469515289405,40.00299286895593,40.00355021539891,40.00413506395788,40.004741225463235,40.0053629640904,40.00599508522145
-0.09,40.0,40.0,40.00000000000804,40.00000000249231,40.0000000864786,40.000000949996,40.000005308012,40.00001929353336,40.000052481300045,40.000116369714334,40.00022224698217,40.0003793861348,40.00059400490159,40.00086898258022,40.001204118816645,40.00159668935764,40.00204210533666,40.002534551965056,40.00306754117169,40.00363435335195,40.004228367755495,40.00484329360022,40.005473318999584,40.006113195436775
-0.08975999999999999,40.0,40.0,40.00000000000927,40.00000000278142,40.00000009454528,40.000001024076425,40.000005663580275,40.00002042626241,40.00005522367755,40.000121848188314,40.00023176704287,40.00039429396386,40.00061556401849,40.0008982845414,40.00124203140016,40.001643836945476,40.00209887302006,40.002601104956675,40.0031438526081,40.00372023542917,40.00432350283217,40.004947263239565,40.00558562988549,40.00623330174717
-0.08951999999999999,40.0,40.0,40.000000000010694,40.00000000310307,40.00000010333726,40.00000110368934,40.00000604181234,40.000021621858785,40.00005810063567,40.000127567287485,40.00024166503797,40.00040974107371,40.00063783865579,40.000928483951355,40.00128102096275,40.00169223223437,40.00215704570407,40.002669203867555,40.00322183293467,40.00380789094457,40.00442049780334,40.00505316202818,40.00569992322179,40.00635542930478
-0.08928,40.0,40.0,40.00000000001232,40.0000000034608,40.00000011291717,40.00000118922842,40.00000644407319,40.000022883591015,40.00006111830557,40.00013353673107,40.000251954629725,40.000425745046364,40.00066084998617,40.000959605040286,40.001321114152645,40.001741903622694,40.00221665289542,40.00273887873072,40.003301512205354,40.003897349550115,40.00451938157668,40.00516101786157,40.005816225689934,40.006479603432126
-0.08904,40.0,40.0,40.00000000001419,40.000000003858524,40.00000012335282,40.00000128111384,40.000006871804764,40.00002421488475,40.00006428307326,40.00013976659123,40.000262649917275,40.000442323961856,40.00068461971584,40.00099167258328,40.00136233815387,40.001792880019764,40.00227772457587,40.002810160011215,40.003382920859615,40.00398864123579,40.00462018335128,40.00527085888224,40.00593456417709,40.00660584961968
-0.08879999999999999,40.0,40.0,40.000000000016335,40.000000004300574,40.00000013471759,40.000001379793964,40.00000732652995,40.000025619329634,40.00006760158898,40.00014626730415,40.00027376544832,40.00045949640955,40.000709170094865,40.00102471190909,40.001404720693294,40.001845190851164,40.002340291205826,40.002883078608406,40.0034660897234,40.00408179632947,40.004722932616666,40.0053827134781,40.006054965773984,40.00673419352328
-0.08855999999999999,40.0,40.0,40.000000000018794,40.00000000479172,40.00000014709087,40.00000148574712,40.00000780985678,40.000027100686374,40.00007108077692,40.000153049681394,40.000285316231036,40.000477281499684,40.00073452392748,40.001058748908925,40.00144829004773,40.00189886606403,40.00240438372802,40.00295766585805,40.00355105001002,40.00417684549674,40.00482765915174,40.0054966102807,40.006177457772615,40.006864660961476
-0.08832,40.0,40.0,40.00000000002162,40.00000000533724,40.00000016055853,40.00000159948345,40.00000832348282,40.00002866289413,40.00007472784514,40.000160124921486,40.000297317746195,40.000495698874985,40.00076070458258,40.0010938100453,40.00149307505089,40.00195393613228,40.00247003357103,40.00303395353438,40.00363783332086,40.00427381974057,40.00493439302362,40.005612578163394,40.006302067663924,40.00699727791286
-0.08807999999999999,40.0,40.0,40.00000000002486,40.00000000594296,40.00000017521343,40.00000172154692,40.000008869199725,40.00003031007819,40.000078550295896,40.00016750462183,40.00030978595956,40.000514768722496,40.00078773600426,40.00112992236089,40.00153910510043,40.002010432061795,40.00253727265272,40.00311197385203,40.00372647164609,40.00437275040093,40.005043164586354,40.00573064623938,40.00642882313535,40.0071320705132
-0.08783999999999999,40.0,40.0,40.00000000002857,40.00000000661529,40.00000019115594,40.00000185251742,40.000009448898126,40.00003204655788,40.00008255593624,40.000175200790906,40.0003227373344,40.00053451178554,40.00081564272244,40.0011671134874,40.00158641016493,40.00206838539546,40.00260613338365,40.00319175946791,40.00381699736519,40.00447366915425,40.00515400447956,40.00585084385969,40.006557752068275,40.00726906505258
-0.0876,40.0,40.0,40.00000000003282,40.000000007361315,40.00000020849455,40.00000199301296,40.00001006457258,40.000033876854815,40.00008675288886,40.00018322586074,40.0003361888444,40.00055494937585,40.00084444986356,40.00120541165447,40.001635020790836,40.00212782821829,40.002676648670324,40.003273343482896,40.00390944324736,40.00457660801276,40.00526694362693,40.00597320061106,40.00668888253543,40.00740828797244
-0.08736,40.0,40.0,40.000000000037694,40.00000000818884,40.00000022734643,40.000002143692,40.000010718326834,40.00003580570142,40.0000911496034,40.00019159269965,40.000350157986624,40.00057610338581,40.00087418316139,40.00124484569858,40.001684968109345,40.00218879316231,40.00274885191838,40.003356759443484,40.00400384245186,40.004681599323796,40.00538201323464,40.006097746313635,40.006822242798144,40.00754976586247
-0.08711999999999999,40.0,40.0,40.000000000043265,40.00000000910647,40.00000024783818,40.000002305256,40.00001141237936,40.0000378380498,40.00009575486796,40.00020031462533,40.00036466279483,40.000597996300954,40.00090486896789,40.001285445072014,40.00173628384333,40.00225131341149,40.002822777035675,40.003442041343305,40.00410022852821,40.00478867576887,40.00549924478964,40.00622451101868,40.00695786130353,40.007693525457526
-0.08688,40.0,40.0,40.000000000049646,40.00000001012369,40.00000027010646,40.00000247845194,40.00001214906905,40.00003997908088,40.000100577820994,40.000209405418204,40.000379721852966,40.00062065121245,40.00093653426416,40.001327239851726,40.00178900031409,40.002315422706516,40.00289845843523,40.003529223624504,40.00419863541625,40.00489787036275,40.00561867005783,40.00635352500606,40.0070957666816,40.00783959363436
-0.08664,40.0,40.0,40.00000000005694,40.000000011250926,40.00000029429881,40.000002664075154,40.00001293086124,40.000042234213936,40.00010562796359,40.00021887933509,40.00039535430889,40.000644091829905,40.00096920667141,40.001370260748324,40.001843150448195,40.00238115534954,40.002975931038165,40.003618341179035,40.004299097446136,40.005009216452265,40.005740321082136,40.006484818781765,40.0072359877422,40.00798799740828
-0.08639999999999999,40.0,40.00000000000001,40.00000000006528,40.00000001249967,40.00000032057442,40.00000286297221,40.00001376035394,40.0000446091164,40.000110915172016,40.00022875112314,40.00041157988836,40.00066834249416,40.00100291446205,40.00141453911498,40.00189876778418,40.00244854620878,40.00305523027638,40.003709429349804,40.00440164933811,40.00512274771518,40.005864230180435,40.006618423075146,40.007378553471945,40.0081387639298
-0.08615999999999999,40.0,40.00000000000001,40.000000000074806,40.00000001388257,40.000000349105065,40.000003076044,40.00001464028442,40.00004710971409,40.00011644971067,40.000239036034166,40.000428418909195,40.000693428190345,40.00103768657082,40.00146010695636,40.001955886479195,40.00251763072309,40.00313639209527,40.003802523931704,40.00450632620224,40.00523849815874,40.005990429943395,40.006754368836205,40.007523493030995,40.008291920481106
-0.08592,40.0,40.00000000000001,40.00000000008569,40.00000001541354,40.00000038007597,40.000003304249,40.000015573536004,40.0000497422017,40.0001222422454,40.000249749839185,40.0004458922957,40.000719374561015,40.00107355260597,40.00150699693749,40.00201454131562,40.00258844490636,40.00321945295618,40.00389766117252,40.004613163538,40.00535650211825,40.00611895323218,40.00689268723267,40.00767083574973,40.00844749447248
-0.08567999999999999,40.0,40.00000000000001,40.00000000009812,40.00000001710787,40.00000041368686,40.00000354860666,40.00001656314521,40.000052513053774,40.00012830385718,40.000260908843345,40.00046402159334,40.0007462079194,40.001110542860495,40.00155524239272,40.00207476770757,40.002661025351856,40.00330444983886,40.003994877773664,40.004722197233654,40.005476794255415,40.00624983317603,40.007033409647015,40.00782061112536,40.00860551343863
-0.08543999999999999,40.0,40.00000000000001,40.00000000011231,40.00000001898239,40.00000045015302,40.000003810201044,40.00001761230918,40.00005542903596,40.00013464605613,40.0002725299011,40.00048282898357,40.00077395526285,40.00114868832338,40.00160487733449,40.00213660170739,40.00273540923647,40.00339142024369,40.00409421089085,40.00483346356561,40.00559940955664,40.00638310316972,40.00717656767332,40.007972848818405,40.008766005034914
-0.0852,40.0,40.00000000000001,40.00000000012849,40.000000021055584,40.00000048970642,40.000004090184646,40.00001872439342,40.00005849721669,40.000141280796,40.0002846304318,40.00050233729897,40.000802644286345,40.00118802069097,40.00165593646227,40.002200080012,40.00281163432481,40.00348040219385,40.00419569813452,40.00494699919752,40.005724383331085,40.00651879687091,40.00732219311404,40.00812757864906,40.0089289970335
-0.08496,40.0,40.000000000000014,40.00000000014694,40.000000023347745,40.00000053259698,40.00000438978236,40.00001990293993,40.00006172497929,40.00014822048892,40.000297228435485,40.00052257003853,40.00083230339617,40.001228572378274,40.001708455171276,40.00226523996917,40.00288973897317,40.003571434237294,40.004299377570234,40.00506284117934,40.0058517512087,40.0066569481973,40.0074703179767,40.00828483059351,40.009094517319404
-0.08471999999999999,40.0,40.000000000000014,40.00000000016798,40.00000002588119,40.00000057909383,40.00000471029578,40.00002115167558,40.000065120034435,40.00015547802067,40.000310342509096,40.00054355138323,40.00086296172372,40.00127037653039,40.00176246956127,40.00233211958375,40.00296976213344,40.00366455544862,40.004405287718875,40.00518102694615,40.005981549138035,40.006797591323796,40.00762097447035,40.008444634780076,40.00926259388645
-0.08448,40.0,40.000000000000014,40.000000000191946,40.0000000286804,40.00000062948673,40.00000505310756,40.00002247452094,40.000068690433054,40.000163066766284,40.00032399186296,40.0005653062118,40.00089464913933,40.00131346703388,40.00181801644527,40.00240075752373,40.00305174335682,40.0037598054308,40.00451346755662,40.005301594316904,40.00611381338393,40.006940760679356,40.00777419500206,40.00860702148529,40.00943325483316
-0.08424,40.0,40.00000000000002,40.00000000021924,40.00000003177223,40.000000684087574,40.00000541968617,40.00002387559941,40.0000724445797,40.00017100060604,40.00033819633764,40.00058786011667,40.000927396266356,40.00135787852821,40.00187513335818,40.00247119312629,40.00313572279743,40.00385722431671,40.004623956514926,40.005424581492996,40.00624858052508,40.00708649094387,40.00793001217318,40.00877202112988,40.00960652835852
-0.08399999999999999,40.0,40.00000000000002,40.00000000025031,40.00000003518617,40.00000074323194,40.00000581159083,40.000025359246756,40.00007639124629,40.000179293941926,40.00035297642102,40.00061123942018,40.000961234495236,40.00140364641719,40.00193385856546,40.00254346640363,40.00322174121578,40.00395685277056,40.00473679448017,40.00555002705664,40.006385887451486,40.00723481704482,40.00808845877553,40.008939664274585,40.00978244275764
-0.08375999999999999,40.0,40.00000000000003,40.000000000285674,40.00000003895455,40.000000807280855,40.000006230476664,40.00002693002105,40.000080539586335,40.00018796171447,40.00036835326585,40.00063547119104,40.000996195997736,40.001450806880406,40.00199423107156,40.0026176180488,40.003309839982094,40.00405873198913,40.0048520217933,40.00567796996915,40.006525771361616,40.00738577415381,40.008249567787445,40.009109981615964,40.009961026417386
-0.08352,40.0,40.000000000000036,40.0000000003259,40.00000004311281,40.00000087662253,40.00000667810019,40.00002859271301,40.000084899149634,40.00019701942003,40.00038434870752,40.000660583260874,40.00103231374124,40.00149939688468,40.002056290628495,40.002693689441315,40.00340006107947,40.0041629037029,40.00496967924916,40.005808449569024,40.00666826975962,40.00753939768302,40.008413372369695,40.00928300398199,40.01014230781183
-0.08327999999999999,40.0,40.00000000000004,40.00000000037163,40.0000000476998,40.000000951674345,40.00000715632507,40.000030352356745,40.00008947989743,40.000206483128494,40.00040098528221,40.000686604241096,40.001069621503156,40.00154945419552,40.00212007774414,40.002771722652696,40.00349244710691,40.0042694101769,40.005089808095775,40.005941505569865,40.00681342045223,40.00769572328141,40.00857990586134,40.0094587623276,40.010326315497714
-0.08303999999999999,40.0,40.00000000000005,40.000000000423604,40.00000005275806,40.00000103288488,40.00000766712812,40.000032214240946,40.000094292218044,40.00021636950142,40.000418286245335,40.00071356353992,40.00110815388541,40.00160101738849,40.002185633690594,40.00285176045186,40.0035870412822,40.00437829421154,40.00521245003342,40.00607717805817,40.00696126154558,40.00785478683089,40.008749201775366,40.00963728773012,40.01051307810968
-0.0828,40.0,40.000000000000064,40.00000000048265,40.000000058334216,40.00000112073614,40.0000082126057,40.00003418392056,40.00009934694301,40.000226695810625,40.00043627559034,40.0007414913796,40.001147946329,40.00165412586069,40.00225300051235,40.00293384631041,40.00368388744456,40.0044895991431,40.00533764721346,40.00621550749089,40.00711183144185,40.00801662444232,40.00892129379428,40.009818611384595,40.01070262435555
-0.08256,40.0,40.00000000000007,40.0000000005497,40.00000006447927,40.000001215745854,40.00000879498036,40.00003626722886,40.00010465536371,40.00023747995717,40.00045497806784,40.00077041881387,40.001189035128625,40.00170881984209,40.00232222103443,40.003018024407694,40.0037830300572,40.00460336884418,40.005465442237096,40.006356534692905,40.00726516883576,40.00818127245131,40.00909621576553,40.01000276459897,40.01089498301142
-0.08231999999999999,40.0,40.000000000000085,40.00000000062581,40.00000007124908,40.000001318470005,40.00000941660785,40.00003847029004,40.000110229248506,40.0002487404909,40.00047441920506,40.00080037774551,40.001231457447396,40.001765140406874,40.002393338870384,40.0031043396358,40.00388451420965,40.00471964772389,40.005595878153876,40.006500300854206,40.00742131271091,40.00834876741398,40.00927400169682,40.0101897787892,40.01109018291667
-0.08207999999999999,40.0,40.00000000000011,40.00000000071216,40.00000007870474,40.00000142950545,40.000010079984484,40.00004079953232,40.000116080860465,40.00026049663034,40.00049462532562,40.00083140094422,40.00127525133159,40.00182312948477,40.002466398430165,40.003192837604345,40.00398838561994,40.00483848072785,40.00572899846002,40.00664684752704,40.007580302335946,40.008519146102444,40.00945468575124,40.01037968547423,40.011288252968924
-0.08184,40.0,40.00000000000013,40.000000000810104,40.000000086913055,40.000001549492765,40.00001078775487,40.000043261701514,40.00012222297553,40.0002727682831,40.000515623569626,40.000863522064535,40.001320455725484,40.00188282987227,40.00254144492793,40.003283564645116,40.00409469063654,40.004959913338034,40.005864847096596,40.00679621662275,40.00774217726055,40.00869244550031,40.009638302242415,40.01057251627087,40.011489222118854
-0.08159999999999999,40.0,40.000000000000156,40.00000000092114,40.00000009594708,40.000001679119215,40.00001154271998,40.000045863875144,40.00012866890126,40.00028557606669,40.000537441914105,40.00089677566402,40.00136711048616,40.001944285243844,40.00261852438964,40.003376567816524,40.0042034762402,40.005083991572384,40.006003468447425,40.006948450408544,40.00790697731131,40.00886870279786,40.009824885629335,40.01076830288855,40.01169311936495
-0.08135999999999999,40.0,40.000000000000185,40.00000000104696,40.00000010588664,40.000001819121984,40.00001234784574,40.00004861347709,40.000135432496236,40.000298941329916,40.00056010919378,40.000931197221604,40.001415256398424,40.002007540163056,40.002697683660614,40.00347189490792,40.00431479004548,40.00521076198422,40.006144907336875,40.00710359150397,40.00807474258735,40.009047955387224,40.010014470511194,40.01096707712399,40.011899973748136
-0.08112,40.0,40.00000000000022,40.000000001189484,40.00000011681898,40.00000197029154,40.00001320627184,40.00005151829285,40.00014252818983,40.00031288617461,40.00058365512211,40.00096682315606,40.001464935189766,40.00207264009364,40.002778970412855,40.00356959444364,40.00442868030214,40.00534027166146,40.006289209027415,40.00726168287729,40.008245513455876,40.009230240857306,40.01020709162202,40.01116887085572,40.01210981434634
-0.08088,40.0,40.00000000000026,40.000000001350855,40.00000012883934,40.00000213347527,40.000014121321165,40.00005458648526,40.000149971002784,40.00032743347796,40.000608110312704,40.00100369084466,40.001516189545214,40.00213963141043,40.002862433152266,40.00366971568697,40.004545195896355,40.00547256822561,40.00643641921694,40.00742276784164,40.00841933054749,40.00941559698862,40.01040278382525,40.01137371603848,40.01232267026892
-0.08063999999999999,40.0,40.00000000000031,40.00000000153349,40.000000142051725,40.00000230958128,40.0000150965096,40.00005782661095,40.000157776568166,40.00034260691519,40.00063350630104,40.001041838641974,40.00156906312237,40.00220856141029,40.0029481212257,40.0037723086438,40.00466438635161,40.00560769983057,40.00658658403592,40.007586890050966,40.008596234751366,40.009604061747936,40.010601582108066,40.011581644697586,40.012538570651074
-0.0804,40.0,40.00000000000038,40.00000000174011,40.00000015656964,40.000002499582486,40.000016135556244,40.00006124763725,40.0001659611531,40.000358430982836,40.00065987556646,40.001081305898815,40.0016236005663,40.00227947832287,40.00303608482785,40.0038774240662,40.00478630182943,40.00574571516115,40.00673975004437,40.00775409349581,40.0087762672102,40.00979567328282,40.010803521575724,40.011792688923094,40.012757544648046
-0.08016,40.0,40.000000000000455,40.000000001973774,40.00000017251692,40.000002704520945,40.000017242394236,40.000064858959874,40.00017454168101,40.00037493102247,40.00068725155451,40.001122132981344,40.001679847524535,40.002352431321235,40.00312637500793,40.0039851134556,40.00491099312993,40.00588666343144,40.0068959642285,40.007924422498895,40.008959469315066,40.00999046991592,40.01100863744562,40.0120068808639,40.012979621429345
-0.07991999999999999,40.0,40.00000000000054,40.00000000223789,40.000000190028636,40.00000292551242,40.00001842118197,40.00006867042114,40.00018353575449,40.00039213324486,40.00071566869958,40.00116436129023,40.00173785066196,40.00242747053249,40.00321904367622,40.004095429065956,40.00503851169205,40.00603059438289,40.007055273997274,40.008097921710466,40.00914588270002,40.01018849013926,40.01121696504137,40.01222425272171,40.013204830172775
-0.07967999999999999,40.0,40.00000000000065,40.00000000253632,40.00000020925202,40.00000316375128,40.00001967631495,40.0000726923289,40.00019296167885,40.00041006475468,40.000745162447835,40.001208033280044,40.00179765767575,40.00250464704813,40.00331414361035,40.00420842390654,40.005168909593586,40.0061775582822,40.00721772717866,40.0082746361035,40.00933554923656,40.01038977260821,40.011428539786586,40.01244483674489,40.013433200058465
-0.07944,40.0,40.000000000000774,40.00000000287337,40.00000023034756,40.000003420515625,40.000021012438076,40.00007693547613,40.00020283848627,40.0004287535757,40.000775769280445,40.00125319247864,40.00185931731025,40.00258401293437,40.00341172846147,40.00432415174455,40.00530223955097,40.00632760591892,40.007383372015695,40.008454610968634,40.00952851102793,40.01059435613539,40.01164339719869,40.012668665222236,40.013664760262714
-0.07919999999999999,40.0,40.000000000000924,40.00000000325389,40.00000025349011,40.00000369717279,40.00002243445861,40.000081411161226,40.00021318596059,40.00044822867642,40.0008075267371,40.001299883506775,40.00192287937175,40.00266562124225,40.00351185276011,40.00444266710745,40.00543855491881,40.00648078860285,40.007552257162295,40.008637891908975,40.00972481040318,40.01080227968444,40.011861572882445,40.0128957704766,40.01389953995181
-0.07895999999999999,40.0,40.0000000000011,40.0000000036833,40.00000027887008,40.000003995185146,40.000023947559654,40.00008613120901,40.00022402466283,40.00046851999624,40.000840473439816,40.00134815209764,40.00198839474332,40.00274952601762,40.00361457192189,40.004564025285106,40.00557790968916,40.00663715816118,40.007724431678895,40.0088245248346,40.00992448991108,40.01101358236354,40.012083102523476,40.01312618485838,40.014137568275714
-0.07872,40.0,40.00000000000131,40.00000000416769,40.00000030669481,40.00000431611624,40.00002555721431,40.000091107992475,40.00023537595729,40.00048965847213,40.00087464911701,40.001398045116694,40.00205591539948,40.00283578231091,40.003719942252964,40.00468828233163,40.00572035849053,40.00679676693535,40.00789994502775,40.00901455595698,40.010127592313864,40.01122830341884,40.012308021881545,40.01335994073901,40.0143788743617
-0.07848,40.0,40.000000000001556,40.00000000471386,40.00000033718994,40.00000466163731,40.0000272692004,40.00009635445529,40.00024726203838,40.00051167606573,40.00091009462786,40.00144961058139,40.00212549442083,40.00292444618682,40.003828020955254,40.00481549506694,40.00586595658663,40.0069596677777,40.00807884706811,40.00920803178302,40.01033416058077,40.01144648222774,40.01253636678379,40.01359707050417,40.01462348730781
-0.07823999999999999,40.0,40.000000000001855,40.00000000532944,40.00000037060096,40.00000503353421,40.00002908961593,40.000101884135034,40.00025970595814,40.00053460579101,40.00094685198691,40.001502897681036,40.00219718600858,40.00301557473368,40.00393886613139,40.004945721078116,40.00601475987484,40.0071259140478,40.0082611880511,40.009404999109066,40.010544237881376,40.01166815829195,40.012768173117756,40.01383760654703,40.01487143617636
-0.078,40.0,40.00000000000221,40.00000000602297,40.000000407194875,40.00000543371467,40.000031024895186,40.00010771118729,40.00027273165444,40.000558481742374,40.000984964388934,40.001557956796724,40.002271045498986,40.00310922607271,40.004052536789466,40.00507901872035,40.00616682488437,40.00729555960858,40.00844701861433,40.009605505014555,40.0107578675788,40.01189337123045,40.013003476824345,40.01408158126128,40.01512274998718
-0.07776,40.0,40.00000000000263,40.00000000680399,40.00000044726198,40.00000586421604,40.00003308182558,40.000113850410486,40.00028636397989,40.00058333912325,40.001024476234065,40.00161483952128,40.002347129377675,40.00320545936705,40.00416909284742,40.005215447117784,40.00632220877421,40.007468658822134,40.00863638977635,40.009809596855526,40.010975093222655,40.01212216077224,40.013242313890565,40.01432902703415,40.01537745771093
-0.07751999999999999,40.0,40.000000000003126,40.00000000768317,40.00000049111778,40.000006327213505,40.000035267565174,40.00012031727159,40.00030062873144,40.000609214275194,40.00106543315313,40.00167359867921,40.00242549529384,40.00330433483053,40.00428859513723,40.005355066163865,40.006480969330674,40.007645266545296,40.00882935293073,40.01001732225789,40.01119595854183,40.012354566748996,40.01348472034224,40.01457997623921,40.015635588262235
-0.07727999999999999,40.0,40.00000000000371,40.00000000867244,40.00000053910506,40.00000682502865,40.00003758966107,40.00012712793265,40.00031555268074,40.000636144707464,40.001107882033246,40.00173428834672,40.002506202074294,40.003405913736216,40.00441110540881,40.00549793652155,40.00664316496477,40.00782543812487,40.009025959840024,40.01022872911046,40.01142050743713,40.012590629087455,40.013730732236475,40.01483446122912,40.01589717049271
-0.07704,40.0,40.000000000004405,40.00000000978512,40.00000059159612,40.00000736013865,40.000040056068485,40.00013429927821,40.000331163605196,40.00066416912702,40.00115187104363,40.00179696387168,40.002589309737346,40.00351025842474,40.00453668633354,40.00564411962308,40.00680885470915,40.00800922939266,40.00922626262937,40.01044386555779,40.01164878397364,40.01283038780176,40.013980385654094,40.01509251432829,40.016162233183955
-0.0768,40.0,40.00000000000522,40.00000001103609,40.000000648995155,40.00000793518594,40.000042675170725,40.00014184894359,40.00034749031979,40.000693327469115,40.00119744966157,40.00186168189365,40.002674879506564,40.00361743231233,40.004665401507566,40.00579367766953,40.00697809821484,40.00819669666017,40.009430313779895,40.01066277999277,40.011880832372974,40.01307388298559,40.01423371669185,40.01535416782536,40.01643080504047
-0.07655999999999999,40.0,40.000000000006196,40.000000012441966,40.00000071174088,40.00000855298834,40.00004545579995,40.00014979534408,40.00036456270956,40.000723660928216,40.00124466869866,40.00192850036378,40.00276297382434,40.00372749989858,40.00479731545476,40.005946673629964,40.00715095574758,40.008387896712975,40.009638166121825,40.01088552104901,40.01211669700526,40.01332115480406,40.01449076145455,40.015619453965634,40.01670291468239
-0.07632,40.0,40.00000000000735,40.00000001402126,40.00000078030925,40.000009216549905,40.00004840725886,40.00015815770505,40.00038241176292,40.000755211989485,40.001293580327186,40.001997478564775,40.00285365636522,40.00384052677394,40.00493249362933,40.00610317124026,40.007327488183925,40.00858288680489,40.00984987282738,40.01111213759295,40.01235642238102,40.01357224348562,40.01475155604709,40.0158884049434,40.01697859063825
-0.07608,40.0,40.0000000000087,40.00000001579464,40.000000855216506,40.00000992907225,40.00005153934325,40.00016695609304,40.0004010696057,40.00078802446069,40.001344238106675,40.00206867713073,40.002946992049075,40.00395657962694,40.00507100241812,40.006263235001676,40.00750775700694,40.00878172465174,40.01006548740334,40.01134267871583,40.01260005314275,40.01382718931361,40.0150161365662,40.016161052894084,40.01725786133758
-0.07583999999999999,40.0,40.0000000000103,40.000000017785126,40.000000937022335,40.00001069396656,40.00005486236554,40.00017621144774,40.00042056953587,40.00082214350454,40.00139669701061,40.002142158066945,40.00304304705406,40.00407572625098,40.00521290914254,40.0064269301789,40.007691824301595,40.00898446842492,40.01028506368338,40.011577193725316,40.012847634056385,40.01408603261779,40.01528453909229,40.016437429886366,40.01754075510346
-0.07559999999999999,40.0,40.000000000012186,40.000000020018376,40.00000102633335,40.000011514866216,40.000058387179244,40.00018594561502,40.00044094605914,40.00085761567153,40.001451013453334,40.002217984769636,40.00314188882925,40.004198035551006,40.00535828206016,40.00659432279793,40.007879752749844,40.00919117674457,40.01050865582017,40.01181573213703,40.01309921000256,40.01434881376564,40.01555679968094,40.016717567914164,40.017827300144944
-0.07536,40.0,40.00000000001441,40.00000002252297,40.00000112380678,40.0000123956402,40.00006212520446,40.00019618138092,40.00046223492521,40.00089448893311,40.00150724531699,40.00229622204552,40.00324358610716,40.00432357754964,40.005507190365904,40.00676547964346,40.008071605625304,40.00940190867248,40.01073631827712,40.012058343665686,40.01335482596764,40.01461557315354,40.01583295435438,40.01700149888849,40.018117524549474
-0.07511999999999999,40.0,40.00000000001703,40.000000025330706,40.00000123015445,40.00001334040709,40.000066088454325,40.000206942506644,40.00048447316484,40.000932812715405,40.0015654519787,40.002376936131355,40.00334820891586,40.0044524233931,40.00565970419292,40.006940468255905,40.008267446787656,40.009616723704674,40.01096810581993,40.01230507821615,40.01361452703456,40.014886351197724,40.01611303909285,40.01728925462926,40.018411456275146
-0.07487999999999999,40.0,40.000000000020115,40.00000002847699,40.00000134614704,40.000014353549915,40.000070289562665,40.000218253764636,40.000507699127695,40.00097263793328,40.00162569433772,40.00246019471326,40.0034558285909,40.00458464535669,40.00581589461301,40.00711935692812,40.008467340676624,40.0098356817637,40.0112040735078,40.012555985874165,40.01387835837352,40.015161188325145,40.016397089825745,40.01758086685692,40.01870912314295
-0.07464,40.0,40.000000000023746,40.000000032001175,40.00000147261867,40.00001543973179,40.000074741812575,40.00023014097565,40.00053195252091,40.001014017024794,40.00168803484279,40.00254606694595,40.0035665177869,40.00472031684995,40.00597583363667,40.00730221470163,40.00867135230565,40.01005884319053,40.01144427668443,40.01281111689686,40.014146365232406,40.015440124964144,40.016685142422716,40.01787636718403,40.01901055282884
-0.0744,40.0,40.00000000002802,40.000000035947025,40.0000016104718,40.0000166039123,40.00007945916627,40.00024263104695,40.00055727444844,40.00105700398611,40.00175253751948,40.002634623471785,40.003680350488835,40.0048595124214,40.006139594212726,40.00748911136254,40.00887954725512,40.01028626873622,40.01168877096869,40.01307052170307,40.014418592927086,40.01572320153495,40.01697723268459,40.01817578710676,40.019315772855855
-0.07415999999999999,40.0,40.00000000003303,40.000000040363176,40.00000176068249,40.000017851364845,40.00008445629601,40.00025575201151,40.00058370745121,40.001101654406746,40.001819267997604,40.00272593643958,40.003797402022954,40.00500230776288,40.00630725022759,40.00768011743699,40.009091991665365,40.01051801955322,40.01193761224501,40.01333425086332,40.01469508683148,40.01601045844007,40.01727339633418,40.01847915799622,40.01962481058605
-0.07392,40.0,40.00000000003893,40.00000004530364,40.000001924306034,40.00001918769483,40.000089748616254,40.000269533068426,40.00061129554797,40.001148025505195,40.00188829353868,40.00282007952333,40.00391774906742,40.0051487797135,40.006478876504005,40.00787530418624,40.0093087522291,40.010754157186255,40.01219085665351,40.013602355089716,40.01497589236741,40.01630193605444,40.017573669006964,40.01878651108971,40.01993769321243
-0.07368,40.0,40.00000000004586,40.0000000508284,40.000002102483,40.000020618858834,40.000095352317054,40.000284004624355,40.00064008427693,40.001196176164925,40.001959683063404,40.00291712794055,40.004041469662525,40.005299006263094,40.00665454879939,40.008074743601284,40.00952989618368,40.01099474356306,40.01244856057984,40.013874885225434,40.01526105499429,40.01659767471549,40.017878086241666,40.019097877481954,40.02025444775072
-0.07343999999999999,40.0,40.00000000005398,40.000000057003994,40.00000229644568,40.0000221511847,40.000101284398674,40.00029919833612,40.000670120738214,40.001246166970674,40.00203350717911,40.003017158470506,40.00416864322052,40.00545306655533,40.00683434380377,40.00827850839709,40.009755491302755,40.01123984098461,40.01271078064471,40.01415189223409,40.01555062019862,40.01689771471302,40.01818668347065,40.01941328811612,40.0205751010312
-0.07319999999999999,40.0,40.00000000006351,40.000000063904274,40.00000250752498,40.000023791392756,40.00010756270757,40.00031514715447,40.00070145363694,40.001298060245134,40.00210983820716,40.003120249472126,40.00429935053509,40.00561104089028,40.007018339137176,40.00848667200636,40.00998560588776,40.01148951211509,40.01297757369318,40.01443342718885,40.01584463348326,40.01720209627893,40.01849949601027,40.019732773774805,40.020899679690295
-0.07296,40.0,40.00000000007468,40.00000007161108,40.000002737157864,40.00002554661801,40.000114205973645,40.000331885368986,40.000734133327214,40.00135192008588,40.002188750210415,40.00322648090161,40.004433673790395,40.00577301072653,40.00720661334661,40.008699308572886,40.01022030875883,40.01174381997151,40.013248996783595,40.01471954126123,40.01614314035654,40.01751085957677,40.01881655905104,40.020056365070936,40.02122821016226
-0.07271999999999999,40.0,40.00000000008776,40.000000080215166,40.00000298689521,40.00002742443352,40.00012123384892,40.00034944865419,40.000768211856695,40.001407812402654,40.00227031902047,40.00333593432976,40.004571696569634,40.00593905868286,40.00739924590255,40.00891649294443,40.0104596692454,40.012002827912966,40.01352510717631,40.01501028570978,40.01644618632113,40.01782404469119,40.01913790764769,40.020384092438555,40.02156071867068
-0.07247999999999999,40.0,40.00000000010307,40.000000089817036,40.000003258410274,40.00002943287492,40.0001286669476,40.00036787411682,40.00080374301204,40.001465804954826,40.002354622264896,40.003448692958976,40.004713503863194,40.006109268539355,40.00759631719487,40.00913830066514,40.01070375717639,40.01226659962956,40.013805962322024,40.01530571186839,40.01675381686279,40.01814169161715,40.01946357670913,40.020715986123506,40.021897231219945
-0.07224,40.0,40.00000000012099,40.000000100527984,40.00000355350772,40.000031580466135,40.00013652688757,40.00038720034428,40.000840782364996,40.00152596738922,40.002441739394406,40.00356484163991,40.00485918207634,40.00628372523802,40.007797908528374,40.009364807967565,40.01095264286997,40.01253519913101,40.01409161984994,40.015605871134476,40.01706607743884,40.01846384024911,40.01979360098829,40.02105207617406,40.02223777358669
-0.072,40.0,40.000000000141945,40.00000011247123,40.000003874133235,40.00003387624639,40.000144836333405,40.00040746745438,40.000879387319216,40.00158837127809,40.002531751709746,40.00368446688768,40.00500881903634,40.00646251488293,40.00800410211776,40.00959609176408,40.011206397122926,40.01280869073479,40.01438213755553,40.01591081495683,40.017383013466514,40.018790530369884,40.02012801507179,40.02139239243145,40.02258237131109
-0.07175999999999999,40.0,40.00000000016644,40.00000012578305,40.000004222383836,40.00003632979853,40.00015361904084,40.000428717146214,40.00091961715784,40.001653090157326,40.00262474238856,40.00380765689783,40.005162503999195,40.0066457247397,40.008214981082,40.009832229637986,40.01146509119959,40.013087139054065,40.01467757338805,40.01622059482334,40.01770467031108,40.01912180163954,40.02046685336962,40.021736964520294,40.0229310496882
-0.07152,40.0,40.000000000195044,40.0000001406142,40.00000460051885,40.00003895127869,40.00016289990287,40.00045099275232,40.000961533091676,40.00172019956488,40.00272079651198,40.00393450156172,40.00532032765572,40.00683344323455,40.00843062943831,40.01007329983398,40.011728796820364,40.01337060898516,40.01497798543776,40.01653526224833,40.0180310932738,40.01945769358403,40.02081015010453,40.022085821838935,40.023283833759116
-0.07128,40.0,40.00000000022844,40.00000015713129,40.00000501097158,40.0000417514474,40.00017270499737,40.00047433929208,40.00100519830816,40.0017897770793,40.00282000109103,40.004065092481575,40.005482382137146,40.00702575995269,40.008651132095466,40.01031938124824,40.01199758614981,40.01365916569472,40.01528343192285,40.016854868759815,40.01836232757962,40.01979824558367,40.02115793930148,40.02243899354974,40.02364074830219
-0.07103999999999999,40.0,40.0000000002674,40.000000175518416,40.00000545636183,40.000044741702155,40.000183061636406,40.00049880352632,40.00105067802091,40.001861902358456,40.00292244509282,40.00419952298499,40.00564876102013,40.00722276563615,40.008876574846624,40.010570553417956,40.01227153178431,40.0139528746065,40.01559397117608,40.01717946588639,40.01869841836483,40.02014349686158,40.021510254776864,40.02279650856927,40.024001817824114
-0.07079999999999999,40.0,40.00000000031282,40.00000019597891,40.00000593950919,40.000047934111585,40.000193998417124,40.00052443401323,40.00109803952001,40.001936657178334,40.00302821946638,40.00433788813903,40.00581955933121,40.00742455218104,40.009107044361556,40.010826896510366,40.01255070673929,40.0142518013878,40.015909661631056,40.017509105143965,40.01903941066437,40.020493486471835,40.02186713012768,40.02315839555842,40.02436706655096
-0.07056,40.0,40.000000000365766,40.000000218737235,40.00000646344717,40.0000513414511,40.00020554527445,40.000551281165485,40.00114735222282,40.00201412547195,40.00313741716831,40.004480284763744,40.005994873550584,40.007631212634145,40.00934262817831,40.01108849131132,40.01283518443606,40.01455601193551,40.016230561808335,40.017843838022216,40.019385349399066,40.02084825328761,40.02222859872058,40.02352468291241,40.02473651841917
-0.07032,40.0,40.00000000042743,40.00000024404106,40.000007031438344,40.00005497724029,40.00021773353539,40.00057939730867,40.00119868772554,40.00209439336829,40.00325013318802,40.004626811445185,40.00617480161533,40.00784284118891,40.00958341469428,40.01135541921326,40.01312503868809,40.01486557236183,40.01655673030113,40.01818371597085,40.019736279362625,40.0212078359891,40.02259469368084,40.02389539875078,40.025110197066546
-0.07007999999999999,40.0,40.000000000499206,40.00000027216357,40.00000764699035,40.00005885578202,40.00023059597523,40.00060883674094,40.00125211985523,40.00217754923131,40.00336646457265,40.0047775685478,40.006359442921955,40.00805953318079,40.00982949315672,40.011627762202735,40.01342034368701,40.01518054897959,40.01688822576075,40.01852879038558,40.02009224520848,40.02157227305135,40.022965447881155,40.024270570907284,40.02548812582312
-0.06984,40.0,40.00000000058271,40.00000030340593,40.000008313873,40.00006299220327,40.000244166875454,40.00063965579396,40.00130772472253,40.002263683698935,40.003486510451594,40.00493265822632,40.00654889832825,40.00828138508194,40.01008095365259,40.01190560284739,40.01372117398802,40.01550100828726,40.01722510688178,40.018879112593915,40.02045329143643,40.02194160273187,40.023340893930445,40.02465022691967,40.02587032770199
-0.0696,40.0,40.00000000067979,40.00000033810005,40.00000903613646,40.000067402497855,40.000258482083524,40.00067191289512,40.001365580774845,40.00235288972197,40.003610372060606,40.00509218443695,40.00674327015451,40.00850849449523,40.010337887097826,40.01218902428238,40.014027604494935,40.015827016953494,40.017567432386905,40.01923473384069,40.02081946237913,40.02231586305827,40.02372106416248,40.02503439401948,40.02625682539015
-0.06935999999999999,40.0,40.00000000079261,40.0000003766115,40.0000098181305,40.000072103571014,40.00027357907454,40.00070566863098,40.00142576885011,40.002445262603,40.00373815276546,40.005256252947945,40.00694266218399,40.00874096014753,40.01060038522603,40.01247811019624,40.01433971044476,40.016158641801404,40.0179152610115,40.019595705273396,40.02119080218838,40.02269509181557,40.02410599062441,40.02542309912169,40.026647641239244
-0.06911999999999999,40.0,40.00000000092364,40.000000419342804,40.00001066452507,40.000077113286046,40.000289497014805,40.00074098581199,40.00148837223103,40.002540900035186,40.00386995808513,40.00542497134952,40.00714717966269,40.00897888188236,40.0108685405764,40.01277294481633,40.01465756739178,40.016495949792436,40.01826865148791,40.019962077927225,40.02156735482125,40.023079326533576,40.0244957050653,40.025816368814354,40.027042797256286
-0.06888,40.0,40.00000000107572,40.000000466736935,40.00001158033208,40.0000824505129,40.00030627682732,40.00077792953847,40.001553476699804,40.00263990214091,40.00400589571446,40.005598449063065,40.00735692929832,40.00922236065184,40.01114244648121,40.01307361289352,40.01498125119127,40.01683900800984,40.01862766252939,40.02033390270998,40.021949164026076,40.02346860447394,40.02489023892441,40.026214229348184,40.027442315094355
-0.06863999999999999,40.0,40.00000000125214,40.000000519281194,40.000012570928504,40.00008813517892,40.00032396125923,40.00081656726787,40.00162117059331,40.002742371510244,40.00414607554623,40.005776797349604,40.00757201925859,40.009471498507764,40.01142219705243,40.01338019968656,40.01531083798265,40.01718788364182,40.01899235281383,40.020711230386674,40.02233627332818,40.02386296261729,40.025289623319544,40.026616706625994,40.02784621604322
-0.06839999999999999,40.0,40.000000001456684,40.0000005775114,40.000013642080965,40.000094188321825,40.000342594951306,40.00085696888316,40.00169154485866,40.0028484132392,40.00429060969275,40.0059601293175,40.007792559168614,40.00972639859212,40.01170788716787,40.0136927909457,40.015646404172266,40.0175426439643,40.01936278096717,40.02109411156394,40.02272872601555,40.02426243765004,40.025693889035246,40.0270238261922,40.02825452101998
-0.06816,40.0,40.00000000169369,40.00000064201646,40.00001479997176,40.000100632144836,40.00036222450945,40.000899206762575,40.00176469310918,40.00295813496778,40.00443961250674,40.00614855992944,40.00801866010758,40.00998716512675,40.01199961245653,40.01401147289584,40.01598802641566,40.017903356323316,40.01973900554648,40.02148259667426,40.02312656512426,40.02466706595126,40.026103066510906,40.02743561322219,40.028667250559636
-0.06792,40.0,40.00000000196816,40.00000071344333,40.00001605122648,40.00010749007421,40.00038289857821,40.00094335585048,40.001840711680735,40.003071646917675,40.00459320060155,40.006342206008526,40.00825043460454,40.01025390340222,40.01229746928336,40.014336332219116,40.01633578159942,40.01827008811704,40.020121085022794,40.02187673595991,40.0235298334238,40.025076883579324,40.02651718582878,40.02785209251166,40.02908442480564
-0.06767999999999999,40.0,40.00000000228582,40.00000079250245,40.00001740294326,40.00011478681916,40.0004046679164,40.00098949372946,40.00191969968833,40.00318906192972,40.004751492870774,40.00654118624355,40.00848799663338,40.01052671976599,40.012601554733294,40.01466745603688,40.01668974682249,40.018642906777465,40.02050907776368,40.02227657945671,40.02393857340218,40.02549192625846,40.02693627670199,40.02827328846591,40.02950606350044
-0.06744,40.0,40.00000000265328,40.000000879973605,40.00001886272379,40.00012254843425,40.000427585474895,40.00103770069364,40.00200175908301,40.00331049550085,40.00491461050706,40.00674562119347,40.0087314616069,40.01080572160971,40.012911966594594,40.015004931891134,40.017049999377136,40.019021879751655,40.02090304201548,40.02268217697762,40.02435282725093,40.02591222936521,40.027360368462396,40.028699225089106,40.029932185975966
-0.0672,40.0,40.00000000307809,40.000000976712336,40.00002043870615,40.000130802384284,40.000451706476426,40.001088059823054,40.00208699470897,40.00343606582077,40.00508267702018,40.00695563329085,40.008980946370016,40.011091017355724,40.013228803341526,40.01534884772534,40.017416616729314,40.01940707448273,40.021303035885325,40.02309357809603,40.024772636849946,40.02633782791479,40.0277894900484,40.02912992597345,40.03036281114413
-0.06695999999999999,40.0,40.00000000356892,40.00000108365684,40.000022139599544,40.000139577611954,40.00047708849765,40.0011406570593,40.00217551436091,40.00356589380812,40.005255818254284,40.007171346844515,40.009236569192055,40.01138271644283,40.013552164116305,40.01569929186474,40.01778967649868,40.01979855839039,40.02170911732278,40.02351083212893,40.025198043752134,40.02676875654732,40.02822366999271,40.029565414288385,40.03079795748726
-0.06671999999999999,40.0,40.000000004135714,40.000001201835566,40.00002397472105,40.00014890460804,40.00050379155332,40.001195581282175,40.00226742884144,40.00370010314608,40.00543416240435,40.00739288804117,40.0094984497581,40.011680929311055,40.01388214871034,40.016056352996,40.01816925643809,40.02019639885117,40.022121344101336,40.0239339881198,40.02562908916797,40.02720504951396,40.02866293641003,40.03000571276967,40.031237643048584
-0.06648,40.00000000000001,40.00000000478985,40.00000133237534,40.00002595403453,40.000158815484475,40.000531878182684,40.00125292438746,40.002362852018706,40.003838820317505,40.00561784003168,40.00762038494604,40.0097667091594,40.01198576738572,40.01421885754476,40.01642012014633,40.018555434412626,40.020600663178215,40.02253977379956,40.02436309482139,40.0260658139499,40.02764674066297,40.02910731698466,40.03045084370853,40.031681885422664
-0.06624,40.00000000000001,40.00000000554436,40.000001476510256,40.00002808819167,40.000169344050285,40.00056141353806,40.00131278136579,40.00246190088393,40.00398217463941,40.005806984078546,40.00785396750251,40.0100414698828,40.01229734306057,40.014562391650216,40.01679068266194,40.01894828837816,40.02101141860085,40.02296446378193,40.0247982006782,40.02650825857655,40.02809386342566,40.02955683895808,40.030900828940666,40.03213070174578
-0.06599999999999999,40.00000000000001,40.00000000641414,40.000001635591275,40.000030388575446,40.00018052589039,40.00059246547564,40.00137525038249,40.002564695609074,40.00413029829684,40.006001729881824,40.00809376753076,40.010322855799174,40.01261576968006,40.01491285264596,40.01716813018603,40.0193478963595,40.02142873224365,40.02339547117954,40.02523935380884,40.0269564631369,40.02854645080222,40.030011529116464,40.03135568983532,40.03258410868638
-0.06576,40.00000000000001,40.00000000741625,40.000001811096645,40.000032867345965,40.000192398447496,40.0006251046486,40.00144043285846,40.00267135960439,40.004283326376,40.00620221518563,40.0083399187252,40.0106109921509,40.01294116152077,40.01527034271817,40.01755255263605,40.01975433642797,40.02185267110524,40.023832852870385,40.0256866019882,40.02741046731422,40.029004535347525,40.03047141377811,40.031815447284266,40.033042122435496
-0.06552,40.000000000000014,40.00000000857014,40.00000200464318,40.00003553748883,40.000205001107,40.00065940460229,40.00150843355197,40.00278201957587,40.00444139689664,40.00640858015296,40.00859255665097,40.0109060055382,40.01327363377187,40.01563496459753,40.017944040180474,40.02016768667868,40.022283302036726,40.0242766654595,40.026139992629346,40.02787031036995,40.02946814915681,40.03093651878087,40.03228012169081,40.03350475869712
-0.06527999999999999,40.000000000000014,40.00000000989806,40.00000221799844,40.00003841286627,40.00021837528516,40.00069544187185,40.00157936064141,40.00289680558256,40.004604650843696,40.00662096737614,40.00885181873915,40.01120802390455,40.01361330251473,40.01600682153613,40.01834268321491,40.02058802520717,40.022720691719755,40.024726965258814,40.026599572765384,40.02833603112743,40.0299373238513,40.031406869469514,40.03274973295873,40.033972032678655
-0.06504,40.000000000000014,40.00000001142538,40.00000245309394,40.000041508270954,40.00023256452041,40.000733296081975,40.00165332580887,40.00301585109363,40.004773232197984,40.006839521886285,40.00911784428095,40.01151717652095,40.013960284701625,40.0163860172835,40.018748572337635,40.02101543008568,40.023164906644254,40.02518380826669,40.02706538903097,40.02880766795549,40.0304120905637,40.03188249068303,40.03322430048124,40.03444395908129
-0.0648,40.00000000000002,40.000000013181044,40.00000271203943,40.00004483948282,40.00024761456808,40.00077305004894,40.001730444324586,40.00313929304518,40.004947287966026,40.007064391161435,40.00939077442056,40.011833593969094,40.014314698133475,40.016772656061995,40.01916179832456,40.02144997933901,40.02361601308583,40.025647250147294,40.02753748764381,40.029285258751976,40.030892479923715,40.03236340674193,40.03370384312993,40.034920552090426
-0.06455999999999999,40.00000000000003,40.00000001519805,40.0000029971383,40.00004842332888,40.000263573498465,40.00081478988493,40.00181083513216,40.003267271896725,40.005126968208906,40.00729572513359,40.00967075214691,40.01215740812353,40.01467666143667,40.01716684254134,40.01958245210355,40.0218917509198,40.0240740770828,40.02611734620971,40.02801591438587,40.029768840927105,40.03137852204338,40.0328496414355,40.03418837924371,40.03540182536614
-0.06431999999999999,40.000000000000036,40.00000001751397,40.00000331090423,40.00005227774625,40.0002804917984,40.00085860510453,40.00189462093447,40.00339993168721,40.005312426070105,40.00753367619444,40.0099579222841,40.012488752132576,40.015046294038896,40.0175686818125,40.02001062472819,40.02234082268344,40.02453916441291,40.02659415138676,40.02850071458445,40.03025845138673,40.03187024650246,40.03334121800899,40.03467792661769,40.035887792033556
-0.06408,40.00000000000005,40.0000000201716,40.00000365607917,40.0000564218485,40.000298422476355,40.00090458873357,40.00198192828027,40.003537420090645,40.005503817802214,40.007778399199786,40.01025243148057,40.012827760398196,40.015423716144156,40.01797827936065,40.02044640735091,40.02279727236254,40.02501134056972,40.02707772021365,40.028991933093174,40.030754126515546,40.03236768233364,40.033838159150854,40.03517250249213,40.036378464673376
-0.06384,40.00000000000006,40.00000002321962,40.00000403565275,40.000060875995445,40.00031742117119,40.00095283742004,40.00207288765143,40.00367988847112,40.005701302792545,40.00803005147263,40.01055442819696,40.01317456855465,40.01580904870662,40.01839574103754,40.02088989119559,40.02326117754087,40.02549067073866,40.027568106806314,40.02948961427269,40.03125590216014,40.032870858007826,40.03434048697986,40.03567212354137,40.0368738553123
-0.06359999999999999,40.00000000000008,40.00000002671338,40.00000445288317,40.00006566186659,40.00033754626458,40.00100345154735,40.00216763355065,40.00382749193724,40.005905043587525,40.008288792804876,40.01086406269263,40.01352931344603,40.01620241340367,40.01882117303293,40.02134116752945,40.02373261562697,40.025977219772756,40.02806536483964,40.02999380197134,40.03176381361194,40.033379801419244,40.034848223032284,40.036176805862716,40.037373975413544
-0.06336,40.00000000000009,40.00000003071581,40.00000491131975,40.00007080253833,40.00035885899721,40.001056535349726,40.00226630458974,40.00398038939592,40.0061152059158,40.00855478545759,40.011181487010816,40.013892133102516,40.016603932607886,40.0192546818454,40.021800327634494,40.024211663827195,40.026471052168034,40.02856954752534,40.030504539505564,40.03227789559014,40.03389453987057,40.035361388249044,40.036686564965414,40.03787883586735
-0.06312,40.00000000000012,40.00000003529834,40.00000541482723,40.000076322565015,40.00038142358879,40.00111219702975,40.00236904357829,40.004138743605345,40.006331958710035,40.00882819415976,40.0115068549624,40.014263166715544,40.01701372935806,40.019696374252234,40.02226746277821,40.024698399118435,40.02697223203864,40.02908070758973,40.03102186964033,40.0327981822245,40.03441510005804,40.03588000296279,40.03720141575958,40.03838844698155
-0.06287999999999999,40.000000000000156,40.00000004054209,40.00000596761188,40.00008224806417,40.000405307362016,40.00117054887803,40.00247599761261,40.00430272122715,40.00655547412735,40.00910918610558,40.011840322108206,40.014642554611655,40.017431927329234,40.02014635727862,40.02274266418383,40.025192898220304,40.027480823091594,40.029598897251184,40.03154583456922,40.03332470703802,40.034941508056434,40.036404086885064,40.03772137254514,40.03890281847212
-0.06264,40.00000000000019,40.00000004653905,40.00000657424965,40.00008860680592,40.000430580870436,40.00123170739504,40.00258731816507,40.004472492877646,40.00678592756824,40.00939793095012,40.01218204573992,40.015030438225146,40.01785865080168,40.02060473816608,40.023226022999864,40.025695237566985,40.02799688860132,40.03012416819748,40.03207647589457,40.03385750292964,40.03547378930412,40.036933659093364,40.03824644900086,40.03942195945378
-0.0624,40.00000000000025,40.000000053393514,40.00000723971648,40.00009542830681,40.00045731803037,40.00129579341494,40.00270316117347,40.00464823317812,40.00702349769398,40.00969460080341,40.01253218485945,40.01542696006946,40.01829402462896,40.021071624340046,40.023717630269154,40.02620549327858,40.0285204913838,40.03065657156289,40.03261383460736,40.034396602156804,40.03601196858801,40.037468738018305,40.038776658173276,40.03994587843073
-0.06215999999999999,40.00000000000031,40.00000006122366,40.000007969420714,40.000102743928224,40.00048559625694,40.00136293223145,40.00282368713065,40.00483012080398,40.00726836644255,40.00999937022282,40.01289090015686,40.01583226370732,40.018738174204906,40.02154712337674,40.02421757689731,40.026723741132116,40.02905169377048,40.03119615790509,40.033157951067054,40.034942036317936,40.036556070028496,40.03800934143073,40.03931201246579,40.040474583287214
-0.061919999999999996,40.00000000000039,40.000000070163274,40.00000876923816,40.00011058697953,40.00051549660415,40.00143325372573,40.002949061174036,40.00501833853277,40.00752071904277,40.01031241620385,40.0132583539867,40.01624649371953,40.019191225429616,40.02203134296922,40.02472595362054,40.02725005653203,40.02959055758188,40.031742977181885,40.033708864981286,40.035493836334936,40.03710611706443,40.038555486428805,40.039852523627694,40.04100808127835
-0.06167999999999999,40.0000000000005,40.00000008036378,40.00000964554953,40.00011899282619,40.000547103909284,40.00150689249612,40.00307945317511,40.00521307329095,40.00778074402681,40.01063391816903,40.013634710342785,40.016669795672584,40.01965330467439,40.02252439089266,40.02524285097297,40.02778451448037,40.03013714410093,40.03229707872772,40.03426661538546,40.036052032435556,40.037662132438,40.03910718942523,40.04039820274326,40.04154637902086
-0.061439999999999995,40.000000000000625,40.00000009199643,40.00001060528079,40.00012799900288,40.0005805069414,40.00158398798978,40.00321503782877,40.005414516199345,40.00804863324086,40.010964057955086,40.01402013483145,40.01710231608489,40.02012453874569,40.023026374968886,40.025768359253334,40.02832718954648,40.030691514046005,40.03285851123012,40.03483124062225,40.03661665413576,40.03822413817965,40.039664466134326,40.04094906022089,40.042089482483924
-0.0612,40.00000000000078,40.00000010525475,40.000011655946324,40.000137645332025,40.000615798554215,40.00166468463618,40.003355994742336,40.005622862617074,40.00832458185401,40.01130301979834,40.014414794643116,40.017544202391655,40.02060505484803,40.02353740303006,40.02630256849114,40.02887815583639,40.03125372754374,40.033427322705776,40.03540277832099,40.03718773022203,40.038792155592986,40.04022733155929,40.04150510578226,40.042637396980055
-0.06095999999999999,40.00000000000099,40.00000012035737,40.000012805695235,40.00014797404773,40.000653075843246,40.00174913198218,40.003502508524264,40.00583831218411,40.00860878836515,40.01165099031812,40.014818858522254,40.01799560290851,40.02109498054588,40.02405758288171,40.026845568412256,40.02943748696173,40.031823844101545,40.03400356047669,40.03598126537697,40.03776528873363,40.03936620523969,40.04079579997935,40.042066348451556,40.04319012715606
-0.060719999999999996,40.000000000001236,40.00000013755109,40.000014063361,40.00015902992532,40.00069244030734,40.00183748482892,40.0036547688723,40.00606106886209,40.00890145460793,40.012008158498304,40.015232496735706,40.018456666793774,40.02159444372446,40.02458702226486,40.02739744840398,40.03000525600832,40.032401922579886,40.03458727114599,40.03656673793067,40.03834935694487,40.03994630692441,40.041369884937076,40.042632796544744,40.043747676984
-0.06047999999999999,40.000000000001556,40.000000157114336,40.00001543851462,40.00017086041688,40.000733998014546,40.0019299033702,40.00381297066114,40.00629134097348,40.0092027857536,40.01237471566689,40.01565588103927,40.01892754400931,40.0221035725496,40.025125828817515,40.02795829747949,40.030581535504375,40.03298802116431,40.03517850057365,40.03715923134692,40.038939961347296,40.04053247967973,40.0419495992256,40.04320445765888,40.044310049752305
-0.060239999999999995,40.00000000000195,40.00000017936106,40.00001694152152,40.000183515792635,40.00077785977243,40.002026553332364,40.003977314029285,40.006529341238924,40.009512990311805,40.012750855473556,40.01608918464264,40.0194083852801,40.02262249542644,40.02567411003529,40.02852820424186,40.031166397388276,40.033582197337246,40.03577729385214,40.03775878019395,40.03953712763192,40.04112474175107,40.04253495487599,40.04378133866148,40.04487724805687
-0.06,40.000000000002444,40.00000020464501,40.00001858360237,40.00019704928875,40.00082414130277,40.002127606115636,40.004148004465186,40.00677528681264,40.0098322801291,40.013136773865156,40.01653258217254,40.01989934205242,40.02315134095724,40.02623197323135,40.02910725684742,40.03175991297611,40.03418450784959,40.03638369528186,40.03836541822244,40.04014088067136,40.04172311058164,40.0431259631446,40.04436344567998,40.045449273792286
-0.059759999999999994,40.000000000003055,40.00000023336457,40.00002037689816,40.00021151726142,40.00087296342076,40.00223323893664,40.00432525289232,40.007029399315876,40.010160870385285,40.01353266905915,40.01698624963419,40.02040056645058,40.02369023789802,40.02679952549555,40.0296955429687,40.03236215292876,40.03479500869202,40.03699774834644,40.038979178344455,40.04075124450207,40.0423276027975,40.04372263450047,40.04495078409121,40.046026128143104
-0.059519999999999997,40.00000000000382,40.00000026596808,40.00002233453979,40.00022697934764,40.000924452218534,40.00234363497224,40.004509275753314,40.00729190486817,40.010498979587275,40.01393874151485,40.01745036437098,40.02091221123242,40.02423931511426,40.02737687365286,40.03029314975682,40.032973187218644,40.03541375506615,40.037619495688006,40.03960009261237,40.041368242306504,40.04293823419251,40.04432497861285,40.04554335851102,40.04660781157521
-0.05927999999999999,40.000000000004775,40.000000302959855,40.00002447072225,40.00024349863279,40.00097873925325,40.002458983504376,40.004700295092796,40.007563034116465,40.01084682956074,40.01435519390253,40.017925105022265,40.021434429743245,40.02479870153547,40.02796412422106,40.03090016380332,40.0335930850962,40.03604080135544,40.03824897908227,40.04022819219774,40.041991896395274,40.043555019713445,40.04493300433871,40.046141172783855,40.04719432382722
-0.059039999999999995,40.00000000000596,40.00000034490675,40.00002680078393,40.00026114182522,40.00103596173948,40.00257948006586,40.004898538638955,40.00784302226186,40.01120464543909,40.01478223107032,40.01841065147946,40.0219673758685,40.02536852610885,40.02856138336762,40.031516671101556,40.03422191505598,40.03667620109597,40.038886239413536,40.04086350737014,40.04262222818941,40.04417797344507,40.045546719710345,40.04674422997254,40.04778566390207
-0.0588,40.00000000000743,40.0000003924456,40.00002934129115,40.00027997943804,40.001096262746145,40.00270532658708,40.00510423988357,40.008132109083896,40.011572655650035,40.01522006000881,40.01890718484027,40.02251120398497,40.02594891775183,40.02916875686599,40.03214275700759,40.03485974480246,40.03732000694694,40.03953131664963,40.04150606747598,40.043259258202504,40.04480710859534,40.04616613192306,40.04735253234808,40.04838183005854
-0.058559999999999994,40.000000000009265,40.00000044629137,40.00003211012836,40.0003000859783,40.00115979139766,40.00283673154331,40.005317638160534,40.0084305389624,40.011951091899455,40.015668889813355,40.01941488736106,40.0230660689106,40.02654000530362,40.02978635005108,40.03277850620059,40.03550664121552,40.037972270661086,40.04018424981672,40.04215590091729,40.04390300602303,40.04544243748059,40.04679124732289,40.04796608137951,40.04898281980306
-0.05832,40.00000000001153,40.000000507246256,40.000035126594156,40.00032154014383,40.00122670307958,40.00297391010263,40.0055389787225,40.00873856089657,40.01234018915262,40.01612893164414,40.019933942407334,40.02363212585291,40.02714191747574,40.03041426777401,40.03342400264273,40.03616267031566,40.038633043054865,40.04084507697408,40.04281303513051,40.04455349029658,40.0460839715108,40.04742207139449,40.04858487772394,40.049588629881406
-0.05807999999999999,40.000000000014346,40.00000057620983,40.00003841150365,40.00034442502775,40.00129715964848,40.00311708427426,40.005768512815685,40.00905642852136,40.012740185612664,40.016600398683714,40.02046453440242,40.024209530356,40.02775478280151,40.031052614356256,40.0340793295387,40.0368278972289,40.0393023739785,40.04151383518879,40.04347749656529,40.04521072870819,40.046731721174964,40.04805860874897,40.04920892121659,40.05019925627067
-0.057839999999999996,40.00000000001783,40.00000065419018,40.00004198729734,40.00036882833105,40.001371329646034,40.00326648305711,40.00600649775265,40.009384400120986,40.013151322696174,40.01708350609227,40.021006848774185,40.02479843824613,40.028378729584595,40.031701493543004,40.034744569294666,40.03750238615145,40.03998031228592,40.04219056051037,40.044149310663244,40.04587473796474,40.04738569602653,40.04870086311195,40.04983821086098,40.05081469417124
-0.0576,40.00000000002214,40.00000074231634,40.00004587815696,40.00039484258331,40.00144938851739,40.00342234258847,40.00625319698275,40.00972273863942,40.01357384500596,40.01757847096038,40.02156107189987,40.02539900557589,40.029013885846496,40.03236100845593,40.03541980347692,40.03818620031406,40.040666905804486,40.04287528794536,40.044828501836776,40.04654553377732,40.04804590466886,40.04934883731163,40.050472744819224,40.051434937998856
-0.057359999999999994,40.00000000002746,40.00000084185203,40.000050110128676,40.00042256537175,40.00153151883358,40.003584906292566,40.00650888016033,40.01007171168779,40.01400800030079,40.01808551225931,40.02212739104902,40.026011388567014,40.02966037927304,40.03303126154518,40.03610511276997,40.038879401946154,40.04136220130468,40.04356805143189,40.0455150934479,40.04722313084374,40.04871235474082,40.05000253326705,40.051112520402384,40.05205998137691
-0.05712,40.00000000003404,40.00000095421083,40.000054711253924,40.00045209957876,40.001617910517936,40.00375442502891,40.006773823210324,40.01043159154863,40.01445403946215,40.01860485078881,40.022705994324454,40.02663574355168,40.03031833715995,40.03371235454083,40.03680057693432,40.03958205223974,40.042066244469595,40.044268883814205,40.04620910778707,40.04790754283111,40.04938505290248,40.050661951976295,40.05175753406101,40.052689817128694
-0.05687999999999999,40.00000000004215,40.00000108097302,40.00005971170844,40.0004835536282,40.00170876107653,40.00393115724013,40.00704830839111,40.010802655176676,40.0149122164579,40.01913670912232,40.02329707060136,40.02727222691252,40.030987886357366,40.03440438840361,40.037506274763764,40.04029421131306,40.04277907986438,40.044977816817145,40.04691056605212,40.04859878235842,40.05006400482089,40.05132709350499,40.05240778137572,40.05332443726991
-0.056639999999999996,40.00000000005215,40.00000122390413,40.00006514394968,40.0005170417405,40.001804275832306,40.00411536909925,40.00733262435458,40.011185184196336,40.01538278830271,40.0196813115497,40.02390080946433,40.02792099502115,40.031669153213464,40.03510746327499,40.03822228404238,40.04101593817405,40.04350075090558,40.04569488102068,40.04761948832714,40.049296860979254,40.050749215155925,40.051997956974795,40.05306325704796,40.05396383300116
-0.05639999999999999,40.00000000006446,40.00000138497544,40.00007104287337,40.00055268419682,40.00190466816305,40.00430733465606,40.00762706620307,40.011579464895526,40.01586601501535,40.02023888401725,40.024517401142575,40.028582204175315,40.032362263517065,40.03582167842675,40.03894868150106,40.041747290683574,40.04423129983039,40.04642010583437,40.048335893561536,40.05000178916461,40.051440687546304,40.052674540552054,40.05372395489084,40.05460799470071
-0.056159999999999995,40.00000000007961,40.000001566386636,40.00007744597927,40.0005906076123,40.00201015974283,40.004507335982424,40.00793193554313,40.01198578821587,40.016362159572644,40.0208096540652,40.02514703644307,40.02925601053471,40.03306734243936,40.036547132209805,40.03968554277376,40.0424883255185,40.04497076766582,40.047153519471934,40.04905979954904,40.05071357628581,40.0521384245957,40.053356841436596,40.05438986782014,40.05525691191723
-0.05592,40.000000000098225,40.00000177059072,40.00008439354694,40.00063094521874,40.00212098078688,40.004715663316354,40.008247540535805,40.01240444973908,40.01687148786008,40.021393850762436,40.025789906681794,40.02994257005531,40.03378451447466,40.03728392200256,40.04043294235332,40.04323909813457,40.04571919419787,40.04789514892571,40.04979122290686,40.05143223059743,40.05284242785893,40.05404485585059,40.05506098784542,40.05591057336281
-0.05567999999999999,40.00000000012109,40.00000200032156,40.00009192882172,40.00067383715662,40.00223737029979,40.00493261520457,40.00857419594345,40.012835749669456,40.017394268618986,40.021991704638694,40.026446203612984,40.03064203842242,40.034513903380244,40.03803214415859,40.04119095354703,40.04399966272915,40.046476617940556,40.04864501994129,40.0505301790549,40.052157759220485,40.05355269782836,40.054738579027656,40.055737306061275,40.05656896690596
-0.055439999999999996,40.000000000149136,40.00000225862409,40.000100098211625,40.00071943077676,40.00235957632673,40.005158498643276,40.008912223172636,40.013279992812315,40.017930773390255,40.02260344761386,40.02711611935641,40.0313545709823,40.03525563211533,40.038791893953864,40.04195964843185,40.04477007220379,40.04724307610501,40.049403156992085,40.051276682195066,40.05289016812564,40.05426923392036,40.05543800520197,40.056418812638725,40.0572320795649
-0.05519999999999999,40.00000000018352,40.000002548887714,40.000108951495505,40.000767880951635,40.00248785620763,40.00539362921704,40.00926195031316,40.01373748854834,40.018481276454544,40.023229312924734,40.02779984632269,40.03208032267247,40.036009822779135,40.03956326553333,40.0427390978093,40.04555037812667,40.04801860456849,40.05016958325401,40.05203074529066,40.05362946211656,40.05499203446195,40.056143127597664,40.05710549681679,40.05789989750085
-0.054959999999999995,40.000000000225626,40.000002874882846,40.00011854204304,40.00081935039649,40.002622476834006,40.005638331235346,40.009623712172896,40.01420855080361,40.01904605476884,40.02386953504891,40.02849757713665,40.03281944795065,40.036776596548066,40.040346351857025,40.043529371160126,40.04634063069495,40.04880323784343,40.05094432058023,40.0527923800459,40.05437564481339,40.05572109667757,40.05685393841826,40.05779734689414,40.0585724060116
-0.05472,40.00000000027714,40.00000324080123,40.00012892704714,40.000874010000324,40.00276371490834,40.005892937866726,40.00999785030829,40.01469349801535,40.01962538789944,40.02452434962597,40.029209504558686,40.033572100722395,40.03755607361205,40.04114124464567,40.044330536598636,40.04714087869696,40.04959700904644,40.051727389475914,40.05356159688557,40.05512871863644,40.056456416676056,40.057570428836314,40.05849435022097,40.05924958952508
-0.054479999999999994,40.00000000034011,40.000003651300084,40.00014016776922,40.000932039166806,40.002911857205646,40.006157791270105,40.01038471305031,40.01519265309305,40.02021955795112,40.02519399337584,40.029935821404166,40.034338434267376,40.03834837311011,40.041948034325806,40.045142660826855,40.04795116947437,40.050399949867376,40.05251880907318,40.05433840493478,40.05588868478991,40.05719798943766,40.05829258898325,40.059196493190996,40.05993143159323
-0.05424,40.00000000041701,40.00000411155063,40.00015232979792,40.00099362616523,40.00306720083706,40.00643324272309,40.01078465552566,40.01570634337518,40.02082884949273,40.025878704014424,40.03067672046092,40.0351186011644,40.03915361306497,40.04276680997437,40.045965809088365,40.048771548884275,40.05121209053844,40.053318597106056,40.055122811998835,40.05665554324592,40.05794580880137,40.059020407939265,40.05990376123362,40.0606179148859
-0.05399999999999999,40.000000000510845,40.00000462729125,40.00016548332195,40.001058968491535,40.003230053515225,40.00671965274698,40.01119803967306,40.01623490058098,40.0214535494788,40.026578720166356,40.031432394404696,40.03591275321513,40.039971910317036,40.04359765926291,40.04680004512202,40.049602061261126,40.052033459803305,40.05412676988561,40.05591482454332,40.0574292927285,40.05869986745232,40.059753873723515,40.060616138806274,40.06130902118501
-0.053759999999999995,40.00000000062523,40.00000520488573,40.00017970341741,40.001128273239274,40.00340073382104,40.00701739122813,40.011625234254346,40.016778660757666,40.022093947167406,40.02729428127497,40.03220303571277,40.036721041366526,40.04080338045747,40.04444066840135,40.047645431115406,40.0504427493788,40.052864084886274,40.054943342275145,40.05671444767428,40.058209930698006,40.059460156909395,40.06049297328442,40.06133360938689,40.06200473137878
-0.05352,40.00000000076453,40.00000585138706,40.000195070350415,40.00120175748085,40.003579571471626,40.00732683753546,40.0120666148603,40.017337964222456,40.02275033403411,40.02802562750944,40.032988836575555,40.037543615632046,40.04164813776058,40.045295922081316,40.04850202765812,40.05129365441248,40.053703991461596,40.05576832766556,40.057521685118594,40.058997453335486,40.06022666751305,40.06123769249013,40.062056155466635,40.06270502545618
-0.053279999999999994,40.00000000093404,40.00000657460721,40.000211669895464,40.00127964865866,40.003766907589146,40.00764838063365,40.01252256391087,40.0179131554998,40.02342300368195,40.0287729996691,40.03378998880632,40.03838062501166,40.04250629511549,40.046163503419095,40.04936989369495,40.052154815900636,40.054553203622774,40.056601737950864,40.05833653920454,40.0597918555274,40.060999388413286,40.061988016119265,40.06278375854272,40.063409882501574
-0.05304,40.000000001140094,40.000007383193434,40.00022959367024,40.00136218498635,40.0039630949701,40.00798241919192,40.01299347064968,40.01850458325327,40.024112251747475,40.02953663908487,40.034606683749,40.039232217410586,40.04337796395701,40.047043493898215,40.05024908647886,40.05302627170695,40.05541174385207,40.05744358350382,40.05915901084249,40.060593130850414,40.06177830755784,40.06274392785174,40.06351639911146,40.06411928068945
-0.05279999999999999,40.000000001390354,40.000008286711584,40.00024893948736,40.00144961586001,40.00416849835482,40.008329361687906,40.01347973113257,40.01911260021234,40.02481837580272,40.030316787517904,40.03543911218412,40.04009853955688,40.04426325419595,40.04793597331172,40.051139661523855,40.0539080579823,40.05627963299003,40.058293873151776,40.05998909950585,40.06140127155651,40.06256341168056,40.06350541025986,40.0642540566615,40.06483319727937
-0.052559999999999996,40.00000000169403,40.000009295737165,40.000269811723854,40.00154220227924,40.00438349469669,40.00868962650633,40.01398174820998,40.01973756309375,40.02554167525317,40.031113687055395,40.03628746423285,40.04097973691791,40.04516227414867,40.048841019704085,40.05204167255783,40.054800209126796,40.05715689020521,40.059152614152666,40.060826803212194,40.06221626855823,40.063354686290026,40.064272444799606,40.06499670966723,40.06555160861116
-0.05232,40.00000000206217,40.00001042195453,40.000292321708805,40.001640217278045,40.00460847343087,40.00906364203225,40.01449993150299,40.020379832517435,40.02628245123159,40.031927580003476,40.03715192925919,40.04187595361561,40.046075130466065,40.04975870931281,40.052955171475226,40.055702757751874,40.05804353296404,40.06001981217121,40.061672118504596,40.06303811141415,40.06415211565839,40.065045011802106,40.06574433558242,40.06627449010014
-0.052079999999999994,40.00000000250806,40.00001167826513,40.00031658812995,40.00174394636534,40.004843836741955,40.00945184673837,40.015034697372755,40.02103977291691,40.02704100648777,40.03275870877737,40.038032695770355,40.0427873323407,40.0470019280619,40.05068911650986,40.053880208289726,40.05661573464242,40.05893957700082,40.06089547125532,40.06252504043321,40.06386678831465,40.064955682810364,40.06582309046535,40.066496910834005,40.06700181623271
-0.05184,40.00000000304762,40.000013078905376,40.000342737459746,40.00185368797492,40.005089999830204,40.009854689266184,40.01558646888321,40.02171775244401,40.0278176452741,40.03360731578865,40.03892995131532,40.043714014265795,40.04794277004061,40.05163231374269,40.05481683108687,40.05753916871908,40.059845036287875,40.0617795938127,40.06338556253704,40.0647022860678,40.06576536951254,40.06660665884608,40.067254410816105,40.06773356056193
-0.05159999999999999,40.00000000369992,40.000014639574886,40.000370904401585,40.001969753924804,40.00534739117595,40.010272628500616,40.01615567575676,40.02241414286795,40.02861267322698,40.03447364332974,40.03984388238161,40.04465613895747,40.0488977576245,40.0525883714752,40.05576508597665,40.058473087000635,40.06075992300599,40.062672180587704,40.06425367682603,40.06554459008561,40.06658115626288,40.06739569385195,40.068016809884284,40.0684696957035
-0.051359999999999996,40.00000000448779,40.00001637757609,40.00040123235677,40.00209246988553,40.005616452801654,40.01070613363767,40.016742754322834,40.02312931946845,40.029426397244045,40.03535793345554,40.04077467429032,40.045613844287324,40.04986699008047,40.053557358128444,40.05672501704619,40.05941751456648,40.061684247514954,40.063573230638426,40.06512937376331,40.06639368437046,40.06740302228046,40.06819017123389,40.06878408134994,40.06921019333174
-0.05112,40.00000000543854,40.00001831196582,40.00043387391292,40.0022221758574,40.00589764053113,40.01115568424486,40.01734814745902,40.02386366092309,40.030259125357155,40.036260427862366,40.04172251108939,40.046587266342016,40.050850564646225,40.0545393400211,40.057696666312346,40.06037247451936,40.06261801832436,40.06448274131403,40.0660126422478,40.06724955150181,40.068230945495486,40.0689900655787,40.06955619747498,40.069955024175904
-0.050879999999999995,40.00000000658478,40.00002046372004,40.00046899135426,40.00235922665614,40.00619142424553,40.01162177031402,40.01797230452463,40.02461754918857,40.03111116660118,40.03718136776399,40.042687575445235,40.047576539332404,40.05184857645605,40.05553438130992,40.05868007367447,40.06133798794815,40.06356124206466,40.06540070823237,40.06690346959701,40.06811217262319,40.069064902539544,40.06979535030189,40.07033312946669,40.07070415801664
-0.05064,40.000000007965426,40.000022855912576,40.0005067571947,40.0025039924069,40.00649828813543,40.012104892306056,40.018615681286505,40.02539136937598,40.031982830878526,40.038120993765055,40.04367004853266,40.04858179550173,40.05286111846614,40.05654254392998,40.059675276867196,40.06231407389093,40.06451392345845,40.066327125257835,40.06780184153017,40.068981527429436,40.0699048687361,40.070605997640754,40.071114847472806,40.071457563682635
-0.05039999999999999,40.00000000962689,40.00002551390891,40.000547354733904,40.002656859045956,40.006818730948595,40.01260556118729,40.01927873983682,40.026185509619886,40.03287442881945,40.03907954573169,40.044670109923175,40.04960316503292,40.05388828137953,40.057563887534904,40.060682311413316,40.06330074929824,40.065476065292046,40.06726198447958,40.06870774215164,40.069857594154236,40.0707508180913,40.0714219786477,40.07190132057687,40.0722152090475
-0.050159999999999996,40.000000011624444,40.000028465576165,40.000590978637305,40.00281822883004,40.00715326623283,40.013124298457136,40.01996194850275,40.02700036094123,40.03378627163807,40.0400572626594,40.045687937471676,40.050640775955074,40.054930153570695,40.05859846943698,40.06170121057686,40.06429802899653,40.066447668387276,40.06820527618994,40.06962115393462,40.07074034955795,40.071602723285004,40.07224326318384,40.07269251679374,40.07297706102686
-0.04991999999999999,40.00000001402386,40.000031741510504,40.00063783554037,40.00298852085256,40.00750242257331,40.013661636166496,40.02066578174773,40.02783631710393,40.03471867098418,40.04105438253841,40.04672370720165,40.0516947540491,40.055986821009824,40.05964634454732,40.062732005316235,40.06530592565193,40.06742873157367,40.069156988863284,40.07054205770516,40.071629768915756,40.07246055566215,40.0730698199128,40.073488403065376,40.073743085575636
-0.049679999999999995,40.00000001690332,40.00003537528309,40.00068814467776,40.00316817156648,40.007866743823875,40.01421811692671,40.021390720064254,40.02869377446519,40.03567193879076,40.0420711422162,40.04777759318878,40.05276522275264,40.057058367186755,40.06070756531593,40.06377472423763,40.06632444973419,40.068419251660906,40.07011710913507,40.07147043262652,40.07252582600605,40.07332428522433,40.07390161629485,40.07428894525691,40.074513247685545
-0.04944,40.000000020355685,40.00003940370596,40.00074213853794,40.003357635313186,40.00824678933155,40.01479429390852,40.02213724985783,40.02957313181934,40.03664638711734,40.04310777725756,40.048849767443144,40.05385230306422,40.05814487303473,40.061782181671916,40.064829393548536,40.06735360948106,40.06941922341155,40.07108562178135,40.072406256183854,40.07342849309921,40.074193880621735,40.07473861858122,40.075094108152825,40.07528751138284
-0.049199999999999994,40.00000002449111,40.000043867119324,40.0008000635436,40.00355738485688,40.00864313415385,40.01539073083072,40.02290586332216,40.03047479023534,40.03764232798898,40.04416452180203,40.04994039978992,40.05495611344674,40.05924641685388,40.06287024096369,40.065896037011576,40.068393410862825,40.07042863951426,40.07206250969854,40.07334950416921,40.07433774094666,40.075069309145356,40.07558079180878,40.07590385545353,40.07606583972624
-0.04896,40.00000002944017,40.00004880970149,40.0008621807585,40.003767911923845,40.00905636926799,40.016008001938104,40.023697058305096,40.031399152887666,40.03866007323123,40.0452416084188,40.0510496577488,40.05607676973034,40.06036307423459,40.06397178789932,40.066974675898514,40.06944385754727,40.071447490557226,40.07304775388365,40.0743001506669,40.07525353877029,40.075950536719475,40.07642809979493,40.07671814977206,40.0768481948051
-0.04871999999999999,40.00000003535749,40.00005427980327,40.00092876662108,40.003989727745974,40.00948710177156,40.016646691968326,40.02451133816549,40.03234662488075,40.03969993430069,40.04633926795916,40.052177706411975,40.057214385014646,40.061494917980646,40.06508686448694,40.06806532894462,40.070504950864944,40.07247576500205,40.074041333414776,40.07525816803925,40.07617585425214,40.07683752789448,40.077280505132784,40.077536952631135,40.07763453773781
-0.048479999999999995,40.00000004242595,40.000060330308266,40.001000113705196,40.004223363607856,40.00993595507386,40.01730739610719,40.02534921162049,40.033317613066856,40.04076222211163,40.04745772940649,40.053324708320915,40.05836906957049,40.062642018032356,40.06621550997544,40.06916801230326,40.071576689774865,40.073513449158035,40.0750432254321,40.07622352691269,40.07710465352452,40.07773024584004,40.07813796918663,40.07836022446035,40.07842482867037
-0.04824,40.0000000508617,40.000067019020754,40.00107653150845,40.00446937139669,40.010403569077155,40.0179907199321,40.02621119258333,40.03431252585725,40.04184724685824,40.048597219723845,40.054490823341894,40.05954093074111,40.0638044413896,40.067357760795204,40.07028273950087,40.07265907083051,40.07456052715684,40.076053405119175,40.07719619616424,40.07803990116041,40.07862865233847,40.0790004520877,40.079187924593754,40.07921902677531
-0.047999999999999994,40.000000060919916,40.00007440908313,40.0011583472683,40.00472832415422,40.0108906003473,40.018697279343236,40.02709779999143,40.0353317730269,40.04295531783294,40.049757963699264,40.0556762085403,40.06073007284291,40.0649822520348,40.068513650499206,40.071409521392276,40.073752088146335,40.07561698092758,40.077071845684756,40.07817614290837,40.07898156016425,40.07953270777862,40.07986791273025,40.08002001126759,40.0800170902507
-0.04776,40.00000007290157,40.00008256942458,40.00124590680619,40.005000816629966,40.01139772227286,40.01942770048197,40.02800955762449,40.03637576551238,40.044086743240534,40.05094018378873,40.05688101805389,40.06193659706585,40.06617551085603,40.06968320970431,40.07254836611639,40.07485573336464,40.07668279017239,40.07809851834491,40.07916333248429,40.07992959196313,40.08044237114988,40.08074030876786,40.08085644161836,40.0808189763195
-0.04751999999999999,40.00000008716128,40.000091575243,40.001339575400074,40.00528746583465,40.011925625212015,40.020182619636316,40.02894699391268,40.03744491520325,40.04524183000839,40.05214409995696,40.058105402964976,40.06316060137344,40.06738427557006,40.07086646603286,40.07369927905233,40.075969995622934,40.07775793234242,40.0791333923057,40.08015772844362,40.08088395639825,40.08135760003666,40.0816175966101,40.08169717168111,40.08162464122909
-0.047279999999999996,40.000000104116474,40.000101508522306,40.00143973868521,40.005588911593144,40.012475016626574,40.02096268313286,40.029910641734624,40.03853963472667,40.0464208835926,40.053369929516016,40.05934951117153,40.064402180402446,40.06860860064566,40.07206344405462,40.07486226277593,40.077094861521765,40.078842382614305,40.08017643474624,40.081159292538494,40.081844611716896,40.082278350613215,40.0824997314195,40.082542156388,40.08243404025109
-0.04704,40.000000124258015,40.00011245858707,40.00154680358352,40.00590581709577,40.01304662120218,40.02176854721489,40.03090103820511,40.0396603372254,40.0476242077802,40.0546178869618,40.060613487257505,40.065661425362386,40.06984853722688,40.073274165229094,40.076037317016805,40.078230315093045,40.07993611386714,40.08122761080225,40.08216798471007,40.08281151456467,40.083204577638696,40.0833866671088,40.08339134956722,40.08324712768136
-0.046799999999999994,40.000000148162584,40.00012452269686,40.001661199261385,40.006238869447024,40.01364118095409,40.02260087790628,40.03191872445241,40.04080743612915,40.048852104487594,40.05588818380859,40.0618974723621,40.0669384239348,40.07110413305672,40.07449864784819,40.07722443861582,40.07937633776888,40.08103909665995,40.082286883550054,40.08318376307751,40.0837846199782,40.08413623445271,40.084278356338494,40.08424470394204,40.08406385684028
-0.04656,40.00000017650694,40.00013780668248,40.001783378115846,40.00658878021055,40.014259455317585,40.02346035086084,40.032964245385095,40.04198134491931,40.05010487355508,40.057181028421574,40.0632016040484,40.06823326017242,40.072375432400875,40.07573690697937,40.07842362148311,40.08053290835096,40.08215129920969,40.08335421399108,40.08420658392736,40.08476388137826,40.085073272971094,40.08517475051478,40.085102171130266,40.08488418007329
-0.04631999999999999,40.00000021008458,40.00015242562656,40.00191381678906,40.006956285949336,40.01490222122235,40.024347651196685,40.0340381494482,40.043182476886976,40.05138281253768,40.058496625847496,40.064526016171136,40.069546014398256,40.07366247597189,40.076988954409295,40.07963485655668,40.081700002980526,40.08327268736979,40.084429561036906,40.08523640170346,40.0857492505632,40.08601564368218,40.08607579978773,40.08596370164391,40.08570804875162
-0.046079999999999996,40.00000024982488,40.00016850459088,40.00205301721079,40.00734214875981,40.01557027314984,40.0252634733153,40.03514098836875,40.044411244884486,40.05268621649231,40.05983517764353,40.06587083874385,40.07087676310463,40.074965300853584,40.0782547985879,40.08085813176152,40.08287759510883,40.08440322460922,40.085512881494736,40.08627316899722,40.086740677702906,40.086963295643315,40.086981453049816,40.08682924488916,40.08653541327333
-0.04584,40.000000296815344,40.00018617939306,40.00220150766856,40.00774715679876,40.01626442317301,40.02620852070496,40.036273316890465,40.045668061070366,40.054015377761296,40.06119688170445,40.067236197805464,40.07222557885231,40.07628394042589,40.07953444457305,40.08209343196933,40.08406565546832,40.08554287199217,40.08660413005345,40.08731683653843,40.087738111333124,40.087916176477826,40.08789165793481,40.087698749166655,40.0873662230646
-0.045599999999999995,40.00000035232717,40.000205597435176,40.00235984390504,40.00817212480156,40.01698550097739,40.02718350572814,40.0374356924976,40.04695333664775,40.05537058575245,40.06258193208811,40.068622215286275,40.07359253016973,40.077618424290094,40.08082789397584,40.08334073895895,40.08526415204433,40.08669158815826,40.0877032592702,40.088367353186555,40.088741498350174,40.088874232372326,40.088806360816946,40.08857216167202,40.088200426581174
-0.04536,40.00000041784485,40.00022691858701,40.002528610242265,40.00861789459063,40.0177343538628,40.02818914939256,40.03862867512788,40.04826748159638,40.05675212671566,40.06399051883945,40.0700290088736,40.07497768145233,40.07896877819461,40.08213514490636,40.08460003137737,40.08647305004751,40.08784932930344,40.088810219557494,40.089424665922486,40.0897507840062,40.08983740807442,40.08972550681044,40.089449428496714,40.08903797131023
-0.04511999999999999,40.00000049510022,40.00025031612675,40.002708420731864,40.00908533557241,40.01851184672482,40.029226181105635,40.03985282687447,40.049610904398165,40.05816028351618,40.065422827812974,40.07145669187692,40.07638109286219,40.080335023961176,40.083456191920305,40.08587128470138,40.087692311886826,40.08901604916139,40.08992495917091,40.0904887198408,40.09076591190475,40.0908056468908,40.09064903976937,40.09033049462915,40.08987880377233
-0.044879999999999996,40.00000058611159,40.00027597774188,40.0028999203307,40.00957534522172,40.01931886201514,40.030295338411875,40.04110871167691,40.050984011756476,40.05959533540469,40.066879040493916,40.07290537309288,40.07780282022791,40.08171717941176,40.084791025966105,40.087154471200115,40.08892189714334,40.09019169898564,40.091047424197335,40.09155945814255,40.09178682399687,40.091778890685696,40.091576902287876,40.09121530395617,40.09072286952376
-0.04464,40.00000069322886,40.00030410659324,40.003103786100965,40.01008884955177,40.02015629968003,40.03139736671309,40.042396895001026,40.052387208309106,40.06105755778417,40.06835933381812,40.07437515666995,40.07924291494484,40.08311525829598,40.086139634332895,40.0884495598981,40.090161762544604,40.09137622753232,40.09217755854378,40.09263682212852,40.09281346057764,40.09275707987975,40.09250903570069,40.0921037992647,40.09157011315904
-0.044399999999999995,40.00000081918521,40.000334922445234,40.00332072843387,40.01062680356832,40.02102507707597,40.03253301897091,40.04371794350779,40.053820896335175,40.0625472219738,40.06986387999076,40.07586614197308,40.08070142387578,40.08452927021924,40.08750200059919,40.08975651653928,40.09141186193987,40.092569581043534,40.093315303926836,40.093720751193054,40.09384576028313,40.09374015344931,40.09344538008405,40.092995922243844,40.09242047831375
-0.04416,40.00000096715638,40.00036866286497,40.00355149229564,40.011190191706476,40.021926128861686,40.03370305539161,40.04507242471108,40.05528547545583,40.064064594969956,40.07139284630402,40.07737842344821,40.0821783892521,40.08595922057161,40.088878104582385,40.09107530355169,40.09267214627594,40.09377170323143,40.09446059986265,40.09481118281841,40.09488366008788,40.09472804892606,40.09438587425693,40.0938916134872,40.09327390766762
-0.043919999999999994,40.00000114082869,40.00040558449373,40.0037968584947,40.01178002824831,40.022860406865725,40.034908243092715,40.04646090662442,40.056781342329096,40.065609939204336,40.07294639495373,40.07891209048689,40.08367384857546,40.087405110457425,40.0902679222891,40.09240588001303,40.09394256357388,40.094982535263,40.0956133836576,40.09590805256958,40.09592709530279,40.095720702397124,40.09533045578263,40.09479081249548,40.094130342947814
-0.04368,40.00000134447677,40.0004459643934,40.004057644968604,40.01239735771979,40.02382887992873,40.03614935575132,40.04788395739669,40.05830889033877,40.06718351229948,40.07452468285529,40.08046722729101,40.085187834520106,40.08886693662576,40.09167142586641,40.09374820161708,40.09522305890648,40.09620201574553,40.09677359039954,40.09701129408976,40.096975999573516,40.09671804850555,40.09627906097072,40.09569345767945,40.09498972493257
-0.04344,40.00000158305246,40.00049010147136,40.00433470808919,40.01304325526513,40.024832533719504,40.03742717323379,40.04934214493678,40.05986850927763,40.06878556682175,40.07612786145876,40.08204391273777,40.086720374835906,40.09034469140179,40.093088583553914,40.095102220640946,40.096513574376466,40.0974300807128,40.097941152949716,40.0981208390963,40.09803030487933,40.09772002045119,40.09723162487936,40.09659948636321,40.09585199345502
-0.043199999999999995,40.00000186228629,40.00053831798659,40.00462894398425,40.01371882699675,40.02587237052424,40.038742481206675,40.050836036527365,40.06146058502503,40.07041635003187,40.07775607656335,40.08364222024492,40.08827149225209,40.09183836261898,40.09451935963689,40.09646788591328,40.09781404909565,40.098666663611986,40.09911600193525,40.09923661737725,40.09908994153249,40.098726549992044,40.09818808131796,40.09750883478773,40.09671708740737
-0.04296,40.00000218880322,40.000590961140304,40.004941289873905,40.01442521031922,40.02694940900783,40.040096070728694,40.0523661984277,40.06308549921897,40.07207610363317,40.0794094681314,40.085262217636476,40.089841204381855,40.09334793355238,40.095963714400334,40.097845142783356,40.099124419164845,40.09991169529139,40.1002980657424,40.10035855678844,40.100154838178085,40.09973756744599,40.09914836285018,40.098421438114705,40.09758494474524
-0.042719999999999994,40.000002570254495,40.000648404754024,40.005272725419644,40.015163574224985,40.028064683946695,40.04148873782346,40.05393319546572,40.06474362892289,40.07376506351782,40.08108817010206,40.08690396700887,40.09142952362782,40.09487338285285,40.09742160408404,40.09923393309123,40.10044461765463,40.101165103988826,40.10148727051039,40.10148658325119,40.101224921794326,40.10075300169294,40.10011240079736,40.09933723043079,40.09845550249238
-0.04248,40.00000301546763,40.00071105103819,40.005624274083864,40.015935119560346,40.0292192459322,40.04292128303292,40.05553759061925,40.06643534628727,40.07548345951092,40.08279231020457,40.088567524597714,40.093036457088516,40.096414684482454,40.098892980838784,40.100634195138674,40.101774574587076,40.10242681532086,40.10268354012591,40.1026206207505,40.10230011769344,40.10177278017742,40.101080125242234,40.100256144752024,40.09932869674554
-0.04224,40.000003534616894,40.000779332454314,40.005997004497615,40.01674107925935,40.030414161043865,40.044394510951385,40.05717994458679,40.06816101820619,40.077231515112935,40.08452200977149,40.09025294064525,40.09466200646583,40.09797180765087,40.10037779268359,40.102045863661395,40.10311421691829,40.10369675227281,40.10388679621839,40.10376059133397,40.10338034952296,40.10279682891164,40.102051465033085,40.1011781130287,40.100204462679734
-0.041999999999999996,40.000004139416845,40.00085371367353,40.006392031834,40.017582718543885,40.03165051049181,40.04590922973991,40.058860815347614,40.069921005969114,40.07900944724035,40.08627738355196,40.09196025926863,40.096306167973616,40.09954471675312,40.10187598346412,40.10346886980203,40.10446346852196,40.10497483518955,40.105096958155855,40.10490641511121,40.1044655392676,40.10382507247889,40.10302634778824,40.10210306615046,40.101082734553664
-0.04176,40.00000484334171,40.000934693634356,40.00681051918447,40.01846133508793,40.032929390227345,40.047466250621056,40.060580757711634,40.07171566490794,40.0808174659649,40.08805853952499,40.09368951832901,40.097968932247475,40.101133371308414,40.10338749281226,40.10490314108439,40.10582225017377,40.10626098176714,40.10631394304156,40.106058010253825,40.10555560725161,40.10485743403746,40.104004699900884,40.10303093395175,40.101963445715484
-0.041519999999999994,40.00000566187392,40.00102280770244,40.00725367893533,40.019378259143714,40.03425191052138,40.0490663873539,40.062340322859,40.073545344039694,40.08265577425141,40.08986557871308,40.09544074930166,40.09965028425578,40.102737725900376,40.10491225610691,40.106348601388724,40.1071904795368,40.107555107045265,40.10753766571132,40.10721529299613,40.106650472141624,40.10589383532498,40.10498644654437,40.10396164521755,40.1028465286088
-0.04128,40.00000661278515,40.00111862993481,40.00772277414117,40.020334853628036,40.03561919550964,40.050710455689256,40.064140057869665,40.07541038570482,40.08452456769456,40.091698594996245,40.09721397714719,40.101350203212,40.10435773011853,40.106450204436,40.107805170928096,40.1085680711479,40.10885712340051,40.108768038731505,40.10837817763637,40.10775005095007,40.106934196663126,40.10597151167777,40.10489512768952,40.10373191477897
-0.04103999999999999,40.0000077164539,40.00122277545107,40.008219119892175,40.02133251416636,40.03703238270422,40.052399272805104,40.06598050524311,40.07731112520157,40.086424034254634,40.09355767492648,40.09900922018394,40.1030686624885,40.10599332850126,40.10800126455988,40.109272766225914,40.10995493640512,40.110166940540566,40.11000497239783,40.109546576538584,40.10885425903909,40.10797843696293,40.1069598180519,40.10583130807229,40.10461953487962
-0.040799999999999996,40.00000899622387,40.001335902913866,40.00874408467171,40.02237266909276,40.0384926224707,40.054133656722236,40.06786220240838,40.07924789041645,40.08835435399245,40.09544289754303,40.10082648996159,40.10480562953171,40.10764446048014,40.10956535887588,40.110751300094634,40.11135098355599,40.11148446549917,40.11124837473487,40.11072040013512,40.10996301012498,40.10902647373037,40.10795128721565,40.106770112040294,40.10550931867951
-0.04056,40.000010478807866,40.00145871712052,40.00929909170071,40.02345677940356,40.040001077470315,40.05591442570009,40.0697856812247,40.08122100145112,40.09031569880377,40.09735433418837,40.10266579113633,40.10656106577893,40.10931106032578,40.11114240538437,40.112240681615646,40.112756117687,40.112809602632005,40.11249815149626,40.11189955692974,40.11107621628314,40.11007822307248,40.10894583952277,40.10771146424472,40.1064011950696
-0.040319999999999995,40.00001219474253,40.00159197170776,40.00988562026494,40.024586338662495,40.041558922066535,40.05774239761295,40.0717514674729,40.08323077024591,40.092308232153236,40.099292048325175,40.104527121347346,40.1083349265767,40.11099305709526,40.11273231765614,40.11374081612039,40.114170240714046,40.11414225361352,40.11375420616574,40.11308395350137,40.11219378795359,40.11113359970393,40.109943394138945,40.10865528832091,40.10729509207045
-0.04008,40.00001417889965,40.00173647197106,40.01050520702118,40.025762872855296,40.04316734169553,40.05961838930646,40.07376008033784,40.08527750020023,40.094332108808125,40.101256095354486,40.10641047109501,40.11012716110086,40.11269037458108,40.11433500480123,40.11525160517269,40.115593251373916,40.115482317434534,40.11501643995883,40.11427349450852,40.11331563394705,40.11219251695401,40.11094386904932,40.109601506896,40.10819093683981
-0.039839999999999993,40.00001647106029,40.00189307779985,40.01115944727813,40.02698794019158,40.0448275322,40.06154321593466,40.07581203188222,40.08736148579009,40.096387474572104,40.10324652243496,40.108315823620764,40.111937712278404,40.114402931261836,40.115950371439176,40.116772946552366,40.1170250452169,40.116829690400856,40.116284751825425,40.115468082694264,40.114441661451444,40.1132548867741,40.1119471810664,40.110550041596944,40.109088655680566
-0.039599999999999996,40.00001911655893,40.00206270672955,40.011849996247555,40.02826313085183,40.04654069912593,40.0635176902777,40.07790782651192,40.08948301218308,40.098474466019184,40.10526336830368,40.1102431547888,40.11376651671117,40.11613064025455,40.11757831767087,40.118304734240134,40.11846551460046,40.11818426613277,40.11755903845303,40.11666761889197,40.115571776039076,40.11432061974556,40.112953245838256,40.11150081305885,40.1099881740489
-0.03936,40.000022167004936,40.002246337110925,40.01257857026124,40.02959006667752,40.04830805698176,40.06554262204029,40.080047960433255,40.09164235485095,40.10059321022808,40.10730666309846,40.11219243296966,40.115613504601406,40.117873409268746,40.11921873905179,40.11984685840382,40.11991454868403,40.11954593556548,40.11883919427084,40.11787200203161,40.11670588167426,40.115389625088135,40.113961977857215,40.11245374093357,40.110889416562756
-0.039119999999999995,40.00002568108989,40.00244501139711,40.013346947948826,40.03097040080202,40.05013082845974,40.067618817131276,40.08223292110251,40.0938397791802,40.10274382451716,40.10937642818186,40.114163618925865,40.11747859967935,40.11963114056234,40.12087152656692,40.12139920538589,40.121372033424926,40.12091458695046,40.12012511145457,40.11908112914673,40.11784388072155,40.116461810668724,40.11497329046886,40.113408743898674,40.11179230701053
-0.03888,40.00002972548977,40.00265983954786,40.01415697137167,40.03240581722045,40.052010243618945,40.06974707692441,40.08446318666799,40.096075540080946,40.10492641618037,40.11147267596709,40.1161566656997,40.11936171913287,40.12140373089937,40.122536566607224,40.12296165769237,40.12283785157539,40.122290105857765,40.121416679932096,40.120294895382095,40.118985673954484,40.11753708301069,40.115987095881465,40.114365739666745,40.112696768360095
-0.038639999999999994,40.00003437587187,40.00289200255058,40.0150105471075,40.03389803029626,40.05394753902976,40.07192819750065,40.08673922540495,40.09834988159425,40.10714108222403,40.113595409745905,40.118171518503196,40.12126277353921,40.123191071509595,40.124213740947724,40.12453409398307,40.12431188268078,40.12367237517933,40.12271378738991,40.121513194002,40.12013116056489,40.11861534730359,40.11700330517573,40.11532464499496,40.113602722768015
-0.0384,40.00003971801722,40.00314275605668,40.01590964728065,40.03544878420254,40.05594395687962,40.07416296887239,40.08906149514388,40.10066303649839,40.1093879091051,40.1157446235187,40.12020811461048,40.12318166679896,40.12499304805011,40.125902926727285,40.126116389063306,40.125794003078944,40.125061275133184,40.12401631928032,40.12273591639921,40.12128023817272,40.11969650741335,40.11802182831499,40.11628537569502,40.114510091589075
-0.03816,40.00004584907019,40.00341343413172,40.01685631053222,40.03705985229614,40.058000744039745,40.07645217418975,40.091430442692456,40.10301522591424,40.11166697247086,40.117920301826985,40.12226638325259,40.1251182960723,40.12680954056885,40.12760399643007,40.127708413876924,40.127284085900754,40.12645668326867,40.12532415882949,40.123962952104584,40.12243280283651,40.12078046589295,40.11904257415576,40.117247846643345,40.115418795386084
-0.037919999999999995,40.00005287892779,40.003705453116964,40.01785264292467,40.03873303642245,40.06011915109278,40.07879658892946,40.09384650325153,40.10540665891021,40.113978336900374,40.12012241958827,40.12434624551483,40.127072551717546,40.12864042347022,40.12931681786869,40.12931003550089,40.12878200107184,40.12785847447266,40.1266371870463,40.125194188797416,40.12358874906425,40.12186712399347,40.120065450458654,40.11821197179166,40.11632875393993
-0.03768,40.00006093178252,40.004020315599426,40.0189008187749,40.04047016614923,40.062300431321205,40.08119698006673,40.09631009982566,40.10783753210698,40.116322055647984,40.12235094193367,40.12644761423682,40.1290443172322,40.13048556548275,40.1310412541692,40.13092111714123,40.130287615315524,40.129266520976714,40.127955282731975,40.12642951231634,40.12474796982496,40.12295638167571,40.12109036389969,40.119177664177855,40.11723988625987
-0.037439999999999994,40.00007014783328,40.00435961448682,40.020003081409875,40.042273097927335,40.0645458396566,40.08365410523046,40.09882164262859,40.11030802928236,40.118698170388946,40.12460582404832,40.128570393915275,40.131033469196375,40.132344829628906,40.13277716375772,40.13254151813046,40.13180079215693,40.13068069236525,40.12927832249061,40.12766880667101,40.12591035656076,40.1240481376222,40.122117220081975,40.120144835937154,40.11815211059412
-0.0372,40.00008068518031,40.004725037183285,40.02116174383866,40.04414371417678,40.06685663158972,40.08616871184232,40.10138152848415,40.11281832097676,40.121106710967624,40.126887011014766,40.13071448060973,40.13303987721885,40.13421807319706,40.134524400349065,40.134171093926575,40.13332139192841,40.13210085558477,40.130606180740415,40.12891195405438,40.12707579919942,40.12514228924963,40.12314592354779,40.121113398313604,40.119065344440685
-0.03696,40.000092721921185,40.00511836986063,40.022379189334636,40.04608392229632,40.06923406204149,40.088741536240235,40.10399014022298,40.115368564099455,40.123547695148346,40.1291944376595,40.1328797618512,40.135063403885745,40.13610514771572,40.13628281293702,40.135809696113505,40.1348492717761,40.133526874954,40.131938729725874,40.130158834855706,40.128244186167606,40.12623873272186,40.124176377791024,40.12208326167191,40.1199795045585
-0.036719999999999996,40.000106458466064,40.00554150181965,40.02365787192147,40.04809565359482,40.07167938419514,40.09137330278674,40.106647846075724,40.11795890153609,40.12602112836919,40.13152802840281,40.13506611655392,40.137103904711864,40.13800589892994,40.138052245786625,40.13745717240305,40.136384285667766,40.13495861217515,40.13327583953066,40.13140932767422,40.129415404404554,40.12733736296325,40.125208485269965,40.12305433550952,40.12089450697872
-0.03648,40.00012212009174,40.00599642993472,40.02500031675637,40.05018086214314,40.07419384828976,40.094064722962905,40.10935499906299,40.120589461757824,40.12852700349906,40.13388769711205,40.13727341493037,40.139161228094764,40.13992016678012,40.1398325384283,40.13911336663847,40.13792628440197,40.13639592634607,40.134617378091455,40.13266330933344,40.130589339376385,40.128438073672534,40.12624214742055,40.12402652846907,40.12181026701639
-0.036239999999999994,40.000139959755295,40.00648526317433,40.026409120404026,40.05234152354463,40.07677870037532,40.096816494448284,40.112111936382824,40.12326035843237,40.13106530059814,40.13627334695861,40.13950151840949,40.14123521527175,40.141847785383106,40.141623525653856,40.14077811879952,40.13947511561835,40.13783867397356,40.13596321121252,40.13392065489621,40.1317658750909,40.1295407573371,40.12727726466985,40.1249997483511,40.12272669928229
-0.036,40.00016026118957,40.007010227189305,40.02788695099452,40.05457963362329,40.079435181029986,40.09962930018771,40.11491897879608,40.12597169003744,40.13363598668209,40.138684870278624,40.14175027955837,40.14332570027963,40.14378858301566,40.14342503751451,40.14245126500914,40.14103062380933,40.13928670898764,40.13731320258117,40.13518123768037,40.132944894113,40.130645305247754,40.12831373645009,40.12597390212712,40.12364371769504
-0.03576,40.00018334230396,40.00757366895938,40.0294365482585,40.05689720702801,40.08216452403968,40.1025038074455,40.117776430010245,40.1287235394769,40.13623901549017,40.14112214843767,40.14401954200746,40.145432509917555,40.145742382100416,40.145236899320835,40.14413263754171,40.142592650332986,40.140739882756804,40.13866721378402,40.13644492927515,40.1341262775806,40.131751607513905,40.12935146121289,40.126948895952935,40.12456123549351
-0.035519999999999996,40.00020955891544,40.008178061488124,40.03106072343278,40.059296275751834,40.08496795504088,40.10544066684789,40.120684576062445,40.1315159737001,40.138874327257625,40.14358505169953,40.14630914037929,40.14755546371275,40.14770899919423,40.14705893164471,40.14582206483286,40.1441610334273,40.142198044104454,40.14002510432413,40.1377115995582,40.135309905221106,40.13285955307922,40.13039033644397,40.1279246351823,40.125479165249395
-0.03528,40.000239308836115,40.008826008534875,40.03276235902947,40.061778887565254,40.0878466901268,40.108440511414344,40.123643684701996,40.134349043324576,40.14154184849249,40.14607343909929,40.148618900221,40.14969437388939,40.14968824497906,40.14889095032325,40.147519371490986,40.14573560822562,40.143661039326204,40.14138673163895,40.138981116713325,40.136495655368485,40.13396902973773,40.13143025867817,40.128901024380845,40.126397418880146
-0.035039999999999995,40.00027303634524,40.00952024937175,40.03454440846185,40.06434710436249,40.09080193441809,40.111503955578634,40.12665400477327,40.137222782262896,40.144241491757114,40.148587158320815,40.150948637940644,40.151849045340654,40.15167992425543,40.15073276646485,40.149224378310294,40.14731620677349,40.14512871220836,40.142751951119095,40.14025334724886,40.137683404980805,40.13507992415033,40.13247112351487,40.12987796734035,40.127315907662016
-0.0348,40.00031123707446,40.010263663552244,40.03640989552003,40.06700300042001,40.0938348805984,40.11463159420053,40.129715765599435,40.140137207353604,40.14697315545472,40.15112604557885,40.153298160747376,40.15401927560385,40.15368383593839,40.152584186457204,40.150936902285565,40.14890265804672,40.146600904047375,40.14412061612797,40.141528156016754,40.138873029658384,40.13619212186181,40.13351282563372,40.13085536709325,40.128234542243455
-0.034559999999999994,40.00035446333706,40.011059275677454,40.0383619136896,40.06974866056668,40.096946707415924,40.117824001568856,40.13282917636764,40.143092317997066,40.14973672362113,40.15368992550588,40.15566726659565,40.15620485483893,40.15569977305609,40.15444501197742,40.15265675662851,40.15049478797087,40.148077453670346,40.145492578022235,40.14280540623235,40.140064403662436,40.13730550731823,40.134555258810785,40.13183312592748,40.12915323265869
-0.034319999999999996,40.00040332993291,40.0119102601443,40.04040362530634,40.07258617826497,40.10013857815174,40.12108173039691,40.135994425516415,40.14608809579637,40.15253206572202,40.15627861104386,40.15805574413351,40.15840556581024,40.15772752275109,40.156315040004266,40.154383750785804,40.152092419441885,40.149558197456614,40.14686768617312,40.14408495949472,40.1412573999343,40.1384199638848,40.13559831593501,40.132811145401604,40.13007188834156
-0.03408,40.00045852046211,40.01281994585949,40.04253826054036,40.075517653602816,40.103411639055885,40.12440531081119,40.13921168012575,40.14912450420381,40.15535903645589,40.15889190334103,40.16046337265511,40.16062118387162,40.159766866284215,40.15819406283246,40.1561176904588,40.15369537234823,40.15104296936033,40.14824578798852,40.145366675807814,40.14245189011516,40.13953537386418,40.13664188902503,40.1337893263602,40.130990418139596
-0.033839999999999995,40.00052079418175,40.01379182090151,40.04476911620287,40.07854519119605,40.106767017752354,40.12779524933431,40.142481085310735,40.15220148817336,40.15821747556308,40.16152959165394,40.16288992205739,40.162851476955,40.16181757904119,40.16008186808916,40.15785837762488,40.15530346359422,40.15253160093414,40.149626728936,40.146650413602174,40.14364774456636,40.14065161851515,40.13768586924637,40.13476756894957,40.1319087303283
-0.0336,40.00059099344093,40.01482953711203,40.04709955436902,40.081670898001235,40.11020582161413,40.13125202786322,40.145802763619244,40.155318973819526,40.16110720764097,40.164191453254844,40.16533515280129,40.16509620556237,40.163879430541975,40.16197823875252,40.15960561056055,40.15691650712471,40.154023921353875,40.15101035256654,40.14793602975735,40.14484483239016,40.14176857807185,40.138730146928935,40.135745772633676,40.132826732625674
-0.033359999999999994,40.00067005173049,40.015936914596814,40.0495330008104,40.08489688103915,40.11372913610949,40.13477610264365,40.14917681443451,40.15847686808304,40.16402804196576,40.166877253344616,40.16779881587726,40.16735512276138,40.16595218445287,40.16388295317247,40.16135918386612,40.15853431395114,40.15551975744428,40.15239650053918,40.14922337962498,40.14604302145111,40.14288613176324,40.139774611584905,40.13672383621045,40.13374433220699
-0.03312,40.00075900238455,40.01711794611527,40.05207294323086,40.08822524502911,40.117338023120936,40.13836790324198,40.15260331338312,40.161675058403794,40.16697977232098,40.169586744971305,40.1702806527754,40.16962797418439,40.16803559860139,40.16579578509363,40.16311888849218,40.16015669217884,40.15701893370584,40.1537850126465,40.15051231705247,40.14724217839791,40.144004157833194,40.1408191519269,40.137701657828245,40.13466143571975
-0.03288,40.00085898797159,40.01837680133639,40.05472292929948,40.09165808993471,40.12103351923814,40.1420278315155,40.15608231174929,40.16491341240141,40.16996217683298,40.1723196689545,40.17278039546021,40.171914498031214,40.17012942499398,40.16771650368039,40.16488451176775,40.161783447035745,40.15852127234257,40.155175726840824,40.15180269440743,40.148442168685754,40.145122533560844,40.141863655886546,40.13867913500269,40.1355779492989
-0.032639999999999995,40.000971270413366,40.019717830938,40.05748656447488,40.09519750842163,40.12481663402642,40.14575626058228,40.15961383589603,40.168191777564,40.17297501781372,40.17507575381568,40.17529776634998,40.174214425075505,40.172233409836515,40.16964487354423,40.16665583743007,40.163414380902374,40.160026593290894,40.15656847926134,40.15309436260265,40.149642856599264,40.14624113528142,40.14290801063332,40.13965616463371,40.13649377858224
-0.0324,40.00109724186997,40.02114557052503,40.06036750961505,40.09884558322839,40.1286883482724,40.14955353379183,40.16319788669403,40.1715099809453,40.17601804161102,40.17785471571462,40.177832478301056,40.17652747867483,40.17434729355769,40.17158065477319,40.16843264565616,40.165049293343145,40.16153471424958,40.157963104261995,40.15438717112179,40.15084410527587,40.14735983840751,40.143952102593765,40.14063264302288,40.13740882872605
-0.032159999999999994,40.00123843642962,40.02266474434125,40.06336947836735,40.10260438445114,40.13264961220829,40.153419963697615,40.1668344389588,40.17486782887093,40.17909097846662,40.18065625839203,40.18038423459689,40.17885337478447,40.176470810835255,40.17352360296357,40.170214713096065,40.16668798113903,40.163045450710634,40.15935943444022,40.15568096804567,40.15204577672974,40.14847851745064,40.144995817471,40.141608465891004,40.13832300442091
-0.03192,40.00139654264096,40.024280268748235,40.066496234333556,40.10647596674374,40.136701343716915,40.15735583103277,40.17052344089706,40.17826510665384,40.18219354238213,40.18348007311853,40.18295272894205,40.18119182197504,40.17860369062518,40.17547346925387,40.172001812907794,40.168330238321495,40.16455861599128,40.16075730066641,40.15697560007923,40.153247731876185,40.14959704604334,40.14603904026454,40.14258352839594,40.13923620990779
-0.03168,40.00157341692545,40.02599725544402,40.06975158800501,40.110462366434625,40.140844426518946,40.16136138369023,40.174264813562864,40.18170157831971,40.18532543099331,40.186325838650205,40.185537645461174,40.18354252145391,40.180745656193686,40.17743000036093,40.17379371479397,40.16997585620784,40.16607402126696,40.16215653211427,40.15827091257905,40.15444983055656,40.15071529696156,40.147081655290485,40.143557725150714,40.14014834899426
-0.031439999999999996,40.00177109790589,40.027821014393076,40.07313939346352,40.114565598562244,40.14507970834449,40.1654368357085,40.178058450324464,40.18517698634249,40.18848632545269,40.18919322119065,40.18813865870312,40.18590516709045,40.18289642515223,40.17939293861825,40.17559018504022,40.17162462343773,40.167591475605306,40.163556956291885,40.15956674958159,40.155651931563675,40.151833142147495,40.148123546201944,40.14453095024186,40.14105932507095
-0.0312,40.00199182168601,40.02975705643831,40.0766635448438,40.118787653830886,40.149407999090975,40.169582366264365,40.18190421634238,40.188691051390535,40.191675890321,40.19208187435985,40.19075543365008,40.18827944544519,40.185055709495394,40.18136202201666,40.17739098655521,40.17327632601114,40.16911078600119,40.164958399073655,40.16086295383197,40.15685389266768,40.15295045273279,40.14916459600984,40.145503097248,40.1419690411282
-0.030959999999999998,40.00223803811394,40.03181109556484,40.08032797255379,40.123130495489065,40.153830068969384,40.17379811867395,40.18580194805967,40.192243472083895,40.194893773467406,40.19499143916992,40.19338762573202,40.190665035802844,40.18722321564178,40.18333698424709,40.17919587891242,40.174930747327544,40.17063175741273,40.16636068473294,40.16215936681338,40.158055570642425,40.15406709906208,40.150204687103944,40.1464740592587,40.14287739977289
-0.030719999999999997,40.00251242805991,40.03398905078477,40.08413663924958,40.127596056132965,40.158346646641,40.17808419940331,40.18975145270504,40.19583392476298,40.19813960597893,40.19792154400774,40.196034880846305,40.19306161020936,40.18939864447778,40.185317554745694,40.18100461839359,40.17658766822644,40.172154192798295,40.16776363597552,40.1634558287771,40.15925682129231,40.155182950717,40.151243701274254,40.14744372889347,40.14378430324548
-0.030479999999999997,40.00281792173572,40.03629704761109,40.08809353556208,40.13218623443738,40.162958417346964,40.18244067709002,40.19375250780954,40.19946206326913,40.201413002079214,40.2008718046248,40.19869683538264,40.19546883351283,40.1915816914044,40.187303458741084,40.1828169580339,40.17824686702911,40.17367789315455,40.16916707397379,40.164752178773135,40.16045749947956,40.15629787654044,40.15228151973267,40.14841199832113,40.1446896534372
-0.030239999999999996,40.00315771807983,40.03874141908861,40.09220267557312,40.13690289181705,40.16766602103286,40.18686758157717,40.197804860737655,40.20312751873748,40.20471355905684,40.203841824134166,40.20137311625341,40.19788636340842,40.19377204638701,40.1892944173039,40.18463264766878,40.17990811958174,40.1752026575554,40.17057081840175,40.16604825468137,40.16165745915203,40.15741174466129,40.15331802313488,40.14937875927928,40.14559335190744
-0.03,40.00353530522774,40.041328706348985,40.09646809203923,40.141747849021606,40.172470050470785,40.191364902961,40.20190822823353,40.20682989940242,40.20804085720342,40.20683119301473,40.20406334092934,40.20031385048738,40.19596939400804,40.19129014739856,40.18645143398246,40.18157119929975,40.176728283192034,40.171974687470744,40.16734389324341,40.1628565533714,40.15852442251943,40.15435309160265,40.150343903094075,40.146495299901346
-0.029759999999999998,40.0039544820827,40.04406565865663,40.10089383136175,40.1467228826671,40.17737104938134,40.19593259065376,40.206062295983024,40.21056879041624,40.211394459761664,40.20983948912297,40.20676711748073,40.20275093828995,40.198173413522746,40.19329036193724,40.18827306055814,40.18323587721341,40.17825456541378,40.173378497965885,40.16863893009489,40.164054634341824,40.159635776891115,40.15538660474627,40.15130732070016,40.147395398367514
-0.029519999999999998,40.004419380995884,40.046959232911924,40.10548394830261,40.15182972170808,40.18236951055806,40.200570552463105,40.21026671819248,40.214343753681106,40.21477391288356,40.21286627771208,40.2094840446241,40.20519726336239,40.20038377891789,40.19529476983606,40.1900972679298,40.18490192201473,40.17978129777005,40.174782065283274,40.16993319979844,40.16525155343908,40.16074567391475,40.15641844168732,40.15226890266084,40.148293547975925
-0.029279999999999997,40.00493449155941,40.05001659257799,40.110242500445786,40.15707004385364,40.187465873996885,40.20527865368951,40.21452111718476,40.21815432769497,40.21817874559901,40.215911111458794,40.212213711774375,40.20765245531805,40.202600158973404,40.197303076073524,40.19192379363579,40.186569100105544,40.18130827205312,40.176185203467924,40.17122653587713,40.16644716124004,40.161853979116884,40.15744848108174,40.15322853918848,40.149189649136005
-0.029039999999999996,40.00550468550794,40.05324510599699,40.115173542404804,40.16244547193165,40.19266052503334,40.2100567162431,40.218825083013506,40.22200002741161,40.221608469794894,40.218973530497806,40.21495569910269,40.21011613690243,40.20482221732704,40.19931498175107,40.19375237227389,40.18823717564692,40.18283527834199,40.177587725252394,40.17251877084851,40.167641307552714,40.16296055743867,40.158476601143036,40.15418612016507,40.15008360201486
-0.0288,40.0061352427173,40.056652344062385,40.12028111977767,40.16795757020535,40.197953792490125,40.214904517781406,40.223178173096166,40.22588034411529,40.225062580204906,40.22205306246396,40.21770957759974,40.21258792406242,40.20704961254204,40.20133018415596,40.19558273555815,40.189905910609674,40.18436210504697,40.17898944209611,40.17380973625919,40.16883384144652,40.16406527326254,40.1595026796659,40.15514153516298,40.15097530655564
-0.02856,40.00683187827955,40.06024607721329,40.125569262850995,40.1736078406469,40.203345946837935,40.219821790869474,40.22757991186665,40.22979474531032,40.22854055441028,40.22514922254233,40.220474909144826,40.21506742601953,40.20928199817768,40.20334837682617,40.19741461237723,40.1915750648262,40.18588853895537,40.180390164225415,40.17509926271991,40.17002461128316,40.165167990439215,40.160526594049934,40.15609467346598,40.151864662496074
-0.028319999999999998,40.00760077062442,40.06403427171776,40.131041980055976,40.17939771917239,40.20883719837227,40.22480822216373,40.232029790448266,40.233742674625894,40.23204185285149,40.228261513526085,40.22325124658046,40.21755424534719,40.21151902286283,40.205369249617604,40.19924772885444,40.19324439604344,40.18741436527796,40.18178970067425,40.17638717994119,40.171213464747744,40.166268572315126,40.16154822132368,40.15704542409032,40.15275156938719
-0.028079999999999997,40.008448590646836,40.068025085212135,40.13670325117946,40.18532857184351,40.2144276954092,40.22986345162119,40.23652726634771,40.237723551736565,40.23556591885122,40.231389425882426,40.22603813379273,40.22004797805216,40.21376033037249,40.20739248877336,40.20108180840926,40.19491365997703,40.18893936769637,40.18318785932558,40.177673316769415,40.17240024888037,40.16736688175995,40.162567438168885,40.15799367580613,40.153635926612054
-0.027839999999999997,40.00938253178867,40.072226861464436,40.14255702033433,40.191401691040916,40.22011752250296,40.23498707173536,40.241071763170666,40.2417367722986,40.23911217864865,40.23453243782645,40.2288351057973,40.22254821365998,40.216005559707156,40.209417776995195,40.20291657182057,40.19658261036663,40.19046332841139,40.184584446953394,40.1789575012235,40.17358481010809,40.16846278119462,40.16358412094497,40.1589393171589,40.15451763340478
-0.027599999999999996,40.0104103410109,40.07664812433031,40.1486071886938,40.1976182916147,40.22590669868838,40.24017862680031,40.24566267035996,40.24578170790267,40.242680041445205,40.23769001540315,40.23164168883114,40.22505453530447,40.21825434517522,40.211444793517074,40.204751737291296,40.19825099903244,40.19198602819202,40.1859792692654,40.18023956053199,40.17476699427722,40.16955613261949,40.1645981457137,40.159882236491114,40.15539658886961
-0.02736,40.01154035057924,40.081297570871364,40.15485760699553,40.20397950701768,40.231795175751174,40.24543761220443,40.25029934295665,40.24985770604305,40.246268899461924,40.24086161257748,40.234457400449934,40.22756651982135,40.22050631647819,40.213473214180816,40.2065870205147,40.19991857593275,40.193507246425504,40.18737213094637,40.18151932117063,40.17594664668604,40.170646797642846,40.16560938826413,40.16082232196418,40.156272692000066
-0.02712,40.0127815105722,40.0861840636067,40.16131206782177,40.21048638542719,40.237782836529114,40.25076347375524,40.25498110138494,40.25396409010368,40.24987812800859,40.24404667133261,40.237281749631215,40.230083737845746,40.222761098798856,40.215502711513864,40.2084221347421,40.20158508922274,40.195026761168094,40.18876283570202,40.18279660890046,40.17712361211783,40.17173463750969,40.1666177241377,40.16175946158034,40.15714584169838
-0.026879999999999998,40.01414342200603,40.09131662186998,40.167974297662916,40.217139885861656,40.24386949324719,40.256155607036774,40.25970723126146,40.25810015936136,40.253507085564635,40.247244621776375,40.240114236883215,40.232605753913866,40.22501831289222,40.21753295480905,40.21025679085218,40.203250285314255,40.196544349196685,40.190151186303616,40.1840712488063,40.17829773487422,40.17281951313071,40.16762302865354,40.16269354320486,40.158015936794826
-0.026639999999999997,40.01563637045518,40.096704412245664,40.17484794877255,40.22394087429792,40.25005488588984,40.26161335680084,40.26447698322957,40.262265189006406,40.25715511387207,40.250454882255895,40.24295435435937,40.23513212656862,40.2272775751794,40.21956361020649,40.21209069742169,40.20491390893675,40.198059786061194,40.19153698463307,40.185343065335736,40.179468858808974,40.17390128511161,40.168625176933965,40.16362445458831,40.158882876067366
-0.026399999999999996,40.017271360030534,40.102356738060244,40.181936590822886,40.230890119796,40.25633868061345,40.26713601639366,40.2692895728193,40.2664584301809,40.260821538040396,40.25367685948049,40.2458015859786,40.23766240846919,40.229538497844246,40.22159434077737,40.213923560797646,40.20657570319926,40.199572846137755,40.19292003172869,40.186611882338475,40.180636827361965,40.17497981378258,40.16962404393019,40.164552083389005,40.159746558261254
-0.02616,40.01906014756073,40.10828302790576,40.18924370237043,40.23798829063781,40.262720468202204,40.27272282721931,40.2741441803335,40.27067911003484,40.26450566666365,40.25690994865282,40.248655407551176,40.24019614650459,40.231800688932765,40.22362480660985,40.21575508517099,40.20823540965339,40.201083302682704,40.19430012783142,40.187877523106195,40.18180148359357,40.176054959228075,40.17061950444816,40.16547631719555,40.16060688210881
-0.02592,40.02101527680394,40.11449282317545,40.19677266214251,40.24523595048658,40.26919976257039,40.278372978241244,40.27903995076089,40.27492643180053,40.26820679194968,40.26015353360827,40.25151528691031,40.24273288191114,40.23406375245533,40.2256546648968,40.21758497265157,40.20989276835737,40.20259092788722,40.1956770724317,40.189139810412705,40.18296267021931,40.17712658131678,40.1716114331746,40.16639704354956,40.161463746349284
-0.025679999999999998,40.023150112499316,40.12099576459345,40.20452674015622,40.25263355457422,40.27577599931454,40.28408560552325,40.28397599371631,40.279199574885155,40.27192418986162,40.26340698696262,40.25438068404936,40.24527215039382,40.23632728849157,40.227683570025576,40.219412923344585,40.211547517941085,40.20409549293282,40.19705066431684,40.19039856655463,40.184120229644805,40.17819453973182,40.17259970470318,40.16731414996842,40.162317049748815
-0.025439999999999997,40.02547887404834,40.1278015777233,40.212509088682204,40.26018144592337,40.282448534318334,40.28985979181128,40.28895138340907,40.28349769498203,40.275657120271745,40.266669670268,40.25725105126463,40.247813482251544,40.23859089329804,40.22971117366962,40.22123863542836,40.2131993956721,40.20559676804743,40.19842070161885,40.191653613392305,40.18527400400098,40.179258694001135,40.1735841935609,40.16822752396828,40.1631666911204
-0.025199999999999997,40.02801666859745,40.134920057442464,40.22072273306649,40.26787985161191,40.28921664241352,40.295694566157344,40.29396515863955,40.28781992420049,40.279404827127614,40.26994093417701,40.26012583330377,40.25035640250616,40.24085415941839,40.23173712488199,40.22306180523342,40.21484813752258,40.20709452256226,40.19978698186288,40.19290477239123,40.18642383517962,40.180318903528104,40.17456477423455,40.169137053087006,40.164012569344074
-0.024959999999999996,40.03077952327355,40.14236105137331,40.22917056242453,40.275728879086834,40.29607951610006,40.301588903586754,40.29901632282479,40.29216537121472,40.28316653863069,40.27322011861512,40.26300446751967,40.25290043103533,40.24311667579636,40.23376107019067,40.22488212732292,40.21649347823724,40.208588524969265,40.20114930201606,40.194151864663716,40.18756956486904,40.18137502762233,40.17554132119734,40.1700426249074,40.16485458338704
-0.02472,40.033784416304904,40.15013444226392,40.237855320222565,40.28372851253556,40.30303626432854,40.30754172481006,40.30410384405342,40.296533121431565,40.28694146742727,40.27650655296129,40.26588638402994,40.25544508270906,40.24537802789117,40.23578265369571,40.2266992945743,40.21813515140211,40.210078542979325,40.202507458536864,40.195394711010955,40.18871103459017,40.1824269255306,40.1765137089357,40.17094412708034,40.16569263232394
-0.02448,40.03704930674022,40.158250129315775,40.24677959476195,40.29187860932198,40.31008591134805,40.31355189598067,40.309226655170434,40.30092223717755,40.29072881081189,40.27979955623665,40.268771005881725,40.25798986753003,40.24763779779557,40.23780151716815,40.22851299826223,40.21977288951423,40.21156434358099,40.20386124742487,40.196633131965406,40.18984808573276,40.183474456468026,40.17748181197611,40.171841447348164,40.16652661535715
-0.024239999999999998,40.0405931624597,40.166718008458425,40.25594580958339,40.300178896495154,40.31722739562247,40.319618228499614,40.31438365389208,40.30533175790517,40.29452775094319,40.28309843730144,40.27165774922198,40.26053429077746,40.24989556435631,40.23981730015064,40.23032292814268,40.22140642405218,40.21304569309988,40.20521046427099,40.197866947833475,40.19098055959185,40.184517479649365,40.17844550491212,40.17273447356801,40.167356431837156
-0.023999999999999997,40.04443598615297,40.17554795157554,40.26535621380841,40.308628967378596,40.32445956881839,40.32573947886825,40.31957370295147,40.309760700418515,40.298337455072065,40.28640249505994,40.27454602347312,40.263077853154634,40.25215090329711,40.24182964005977,40.232128772538275,40.22303548554745,40.21452235725866,40.20655490430816,40.199095978738505,40.192108297404424,40.185555854320434,40.17940466243145,40.173623093735344,40.168181981282984
-0.023759999999999996,40.048598838920775,40.18474978469016,40.27501287243652,40.31722827824788,40.331781194867574,40.3319143485903,40.324795630275055,40.31420805911841,40.30215707578231,40.28971101867337,40.27743523151388,40.26562005093995,40.25440338734401,40.24383817229002,40.23393021842474,40.22465980365663,40.21599410123756,40.207894362462326,40.20032004466403,40.1932311403863,40.18658943978973,40.180359159343205,40.17450719600744,40.16900316340263
-0.02352,40.05310386113983,40.19433326512139,40.28491765661717,40.32597614510479,40.33919094910689,40.33814148412407,40.330048229190396,40.31867280626699,40.305985751243576,40.29302328778091,40.280324769865416,40.268160376141445,40.25665258635309,40.24584253031939,40.23572695151844,40.226279107234305,40.21746068973548,40.20922863340389,40.20153896549735,40.19434892976923,40.18761809546011,40.181308870605136,40.175386668727,40.16981987811358
-0.02328,40.057974290214126,40.204308057628765,40.29507223391635,40.33487174055587,40.34668741749871,40.344419476885875,40.33533025866552,40.32315389227189,40.3098226054766,40.2963385727284,40.28321402888261,40.2706983166547,40.258898067440406,40.247842345816515,40.23751865636505,40.2278931244068,40.218921887031556,40.2105575115995,40.20275256107326,40.195461506838036,40.188641680860684,40.18225367135103,40.17626140044582,40.17063202556337
-0.023039999999999998,40.063234474820966,40.21468370956518,40.30547805859859,40.343914090803494,40.35426909593452,40.35074686330571,40.3406404435801,40.327650245989936,40.31366674863067,40.29965613480501,40.28610239295034,40.27323335642415,40.261139395114306,40.24983724874934,40.23930501642921,40.229501582646535,40.220377457047256,40.211880791364166,40.20396065121812,40.196568712968116,40.18966005567872,40.18319343691816,40.17713127994845,40.1714395061501
-0.022799999999999997,40.06890988524654,40.225469625063425,40.3161363619455,40.35310207275761,40.36193438962465,40.35712212493589,40.34597747502864,40.332160775050426,40.317517277273325,40.30297522648752,40.288989240684835,40.27576497560766,40.263376131409856,40.25182686749526,40.24108571418523,40.23110420884716,40.22182716340898,40.213198266913736,40.20516305579409,40.197670389662925,40.19067307979172,40.18412804287476,40.17799619627597,40.17224222054307
-0.022559999999999997,40.07502711939433,40.23667503828648,40.327048142633146,40.36243441127602,40.36968161257669,40.363543688613746,40.35134001065599,40.33668436619795,40.32137327469203,40.306295091692306,40.29187394513989,40.27829265074426,40.26560783602535,40.25381082895275,40.24286043120873,40.23270072939926,40.22327076951102,40.214509732417596,40.206359594743546,40.198766378591664,40.191680613299525,40.185057365047626,40.178856038749736,40.17304006970335
-0.02232,40.081613904040005,40.24830898577608,40.3382141571906,40.371909676541485,40.37750898716529,40.37000992667883,40.3567266750252,40.34121988565471,40.325233811207916,40.30961496603478,40.29475587401793,40.280815854925144,40.267834066461035,40.25578875865424,40.24462884826924,40.2342908702668,40.22470803857902,40.21581498205177,40.20755008813377,40.19985652162712,40.19268251655656,40.185981279549694,40.179710696995166,40.173832954904405
-0.02208,40.08869909089942,40.26038027793922,40.34963491056326,40.381526281583376,40.38541464379588,40.376519157245674,40.362136060017946,40.34576617950227,40.329097944501356,40.3129340770963,40.297634389885744,40.283334057967544,40.270054378159664,40.25776028088048,40.24639064542362,40.235874357064,40.22613873373382,40.217113810052176,40.208734356201724,40.200940660883525,40.19367865020408,40.1868996628077,40.18056006096557,40.17462077775272
-0.02184,40.096312647071386,40.272897469717044,40.361310646804455,40.39128247995206,40.393396620664745,40.383069644532554,40.36756672526755,40.350322074082634,40.332964719949295,40.31625164469837,40.3005088503949,40.28584672659176,40.27226832464914,40.25972501877606,40.24814550211045,40.23745091513296,40.22756261805562,40.2184060107682,40.209912219399015,40.202018638754616,40.19466887520255,40.18781239158986,40.181404020965964,40.175403440208434
-0.021599999999999998,40.10448563941567,40.28586883048572,40.37324133991987,40.40117636355367,40.40145286361777,40.389659599246926,40.373017198624666,40.3548863764186,40.3368331709742,40.31956688118394,40.303378608506655,40.28835332460096,40.27447545768699,40.26168259446623,40.24989309724509,40.23902026962166,40.22897945464857,40.21969137871643,40.211083498437006,40.203090297951704,40.19565305286399,40.188719343033554,40.1822424676769,40.1761808446059
-0.021359999999999997,40.11325021242763,40.29930231324376,40.385426684889474,40.411205860653034,40.40958122611017,40.396287179028086,40.37848597665566,40.3594578746532,40.34070231940449,40.3228789917059,40.306243012721275,40.290853313063906,40.27667532740658,40.26363262917486,40.25163310931561,40.24058214556254,40.230389006705565,40.220969708634655,40.212248014332026,40.20415548154184,40.1966310448844,40.18962039467303,40.18307529217829,40.17695289367434
-0.02112,40.12263955917603,40.31320552314569,40.397866088892115,40.42136873405258,40.417779469269256,40.40295048894746,40.38397152517366,40.36403533850812,40.34457117584623,40.3261871745223,40.30910140731168,40.29334615050023,40.27886748246519,40.26557474334354,40.25336521647936,40.242136267951516,40.23179103757349,40.22224079553597,40.213405588450726,40.20521403298602,40.1976027133762,40.19051542446713,40.1839023859732,40.1777194905584
-0.02088,40.13268788487903,40.327585685446586,40.41055866275843,40.43166257945435,40.42604526206225,40.40964758206699,40.389472279802156,40.3686175197609,40.348438740066,40.3294906212985,40.31195313256121,40.29583129306852,40.28105147019365,40.267508556751736,40.25508909666027,40.24368236182742,40.233185310818556,40.223504434763086,40.21455604255546,40.20626579617746,40.198567920900665,40.191404310826975,40.184723641011665,40.17848053883873
-0.02064,40.14343036270566,40.342449612927595,40.423503212677815,40.44208482401275,40.4343761815711,40.416376460055844,40.39498664657108,40.37320315274076,40.352304001384745,40.33278851741575,40.31479752500553,40.29830819475682,40.28322683674766,40.269433688637925,40.25680442764678,40.245220152351834,40.234571590292006,40.2247604220428,40.21569919884978,40.20731061547987,40.19952653050041,40.19228693264365,40.185538949714456,40.17923594255247
-0.020399999999999998,40.15490308140666,40.35780367287723,40.43669823218544,40.452632725085074,40.44276971337593,40.4231350738658,40.40051300254528,40.37779095484275,40.35616593908226,40.33608004228638,40.31763391767841,40.30077630757561,40.28539312726052,40.27134975782172,40.258510887190305,40.24674936488929,40.23594964019595,40.22600855354048,40.21683488002398,40.20834833576575,40.200478405731786,40.19316316931588,40.18634820499682,40.17998560621378
-0.020159999999999997,40.16714298439972,40.37365375370842,40.45014189445578,40.463303369186605,40.45122325204886,40.42992132446541,40.40604969648513,40.382379627060125,40.360023522812334,40.33936436967511,40.3204616403613,40.30323508175308,40.28754988599739,40.27325638282686,40.260208153104315,40.248269725087766,40.23731922514941,40.22724862591476,40.21796290930066,40.20937880245469,40.20142341069731,40.194032900777636,40.18715130029215,40.180729434834305
-0.019919999999999997,40.18018779995899,40.39000523129616,40.46383204492869,40.474093671157256,40.459734101759565,40.436733063633035,40.41159504953896,40.38696785453452,40.363875713028115,40.34264066802655,40.32328001983663,40.305683965932694,40.2896966565109,40.275153182005,40.26189590336383,40.24978095895949,40.23868011025453,40.2284804363722,40.21908311048027,40.210401861551624,40.20236141007806,40.194896007525735,40.18794812957568,40.181467333943544
-0.01968,40.194075962189416,40.406862935125474,40.477766194294475,40.48500037354598,40.46829947699395,40.4435680948088,40.417147355967344,40.39155430712375,40.36772146141763,40.345908100798546,40.32608838014454,40.308122407372785,40.29183298179794,40.27703977366033,40.263573816205415,40.25128279296196,40.24003206116282,40.22970378272203,40.22019530798675,40.21141735968512,40.203292269166006,40.19575237064737,40.18873858738805,40.18219920960923
-0.01944,40.20884652250078,40.42423111434394,40.49194151186443,40.4960200462193,40.47691650338704,40.450424174005406,40.422704883898525,40.39613763998693,40.37155971134905,40.34916582680128,40.32888604284306,40.31054985214823,40.29395840445779,40.27891577617477,40.26524157022754,40.2527749540792,40.241374844141646,40.230918463430925,40.221299326913034,40.21242514414555,40.20421585389625,40.196601871847555,40.18952256885885,40.1829249684576
-0.0192,40.224539051336535,40.44211340381769,40.50635481935264,40.507149086199796,40.485582218671176,40.45729901077757,40.428265876114935,40.400716494186504,40.37538939832557,40.352413000541866,40.331672327271455,40.312965745353985,40.29607246685122,40.280780808133954,40.266898844491244,40.25425716990314,40.24270822614061,40.23212427767779,40.22239499306659,40.213425062923214,40.20513203087929,40.19744439347655,40.190299969730084,40.18364451769366
-0.018959999999999998,40.24119352995684,40.46051279029421,40.5210025850953,40.518383717740214,40.49429357374027,40.464190269250004,40.4338285508703,40.40528949730687,40.37920945044951,40.35564877257421,40.33444655081668,40.31536953131042,40.29817471126069,40.282634488453645,40.268545318621214,40.25572916871517,40.24403197485803,40.23332102540841,40.223482133014826,40.214416964746455,40.20604066743311,40.19827981855718,40.191070686379575,40.18435776512134
-0.018719999999999997,40.25885023212491,40.47943157877906,40.53588091873324,40.52971999263842,40.50304743383082,40.47109556920345,40.43939110273689,40.40985526408928,40.38301878889549,40.358872289854,40.33720802918271,40.317760653770236,40.30026468005145,40.28447643650669,40.270180672906925,40.257190679567714,40.2453458588075,40.2345085073902,40.22456057413055,40.21540069911956,40.206941631615216,40.19910803081203,40.19183461584426,40.18506461916357
-0.01848,40.27754959560047,40.498871359238,40.550985566382685,40.541153790798155,40.51184057982012,40.47801248721849,40.44495170348235,40.414412397082515,40.38681632839222,40.362082696098554,40.339956076662624,40.32013855612705,40.30234191583344,40.28630627225041,40.271804588404116,40.25864143236593,40.2466496473842,40.23568652526675,40.22563014463712,40.2163761163607,40.20783479225458,40.199928914690595,40.1925916558434,40.185764988882305
-0.01824,40.297332083403155,40.51883297373938,40.56631190631949,40.55268082104022,40.520669709642036,40.484938557876596,40.45050850297581,40.41895948730896,40.390600977712666,40.36527913215125,40.34269000641324,40.32250268162523,40.30440596162401,40.28812361635433,40.2734167470363,40.26008115794932,40.247943110931395,40.23685488161232,40.22669067365371,40.21734306763959,40.20872001898343,40.200742355396315,40.19334170480175,40.18645878399845
-0.018,40.31823803487291,40.53931648415483,40.58185494520091,40.564296622168115,40.529531439820445,40.49187127501783,40.45605963012239,40.42349511494565,40.39437164017228,40.3684607363504,40.345409130732165,40.324852473571134,40.30645636101121,40.289928090328225,40.27501683169639,40.26150958817339,40.2492260208066,40.23801337998619,40.2277419912402,40.21830140501516,40.20959718226893,40.20154823891343,40.1940846618725,40.187145914911675
-0.017759999999999998,40.34030750662273,40.56032114053985,40.59760931484873,40.575996564292076,40.5384223071202,40.49880809305448,40.4616031938258,40.42801785001979,40.39812721413494,40.371626644902214,40.34811276133701,40.327187375545414,40.308492658317626,40.291719316650244,40.27660452634833,40.26292645599111,40.25049814944774,40.23916182498687,40.22878392844214,40.21925098147296,40.21046615344473,40.20234645203381,40.194820426960234,40.18782629272019
-0.017519999999999997,40.363580103552,40.58184535031805,40.61356926961676,40.58777585041472,40.54733877031541,40.50574642834003,40.467137283978076,40.432526253118226,40.40186659352615,40.37477599225766,40.350800209646714,40.32950683161634,40.3105143987647,40.29349691889536,40.27817951612865,40.26433149553438,40.25175927043914,40.24030002230608,40.22981631733531,40.220191650962434,40.21132680474233,40.20313688238354,40.19554890074371,40.18849982924035
-0.017279999999999997,40.38809480016515,40.60388664839543,40.62972868436488,40.59962951828129,40.55627721207457,40.51268366059237,40.47265997247596,40.43701887611037,40.405588668353296,40.37790791149296,40.353470787064595,40.33181028655404,40.31252112863737,40.29526052186367,40.27974148744799,40.265724442195165,40.253009158577186,40.241427778782565,40.230838991070236,40.22112326843403,40.2121790093223,40.20391941844944,40.1962699846985,40.18916643702621
-0.01704,40.413889752520525,40.62644166833287,40.64608105306093,40.61155244249687,40.56523394096176,40.519617134370506,40.47816931426305,40.441494262884135,40.409292325232435,40.38102153469338,40.35612380526313,40.334097186045376,40.31451239544887,40.297009751708785,40.28129012809239,40.26710503270653,40.25424758993591,40.242544902455634,40.23185178391639,40.222045689876055,40.213022641305294,40.20469394960537,40.19698358111954,40.18982602938895
-0.0168,40.44100210121794,40.649506114706675,40.66261948803091,40.62353933691254,40.574205193553226,40.526544160603585,40.48366334839701,40.44595095009406,40.412976447921274,40.38411599334015,40.358758576470095,40.33636697690946,40.3164877481058,40.298744236066106,40.28282512732435,40.26847300522335,40.25547434193215,40.24365120261845,40.23285453130619,40.22295877235136,40.213857575802926,40.20546036613845,40.1976895931435,40.19047852041618
-0.01656,40.469467765919106,40.67307473678775,40.67933671987656,40.63558475728195,40.58318713666799,40.53346201817123,40.48914009914085,40.45038746792135,40.41663991785789,40.387190418700065,40.36137441375599,40.338619107313576,40.31844673707302,40.30046360418078,40.28434617598367,40.26982809940267,40.25668919339047,40.244746489871,40.2338470698787,40.223862374033736,40.214683688948355,40.20621855927498,40.19838792477105,40.19112382499112
-0.016319999999999998,40.49932123198333,40.69714130367099,40.696225098078635,40.64768310418921,40.59217586971144,40.54036795553376,40.49459757707756,40.45480234084491,40.420281614704884,40.39024394221764,40.3639706313224,40.34085302698932,40.32038891453856,40.30216748703552,40.28585296658785,40.271170056483754,40.25789192460766,40.24583057617272,40.23482923752302,40.22475635424406,40.2155008579267,40.20696842120628,40.1990784808889,40.19176185881166
-0.016079999999999997,40.53059532989074,40.72169858098621,40.713276592302705,40.65982862624863,40.601167427130186,40.54725919241126,40.500033780247016,40.459194088422976,40.42390041689831,40.39327569590934,40.36654654479126,40.34306818744893,40.322313834578296,40.30385551747794,40.2873451934321,40.272498619367624,40.25908231741692,40.24690327489485,40.23580087342143,40.22564057348622,40.21630896100524,40.207709845114294,40.19976116729179,40.19239253840936
-0.01584,40.56332100821537,40.74673830932161,40.73048279442295,40.67201542357593,40.61015778097649,40.55413292150969,40.50544669530422,40.46356122608453,40.42749520220115,40.39628481275976,40.36910147149455,40.34526404220147,40.32422105332016,40.305527330347495,40.28882255268884,40.273813532696195,40.260260155251494,40.24796440087222,40.236761818092084,40.22651489348265,40.21710787756329,40.208442725196996,40.200435890704206,40.19301578116816
-0.0156,40.597527101001674,40.77225118448992,40.74783492127815,40.68423745153047,40.6191428435804,40.56098631029292,40.510834298697894,40.46790226592982,40.43106484826071,40.39927042711919,40.3716347307644,40.347440046968835,40.32611012910804,40.30718256260175,40.290284742506635,40.27511454293083,40.26142522320791,40.249013770454816,40.23771191343141,40.22737917720966,40.21789748812193,40.20916695669356,40.20110255880199,40.19363150534313
-0.015359999999999999,40.63324009048775,40.7982268397657,40.76532381817255,40.69648852472719,40.62811847032717,40.567816502798735,40.516194557868246,40.472215717539356,40.43460823316951,40.40223167510248,40.374145644223276,40.34959565990132,40.32798062266492,40.30882085344215,40.29173146310849,40.27640139843032,40.26257730810864,40.2500512015587,40.23865100275609,40.22823328893234,40.218677674373296,40.209882435909336,40.20176108023373,40.19423963007897
-0.015119999999999998,40.6704838662076,40.82465383022017,40.78293996313243,40.708762321316215,40.637080462537845,40.57462062149729,40.52152543246281,40.4765000887905,40.438124236029154,40.405167694988585,40.37663353607396,40.35173034179261,40.329832097255355,40.31044184443882,40.293162416889395,40.27767384952818,40.263716198564175,40.25107651371654,40.23957893084464,40.22907709423913,40.21944831920976,40.210589060240565,40.202411364641996,40.19484007542842
-0.014879999999999999,40.70927948159119,40.85151961927731,40.800673471928015,40.72105238752795,40.646024570450045,40.58139576919012,40.52682487556925,40.48075388668097,40.44161173751663,40.40807762762071,40.37909773338915,40.35384355629399,40.33166411884706,40.31204517965469,40.29457730851308,40.27893164860923,40.26484168503454,40.25208952812758,40.240495543978454,40.22991046007607,40.220209306752665,40.21128672819884,40.203053322684354,40.19543276237046
-0.014639999999999999,40.749644909264916,40.87881056761163,40.81851410386809,40.73335214248035,40.654946496296304,40.58813903094775,40.53209083496373,40.48497561815844,40.44506962045258,40.41096061680646,40.38153756640033,40.35593477012755,40.33347625627138,40.31363050576845,40.29597584500789,40.28017455018545,40.26595355989003,40.253090067707,40.24140068998249,40.230733254780574,40.220960522380786,40.21197533943537,40.20368686605422,40.196017612828484
-0.0144,40.79159479633446,40.90651192450399,40.83645126837321,40.74565488324486,40.66384189747673,40.59484747608398,40.5373212543738,40.48916379095531,40.44849677037081,40.41381580971763,40.38395236878569,40.35800345329823,40.33526808138273,40.31519747219657,40.29735773586164,40.28140231097088,40.267051617471296,40.254077957134726,40.24229421826536,40.231545348114835,40.22170185275845,40.212654794764866,40.204311907501456,40.19659454968818
-0.014159999999999999,40.83514022100702,40.93460782176743,40.85447403233139,40.75795379016658,40.672706389822594,40.60151816016457,40.54251407475412,40.49331691442793,40.451892076088676,40.416642357289405,40.38634147795675,40.36004907930449,40.33703916921649,40.31674573121398,40.298722693115415,40.28261468995568,40.26813565414861,40.25505302290351,40.243175979858854,40.232346611298766,40.22243318586332,40.21332499618928,40.2049283608528,40.197163496815385
-0.013919999999999998,40.88028845197918,40.96308127034961,40.8725711282381,40.770241932433734,40.68153555094738,40.608148127048224,40.54766723557404,40.49743350039921,40.455254430277535,40.419439414618274,40.38870423534343,40.362071125347256,40.338789098145526,40.31827493807339,40.30007043145621,40.28381144847912,40.2692054683803,40.25601509336634,40.24404582745698,40.23313691704245,40.22315441101376,40.21398584692112,40.20553614103205,40.197724379073684
-0.01368,40.92704271207899,40.99191415971266,40.89073096312041,40.78251227389087,40.690324923681295,40.61473441095744,40.55277867611512,40.501512064003805,40.45858273003275,40.42220614135847,40.39103998667727,40.364069072537156,40.340517450034966,40.31978475112322,40.301400668308254,40.28499235030154,40.27026086077024,40.256963998783085,40.2449036154543,40.23391613957814,40.22386541889581,40.21463725140657,40.20613516408006,40.19827712234195
-0.013439999999999999,40.9754019477061,41.021087260084684,40.908941628243035,40.79475767908939,40.699070019585214,40.62127403857669,40.557846336777494,40.50555112453478,40.46187587744254,40.42494170211631,40.39334808227232,40.36604240609948,40.342223810395076,40.321274831923816,40.302713123922935,40.28615716167508,40.271301634124406,40.25789957136637,40.24574919998362,40.2346841546917,40.22456610158982,40.21527911534825,40.20672534717446,40.198821653531645
-0.013199999999999998,41.025360605660296,41.0505802276701,40.92719090959179,40.806970919568556,40.70776632253974,40.62776403117559,40.56286816039319,40.50954920629084,40.46513278015498,40.42764526684195,40.39562787730354,40.367990615576915,40.34390776853207,40.32274484536184,40.30400752146725,40.28730565141318,40.27232759350633,40.258821645326506,40.24658243895303,40.23544083975346,40.22525635259653,40.21591134572763,40.20730660864918,40.19935790060404
-0.01296,41.0769084189864,41.08037161289795,40.94546629912773,40.81914468035929,40.71640929240468,40.634201406753974,40.56784209354481,40.51350483942293,40.468352351942485,40.43031601121821,40.39787873208219,40.36991319502949,40.34556891769657,40.32419445976279,40.30528358711057,40.28843759095868,40.27333854629148,40.25973005691557,40.247403192082125,40.236186073748556,40.22593606686279,40.21653385082713,40.20787886801374,40.19988579258727
-0.012719999999999999,41.13003020349072,41.11043887177911,40.96375500680298,40.83127156670238,40.724994368744134,40.64058318220647,40.57276608788798,40.51741656077922,40.47153351326285,40.432953117045635,40.400100012327904,40.371809643231664,40.3472068552296,40.325623347001326,40.30654105010964,40.28955275445049,40.27433430222037,40.26062464447049,40.24821132093752,40.236919737306565,40.22660514080679,40.21714654025188,40.20844204597222,40.20040525959316
-0.012479999999999998,41.18470566660107,41.14075838043396,40.98204397332684,40.84334411097217,40.733516974612016,40.64690637550315,40.577638101475486,40.521282914747125,40.47467519181625,40.43555577262354,40.402291089436886,40.37367946386605,40.34882118270573,40.32703118260923,40.307779642891596,40.290650918788586,40.275314673450396,40.261505248454995,40.24900668896744,40.237641712730536,40.22726347234269,40.217749324951065,40.20899606444211,40.20091623283406
-0.01224,41.24090923024742,41.17130545284252,41.000319883668425,40.85535477979581,40.74197252039252,40.65316800788351,40.58245610008147,40.52510245409128,40.477776323097174,40.43812317312611,40.40445134074599,40.375522165713576,40.350411506073186,40.32841764588094,40.308999101134944,40.29173186369732,40.276279474606234,40.262371711500535,40.24978916153542,40.23835188402529,40.22791096090488,40.218342117238926,40.20954084657279,40.20141864463939
-0.011999999999999999,41.2986098694334,41.20205436185855,41.01856918127954,40.86729598135763,40.75035640768987,40.65936510606023,40.587218058523376,40.52887374078598,40.48083585094043,40.44065452097313,40.40658014979193,40.37733726283958,40.35197743579065,40.32978241997613,40.31019916384821,40.29279537178688,40.277228522828764,40.26322387844591,40.25055860595308,40.239050136924945,40.2285475074715,40.218924830815354,40.21007631676384,40.20191242847214
-0.01176,41.357770968149154,41.23297836351827,41.03677808301892,40.87916007287742,40.758664033261205,40.6654947044294,40.591921961979764,40.53259534684081,40.48385272806027,40.44314902619454,40.40867690656527,40.37912427477549,40.35351858696028,40.3311251920194,40.31137957344607,40.29384122861262,40.27816163782226,40.26406159637556,40.25131489151182,40.23973635891967,40.22917301458748,40.219497380786045,40.21060240068298,40.20239751894523
-0.011519999999999999,41.418350194243594,41.26404972466257,41.05493259475667,40.89093936825046,40.766890792986246,40.671553847283455,40.59656580730151,40.53626585511784,40.48682591658147,40.44560590678791,40.410741007758546,40.3808827266956,40.355034579456785,40.332445653196615,40.312540075822824,40.29486922273231,40.279078641899865,40.264884714656496,40.25205788951335,40.240410439281604,40.229787386386946,40.220059683682244,40.21111902528387,40.20287385183774
-0.011279999999999998,41.480299394827696,41.295239753879805,41.07301852763469,40.90262614583652,40.77503208586708,40.677539591023056,40.60114760431418,40.53988386013892,40.489754388561394,40.44802438906825,40.41277185700782,40.382612149588525,40.35652503805206,40.33374349884754,40.31368042042287,40.295879145760864,40.27997936002713,40.26569308497359,40.25278747329915,40.241072269089756,40.23039052861486,40.22061165748001,40.21162611882357,40.20334136411101
-0.01104,41.543564513720874,41.326518835763224,41.09102151495655,40.91421265638417,40.783083318050686,40.683449006363766,40.605665377108856,40.54344796888116,40.49263712650155,40.45040370800903,40.41476886512705,40.384312080422596,40.357989592534906,40.3350184285546,40.31480036030793,40.296870792422496,40.28086361986334,40.266486561363315,40.25350351827844,40.241721741254025,40.23098234864805,40.221153221619026,40.2121236108797,40.20379999392474
-0.010799999999999999,41.60808553237862,41.35785646846413,41.10892702967742,40.92569113107571,40.79103990686689,40.68927918053309,40.61011716531868,40.546956801558785,40.49547312384755,40.452743107573355,40.41673145033439,40.38598206230482,40.359427877825404,40.33627014622717,40.315899652220715,40.29784396059996,40.28173125180068,40.2672650002455,40.25420590195487,40.24235875053811,40.23156275551539,40.22168429702087,40.21261143236742,40.2042496806529
-0.01056,41.67379643565214,41.389221304508,41.12672040246157,40.937053789677286,40.79889728487356,40.69502721945336,40.61450102537812,40.55040899238931,40.49826138547573,40.45504184103437,40.41865903846962,40.387621644632446,40.36083953408338,40.337498360181094,40.31697805664471,40.2987984513807,40.28258208900071,40.268028260453235,40.25489450395158,40.2429831935812,40.23213165991722,40.222204806106795,40.21308951555603,40.20469036489967
-0.01032,41.74062520362943,41.42058119482672,41.14438684027264,40.94829284877772,40.80665090390048,40.70069024990523,40.618815031761756,40.553803190341704,40.5010009281648,40.45729917128337,40.420551063201614,40.38923038323655,40.362224206810275,40.33870278321286,40.31803533785954,40.299734069099344,40.28341596742816,40.26877620326042,40.25556920603462,40.243594968918494,40.23268897424384,40.22271467281489,40.21355779408537,40.20512198851534
-0.010079999999999999,41.808493830692335,41.45190323594518,41.1619114454581,40.959400530098286,40.81429623908273,40.70626542166652,40.623057278198864,40.55713805986408,40.50369078105086,40.45951437112427,40.4224069662248,40.39080784051661,40.36358154694376,40.339883132667815,40.31907126399167,40.30065062137655,40.28423272588159,40.269508692407044,40.25622989213445,40.244193977000286,40.23323461259304,40.22321382261672,40.21401620298188,40.20554449461216
-0.00984,41.87731837279644,41.483153820245704,41.17927923528699,40.97036906885477,40.82182879287374,40.711749909620366,40.62722587885997,40.560412281587965,40.50632998606325,40.46168672355291,40.42422619744322,40.39235358556509,40.3649112109442,40.34103913050184,40.32008560705961,40.30154791915336,40.2850322060206,40.27022559412164,40.25687644836541,40.24478012020953,40.23376849078656,40.22370218253326,40.21446467867445,40.20595782758033
-0.0096,41.94700902383989,41.51429868921769,41.196475161895954,40.981190722151624,40.82924409902731,40.717140915826135,40.63131896951093,40.56362455300616,40.508917598339316,40.4638155220191,40.42600821514087,40.39386719428085,40.366212860872054,40.34217050333562,40.321078143013295,40.30242577672085,40.2858142523893,40.27092677714083,40.25750876304292,40.24535330287777,40.23429052638552,40.22417968115016,40.21490315900991,40.20636193310393
-0.009359999999999999,42.01747022183488,41.54530298958424,41.21348413259582,40.991857777386606,40.83653772653706,40.72243567154612,40.635334708629685,40.566773589120416,40.511452686614966,40.465900070669456,40.42775248613638,40.39534824946996,40.36748616445509,40.34327698250066,40.322048651766664,40.30328401174444,40.28657871243541,40.2716121127255,40.258126726698094,40.24591343129916,40.23480063870443,40.22464624863229,40.21533158326828,40.2067567581771
-0.00912,42.08860078543192,41.57613133218066,41.23029103048661,41.00236256064256,40.84370528352044,40.72763143921975,40.63927127848005,40.569858123055006,40.51393433358808,40.46793968456848,40.42945848592029,40.39679634093237,40.36873079514407,40.344358304075946,40.32299691722279,40.304122445281955,40.287325436524576,40.27228147467322,40.258730232089555,40.24646041374244,40.235298748823894,40.22510181673749,40.21574989217781,40.207142251120345
-0.008879999999999999,42.160294081173014,41.6067478534427,41.246880735325256,41.01269744504104,40.85074242103356,40.73272551437651,40.64312688613625,40.57287690663127,40.51636163625105,40.46993368989491,40.43112569877239,40.39821106553245,40.36994643215541,40.34541420891406,40.323922727290324,40.30494090179506,40.28805427794926,40.272934739326374,40.259319174211946,40.24699416046063,40.23578477960179,40.22554631882944,40.21615802792961,40.20751836159712
-0.008639999999999998,42.23243822166673,41.637116279344795,41.263238144585515,41.02285485903022,40.857644836800915,40.7377152274774,40.646899764450986,40.57582871089789,40.51873370618821,40.47188142411012,40.432753617856534,40.39959202725137,40.37113276049903,40.346444442655184,40.32482587389033,40.30573920915265,40.288765092931364,40.27357178557551,40.25989345030089,40.24751458369798,40.23625865568263,40.22597968988952,40.21655593419212,40.207885040630714
-0.0084,42.3049162946872,41.66719999160994,41.27934819464482,41.0328272945766,40.86440827884279,40.742597945673104,40.65058817295852,40.57871232661025,40.521049669833104,40.47378223609438,40.434341745289615,40.40093883721844,40.372289470989145,40.34744875572743,40.32570615295187,40.30651719862542,40.28945774061777,40.27419249485714,40.26045295983371,40.24802159769404,40.23672030350506,40.22640186652776,40.2169435561253,40.20824224062168
-0.008159999999999999,42.37760662300087,41.69696209599364,41.29519588202672,41.042607315227016,40.87102854898017,40.74737107446564,40.6541903987031,40.581526564651654,40.523308668679746,40.47563548624633,40.43588959218082,40.40225111371843,40.37341626023555,40.34842690333107,40.32656336439468,40.30727470487,40.29013208306769,40.274796751145175,40.260997604525386,40.24851511868429,40.23716965130703,40.226812786992454,40.217320840394564,40.20858991536571
-0.00792,42.45038305452191,41.72636549242395,41.31076628462145,41.05218756400322,40.87750150619464,40.75203205925769,40.65770475698088,40.584270256387065,40.52550985944059,40.47744054653993,40.43739667863664,40.40352848217104,40.3745128306122,40.34937864540453,40.32739731209705,40.308011565901154,40.29078798523053,40.27538444093497,40.261527288319016,40.24899506489679,40.23760662912852,40.227212391178554,40.21768773518444,40.20892802007233
-0.007679999999999999,42.523115282189714,41.75537294675758,41.32604458279886,41.061560771086384,40.883823069816636,40.75657838677119,40.66112959198183,40.58694225393905,40.52765241414295,40.47919680053198,40.43886253372585,40.40477057507793,40.37557889019936,40.350303746568805,40.32820780384618,40.30872762305002,40.29142531491266,40.275955453218906,40.2620419173698,40.24946135654434,40.238031168811304,40.22760062063455,40.21804419021208,40.209256511384446
-0.0074399999999999996,42.59566919275292,41.78394716388853,41.341016080318845,41.07071976124304,40.8899892225114,40.761007586313276,40.66446327731491,40.589541430372684,40.529735520153345,40.480903643311926,40.44028669539789,40.40597703193173,40.37661415269486,40.35120197604664,40.32899465126819,40.30942272090592,40.292043942731254,40.27650967945174,40.26254140002154,40.24991391581127,40.23844320399528,40.227977418567626,40.21839015674052,40.20957534739904
-0.0072,42.667907243433895,41.81205086191896,41.35566622493319,41.07965746093588,40.89599601302585,40.76531723086315,40.66770421639643,40.59206667977387,40.53175838011723,40.482560481383665,40.441668710346065,40.407147499080196,40.37761833728871,40.35207310755196,40.329757669733915,40.31009670723876,40.292643742052704,40.27704701350425,40.26302564677423,40.250352666833955,40.23884267011089,40.22834272984687,40.21872558759172,40.20988448768924
-0.006959999999999999,42.73968886523901,41.83964684707285,41.36998062855811,41.088366905053654,40.901839558652604,40.76950493794802,40.670850842677346,40.59451691720172,40.533720211798716,40.48416673246685,40.4430081338055,40.4082816295372,40.37859116849422,40.35291691914388,40.33049667823603,40.31074943289842,40.29322458891284,40.27756735160262,40.263494570241114,40.25077753567395,40.239229504366754,40.22869650100422,40.21905043715956,40.21018389332819
-0.006719999999999999,42.81087089147359,41.86669808899789,41.383945086879756,41.09684124318161,40.90751604735816,40.77356837026897,40.673901619679064,40.59689107849112,40.5356202478009,40.48572182520208,40.44430452927294,40.409379082729835,40.37953237592706,40.35373319303817,40.33121149923168,40.31138075168634,40.29378636191521,40.27807059225097,40.263948085093126,40.251188450282164,40.239603645731826,40.22903868023268,40.21936466142263,40.21047352691504
-0.00648,42.88130800981902,41.893167796061114,41.39754559823191,41.105073745318315,40.91302173950995,40.77750523602824,40.67685504080048,40.59918811987575,40.53745773514307,40.48722519874035,40.44555746813247,40.41043952416881,40.38044169402154,40.35452171536748,40.3319019584435,40.311990520193845,40.29432894210289,40.27855663613339,40.26438610798804,40.25158534045245,40.239965034910725,40.229369217381326,40.21966821795696,40.210753352603646
-0.006239999999999999,42.95085323613414,41.91901949019394,41.410768381556466,41.11305780692382,40.91835296912187,40.78131328889758,40.67970962884906,40.6014070173941,40.539231934664315,40.488676302192346,40.44676652916703,40.41146262502529,40.38131886167028,40.355282275879176,40.332567884610015,40.31257859759956,40.29485221279813,40.27902538599111,40.264808557481125,40.2519681377621,40.240313614311056,40.229688063946625,40.21996106594876,40.21102333613468
-0.005999999999999999,43.01935840795603,41.944217080781165,41.4235998932194,41.12078695315696,40.92350614451681,40.784990327551064,40.682463935236285,40.60354676603099,40.540942120215284,40.490074593906066,40.44793129792994,40.412448061593345,40.382163621770275,40.35601466755653,40.33320910917378,40.31314484541705,40.29535605940246,40.279476746469136,40.26521535391309,40.25233677549646,40.24064932800073,40.22999517305891,40.22024316620722,40.211283444871924
-0.0057599999999999995,43.086674695498104,41.968724937010606,41.43602684240468,41.12825484212337,40.928477748277956,40.788534194665004,40.68511653876116,40.60560637853342,40.54258757758877,40.49141954053267,40.44905136594358,40.41339551461068,40.382975720652816,40.35671868614511,40.333825465892595,40.31368912718037,40.29584036914772,40.27991062392503,40.26560641926981,40.252691188553925,40.24097212165305,40.23029049946339,40.220514481177425,40.21153364784394
-0.00552,43.15265312777781,41.992507957998356,41.44803620474219,41.13545526690754,40.93326433632382,40.79194277525889,40.687666043882956,40.607584883822135,40.544167603125075,40.4927106158283,40.45012632968234,40.41430466840262,40.38375490736853,40.357394129560724,40.33441679035441,40.31421130805238,40.29630503078601,40.280326926190426,40.265981677006934,40.25303131332625,40.2412819424766,40.23057399949395,40.220774974953585,40.21177391579252
-0.00528,43.217145131353895,42.01553163987069,41.459615233734674,41.14238215609612,40.93786253589221,40.79521399421313,40.69011107835396,40.60948132489512,40.54568150190864,40.493947299123676,40.45115578928381,40.41517520980325,40.3845009327896,40.35804079714786,40.334982919370816,40.31471125433532,40.29674993420229,40.280725562272885,40.26634105183017,40.25335708754798,40.24157873912582,40.23084563103826,40.22102461329259,40.21200422122967
-0.005039999999999999,43.280003079015636,42.037762138801334,41.470751469424854,41.14902957240959,40.942269042150585,40.798345812746355,40.69245029004128,40.611294756086494,40.54712858544489,40.49512907337071,40.452139346913974,40.41600682679247,40.385213548479,40.35865848874752,40.335523690215624,40.31518883285687,40.29717496992842,40.28110644198166,40.26668446941892,40.25366845010638,40.24186246158723,40.231105353491614,40.221263363628275,40.21222453850583
-0.0048,43.34108084564509,42.05916632875251,41.481432743570736,41.1553917089337,40.94648061305514,40.801336223561776,40.69468234270873,40.61302423949708,40.548508168668654,40.4962554226449,40.4530766046866,40.41679920676724,40.38589250525937,40.359247003519386,40.33603893966367,40.315643910195504,40.29758002853016,40.28146947545533,40.267011856077055,40.25396534080041,40.24213306103408,40.23135312769652,40.221491195086486,40.212434843892446
-0.00456,43.40023436836979,42.07971185231636,41.491647180353354,41.161462882264416,40.95049406194729,40.804183244268245,40.6968059104478,40.61466884034756,40.549819566082135,40.49732582893826,40.453967162001476,40.417552034335415,40.386537551389985,40.35980613844317,40.336528502768964,40.31607635169626,40.29796499982814,40.28181457256129,40.267323138288454,40.25424770003339,40.24239048963996,40.23158891586348,40.22170807850134,40.212635115683476
-0.004319999999999999,43.45732220803834,42.09936716255107,41.50138319129122,41.16723752162589,40.95430624718443,40.8068849085334,40.69881967032933,40.61622762091077,40.551062086744,40.498339768015484,40.45481061211475,40.41826498847874,40.38714843022564,40.36033568639602,40.336992211297954,40.316486020209005,40.29832977189941,40.28214164212582,40.267618242146604,40.254515468417765,40.242634700338115,40.23181268146723,40.22191398643317,40.21282533432199
-0.004079999999999999,43.51220610898646,42.11810155297436,41.51062946252569,41.172710152649906,40.957914057822336,40.80943925420943,40.70072229267645,40.61769963254225,40.552235027719675,40.49929670401475,40.45560653767994,40.41893773886989,40.38772487718078,40.36083543366109,40.337429891700346,40.31687277445479,40.2986742297846,40.28245059093687,40.26789709261534,40.25476858626215,40.24286564650797,40.23202438910987,40.2221088931888,40.21300548256063
-0.0038399999999999997,43.56475155401674,42.13588517179069,41.51937493188307,41.177875373954,40.96131439395122,40.81184430735076,40.70251242810509,40.61908390512453,40.55333766543774,40.5001960823394,40.456354504887116,40.41956994103738,40.38826661574695,40.36130515666117,40.33784136244972,40.31723646688508,40.29899825379375,40.28274132243699,40.26815961255939,40.25500699289783,40.24308328156242,40.23222400433909,40.222292774844874,40.213175545668065
-0.0036,43.614828311492786,42.15268901478024,41.527608751968614,41.18272782381926,40.9645041396574,40.81409806055473,40.70418869009267,40.62037943293102,40.55436924414611,40.501037320181936,40.45705405565964,40.42016122993344,40.38877335219835,40.36174461761802,40.33822643051034,40.31757694083815,40.29930171725585,40.2830137349868,40.26840572145567,40.25523062578271,40.24328755839766,40.232411493403994,40.22246560927575,40.21333551169945
-0.0033599999999999997,43.66231097144791,42.16848488871785,41.5353202337611,41.187262132970645,40.9674801256049,40.816198443299584,40.705749631237694,40.621585155435355,40.55532896027258,40.501819793703284,40.45770469710646,40.42071121124546,40.389244768443085,40.36215355869343,40.33858488656909,40.31789402670178,40.299584483482064,40.28326771952123,40.268635333653506,40.25543941929061,40.24347842864853,40.232586822922855,40.22262737618758,40.213485371857296
-0.0031199999999999995,43.70707946763022,42.18324533310896,41.54249876232901,41.19147285739404,40.97023907667309,40.81814328074771,40.70719371041907,40.62269993082751,40.55621594087403,40.502542820383724,40.45830588701192,40.42121944944909,40.389680512196946,40.36253169393756,40.33891649848399,40.318187536641055,40.29984640159309,40.283503156328756,40.26884835598306,40.25563330304618,40.24365584166303,40.23274995942342,40.22277805716134,40.21362512098288
-0.0028799999999999997,43.749019582450714,42.19694348133166,41.54913367161759,41.19535438173124,40.97277753753117,40.81993023550338,40.7085192465011,40.62372249874326,40.55702921334086,40.50320563423016,40.458857013462655,40.42168545103987,40.39008018319484,40.362878697992514,40.33922100209313,40.318457257202276,40.3000873006655,40.28371991053269,40.2690446843991,40.25581219958698,40.243819743060975,40.2329008686947,40.222917635709074,40.21375475824064
-0.00264,43.78802343186794,42.20955283090659,41.55521405733011,41.198900778037455,40.975091764695314,40.821556723458635,40.709724351577556,40.624651426586325,40.557767661798266,40.50380735011479,40.459357365553466,40.42210864042821,40.39044331337269,40.3631941898577,40.33949808800684,40.31870293868466,40.300306981319686,40.283917825596674,40.269224199156504,40.255976021001466,40.24397007265958,40.233039514851285,40.22304609734982,40.21387428809614
-0.0024,43.8239899273324,42.2210468725769,41.56072849295698,41.20210559454203,40.977177565975275,40.82301978894699,40.710806832075505,40.625485030073214,40.558429962604734,40.50434691103512,40.45980609007451,40.422488324304965,40.39076933757359,40.36347770889485,40.339747382086806,40.3189242794321,40.30050520328662,40.284096713725,40.26938675767777,40.25612466395721,40.24410676140362,40.233165858945775,40.22316342971614,40.213983721754865
-0.0021599999999999996,43.856825212024944,42.23139849094555,41.565664588264184,41.20496153036092,40.97903005414228,40.82431591352843,40.7117640374291,40.62622125172366,40.55901448574641,40.504823007508044,40.460202125324244,40.42282363719379,40.39105754879177,40.36372867816913,40.33996841562341,40.31912090183495,40.30068166641243,40.28425634119508,40.26953218365366,40.25625800210131,40.24422972667053,40.23327985684269,40.22326962270962,40.214083079352065
-0.0019199999999999998,43.88644306875649,42.240578977690376,41.57000827956796,41.20745991581694,40.98064325432224,40.82544071157454,40.71259261931717,40.62685746760881,40.55951913804956,40.505233949422696,40.460544095896786,40.42311345490615,40.39130702703566,40.36394634618382,40.34016057793607,40.319292314187216,40.30083598046594,40.28439640504252,40.26966024971603,40.25637587397648,40.24433886480169,40.23338145583133,40.223364668738775,40.21417239342282
-0.0016799999999999999,43.91276529704895,42.248556350091114,41.573742637796514,41.20958984300434,40.982009448131485,40.82638842209545,40.713288129906175,40.62739016495083,40.55994110165272,40.50557745230762,40.46083013721253,40.42335625021158,40.391516520697195,40.364129689716,40.34032303732861,40.31943784707789,40.30096761478671,40.28451649417642,40.269770648536635,40.25647806286168,40.24443403863765,40.2334705889657,40.22344856310255,40.21425171467395
-0.0014399999999999999,43.93572205709003,42.25529233671785,41.57684574979206,41.21133662385188,40.98311801154257,40.82715100869131,40.71384431045097,40.62781437132552,40.5602763710254,40.50585025898409,40.46105758491796,40.423549837364675,40.39168423657097,40.364277241832724,40.34045460117714,40.31955654079919,40.30107580915568,40.28461602054512,40.26986294166121,40.25656426107706,40.24451505544026,40.23354716502888,40.223521304649644,40.214321122178944
-0.0012,43.95525217844493,42.26073657976757,41.57928666230979,41.212678842024474,40.98395319407763,40.82771644001672,40.71425173236545,40.62812256440873,40.560518868698914,40.50604741697167,40.46122238169267,40.42369088420295,40.391807438835606,40.36438676343852,40.34055344872548,40.319646930314725,40.301159403567915,40.28469408766404,40.26993646177633,40.25663400179286,40.24458162470377,40.23361104933857,40.22358289700591,40.21438074281315
-0.0009599999999999999,43.971303431615254,42.26481434652312,41.58101680569327,41.21358212340971,40.98448942739962,40.82806505780714,40.71449492714919,40.62830236946715,40.56065857783907,40.50616075252446,40.461317824571594,40.4237738818253,40.39188160220937,40.36445454966903,40.34061656681334,40.319706591156795,40.30121647873856,40.284749212955454,40.269990106290095,40.25668651498847,40.244633269017314,40.23366202316196,40.22363335110915,40.2144307922334
-0.0007199999999999999,43.983832760758055,42.26739662525241,41.581949146735546,41.21398399850544,40.98467992689142,40.828160753176526,40.714545414008626,40.62833096595344,40.56067700586161,40.50617516378462,40.46133152198484,40.423788641781336,40.39189835483366,40.364473745006634,40.34063837915502,40.31973103631028,40.30124348279248,40.284778653211625,40.270021835837305,40.2567203774719,40.24466910744136,40.23369968502199,40.22367269124977,40.214471674297236
-0.00047999999999999996,43.99280647611375,42.26821032429826,41.581895614109705,41.21374847227927,40.984422485829704,40.82792448844963,40.71434077770986,40.62815830358018,40.56053357243938,40.50605749801482,40.46123626309262,40.42371278618527,40.391839305721724,40.364429287621654,40.34060663332531,40.31971040613885,40.3012326107092,40.28477638044375,40.270027169324,40.256732462524916,40.244687205272804,40.2337231542937,40.223700972905995,40.21450427906457
-0.00023999999999999998,43.998200404939254,42.266448944204754,41.580295852890956,41.21246910868746,40.98341121696321,40.82711953558232,40.7136939894201,40.627634359586864,40.56010661464269,40.505708345392925,40.46095044549751,40.4234791999112,40.391649292921855,40.364275998067875,40.34048457477633,40.319615122235206,40.30116044643427,40.28472430869619,40.26999266082658,40.256713386937854,40.24468175510158,40.23372978567329,40.22371835903802,40.21453127325286
0.00023999999999999998,43.998200404939254,42.266448944204754,41.580295852890956,41.21246910868746,40.98341121696321,40.82711953558232,40.7136939894201,40.627634359586864,40.56010661464269,40.505708345392925,40.46095044549751,40.4234791999112,40.391649292921855,40.364275998067875,40.34048457477633,40.319615122235206,40.30116044643427,40.28472430869619,40.26999266082658,40.256713386937854,40.24468175510158,40.23372978567329,40.22371835903802,40.21453127325286
0.00047999999999999996,43.99280647611375,42.266448944204754,41.580295852890956,41.21246910868746,40.98341121696321,40.82711953558232,40.7136939894201,40.627634359586864,40.56010661464269,40.505708345392925,40.46095044549751,40.4234791999112,40.391649292921855,40.364275998067875,40.34048457477633,40.319615122235206,40.30116044643427,40.28472430869619,40.26999266082658,40.256713386937854,40.24468175510158,40.23372978567329,40.22371835903802,40.21453127325286
0.0007199999999999999,43.983832760758055,42.26457951008789,41.57939084127612,41.2119379990298,40.98306261024692,40.82687335692538,40.71351095414902,40.62749296802831,40.55999412185721,40.5056167208348,40.460874379425015,40.42341504187215,40.39159445095113,40.36422858117078,40.34044317108222,40.31957865635405,40.30112808489128,40.2846953955509,40.269966672807,40.25668990152237,40.24466042739033,40.23371033134975,40.22370054162902,40.21451489447318
0.0009599999999999999,43.971303431615254,42.261245109368446,41.57777612357572,41.21099023884183,40.98244046121147,40.82643397799448,40.71318425695442,40.62724059056108,40.55979332141659,40.5054531664285,40.46073859503019,40.42330051245122,40.391496550414644,40.364143934411715,40.34036925808792,40.31951355764711,40.30107031276449,40.28464377916699,40.26992027812517,40.25664797433148,40.24462235202869,40.23367560029435,40.22366873275623,40.21448565382478
0.0012,43.95525217844493,42.25658530012761,41.57551842888601,41.20966472791078,40.98157019686742,40.825819304071565,40.712727183249385,40.62688747400225,40.55951235588701,40.505224307738594,40.460548588380966,40.42314024419151,40.391359548922075,40.36402547789602,40.340265820900605,40.319422454232665,40.30098946159806,40.284571542029,40.26985534808773,40.25658929606572,40.244569064054616,40.23362699243554,40.22362421432636,40.21444472951578
0.0014399999999999999,43.93572205709003,42.250668791383674,41.57264989107922,41.20797997041737,40.98046381907439,40.82503774162843,40.712145946202156,40.626438396237376,40.55915501310799,40.50493322109066,40.460306907391484,40.42293638188282,40.391185276745325,40.36387479180398,40.34013423757238,40.319306558475475,40.30088660625046,40.284479643624174,40.269772744438185,40.256514644936196,40.244501269731074,40.233565151625484,40.22356757570402,40.21439266305993
0.0016799999999999999,43.91276529704895,42.243538176019726,41.56918972173088,41.20594679871675,40.9791282580028,40.82409409824207,40.71144407381749,40.625896055427866,40.5587234228472,40.50458163008159,40.46001497542026,40.42269012072753,40.39097475167046,40.363692753250746,40.33997527180836,40.31916654131955,40.30076234083041,40.28436861370529,40.26967294249026,40.25642444979729,40.244419357946455,40.233490432124135,40.22349914094859,40.21432975202004
0.0019199999999999998,43.88644306875649,42.2352248083957,41.56515142520252,41.20357261093317,40.977568154829974,40.82299154823353,40.71062387068549,40.62526219934654,40.558218955409664,40.5041706375519,40.45967369898966,40.42240221895093,40.39072861719487,40.36347991517075,40.33978940381381,40.31900282368692,40.300617037304555,40.284238783346694,40.2695562388123,40.25631897783477,40.244323570661784,40.23340305407697,40.223419111211754,40.214256180909516
0.0021599999999999996,43.856825212024944,42.22575490272835,41.56054576233399,41.200863113109996,40.97578700626386,40.821732441348324,40.70968701946008,40.62453809013,40.55764259147173,40.50370102685777,40.45928371792948,40.42207320880547,40.3904473229069,40.363236662286106,40.33957696649104,40.31881569643754,40.30045095196004,40.28409038006597,40.26942283672836,40.256198411835605,40.24421407308318,40.233303167525136,40.22332762336299,40.214172075085315
0.0024,43.8239899273324,42.21515239637495,41.55538214789581,41.19782314208228,40.973787705604444,40.8203186852428,40.70863486543448,40.623724724213176,40.556995097124734,40.503173404480634,40.45884552379502,40.421703496467295,40.3901312098886,40.36296328495495,40.33933820992878,40.31860537717229,40.30026427581777,40.283923572867955,40.26927288680738,40.25606288677974,40.244090986893305,40.233190882719065,40.22322477775353,40.21407752627097
0.00264,43.78802343186794,42.20344042528126,41.54966937656899,41.19445709433088,40.97157282517592,40.81875194532269,40.70746856530939,40.62282294734949,40.55627711544344,40.502588274644026,40.458359521835895,40.42129341431896,40.3897805554171,40.36266001782817,40.33907333516211,40.318372039970676,40.300057161026096,40.28373849582839,40.269106508062706,40.25591250899971,40.243954407651856,40.23306628599152,40.22311065275459,40.21397260592161
0.0028799999999999997,43.749019582450714,42.19064213414684,41.54341602746251,41.1907691662988,40.96914477503423,40.81703375721631,40.706189171005605,40.62183351945352,40.555489218131996,40.501946081412854,40.45782606596834,40.42084325046129,40.38939559820116,40.36232706167615,40.338782513236296,40.318115832185,40.29982973576765,40.283535261414464,40.26892379992676,40.255747367003494,40.24380441462518,40.23292944872467,40.222985312970714,40.21385737277475
0.0031199999999999995,43.70707946763022,42.17678113914604,41.53663070112529,41.18676349655637,40.96650589729373,40.815165593798234,40.70479767969008,40.62075715334636,40.554631936407326,40.50124723388218,40.45724547970857,40.420353266384055,40.388976553495816,40.36196459646401,40.3384658966289,40.3178368845039,40.299582113192976,40.28331396846867,40.26872484942881,40.25556753796241,40.24364107667914,40.23278043272621,40.22284881416419,40.21373187737762
0.0033599999999999997,43.66231097144791,42.16188179624412,41.52932216316303,41.182444253323794,40.96365852463937,40.81314890694054,40.70329506502006,40.619594538996026,40.55370578034412,40.500492121968946,40.45661806930522,40.41982370805728,40.38852362259315,40.36157278956444,40.3381236264261,40.31753531727657,40.29931439703574,40.28307470722774,40.26850973570783,40.255373091790695,40.243464455984906,40.232619293610426,40.222701206352305,40.21359616493496
0.0036,43.614828311492786,42.145969354317614,41.52149943279127,41.17781568985149,40.96060501779691,40.81098515442622,40.70168229736458,40.618346359247695,40.55271125145141,40.499681126692266,40.455944132297134,40.41925481316438,40.388036999015426,40.3611518011195,40.33775583700984,40.31721124464465,40.29902668528235,40.28281756260348,40.26827853296304,40.255164093813164,40.2432746104426,40.232446083009826,40.2225425358336,40.21345027717218
0.0038399999999999997,43.56475155401674,42.129070036589276,41.51317183735145,41.17288217999653,40.95734779006119,40.80867581774588,40.69996035725795,40.61701330033086,40.55164885109646,40.49881462707282,40.4552239632652,40.418646815969325,40.387516872686206,40.360701787654435,40.3373626592185,40.316864777329954,40.29871907264891,40.282542616397905,40.26803131244666,40.25494060656747,40.243071595319,40.232260850069814,40.22237284655741,40.21329425359485
0.004079999999999999,43.51220610898646,42.11121107551382,41.50434904490692,41.16764824110074,40.95388932354613,40.80622241407146,40.69813024453438,40.615596059035646,40.550519086281376,40.497893004877966,40.45445785779674,40.41799995067678,40.3869634328136,40.36022290457836,40.33694422253608,40.316496024566504,40.29839165229876,40.28224994884008,40.267768143847064,40.254702691055414,40.24285546438499,40.2320636424871,40.22219218107565,40.2131281323643
0.004319999999999999,43.45732220803834,42.09242071628599,41.49504108220221,41.162118548436474,40.95023217995501,40.80362650438318,40.696192984613205,40.6140953476935,40.54932247367601,40.496916647948225,40.453646115273315,40.41731445380053,40.386376869926366,40.359715307952634,40.336500656642066,40.31610509546981,40.29804451706077,40.281939639676985,40.26748909627104,40.25445040763201,40.24262627072407,40.231854507248094,40.222000581219795,40.21295195092041
0.00456,43.40023436836979,42.072728198493934,41.4852583425275,41.15629794387512,40.94637900761188,40.800889698978466,40.694149632848216,40.61251189766793,40.548059542468465,40.495885952562546,40.452789040861646,40.41659056586053,40.38575737733653,40.359179155763854,40.33603209252889,40.31569210002541,40.297677760309845,40.28161176896264,40.267194238955035,40.25418381664975,40.24238406731856,40.231633491164594,40.2217980885922,40.21276574643401
0.0048,43.34108084564509,42.052163722114386,41.47501158641462,41.15019144048422,40.942332545871075,40.798013661151,40.69200127752686,40.610846461807746,40.5467308363932,40.49480132513564,40.45188694695104,40.415828532613844,40.38510515220411,40.35861460885313,40.335538663319625,40.31525714981357,40.297291476613466,40.28126641763826,40.26688364178852,40.253902978933084,40.24212890748175,40.23140064126884,40.221584744928776,40.21256955614076
0.005039999999999999,43.280003079015636,42.0307584020204,41.46431193710744,41.14380422418047,40.938095627641616,40.795000109559396,40.68974904190517,40.60909981616073,40.54533691517378,40.49366318344024,40.45094015419776,40.41502860595472,40.38442039631948,40.358021831601555,40.33502050487292,40.314800358546776,40.296885762212156,40.2809036679642,40.26655737570432,40.25360795613273,40.24186084518087,40.2311560051092,40.221360592370516,40.21236341759151
0.00528,43.217145131353895,42.008544213902866,41.45317087213208,41.13714165320294,40.933671180524996,40.791850819636196,40.68739408553903,40.607272761148984,40.543878355540215,40.49247195748476,40.44994899228419,40.41419104457495,40.38370331668134,40.357400992439324,40.334477756234314,40.31432184247209,40.29646071538015,40.28052360384498,40.266215512972806,40.253298810993215,40.2415799352813,40.23089963097392,40.22112567366929,40.21214736884214
0.00552,43.15265312777781,41.98555393368919,41.441600211895434,41.13020925593723,40.929062226911014,40.78856762427982,40.68493760509148,40.60536612234447,40.542355751931225,40.491228090135955,40.448913800467594,40.41331611444743,40.38295412592405,40.35675226422488,40.33391055997415,40.313821720673836,40.29601643669782,40.280126311075456,40.26585812742538,40.252975607556465,40.24128623373293,40.23063156806218,40.22088003234537,40.21192144859899
0.0057599999999999995,43.086674695498104,41.961821072003964,41.429612105978876,41.123012727467305,40.92427188327525,40.78515241399997,40.682380834742524,40.603380750942385,40.54076971695875,40.48993203754972,40.44783492797058,40.412404089176896,40.382173042631905,40.35607582452674,40.3333190624409,40.31330011530195,40.29555302925819,40.27971187752824,40.26548529462521,40.252638411317946,40.24097979771318,40.23035186661566,40.220623712808795,40.211685696331266
0.005999999999999999,43.01935840795603,41.93737980485283,41.417219017618265,41.11555792512819,40.91930335885352,40.781607136639145,40.67972504629218,40.60131752400206,40.53912088169029,40.488584269455146,40.4467127342508,40.41145525024954,40.38136029156741,40.35537185583127,40.33270341394997,40.31275715174362,40.29507059882325,40.279280393296524,40.26509709199785,40.252287289346455,40.240660685737325,40.23006057802036,40.22035676045355,40.21144015235823
0.006239999999999999,42.95085323613414,41.912264901460574,41.40443370674077,41.10785086326187,40.914159953822065,40.77793379675989,40.67697154902263,40.599177344506316,40.53740989578928,40.48718526932449,40.44554758917701,40.41046988720429,40.38051610383318,40.35464054569333,40.3320637689229,40.31219295875151,40.29456925394194,40.27883195080246,40.26469359893119,40.25192231037633,40.24032895774366,40.22975775488535,40.22007922173066,40.211184857917274
0.00648,42.88130800981902,41.88651165001854,41.39126921184494,41.099897707329085,40.908845057079624,40.774134454764116,40.67412168936865,40.59696114127666,40.53563742754335,40.48573553445345,40.444339873131526,40.40944829774274,40.37964071698166,40.35388208684221,40.331400285987726,40.3116076685379,40.294049106037896,40.27836664487895,40.264274896851305,40.25154354487793,40.23998467515904,40.22944345110389,40.2197911442051,40.21091985521697
0.006719999999999999,42.81087089147359,41.86015578196983,41.37773883095101,41.09170476749486,40.903362143704555,40.77021122579495,40.67117685043281,40.59466986877252,40.5338041638026,40.48423557596946,40.44308997705409,40.40839078779017,40.37873437508366,40.35309667725224,40.33071312804873,40.31100141684199,40.293510269473636,40.27788457283016,40.26384106927952,40.25115106511123,40.23962790094912,40.229117721900415,40.21949257659983,40.210645187478384
0.006959999999999999,42.73968886523901,41.833233395367934,41.36385610180534,41.08327849178042,40.89771477214346,40.76616627845933,40.66813845137363,40.59230450679601,40.53191080984487,40.48268591878211,40.44179830243838,40.40729767151736,40.377797328763705,40.35228452018495,40.33000246233161,40.310374342975756,40.29295286159576,40.27738583447542,40.26339220187443,40.25074494516575,40.23925869965619,40.22878062386638,40.219183568829735,40.21036089896709
0.0072,42.667907243433895,41.805780877774374,41.34963478149173,41.07462545885582,40.89190658117597,40.76200183340151,40.66500794668836,40.58986606011851,40.52995808918095,40.48108710148584,40.44046526128988,40.40616927133038,40.37682983520841,40.351445824208355,40.32926846040879,40.30972658985249,40.292377002764844,40.27687053217942,40.26292838246175,40.250325260989676,40.23887713742735,40.22843221498724,40.218864172027295,40.21006703501766
0.0074399999999999996,42.59566919275292,41.77783482910681,41.33508882557882,41.065752370534085,40.885941286691164,40.75772016175101,40.66178682540728,40.58735555804201,40.527946743309826,40.47943967622321,40.43909127605186,40.40500591783396,40.37583215815278,40.3505808031972,40.328511298208426,40.309058304001105,40.29178281637297,40.27633877087144,40.26244970105434,40.24989209041014,40.23848328203454,40.228072554662084,40.21853443856171,40.20976364205212
0.007679999999999999,42.523115282189714,41.749431984806236,41.320232366915434,41.05666604401764,40.87982267830487,40.75332358346408,40.658476610213086,40.58477405390542,40.52587753143184,40.47774420851508,40.43767677950467,40.40380794977305,40.37480456784808,40.34968967631779,40.32773115601007,40.30836963556883,40.29117042885093,40.27579065805546,40.26195624986415,40.24944551314616,40.23807720288804,40.22770170371739,40.2181944220526,40.209450767593424
0.00792,42.45038305452191,41.72060913965666,41.305079694172086,41.04737340394024,40.873554615841655,40.74881446557412,40.655078856496296,40.58212262454381,40.52375123012615,40.47600127706282,40.43622221464249,40.40257571395572,40.37374734101429,40.3487726679996,40.32692821842898,40.3076607383141,40.290539969666895,40.275226303812794,40.261448123307446,40.248985610815645,40.237658971044674,40.22731972441579,40.21784417737918,40.20912846027486
0.008159999999999999,42.37760662300087,41.69140307256107,41.2896452302165,41.03788147424165,40.86714102570204,40.744195220363885,40.65159515135542,40.5794023697073,40.521568632997514,40.47421147352657,40.43472803453096,40.401309565160545,40.37266076077949,40.34783000789588,40.32610267439114,40.30693176959129,40.28989157131794,40.27464582079827,40.26092541800439,40.248512466937285,40.23722865921128,40.22692668046085,40.21748376068577,40.20879676984605
0.0084,42.3049162946872,41.66185047255191,41.27394351040245,41.02819736990788,40.860585897132076,40.73946830347013,40.64802711254939,40.57661441144493,40.51933055029657,40.47237540228278,40.43319470214827,40.400009866030445,40.37154511660813,40.34686193083489,40.32525471710003,40.30618289032851,40.2892253693155,40.27404932423126,40.26038823277391,40.24802616692835,40.23678634174457,40.22652263699827,40.21711322938417,40.20845574717606
0.008639999999999998,42.23243822166673,41.63198786629129,41.25798916084458,41.01832828860637,40.85389327841052,40.73463621192999,40.644376387408286,40.57375989345785,40.517037808517024,40.47049368016381,40.43162269021193,40.39867698695486,40.37040070421956,40.34586867676297,40.32438454399668,40.30541426499938,40.28854150216565,40.273436931881974,40.259836668624544,40.24752679809869,40.23633209464761,40.22610766061432,40.21673264215333,40.20810544425415
0.008879999999999999,42.160294081173014,41.60185154729565,41.2417968767463,41.008281502242504,40.84706727296691,40.72970148217681,40.64064465170776,40.57083998042591,40.514691249972465,40.468566936181844,40.430012480993064,40.397311305941855,40.369227825498285,40.344850490680585,40.32349235671364,40.304626061589765,40.28784011134489,40.27280876405395,40.259270828741776,40.24701444964187,40.23586599556366,40.22568181933164,40.21634205893686,40.20774591418845
0.00912,42.08860078543192,41.571477507099935,41.225381400842664,40.998064348461774,40.84011203544249,40.72466668799264,40.63683360851152,40.56785585731047,40.51229173235544,40.46659581123883,40.42836456611965,40.39591320848125,40.36802678839677,40.34380762257228,40.32257836102379,40.30381845155996,40.2871213412721,40.27216494356312,40.25869081847244,40.246489212623445,40.23538812376753,40.22524518260303,40.215941540938516,40.20737721120287
0.009359999999999999,42.01747022183488,41.540901368558295,41.20875750201666,40.987684222119796,40.83303176770472,40.71953443842332,40.632944986986004,40.56480872863647,40.509840128280594,40.464580957824204,40.42667944637005,40.39448308739989,40.366797906831884,40.342740327331185,40.32164276678449,40.302991609803,40.28638533927703,40.271505595713904,40.25809674530647,40.24595117996711,40.23489856015497,40.22479782130328,40.21553115061606,40.20699939063247
0.0096,41.94700902383989,41.51015832146069,41.19193995414292,40.97714856674121,40.82583071482542,40.714307375661726,40.628980541190536,40.561699817755986,40.50733732481368,40.462523039701566,40.42495763145782,40.39302134270992,40.365541500575496,40.341648864678724,40.32068578787788,40.30214571459949,40.28563225556594,40.270830848272716,40.25748871885637,40.24540044643864,40.23439738723014,40.224339807719424,40.21511095167362,40.206612508917566
0.00984,41.87731837279644,41.47928306062804,41.174943515210025,40.9664648659867,40.81851316103152,40.708988172904434,40.62494204884627,40.55853036609551,40.504784222988164,40.46042273158566,40.423199639808786,40.39152838145079,40.36425789513998,40.34053349908008,40.319707642147314,40.30128094756941,40.284862243184435,40.270140831439186,40.25686685083475,40.244837108628204,40.233884689091624,40.22387121553962,40.21468100905286,40.206216623596596
0.010079999999999999,41.808493830692335,41.448309726632075,41.15778290676929,40.95564063514674,40.811083425637065,40.7035795321861,40.62083131008668,40.55530163238872,40.50218173731039,40.45828071881049,40.42140599833108,40.390004617525555,40.36294742165911,40.339394499655825,40.3187085513308,40.3003974936211,40.284075457978055,40.269435677815295,40.256231255029874,40.24426126493102,40.23336055141693,40.22339211984066,40.21424138892286,40.20581179329803
0.01032,41.74062520362943,41.41727184927014,41.140472793755016,40.94468341267917,40.80354585896447,40.69808418219613,40.61665014619209,40.552014891896576,40.499530795254955,40.45609769698959,40.41957724217895,40.38845047153221,40.361610416764734,40.33823214009002,40.3176887409914,40.29949554089785,40.2832720585507,40.2687155223727,40.25558204727986,40.24367301552658,40.23282506144576,40.22290259707447,40.21379215866915,40.20539807773133
0.01056,41.67379643565214,41.386202293909626,41.12302776471839,40.93360075180725,40.79590483826251,40.69250487608151,40.612400398310854,40.548671435616164,40.496832336751,40.45387437166915,40.41771391451086,40.386866370590354,40.360247222459776,40.337046698535346,40.316648440445064,40.29857528072223,40.28245220622116,40.267980502418425,40.254919345445195,40.243072462356665,40.23227830796221,40.22240272505355,40.213333386881764,40.20497553767713
0.010799999999999999,41.60808553237862,41.35513321080129,41.10546231251474,40.92240021219368,40.78816476362834,40.68684438923955,40.608083926169094,40.54527256947983,40.49408731366057,40.45161145797479,40.41581656624244,40.385252748163694,40.35885818598773,40.33583845751521,40.31558788268606,40.297636907538404,40.281616064977904,40.267230757558984,40.25424326938011,40.24245970910217,40.231720381275935,40.2218925829355,40.21286514334249,40.20454423497668
0.01104,41.543564513720874,41.32409598744603,41.08779081548104,40.911089351705584,40.78033005394017,40.68110551710424,40.603702606771414,40.54181961354578,40.491296689250014,40.44930968025263,40.41388575579481,40.383610043878754,40.35744365969908,40.3346077038234,40.31450730431024,40.296680618852584,40.280763801432286,40.26646642966323,40.25355394090273,40.2418348611589,40.2311513732023,40.221372251206816,40.21238749901143,40.20410423252062
0.011279999999999998,41.480299394827696,41.29312120408481,41.07002751913808,40.89967571828437,40.77240514280739,40.67529107292941,40.59925833309425,40.53831390118157,40.48846143765502,40.4469697717051,40.41192204883868,40.38193870334017,40.35600400091487,40.333354728421334,40.31340694543631,40.295706615171824,40.27989558477034,40.26568766282392,40.252851483764054,40.241198025612434,40.23057137704188,40.22084181166585,40.211900526012855,40.2036555942372
0.011519999999999999,41.418350194243594,41.262238592367545,41.05218651844937,40.888166841934186,40.7643944745441,40.66940388557218,40.59475301277389,40.534756778241444,40.485582543340314,40.444592474022286,40.40992601803467,40.38023917794281,40.354539571787676,40.3320798263331,40.31228704962531,40.29471509994128,40.27901158670321,40.264894603318126,40.25213602361612,40.24054931121212,40.22998048755904,40.22030134740512,40.211404297620476,40.203198385079894
0.01176,41.357770968149154,41.2314769972425,41.03428174066623,40.876570226841565,40.75630250017212,40.66344679727955,40.59018856679096,40.5311496022388,40.48266100055459,40.44217853700911,40.40789824277012,40.37851192468106,40.353050739160196,40.330783296538556,40.31114786379834,40.293706279480006,40.27811198141643,40.26408739956662,40.251407687979075,40.23988882834426,40.229378800959864,40.21975094279305,40.2108988882422,40.202732671014616
0.011999999999999999,41.2986098694334,41.20086434209481,41.01632692878611,40.86489334363845,40.74813367345937,40.6574226614813,40.58556692815282,40.527493741514675,40.47969781278142,40.43972871820893,40.405839308892986,40.376757405955495,40.35153787442167,40.32946544186461,40.30998963815286,40.29268036291549,40.27719694551799,40.263266202092304,40.25066660620756,40.23921668900457,40.22876641486948,40.21919068345508,40.21038437340428,40.202258519006385
0.01224,41.24090923024742,41.17042759714926,40.9983356256489,40.8531436218201,40.73989244699879,40.65133434059197,40.580890040575945,40.523790574403336,40.476693992186746,40.43724378252395,40.40374980844273,40.374976089377256,40.35000135336234,40.32812656887482,40.30881262607749,40.29163756211695,40.27626665798548,40.262431163477736,40.249912909456214,40.23853300676996,40.22814342830877,40.21862065625428,40.209860829735135,40.20177599700563
0.012479999999999998,41.18470566660107,41.140192751140326,40.980321158693485,40.84132844232884,40.731583268333296,40.64518470382466,40.5761598571693,40.52004148839594,40.473650559063664,40.43472450183288,40.40163033937901,40.37316844757023,40.34844155602604,40.3267669877574,40.30761708406552,40.29057809162749,40.275321300112175,40.261582438321796,40.2491467306445,40.23783789676973,40.22750994167045,40.21804094927146,40.20932833494861,40.20128517393411
0.012719999999999999,41.13003020349072,41.11018478624011,40.962296625394465,40.8294551303137,40.7232105761318,40.63897662501939,40.57137833912077,40.5162478793031,40.47056854127503,40.43217165460637,40.39948150530802,40.37133495797138,40.34685886656125,40.32538701221191,40.30640327162723,40.289502168595334,40.27436105545229,40.26072018319565,40.24836820442088,40.23713147565608,40.226866056694774,40.217451651784856,40.20878696782691,40.20078611967041
0.01296,41.0769084189864,41.08042765622363,40.94427487939681,40.817530948075856,40.71477879642103,40.6327129804885,40.56654745438767,40.51241115041736,40.4674489736944,40.42958602552034,40.39730391520698,40.36947610262934,40.345253673070516,40.32398695933461,40.305171451201126,40.28841001270396,40.2733861097654,40.259844556597955,40.24757746712636,40.236413861574185,40.22621187644466,40.21685285424935,40.20823680820312,40.20027890503522
0.013199999999999998,41.025360605660296,41.0509442678395,40.92626851736357,40.805563088208686,40.706292338877866,40.626396646881624,40.56166917639297,40.508532711676295,40.46429289764605,40.426968405067846,40.395098183147105,40.367592368001496,40.34362636745865,40.32256714950264,40.30392188806407,40.28730184610149,40.2723966509601,40.25895571890942,40.24677465675743,40.235685174131724,40.225547505280396,40.216244648275335,40.20767793694342,40.199763601776176
0.013439999999999999,40.9754019477061,41.02175646534413,40.908289866549936,40.793558666941024,40.69775559318655,40.62003049907258,40.55674548272862,40.50461397882726,40.46110136034436,40.42431958916974,40.392864928014994,40.36568424474974,40.34197734527963,40.3211279062571,40.302654850240565,40.28617789332913,40.27139286903695,40.25805383234673,40.245959912928505,40.23494553436792,40.22487304883396,40.21562712660722,40.207110435928925,40.19924028255249
0.01368,40.92704271207899,40.99288501814727,40.89035097311436,40.78152471769129,40.68917292546504,40.613617408070475,40.551778353867135,40.50065637259432,40.457875414333294,40.421640378784375,40.390604773233086,40.36375222753508,40.34030700558248,40.31966955618524,40.301370608411176,40.28503838124899,40.27037495603077,40.25713906091593,40.24513337683383,40.23419506472216,40.22418861398292,40.21500038310151,40.20653438803724,40.19870902091929
0.013919999999999998,40.88028845197918,40.964349611507714,40.872463591175425,40.76946818483991,40.68054867476441,40.60716023895731,40.54676977188285,40.4966613178485,40.45461611692634,40.41893157951685,40.38831834647905,40.36179681481122,40.33861575075615,40.31819242880171,40.3000694358201,40.283883538971125,40.26934310595232,40.25621157036527,40.24429519120894,40.233433889002185,40.223494308823966,40.21436451270472,40.20594987712376,40.19816989131171
0.014159999999999999,40.83514022100702,40.936168840209376,40.85463917262109,40.75739591772644,40.67188714964529,40.60066184885408,40.54172171918407,40.49263024278172,40.45132452964746,40.416194001228035,40.38600627940463,40.359818508617366,40.33690398637359,40.31669685642902,40.29875160818209,40.28271359778001,40.268297514729454,40.2552715281375,40.24344550029171,40.23266213235193,40.22279024264613,40.21371961143079,40.205356988002606,40.19762296902869
0.0144,40.79159479633446,40.90836020513974,40.836888857674616,40.74531466487762,40.66319262483476,40.594125084917586,40.53663617725727,40.48856457808549,40.44800171767349,40.41342845764372,40.38366920735393,40.357817814370314,40.33517212103511,40.31518317407737,40.29741740358872,40.28152879106036,40.2672383801477,40.25431910332181,40.24258444978293,40.23187992121899,40.22207652590366,40.2130657763384,40.204755806427464,40.19706833021665
0.014639999999999999,40.749644909264916,40.88094011268551,40.81922346621967,40.73323106847162,40.654469337967114,40.58755278236977,40.53151512542461,40.48446575613488,40.44464874927853,40.41063576596412,40.38130776908153,40.35579524065608,40.333420566211096,40.313651719323815,40.296067102414085,40.2803293542225,40.26616590179044,40.25335446660528,40.241712186806566,40.2310873833217,40.221353270188644,40.21240310550789,40.20414641907202,40.196506051852836
0.014879999999999999,40.70927948159119,40.85392387685318,40.80165348988497,40.721151659043514,40.6457214864119,40.58094776256156,40.526360539615695,40.480335210178566,40.441266695280596,40.40781674647424,40.37892260647052,40.35375129902112,40.331649736084316,40.31210283219093,40.294700987220004,40.27911552462721,40.265080280978566,40.25237779022394,40.240828859869644,40.23028464761601,40.22062058820329,40.21173169801801,40.20352891351028,40.195936211728565
0.015119999999999998,40.6704838662076,40.82732572401669,40.784189084886975,40.70908285043603,40.636953224191885,40.574312831073,40.521174391154915,40.476174373535514,40.43785662849123,40.40497222215507,40.376514364250745,40.351686503763354,40.32986004739176,40.31053685502503,40.29331934266069,40.27788754151017,40.26398172070986,40.25138924791347,40.23993461882181,40.22947184426196,40.21987859373198,40.21105165392241,40.20290337819668,40.19535888843221
0.015359999999999999,40.63324009048775,40.801158800187984,40.76684006562726,40.697030934999525,40.628168658994056,40.56765077585134,40.515958645565206,40.47198467879912,40.43441962316825,40.40210301829624,40.37408368971741,40.34960137172311,40.328051919266215,40.30895413237402,40.291922455387166,40.276645645906015,40.262870425597896,40.25038901485963,40.239029614814626,40.22864910458996,40.219127401613086,40.21036307422587,40.20226990244592,40.19477416133208
0.0156,40.597527101001674,40.77543518070233,40.749615899039306,40.685002079044004,40.619371849275986,40.56096436538878,40.510715261389386,40.467767557049285,40.430956754472184,40.39920996211019,40.37163123245022,40.34749642207411,40.32622577307768,40.30735501086495,40.290510613951255,40.275390080572066,40.26174660181069,40.24937726764831,40.23811400026052,40.227816561066824,40.218367127710565,40.209666060860414,40.201628576412695,40.194182110559034
0.01584,40.56332100821537,40.75016588220515,40.73252569967804,40.6730023185461,40.610566801470135,40.55425634694137,40.50544618902992,40.46352443707317,40.42746909792677,40.39629388234818,40.36915764403328,40.34537217611469,40.3243820322747,40.30573983908137,40.2890841087093,40.27412108991175,40.260610457009086,40.24835418421537,40.2371879287916,40.226974347261454,40.217597888885315,40.20896071666117,40.20097949107121,40.193582816989064
0.016079999999999997,40.53059532989074,40.725360876824034,40.71557822554329,40.661037555112685,40.60175746728815,40.547529444790634,40.50015336960813,40.45925674459512,40.42395772888391,40.39335560891844,40.36666357777597,40.343229157059284,40.32252112222567,40.30410896744052,40.28764323172573,40.27283891989779,40.259462200284794,40.24731994379619,40.23625155521806,40.22612259781051,40.21681980296638,40.20824714534205,40.20032273819457,40.19297636222562
0.016319999999999998,40.49932123198333,40.70102910840624,40.69878187462725,40.64911355220285,40.5929477411272,40.540786358549106,40.49483873384378,40.45496590151643,40.42042372199349,40.39039597250669,40.36414968843489,40.34106788983047,40.320643470060325,40.30246274807045,40.286188276676384,40.27154381799516,40.258302042098315,40.24627472687504,40.2353050354866,40.22526144838369,40.216032988721885,40.20752545147131,40.199658410333974,40.19236282858188
0.01656,40.469467765919106,40.677178510699584,40.682144682174204,40.63723593160902,40.58414145758005,40.534029761511356,40.48950420095571,40.45065332516546,40.41686815067831,40.3874158041993,40.361616631937125,40.33888890085145,40.31874950451131,40.30080153468714,40.28471953875179,40.27023603308396,40.25713019421662,40.24521871513424,40.23434852663846,40.224391035649,40.21523756582997,40.20679574044692,40.198986600797795,40.191742299062795
0.0168,40.44100210121794,40.65381602735268,40.665674318639525,40.62541017019771,40.57534238905066,40.5272622990515,40.484151677584606,40.44632042755863,40.413292086614746,40.384415935109324,40.35906506510496,40.3366927178394,40.3168396557562,40.29912568247171,40.28323731456032,40.26891581538204,40.255946869650685,40.24415209140316,40.23338218676743,40.2235114972377,40.214433654849394,40.20605811847181,40.198307403630544,40.19111485734715
0.01704,40.413889752520525,40.63094763360915,40.64937808833349,40.61364159690982,40.56655424347633,40.52048658706841,40.478783056738465,40.44196861467291,40.40969659921917,40.38139719600564,40.356495645382246,40.33447986959951,40.31491435525975,40.2974355479477,40.281741902031385,40.26758341636763,40.25475228259291,40.24307503960707,40.232406174977605,40.222622971709264,40.213621377190094,40.20531269252894,40.19762091359167,40.19048058776939
0.017279999999999997,40.38809480016515,40.60857835956953,40.63326292873432,40.601935390019825,40.557780662158024,40.51370521047972,40.473400216761604,40.43759928573014,40.40608275514072,40.37836041694548,40.35390903056258,40.33225088582008,40.312974035616705,40.295731488858614,40.28023360031867,40.26623908870193,40.25354664835444,40.24198774471589,40.23142065134111,40.221725598516095,40.212800855083636,40.204559570356366,40.196927226134285,40.1898395753014
0.017519999999999997,40.363580103552,40.58671231489423,40.6173354104535,40.59029657465292,40.549025217699466,40.50692072176556,40.468005020327894,40.433213832493855,40.40245161776071,40.375306426910505,40.35130587851941,40.33000629686859,40.311019130395145,40.29401386404565,40.278712709703406,40.2648830861516,40.25233018330241,40.24089039269283,40.23042577685566,40.220819517968195,40.21197221155347,40.20379886042206,40.196226437383785,40.189191905534166
0.017759999999999998,40.34030750662273,40.5653527148213,40.60160173783563,40.578730020558446,40.54029141205614,40.500135639562885,40.46259931345888,40.428813638578916,40.3988042466988,40.3722360534467,40.34868684693827,40.327746633589015,40.30905007398045,40.292283033325845,40.27717953149785,40.26351566351139,40.25110310479719,40.23978317044297,40.229421713402026,40.219904871197684,40.21113557038522,40.2030306718987,40.19551864411634,40.18853766465939
0.018,40.31823803487291,40.54450190737299,40.58606775017367,40.567240440137745,40.53158267469459,40.493352447311295,40.45718492456747,40.4244000787745,40.39514169732654,40.369150122308284,40.34605259305134,40.325472427100415,40.30706730142,40.29053935737049,40.2756343679489,40.26213707652677,40.24986563112958,40.238666265761765,40.22840862370146,40.218981800123295,40.2102910560967,40.20225511463842,40.194803943737355,40.187876939450966
0.01824,40.297332083403155,40.52416140162646,40.57073892351979,40.5558323867239,40.52290236086257,40.48657359195093,40.45176366352762,40.41997451838077,40.391465020288344,40.366049457105895,40.34340377337436,40.32318420859686,40.30507124826864,40.28878319758411,40.27407752214196,40.26074758181664,40.24861798145807,40.237539867283594,40.227386671273074,40.218050447414775,40.20943879390807,40.201472299147355,40.1940824342598,40.187209817246405
0.01848,40.27754959560047,40.5043318969254,40.555620373071164,40.544510253110666,40.5142537499703,40.47980148267324,40.44633732077081,40.4155383125598,40.38777526103031,40.36293487895914,40.34074104344619,40.32088250914898,40.30306235043512,40.287014915983846,40.27250929790506,40.25934743679627,40.247360375746105,40.236404164430226,40.22635602039113,40.21711095645721,40.208578909711726,40.20068233656026,40.19335421428253,40.18653638592823
0.018719999999999997,40.25885023212491,40.485013312911164,40.54071685610911,40.53327827032721,40.505640044082874,40.473038489725106,40.44090766640955,40.41109280570088,40.38407345933711,40.35980720615381,40.33806505757096,40.31856785950702,40.301041044029354,40.285234875079475,40.270929999713346,40.257936899600296,40.246093034699456,40.235259347359346,40.22531683604237,40.21616347131535,40.2077115300423,40.19988533861497,40.192619382968466,40.185856733905226
0.018959999999999998,40.24119352995684,40.466204820254255,40.526032775469545,40.52214050665516,40.4970643665237,40.46628694326677,40.435476449388645,40.406639330800836,40.38036064887718,40.356667253803955,40.33537646856325,40.316240789905635,40.299007765210845,40.283443437753995,40.269339932593866,40.256516229006024,40.244816179703705,40.23410560691312,40.22426928388333,40.21520813669786,40.20683678204654,40.19908141762686,40.19187804002281,40.18517095009374
0.0192,40.224539051336535,40.44790487196967,40.51157218352195,40.51110086688388,40.48852976058885,40.45954913228412,40.430045396664426,40.402179208859515,40.376637856756595,40.35351583351891,40.33267592749609,40.313901829870524,40.2969629500381,40.281640967144924,40.26773940203082,40.25508568435687,40.243530032761825,40.23294313456682,40.22321353019767,40.21424509792165,40.20595479345313,40.19827068646324,40.19113028567115,40.18447912389883
0.01944,40.20884652250078,40.43011123520246,40.49733878663354,40.500163091799706,40.480039188371684,40.45282730355543,40.424616212412516,40.39771374829083,40.37290610308173,40.35035375307553,40.32996408345219,40.31155150802696,40.29490703431932,40.27982782652629,40.26612871387126,40.25364552548617,40.242234816431946,40.23177212237749,40.2221497418535,40.213274500876096,40.2050656925426,40.19745325851776,40.19037622063757,40.18378134519547
0.01968,40.194075962189416,40.41282102337311,40.48333595009504,40.48933075790445,40.47159552969737,40.446123660673116,40.41919057726439,40.393244244349724,40.36916640053099,40.34718181609581,40.327241583278365,40.30919035191029,40.29284045346429,40.27800437919147,40.26450817423121,40.25219601264123,40.24093075376529,40.23059276293284,40.22107808626083,40.21229649198737,40.20416960811713,40.19662924768475,40.189615946122686,40.18307770430964
0.019919999999999997,40.18018779995899,40.396030728575695,40.46956670348392,40.4786072773581,40.4632015811664,40.439440363120326,40.41377014757304,40.388771978575164,40.36541975393588,40.34400082173,40.324509071343314,40.306818887778554,40.29076364233759,40.27617098833681,40.262878089402406,40.25073740640774,40.23961806824431,40.229405249300044,40.219998731329035,40.2113112181827,40.20326666947041,40.19579876833356,40.18884956378174,40.18236829199943
0.020159999999999997,40.16714298439972,40.379736254125746,40.45603374644086,40.467995898140664,40.454860055306284,40.43277952540281,40.40835655470813,40.384298218249675,40.361667159871544,40.340811564345394,40.32176718929898,40.30443764042734,40.28867703511321,40.27432801694616,40.261238765759586,40.249269967634525,40.23829698372109,40.228209774974935,40.21891184542439,40.21031882685483,40.2023570063575,40.19496193528295,40.18807717570257,40.18165319943614
0.020399999999999998,40.15490308140666,40.3639329471583,40.44273945483474,40.45749970442734,40.44657357983039,40.42614321623581,40.40295140438074,40.37982421587542,40.357909606257,40.337614833221025,40.31901657584538,40.30204713300679,40.28658106513065,40.27247582767632,40.25959050966835,40.247793957358745,40.23696772435594,40.22700653383116,40.217817597327766,40.20931946582635,40.20144074896474,40.19411886377538,40.18729888438367,40.18093251818531
0.02064,40.14343036270566,40.348615631181154,40.42968588729167,40.447121617171426,40.43834469700266,40.41953345778615,40.397556275997985,40.37535120866719,40.35414807196532,40.33441141224825,40.31625786649925,40.299647886841086,40.284476164752434,40.27061478274354,40.25793362739372,40.24630963673148,40.235630514556355,40.22579572006963,40.21671615619239,40.2083132833142,40.20051802787963,40.19326966945143,40.18651479271221,40.18020634018779
0.02088,40.13268788487903,40.33377863849228,40.41687479206322,40.43686439488878,40.43017586310703,40.41295222496928,40.39217272204773,40.370880418062455,40.350383526443785,40.331202079637514,40.31349169336648,40.297240421250294,40.28236276522333,40.26874524381103,40.25626842500935,40.244817266943784,40.23428557891619,40.2245775281681,40.21560769150172,40.20730042789429,40.199588974060845,40.19241446832417,40.185725003942046,40.17947475774077
0.02112,40.12263955917603,40.31941584237487,40.40430761420912,40.42673063463768,40.42206944801991,40.406401444801084,40.38680226751337,40.36641304924869,40.34661692934437,40.32798760763137,40.31071868491848,40.29482525337477,40.28024129653116,40.2668675718775,40.25459520830752,40.24331710915323,40.23293314215525,40.22335215283105,40.214492373027525,40.20628104846609,40.19865371880824,40.19155337675358,40.184929621671785,40.178737863478865
0.021359999999999997,40.11325021242763,40.305520688988295,40.39198550306976,40.41672277318759,40.41402773488438,40.39988299580431,40.381446409318926,40.36195029070813,40.342849230164525,40.32476876222385,40.30793946577254,40.292402898002116,40.27811218726925,40.264982127166896,40.252914282709824,40.24180942441098,40.231573429059125,40.22211978893971,40.21337037078808,40.20525529421744,40.19771239373296,40.190686511421035,40.184128749822854,40.17799575035514
0.021599999999999998,40.10448563941567,40.29208622887736,40.379909320004096,40.40684308837014,40.40605291988419,40.393398707469245,40.376106615804495,40.357493313780004,40.33908136789852,40.32154630288634,40.30515465647637,40.28997386739686,40.27597586450078,40.26308926901934,40.251225953178675,40.24029447358936,40.23020666441954,40.22088063150239,40.21224185500651,40.2042233145894,40.19676513072759,40.18981398930377,40.18332249261757,40.177248511622174
0.02184,40.096312647071386,40.27910514802755,40.36807964636839,40.39709370060569,40.3981471121159,40.38695035976819,40.37078432623195,40.353043272240576,40.33531427069949,40.31832098230011,40.30236487329678,40.28753867113283,40.27383275362482,40.2611893557832,40.249530524129696,40.238772517310075,40.22883307297495,40.21963487560511,40.21110699606941,40.20318525924128,40.195812061936465,40.18893592764951,40.182510954557294,40.17649624081321
0.02208,40.08869909089942,40.26656979839817,40.356496791711976,40.38747657459829,40.39031233355719,40.38053968272343,40.36548095032108,40.34860130190091,40.331548855552136,40.315093546095504,40.29957072801271,40.285097815928346,40.27168327824431,40.259282744708514,40.247828299344874,40.23724381587296,40.22745287935162,40.21838271636244,40.20996596448558,40.20214127801579,40.194853319725965,40.18805244395106,40.1816942404006,40.17573903172321
0.02232,40.081613904040005,40.25447222787056,40.345160802166006,40.37799352119227,40.38255051912929,40.374168356028065,40.36019786781596,40.3441685202225,40.327786027956414,40.31186473259797,40.29677282771263,40.28265180548433,40.26952786003591,40.25736979184166,40.246119581886724,40.23570862918536,40.22606630800519,40.217124348868744,40.208818930845005,40.201091520904306,40.193889036655,40.18716365592101,40.18087245514148,40.17497697839004
0.022559999999999997,40.07502711939433,40.24280420955289,40.33407146900205,40.368646199383065,40.37486351685153,40.36783800871927,40.35493642808158,40.33974602595091,40.324026681622186,40.308635272581014,40.29397177459634,40.28020114032527,40.2673669186219,40.25545085192141,40.24440467401331,40.23416721669222,40.2246735831626,40.21585996814963,40.207666065778085,40.20003613801239,40.19291934544561,40.18626968146658,40.180045703987645,40.17421017507566
0.022799999999999997,40.06890988524654,40.231557270388315,40.32322833733725,40.359436118475124,40.36725308808564,40.361550218903226,40.34969794973057,40.33533489876731,40.320271698174906,40.30540588902613,40.29116816578144,40.27774631764328,40.26520087144404,40.25352627827633,40.24268387709424,40.23261983730677,40.22327492876455,40.21458976911388,40.20650753991507,40.198975279525385,40.19194437895362,40.18537063866438,40.17921409233882,40.173438716247304
0.023039999999999998,40.063234474820966,40.22072271901754,40.31263071496372,40.35036464037959,40.359720907867654,40.35530651353123,40.34448372027989,40.330936198958156,40.31652194687245,40.30217729688983,40.28836259311421,40.27528783114514,40.263030133639475,40.25159642272368,40.24095749152767,40.231066749341956,40.221870568408484,40.21331394650561,40.2053435238458,40.19790909567423,40.19096427013951,40.184466645735505,40.1783777257652,40.17266269655883
0.02328,40.057974290214126,40.210291672851916,40.302277681279946,40.341432982044374,40.35226856532498,40.349108368226084,40.33929499583741,40.326550967102804,40.312778284333184,40.298950202877776,40.28555564298532,40.272826170902505,40.26085511791888,40.24966163546968,40.23922581665835,40.2295082104426,40.220460725292,40.212032694856894,40.20417418807966,40.196837736701525,40.189979152039356,40.18355782102051,40.1775367099859,40.17188221083199
0.02352,40.05310386113983,40.200255084317796,40.29216809630283,40.33264221800915,40.34489756417616,40.342957207158115,40.33413300081797,40.32218022377923,40.30904155427529,40.29572530522615,40.28274789615022,40.27036182320524,40.258676234446625,40.24772226501131,40.23748915069664,40.22794447751831,40.21904562215688,40.21074620844071,40.20299970300587,40.1957613528277,40.18898915773598,40.18264428295464,40.1766911508475,40.171097354037826
0.023759999999999996,40.048598838920775,40.190603766237146,40.28230060973925,40.323993283077954,40.337609323310936,40.336854402969955,40.328998927688936,40.31782496928768,40.30531258726735,40.292503293490334,40.27993992755424,40.267895270417995,40.25649389072321,40.24577865803972,40.23574779063872,40.22637580667706,40.217625481233654,40.20945468122433,40.20182023885402,40.1946800942175,40.18799442033024,40.181726150043126,40.175841154302724,40.17030822127814
0.023999999999999997,40.04443598615297,40.181328416314315,40.27267367009701,40.315486975101884,40.33040517744793,40.33080127674922,40.323893936744824,40.313486183392364,40.30159220049035,40.28928484834085,40.27713230616267,40.26542699084004,40.25430849146995,40.243831159345035,40.23400203218781,40.224802453159775,40.216200524186725,40.20815830682313,40.200635965654946,40.19359411094662,40.18699507291245,40.18080354083658,40.17498682638914,40.169514907766995
0.024239999999999998,40.0405931624597,40.17241964070295,40.2632855338152,40.30712395786445,40.32328637786731,40.32479909804827,40.31881915591078,40.309164825081034,40.29788119751093,40.2860706413667,40.27432559479563,40.26295745856841,40.252120438515895,40.24188011172293,40.232252169676585,40.22322467127549,40.21477097206007,40.20685727845478,40.19944705320192,40.19250355296861,40.18599124853403,40.17987657390657,40.174128273208005,40.16871750881229
0.02448,40.03704930674022,40.16386797663139,40.25413427439524,40.298904764062286,40.31625409321593,40.318849084949896,40.31377568057461,40.30486183234238,40.294180368066144,40.28286133488615,40.27152034996786,40.26048714336439,40.249930130687105,40.2399258558827,40.23049849599069,40.221642714337506,40.21333704522362,40.20555178889394,40.198253671012154,40.19140857008204,40.18498308017931,40.17894536782131,40.173265600903235,40.167916119797454
0.02472,40.033784416304904,40.15566391406898,40.24521779151401,40.29082979837382,40.309309410381985,40.312952404178205,40.30876457344694,40.3005781219612,40.290490487859465,40.27965758176491,40.26871712173361,40.25801651052339,40.247737963698285,40.23796873035711,40.2287413024935,40.22005683460036,40.21189896332014,40.20424203042744,40.19705598828867,40.1903093118979,40.18397070073754,40.1780100411215,40.1723989156404,40.167110836163175
0.024959999999999996,40.03077952327355,40.147797916419876,40.23653382010149,40.282899340608495,40.302453335436624,40.30711017125347,40.303786864449364,40.2963145893312,40.286812318368284,40.276460025241796,40.265916453536384,40.25554602074831,40.24554433004675,40.23600907141377,40.22698087895207,40.21846728319763,40.21045694521288,40.20292819480979,40.195854173882495,40.18920592780725,40.1829542429751,40.177070712296306,40.17152832358593,40.16630175338926
0.025199999999999997,40.02801666859745,40.1402604402344,40.22807993936617,40.27511354892956,40.295686794639664,40.301323450690035,40.29884355062981,40.29207210828534,40.28314660666263,40.27326929876193,40.26311888206388,40.25307613002625,40.24334961890886,40.2340472129684,40.22521751346427,40.2168743100807,40.20901120893384,40.20161047321939,40.194648396255275,40.188098566949215,40.18193383950789,40.17612749975951,40.17065393088637,40.16548896697653
0.025439999999999997,40.02547887404834,40.133041953932235,40.219853581751806,40.26747246314302,40.28901063550653,40.29559325623605,40.293935596105186,40.28785153094353,40.279494085235356,40.27008602581743,40.26032493710785,40.2506072895088,40.24115421603888,40.2320834864997,40.223451492387234,40.21527816395837,40.20756197163262,40.20028905621505,40.19343882344218,40.186987378179154,40.180909622773996,40.17518052182583,40.16977584364779,40.164672572428884
0.025679999999999998,40.023150112499316,40.12613295553467,40.21185204181039,40.25997600804587,40.2824256279337,40.2899205511541,40.28906393203049,40.28365368757759,40.27585547184346,40.26691081979555,40.257535141429244,40.248139945395856,40.238958503670304,40.23011822096602,40.22168310026702,40.21367909223744,40.206109449526146,40.19896413369314,40.19222562301528,40.185872510037235,40.1798817250065,40.17422989668739,40.168894167915376,40.1638526652354
0.02592,40.02101527680394,40.11952398940697,40.20407248497651,40.252623996826564,40.27593246537969,40.28430624854134,40.284229456594126,40.27947938649329,40.27223146936079,40.26374428383447,40.2547500106283,40.24567453882292,40.23676286041969,40.228151742723874,40.219912619769666,40.21207734096427,40.20465385784888,40.19763589484522,40.19100896204727,40.18475411071722,40.17885027820661,40.17327574239041,40.16800900965304,40.1630293408526
0.02616,40.01906014756073,40.113205662014764,40.196511956229386,40.24541613451095,40.26953176609882,40.27875121168822,40.279433035038906,40.275329413929285,40.268622765641865,40.26058701068651,40.25197005301986,40.24321150575202,40.234567661193005,40.22618437544815,40.2181403316134,40.21047315476722,40.20319541080393,40.19630452811622,40.1897890070756,40.18363232803563,40.177815414116935,40.172318176812,40.167120474723276,40.16220269468675
0.026399999999999996,40.017271360030534,40.10716865670161,40.18916738862957,40.2383520214469,40.26322407442482,40.27325625447442,40.2746754997083,40.2712045339727,40.265030033396826,40.257439582588866,40.249195769513875,40.24075127686622,40.23237327709453,40.224216440054235,40.21636651450233,40.208866776800136,40.20173432151477,40.19497022116317,40.188565924067085,40.18250730940119,40.17677726419509,40.17135731763726,40.16622866886714,40.161372822076366
0.026639999999999997,40.01563637045518,40.10140374749755,40.18203561171782,40.23143115682108,40.257009862101384,40.26782214180084,40.269957650117284,40.2671054884913,40.26145393007745,40.2543025711419,40.246427653500966,40.23829427746773,40.23018007533831,40.22224825462198,40.21459144506142,40.207258448686815,40.20027080197779,40.19363316081448,40.18733987838281,40.18137920178459,40.175735959587485,40.170393282336455,40.165333697684346,40.16053981827477
0.026879999999999998,40.01414342200603,40.09590181197111,40.17511335976504,40.2246529422015,40.25088952965691,40.262449590056484,40.26528025304745,40.2630329970819,40.25789509777415,40.251176537194816,40.24366619074325,40.23584092737963,40.22798841916221,40.22028013432146,40.2128153977728,40.20564841046648,40.198805063015506,40.1922935330298,40.18611103474362,40.18024815168863,40.174691631103435,40.169426188142474,40.16443566661355,40.15970377843281
0.02712,40.0127815105722,40.090653843139826,40.168397279862255,40.21801668509939,40.2448634078205,40.257139267618825,40.2606440426657,40.25898775703482,40.25435416312385,40.24806203073888,40.24091185927025,40.233391640851224,40.22579866774453,40.218312391340724,40.211038644913515,40.204036900540295,40.19733731423066,40.19095152286045,40.18487955719597,40.17911430511866,40.17364440918947,40.16845615202846,40.16353468091282,40.15886479758165
0.02736,40.01154035057924,40.08565096045644,40.16188393984097,40.21152160254453,40.23893175897635,40.25189179538656,40.25604972066601,40.254970443314164,40.25083173722865,40.24495959080798,40.23816512928008,40.23094682646714,40.22361117612328,40.21634533481533,40.209261456494644,40.20242415561886,40.19586776396096,40.1896073144105,40.18364560907823,40.177977807553376,40.172594423903966,40.16748329068566,40.162630845640194,40.15802297061581
0.027599999999999996,40.0104103410109,40.0808844198901,40.155569836014735,40.20516682466784,40.233094778653744,40.24670774734338,40.25149795643372,40.250981708553724,40.24732841558516,40.24186974538664,40.23542646304565,40.22850688705992,40.221426295118064,40.2143792707599,40.207484100201825,40.20081041067084,40.194396619234766,40.18826109079834,40.18240935298749,40.17683880391602,40.17154180489204,40.1665077205015,40.161724265634504,40.15717839227618
0.027839999999999997,40.00938253178867,40.07634562312378,40.149451400733525,40.19895139828566,40.22735259704988,40.241587651151455,40.24698938723167,40.247022183068076,40.243844778024474,40.2387930113253,40.232696314826164,40.22607221962644,40.2192443712546,40.2124145020015,40.2057068413372,40.19919589887261,40.19292408572743,40.186913034118966,40.18117095074679,40.17569743854587,40.17048668136071,40.16552955753788,40.16081504549631,40.15633115713332
0.028079999999999997,40.008448590646836,40.072026125890936,40.14352500974347,40.192874290479935,40.221705280582654,40.23653198877343,40.242524618407806,40.24309247487883,40.24038138866249,40.235729894262946,40.229975130783664,40.223643215247854,40.21706574669186,40.21045132811505,40.20392994276281,40.19758085155895,40.191450367718524,40.18556332540683,40.17993056337286,40.17455385517015,40.16942918205437,40.16454891750967,40.15990328956902,40.15548135957082
0.028319999999999998,40.00760077062442,40.0679176454758,40.13778698934503,40.18693439216912,40.21615283347076,40.231541197121544,40.23810422362331,40.2391931697555,40.23693879586068,40.23268088855699,40.22726334890473,40.22122025901332,40.214890759151956,40.20849004536061,40.20215366484543,40.195965498174914,40.18997566804995,40.18421214459937,40.17868835104433,40.17340819687634,40.168369435230595,40.16356591576349,40.15898910192027,40.154629093768825
0.02856,40.00683187827955,40.064012067403176,40.132233623343566,40.18113052166437,40.21069519933828,40.22661566873263,40.233728745100976,40.23532483127101,40.233517532196956,40.229646477220285,40.224561398927285,40.21880372994733,40.212719741852574,40.206530946622685,40.20037826540286,40.19435006622866,40.188500188084724,40.182859670501095,40.17744447307047,40.17226060608476,40.16730756863612,40.162580667256705,40.15807258632338,40.153774453687724
0.0288,40.0061352427173,40.06030145134489,40.12686115978701,40.17546142820611,40.205332262841246,40.221755752467594,40.22939869389298,40.23148800087117,40.23011811444667,40.22662713186529,40.22186970227248,40.216394000940696,40.21055302344216,40.2045743213514,40.19860399965166,40.19273478124553,40.18702412766675,40.18150608074839,40.176199087860354,40.171111224521724,40.16624370948328,40.16159328653663,40.15715384623905,40.15291753305199
0.029039999999999996,40.00550468550794,40.056778036270885,40.1216658174859,40.169925795476225,40.20006385131329,40.21696175423424,40.22511455016752,40.22768319795816,40.226741043573455,40.223623312655334,40.21918867198162,40.21399143868522,40.20839092793772,40.20262045550581,40.1968311201564,40.19111986672313,40.18554768508138,40.18015155177497,40.1749523528926,40.16996019319291,40.165177984426684,40.16060388772003,40.15623298479733,40.15205842533417
0.029279999999999997,40.00493449155941,40.05343424487392,40.11664379231188,40.164522245081024,40.194889736428074,40.212233937731924,40.22087676351362,40.22391091998751,40.22338680472992,40.2206354682628,40.216518712658136,40.211596403611985,40.206233774665364,40.20066963149898,40.19505987678037,40.189505544087595,40.18407105701681,40.17879625877793,40.17370442468561,40.16880765235723,40.16411051954017,40.15961258447286,40.155310104779645,40.15119722373904
0.029519999999999998,40.004419380995884,40.05026268729765,40.111791263271435,40.15924934000084,40.18980963587575,40.20757252521691,40.21668575326353,40.220171642578265,40.22005586726783,40.217664035834275,40.21386022041455,40.209209249833314,40.20408187820342,40.198722128145285,40.193290516637774,40.18789203265097,40.18259443852638,40.17744037568455,40.172455458768304,40.16765374150112,40.1630414402942,40.15861948999026,40.15438530860115,40.15033402118793
0.029759999999999998,40.0039544820827,40.04725616419818,40.107104398352085,40.15410558800186,40.18482321505098,40.202977698287036,40.21254190883194,40.2164658196361,40.21674868475785,40.214709440962515,40.21121358282438,40.20683032508828,40.20193554832832,40.196778220609474,40.191523284047435,40.18627954956972,40.18111802299175,40.1760840751197,40.171205609651395,40.166498599313165,40.16197087153346,40.15762471697678,40.15345869829325,40.149468910303206
0.03,40.00353530522774,40.044407669169836,40.10257936013924,40.14908944500623,40.17993008875018,40.19844959868443,40.2084455900715,40.21279388348896,40.21346569501846,40.21177209766518,40.208579178878985,40.20445997069195,40.19979508996309,40.19483818035786,40.18975842048801,40.184668309804344,40.17964200208691,40.17472752837398,40.169955030799215,40.16534236365924,40.16089893745486,40.15662837762692,40.1525303754863,40.14860198339294
0.030239999999999996,40.00315771807983,40.0417103905661,40.09821231120223,40.14419931841673,40.17512982287549,40.19398832911499,40.20439712764386,40.20915624503497,40.21020732015403,40.20885240837022,40.20595737894925,40.20209852148803,40.197660803128514,40.192902275111514,40.18799616455467,40.183058526080266,40.17816656574312,40.17337090537253,40.16870387460206,40.16418517155799,40.15982576158586,40.15563058360593,40.15160044139257,40.14773333243577
0.030479999999999997,40.00281792173572,40.03915771274671,40.09399941924872,40.1394335703923,40.17042193614314,40.18959395408337,40.200396823405676,40.20555329390211,40.206973966601794,40.20595076390781,40.20334854475219,40.199746305805284,40.19553298289695,40.190970768801336,40.186236751917306,40.18145040884971,40.176691902114726,40.172014374644505,40.16745229234906,40.1630271591568,40.15875146676313,40.15463144603083,40.15066899678941,40.14686304906586
0.030719999999999997,40.00251242805991,40.03674321678209,40.08993686204728,40.13479052107114,40.16580590179404,40.18526650074223,40.19644495080876,40.20198539861957,40.203766025187555,40.20306754350885,40.20075302932222,40.19740364541734,40.19341191934882,40.18904392152522,40.18448041528031,40.17984416625486,40.17521819754586,40.17065810329328,40.16620043420165,40.16186846170814,40.157676175111554,40.15363107545178,40.149736142002666,40.14599122455814
0.030959999999999998,40.00223803811394,40.03446068064619,40.086020832118564,40.13026845173821,40.16128114930425,40.18100595975438,40.1925417553139,40.19845290680017,40.20058387118996,40.20020311480976,40.19817117698728,40.1950708555061,40.1912978975317,40.18712198950719,40.182727384343764,40.17824000409214,40.17374563653802,40.169302256967356,40.16494844916752,40.16070921354643,40.15660000802359,40.152629581833686,40.14880197689025,40.145117949813674
0.0312,40.00199182168601,40.03230407892838,40.08224754119565,40.12586560793411,40.156847066093285,40.1768122861668,40.188687454817504,40.19495614533359,40.197427864413136,40.197357833863606,40.19560332334955,40.19274824462865,40.189191197422055,40.18520522505849,40.180977885766204,40.17663812577763,40.172274401718646,40.16794699983195,40.163696485075214,40.15954954806528,40.15552308613898,40.151627074538105,40.147866600826006,40.144243315345236
0.031439999999999996,40.00177109790589,40.03026758209506,40.078613224455225,40.12158020250271,40.15250299922814,40.17268540029515,40.18488224009056,40.19149542059015,40.19429834926745,40.194532045157395,40.193049795270866,40.19043611468758,40.18709209388958,40.183293876540674,40.17923214312892,40.175038732313716,40.170804673810466,40.166592494541334,40.16244468854918,40.15838959769516,40.15444552932482,40.15062366230544,40.14693011268382,40.14336741126305
0.03168,40.00157341692545,40.02834555533106,40.075114144521095,40.11741041857484,40.148248257120954,40.168625188617625,40.18112627522907,40.18807101863455,40.1911956548583,40.19172608163543,40.19051091086267,40.1881347609048,40.18500085666418,40.181388188330686,40.1774903769017,40.17344202225684,40.169336631601894,40.16523890221185,40.1611932049855,40.15722949388161,40.153367456655964,40.1496194532374,40.145992610821885,40.142490327260745
0.03192,40.00139654264096,40.026532556990446,40.07174659524245,40.11335441248583,40.144082111218516,40.16463150467699,40.17741969811547,40.18468320544945,40.18812009508261,40.18894026472865,40.18798697948048,40.18584447179878,40.182917750305435,40.17948840078789,40.175752804410166,40.17184819168648,40.16787045191822,40.163886382395646,40.15994217852809,40.156069367063814,40.15228898639588,40.148614554779776,40.145054193067296,40.14161215260152
0.032159999999999994,40.00123843642962,40.024823336685714,40.06850690524946,40.1094103166247,40.14000379768156,40.16070416998961,40.17376262089027,40.181332227168326,40.18507196873294,40.18617490438979,40.18547830172282,40.18356552916509,40.18084303417476,40.177594750223065,40.174019639804584,40.17025743417527,40.16640630959379,40.162535093055176,40.15869175204555,40.154909346653675,40.15121023597772,40.14760907370554,40.14411495670081,40.140732976104445
0.0324,40.00109724186997,40.02321283304396,40.06539144128927,40.10557624221303,40.13601251905219,40.156842974960355,40.170155130433265,40.17801831031732,40.182051559608915,40.18343029913428,40.18298516943452,40.18129820806035,40.178776962410005,40.1757074688694,40.17229109403014,40.16866994076028,40.1649443774451,40.161185190538376,40.15744206710852,40.153749561015346,40.15013132198592,40.146603116098184,40.14317499844193,40.139852886131024
0.032639999999999995,40.000971270413366,40.02169617115755,40.06239661134582,40.10185028201186,40.13210744590755,40.153047679802285,40.16659728885368,40.17474166206576,40.17905913663578,40.18070673608678,40.180507865714354,40.179042776789466,40.17671978390268,40.173826784855336,40.17056737479885,40.16708589991553,40.16348482624479,40.1598368295546,40.15619326396768,40.1525901374452,40.149052360138064,40.14559678733541,40.14223441443414,40.138971970571966
0.03288,40.00085898797159,40.02026865975637,40.059518867547155,40.09823051295493,40.128287718498285,40.14931801545992,40.163089133988656,40.171502470484846,40.17609495398997,40.17800449103319,40.178046664926946,40.17679949689614,40.174671742277624,40.171952922179464,40.16884868656278,40.16550549752558,40.16202782469653,40.15849016315124,40.154945481532266,40.15143120215231,40.14797346526719,40.14459019207308,40.14129330023049,40.13809031683407
0.03312,40.00075900238455,40.0189257881277,40.05675470886444,40.09471499870701,40.124552448369926,40.145653684535155,40.15963067990931,40.16830090481425,40.17315925123127,40.175323828478014,40.175601832718804,40.174568623156574,40.172633075875154,40.170086100687264,40.167135230488974,40.1639289168604,40.160573539410905,40.15714534269116,40.15369885734925,40.15027288023935,40.14689475130441,40.14358343422955,40.14035175077932,40.13720801182742
0.033359999999999994,40.00067005173049,40.017663222809,40.05410068360686,40.09130179214609,40.12090071996591,40.142054362214715,40.15622191743387,40.165137115736194,40.170252253441625,40.17266500170699,40.17317362603852,40.17235040357642,40.17060401773577,40.16822653604978,40.1654272044357,40.16235633855133,40.159122134882146,40.155802517830736,40.15245352758299,40.14911529568399,40.145816331261976,40.1425766169702,40.13940986041036,40.136325141952746
0.0336,40.00059099344093,40.016476804077996,40.051553391717206,40.08798893776837,40.11733159221072,40.13851969719806,40.15286281464712,40.16201123565667,40.167374171370085,40.17002825285485,40.17076229316096,40.170145079390814,40.168584795587186,40.166374439744196,40.16372480293028,40.1607879405682,40.15767377346585,40.15446183649878,40.1512096269956,40.14795857132077,40.14473831721668,40.14156984269241,40.138467722821005,40.135441793088994
0.033839999999999995,40.00052079418175,40.01536254226342,40.04910948687281,40.08477447401531,40.113844100071645,40.13504931262492,40.149553317425685,40.15892337899339,40.164525201583956,40.16741381297804,40.16836807371549,40.16795288506755,40.166575631833865,40.16453001903632,40.16202821714834,40.159223898197695,40.15622861535755,40.15312344487606,40.149967288927805,40.14680282882343,40.14366082029367,40.14056321301073,40.13752543106285,40.13455805058109
0.03408,40.00045852046211,40.01431661389899,40.0467656783971,40.08165643552203,40.11043725609812,40.131642807001256,40.14629334996841,40.15587364247015,40.16170552662566,40.16482190213231,40.16599119871799,40.165774048313295,40.1645767435489,40.16269347696489,40.16033763489459,40.15766438402279,40.154786818572234,40.15178748737563,40.148726645280405,40.14564818868772,40.14258395065063,40.139556828742414,40.13658307752851,40.13367399922795
0.034319999999999996,40.00040332993291,40.01333535774195,40.04451873298693,40.07863285528651,40.10711005193714,40.12829975512297,40.143082815331326,40.15286210541717,40.158915315175356,40.162252729455055,40.16363189060672,40.16360879008283,40.162588342468275,40.160865012327776,40.15865324058499,40.15610956790338,40.153348538924824,40.15045410662389,40.147487826496395,40.14449477021472,40.14150781746239,40.1385507898933,40.1356407539387,40.13278972327072
0.034559999999999994,40.00035446333706,40.01241527067679,40.04236547626108,40.075701766759344,40.10386145982377,40.12501970899619,40.139921595966506,40.149888830077145,40.156154722218844,40.15970649325222,40.161290363281964,40.161457324591225,40.16061063498746,40.159044819670015,40.15697521523044,40.154559616958075,40.151913930011524,40.14912344344236,40.146250961543586,40.14334269149456,40.14043252890584,40.13754519564398,40.13469855132958,40.131905306381164
0.0348,40.00031123707446,40.011553003523574,40.0403027941357,40.072861205853826,40.1006904340456,40.121802198753485,40.13680955426435,40.14695386191653,40.153423889220754,40.157183381089666,40.15896682214921,40.15931985932891,40.15864382216029,40.157233089273646,40.15530373642186,40.15301469554709,40.150483143192076,40.14779563683018,40.14501617789788,40.142192069390724,40.13935819214533,40.13654014433627,40.13375656004032,40.13102083165034
0.035039999999999995,40.00027303634524,40.01074535676933,40.03832763403217,40.07010921287625,40.09759591238019,40.11864673356493,40.13374653309865,40.144057229941744,40.150722944302615,40.154683569888896,40.15666146416597,40.1571965950797,40.1566880997002,40.15543000714938,40.15363897831672,40.15147496525634,40.149056327572936,40.14647082394738,40.1437836015271,40.14104301952476,40.13828491331841,40.13553573346007,40.13281486970099,40.13013638157747
0.03528,40.000239308836115,40.00998927623997,40.03643700592343,40.06744383437665,40.094576817504475,40.11555280254339,40.13073235637382,40.14119894702002,40.14805200242572,40.152207226026924,40.154374477892084,40.15508772594149,40.15474365798353,40.153635755030024,40.15198111162701,40.14994058488261,40.14763362999142,40.14514914009885,40.14255335687545,40.13989565626148,40.13721279752199,40.134532059640435,40.13187356922071,40.12925203805904
0.035519999999999996,40.00020955891544,40.0092818487292,40.03462798322451,40.06486312492016,40.09163205837533,40.11251987564312,40.12776682957389,40.138379010204396,40.14541116557847,40.14975450544022,40.15210604354334,40.15299343934987,40.15281068205527,40.15185051036569,40.15033030360856,40.14841171041988,40.146215195000636,40.14383071871903,40.14132556684852,40.13875009269468,40.13614194879887,40.133529218625114,40.13093274677602,40.12836788237809
0.03576,40.00018334230396,40.00862029759981,40.03289770353333,40.06236514877935,40.0887605315805,40.10954740455094,40.12484974031259,40.13559740106256,40.142800522968045,40.14732555373259,40.149856333048504,40.15091391610427,40.15088935163679,40.15007444632076,40.148686718051856,40.14688849504679,40.14480116485544,40.14251569135738,40.14010035279892,40.137606440633306,40.135072470124676,40.1325273052723,40.12999248979957,40.12748399519379
0.036,40.00016026118957,40.00800197837183,40.0312433692277,40.059947981548085,40.08596112265908,40.10663482356919,40.12198085888399,40.1328540860093,40.14022015121614,40.14492050628679,40.14762551010948,40.14884933039692,40.14897984113584,40.14830773177254,40.14705051527411,40.14537108911517,40.14339167949918,40.14120418766451,40.138877834512485,40.13646481058811,40.13400446339519,40.131526413538744,40.129052884969056,40.12660045653117
0.036239999999999994,40.000139959755295,40.007424374311086,40.02966224792475,40.057609711677436,40.08323270739105,40.10378155048991,40.11915993881333,40.13014901664203,40.13767011455854,40.142539488379775,40.14541373026467,40.14679984984427,40.14708231965859,40.14655053131164,40.14542185211284,40.14385964013971,40.141986876551435,40.1398963353791,40.13765813019509,40.135325311758805,40.1329380294141,40.130526636468225,40.12811401819645,40.12571734577116
0.03648,40.00012212009174,40.00688509203051,40.02815167280853,40.055348441934534,40.080574153055025,40.10098698745946,40.116386717407366,40.1274821300792,40.135150465048376,40.140182615301505,40.14322114095536,40.14476563552105,40.145196951023756,40.14480300524404,40.14380088192069,40.1423542927887,40.140586891296564,40.13859226031547,40.136441356460026,40.13418805202168,40.13187326788111,40.129528066180306,40.12717597461746,40.124834741640754
0.036719999999999996,40.000106458466064,40.006381857116,40.02670904283224,40.053162290785,40.07798431965394,40.098250521832846,40.11366091630378,40.124853349301205,40.13266124276277,40.13784999247706,40.14104788159503,40.142746841996754,40.14332389377882,40.14306530959482,40.142187754561654,40.1408551888759,40.13919185667314,40.13729208635194,40.13522762831596,40.133053137917706,40.13081027738047,40.12853079385944,40.126238838581315,40.12395272220351
0.03696,40.000092721921185,40.00591250978729,40.02533182280071,40.05104939370003,40.07546206110804,40.095571527017384,40.110982242019276,40.12226258349345,40.13020247601269,40.13554171559195,40.13889408364156,40.14074361737457,40.14146330121816,40.14133759611345,40.14058261640862,40.13936246735344,40.137801903264354,40.13599593541984,40.13401705915553,40.13192067464114,40.12974915536988,40.12753490974441,40.125302693640805,40.123071364850205
0.0372,40.00008068518031,40.005475000603774,40.0240175433395,40.04900790438921,40.07300622641477,40.09294936330492,40.10835038649577,40.1197097283913,40.127774181555814,40.133257870720584,40.13675987067225,40.13875610333268,40.13961532140325,40.13962001228083,40.13898561034223,40.1378762643058,40.136417159289145,40.1347039274933,40.13280976074448,40.13079076602857,40.12868999816985,40.12654050311807,40.12436762254256,40.12219074628974
0.037439999999999994,40.00007014783328,40.00506738622413,40.02276380075624,40.047035995959945,40.07061566077538,40.09038337869205,40.105765027644274,40.11719466662652,40.125376364812155,40.13099853445763,40.13464535846145,40.13678443516786,40.13778009718467,40.13791270131777,40.137396875750994,40.13639671294488,40.13503775059431,40.133416180579665,40.131605843211354,40.12966351454848,40.127632900953365,40.12554766229747,40.123433707217664,40.1213109425403
0.03768,40.00006093178252,40.00468782522777,40.0215682568004,40.04513186200505,40.06828920668773,40.087872909688045,40.10322582988606,40.114717268074926,40.12300902008228,40.12876377405215,40.13255065506082,40.134828741841325,40.13595776622611,40.13621580219511,40.13581654853275,40.134923943606076,40.13366380064742,40.132132810710694,40.13040541503785,40.128539021291274,40.12657795773604,40.124556474624235,40.12250102877252,40.120432028920696
0.037919999999999995,40.00005287892779,40.004334574005576,40.020428638327054,40.043293717619505,40.06602570500529,40.0854172821096,40.10073244469063,40.11227739020504,40.12067213076786,40.126553647544476,40.13047586088214,40.132889146026784,40.13414846103017,40.134529449645406,40.13424476109734,40.13345808374543,40.13229543053062,40.130853931934396,40.12920858304966,40.12741738595976,40.1255252613666,40.12356702645535,40.121569667479946,40.119554080042
0.03816,40.00004584907019,40.004005982726255,40.01934273687052,40.04151980034788,40.06382399596197,40.08301581186239,40.09828451111014,40.10987487842724,40.118365669594404,40.12436820390555,40.128421068782465,40.13096576416061,40.13235230896597,40.132853774176006,40.13268164237054,40.131999257937764,40.13093275893521,40.12957965630761,40.12801545240795,40.126298706860155,40.12447490351778,40.12257940315422,40.12063970277065,40.118677169799355
0.0384,40.00003971801722,40.00370049138418,40.018308408133485,40.03980837106383,40.061682920162845,40.08066780570863,40.0958816563098,40.10750956644331,40.116089598835934,40.12220748317866,40.126386364151635,40.12905870649407,40.13056943229852,40.13118890208372,40.13112731779924,40.13054758787587,40.12957590215716,40.12831009388926,40.12682612660139,40.12518308089352,40.12342697467764,40.1215936890821,40.11971121322487,40.11780137136405
0.038639999999999994,40.00003437587187,40.003416625933816,40.017323571397064,40.03815771478311,40.059601319540576,40.07837256202043,40.093523496093965,40.105181276595985,40.11384387054141,40.1200715166235,40.124371825002,40.1271680771476,40.128799948219886,40.12953495547091,40.12958190935782,40.12910319237066,40.128224974093314,40.12704535273425,40.125640707438706,40.124070603547686,40.122381564141264,40.120609967589814,40.118784276564355,40.11692675717584
0.03888,40.00002972548977,40.00315299451506,40.016386208857305,40.03656614141172,40.05757803827758,40.07612937151857,40.09120963542749,40.10288982021823,40.11162842676271,40.11796032686221,40.122377522060354,40.12529397416698,40.127043968881935,40.127892052262965,40.128045535555685,40.12766618735235,40.12688008623859,40.125785538888096,40.124459295041895,40.122961368889634,40.12133876000279,40.11962832100983,40.117858969644615,40.11605339893543
0.039119999999999995,40.00002568108989,40.00290828377335,40.0154943648934,40.03503198643066,40.055611923693995,40.07393751799624,40.088939668951994,40.10063499798207,40.10944319978397,40.115873928027575,40.12040351886179,40.12343648958141,40.125301601430806,40.126260306227245,40.126518311446056,40.1262366858726,40.12554134768384,40.12453075638224,40.12328198783991,40.121855469558376,40.12029864914794,40.11864883064865,40.11693536844743,40.11518136759729
0.03936,40.000022167004936,40.002681255277594,40.014646145272735,40.0335536115191,40.053701827101506,40.07179627902755,40.0867131814967,40.09841660024655,40.107288112352094,40.11381232591291,40.118449871845655,40.121595709463435,40.12357294804299,40.12463982699336,40.12500034863582,40.124814798107614,40.124208865114575,40.12328110722997,40.122108882562934,40.120752996758284,40.119261317246846,40.11767157677956,40.11601354807364,40.114310733362636
0.039599999999999996,40.00001911655893,40.00247074203867,40.01383971629781,40.03212940511747,40.05184660462313,40.069704926660435,40.084529748583606,40.09623440740466,40.10516307790824,40.111775518123785,40.116516630453255,40.11977171399061,40.1218581059629,40.12303072007477,40.123491755296605,40.12340063136218,40.12288274281052,40.122036691423055,40.12094007423722,40.119654040252854,40.11822684874733,40.116696638635624,40.11509358273623,40.11344156567265
0.039839999999999993,40.00001647106029,40.00227564513044,40.01307330389999,40.03075778293227,40.05004511797928,40.06766272809374,40.082388936926506,40.09408819022898,40.10306800082006,40.109763494231245,40.11460383722741,40.11796457750887,40.120157167542025,40.12143308689176,40.12199263617687,40.12199429007469,40.12156308264585,40.120797606929,40.11977565618049,40.11855868835896,40.117195326868504,40.115724094403106,40.114175545753646,40.11257393320198
0.04008,40.00001417889965,40.00209493041488,40.0123451926847,40.029437188384314,40.04829623524011,40.06566894633825,40.080290304923764,40.09197771021576,40.10100277661461,40.107776235926586,40.112711527913696,40.11617436859752,40.118470220279555,40.11984702479562,40.1205030926152,40.120595875823035,40.12024998409035,40.11956394968902,40.11861571999779,40.11746702794157,40.116166833594825,40.114754021215155,40.113259509543454,40.11170790385238
0.040319999999999995,40.00001219474253,40.001927625372446,40.01165372493275,40.02816609300226,40.04659883154459,40.06372284086143,40.0782334031444,40.08990271992717,40.09896729221165,40.10581371717736,40.11083973156322,40.11440115013582,40.116797346864395,40.11827262709413,40.11902322255458,40.119205487331456,40.11894354421119,40.11833581361654,40.11746035557806,40.116379144408924,40.115141449670475,40.11378649514582,40.11234554561618,40.1108435447467
0.04056,40.000010478807866,40.001772816038304,40.010997299562206,40.02694299676303,40.04495178978658,40.061823668215744,40.07621777480734,40.0878629633316,40.09696142615717,40.10387590438467,40.10898847063696,40.112644979371105,40.115138625218634,40.1167099830783,40.11755312055779,40.11782322047824,40.11764385767556,40.11711329059648,40.11630965109103,40.11529512170809,40.114119254594165,40.11282159120439,40.111433724569515,40.10998092222301
0.040799999999999996,40.00000899622387,40.00162964404475,40.010374371055,40.0257664283811,40.043354001268064,40.0599706826503,40.07424295625347,40.08585817614167,40.094985048857076,40.10196275654147,40.10715776111154,40.11090590798831,40.113494128542314,40.11515917805022,40.11609287782378,40.116449168304364,40.116351016754,40.11589647048502,40.115163692984815,40.11421504232108,40.11310032661428,40.11185938333006,40.11052411608272,40.10912010182901
0.04103999999999999,40.0000077164539,40.001497303769575,40.00978344835257,40.02463494554834,40.04180436632021,40.05816313670586,40.07230847741038,40.083888086149734,40.093038022810674,40.10007422539185,40.10534761258628,40.10918398218092,40.11186392535952,40.11362029335215,40.11464258220512,40.11508342102291,40.115065111324505,40.1146854411101,40.11402256598395,40.11313898726132,40.11208474272444,40.11089994438693,40.10961678891138,40.10826114831665
0.04128,40.00000661278515,40.00137503959014,40.00922309372424,40.023547135126385,40.040301794892414,40.05640028179288,40.070413862249474,40.0819524135608,40.09112020284401,40.098210255591205,40.10355802839153,40.107479242723215,40.11024807956574,40.11209340639668,40.11320231822637,40.11372606602945,40.11378622887731,40.113480288272484,40.11288635308797,40.11206703607061,40.11107257865939,40.1099433461593,40.108711810882326,40.107404125636975
0.041519999999999994,40.00000566187392,40.001262143242094,40.00869192161237,40.02250161329315,40.038845207109865,40.05468136875276,40.068558629235255,40.08005087132249,40.08923143634269,40.09637078486702,40.10178900569816,40.10579172504384,40.108646650476445,40.110578590698076,40.11177216710347,40.11237718791316,40.11251445452042,40.11228109574744,40.11175513557052,40.11099926681652,40.11006390889129,40.108989659347245,40.10780924888891,40.106549096935225
0.04176,40.00000484334171,40.00115795128207,40.008188597457746,40.02149702564546,40.037433533800126,40.053005648402,40.066742291766666,40.078183165451996,40.08737156348425,40.09455574418031,40.100040535628104,40.104121459300515,40.10705969287679,40.10907591590461,40.110352206764055,40.11103686846882,40.111249870985844,40.111087945287025,40.110628992978924,40.10993575609016,40.1090588066264,40.10803895356263,40.10690916888653,40.10569612454616
0.041999999999999996,40.000004139416845,40.00106184265262,40.00771183650874,40.02053204725963,40.036065716989114,40.051372372059376,40.0649643586102,40.07634899535973,40.085540417469616,40.09276505788753,40.09831260336592,40.102468470455946,40.10548725707254,40.107585447831994,40.10894251186872,40.10970518670959,40.10999255863651,40.10990091662295,40.10950800313434,40.10887657900448,40.10805734380205,40.10709129732525,40.10601163588838,40.10484526998955
0.04224,40.000003534616894,40.00097323634826,40.00726040261749,40.019605382711646,40.03474071036713,40.04978079205613,40.06322433432465,40.07454805416955,40.083737824753904,40.09099864390286,40.09660518827122,40.10083277835477,40.10392938894202,40.10610724849781,40.10754315383313,40.108382218880585,40.10874259547386,40.10872008747007,40.108392242132325,40.10782180919292,40.10705959108407,40.10614675805947,40.10511671396152,40.103996593966016
0.04248,40.00000301546763,40.00089158918056,40.00683310702635,40.01871576605898,40.03345747972539,40.048230162229025,40.061521719677465,40.07278002903541,40.08196360527604,40.08925641386068,40.09491826399196,40.09921439780157,40.102386129989114,40.10464137615688,40.10615420085109,40.10706803847325,40.10750005714614,40.10754553353036,40.107281784343975,40.106771518808486,40.106065617864495,40.10520540209104,40.1042244662232,40.103150156352974
0.042719999999999994,40.000002570254495,40.00081639364059,40.0064288071474,40.01786196078556,40.03221500336365,40.0467197383965,40.05985601205227,40.07104460145417,40.08021757268723,40.0875382732783,40.09325179857844,40.097613338639825,40.10085751739729,40.10318788533766,40.10477571791839,40.10576271624041,40.1062650169573,40.1063773284976,40.10617670241751,40.105725778523315,40.10507549225969,40.10426729464427,40.1033349548374,40.102306016200885
0.04296,40.00000218880322,40.00074717585641,40.00604640533802,40.017042759711934,40.031012272469496,40.04524877881781,40.05822670584782,40.06934144757456,40.078499534578256,40.085844121718594,40.091605754597985,40.09602960583177,40.099343584084544,40.10174682687949,40.10340776685759,40.104466320212175,40.1050375458766,40.10521554406246,40.105077067280305,40.10468465752853,40.104089281108806,40.10333249983952,40.10244824101167,40.101464231729686
0.043199999999999995,40.00000186228629,40.000683493643635,40.00568484767509,40.01625698487213,40.02984829146995,40.043816544635305,40.056633292867915,40.06767023850201,40.07680929270515,40.084173852952674,40.08998008925017,40.09446319953912,40.09784435875932,40.100318247970755,40.102050406343515,40.10317891571248,40.10381771254882,40.10406024991827,40.103982948141486,40.103648223534634,40.10310704997258,40.10240108069094,40.10156438499427,40.10062486032547
0.04344,40.00000158305246,40.00062493464647,40.00534312273032,40.01550348735917,40.02872207835594,40.0424223002999,40.05507526270239,40.06603064059927,40.07514664321344,40.08252735512233,40.08837475448258,40.092914115204564,40.09635986597725,40.09890219218789,40.10070369192957,40.10190056537637,40.102605583305056,40.102911513767225,40.10289441249492,40.102616542772225,40.102128863132485,40.10147309910458,40.10068344607146,40.09978795853738
0.04368,40.00000134447677,40.00057111456696,40.00502026034908,40.0147811471407,40.02763266498031,40.04106531397982,40.053552103099044,40.0644223157827,40.07351137686069,40.08090451090217,40.08678969710699,40.091382343633974,40.09489012619872,40.09749869953523,40.09936767607488,40.10063132916796,40.10140122217423,40.101769401327225,40.10181152612271,40.10158967999312,40.10115478359025,40.100548615876725,40.09980548256513,40.0989535820747
0.043919999999999994,40.00000114082869,40.000521675479874,40.004715330434955,40.01408887284669,40.02657909733006,40.039744857952826,40.052063300326374,40.06284492181407,40.07190327923716,40.07930519766149,40.08522485891584,40.08986787107934,40.09343515584729,40.09610780648563,40.098042408172105,40.09937126439913,40.10020469089508,40.10063397633916,40.10073435309909,40.10056769847191,40.10018487306768,40.09962769069259,40.098930551830705,40.098121785804246
0.04416,40.00000096715638,40.000476284230515,40.00442744174204,40.01342560153053,40.025560435773336,40.03846020898188,40.0506083395271,40.06129811258774,40.07032213098465,40.077729287625516,40.083680176799106,40.08837067932226,40.09199496736877,40.09472954602184,40.096727934576016,40.09812042574876,40.09901604892882,40.099505300574734,40.09966295579487,40.09955066000787,40.099219192006835,40.09871038212525,40.09805871025518,40.097292623747855
0.044399999999999995,40.00000081918521,40.00043463091305,40.00415574067689,40.012790298405434,40.02457575528207,40.03721064867466,40.049186705062425,40.05978153841319,40.068767708013205,40.076176648036245,40.08215558286117,40.08689074575803,40.09056956929107,40.093363947678675,40.09542429863275,40.09687886528273,40.09783535347233,40.09838343384483,40.0985973948822,40.098538624927265,40.098257799570554,40.0977967476349,40.09719001325558,40.096466149080186
0.04464,40.00000069322886,40.000396427426416,40.00389941011196,40.01218195655754,40.023624145630684,40.035995463826794,40.04779788084694,40.05829484629266,40.067239781715735,40.0746471413125,40.080651004538005,40.08542804348021,40.08915896628468,40.09201103758578,40.09413154070975,40.095646632474484,40.09666265947193,40.09726843400829,40.09753772933986,40.097531652086055,40.09730075364328,40.0968868435684,40.09632451527747,40.095642414126715
0.044879999999999996,40.00000058611159,40.00036140610533,40.00365766821206,40.01159959663736,40.02270471157177,40.03481394674925,40.046441350674236,40.056837680193965,40.06573811918038,40.073140625209305,40.07916636471432,40.08398254136569,40.08776315922377,40.09067083851116,40.09284969822638,40.09442377422618,40.09549801963771,40.0961603569813,40.096484016458966,40.09652979887292,40.09634811083225,40.09598072515904,40.09546226979392,40.0948214703619
0.04511999999999999,40.00000049510022,40.000329318423475,40.003429767275456,40.01104226653101,40.021816572989295,40.03366539557994,40.04511659853308,40.05540968131821,40.06426248340052,40.0716569529764,40.07770158184067,40.08255420416007,40.086382145247875,40.08934336990529,40.09157880568511,40.09321033489047,40.09434148445834,40.09505925674712,40.09543631184904,40.09553312121273,40.09539992646897,40.0950784465267,40.094603329304526,40.094003368407634
0.04536,40.00000041784485,40.000299933766364,40.00321499259094,40.01050904101275,40.020958865030146,40.03254911457968,40.043823108914246,40.05401048836252,40.06281263348236,40.07019597351586,40.07625657005057,40.08114299256344,40.08501591782412,40.08802864794587,40.090318894703394,40.09200635629287,40.09319310221649,40.093965185366415,40.09439466944457,40.09454167357031,40.094456254611025,40.09418006067817,40.0937477453348,40.09318815803185
0.045599999999999995,40.00000035232717,40.00027303827101,40.003012661312084,40.0099990213803,40.02013073821456,40.03146441441298,40.042560367107946,40.05263973777753,40.061388324849936,40.06875753153869,40.07483123927733,40.07974886331649,40.08366446680998,40.086726685583095,40.08906999404604,40.09081187775463,40.09205291900468,40.092878192987904,40.09335914151192,40.09355550895461,40.0935171480442,40.093285619507846,40.09289556843578,40.092375888147345
0.04584,40.000000296815344,40.00024843372982,40.0028221213499,40.0095113350742,40.01933135852635,40.03041061241356,40.0413278594919,40.051297064019714,40.0599893094476,40.067341467720325,40.0734254953708,40.078371769286704,40.082327778516365,40.08543749258557,40.08783212965824,40.089626936116176,40.09092097874168,40.09179832785962,40.092329778656676,40.09257467892321,40.09258265828492,40.092395173798614,40.09204684818377,40.091566606810844
0.046079999999999996,40.00000024982488,40.000225936555985,40.00264275028488,40.00904513528271,40.018559907483436,40.02938703283511,40.04012507381003,40.04998209979834,40.05861533593969,40.065947618855056,40.07203924021374,40.07701165955494,40.08100583577134,40.08416107558666,40.08660532469904,40.08845156576106,40.08979732318939,40.090725636340444,40.09130662983138,40.09159923358715,40.091652835582984,40.09150877322304,40.091201633180496,40.090760361222216
0.04631999999999999,40.00000021008458,40.000205376807806,40.00247395429932,40.00859960053352,40.017815582189506,40.028393007087345,40.038951499441815,40.04869447631718,40.0572661499075,40.06457581800912,40.07067237183789,40.075668479502,40.079698617984036,40.082897438131354,40.08538959957541,40.08728579864045,40.08868199197013,40.0896601629122,40.090289742343614,40.09062922161617,40.090727728924605,40.09062646634486,40.09035997105334,40.08995719772396
0.04656,40.00000017650694,40.00018659726938,40.00231516713084,40.008173934273536,40.017097595367474,40.02742787395777,40.03780662766241,40.04743382351071,40.05594149404339,40.06322589467254,40.06932478453958,40.07434217089534,40.07840610120898,40.08164658072359,40.08418497197675,40.08612966429805,40.08757502258449,40.0886019501921,40.0892791618645,40.0896646902442,40.08980738603577,40.08974830062064,40.08952190845589,40.08915716180085
0.046799999999999994,40.000000148162584,40.00016945258509,40.00216584904763,40.00776736443788,40.01640517537544,40.026490979819286,40.03668995189346,40.04619977027494,40.05464110834194,40.06189767490962,40.067996368995,40.07303267197582,40.077128258210735,40.08040850087403,40.08299145690991,40.08498318989554,40.08647645042955,40.08755103894559,40.08827493243758,40.08870568527526,40.088891853385825,40.08887432240181,40.08868749106867,40.08836029807974
0.04704,40.000000124258015,40.0001538084454,40.00202548584621,40.007379143009544,40.01573756620583,40.02558167882401,40.03560096794472,40.04499194469276,40.05336473028816,40.06059098150792,40.06668701237477,40.071739917544434,40.0758650585288,40.07918319314815,40.08180906673463,40.08384640023843,40.08538630881755,40.08650746809968,40.087277096487995,40.087752251089604,40.08798117619143,40.088004576936854,40.087856763600136,40.08756665032971
0.047279999999999996,40.000000104116474,40.0001395408216,40.001893587872146,40.00700854557054,40.01509402746843,40.02469933308355,40.034539174246596,40.04380997425374,40.052112095042645,40.05930563412582,40.065396598458065,40.070463839049005,40.07461646854272,40.07797064921481,40.080637811199395,40.0827193178024,40.08430462899498,40.08547127475655,40.0862856948321,40.08680443065026,40.08707539842077,40.087139108373805,40.08702976978787,40.086776261462234
0.04751999999999999,40.00000008716128,40.00012653524714,40.00176968906414,40.00665487084589,40.01447383435803,40.02384331283597,40.0335040720736,40.04265348606841,40.05088293562358,40.05804144943847,40.064125007746036,40.06920436467075,40.073382451537434,40.07677085789512,40.079477697477785,40.081601962760004,40.08323144016211,40.084442494207615,40.085300766687354,40.08586226550985,40.086174562798014,40.086277959762974,40.086206552399986,40.085989173531644
0.04776,40.00000007290157,40.0001146861432,40.00165334602192,40.00631744024137,40.01387627760728,40.02301299659991,40.03249516575878,40.04152210707702,40.049676983085654,40.05679824128212,40.062872117574585,40.067961419410736,40.072162967768676,40.07558380521158,40.07832873020504,40.08049435300781,40.082166769492844,40.08342115994794,40.08432234968261,40.084925795817696,40.08527871080808,40.085421173059935,40.08538715323678,40.085205427735794
0.047999999999999994,40.000000060919916,40.00010389618631,40.00154413709814,40.00599559737607,40.013300663425504,40.02220777131591,40.03151196289931,40.04041546425263,40.04849396669573,40.055575820796754,40.06163780222636,40.06673492517608,40.07095797452867,40.07440947443755,40.07719091151516,40.0793965041939,40.08111064215502,40.082407303690985,40.08335047986869,40.08399506032725,40.084387882701684,40.084568789128724,40.084571613132596,40.08442506441684
0.04824,40.0000000508617,40.000094075715936,40.00144166151455,40.00568870761082,40.01274631342411,40.021427032475465,40.030553974553236,40.03933318479878,40.04733361410527,40.05437399656708,40.06042193304194,40.06552480086601,40.069767426211726,40.073247846146984,40.07606424107826,40.07830842974579,40.08006308133103,40.081400955383764,40.082385191729315,40.08307009640383,40.08350211750061,40.08372084774531,40.08375997195784,40.083648123062304
0.048479999999999995,40.00000004242595,40.0000851421798,40.00134553850244,40.00539615757326,40.01221256452923,40.02067018423801,40.029620715427505,40.038274896341385,40.046195651519454,40.05319257476158,40.05922437853027,40.064330962457575,40.06859127438002,40.07209889826435,40.07494871613821,40.077230140898614,40.07902410823885,40.080402143222265,40.08142651819232,40.082150940032626,40.08262145300327,40.08287738760127,40.0829522686213,40.08287464230623
0.04871999999999999,40.00000003535749,40.00007701961504,40.00125540646771,40.00511735468054,40.011698768882304,40.01993663953612,40.02871170405742,40.03724022711524,40.04507980386298,40.05203135926989,40.05804500447812,40.06315332309107,40.06742946782933,40.070962606114804,40.07384433155065,40.07616164672374,40.077993742153325,40.079410893667266,40.08047449064124,40.081237625827,40.08174592579055,40.08203844630774,40.082148541072605,40.08210465993059
0.04896,40.00000002944017,40.000069638163275,40.00117092218021,40.004851726660576,40.01120429372918,40.01922582016938,40.02782646297754,40.03622880614482,40.043985794942515,40.050890151838196,40.056883674058625,40.06199179315512,40.06628195265479,40.06983894247452,40.07275107982124,40.07510295415762,40.076972000427865,40.07842723146043,40.07952913892707,40.080330187037035,40.08087557123182,40.08120406039951,40.081348826304904,40.081338212866854
0.049199999999999994,40.00000002449111,40.00006293361762,40.00109175998756,40.00459872107243,40.010728521298354,40.01853715688705,40.02696451888426,40.035240263419574,40.042913347605705,40.049768752202716,40.055740247938886,40.06084628037133,40.06514867231657,40.06872787762113,40.07166895114415,40.07405406803102,40.07595889851643,40.077451179640725,40.078590491380496,40.07942865555839,40.08001042349129,40.08037426533942,40.08055316035776,40.08057533719771
0.04944,40.000000020355685,40.00005684699994,40.001017611053314,40.00435780482686,40.010270848669045,40.01787008945997,40.026125402790036,40.03427423006368,40.04186218389678,40.04866695822128,40.0546145843865,40.05971668987853,40.06402956770546,40.06762937938436,40.07059793344081,40.07301499109845,40.07495444999578,40.076482759561124,40.077658574824234,40.07853306194143,40.07915051553455,40.079549095522985,40.0797615783202,40.07981606815899
0.049679999999999995,40.00000001690332,40.000051324166584,40.00094818261922,40.00412846370753,40.00983068762961,40.01722406674204,40.02530865016955,40.03333033850026,40.04083202520875,40.04758456600282,40.053506539375086,40.05860292431656,40.062924577208435,40.066543413196726,40.069538012398866,40.07198572406793,40.07395866658806,40.07552199090563,40.07673341458579,40.07764343540053,40.07829587913534,40.07872858428313,40.078974114334024,40.07906044014181
0.04991999999999999,40.00000001402386,40.000046315441,40.0008831972914,40.003910201893724,40.00940746452695,40.016598546721475,40.024513801097825,40.032408222610094,40.03982259243206,40.04652137003489,40.05241596668865,40.05750488390953,40.06183363677396,40.06546994214429,40.068489171511324,40.07096626563099,40.07297155818366,40.074568891706555,40.07581503451035,40.07675980382376,40.0774465448826,40.077912763895235,40.07819080159724,40.07830848669477
0.050159999999999996,40.000000011624444,40.00004177527159,40.00082239235041,40.00370254148517,40.009000620107486,40.01599299656229,40.02374040038044,40.031507517884926,40.03883360609982,40.04547716330906,40.05134271802484,40.05642246654853,40.06075667997721,40.064408927017496,40.06745139211588,40.069956612492895,40.07199313286429,40.07362347836206,40.074903456974084,40.0758821937827,40.07660254218769,40.07710166558238,40.077411672367724,40.07756024052643
0.05039999999999999,40.00000000962689,40.00003766191335,40.00076551908453,40.00350502202946,40.00860960935019,40.01540689263625,40.02298799767605,40.03062786157526,40.0378647865295,40.04445173744423,40.050286643097074,40.055355567873804,40.05969363808503,40.06336032636201,40.066424653434346,40.068956759403086,40.07102339692637,40.07268576565397,40.07399870289757,40.07501063054253,40.07576389929192,40.07629531952075,40.07663675796707,40.0768157335079
0.05064,40.000000007965426,40.000033937131874,40.00071234214642,40.003317200052884,40.00823390129238,40.014839720545645,40.02225614761123,40.02976889283283,40.03691585396114,40.04344488280782,40.049247589735344,40.0543040813563,40.05864444012074,40.062324096529565,40.06540893261232,40.06796669918586,40.07006235490462,40.071755766765826,40.07310079175952,40.07414513807242,40.07493064327416,40.075493754845255,40.07586608878461,40.076074996675615
0.050879999999999995,40.00000000658478,40.00003056592822,40.000662638932354,40.00313864859496,40.007872978848646,40.014290975137186,40.021544409887944,40.028930252847644,40.03598652869204,40.04245638863475,40.04822540398591,40.05326789837854,40.05760901292859,40.06130019172877,40.06440420475886,40.06698642277118,40.069110009595875,40.070833493301194,40.07220974161077,40.07328573905602,40.074102800058775,40.074696999655345,40.07509969428156,40.07533806023428
0.05112,40.00000000543854,40.00002751628361,40.00061619898408,40.00296895674732,40.007526338623535,40.01376016050737,40.02085234938363,40.02811158497986,40.03507653120793,40.04148604314424,40.0472199302096,40.052246908314906,40.056587281238016,40.060288564075925,40.063410442986296,40.066015919225755,40.06816636208313,40.06991895530217,40.07132556908841,40.07243245490231,40.073280394423755,40.07390508102107,40.07433760299547,40.07460495355993
0.051359999999999996,40.00000000448779,40.00002475892241,40.00057282341258,40.002807729197336,40.007193490718485,40.01324678999958,40.02017953624416,40.027312534886256,40.03418558231059,40.040533633654476,40.04623101117893,40.051240998611156,40.05557916772754,40.05928916364568,40.062427618450144,40.06505517578416,40.06723141175979,40.06901216126816,40.07044828943026,40.07158530575654,40.072463450009,40.07311802498922,40.073579842544724,40.07387570520318
0.05159999999999999,40.00000000369992,40.00002226709246,40.000532324343474,40.002654585777,40.006873958533475,40.01275038619333,40.01952554596978,40.0265327506416,40.033313403242,40.03959894669492,40.045258488173786,40.050250054863234,40.054584593088315,40.05830193852169,40.06145570038904,40.064104177880175,40.066305156354076,40.06811311817479,40.06957791648943,40.070744310511444,40.07165198932483,40.07233585658975,40.07282643963326,40.07315034289266
0.05184,40.00000000304762,40.00002001636152,40.000494524383676,40.00250916101733,40.00656727856392,40.01227048088585,40.01888995949419,40.02577188285483,40.03245971580494,40.03868176811647,40.044302201075794,40.04927396089534,40.053603476087375,40.05732683484708,40.06049465616471,40.06316290917826,40.06538759195364,40.06722183149307,40.06871446274919,40.069909486818666,40.070846033760674,40.07155859984233,40.07207742005546,40.07242889353854
0.052079999999999994,40.00000000250806,40.00001798442878,40.00045925610865,40.00237110370879,40.006273000193204,40.01180661506638,40.01827236325693,40.0250295847802,40.03162424248013,40.03778188319926,40.04336198846133,40.04831259883719,40.052635733630446,40.05636379687484,40.05954445130198,40.062231351605085,40.064478713030326,40.06633830520875,40.067857939337976,40.06908085110032,40.07004560359398,40.070786277763084,40.071332808701165,40.07171138323624
0.05232,40.00000000206217,40.000016150950515,40.00042636157004,40.002240076468,40.005990685481386,40.01135833888348,40.017672349269226,40.024305512423325,40.03080670653977,40.036899076758296,40.042437687693074,40.04736584920051,40.051681280824326,40.055412767018026,40.058605049528836,40.06130948538121,40.063578512465114,40.065462541841825,40.06700835604458,40.06825841856081,40.069250717999275,40.070018912371516,40.070592629560934,40.07099783727029
0.052559999999999996,40.00000000169403,40.000014497378864,40.000395691822995,40.002115755311024,40.005719908950475,40.01092521160575,40.01708951517345,40.02359932464235,40.03000683215776,40.03603313324669,40.04152913501018,40.04643359095465,40.05074003103892,40.054473685899794,40.05767641281633,40.06039728905284,40.062686981573165,40.064594542466224,40.06616572133358,40.067442203198794,40.06846139505739,40.06925652469756,40.069856905731356,40.07028828011829
0.05279999999999999,40.000000001390354,40.000013006812885,40.00036710647276,40.001997829233595,40.00546025736666,40.010506801575964,40.01652346429637,40.022910683244184,40.02922434451628,40.035183836856625,40.040636165616945,40.045515701601374,40.049811895968716,40.05354649240324,40.056758501418614,40.05949473952361,40.061804110129,40.06373430672968,40.0653300423609,40.066632217819325,40.06767765176491,40.068499134788844,40.06912565942056,40.06958273545509
0.05304,40.000000001140094,40.00001166386101,40.00034047324014,40.00188599979841,40.00521132951992,40.01010268615931,40.01597380569631,40.022239253075924,40.02845896990904,40.03435097161804,40.0397586137701,40.04461205724877,40.04889678569384,40.05263112372102,40.055851273912836,40.0586018120865,40.06092988639185,40.0628818328737,40.06450132498952,40.06582847404615,40.06689950404371,40.0677467617181,40.068398911953906,40.06888122615704
0.053279999999999994,40.00000000093404,40.00001045451418,40.0003156675451,40.00177998072983,40.004972736001555,40.00971245168571,40.0154401542045,40.02158470211154,40.02771043584105,40.033534321494926,40.03889631286447,40.04372253268427,40.04799460874062,40.05172751540475,40.054954687239,40.05771848045572,40.060064297131,40.06203711775373,40.063679573805395,40.06503098233421,40.06612696675075,40.06699942359068,40.06767668377977,40.068183774306405
0.05352,40.00000000076453,40.00000936602884,40.00029257210823,40.00167949751608,40.004744098979664,40.00933569338672,40.014922130460576,40.02094670153388,40.026978471125005,40.0327336704794,40.038049095517316,40.042847001446695,40.0471052721416,40.050835601414136,40.05406869673969,40.05684471679867,40.059207327651386,40.061200156859435,40.062864792133496,40.06423975198227,40.065360053687954,40.06625713755232,40.06695899447551,40.06749040119589
0.053759999999999995,40.00000000062523,40.000008386819125,40.00027107656935,40.00158428701924,40.00452505197333,40.008972015327096,40.01441936094261,40.020324925812076,40.02626280597425,40.031948802683345,40.03721679365096,40.04198533589745,40.04622868149502,40.04995531416582,40.05319325619984,40.0559804917679,40.058358961819124,40.06037094433506,40.062056982053974,40.06345479114573,40.06459877761225,40.06551991979694,40.06624586275354,40.06680112733335
0.05399999999999999,40.000000000510845,40.00000750635763,40.000251077122925,40.001494097093065,40.00431523962558,40.0086210303315,40.01393147799171,40.01971905277446,40.02556317209242,40.03117950242776,40.03639923857406,40.041137407290684,40.04536474102376,40.04908658458199,40.05232831788622,40.055125774533046,40.057519182087205,40.059549473000004,40.061256144418515,40.062676106849516,40.06384315024578,40.06478778557469,40.065537306467554,40.06611597244657
0.05424,40.00000000041701,40.00000671508405,40.00023247616962,40.00140868620879,40.004114317475604,40.00828235990647,40.013458119831355,40.01912876367701,40.02487930275977,40.03042555432986,40.03559626106121,40.04030308584254,40.044513353633675,40.04822934213864,40.05147383258689,40.054280532812825,40.056687969521214,40.05873573436936,40.060462278866765,40.06190370500117,40.063093182286266,40.064060749200024,40.064833342618904,40.06543495548818
0.054479999999999994,40.00000000034011,40.0000060043212,40.00021518198355,40.00132782308911,40.0039219517304,40.00795563415803,40.01299893058169,40.018553743267454,40.02421093291616,40.0296867433877,40.03480769143103,40.03948224079932,40.04367442097137,40.047383514913484,40.050629749650525,40.05344473290693,40.0558653038251,40.05792971867469,40.059675383842915,40.06113759040409,40.062348883417435,40.063338824060054,40.064133987363064,40.06475809464072
0.05472,40.00000000027714,40.00000536619784,40.0001991083947,40.001251286350296,40.00373781903637,40.007640491705104,40.012553560268884,40.01799367984513,40.0235577992408,40.02896285506264,40.03403335962274,40.0386747405048,40.04284784348133,40.046549029633596,40.04979601702553,40.05261833972794,40.05505116336702,40.057131414884815,40.05889545661239,40.06037776677079,40.06161026231968,40.062622022622875,40.063439256016274,40.06408540732184
0.054959999999999995,40.000000000225626,40.000004793577794,40.00018417448604,40.00117886415256,40.003561606250905,40.00733657958902,40.012121664829806,40.01744826531659,40.02291964022876,40.02825367535938,40.03327309527106,40.03788045246633,40.04203352046246,40.045725811722676,40.04897258129901,40.05180131683314,40.054245525205154,40.05634081072664,40.05812249327862,40.05962423673643,40.06087732668076,40.06191035644613,40.06274916306225,40.06341691018951
0.05519999999999999,40.00000000018352,40.00000427999491,40.000170304304724,40.00111035385878,40.003393010214474,40.007043553179464,40.011702906112,40.01691719524718,40.022296196264314,40.027558990903735,40.03252672777964,40.037099243420066,40.04123135012395,40.044913785347894,40.04815938773557,40.05099362645633,40.0534483651136,40.05555789270616,40.05735648879995,40.05887700187234,40.06015008320667,40.06120383618565,40.06206372215904,40.062752619147474
0.055439999999999996,40.000000000149136,40.0000038195934,40.00015742658701,40.00104556170155,40.00323173752324,40.006761076076934,40.01129695186933,40.016400168908596,40.021687209691095,40.02687858901812,40.03179408639277,40.03633097939504,40.0404412296405,40.04411287346642,40.04735638031589,40.050195229539504,40.05265965760823,40.054782646129446,40.05659743700661,40.058136062699695,40.05942853763262,40.060502471604224,40.06138294614602,40.062092549350766
0.05567999999999999,40.00000000012109,40.00000340707319,40.00014547449629,40.00098430245852,40.00307750430267,40.00648882001209,40.01090347575335,40.015896889322434,40.02109242487911,40.02621225779473,40.03107500026566,40.03557552577626,40.039663055206844,40.04332299787149,40.04656350177512,40.04940608576451,40.051879375972575,40.0540150551237,40.055845330617814,40.05740141870332,40.0587126947341,40.0598062715805,40.06070684705096,40.06143671521129
0.05592,40.000000000098225,40.000003037639786,40.000134385373826,40.00092639913617,40.00293003598222,40.00622646474214,40.010522157300535,40.01540706330001,40.020511588288755,40.025559786166454,40.03036929853298,40.034832747366664,40.03889672209167,40.04254407923816,40.04578069364099,40.04862615358454,40.05110749228369,40.053255102658355,40.05510016125884,40.05667306834555,40.05800255833808,40.05911524411793,40.06003543609721,40.0607851304036
0.056159999999999995,40.00000000007961,40.00000270695852,40.00012410050168,40.000871682661845,40.002789067071404,40.00597369794462,40.010152681915564,40.014930401478374,40.01994444853172,40.02492096397551,40.02967681037592,40.03410250844804,40.03814212469072,40.04177603716849,40.0450078962718,40.0478553902556,40.050343977438004,40.05250277056623,40.05436191947832,40.05595100908019,40.05729813133435,40.05842939635392,40.059368723711025,40.06013780787067
0.05639999999999999,40.00000000006446,40.00000241111255,40.000114564877315,40.00081999158415,40.002654340937426,40.005730215108535,40.009794740850865,40.014466618352664,40.01939075642894,40.024295582039876,40.028997365087534,40.033384672840874,40.03739915657928,40.041018790236414,40.04424504889401,40.04709375186776,40.04958880117711,40.05175803956466,40.05363059476545,40.055235237366595,40.05659941568681,40.057748734568996,40.058706719528956,40.059494759829846
0.056639999999999996,40.00000000005215,40.00000214656456,40.000105726999585,40.000771171781565,40.00252560958452,40.00549571942341,40.00944803118248,40.01401543230494,40.0188502650656,40.023683432217425,40.02833079213659,40.032679103963,40.036667710563925,40.0402722560321,40.04349208963971,40.046341193376385,40.04884193211356,40.05102088927674,40.05290617556738,40.05452574868377,40.05590641244506,40.05707326419611,40.05804943240535,40.058855997778906
0.05687999999999999,40.00000000004215,40.00000191012177,40.000097538665386,40.00072507617929,40.0024026334353,40.00526992166616,40.00911225578244,40.013576565629485,40.0183227298432,40.023084307467904,40.02767692122978,40.031985664887294,40.03594767873346,40.03953635120585,40.04274895558373,40.045597668633114,40.048103337756594,40.050291298252475,40.05218864930656,40.053822537544605,40.0552191217559,40.05640298983006,40.05739687041993,40.05822153250214
0.05712,40.00000000003404,40.0000016989039,40.00008995477682,40.000681564474235,40.00228518111422,40.00505254008618,40.008787123287824,40.013149744554745,40.01780790852884,40.02249800191271,40.02703558237231,40.031304218398134,40.035238952509246,40.03881099151156,40.04201558278049,40.0448631304168,40.047372984537795,40.04956924398997,40.051478002398184,40.053125597510125,40.05453754287501,40.05573791523693,40.05674904088553,40.05759137407655
0.057359999999999994,40.00000000002746,40.00000151031408,40.00008293315822,40.000640502868,40.00217302923323,40.004843300288755,40.00847234806665,40.012734699262005,40.017305561301605,40.02192431089244,40.026406605926944,40.03063462704682,40.03454142269468,40.03809609184966,40.04129190630058,40.044137530464226,40.046650837836694,40.048854702956675,40.050774220267684,40.05243492120386,40.05386167417868,40.05507804336368,40.05610595035583,40.05696553187823
0.0576,40.00000000002214,40.00000134201218,40.00007643438273,40.000601763807985,40.002065962179984,40.00464193511697,40.00816765018067,40.012331163900825,40.016815450796265,40.02136303102232,40.025789822671435,40.02997675320584,40.033854979523916,40.037391566309545,40.040577860266986,40.04342081950064,40.0459368620063,40.048147650610524,40.05007728736817,40.05175050032621,40.053191513175605,40.05442337634779,40.05546760463324,40.05634401458864
0.057839999999999996,40.00000000001783,40.000001191890654,40.00007042160801,40.000565225736224,40.00196377190852,40.00444818453244,40.00787275534535,40.01193887660137,40.01633734214424,40.02081396024555,40.02518506385437,40.02933045912198,40.03317951270987,40.03669732821157,40.039873377891084,40.04271294727016,40.045231020398546,40.04744806142114,40.04938718719799,40.05107232566889,40.05252705651878,40.05377391552703,40.05483400877687,40.055726830201195
0.05807999999999999,40.000000000014346,40.0000010580524,40.000064860420686,40.00053077284608,40.00186625773267,40.00426179549483,40.00758739488705,40.01155757948374,40.01587100301189,40.02027689788442,40.024592161249466,40.028695606968384,40.0325149114914,40.03601329014844,40.03917839150821,40.042013862565966,40.044533275389625,40.046755908890944,40.04870390231826,40.050400387129464,40.051868300017404,40.053129661449184,40.05420516711052,40.05511398602773
0.05832,40.00000000001153,40.000000938790684,40.00005971868908,40.000498294846636,40.001773226122296,40.004082521840445,40.00731130569754,40.01118701866437,40.01541620363623,40.01975164468945,40.02401094720822,40.02807205889543,40.03186106467971,40.03533936402616,40.03849283261297,40.04132351326031,40.04384358840525,40.046071165576244,40.0480274143704,40.049734673725816,40.05121523864892,40.05249061388199,40.053581083230796,40.05450548870517
0.058559999999999994,40.000000000009265,40.000000832570926,40.00005496642394,40.00046768673456,40.0016844905024,40.003910124160186,40.00704423018622,40.010826944259584,40.01497271685804,40.019238002886404,40.02344125471111,40.02745967708049,40.03121786070401,40.034675461104385,40.03781663189419,40.040641846334275,40.04316191994582,40.045393803108354,40.047357704093706,40.04907517361078,40.05056786657103,40.051856771823076,40.05296176001531,40.05390134420225
0.0588,40.00000000000743,40.00000073801403,40.0000505756468,40.00043884857348,40.001599871055326,40.00374436967671,40.00678591622974,40.01047711038638,40.01454031815254,40.01873577622127,40.022882917417164,40.02685832377653,40.0305851876563,40.03402149203627,40.0371497192695,40.039968807907385,40.04248822961138,40.04472379221457,40.04669475134289,40.0484218740867,40.04992617713381,40.051228133509916,40.05234719963089,40.05330155782626
0.059039999999999995,40.00000000000596,40.00000065388134,40.000046520265556,40.00041168528061,40.00151919452602,40.00358503212128,40.00653611711967,40.01013727516065,40.014118785657544,40.01824477000327,40.02233576971197,40.0262678613596,40.0299629333354,40.03337736690777,40.03649202391956,40.039304343266956,40.04182247612661,40.04406110273913,40.04603853510562,40.047774761620076,40.04929016289187,40.050604696429964,40.05173740354192,40.05270613422992
0.05927999999999999,40.000000000004775,40.000000579060895,40.000042775956956,40.00038610642059,40.00144229403048,40.003431891610234,40.00629459150792,40.0098072006927,40.013707900199265,40.017764791145844,40.02179964675425,40.02568815237523,40.029350985290186,40.03274299527636,40.03584347432195,40.03864839689721,40.041164617365524,40.04340570366414,40.045389033520095,40.047133821856185,40.048659815616524,40.049986457330704,40.05113237251873,40.0521150774183
0.059519999999999997,40.00000000000382,40.00000051255508,40.000039320055684,40.00036202600632,40.0013690088675,40.00328473452131,40.00606110335023,40.00948665308039,40.013307445315725,40.01729564820565,40.02127438452079,40.02511905958362,40.02874923086198,40.03211828620922,40.035203998284636,40.0380009125082,40.04051461037615,40.04275756313039,40.04474622389249,40.04649903963378,40.04803512630804,40.04937341222987,40.05053210664599,40.05152839075576
0.059759999999999994,40.000000000003055,40.00000045346931,40.000036131449754,40.000339362306704,40.00129918433371,40.00314335336991,40.00583542184795,40.00917540239987,40.012917207277944,40.01683715141975,40.02075981984991,40.024560446003726,40.02815755722614,40.03150314832082,40.034573522979116,40.037361833064416,40.039872411405,40.042116648458105,40.04411008271451,40.04587039899972,40.047416085207885,40.048765556425636,40.04993660533124,40.05094607697307
0.06,40.000000000002444,40.00000040100181,40.000033190481794,40.00031803766115,40.00123267154203,40.00300754668553,40.005617321387966,40.00887322269397,40.01253697510881,40.01638911274074,40.020255790483496,40.02401217495626,40.02757585143283,40.030897489809995,40.0339519749731,40.0367311008132,40.03923797592139,40.04148292616765,40.04348058568082,40.04524788322366,40.04680268181104,40.04816288450691,40.04934586731342,40.050368138174434
0.060239999999999995,40.00000000000195,40.00000035443441,40.000030478856075,40.00029797830069,40.00116932724348,40.002877118888314,40.0054065814811,40.00857989195842,40.012166540599836,40.01595134587013,40.019762135107456,40.02347411010552,40.02700400044698,40.030301218496334,40.033339280262865,40.03610865731287,40.03861125864165,40.040856362000106,40.04285770770647,40.044631474812746,40.04619490487827,40.04756539036359,40.04875989067148,40.04979457584471
0.06047999999999999,40.000000000001556,40.00000031312416,40.00002797955088,40.00027911417547,40.001109013652574,40.00275188016603,40.00520298669907,40.00829519212593,40.01180569832573,40.01552366628983,40.01927869339071,40.02294611550009,40.02644189118742,40.0297142418561,40.032735364305154,40.03549444346062,40.03799221355314,40.040236920937744,40.042241422944294,40.04402115552626,40.045592742448505,40.04697306719695,40.04817867283303,40.049225390856584
0.060719999999999996,40.000000000001236,40.00000027649575,40.00002567673604,40.00026137878866,40.001051598276106,40.002631646351446,40.00500632661004,40.008018909048175,40.01145424565694,40.01510589129186,40.01880530602282,40.022428055612494,40.02588941056518,40.02913646705747,40.03214015204872,40.03488839952007,40.03738079393802,40.039624567224465,40.041631704802235,40.04341690639029,40.044996181851175,40.04638590753001,40.04760221058302,40.04866058347786
0.06095999999999999,40.00000000000099,40.00000024403468,40.000023555695265,40.00024470903641,40.00099695374552,40.00251623880026,40.00481639571291,40.007750832475914,40.011111982770146,40.01469784000621,40.018341814750045,40.021919795377656,40.025346445520945,40.02856780099525,40.03155356796538,40.034290465148615,40.03677695239701,40.03901926438609,40.04102852596063,40.042818707712385,40.04440520971856,40.045803903217895,40.04703050007248,40.04810015337878
0.0612,40.00000000000078,40.0000002152811,40.00002160275318,40.000229045053885,40.000944957652834,40.00240548426973,40.00463299337055,40.00749075603713,40.01077871265679,40.014299333427054,40.01788806241008,40.0214212002303,40.024812883061784,40.02800815032492,40.03097553608076,40.03370057942443,40.0361806408728,40.038420975250524,40.04043185838946,40.04222653909619,40.0438198119982,40.04522704545833,40.0464635368273,40.04754409963937
0.061439999999999995,40.000000000000625,40.00000018982418,40.00001980520661,40.00021433006706,40.00089549239008,40.00229921479803,40.00445592374188,40.00723847721344,40.01045424112971,40.01391019443717,40.017443892965304,40.02093213614127,40.0242886102969,40.02745742149617,40.03040598000448,40.03311868087326,40.03559181067336,40.03782966196784,40.03984167336551,40.04164037945602,40.04323997396522,40.044655324802065,40.04590131575702,40.046992420756816
0.06167999999999999,40.0000000000005,40.00000016729712,40.000018151260115,40.00020051025027,40.000848444992386,40.002197267584414,40.00428499571309,40.00699379731476,40.0101383768279,40.013530247830715,40.0170091515347,40.02045246965269,40.02377351447268,40.026915520785735,40.02984482296002,40.03254470749482,40.03501041249505,40.037245286030235,40.039257941489446,40.04106020703149,40.04266568023476,40.04408873116332,40.04534383116369,40.04644511465299
0.061919999999999996,40.00000000000039,40.0000001473726,40.00001662996537,40.000187534589266,40.00080370698456,40.002099484870385,40.00412002282798,40.00675652145233,40.00983093121948,40.013159320334346,40.016583684424376,40.0199820679121,40.023267483006876,40.026382354329684,40.029291987814105,40.03197859678896,40.03443639644546,40.036667808291845,40.03868063270289,40.04048599940204,40.04209691477433,40.04352725383034,40.044791076750734,40.04590217868186
0.06215999999999999,40.00000000000031,40.00000012975868,40.000015231164284,40.00017535474965,40.00076117423131,40.00200571382184,40.00396082321759,40.006526458510166,40.009531718602915,40.012797240626696,40.01616733915668,40.01952079870551,40.022770403521946,40.025857828155104,40.028747397105654,40.031420285781515,40.03386971206618,40.03609718898844,40.03810971630535,40.03991773350141,40.041533660916166,40.04297088147586,40.04424304563185,40.04536360963704
0.0624,40.00000000000025,40.00000011419512,40.00001394543561,40.00016392495053,40.000720746790954,40.001915806412235,40.00380721952913,40.00630342111507,40.0092405561065,40.01244383935634,40.01575996449806,40.01906853048932,40.02228216387762,40.02534184821111,40.028210973074295,40.03086971104981,40.03331030835519,40.03553338775699,40.037545160971106,40.039355385632206,40.04097590136959,40.04241960216762,40.043699730339924,40.04482940375937
0.06264,40.00000000000019,40.00000010045003,40.00001276404493,40.000153201843254,40.00068232877276,40.00182961930705,40.003659038854366,40.00608722560521,40.00895726368628,40.0120989491581,40.01536141048555,40.0186251324213,40.0218026522026,40.02483432039936,40.027682637688415,40.030326808747894,40.03275813378919,40.03497636365506,40.036986934765984,40.03879893148024,40.040423618233376,40.04187340337889,40.04316112283599,40.04429955674445
0.06287999999999999,40.000000000000156,40.00000008831695,40.00001167889765,40.000143144395096,40.00064582819776,40.001747013749345,40.00351611265757,40.005877691997306,40.008681664122314,40.01176240466796,40.014971528451966,40.01819047439038,40.02133175692548,40.02433515060378,40.02716231267279,40.02979151463142,40.03221313634558,40.03442607518011,40.03643500516409,40.038248346128945,40.039876793008055,40.041332271998996,40.042627214518184,40.04377406375029
0.06312,40.00000000000012,40.000000077612135,40.000010682495066,40.00013371377765,40.00061115686314,40.001667855446655,40.00337827670299,40.00567464395269,40.00841358301343,40.011434042536386,40.014590171049804,40.0177644270455,40.02086936680481,40.02384424471989,40.02664991953577,40.02926376408223,40.03167526352434,40.0338824802886,40.03588933906438,40.037703604073734,40.039335406608224,40.04079619434387,40.04209799623071,40.04325291940496
0.06336,40.00000000000009,40.000000068172106,40.00000976789318,40.00012487325991,40.00057823021001,40.00159201445924,40.003245370982064,40.005477908742,40.008152848770486,40.01111370144027,40.014217192273925,40.01734686182337,40.02041537095843,40.02336150868333,40.02614537959593,40.02874349213258,40.03114446236957,40.03334553641495,40.03534990280722,40.03716467923623,40.03879943937483,40.04026515616652,40.041573458272865,40.042736117814215
0.06359999999999999,40.00000000000008,40.000000059851544,40.00000892866413,40.000116588105776,40.00054696719481,40.00151936508971,40.00311723964039,40.00528731720893,40.00789929260821,40.01080122209346,40.01385244748292,40.01693765097528,40.01996965889191,40.02288684849785,40.02564861400837,40.02823063348905,40.03062067949083,40.03281520049039,40.03481666219073,40.0366315449785,40.0382688710874,40.0397391426676,40.04105359040801,40.042223652569234
0.06384,40.00000000000006,40.00000005252132,40.00000815886011,40.00010882547595,40.000517290163955,40.001449785774106,40.002993730904514,40.005102703732774,40.007652748535634,40.01049644725583,40.013495793419345,40.01653666759277,40.019532120526236,40.02242017026273,40.0251595437905,40.02772512255615,40.030103861084314,40.03229142896154,40.03428958248714,40.036104174117206,40.0377436809763,40.03921813850588,40.0405383818726,40.041715516754294
0.06408,40.00000000000005,40.00000004606675,40.00000745297964,40.000101554333966,40.00048912473202,40.001383158974456,40.00287469700864,40.00492390619007,40.00741305334525,40.01019922174113,40.01314708822868,40.016143785632444,40.019102646224695,40.02196138019947,40.02467808984735,40.02722689345951,40.02959395295367,40.03177417780897,40.03376862845898,40.03558253893769,40.03722384773487,40.038702127808776,40.040027821385166,40.0412117029545
0.06431999999999999,40.000000000000036,40.000000040386034,40.00000680593601,40.00009474535631,40.0004623996632,40.00131937107288,40.00275999412131,40.00475076591532,40.00718004660081,40.00990939242342,40.01280619147711,40.01575887993971,40.01868112681896,40.02151038467798,40.02420417299648,40.02673588006883,40.029090900530655,40.031263402565436,40.033253764375125,40.035066611208,40.03670934953161,40.0381910941828,40.039521897155396,40.040712203263524
0.06455999999999999,40.00000000000003,40.00000003538885,40.00000621302784,40.00008837084641,40.00043704675612,40.001258312267275,40.00264948227215,40.004583127660815,40.006953570623956,40.00962680824224,40.01247296416825,40.015381826271565,40.0182674536344,40.021067090242106,40.02373771399231,40.02625201602038,40.02859464889553,40.03075905833407,40.03274495402681,40.0345563621928,40.03620016402228,40.03768502072404,40.03902059689308,40.04021700929138
0.0648,40.00000000000002,40.00000003099513,40.00000566991149,40.00008240465246,40.000413000731946,40.00119987646856,40.002543025278655,40.00442083955568,40.006733470479645,40.00935132020664,40.01214726875858,40.01501250131839,40.01786151851459,40.02063140363452,40.023278633550156,40.02577523473925,40.02810514279713,40.03026109980631,40.03224216074342,40.03405176266728,40.035696268361924,40.03718389002862,40.03852390781719,40.03972611217215
0.06504,40.000000000000014,40.00000002713391,40.000005172575435,40.000076822088836,40.000390199125654,40.0011439611996,40.00244049067325,40.004263753064194,40.006519593960434,40.00908278139785,40.01182896917186,40.01465078272486,40.0174632138451,40.02020323182106,40.022826852369626,40.02530546946119,40.02762232667283,40.0297694812797,40.03174534740827,40.033552782930904,40.03519763921694,40.0366876842031,40.03803181666484,40.03923950257176
0.06527999999999999,40.000000000000014,40.00000002374231,40.000004717316244,40.00007159986104,40.000368582180535,40.00109046749576,40.00234174963048,40.00411172294344,40.0063117915697,40.00882104697088,40.011517930812445,40.01429654910983,40.017072432576384,40.019782482014406,40.022382291157655,40.0248426532541,40.02714614466808,40.02928415667548,40.031254476474125,40.033059392821116,40.034704252776976,40.03619638487487,40.037544309700316,40.0387571706958
0.06552,40.000000000000014,40.00000002076469,40.00000430071623,40.000066715994045,40.00034809274584,40.001039299807154,40.00224667689453,40.00396460720032,40.0061099165038,40.008565974154926,40.011214020577505,40.013949680085354,40.01668906824612,40.01936906169723,40.02194487065103,40.02438671903923,40.02667654065581,40.028805079555966,40.03076950997875,40.03257156172697,40.03421608476691,40.03570997320253,40.037061372724075,40.03827910629726
0.06576,40.00000000000001,40.0000000181518,40.000003919622586,40.0000621497639,40.00032867617746,40.000990365902624,40.002155150707054,40.00382226704798,40.00591382463328,40.00831742225271,40.0109171068682,40.01361005627478,40.01631301500056,40.01896287864464,40.0215145116385,40.02393759961194,40.02621345825551,40.028332203141815,40.03029040956016,40.03208925860263,40.033733110458655,40.03522842988623,40.0365829910817,40.037805298684304
0.06599999999999999,40.00000000000001,40.0000000158601,40.00000357112798,40.000057881632436,40.00031028024169,40.000943576775384,40.00206705273541,40.00368456686182,40.00572337448304,40.00807525263871,40.01062705959982,40.01327755932989,40.01594416761533,40.0185638409461,40.02109113498232,40.02349522766216,40.025756840852075,40.027865480329005,40.029817136471856,40.031612451980855,40.03325530468295,40.03475173517796,40.03610914967289,40.037335736728096
0.06624,40.00000000000001,40.0000000138511,40.00000325255246,40.00005389318505,40.00029285502193,40.00089884655047,40.001982268001335,40.00355137413494,40.00553842721172,40.00783932875635,40.01034375021096,40.012952071947254,40.01558242151534,40.01817185702672,40.02067466163944,40.023059535794474,40.02530663161434,40.0274048637057,40.029349651597876,40.03114110998626,40.03278264184114,40.034279868891836,40.035639832960406,40.036870408870534
0.06648,40.00000000000001,40.00000001209078,40.00000296142656,40.00005016707135,40.00027635282832,40.00085609239385,40.00190068481005,40.0034225594333,40.005358846590156,40.007609516114215,40.01006705167163,40.01263347788362,40.01522767279406,40.017786835668,40.02026501268214,40.02263045654786,40.02486277351339,40.02695030556885,40.02888791546769,40.0306752003486,40.03231509591677,40.0338128104143,40.03517502497899,40.036409303132075
0.06671999999999999,40.0,40.00000001054912,40.000002695475686,40.00004668694861,40.000260728110256,40.00081523442342,40.001822194679924,40.00329799635036,40.00518449897905,40.00738568228126,40.00979683849053,40.01232166197046,40.01487981823203,40.017408686027885,40.01986210931827,40.022207922415035,40.02442520934059,40.026501757940665,40.02843188827099,40.0302146904159,40.031852640487266,40.03335053871432,40.034714709344286,40.03595240711944
0.06695999999999999,40.0,40.00000000919963,40.00000245260548,40.000043437427905,40.000245937371695,40.000776195621604,40.0017466922727,40.00317756146164,40.00501525330582,40.00716769688107,40.00953298672121,40.01201651012776,40.01453875531465,40.017037317660375,40.01946587291095,40.02179186586151,40.02399388172531,40.02605917258477,40.027981529872285,40.02975954716752,40.031395248735414,40.03289303235356,40.03425886926172,40.03549970803343
0.0672,40.0,40.00000000801894,40.000002230888306,40.000040404022826,40.00023193908921,40.000738901749884,40.00167407532431,40.00306113427881,40.0048509810408,40.00695543158523,40.00927537396752,40.01171790937682,40.01420438224928,40.01667264053442,40.019076224997896,40.021382219344176,40.023568733152416,40.025622501022305,40.0275367998254,40.02930973722701,40.03094289346083,40.03244026949643,40.03380748753538,40.03505119267663
0.06744,40.0,40.000000006986426,40.000002028550604,40.00003757310064,40.00021869363277,40.000703281264975,40.00160424457633,40.00294859720371,40.00469155617271,40.00674876010583,40.00902387938797,40.0114257478524,40.013876597981614,40.016314565052326,40.01869308731018,40.02097891532965,40.023149705979456,40.02519169454768,40.02709765738775,40.02886522687499,40.03049554709135,40.03199222792019,40.03336054657681,40.034606847461205
0.06767999999999999,40.0,40.000000006083944,40.00000184396123,40.00003493183588,40.00020616318911,40.00066926523685,40.00153710370807,40.00283983548215,40.004536855183424,40.00654755818706,40.008778383699365,40.011139914813945,40.01355530221139,40.01596300206754,40.01831638179065,40.020581886312165,40.02273674245359,40.024766704244215,40.02666406153456,40.02842598206184,40.03005318169434,40.031548885024904,40.032918028413846,40.034166658416545
0.06792,40.0,40.00000000529551,40.00000167562053,40.000032468166125,40.00019431168772,40.00063678726849,40.001472559269445,40.002734737157546,40.00438675702225,40.00635170359605,40.00853876917953,40.010860300656084,40.0132403954074,40.01561786290189,40.01794603061177,40.02019106483115,40.022329784728214,40.0243474809995,40.02623597097283,40.027991968420295,40.02961576898792,40.03111021784341,40.03247991469938,40.03373061119703
0.06816,40.0,40.000000004607045,40.00000152215032,40.00003017075002,40.00018310472933,40.000605783417406,40.00141052061449,40.00263319302458,40.00424114307955,40.0061610761129,40.00830491966917,40.010586796918346,40.01293177882182,40.01527905936227,40.017581956193084,40.01980638348846,40.02192877487934,40.02393397552063,40.02581334415518,40.027563151277924,40.029183280352115,40.030676203051215,40.032046186720095,40.033298691089705
0.06839999999999999,40.0,40.000000004006175,40.00000138228445,40.00002802892739,40.000172509516815,40.00057619211895,40.001350899835714,40.00253509658269,40.00409989715981,40.005975557519974,40.008076720573015,40.010319296294114,40.01262935450391,40.01494650375675,40.01722408121823,40.01942777496514,40.02153365492166,40.0235261383491,40.02539613929359,40.02713949566951,40.028755686839915,40.03024681697633,40.031616825405166,40.03287088302194
0.06863999999999999,40.0,40.000000003482,40.00000125486021,40.000026032681255,40.000162494788604,40.000547954111305,40.00129361169914,40.002440343989655,40.00396290545433,40.0057950315904,40.007854058860126,40.01005769263882,40.01233302531301,40.0146201089101,40.016872328651424,40.01905517203801,40.02114436682433,40.0231239198756,40.024984314372844,40.026720966349245,40.028332959188276,40.02982203560904,40.03119181133492,40.03244717156908
0.06888,40.0,40.000000003024965,40.00000113881019,40.00002417260189,40.000153030754305,40.00052101236232,40.00123857358026,40.00234883401514,40.00383005651332,40.00561938407599,40.00763682306341,40.00980188097745,40.01204269493092,40.014299788178874,40.016526621753584,40.01868850759572,40.020760852526514,40.02272727035455,40.02457782716397,40.02630752780292,40.02791506782897,40.02940183461164,40.03077112474948,40.032027540962076
0.06911999999999999,40.0,40.00000000262666,40.000001033154916,40.000022439852614,40.0001440890327,40.00049531199796,40.00118570540076,40.00226046799434,40.00370124121768,40.00544850269438,40.00742490327848,40.0095517575113,40.011758267873645,40.01398545546583,40.01618688409796,40.01832771465454,40.0203830539526,40.02233613991837,40.02417663523736,40.02589914425987,40.027501982899444,40.028986189328066,40.03035474555732,40.03161197509508
0.06935999999999999,40.0,40.00000000227971,40.00000093699589,40.00002082613736,40.000135642591914,40.00047080023253,40.00113492956607,40.00217514978172,40.00357635275028,40.00528227711559,40.007218191161755,40.009307219624084,40.01147964950251,40.013677025233854,40.01585303958534,40.017972726373756,40.02001091302714,40.02195047859165,40.02378069597588,40.02549577970486,40.02709367425348,40.02857507479352,40.029942653343824,40.03120045753302
0.0696,40.0,40.00000000197765,40.000000849509206,40.00001932366991,40.000127665691764,40.00044742630061,40.00108617090388,40.00209278570488,40.003455286567004,40.005120598948,40.00701657992779,40.00906816588728,40.01120674603464,40.01337441251943,40.01552501245876,40.017623476070725,40.01964437168955,40.02157023630491,40.02338996658764,40.02509739788986,40.02669011147184,40.02816846574396,40.02953482737979,40.03079297151913
0.06984,40.0,40.00000000171478,40.00000076993966,40.00001792514474,40.00012013382821,40.00042514139067,40.00103935660346,40.00201328451858,40.00333794036739,40.00496336172367,40.00681996434612,40.008834496064864,40.01093946455286,40.013077532945466,40.015202727317906,40.01727989723558,40.01928337190844,40.021195362908365,40.02300440411875,40.024703962345605,40.02629126387278,40.02776633662558,40.02913124662987,40.030389499982505
0.07007999999999999,40.0,40.00000000148615,40.00000069759526,40.00001662370934,40.00011302367985,40.0004038985803,40.00099441615585,40.00193655735897,40.00322421406498,40.004810460883164,40.006628240737214,40.008606111117444,40.010677713014985,40.01278630273367,40.01488610913292,40.016941923545545,40.01892785569575,40.020825808185286,40.0226239654658,40.02431543639314,40.0258971005225,40.0273686616042,40.028731889760955,40.02999002554553
0.07032,40.0,40.00000000128738,40.00000063184217,40.000015412938055,40.00010631305643,40.00038365277318,40.000951281295094,40.001862517697994,40.003114009757475,40.00466179375982,40.006441306968,40.00838291320562,40.01042140026253,40.01250063871643,40.01457508325788,40.01660948887895,40.01857776512055,40.020461521865215,40.0222486073882,40.02393178315514,40.02550759024545,40.02697541457457,40.02833673515055,40.029594530531384
0.07056,40.0,40.00000000111467,40.00000057210005,40.00001428680725,40.000099980849214,40.00036436063759,40.000909885940274,40.00179108129812,40.00300723169656,40.004517259563556,40.00625906244668,40.00816480569285,40.010170436028844,40.01222045834812,40.014269575443855,40.01628252732883,40.01823304232258,40.02010245363695,40.02187828652037,40.02355296556716,40.02512270163454,40.026586569169616,40.02794576089508,40.02920299697143
0.07079999999999999,40.0,40.00000000096467,40.00000051783772,40.0000132396718,40.00009400698335,40.000345980546605,40.000870166138554,40.00172216616729,40.00290378625759,40.00437675936415,40.006081408116934,40.00795169314764,40.00992473094665,40.011945679715964,40.01396951185147,40.01596097321626,40.01789362952549,40.01974855316132,40.02151295938372,40.02317894638869,40.024742403061325,40.02620209876962,40.02755894481809,40.02881540661257
0.07103999999999999,40.0,40.00000000083445,40.00000046856919,40.00001226624292,40.00008837237194,40.00032847251985,40.0008320600091,40.00165569251415,40.002803581909134,40.004240196074086,40.00590824645164,40.00774348134518,40.009684196555085,40.011676221550424,40.01367481906311,40.01564476110324,40.01755946904981,40.019399770083666,40.02115258239846,40.02280968821412,40.02436666268599,40.02582197651131,40.027176264478506,40.02843174092466
0.07128,40.0,40.000000000721464,40.00000042384997,40.00001136156705,40.00008305887195,40.00031179816682,40.000795507688075,40.00159158270364,40.00270652918226,40.004107474431024,40.00573948144597,40.00754007726838,40.00944874530616,40.01141200323503,40.01338542409468,40.01533382580533,40.01723050332564,40.0190560540462,40.020797111895234,40.02244515348356,40.02399544846728,40.02544617529687,40.026797697178715,40.028051981107744
0.07152,40.0,40.00000000062348,40.00000038327368,40.00001052100601,40.00007804924183,40.00029592063175,40.000760451274424,40.00152976121293,40.00261254063981,40.00397850097982,40.00557501860999,40.007341389108355,40.00921829057068,40.01115294481579,40.013101254406976,40.01502810240386,40.01690667490505,40.018717354700065,40.02044650412663,40.02208530449354,40.02362872817232,40.02507466780289,40.02642321997269,40.02767610809935
0.07175999999999999,40.0,40.00000000053855,40.000000346468916,40.000009740218196,40.000073327100736,40.00028080454001,40.00072683477677,40.00147015458767,40.00252153084553,40.00385318405416,40.005414764960726,40.007147326264345,40.00899274664364,40.010898967010114,40.01282223791662,40.014727526257886,40.01658792647421,40.01838362171718,40.02010071527838,40.02173010340748,40.02326646938631,40.02470742648921,40.02605280967398,40.02730410258173
0.072,40.0,40.000000000464965,40.00000031309637,40.000009015140776,40.000068876889465,40.000266415946015,40.00069460406124,40.00141269139869,40.002433416333126,40.00373143375791,40.005258629013795,40.006957799343155,40.00877202874917,40.01064999121527,40.01254830300663,40.01443203301571,40.01627420086522,40.018054804801864,40.019759701480545,40.021379512266165,40.02290863952214,40.0243444236077,40.02568644286367,40.026935944989006
0.07224,40.0,40.00000000040124,40.00000028284616,40.00000834197291,40.00006468383285,40.00025272228258,40.00066370680018,40.001357302199025,40.0023481155753,40.00361316194607,40.00510652077448,40.00677272015803,40.00855605304485,40.01040593951639,40.01227937853655,40.01414155862615,40.0159654410677,40.01773085370228,40.01942341881837,40.02103349299795,40.0225552058299,40.02398563121098,40.02532409589831,40.02657161551433
0.07247999999999999,40.0,40.000000000346084,40.000000255435396,40.000007717159875,40.00006073390373,40.00023969231175,40.00063409242197,40.001303919481416,40.00226554895276,40.003498282205456,40.00495835172846,40.00659200172705,40.00834473662568,40.010166734694,40.01201539385219,40.013856039349406,40.01566159024006,40.01741171822159,40.01909182334309,40.020692007428906,40.022206135406236,40.02363102116098,40.024965744917736,40.02621109411697
0.07271999999999999,40.0,40.00000000029837,40.000000230605906,40.00000713737814,40.00005701378833,40.000227296077036,40.000605712061706,40.00125247763626,40.00218563872316,40.0033867098351,40.00481403483198,40.006415558270994,40.00813799752747,40.00993230023118,40.01175627879506,40.01357541176766,40.01536259172054,40.01709734822887,40.01876487108243,40.020355017292744,40.0218613952036,40.02328056513752,40.024611365852834,40.025854360529344
0.07296,40.0,40.00000000025711,40.00000020812218,40.00000659952118,40.00005351085308,40.000215504857074,40.00057851851294,40.001202912909925,40.00210830899022,40.003278361826354,40.004673484501716,40.00624330521084,40.007935754729765,40.009702560320164,40.01150196371128,40.01329961279529,40.01506838903793,40.016787693669926,40.01844251805105,40.02002248424071,40.021520952039474,40.0229342346467,40.024260934433265,40.025501394264055
0.07319999999999999,40.0,40.000000000221455,40.00000018776945,40.00000610068617,40.00005021311284,40.00020429112064,40.0005524661803,40.00115516336363,40.002033485672705,40.00317315684281,40.00453661660419,40.00607515916465,40.00773792815838,40.00947743986865,40.01125237946024,40.01302857968878,40.01477892592205,40.01648270457772,40.01812472026071,40.01969436985121,40.021184772605366,40.02259200102928,40.02391442619512,40.02515217462081
0.07343999999999999,40.0,40.000000000190646,40.000000169351935,40.00000563816141,40.00004710920035,40.00019362848302,40.00052751103318,40.001109168832734,40.001961096473565,40.00307101519998,40.00440334844485,40.0059110379442,40.007544438687404,40.00925686450558,40.01100745742278,40.01276225005634,40.01449414631394,40.01618233108269,40.017811433730266,40.01937063563938,40.02085282347575,40.02225383546895,40.02357181648845,40.024806680693295
0.07368,40.0,40.00000000016405,40.00000015269122,40.000005209414475,40.000044188337036,40.00018349166367,40.00050361056028,40.001064870886545,40.0018910708492,40.0029718588447,40.004273598756704,40.00575086055099,40.00735520814081,40.00904076058659,40.010767129509084,40.01250056186716,40.0142139943758,40.01588652342281,40.01750261449558,40.019051243066485,40.02052507111691,40.021919709000485,40.023233080484836,40.024464891376105
0.07392,40.0,40.00000000014109,40.000000137624795,40.00000481208105,40.00004144030497,40.000173856445265,40.000480723725246,40.001022212788634,40.00182333997867,40.002875611334495,40.00414728768869,40.00559454717195,40.00717015929363,40.00882905519898,40.010531328166174,40.01224345346034,40.013938414500636,40.01559523195342,40.01719821861909,40.01873615354913,40.02020148189559,40.021589592517834,40.02289819318479,40.02412678537146
0.07415999999999999,40.0,40.0000000001213,40.00000012400467,40.000004443954396,40.00003885542012,40.00016469963387,40.00045881092313,40.00098113945764,40.00175783673323,40.00278219781667,40.00402433679372,40.005442019174765,40.00698921587271,40.00862167616636,40.01029998638503,40.01199086355359,40.01366735132168,40.015308407156844,40.01689820219939,40.0184253284684,40.019882022087636,40.02126345678211,40.02256712942511,40.023792341195986
0.0744,40.0,40.00000000010422,40.000000111696146,40.00000410297544,40.000036424506646,40.00015599902048,40.00043783393786,40.00094159742863,40.0016944956458,40.00269154500728,40.00390466901635,40.0052931991027,40.00681230255703,40.0084185520528,40.01007303770738,40.011742731251495,40.01340074972147,40.015025999651776,40.01660252138041,40.01811872917881,40.01956665788644,40.02094127242951,40.02223986388625,40.023461537187416
0.07464,40.0,40.00000000008951,40.000000100576635,40.000003787223456,40.00003413887232,40.00014773334371,40.00041775590069,40.000903534814924,40.00163325288071,40.00260358117003,40.003788208680234,40.005148010669174,40.006639344977714,40.00821961216678,40.00985041623213,40.01149899605358,40.013138554840786,40.01474796020248,40.01631113236063,40.01781631701709,40.01925535541129,40.02062300997912,40.02191637109945,40.02313435151118
0.07487999999999999,40.0,40.00000000007684,40.00000009053466,40.000003494907276,40.00003199028509,40.00013988225369,40.00039854124953,40.00086690127057,40.00157404620357,40.002518236094986,40.00367488147524,40.00500637875189,40.00647026971752,40.00802478656454,40.00963205662148,40.011259597862036,40.01288071208721,40.01447423972771,40.01602399140193,40.01751805331088,40.018948080715596,40.02030863984059,40.02159662545397,40.02281076216706
0.07511999999999999,40.0,40.00000000006593,40.00000008146883,40.00000322435704,40.00002997095051,40.000132426277105,40.00038015568922,40.00083164795324,40.00151681495135,40.00243544107727,40.00356461444433,40.004868229386645,40.00630500431008,40.00783400605322,40.009417894106605,40.011024476989114,40.012627167143485,40.0142047893095,40.015741054838415,40.017223899387204,40.01864479979502,40.019998132321824,40.02128060120411,40.022490746995636
0.07536,40.0,40.000000000056545,40.00000007328702,40.00000297401639,40.00002807349035,40.0001253467834,40.00036256615274,40.00079772748778,40.00146150000261,40.0023551288956,40.00345733597022,40.00473348976082,40.0061434772387,40.00764720219359,40.00920786449315,40.01079357416427,40.01237786597563,40.013939560201656,40.01546227908496,40.01693381658088,40.018345478595485,40.01969145763645,40.02096827247629,40.022174283684805
0.07559999999999999,40.0,40.000000000048466,40.000000065905475,40.00000274243524,40.000026290921966,40.00011862595204,40.000345740763294,40.00076509393023,40.001408043747944,40.00227723379088,40.00335297576174,40.004602088206525,40.00598561793485,40.00746430730242,40.00900190416627,40.01056683054098,40.01213275484075,40.01367850383805,40.01518762064558,40.01664776624273,40.01805008302102,40.01938858591128,40.02065961327588,40.02186134977615
0.07583999999999999,40.0,40.00000000004153,40.00000005924816,40.000002528262826,40.000024616638754,40.000112246740926,40.00032964879736,40.00073370273249,40.001356390060714,40.00220169144463,40.00325146484009,40.004473954193436,40.005831356776234,40.00728525445454,40.00879995009543,40.01034418770333,40.01189178029465,40.013421571840745,40.01491703612168,40.01636570974762,40.01775857894154,40.01908948719364,40.02035459749417,40.02155192267135
0.07608,40.0,40.00000000003556,40.00000005324603,40.000002330241315,40.00002304439133,40.000106192855775,40.00031426064859,40.00070351070749,40.001306484267914,40.00212843895748,40.00315273552476,40.00434901832137,40.005680625084636,40.007109977484504,40.00860193983882,40.01012558767222,40.01165488919916,40.01316871602787,40.01465048222009,40.016087608502424,40.01747093220047,40.01879413145861,40.020053198915036,40.02124597963839
0.07632,40.0,40.00000000003044,40.000000047836416,40.00000214719973,40.000021568269666,40.000100448720595,40.000299547792544,40.00067447599496,40.001258273121366,40.00205741482759,40.00305672141936,40.004227212312514,40.00553335512333,40.00693841098799,40.00840781154752,40.009910972911364,40.01142202872924,40.01291988842129,40.014387915760906,40.015813423953794,40.01718710862228,40.01850248861616,40.01975539122173,40.020943497817846
0.07655999999999999,40.0,40.00000000002605,40.000000042962455,40.00000197804824,40.00002018268601,40.00009499944913,40.00028548275243,40.00064655802775,40.00121170476912,40.0019885589291,40.00296335739728,40.00410846900345,40.00538948009427,40.00677049032283,40.00821750396932,40.009700286333,40.01119314637984,40.01267504125406,40.0141292936852,40.01554311759579,40.01690707401987,40.01821452851821,40.019461148003465,40.02064445422904
0.0768,40.0,40.000000000022276,40.000000038572566,40.00000182177288,40.00001888235852,40.000089830817316,40.000272039065564,40.000619717498765,40.001166728727135,40.00192181249061,40.00287257958711,40.003992722336875,40.0052489341349,40.006606151609724,40.008030956452274,40.00949347130331,40.01096818997247,40.01243412697769,40.013874573062495,40.015276650977356,40.016630794201845,40.017930220965546,40.019170442761954,40.02034882577614
0.07704,40.0,40.000000000019035,40.00000003462001,40.00000167743046,40.000017662295775,40.000084929236614,40.000259191250755,40.00059391632842,40.00112329585126,40.001857118073616,40.002784325358014,40.00387990735308,40.005111652314675,40.00644533173272,40.0078481089479,40.00929047164756,40.01074710766162,40.012197098269176,40.01362371109811,40.01501398570968,40.01635823497969,40.01764953571473,40.0188832489179,40.0200565892542
0.07727999999999999,40.0,40.000000000016264,40.00000003106239,40.00000154414395,40.000016517781866,40.00008028172835,40.000246914776504,40.00056911763271,40.00108135830944,40.001794419551096,40.00269853330488,40.00376996018122,40.004977570631404,40.00628796833928,40.00766890201417,40.009091231655034,40.01052984794085,40.01196390803787,40.013376665140356,40.014755083473354,40.01608936217479,40.017372442484785,40.01859953981737,40.01976772135517
0.07751999999999999,40.0,40.00000000001389,40.000000027861326,40.00000142109802,40.00001544436229,40.00007587589892,40.00023518603004,40.000545285691864,40.00104086955429,40.00173366208605,40.00261514323343,40.00366281803032,40.00484662600712,40.006133999840166,40.00749327681814,40.008895696083606,40.010316359648726,40.011734509432095,40.01313339268746,40.01449990602548,40.01582414162533,40.017098910963874,40.018319288738105,40.01948219867376
0.07776,40.0,40.00000000001186,40.000000024982036,40.00000130753494,40.00001443783043,40.00007169991584,40.00022398228715,40.00052238591954,40.00100178429589,40.00167479211013,40.00253409614515,40.003558419180116,40.0047187562839,40.00598336540895,40.007321175138365,40.00870381016416,40.01010659197445,40.011508855845584,40.0128938513944,40.01424841520651,40.01556253919314,40.01682891081588,40.01804246889575,40.019199997713336
0.078,40.0,40.00000000001012,40.00000002239304,40.00000120275068,40.00001349421471,40.00006774248472,40.000213281682846,40.00050038483263,40.00096405847498,40.0016177573024,40.002455334222205,40.00345670297162,40.00459390021923,40.00583600498132,40.00715253936702,40.00851551960469,40.00990049446333,40.01128690092374,40.01265799907958,40.01400057294704,40.015304520770314,40.01656241168682,40.017769053449996,40.01892109489171
0.07823999999999999,40.0,40.000000000008626,40.000000020065855,40.000001106091325,40.00001260976636,40.00006399282697,40.00020306318274,40.0004792500216,40.00092764923638,40.00156250656807,40.0023788008122,40.00335760979758,40.004471997481275,40.00569185925405,40.0069873125117,40.00833077059416,40.00969801702202,40.01106859856966,40.01242579373126,40.01375634127442,40.0150500522858,40.01629938321121,40.01749901551066,40.01864546654683
0.07848,40.0,40.000000000007354,40.00000001797469,40.00000101694965,40.00001178094773,40.00006044065842,40.00019330655528,40.00045895012147,40.00089251490279,40.00150899001746,40.002304440412885,40.00326108109271,40.004352988643824,40.00555086968377,40.00682543819706,40.008149509806145,40.00949910992344,40.01085390294997,40.01219719351386,40.01351568231923,40.01479909971183,40.01603979501836,40.01723232814365,40.018373088942454
0.07872,40.0,40.00000000000626,40.000000016096244,40.00000093476197,40.00001100442121,40.00005707616862,40.00018399234473,40.0004394547833,40.00085861494888,40.00145715894498,40.00223219865684,40.00316705932374,40.004236815181024,40.00541297848546,40.00666686066614,40.00797168440219,40.00930372381163,40.01064276850049,40.011972156774135,40.01327855832157,40.01455162907021,40.01578361673847,40.0169689643769,40.01810393827377
0.07895999999999999,40.0,40.000000000005336,40.00000001440943,40.000000859005134,40.00001027703864,40.00005389000096,40.000175101844825,40.00042073464627,40.00082590997576,40.001406965808194,40.00216202229604,40.00307548797933,40.004123419461905,40.00527812863065,40.006511524781395,40.00779724203498,40.00911180970623,40.01043514993171,40.01175064204709,40.013044931637324,40.01430760643855,40.01553081800873,40.01670889720614,40.01783799067286
0.07919999999999999,40.0,40.00000000000454,40.00000001289522,40.00000078919377,40.000009595831266,40.0000508732335,40.00016661707327,40.000402761310326,40.00079436168574,40.00135836420714,40.00209385918645,40.00298631155985,40.00401274474468,40.00514626384546,40.00635937602562,40.00762613085122,40.008923319006925,40.010231002234015,40.01153260806181,40.01281476474411,40.01406699795632,40.01528136847926,40.01645209960072,40.01757522221422
0.07944,40.0,40.00000000000386,40.000000011536386,40.00000072487768,40.000008958000166,40.0000480173605,40.00015852074686,40.00038550730939,40.000763932857446,40.00131130886366,40.00202765827253,40.00289947556699,40.00390473517085,40.005017328608325,40.00621036050247,40.00745829949436,40.00873820349747,40.01003028068281,40.01131801374711,40.01258802024725,40.01382976983079,40.01503523781898,40.016198544509166,40.01731560892012
0.07967999999999999,40.0,40.00000000000328,40.0000000103174,40.000000665639405,40.00000836090715,40.00004531427471,40.00015079625736,40.00036894608514,40.00073458732129,40.00126575560091,40.00196336957178,40.002814926493215,40.00379933575909,40.00489126814759,40.00606442493687,40.007293697107,40.0085564153497,40.009832940843395,40.011106818236975,40.01236466088553,40.01359588834292,40.01479239572136,40.01594820486483,40.01705912676593
0.07991999999999999,40.0,40.00000000000279,40.00000000922424,40.00000061109195,40.00000780206614,40.00004275625022,40.000143427648084,40.000353051961305,40.000706289935295,40.00122166132304,40.0019009441592,40.002732611811176,40.003696492398994,40.00476802843876,40.00592151667515,40.00713227333317,40.0083779071272,40.00963893857566,40.01089898087592,40.01214464953678,40.013365319853015,40.014552811910086,40.01570105359137,40.016805751685375
0.08016,40.0,40.00000000000237,40.00000000824423,40.00000056087665,40.000007279134906,40.000040335926066,40.000136399591135,40.00033780011856,40.00067900656124,40.001178983995004,40.001840334151844,40.00265247996294,40.00359615184458,40.004647556201675,40.005781583684936,40.006973978320325,40.00820263178884,40.00944823003866,40.010694461224105,40.01192794922341,40.013138030806374,40.01431645614463,40.01545706360814,40.016555459575734
0.0804,40.0,40.00000000000201,40.000000007365955,40.00000051466123,40.000006789907275,40.00003804629038,40.00012969736529,40.00032316656991,40.00065270404121,40.00113768262255,40.00178149269325,40.00257448034916,40.0034982617077,40.004529798897366,40.005644574554864,40.00681876272117,40.00803054269213,40.00926077169491,40.01049321906235,40.01171452311774,40.01291398773874,40.014083298225664,40.01521620783553,40.016308226302954
0.08063999999999999,40.0,40.000000000001705,40.000000006579114,40.00000047213789,40.000006332305716,40.00003588066523,40.00012330683458,40.00030912813671,40.00062735017444,40.001097717232355,40.001724373938046,40.002498563318106,40.003402770451174,40.004414704724766,40.0055104384941,40.006666577695235,40.007861593596296,40.00907652031462,40.01029521439696,40.01150433454719,40.01269315728172,40.01385330800049,40.01497845920022,40.01606402770669
0.08088,40.0,40.00000000000145,40.000000005874426,40.00000043302165,40.0000059043743,40.000033832691976,40.00011721442749,40.0002956624251,40.00060291369458,40.00105904885237,40.00166893303645,40.00242468015467,40.00330962738194,40.00430222261724,40.005379125331544,40.006517374910295,40.00769573866525,40.00889543297964,40.01010040746445,40.01129734699939,40.01247550616796,40.013626455368275,40.01474379064033,40.01582283960533
0.08112,40.0,40.00000000000123,40.00000000524352,40.000000397048645,40.00000550427198,40.00003189631722,40.00011140711677,40.00028274780304,40.00057936424727,40.00102163949232,40.00161512611884,40.002352783069234,40.00321878264384,40.004192302238884,40.00525058551501,40.006371106543575,40.00753293247032,40.00871746708731,40.00990875873602,40.011093524127126,40.01226100123634,40.013402710285185,40.01451217511051,40.015584637800835
0.08135999999999999,40.0,40.000000000001044,40.00000000467887,40.00000036397471,40.000005130266295,40.00003006577935,40.000105872399885,40.00027036337789,40.00055667236815,40.000985452124425,40.00156291028043,40.00228282518651,40.003130187210495,40.004084893980696,40.00512477011003,40.00622772528272,40.00737312999282,40.00854258035412,40.00972022892195,40.01089282975312,40.012049609436986,40.01318204276951,40.01428358558693,40.015349398083664
0.08159999999999999,40.0,40.00000000000088,40.000000004173664,40.00000033357395,40.000004780727295,40.00002833559556,40.00010059828004,40.00025848897444,40.00053480946108,40.00095045066425,40.001512243565855,40.00221476053433,40.00304379287783,40.00397994895652,40.00500163079858,40.00608718432661,40.007216286626424,40.00837073081919,40.00953477897587,40.010695227874706,40.01184129783614,40.0129644229066,40.01405799507221,40.0151170962375
0.08184,40.0,40.000000000000746,40.00000000372181,40.000000305637386,40.00000445412185,40.0000267005494,40.0000955732478,40.0002471051135,40.000513747776935,40.00091659995182,40.00146308495397,40.002148544032295,40.002959552256684,40.00387741899888,40.00488111987763,40.00594943738601,40.007062358179354,40.00820187684758,40.00935237009876,40.01050068266842,40.011636033621,40.01274982085373,40.013835376600206,40.014887708043986
0.08207999999999999,40.0,40.00000000000063,40.0000000033178,40.0000002799718,40.00000414900824,40.000025155678856,40.00009078626325,40.000236192991004,40.0004934603926,40.00088386573293,40.00141539434259,40.002084131480515,40.00287741876509,40.00377725665464,40.0047631902574,40.00581443868398,40.00691130087643,40.00803597713349,40.00917296374296,40.01030915849437,40.01143378410436,40.012538206844916,40.013615703240845,40.014661209287326
0.08231999999999999,40.0,40.00000000000053,40.000000002956696,40.000000256398565,40.000003864031015,40.00002369626488,40.0000862267388,40.00022573445758,40.00047392119037,40.00085221464061,40.00136913253335,40.00202147954818,40.002797346620646,40.00367941518043,40.0046477954596,40.00568214295616,40.00676307136089,40.0078729907032,40.008996521615906,40.01012061990055,40.011234516729196,40.012329551195535,40.013398948104715,40.0144375757589
0.08256,40.0,40.000000000000455,40.00000000263404,40.00000023475259,40.000003597916105,40.00002231782037,40.00008188452243,40.00021571199861,40.00045510483776,40.00082161417684,40.00132426121663,40.00196054576221,40.002719290832644,40.00358384853808,40.00453488961534,40.005552505450844,40.006617626696105,40.00771287691796,40.00882300568378,40.00993503162695,40.01103819907312,40.012123824306975,40.01318508434769,40.01421678326173
0.0828,40.0,40.000000000000384,40.000000002345836,40.00000021488136,40.00000334946624,40.00002101607965,40.00007774988151,40.00020610871482,40.0004369867676,40.00079203269451,40.001280742956574,40.00190128849578,40.00264320719413,40.003490511389764,40.00442442746304,40.00542548192889,40.00647492436703,40.00755559547663,40.008652378175015,40.00975235860968,40.010844798852716,40.011920996671066,40.01297408517543,40.01399880761493
0.08303999999999999,40.0,40.00000000000032,40.00000000208849,40.000000196643974,40.00000311755657,40.000019786988354,40.00007381348716,40.00019690830333,40.00041954315858,40.00076343937952,40.00123854117617,40.00184366695691,40.002569052273934,40.0033993590931,40.00431636434603,40.00530102866349,40.00633492228164,40.00740110641827,40.00848460158366,40.00957256598479,40.01065428392777,40.0117210388745,40.01276592384777,40.01378362465806
0.08327999999999999,40.0,40.00000000000027,40.00000000185878,40.000000179910344,40.0000029011305,40.00001862669369,40.00007006639908,40.00018809503912,40.000402750916045,40.000735804233166,40.00119762014244,40.00178764117698,40.00249678340855,40.003310347696086,40.0042106562101,40.005179102439726,40.00619757877203,40.007249370124455,40.00831963867259,40.00939561909208,40.01046662230542,40.01152392160311,40.012560573683146,40.013571210255414
0.08352,40.0,40.00000000000023,40.0000000016538,40.00000016456036,40.00000269919583,40.0000175315352,40.000066500050906,40.00017965375708,40.00038658765329,40.00070909805473,40.00115794495171,40.00173317199933,40.00242635869396,40.003223433931886,40.004107259600836,40.00505966055404,40.006062852595534,40.00710034732152,40.008157452476595,40.00922148347878,40.01028178214415,40.01132961564609,40.012358008062755,40.01336154030026
0.08375999999999999,40.0,40.00000000000019,40.00000000147095,40.00000015048318,40.000002510820984,40.0000164980358,40.000063106236,40.000171569834386,40.00037103167305,40.00068329242429,40.00111948151501,40.00168022106772,40.00235773697738,40.0031385752136,40.004006131660894,40.00494266081348,40.00593070293554,40.00695399908267,40.00799800630532,40.00905012490307,40.01009973175768,40.011138091900115,40.0121582004348,40.01315459071897
0.08399999999999999,40.0,40.00000000000016,40.000000001307896,40.000000137576535,40.00000233513156,40.000015522893285,40.00005987709375,40.000163829173424,40.000356061949475,40.00065835968577,40.00108219654358,40.00162875081495,40.00229087784898,40.00305572962876,40.00390723012701,40.004828061534816,40.005801089402226,40.0068102868299,40.007841263746094,40.008881509337485,40.00992043961881,40.01094932137331,40.01196112431855,40.01295033747513
0.08424,40.0,40.000000000000135,40.00000000116254,40.00000012574608,40.00000217130697,40.00001460297214,40.000056805096335,40.0001564181851,40.000341658110415,40.000634272930206,40.00104605753443,40.0015787244514,40.00222574163348,40.0029748559339,40.003810513327025,40.00471582154358,40.00567397203319,40.00666917233579,40.00768718866661,40.00871560297225,40.0097438743631,40.01076327518921,40.01176675330842,40.01274875657355
0.08448,40.0,40.000000000000114,40.00000000103301,40.000000114904815,40.00000201857731,40.00001373529573,40.00005388303587,40.00014932377264,40.000327800420024,40.00061100597926,40.00101103275611,40.00153010595358,40.00216228938176,40.002895913548855,40.003715940176626,40.00460590017281,40.00554931129385,40.006530617725176,40.00753574521747,40.00855237221843,40.00957000479246,40.010579924590616,40.01157506107784,40.0125498240642
0.08471999999999999,40.0,40.0000000000001,40.00000000091761,40.00000010497255,40.000001876220416,40.00001291703876,40.00005110401205,40.00014253331573,40.000314469761754,40.00058853336897,40.00097709123452,40.00148286005279,40.002100482862346,40.002818862551095,40.003623470176095,40.00449825726184,40.00542706807771,40.00639458547666,40.00738689783462,40.00839178371101,40.00939879987861,40.010399240943244,40.01138602138315,40.01235351604611
0.08496,40.0,40.000000000000085,40.00000000081484,40.00000009587536,40.00000174355905,40.000012145520174,40.00004846142019,40.0001360346552,40.000301647621676,40.0005668303337,40.00094420273887,40.001436952223735,40.00204028455295,40.0027436636699,40.00353306340688,40.004392853154776,40.005307203706586,40.006261038424014,40.00724061124167,40.00823380431184,40.009230228766526,40.010221195739476,40.01119960806738,40.01215980867117
0.0852,40.0,40.00000000000007,40.00000000072335,40.00000008754514,40.00000161995821,40.00001141819625,40.00004594893964,40.000129816077994,40.00028931607214,40.000545872790426,40.000912337767815,40.001392348673185,40.001981657631866,40.002670278280455,40.00344468052802,40.00428964869902,40.00518967993059,40.006129939757415,40.00709685045204,40.008078401112485,40.00906426077767,40.01004576060187,40.01101579506394,40.01196867814789
0.08543999999999999,40.0,40.00000000000006,40.000000000641926,40.000000079919154,40.00000150482271,40.00001073265406,40.00004356052268,40.00012386630264,40.000277457755814,40.00052563732309,40.00088146753563,40.00134901632869,40.00192456596943,40.0025986683979,40.00335828277251,40.00418860524351,40.00507445892803,40.00600125302458,40.00695558077102,40.007925541436926,40.00890086541319,40.00987290728661,40.01083455640027,40.01178010074503
0.08567999999999999,40.0,40.00000000000005,40.00000000056948,40.000000072939635,40.00000139759473,40.00001008660519,40.00004129038369,40.000118174465044,40.00026605586998,40.00050610116738,40.000851563958605,40.00130692282734,40.00186897411939,40.002528796671264,40.00327383194356,40.004089684636945,40.00496150330516,40.0058749421318,40.00681676779775,40.0077751928442,40.008740012357016,40.009702607686954,40.01065586620137,40.01159405279528
0.08592,40.0,40.00000000000004,40.00000000050505,40.000000066553376,40.00000129775163,40.00000947787972,40.000039132988825,40.00011273010478,40.00025509415125,40.00048724219561,40.00082259964154,40.00126603650458,40.00181484731029,40.00246062637733,40.0031912904107,40.003992849225796,40.00485077609586,40.00575097134477,40.006680377426974,40.00762732313089,40.00858167147883,40.00953483383645,40.010479698693246,40.01141051069876
0.08615999999999999,40.0,40.000000000000036,40.00000000044776,40.000000060711436,40.00000120480385,40.000008904420525,40.00003708304591,40.00010752315162,40.00024455686054,40.00046903890192,40.00079454786434,40.00122632638303,40.00176215143681,40.00239412141447,40.00311062110585,40.00389806185233,40.00474224076109,40.005629305289375,40.0065463758508,40.007481900333545,40.00842581283694,40.0093695579122,40.01030602820636,40.0112294509265
0.08639999999999999,40.0,40.00000000000003,40.000000000396845,40.00000005536876,40.00000111829289,40.00000836427778,40.00003513549485,40.00010254391255,40.000234428768444,40.00045147038765,40.000767382568874,40.001187762161436,40.001710853051115,40.00232924629637,40.00303178751923,40.003805285852394,40.00463586118837,40.00550990895231,40.00641472956026,40.00733889273094,40.008272406681115,40.00920675223795,40.010134829178895,40.011050850023835
0.08664,40.0,40.00000000000002,40.00000000035161,40.00000005048392,40.00000103778946,40.00000785560372,40.00003328549819,40.000097783059125,40.00022469514085,40.00043451634705,40.00074107834585,40.00115031420361,40.0016609193542,40.00226596614577,40.00295475369527,40.003714485053166,40.00453160169098,40.00539274768163,40.00628540534678,40.007198268846295,40.00812142345522,40.00904638928715,40.00996607616001,40.01087468461378
0.08688,40.0,40.00000000000002,40.000000000311424,40.00000004601879,40.0000009628917,40.00000737664763,40.00003152843224,40.00009323161516,40.000215341724946,40.000418157053105,40.00071561042189,40.00111395352751,40.0016123181872,40.002204246688045,40.00287948422833,40.00362562377077,40.00442942700717,40.005277787187126,40.00615837030357,40.007059997449346,40.00797283379988,40.00888844168586,40.00979974381304,40.0107009314003
0.08711999999999999,40.0,40.000000000000014,40.00000000027575,40.00000004193835,40.00000089322351,40.000006925751094,40.000029859878296,40.00008888094479,40.00020635473548,40.00040237334372,40.0006909546468,40.00107865179427,40.00156501802273,40.00214405424484,40.00280594425843,40.00353866680782,40.00432930229923,40.005164993540625,40.00603359182687,40.00692404755833,40.00782660855493,40.00873288221569,40.00963580691852,40.010529567171496
0.08736,40.0,40.000000000000014,40.00000000024408,40.000000038210395,40.00000082843299,40.00000650134343,40.00002827561434,40.00008472274088,40.000197720841406,40.000387146608034,40.00066708748089,40.0010443812975,40.00151898795624,40.002085355727594,40.00273409946682,40.00345357945083,40.004231193152414,40.00505433317618,40.0059110376171,40.006790388441864,40.00768271876186,40.008579683816485,40.009474240377266,40.01036056880276
0.0876,40.0,40.000000000000014,40.00000000021598,40.000000034805325,40.00000076819094,40.000006101937316,40.00002677160697,40.000080749013776,40.00018942715274,40.000372458773064,40.00064398598258,40.0010111149524,40.001474197697334,40.00202811863108,40.00266391607158,40.00337032746754,40.004135065573806,40.00494577289019,40.00579067567993,40.00665898962075,40.007541135666166,40.00842881958911,40.00931501921329,40.01019391325988
0.08783999999999999,40.0,40.00000000000001,40.00000000019105,40.000000031695954,40.000000712189475,40.000005726124655,40.000025344003625,40.000076952080356,40.00018146120782,40.00035829229054,40.00062162779602,40.000978826285206,40.00143061756118,40.00197231102685,40.00259536082304,40.00328887710421,40.00404088599105,40.00483927984129,40.00567247432719,40.006529820869645,40.007401830719516,40.00828026279805,40.00915811857668,40.01002957760204
0.08807999999999999,40.0,40.00000000000001,40.000000000168946,40.00000002885733,40.000000660140714,40.00000537257264,40.00002398912512,40.00007332455344,40.00017381096079,40.000344630123976,40.000599991139,40.000947489422536,40.0013882184598,40.00191790155667,40.00252840099919,40.00320919508271,40.003948621251034,40.004734821550315,40.005556402177746,40.00640285221864,40.00726477558196,40.008133986873915,40.00900351374638,40.009867538984764
0.08832,40.0,40.00000000000001,40.00000000014935,40.00000002626652,40.00000061177553,40.00000504001991,40.000022703458455,40.00006985933151,40.0001664647694,40.00033145573596,40.0005790547909,40.00091707908092,40.00134697189358,40.00186485942598,40.00246300440106,40.00313124859763,40.00385823861841,40.0046323659,40.00544242815823,40.006278053954816,40.00712994212397,40.00798996541593,40.008851180132936,40.009707774662814
0.08855999999999999,40.0,40.00000000000001,40.00000000013198,40.00000002390248,40.0000005668424,40.00000472727301,40.00002148364989,40.0000665495887,40.000159411383144,40.000318753075746,40.00055879808091,40.00088757055637,40.00130684994262,40.00181315439722,40.00239913934796,40.00305500531328,40.00376970577407,40.00453188113471,40.005330521503716,40.00615539662358,40.00699730242839,40.0078481721943,40.00870109328116,40.00955026199301
0.08879999999999999,40.0,40.00000000000001,40.0000000001166,40.00000002174591,40.00000052510628,40.00000443320292,40.00002032649823,40.00006338876515,40.000152639931606,40.00030650656701,40.00053920087631,40.00085893971405,40.00126782525819,40.001762756783265,40.00233677467275,40.002980433360584,40.0036829908135,40.004433335860014,40.005220651758236,40.00603485103005,40.006866828792376,40.00770858115254,40.0085532288727,40.009394978437015
0.08904,40.0,40.00000000000001,40.00000000010298,40.000000019779094,40.000000486347595,40.00000415674179,40.00001922894849,40.00006037055759,40.00014613991312,40.000294701095825,40.000520243571,40.000831162978066,40.00122987105424,40.00171363744072,40.00227587971698,40.002907501333944,40.00359806224512,40.00433669904214,40.0051127887753,40.005916388240216,40.006738493729145,40.007571166409676,40.00840756272856,40.00924190156402
0.08928,40.0,40.0,40.000000000090914,40.00000001798578,40.00000045036127,40.00000389687984,40.000018188085626,40.00005748891027,40.000139901183765,40.00028332199898,40.00050190707414,40.00080421732129,40.00119296109891,40.00166576776332,40.002216424326065,40.002836178287986,40.00351488898842,40.00424194000743,40.005006902718215,40.00579997958213,40.00661226996975,40.007435902262394,40.008264070811535,40.00909100905336
0.08951999999999999,40.0,40.0,40.00000000008024,40.00000001635108,40.0000004169558,40.00000365266235,40.000017201128664,40.000054738006135,40.000133913946506,40.000272355052346,40.00048417279892,40.00077808025536,40.001157069706075,40.00161911967519,40.00215837884432,40.00276643373431,40.00343344037212,40.00414902844162,40.00490296406042,40.00568559664694,40.006488130464675,40.007302763187134,40.00812272922863,40.00894227869714
0.08975999999999999,40.0,40.0,40.0000000000708,40.000000014861335,40.00000038595239,40.00000342318686,40.000016265424975,40.00005211225826,40.00012816874075,40.00026178645965,40.00046702265162,40.00075272982069,40.00112217172694,40.00157366562423,40.002101714110054,40.002698237638064,40.00335368613221,40.00405793438907,40.004800943585636,40.005573211289864,40.00636604838544,40.00717172384207,40.00798351423334,40.008795688402714
0.09,40.0,40.0,40.00000000006244,40.000000013504035,40.00000035718418,40.00000320760046,40.00001537844474,40.00004960630159,40.000122656432055,40.00025160284136,40.0004504390207,40.00072814457666,40.00108824254169,40.001529378575405,40.00204640145055,40.00263156041459,40.00327559640991,40.003968628251926,40.00470081238804,40.00546279563109,40.00624599712603,40.007042759069066,40.007846402227884,40.00865121619517
0.09023999999999999,40.0,40.0,40.00000000005506,40.00000001226771,40.00000033049544,40.00000300509721,40.000014537775755,40.00004721498494,40.00011736820214,40.00024179122378,40.000434404766104,40.00070430359188,40.00105525805116,40.00148623200406,40.001992412677055,40.00256637292592,40.003199141749555,40.003881080789185,40.00460254187223,40.00535432205654,40.006127950304375,40.0069158438955,40.00771136976543,40.0085088402197
0.09047999999999999,40.0,40.0,40.00000000004854,40.000000011141864,40.0000003057409,40.00000281491576,40.00001374111826,40.000044933363206,40.00011229553917,40.00023233902848,40.00041890320876,40.0006811864345,40.00102319466858,40.001444199889285,40.00193972007971,40.00250264647721,40.003124293096455,40.00379526311567,40.00450610375325,40.00524776321864,40.00601188176361,40.006790953536076,40.00757839355217,40.008368538743944
0.09072,40.0,40.0,40.00000000004277,40.00000001011687,40.000000282785024,40.00000263633694,40.00001298628015,40.000042756689844,40.00010743022824,40.00022323406183,40.00040391812019,40.00065877316275,40.00099202931137,40.00140325670717,40.00188829642248,40.002440352813224,40.00305102179461,40.00371114670095,40.004411470056404,40.00514309203697,40.00589776557339,40.006668063394514,40.00744745044938,40.008230290160306
0.09095999999999999,40.0,40.0,40.00000000003767,40.00000000918394,40.00000026150147,40.00000246868159,40.000012271172224,40.00004068040963,40.000102764342174,40.000214464504765,40.00038943371234,40.00063704431544,40.00096173939292,40.001363377424234,40.00183811493801,40.002379464114625,40.00297929958445,40.00362870336818,40.00431861311707,40.005040281698776,40.00578557603099,40.00654714906521,40.007318517475404,40.00809407298811
0.09119999999999999,40.0,40.0,40.000000000033175,40.00000000833502,40.00000024177239,40.00000231130848,40.00001159380375,40.00003870015159,40.0000982902325,40.00020601890285,40.00037543462749,40.000615980902715,40.00093230281456,40.001324537490696,40.00178914932254,40.002319952994334,40.002909098600405,40.00354790529286,40.004227505580445,40.00493930565955,40.00567528766251,40.006428186334844,40.007191571807574,40.00795986587581
0.09144,40.0,40.0,40.0000000000292,40.000000007562726,40.00000022348798,40.00000216361226,40.0000109522781,40.000036811722204,40.000094000520704,40.00019788615644,40.00036190592845,40.00059556439679,40.00090369795747,40.001286712833874,40.0017413737307,40.002261792493805,40.00284039136853,40.00346872500157,40.00413812040116,40.004840137643384,40.00556687522386,40.00631115118381,40.00706659078409,40.007827647603115
0.09168,40.0,40.0,40.0000000000257,40.00000000686032,40.00000020654588,40.000002025021594,40.00001034478864,40.00003501109879,40.00008988808969,40.000190055511126,40.00034883308879,40.0005757767229,40.000875903674675,40.001249879851585,40.0016947627704,40.00220495607924,40.002773150803975,40.003391135370535,40.00405043084287,40.00474275164337,40.005460313701725,40.00619601978774,40.0069435519058,40.00769739708296
0.09191999999999999,40.0,40.0,40.00000000002261,40.00000000622164,40.00000019085073,40.00000189499735,40.00000976961471,40.00003329442316,40.00008594607548,40.00018251654836,40.00033620198335,40.00055660025026,40.00084889928316,40.0012140154055,40.00164929149757,40.00214941763779,40.002707350208496,40.00331510962427,40.003964410477764,40.00464712192185,40.00535557831447,40.00608276851883,40.00682243283793,40.00756909336357
0.09215999999999999,40.0,40.0,40.00000000001989,40.00000000564105,40.00000017631369,40.00000177303085,40.00000922511784,40.00003165799546,40.00008216785916,40.00017525917626,40.000323998878784,40.00053801778325,40.00082266455598,40.001179096814596,40.001604935411045,40.00209515147372,40.00264296326779,40.00324062133401,40.003880033186014,40.00455322301064,40.00525264451299,40.00597137394719,40.00670321141177,40.00744271563039
0.0924,40.0,40.0,40.00000000001749,40.0000000051134,40.00000016285205,40.000001658642304,40.0000087097381,40.000030098268184,40.000078547059005,40.000168273620694,40.00031221042441,40.00052001255261,40.000797179714475,40.0011451018486,40.00156167044729,40.002042132304524,40.00257996404892,40.0031676444162,40.00379727315512,40.00446102971117,40.005151487981465,40.00586181284209,40.006585865626306,40.00731824320795
0.09263999999999999,40.0,40.0,40.00000000001537,40.000000004633975,40.000000150388765,40.00000155137917,40.00000822199051,40.00002861184044,40.00007507752285,40.00016155041647,40.0003008236431,40.000502568206834,40.00077242542052,40.001112008721464,40.00151947297524,40.00199033525703,40.002518326997574,40.003096153130905,40.003716104879274,40.00437051709458,40.00505208463804,40.00575406217311,40.00647037364976,40.00719565556168
0.09287999999999999,40.0,40.0,40.0000000000135,40.00000000419848,40.00000013885213,40.000001450814764,40.00000776046179,40.000027195452375,40.00007175332064,40.00015508039878,40.0002898259224,40.00048566880359,40.00074838276889,40.001079796084845,40.00147831979106,40.00193973586344,40.002458026935344,40.00302612208005,40.003636503158525,40.00428166050172,40.00495441063549,40.005648099111326,40.006356713821106,40.00707493229973
0.09312,40.0,40.0,40.00000000001186,40.00000000380299,40.000000128175415,40.00000135654682,40.00000732380701,40.000025845979806,40.00006856873723,40.000148854694785,40.00027920500579,40.00046929880135,40.00072503327965,40.001048443021666,40.001438188112935,40.0018903100574,40.00239903905695,40.0029575262058,40.003558443098065,40.00419443554309,40.0048584423618,40.00554390103033,40.0062448646515,40.00695605317467
0.09336,40.0,40.0,40.00000000001042,40.00000000344392,40.00000011829652,40.00000126819616,40.00000691074658,40.00002456042902,40.00006551826534,40.00014286471551,40.00026894898406,40.00045344305108,40.000702358890656,40.00101792903966,40.00139905557585,40.00184203417001,40.0023413389274,40.002890340788696,40.00348190010728,40.004108818098786,40.004764156440665,40.005441445507266,40.006134804825685,40.00683899808515
0.09359999999999999,40.0,40.0,40.000000000009145,40.000000003118,40.00000010915767,40.00000118540546,40.00000652006323,40.00002333593174,40.00006259659875,40.00013710214772,40.00025904628692,40.00043808678802,40.000680341950094,40.000988234065005,40.001360900226395,40.0017948849258,40.00228490247916,40.002824541445904,40.003406849898866,40.00402478431826,40.00467152973192,40.00534071032377,40.00602651320332,40.00672374707754
0.09383999999999999,40.0,40.0,40.00000000000802,40.000000002822226,40.00000010070514,40.00000110783804,40.0000061505992,40.00002216974034,40.00005979862566,40.000131558946215,40.00024948567475,40.00042321562368,40.00065896520912,40.0009593384359,40.001323700517524,40.00174883943872,40.00222970600924,40.00276010412927,40.00333326848785,40.00394231062015,40.00458053933199,40.00524167346688,40.00591996882024,40.00661028034748
0.09408,40.0,40.0,40.000000000007034,40.0000000025539,40.00000009288896,40.00000103517673,40.00000580125349,40.00002105922309,40.00005711942223,40.000126227326135,40.0002402562304,40.00040881553782,40.00063821181455,40.00093122289629,40.0012874353034,40.0017038752081,40.00217572617623,40.00269700512347,40.00326113219051,40.00386137369196,40.0044911625742,40.00514431312983,40.00581515088971,40.00649857824143
0.09431999999999999,40.0,40.0,40.000000000006175,40.00000000231052,40.000000085662684,40.00000096712281,40.000005470979254,40.0000200018597,40.00005455424636,40.000121099755496,40.0002313473513,40.00039487287066,40.00061806530167,40.000903868589596,40.00125208383416,40.001659970114595,40.00212293999741,40.002635221043974,40.00319041762335,40.003781950489774,40.00440337702904,40.005048607712894,40.005712038803594,40.00638862125808
0.09455999999999999,40.0,40.0,40.00000000000541,40.000000002089834,40.00000007898314,40.00000090339496,40.00000515878134,40.00001899523696,40.000052098531576,40.00011616894796,40.00022274874163,40.000381374315154,40.000598509587086,40.000877257052416,40.00121762575077,40.0016171024161,40.00207132484569,40.0025747288351,40.00312110170193,40.00370401823779,40.00431716050443,40.00495453582406,40.005610612133474,40.00628039004984
0.0948,40.0,40.0,40.00000000000474,40.00000000188976,40.00000007281021,40.00000084372834,40.000004863713826,40.000018037044505,40.00004974788116,40.000111427855686,40.000214450404634,40.00036830690938,40.00057952896164,40.000851370208366,40.001184041079846,40.00157525074368,40.00202085844659,40.002515505767924,40.00305316163968,40.00362755442794,40.004232491045876,40.00486207627974,40.00551085063168,40.006173865424145
0.09503999999999999,40.0,40.0,40.00000000000416,40.00000000170843,40.00000006710662,40.0000007878736,40.0000045848778,40.000017125070784,40.000047498062386,40.00010686966242,40.00020644263513,40.00035565802905,40.00056110808347,40.00082619036193,40.00115131022851,40.0015343940975,40.001971518875266,40.00245752943821,40.002986574946675,40.0035525368194,40.00414934693658,40.004771208105375,40.00541273423239,40.00606902834483
0.09527999999999999,40.0,40.0,40.00000000000364,40.00000000154412,40.000000061837746,40.00000073559612,40.00000432141912,40.000016257199164,40.000045345001006,40.00010248777671,40.00019871601215,40.00034341538017,40.00054323197108,40.000801700192326,40.00111941397923,40.00149451184271,40.001923284553335,40.0024007777643,40.002921319428374,40.00347894343797,40.00406770669753,40.004681910536014,40.00531624305251,40.00596585993338
0.09552,40.0,40.0,40.00000000000318,40.000000001395286,40.00000005697143,40.00000068667509,40.00000407252633,40.00001543140413,40.000043284775806,40.00009827582533,40.0001912613917,40.00033156699175,40.00052588599655,40.00077788274749,40.001088333484766,40.001455583705344,40.001876134245855,40.00234522898494,40.00285737318429,40.003406752575586,40.00398754908754,40.00459416301683,40.00522135739267,40.00586434147015
0.09576,40.0,40.0,40.000000000002785,40.00000000126048,40.00000005247783,40.000000640902776,40.000003837428686,40.00001464574766,40.00004131361342,40.00009422764681,40.00018406989971,40.000320101208665,40.00050905587878,40.000754721438035,40.00105805026301,40.00141758976826,40.00183004705818,40.00229086165709,40.00279471460663,40.003335942789604,40.00390885310317,40.00450794520361,40.00512805773807,40.00576445439557
0.09599999999999999,40.0,40.0,40.00000000000244,40.00000000113843,40.00000004832923,40.00000059808379,40.00000361539417,40.00001389837574,40.00003942788322,40.0000903372852,40.000177132925096,40.00030900668469,40.00049272767682,40.00073220003128,40.00102854619197,40.00138051046696,40.00178500243282,40.0022376546537,40.00273332237889,40.00326649290216,40.00383159797869,40.00442323696318,40.00503632475927,40.00566618031126
0.09623999999999999,40.0,40.0,40.00000000000213,40.00000000102795,40.000000044499906,40.000000558034365,40.000003405727725,40.00001318751495,40.000037624092414,40.00008659898391,40.00017044211298,40.00029827237553,40.00047688778336,40.000710302645395,40.000999803504676,40.001344326585574,40.001740980146316,40.00218558716148,40.00267317547443,40.00319838199943,40.00375576318595,40.00434001837373,40.00494613931303,40.00556950098116
0.09648,40.0,40.0,40.00000000000187,40.00000000092796,40.00000004096601,40.00000052058171,40.00000320776946,40.000012511469265,40.00003589888125,40.000083007179775,40.00016398935802,40.00028788753207,40.00046152291818,40.000689013743504,40.00097180478421,40.00130901925271,40.00169796030606,40.00213463867859,40.00261425315501,40.00313158943088,40.00368132843422,40.00425826972524,40.004857482443015,40.00547439833253
0.09671999999999999,40.0,40.0,40.000000000001634,40.0000000008375,40.0000000377054,40.00000048556339,40.00000302089297,40.00001186861685,40.0000342490184,40.0000795564972,40.00015776679794,40.000277841693645,40.00044662012178,40.00066831812791,40.00094453295866,40.00127456993737,40.0016559233471,40.00208478901236,40.002556534969244,40.00306609480841,40.00360827366996,40.00417797151969,40.00477033538047,40.005380854456995
0.09695999999999999,40.0,40.0,40.00000000000143,40.000000000755676,40.00000003469754,40.000000452826725,40.000002844503754,40.00001125740712,40.00003267139648,40.000076241742526,40.00015176680713,40.000268124681554,40.00043216674907,40.000648200934336,40.0009179712962,40.00124096044488,40.00161485002898,40.00203601827695,40.0025000007511,40.00300187800557,40.0035365790766,40.00409910447134,40.004684679544916,40.005288851611496
0.0972,40.0,40.0,40.00000000000124,40.00000000068167,40.00000003192341,40.00000042222823,40.00000267803769,40.00001067635775,40.000031163027685,40.000073057898526,40.00014598199041,40.00025872659255,40.000418150463126,40.00062864762625,40.00089210340012,40.0012081729128,40.00157472143252,40.00198830689098,40.002444630618285,40.002938919156634,40.00346622507423,40.00402164950691,40.00460049654468,40.0051983722192
0.09743999999999998,40.0,40.0,40.00000000000109,40.000000000614776,40.00000002936535,40.000000393633094,40.00000252095953,40.000010124051954,40.0000297210396,40.00007000011897,40.00014040517696,40.0002496377925,40.00040455922905,40.00060964398923,40.00086691320395,40.00117618980683,40.00153551895662,40.0019416355752,40.00239040497068,40.00287719865568,40.003397192319234,40.003945587765784,40.00451776817753,40.00510939887039
0.09767999999999999,40.0,40.0,40.00000000000095,40.00000000055431,40.00000002700702,40.000000366914676,40.00000237276154,40.00000959913573,40.0000283426711,40.00006706372343,40.00013502941432,40.000240848910195,40.00039138130787,40.0005911761254,40.00084238496657,40.00114499391679,40.00149722431503,40.001895985350046,40.00233730448867,40.00281669715566,40.00332946170398,40.003870900600056,40.004436476431145,40.005021914323315
0.09792,40.0,40.0,40.00000000000083,40.00000000049967,40.00000002483324,40.00000034195401,40.00000223296217,40.00000910031531,40.0000270252684,40.000064244192174,40.00012984796254,40.000232350831205,40.000378605250646,40.00057323044788,40.00081850326737,40.00111456835256,40.00145981953316,40.00185133753327,40.0022853101315,40.002757395567365,40.003263014356364,40.00379756957468,40.00435660348362,40.00493590150498
0.09816,40.0,40.0,40.000000000000725,40.00000000045031,40.00000002282998,40.00000031863942,40.000002101104734,40.00000862635462,40.00002576628122,40.00006153716119,40.00012485428852,40.000224134691884,40.00036621989251,40.000555793675396,40.00079525300147,40.00108489654004,40.00142328694482,40.00180767373747,40.00223440313559,40.002699275058426,40.00319783163937,40.003725576467446,40.0042781317039,40.00485134351188
0.09839999999999999,40.0,40.0,40.00000000000063,40.00000000040572,40.00000002098424,40.00000029686603,40.000001976756245,40.00000817607294,40.00002456325911,40.00005893841737,40.000120042060374,40.00021619187347,40.000354214346885,40.000538852826836,40.000772619374935,40.00105596221714,40.00138760918902,40.00176497586768,40.002184565012804,40.00264231705227,40.0031338951506,40.00365490326904,40.004201043652145,40.004768223610775
0.09863999999999999,40.0,40.0,40.00000000000055,40.00000000036546,40.000000019283966,40.000000276535374,40.00000185950624,40.00000774834251,40.00002341384781,40.00005644389378,40.00011540514199,40.00020851399629,40.00034257799977,40.00052239521594,40.00075058790004,40.00102774942974,40.00135276920673,40.001723226118905,40.00213577754872,40.002586503227,40.00307118672173,40.00358553218296,40.00412532208018,40.00468652523933
0.09888,40.0,40.0,40.000000000000476,40.000000000329116,40.00000001771801,40.00000025755507,40.000001748965644,40.0000073420864,40.000022315785856,40.00005404966512,40.000110937587706,40.0002010929141,40.00033130050409,40.00050640844601,40.0007291443906,40.00100024252779,40.00131875023768,40.001682406973636,40.002088022800905,40.0025318155143,40.00300968841799,40.00351744562547,40.00405094993171,40.004606232006786
0.09911999999999999,40.0,40.0,40.00000000000042,40.00000000029632,40.000000016276054,40.00000023983843,40.00000164476575,40.00000695627631,40.00002126690111,40.000051751943225,40.00010663363707,40.000193920708476,40.00032037177417,40.00049088040472,40.00070827495729,40.00097342616126,40.001285535817104,40.00164250119939,40.002041283097064,40.002478236098305,40.002949382537544,40.00345062622548,40.003977910342705,40.004527327694554
0.09935999999999999,40.0,40.0,40.00000000000036,40.000000000266716,40.00000001494854,40.0000002233041,40.0000015465572,40.00000658993052,40.00002026510761,40.00004954707279,40.000102487709746,40.00018698968339,40.00030978198029,40.000475799258965,40.00068796600308,40.000947285276254,40.001253109772556,40.001603491846204,40.0019955410333,40.002425747414385,40.00289025161091,40.00338505682442,40.00390618664159,40.00444979625679
0.0996,40.0,40.0,40.00000000000032,40.00000000024002,40.000000013726634,40.00000020787578,40.000001454009,40.00000624211197,40.00001930840236,40.000047431527115,40.000098494400575,40.000180292359815,40.00029952154324,40.00046115344977,40.00066820421861,40.000921805111055,40.00122145622066,40.00156536224414,40.00195077947228,40.002374332148,40.00283227840028,40.00332072047604,40.0038357623495,40.004373621820946
0.09983999999999998,40.0,40.0,40.00000000000028,40.00000000021594,40.00000001260215,40.00000019348192,40.000001366807645,40.000005911926294,40.00001839486233,40.00004540190402,40.000094648474665,40.00017382147046,40.000289581129095,40.000446931687286,40.0006489765777,40.00089697119223,40.00119055956395,40.00152809600079,40.001906981541396,40.00232397323345,40.002775445898855,40.00325760044622,40.00376662118043,40.00429878868827
0.10007999999999999,40.0,40.0,40.00000000000024,40.000000000194234,40.00000001156754,40.00000018005541,40.00000128465621,40.00000559852004,40.000017522641485,40.00004345492187,40.00009094486265,40.00016756995465,40.00027995164399,40.00043312294582,40.00063027033284,40.00087276933078,40.00116040448762,40.00149167699875,40.001864130630906,40.002274653852645,40.00271973733018,40.003195680212734,40.003698747041426,40.00422528133425
0.10031999999999999,40.0,40.0,40.000000000000206,40.000000000174666,40.00000001061581,40.000000167533365,40.000001207273534,40.0000053010789,40.00001668996794,40.000041587415716,40.00008737865608,40.00016153095323,40.00027062422897,40.000419716458936,40.00061207301079,40.000849185618264,40.00113097595638,40.00145608939311,40.00182221039209,40.00222635743383,40.002665136147336,40.00313494346496,40.00363212403267,40.00415308440908
0.10056,40.0,40.0,40.000000000000185,40.00000000015703,40.00000000974049,40.00000015585682,40.00000113439343,40.00000501882604,40.00001589514124,40.00003979633351,40.00008394510288,40.000155697803635,40.000261590255,40.00040670171465,40.00059437240813,40.000826206422964,40.00110225921123,40.001421317608944,40.00178120473537,40.002179067650296,40.002611626032255,40.003075374103595,40.00356673644757,40.00408218273808
0.10079999999999999,40.0,40.0,40.000000000000156,40.00000000014114,40.00000000893561,40.00000014497051,40.00000106576392,40.00000475102046,40.000015136529655,40.00003807873246,40.00008063960292,40.00015006403505,40.00025284131798,40.00039406845066,40.00057715658694,40.00080381838612,40.00107423976633,40.001387346338795,40.001741097828415,40.002132768419095,40.00255919089489,40.003016956240344,40.003502568772845,40.00401256132199
0.10103999999999999,40.0,40.0,40.000000000000135,40.00000000012683,40.00000000819564,40.000000134822656,40.0000010011465,40.00000449695549,40.00001441256766,40.0000364317755,40.000077457703725,40.000144623363596,40.00024436923387,40.00038180664964,40.000560413870495,40.00078200841814,40.00104690340584,40.001354160540124,40.0017018740942,40.00208744389972,40.00250781487244,40.00295967419751,40.003439605688506,40.003944205337405
0.10128,40.0,40.0,40.00000000000012,40.00000000011394,40.000000007515496,40.00000012536478,40.0000009403155,40.00000425595725,40.00001372175341,40.00003485272781,40.00007439509624,40.000139369687744,40.00023616603392,40.000369906534615,40.00054413283898,40.000760763694856,40.00102023618074,40.00132174543282,40.00166351820919,40.00204307849271,40.00245748232849,40.00290351250768,40.00337783206789,40.00387710013701
0.10151999999999999,40.0,40.0,40.00000000000011,40.00000000010234,40.00000000689045,40.00000011655143,40.00000088305739,40.00000402738324,40.000013062646396,40.00003333895348,40.00007144761077,40.00013429708371,40.00022822395997,40.000358358564384,40.000528302325336,40.00074007165384,40.00099422440576,40.00129008649668,40.00162601510134,40.00199965683837,40.00240817785219,40.002848455913245,40.0033172329776,40.003811231249905
0.10175999999999999,40.0,40.0,40.00000000000009,40.000000000091894,40.00000000631617,40.000000108340075,40.00000082917016,40.00000381062098,40.000012433865066,40.000031887912286,40.000068611212946,40.00012939980099,40.000220535459796,40.00034715342905,40.00051291141101,40.00071991999068,40.000968854656186,40.00125916946888,40.00158934994818,40.00195716381533,40.002359886257366,40.002794489366025,40.003257793677456,40.00374658438182
0.102,40.0,40.0,40.00000000000008,40.000000000082494,40.00000000578863,40.000000100690876,40.000000778462756,40.000003605086675,40.00001183408463,40.00003049715647,40.00006588199981,40.000124672257996,40.000213093182616,40.00033628204554,40.00049794942192,40.000700296655374,40.00094411376487,40.00122898034148,40.00155350817493,40.0019155845392,40.00231259258161,40.00274159802677,40.00319949962041,40.00368314541536
0.10224,40.0,40.0,40.00000000000007,40.000000000074046,40.000000005304116,40.00000009356655,40.00000073075448,40.00000341022396,40.000011262034896,40.00002916432776,40.000063256196064,40.000120109037795,40.00020588997458,40.00032573555327,40.00048340592434,40.00068118984869,40.00091998881905,40.00119950535889,40.001518475452514,40.001874904361145,40.00226628208541,40.0026897672647,40.0031423364524,40.00362090041019
0.10247999999999999,40.0,40.0,40.00000000000006,40.000000000066436,40.000000004859224,40.00000008693219,40.00000068587449,40.0000032255027,40.000010716498174,40.000027887154324,40.0000607301503,40.000115704883875,40.00019891887443,40.00031550530982,40.000469270720906,40.000662588018585,40.000896467157354,40.00117073101542,40.001484237695635,40.0018351088665,40.00222094025118,40.002638982656975,40.003086290012256,40.00355983560318
0.10271999999999999,40.0,40.0,40.00000000000005,40.0000000000596,40.000000004450776,40.00000008075514,40.00000064366127,40.000003050417796,40.00001019630728,40.000026663447926,40.00005830033144,40.000111454696096,40.0001921731092,40.00030558288672,40.000455533846626,40.00064447985667,40.00087353636673,40.001142644052734,40.00145078106083,40.00179618387331,40.002176552782316,40.00258922998819,40.0030313463315,40.00349993740856
0.10296,40.0,40.0,40.00000000000004,40.000000000053454,40.00000000407587,40.00000007500484,40.00000060396214,40.000002884488104,40.00000970034357,40.000025491101106,40.000055963325146,40.00010735352665,40.00018564608997,40.000295960065245,40.000442185564985,40.00062685429466,40.000851184279455,40.0011152314574,40.001418091944544,40.00175811543093,40.002133105602255,40.00254049524981,40.00297749163416,40.00344119241804
0.10319999999999999,40.0,40.0,40.000000000000036,40.00000000004793,40.00000000373183,40.000000069652714,40.00000056663282,40.00000272725536,40.0000092275351,40.000024368084475,40.000053715830475,40.00010339657617,40.000179331407736,40.00028662883233,40.000429216364054,40.00060970050095,40.00082939897008,40.001088480458385,40.00138615698113,40.00172088981855,40.00209058485348,40.00249276463962,40.00292471233656,40.00338358740086
0.10343999999999999,40.0,40.0,40.000000000000036,40.00000000004297,40.00000000341616,40.00000006467201,40.000000531536955,40.00000257828314,40.000008776854806,40.0000232924441,40.00005155465646,40.000099579189865,40.00017322282939,40.00027758137653,40.000416616952705,40.000593007877136,40.000808168752535,40.00106237852464,40.001354963040946,40.00168449354376,40.00204897689649,40.00244602456109,40.00287299504708,40.003327109303875
0.10368,40.0,40.0,40.00000000000003,40.000000000038504,40.00000000312659,40.00000006003775,40.00000049854574,40.000002437155885,40.000008347318726,40.00002226229891,40.00004947671891,40.0000958968538,40.00016731429366,40.00026881008402,40.0004043782568,40.000576766054586,40.00078748217708,40.001036913362576,40.001324497228396,40.0016489133411,40.00200826830886,40.002400261622824,40.00282232656589,40.00327174525158
0.10391999999999998,40.0,40.0,40.00000000000003,40.000000000034504,40.00000000286101,40.00000005572654,40.000000467537475,40.00000230347799,40.000007937984385,40.00002127583828,40.00004747903718,40.00009234519122,40.000161599907294,40.00026030753473,40.000392491415525,40.00056096489113,40.000767328027464,40.00101207291369,40.00129474687999,40.00161413617057,40.00196844588417,40.002355462637894,40.00277269388468,40.00321748254612
0.10415999999999999,40.0,40.0,40.00000000000002,40.00000000003091,40.00000000261748,40.00000005171655,40.00000043839725,40.00000217687286,40.000007547949124,40.000020331319554,40.00004555873116,40.000088919958976,40.00015607394113,40.00025206649843,40.00038094777769,40.00054559446769,40.00074769531797,40.00098784535207,40.001265699562374,40.00158014921617,40.00192949663094,40.0023116146232,40.00272408418635,40.00316430866726
0.10439999999999999,40.0,40.0,40.00000000000002,40.00000000002768,40.00000000239422,40.00000004798735,40.00000041101653,40.00000205698208,40.00000717634856,40.0000194270658,40.000043713018215,40.00008561704404,40.00015073082644,40.00024407993102,40.00036973889814,40.000530645084964,40.00072857329054,40.00096421908204,40.00123734307042,40.00154693988441,40.00189140777169,40.002268704798844,40.002676484844656,40.00311221127238
0.10464,40.0,40.0,40.000000000000014,40.000000000024784,40.00000000218958,40.000000044519865,40.000000385292836,40.000001943464575,40.000006822355076,40.00001856146352,40.00004193921028,40.000082432460076,40.00014556515118,40.00023634097078,40.00035885653418,40.00051610726024,40.00070995141191,40.00094118273572,40.00120966542528,40.00151449580287,40.00185416674175,40.00222672058739,40.002629883423936,40.00306117819639
0.10487999999999999,40.0,40.0,40.000000000000014,40.00000000002218,40.00000000200204,40.00000004129626,40.000000361129445,40.000001835995796,40.00000648517635,40.00001773296045,40.000040234711015,40.00007936234411,40.00014057165642,40.00022884293471,40.00034829264207,40.00050197172411,40.000691819370836,40.000918725170635,40.00118265487244,40.00148280481866,40.001817761188285,40.00218564961322,40.00258426767867,40.00301119745164
0.10511999999999999,40.0,40.0,40.000000000000014,40.00000000001985,40.000000001830216,40.0000000382999,40.00000033843504,40.00000173426703,40.00000616405401,40.0000169400635,40.000038597013045,40.000076402953276,40.00013574523281,40.00022157931497,40.000338039373624,40.00048822941734,40.00067416707522,40.00089683546736,40.001156299879824,40.001451854996944,40.00178217896918,40.00214547970181,40.002539625553155,40.00296225722785
0.10536,40.0,40.0,40.00000000000001,40.000000000017764,40.00000000167281,40.00000003551523,40.000000317123465,40.00000163798461,40.00000585826222,40.000016181336655,40.00003702369527,40.00007355066163,40.00013108091712,40.00021454377532,40.00032808907269,40.00047487148771,40.00065698464939,40.000875502927165,40.001130589135855,40.00142163461951,40.00174740815197,40.00210619887903,40.00249594518106,40.00291434589194
0.10559999999999999,40.0,40.0,40.00000000000001,40.00000000001589,40.00000000152865,40.000000032927716,40.00000029711342,40.00000154686924,40.000005567106435,40.00001545539903,40.00003551242023,40.00007080195707,40.00012657388884,40.00020773014771,40.00031843427193,40.000461889286925,40.000640262431325,40.00085471706967,40.001105511547564,40.001392132183206,40.001713437012725,40.00206779537036,40.00245321488506,40.002867451987925
0.10583999999999999,40.0,40.0,40.00000000000001,40.00000000001421,40.000000001396636,40.000000030523815,40.00000027832819,40.000001460655355,40.000005289922136,40.00001476092293,40.00003406093159,40.000068153438285,40.0001222194669,40.00020113242883,40.00030906768944,40.000449274367554,40.00062399096997,40.00083446763054,40.001081056238654,40.001363336398484,40.00168025403498,40.0020302576002,40.00241142317634,40.002821564236726
0.10608,40.0,40.0,40.00000000000001,40.000000000012705,40.00000000127578,40.00000002829088,40.00000026069543,40.000001379090456,40.00000502607362,40.000014096632015,40.00003266705164,40.00006560181181,40.00011801310639,40.00019474477683,40.00029998222554,40.00043701848004,40.00060816102252,40.00081474455915,40.00105721254764,40.00133523618791,40.001647847908586,40.00199357419108,40.0023705587542,40.002776671536
0.10631999999999998,40.0,40.0,40.00000000000001,40.000000000011354,40.00000000116516,40.00000002621708,40.00000024414691,40.00000130193452,40.00000477495285,40.00001346129949,40.00003132867891,40.000063143889165,40.00011395039541,40.000188561508004,40.00029117095958,40.000425113569705,40.00059276355178,40.00079553801635,40.001033970025965,40.00130782068468,40.001616207528656,40.00195773396291,40.00233061050556,40.00273276295991
0.10655999999999999,40.0,40.0,40.00000000000001,40.00000000001015,40.000000001063924,40.00000002429142,40.00000022861829,40.000001228959405,40.00000453597832,40.000012853746355,40.000030043785834,40.000060776584,40.00011002705197,40.000182577093625,40.00028262714679,40.00041355177383,40.000577789723536,40.00077683837216,40.0010113184361,40.00128107923112,40.00158532199438,40.00192272593217,40.002291567504486,40.00268982775894
0.10679999999999999,40.0,40.0,40.00000000000001,40.00000000000907,40.0000000009713,40.000000022503606,40.00000021404892,40.000001159948326,40.000004308594036,40.00001227283976,40.00002881041649,40.000058496909425,40.00010623892093,40.00017678615676,40.00027434421521,40.000402325418754,40.000563230903985,40.00075863620357,40.00098924774969,40.00125500137721,40.001555180607966,40.00188853931114,40.002253419011694,40.002647855359626
0.10704,40.0,40.0,40.00000000000001,40.0000000000081,40.000000000886565,40.00000002084406,40.00000020038159,40.00000109469529,40.00000409226842,40.00001171749137,40.00002762668437,40.000056301975285,40.00010258197107,40.000171183469206,40.00026631576265,40.00039142701706,40.00054907865712,40.00074092229229,40.000967748145754,40.00122957687912,40.00152577287348,40.00185516350711,40.00221615447404,40.00260683536432
0.10727999999999999,40.0,40.0,40.0,40.00000000000723,40.00000000080907,40.00000001930384,40.00000018756245,40.0000010330046,40.000003886493374,40.000011186655755,40.00002649077028,40.00005418898559,40.000099052292164,40.00016576394849,40.000258535553726,40.00038084926473,40.000535324742266,40.00072368762256,40.00094681000876,40.00120479569772,40.00149708849571,40.00182258812154,40.00217976352401,40.00256675755087
0.10751999999999999,40.0,40.0,40.0,40.00000000000646,40.000000000738204,40.00000001787461,40.000000175540684,40.00000097469039,40.00000369078328,40.00001067932893,40.00002540092024,40.00005215523596,40.000095646092156,40.00016052265485,40.00025099751691,40.000370585038425,40.000521961111524,40.00070692337899,40.00092642392687,40.001180647997096,40.001469117379074,40.00179080294929,40.00214423597916,40.002527611872424
0.10776,40.0,40.0,40.0,40.00000000000576,40.00000000067342,40.0000000165486,40.00000016426848,40.000000919576124,40.00000350467411,40.000010194546846,40.000024355443465,40.00005019811121,40.00009235969437,40.00015545478841,40.00024369574166,40.00036062739275,40.000508979907345,40.00069062094439,40.000906580690106,40.00115712414313,40.00144184962645,40.001759797977755,40.00210956184158,40.002489388457
0.10799999999999998,40.0,40.0,40.0,40.000000000005144,40.0000000006142,40.000000015318555,40.00000015370074,40.00000086749419,40.00000332772256,40.00000973138399,40.000023352710436,40.00004831508287,40.00008918953486,40.00015055568628,40.000236624475626,40.00035096955757,40.00049637346008,40.00067477189766,40.000887271288555,40.001134214701985,40.00141527553807,40.00172956338604,40.002075731297346,40.002452077607266
0.10823999999999999,40.0,40.0,40.0,40.00000000000459,40.000000000560085,40.00000001417774,40.000000143795035,40.00000081828546,40.00000315950514,40.00000928895201,40.000022391151,40.00004650370692,40.000086132159716,40.0001458208198,40.000229778121856,40.00034160493542,40.000484134285614,40.00065936801165,40.00086848691057,40.00111191043869,40.001389385610366,40.00170008954416,40.002042734715936,40.00241566980016
0.10848,40.0,40.0,40.0,40.00000000000409,40.00000000051064,40.000000013119866,40.00000013451139,40.00000077179889,40.000002999617436,40.000008866398396,40.00002146925251,40.000044761621474,40.000083184222525,40.00014124579183,40.000223151236085,40.00033252709886,40.00047225508295,40.00064440125112,40.00085021894103,40.001090202315694,40.00136417053485,40.00167136701213,40.00201056264965,40.00238015568652
0.10872,40.0,40.0,40.0,40.00000000000365,40.00000000046546,40.000000012139076,40.00000012581218,40.000000727891134,40.00000284767328,40.0000084629052,40.000020585558055,40.000043086544586,40.00008034248184,40.00013682633406,40.00021673852408,40.000323729788,40.00046072873192,40.00062986377068,40.0008324589596,40.0010690814914,40.00133962119697,40.00164338653919,40.001979205833024,40.002345526090764
0.10895999999999999,40.0,40.0,40.0,40.000000000003254,40.00000000042421,40.0000000112299,40.00000011766197,40.00000068642619,40.00000270330401,40.00000807768781,40.00001973866476,40.0000414762721,40.000077603798715,40.00013255830442,40.00021053483903,40.00031520690795,40.0004495482909,40.00061574791273,40.000815198738934,40.00104853931879,40.00131572867499,40.0016161390629,40.001948655182204,40.002311772010465
0.10919999999999999,40.0,40.0,40.0,40.0000000000029,40.00000000038654,40.000000010387275,40.00000011002743,40.00000064727503,40.00000256615776,40.000007709993746,40.00001892722206,40.00003992867554,40.00007496513436,40.00012843768458,40.00020453517896,40.00030695252637,40.000438706994515,40.00060204620547,40.00079843024303,40.00102856734392,40.00129248423885,40.00158961570829,40.00191890179439,40.002278884616004
0.10944,40.0,40.0,40.0,40.000000000002586,40.000000000352145,40.00000000960647,40.00000010287718,40.000000610315276,40.00000243589874,40.00000735910153,40.00001814993012,40.0000384417001,40.000072423547785,40.000124460577375,40.00019873468427,40.00029896087112,40.00042819825142,40.00058875136096,40.0007821456255,40.0010091573046,40.00126987934905,40.001563807787015,40.001889936947144,40.00224685525011
0.10967999999999999,40.0,40.0,40.0,40.0000000000023,40.00000000032075,40.00000000888306,40.00000009618172,40.00000057543088,40.00000231220662,40.00000702431957,40.000017405538266,40.00003701336264,40.0000699761935,40.000120623204445,40.00019312863524,40.00029122632781,40.00041801564216,40.00057585627309,40.00076633722786,40.000990301128944,40.00124790565552,40.00153870679649,40.00186175209782,40.00221567542747
0.10991999999999999,40.0,40.0,40.0,40.00000000000205,40.000000000292104,40.000000008212986,40.00000008991329,40.00000054251181,40.00000219477584,40.000006704985104,40.00001669284344,40.000035641749804,40.00006762031936,40.000116921903846,40.00018771244965,40.00028374343754,40.000408152916954,40.000563354015725,40.000750997577924,40.00097199093398,40.00122655499647,40.00151430441899,40.001834338882894,40.00218533683434
0.11016,40.0,40.0,40.0,40.000000000001826,40.00000000026597,40.00000000759241,40.00000008404578,40.0000005114538,40.00000208331502,40.000006400463135,40.00001601068874,40.000034325016124,40.00006535326438,40.00011335312771,40.000182481680426,40.000276506894586,40.00039860399363,40.000551237840796,40.00073611938812,40.00095421902426,40.00120581939733,40.00149059252082,40.00180768911734,40.002155831328004
0.11039999999999998,40.0,40.0,40.0,40.00000000000163,40.000000000242125,40.000000007017796,40.00000007855464,40.00000048215801,40.00000197754639,40.00000611014549,40.00001535796201,40.000033061382226,40.00006317245664,40.00010991344002,40.00017743201332,40.000269511544204,40.0003893629555,40.0005395011764,40.000721695553864,40.00093697789055,40.00118569106957,40.0014675631514,40.00178179479396,40.0021271509364
0.11063999999999999,40.0,40.0,40.0,40.00000000000145,40.00000000022038,40.00000000648584,40.00000007341682,40.00000045453081,40.00000187720521,40.00000583344984,40.00001473359446,40.000031849133094,40.00006107541124,40.00010659951438,40.000172559264676,40.00026275238041,40.00038042404936,40.00052813762496,40.00070771915197,40.000920260208375,40.00116616240965,40.00144520854244,40.00175664808275,40.00209928785764
0.11087999999999999,40.0,40.0,40.0,40.000000000001286,40.00000000020055,40.000000005993485,40.00000006861062,40.00000042848354,40.00000178203923,40.00000556981879,40.00001413655933,40.00003068661632,40.000059059728336,40.00010340813188,40.000167859379246,40.00025622454384,40.00037178168345,40.00051714096147,40.000694183439045,40.00090405883678,40.001147225997876,40.00142352110703,40.001732241330174,40.002072234459504
0.11112,40.0,40.0,40.0,40.000000000001144,40.000000000182474,40.00000000553787,40.00000006411568,40.000000403932205,40.00000169180818,40.000005318718955,40.000013565870596,40.00002957224051,40.0000571230912,40.00010033617897,40.00016332842801,40.00024992331967,40.0003634304255,40.00050650513162,40.00068108184994,40.000888366816916,40.00112887459729,40.00140249343875,40.0017085670586,40.00204598327899
0.11135999999999999,40.0,40.0,40.0,40.000000000001016,40.000000000166004,40.000000005116355,40.000000059912864,40.000000380797324,40.000001606283284,40.00000507964019,40.000013020581754,40.00002850447364,40.00005526326436,40.000097380645464,40.000158962606086,40.00024384413556,40.00035536500079,40.00049622425012,40.00066840799621,40.00087317737075,40.00111110115263,40.001382118310836,40.00168561796552,40.002020527021784
0.11159999999999999,40.0,40.0,40.0,40.0000000000009,40.00000000015099,40.00000000472648,40.0000000559842,40.000000359003685,40.000001525246766,40.000004852094676,40.000012499784596,40.00002748184155,40.00005347809173,40.00009453862252,40.00015475823072,40.000237982559604,40.00034758029027,40.000486292598914,40.000656155664544,40.00085848389976,40.001093898789186,40.00136238867527,40.00166338692293,40.00199585856179
0.11184,40.0,40.0,40.0,40.0000000000008,40.00000000013731,40.00000000436595,40.000000052312835,40.000000338480106,40.00000144849142,40.00000463561622,40.00001200260809,40.000026502926396,40.000051765494916,40.00009180730073,40.00015071173922,40.000232334298424,40.00034007132866,40.000476704625534,40.00064431881531,40.00084427998363,40.00107726081174,40.00134329766191,40.0016418669766,40.001971970940595
0.11207999999999999,40.0,40.0,40.0,40.00000000000072,40.00000000012486,40.00000000403265,40.000000048882924,40.0000003191593,40.000001375820155,40.00000442975943,40.00001152821721,40.00002556636524,40.00005012347146,40.00008918396819,40.00014681968707,40.00022689519518,40.00033283330267,40.000467454941365,40.000632891581056,40.00083055937898,40.0010611807035,40.001324838577624,40.00162105134542,40.001948857366926
0.11231999999999999,40.0,40.0,40.0,40.00000000000063,40.000000000113516,40.0000000037246,40.00000004567963,40.00000030097764,40.0000013070456,40.00000423409902,40.000011075811905,40.00002467084864,40.00004855009316,40.000086666008734,40.00014307874599,40.000221661227776,40.0003258615492,40.000458538320075,40.00062186826504,40.00081731601811,40.001045652125036,40.0013070049054,40.0016009334207,40.001926511216155
0.11256,40.0,40.0,40.0,40.00000000000056,40.00000000010319,40.00000000343998,40.00000004268901,40.00000028387502,40.00000124198971,40.00000404822912,40.000010644626066,40.00002381511928,40.00004704350451,40.0000842509001,40.000139485702114,40.00021662850693,40.00031915155358,40.000449949695955,40.0006112433398,40.0008045440077,40.00103066891318,40.00128979030347,40.001581506765426,40.00190492602974
0.11279999999999998,40.0,40.0,40.0,40.000000000000504,40.0000000000938,40.00000000317708,40.000000039898026,40.00000026779465,40.000001180483366,40.0000038717626,40.00001023392648,40.00002299797067,40.00004560192109,40.00008193621224,40.000136037454176,40.000211793274445,40.000312698947894,40.00044168416237,40.00060101144574,40.00079223762765,40.001016225080015,40.001273188604465,40.00156276511362,40.00188409551467
0.11303999999999999,40.0,40.0,40.0,40.00000000000045,40.00000000008525,40.000000002934335,40.00000003729443,40.000000252682916,40.00000112236604,40.000003704330396,40.00000984301193,40.00002221824587,40.000044223628066,40.000079719605615,40.00013273101175,40.00020715190146,40.00030649950925,40.00043373697017,40.000591167389715,40.00078039132979,40.00100231481182,40.0012571938145,40.001544702369586,40.00186401354291
0.11327999999999999,40.0,40.0,40.0,40.0000000000004,40.00000000007747,40.00000000271029,40.000000034866765,40.00000023848926,40.00000106748542,40.00000354558094,40.00000947121222,40.00002147483628,40.00004290697877,40.0000775988296,40.000129563493566,40.000202700886746,40.00030054915821,40.000426103526245,40.00058170614369,40.0007689997367,40.000988932468026,40.00124180011236,40.00152731260721,40.00184467415083
0.11352,40.0,40.0,40.0,40.00000000000035,40.00000000007041,40.00000000250357,40.0000000326043,40.00000022516597,40.00000101569713,40.00000339517956,40.00000911788732,40.000020766680485,40.000041650393214,40.00007557172088,40.00012653212582,40.000198436855,40.000294843957136,40.000418779391936,40.00057262284338,40.000758057640525,40.0009760725802,40.00122700184857,40.001510590069266,40.00182607153868
0.11375999999999999,40.0,40.0,40.0,40.00000000000031,40.00000000006398,40.000000002312945,40.00000003049699,40.0000002126681,40.000000966864356,40.00000325280791,40.00000878242651,40.00002009276307,40.000040452356785,40.000073636201925,40.0001236342406,40.0001943565553,40.00028938010867,40.00041176028166,40.0005639127869,40.00074756000179,40.000963729851,40.00121279354458,40.00149452916668,40.001808200069924
0.11399999999999999,40.0,40.0,40.0,40.00000000000028,40.000000000058144,40.00000000213724,40.00000002853545,40.00000020095331,40.00000092085761,40.0000031181634,40.000008464247536,40.000019452113584,40.00003931141888,40.00007179027954,40.000120867274326,40.00019045685947,40.00028415395418,40.00040504206143,40.0005555714335,40.000737501948244,40.000951899153215,40.0011991698919,40.001479124477804,40.001791054270726
0.11424,40.0,40.0,40.0,40.00000000000025,40.00000000005284,40.00000000197539,40.00000002671092,40.00000018998177,40.0000008775544,40.000002990958755,40.000008162795844,40.00001884380544,40.00003822619168,40.000070032043396,40.000118228766205,40.00018673476061,40.00027916197231,40.0003986207475,40.00054759440226,40.00072787877371,40.0009405755287,40.00118612575122,40.00146437074773,40.001774628829324
0.11447999999999998,40.0,40.0,40.0,40.00000000000022,40.00000000004803,40.00000000182639,40.00000002501519,40.000000179716025,40.00000083683897,40.00000287092144,40.00000787754385,40.00001826695494,40.000037195348874,40.00006835966468,40.00011571635677,40.000183187371555,40.000274400777485,40.00039249250495,40.00053997747085,40.000718685936974,40.00092975418746,40.00117365615156,40.00145026288754,40.00175891859545
0.11471999999999999,40.0,40.0,40.0,40.00000000000019,40.00000000004366,40.000000001689344,40.00000002344062,40.0000001701209,40.00000079860209,40.00000275779327,40.000007607990185,40.0000177207203,40.000036217624526,40.00006677139474,40.00011332778649,40.00017981192347,40.00026986711855,40.000386653646395,40.00053271657428,40.000709919060654,40.0009194305066,40.001161756289434,40.00143679597357,40.0017439185797
0.11495999999999999,40.0,40.0,40.0,40.00000000000017,40.00000000003971,40.00000000156338,40.00000002198009,40.000000161163385,40.000000762740726,40.000002651329886,40.000007353659,40.00001720430072,40.000035291811905,40.00006526556382,40.00011106089436,40.00017660576444,40.00026555787735,40.00038110063064,40.00052580780369,40.00070157393012,40.00090960002939,40.00115042152802,40.00142396524673,40.00172962395294
0.1152,40.0,40.0,40.0,40.00000000000015,40.000000000036124,40.000000001447724,40.00000002062696,40.00000015281253,40.0000007291579,40.00000255130039,40.000007114099354,40.000016716935484,40.000034416762404,40.00006384057978,40.00010891361661,40.00017356635808,40.000261470067436,40.00037583006145,40.000519247405215,40.000693646492415,40.00090025846429,40.001139647396265,40.00141176611174,40.0017160300457
0.11543999999999999,40.0,40.0,40.0,40.000000000000135,40.000000000032884,40.00000000134166,40.000000019375065,40.00000014503941,40.00000069776241,40.00000245748691,40.000006888884556,40.00001625790313,40.00003359138451,40.00006249492695,40.00010688398535,40.00017069128228,40.00025760083273,40.00037083868625,40.00051303177875,40.000686132855186,40.000891401684044,40.00112942958808,40.0014001941364,40.00170313234751
0.11567999999999999,40.0,40.0,40.0,40.00000000000012,40.00000000002995,40.00000000124452,40.00000001821868,40.00000013781695,40.00000066846865,40.00000236968422,40.00000667761157,40.000015826520595,40.000032814642765,40.00006122716495,40.00010497012744,40.00016797822788,40.00025394744629,40.00036612339496,40.00050715747687,40.00067902928565,40.000883025724654,40.00111976396153,40.0013892450509,40.001690926506306
0.11592,40.0,40.0,40.0,40.00000000000011,40.000000000027306,40.0000000011557,40.00000001715247,40.000000131119926,40.00000064119643,40.000002287699395,40.000006479900456,40.00001542214252,40.00003208555683,40.0000600359276,40.000103170263195,40.00016542499746,40.00025050730907,40.000361681218806,40.00050162120367,40.00067233220956,40.000875126784535,40.00111064653795,40.00137891474705,40.001679408327796
0.11615999999999999,40.0,40.0,40.0,40.00000000000009,40.00000000002492,40.000000001074625,40.00000001617155,40.000000124924846,40.00000061587075,40.00000221135145,40.00000629539381,40.0000150441604,40.00003140320058,40.000058919921855,40.0001014827053,40.00016302950415,40.00024727794873,40.00035750932913,40.00049641981372,40.00066603821021,40.00086770122354,40.001102073501166,40.00136919927756,40.00166857377482
0.11639999999999999,40.0,40.0,40.0,40.000000000000085,40.000000000022766,40.0000000010008,40.00000001527135,40.000000119209886,40.00000059242168,40.000002140471004,40.00000612375629,40.00001469200198,40.00003076670118,40.0000578779268,40.00009990585767,40.000160789770476,40.0002442570185,40.00035360503632,40.000491550311,40.000660144027435,40.000860745562086,40.00109404119664,40.00136009485533,40.00165841896668
0.11664,40.0,40.0,40.0,40.00000000000008,40.00000000002084,40.000000000933746,40.0000000144477,40.00000011395483,40.000000570784145,40.0000020749,40.000005964674116,40.000014365130525,40.00003017523828,40.000056908792665,40.00009843821442,40.000158703927255,40.00024144229605,40.000349965788686,40.0004870098478,40.000654646556626,40.000854256480245,40.0010865461307,40.00135159785269,40.00164894017852
0.11687999999999998,40.0,40.0,40.0,40.000000000000064,40.000000000019114,40.00000000087304,40.000000013696756,40.00000010914103,40.00000055089782,40.00000201449142,40.00000581785457,40.000014063044205,40.000029628043244,40.00005601143993,40.000097078358834,40.00015677021253,40.00023883168242,40.000346589171414,40.00048279572378,40.00064954284779,40.00084823081684,40.00107958496969,40.00134370480068,40.00164013384068
0.11711999999999999,40.0,40.0,40.0,40.00000000000006,40.00000000001757,40.00000000081829,40.000000013015,40.00000010475128,40.00000053270698,40.00000195910897,40.00000568302566,40.000013785275506,40.00002912439833,40.0000551848584,40.000095824962386,40.00015498697055,40.00023642320096,40.00034347290554,40.00047890538492,40.0006448301046,40.00084266556861,40.00107315453917,40.00133641238835,40.001631996538
0.11735999999999999,40.0,40.0,40.0,40.00000000000006,40.0000000000162,40.00000000076914,40.00000001239922,40.00000010076985,40.00000051616033,40.00000190862688,40.00000555993562,40.00001353139067,40.00002866363606,40.00005442810641,40.00009467678382,40.00015335265077,40.000234214996375,40.00034061484695,40.000475336422575,40.00064050568347,40.000837557889305,40.00106725182315,40.001329717461964,40.001624525009206
0.1176,40.0,40.0,40.0,40.00000000000005,40.00000000001499,40.00000000072529,40.00000001184651,40.00000009718239,40.000000501210934,40.00000186292965,40.00000544835261,40.00001330098913,40.000028245138445,40.000053740309994,40.000093632668246,40.000151865806934,40.00023220533368,40.00033801298538,40.00047208657254,40.000636567092684,40.000832905088856,40.001061873963266,40.00132361702435,40.0016177161462
0.11783999999999999,40.0,40.0,40.0,40.00000000000004,40.00000000001393,40.000000000686434,40.000000011354246,40.00000009397587,40.00000048781609,40.000001821911816,40.0000053480643,40.00001309370305,40.00002786833645,40.00005312066216,40.00009269154635,40.00015052509613,40.00023039259734,40.00033566544355,40.00046915371413,40.00063301199146,40.00082870463253,40.00105701825799,40.00131810823408,40.001611566993425
0.11807999999999999,40.0,40.0,40.0,40.00000000000004,40.000000000013,40.000000000652335,40.00000001092007,40.000000091138595,40.000000475937185,40.000001785477785,40.00000525887759,40.000012909196855,40.00002753270933,40.00005256842215,40.000091852433506,40.000149329277974,40.00022877529032,40.00033357047618,40.000466535869236,40.0006298381891,40.0008249541401,40.00105268216186,40.001313188404836,40.00160607474718
0.11832,40.0,40.0,40.0,40.000000000000036,40.0000000000122,40.00000000062276,40.00000001054189,40.0000000886601,40.00000046553967,40.00000175354161,40.00000518061829,40.00001274716678,40.0000272377841,40.000052082914785,40.00009111442909,40.00014827721375,40.000227352033235,40.000331726469156,40.00046423120152,40.00062704364415,40.00082165138502,40.001048863284716,40.00130885500459,40.00160123675492
0.11855999999999998,40.0,40.0,40.0,40.000000000000036,40.000000000011525,40.00000000059753,40.00000001021788,40.00000008653119,40.00000045659293,40.00000172602684,40.00000511313085,40.00001260734047,40.000026983135,40.00005166352984,40.00009047671572,40.00014736786565,40.00022612156355,40.00033013193867,40.000462238015515,40.00062462646357,40.000818794293615,40.00104555939089,40.00130510565494,40.00159705051461
0.11879999999999999,40.0,40.0,40.0,40.00000000000003,40.000000000010964,40.000000000576456,40.000000009946454,40.00000008474383,40.00000044907019,40.00000170286638,40.00000505627807,40.00001248947666,40.000026768383016,40.000051309721435,40.000089938558595,40.00014660029599,40.00022508273475,40.00032878553042,40.00046055475583,40.00062258490187,40.000816380944315,40.00104276839846,40.00130193813036,40.00159351367402
0.11903999999999999,40.0,40.0,40.0,40.00000000000003,40.000000000010516,40.00000000055941,40.000000009726264,40.0000000832912,40.000000442948505,40.00000168400232,40.000005009940935,40.00001239336476,40.00002659319545,40.000051021007515,40.000089499304856,40.00014597366656,40.000224234515606,40.00032768601878,40.00045918000634,40.00062091736037,40.000814409566814,40.00104048837853,40.00129935035746,40.00159062403003
0.11927999999999998,40.0,40.0,40.0,40.00000000000003,40.00000000001017,40.00000000054628,40.0000000095562,40.0000000821676,40.00000043820865,40.00000166938585,40.00000497401836,40.00001231882464,40.00002645728548,40.00005079696932,40.00008915838299,40.00014548723791,40.000223575989445,40.00032683230609,40.00045811248939,40.00061962238639,40.00081287854135,40.00103871755437,40.001297340414276,40.00158837952795
0.11951999999999999,40.0,40.0,40.0,40.00000000000003,40.00000000000992,40.000000000536964,40.00000000943538,40.00000008136848,40.000000434835094,40.00000165897713,40.00000494842702,40.00001226570626,40.000026360411816,40.000050637250915,40.000088915302264,40.00014514036873,40.00022310635346,40.00032622342188,40.00045735106506,40.00061869867247,40.00081178639792,40.00103745430081,40.001295906529535,40.00158677826082
0.11975999999999999,40.0,40.0,40.0,40.00000000000003,40.00000000000978,40.0000000005314,40.00000000936315,40.000000080890416,40.00000043281594,40.00000165274519,40.000004933101174,40.0000122338895,40.00002630237835,40.00005054155878,40.00008876965222,40.000144932515276,40.00022282491807,40.00032585852222,40.00045689473045,40.00061814505564,40.000811131815496,40.00103669714335,40.001295047081925,40.00158581846872
0.12,40.0,40.0,40.0,40.00000000000003,40.00000000000973,40.000000000529546,40.000000009339075,40.00000008073106,40.00000043214288,40.00000165066788,40.000004927992556,40.00001222328391,40.00002628303387,40.000050509661406,40.00008872110221,40.00014486323079,40.00022273110627,40.000325736888996,40.00045674261891,40.0006179605167,40.00081091362136,40.001036444757524,40.00129476059939,40.00158549853801
