Position_m,Temperature_t=0.00000000s,Temperature_t=1.08108108s,Temperature_t=2.16216216s,Temperature_t=3.24324324s,Temperature_t=4.32432432s,Temperature_t=5.40540541s,Temperature_t=6.48648649s,Temperature_t=7.56756757s,Temperature_t=8.64864865s,Temperature_t=9.72972973s,Temperature_t=10.81081081s,Temperature_t=11.89189189s,Temperature_t=12.97297297s,Temperature_t=14.05405405s,Temperature_t=15.13513514s,Temperature_t=16.21621622s,Temperature_t=17.29729730s,Temperature_t=18.37837838s,Temperature_t=19.45945946s
-0.12,20.0,20.0,20.000000000000878,20.000000001268074,20.000000075977912,20.000001032679563,20.00000625011928,20.000023206027315,20.00006274679022,20.00013655091641,20.00025451894571,20.000423185544097,20.000645288148412,20.000920142050788,20.001244406233983,20.00161293542983,20.002019547944176,20.002457638982687,20.00292062886962
-0.11975999999999999,20.0,20.0,20.00000000000088,20.000000001271953,20.000000076118937,20.000001033959844,20.00000625563565,20.000023221290196,20.000062778618833,20.000136605786814,20.00025460172013,20.000423298906366,20.000645432630655,20.000920316400993,20.001244607908173,20.001613161072918,20.002019793793945,20.002457901176935,20.002920903661163
-0.11951999999999999,20.0,20.0,20.0000000000009,20.00000000128358,20.00000007654202,20.000001037800686,20.000006272184763,20.000023267078838,20.00006287410467,20.000136770398033,20.000254850043394,20.000423638993173,20.000645866077377,20.000920839451616,20.001245212930737,20.001613838002182,20.00202053134326,20.00245868775968,20.002921728035787
-0.11927999999999998,20.0,20.0,20.000000000000924,20.000000001303043,20.000000077249098,20.000001044215388,20.00000629981317,20.00002334350358,20.0000630334525,20.00013704507296,20.00025526437018,20.000424206394573,20.0006465892093,20.00092171204334,20.001246222247904,20.001614967253072,20.00202176169998,20.002459999894874,20.00292310319829
-0.11903999999999999,20.0,20.0,20.00000000000096,20.00000000133046,20.000000078243037,20.000001053222576,20.000006338583084,20.000023450705687,20.000063256914522,20.00013743019609,20.00025584522632,20.000425001776176,20.00064760282243,20.000922935088244,20.001247636870904,20.00161654991819,20.002023486020622,20.002461838786573,20.002925030385413
-0.11879999999999999,20.0,20.0,20.00000000000101,20.000000001365997,20.000000079527616,20.000001064846227,20.000006388572487,20.000023588857513,20.000063544790656,20.000137926213803,20.000256593209148,20.00042602587949,20.000648907788403,20.000924509570122,20.00124945787626,20.001618587147526,20.002025705510565,20.00246420567913,20.002927510865955
-0.11855999999999998,20.0,20.0,20.00000000000107,20.000000001409866,20.000000081107544,20.00000107911573,20.00000644987525,20.000023758162726,20.000063897428802,20.000138533634733,20.000257508987847,20.00042727952228,20.000650505054818,20.00092643654478,20.00125168640605,20.001621080148727,20.002028421424267,20.002467101857345,20.00293054594095
-0.11832,20.0,20.0,20.00000000000114,20.000000001462322,20.000000082988485,20.000001096065965,20.00000652260128,20.00002395885653,20.00006431522515,20.000139253030078,20.00025859330382,20.000428763598944,20.000652395645595,20.000928717140372,20.00125432366822,20.00162403018732,20.00203163506545,20.00247052864666,20.00293413694376
-0.11807999999999999,20.0,20.0,20.000000000001226,20.000000001523667,20.000000085177064,20.00000111573734,20.000006606876674,20.000024191205917,20.00006479862449,20.000140085033987,20.000259846971062,20.00043047908085,20.000654580661298,20.000931352557675,20.001257370936806,20.00162743858693,20.002035347787295,20.002474487413274,20.00293828524023
-0.11783999999999999,20.0,20.0,20.000000000001325,20.000000001594252,20.000000087680895,20.00000113817591,20.000006702843894,20.00002445550993,20.000065348120568,20.000141030343936,20.00026127087655,20.000432427016737,20.00065706127949,20.000934344070423,20.00126082955223,20.001631306729514,20.002039560992625,20.0024789795643,20.002942992228764
-0.1176,20.0,20.0,20.000000000001442,20.00000000167448,20.0000000905086,20.000001163433424,20.000006810661958,20.000024752099954,20.000065964256432,20.000142089721102,20.00026286598064,20.000434608533073,20.000659838755062,20.000937693025584,20.001264700921535,20.001635636055568,20.002044276134068,20.00248400654792,20.002948259340446
-0.11735999999999999,20.0,20.0,20.000000000001574,20.000000001764803,20.000000093669833,20.000001191567463,20.000006930506636,20.00002508134004,20.000066647624823,20.000143263990807,20.000264633317467,20.00043702483444,20.00066291442058,20.00094140084366,20.001268986518635,20.001640428064327,20.002049494714228,20.002489569853484,20.00295408803914
-0.11711999999999999,20.0,20.0,20.000000000001723,20.00000000186573,20.000000097175313,20.00000122264152,20.000007062570692,20.000025443627216,20.00006739886858,20.000144554042908,20.000266573995365,20.000439677203907,20.000666289686617,20.000945469018976,20.001273687884563,20.00164568431396,20.00205521828583,20.002495671011634,20.00296047982157
-0.11687999999999998,20.0,20.0,20.000000000001894,20.000000001977824,20.000000101036854,20.000001256725124,20.000007207064115,20.000025839391864,20.00006821868104,20.000145960832278,20.0002686891973,20.00044256700344,20.00066996604209,20.000949899119966,20.001278806627692,20.00165140642176,20.002061448451876,20.002502311594434,20.002967436217396
-0.11664,20.0,20.0,20.000000000002085,20.00000000210171,20.00000010526739,20.000001293893973,20.00000736421438,20.00002626909807,20.00006910780652,20.000147485379237,20.00027098018129,20.00044569567427,20.00067394505461,20.000954692789445,20.001284344423972,20.00165759606432,20.00206818686577,20.00250949321544,20.00297495878929
-0.11639999999999999,20.0,20.0,20.0000000000023,20.000000002238075,20.00000010988102,20.000001334230067,20.000007534266715,20.00002673324404,20.000070067040745,20.000149128770047,20.000273448280883,20.000449064737303,20.000678228370802,20.000959851744902,20.001290303017146,20.001664254977698,20.002075435231458,20.002517217529814,20.002983049133
-0.11615999999999999,20.0,20.0,20.00000000000254,20.000000002387676,20.00000011489306,20.000001377821842,20.000007717484408,20.000027232362527,20.000071097231352,20.00015089215739,20.000276094905587,20.00045267579352,20.000682817716644,20.000965377778744,20.00129668421896,20.001671384957586,20.002083195303527,20.002525486234397,20.002991708877385
-0.11592,20.0,20.0,20.00000000000281,20.000000002551335,20.000000120320045,20.000001424764346,20.000007914149116,20.00002776702124,20.000072199278403,20.000152776760892,20.000278921541355,20.00045653052439,20.000687714897815,20.000971272758594,20.00130348990937,20.001678987859464,20.00209146888734,20.002534301067783,20.00300093968449
-0.11567999999999999,20.0,20.0,20.00000000000311,20.000000002729948,20.00000012617983,20.000001475159397,20.000008124561184,20.000028337823338,20.000073374134892,20.00015478386764,20.00028192975105,20.00046063069225,20.000692921800013,20.000977538627527,20.001310722036738,20.00168706559873,20.002100257839107,20.002543663810382,20.003010743249554
-0.11543999999999999,20.0,20.0,20.000000000003443,20.00000000292449,20.0000001324916,20.00000152911575,20.00000834904001,20.000028945407905,20.000074622807322,20.000156914832736,20.00028512117496,20.00046497814075,20.000698440389286,20.000984177404337,20.001318382618024,20.001695620150855,20.002109564065996,20.002553576284484,20.003021121301053
-0.1152,20.0,20.0,20.000000000003816,20.000000003136027,20.000000139275933,20.000001586749303,20.0000085879244,20.00002959045045,20.00007594635625,20.000159171079837,20.000288497531272,20.000469574795268,20.000704272712383,20.000991191183793,20.001326473738978,20.00170465355149,20.002119389526214,20.002564040354283,20.003032075600714
-0.11495999999999999,20.0,20.0,20.00000000000423,20.000000003365695,20.00000014655486,20.000001648183286,20.00000884157295,20.000030273663462,20.0000773458969,20.000161554101755,20.00029206061659,20.00047442266331,20.000710420897065,20.000998582136873,20.001334997554295,20.0017141678966,20.00212973622906,20.002575057925952,20.00304360794353
-0.11471999999999999,20.0,20.0,20.000000000004693,20.000000003614744,20.000000154351927,20.000001713548475,20.000009110364473,20.000030995796937,20.000078822599768,20.000164065461036,20.00029581230646,20.000479523834954,20.00071688715244,20.00100635251102,20.0013439562878,20.001724165342566,20.002140606235024,20.00258663094763,20.00305572015774
-0.11447999999999998,20.0,20.0,20.00000000000521,20.00000000388451,20.00000016269225,20.0000017829834,20.000009394698402,20.000031757638983,20.000080377691255,20.000166706790573,20.000299754555904,20.000484880483274,20.00072367376929,20.001014504630373,20.001353352232606,20.001734648106282,20.002152001655794,20.002598761409462,20.00306841410486
-0.11424,20.0,20.0,20.000000000005777,20.00000000417643,20.00000017160259,20.000001856634608,20.00000969499525,20.0000325600164,20.000082012454342,20.00016947979423,20.000303889399948,20.000490494864774,20.00073078312041,20.001023040895994,20.001363187751263,20.001745618465254,20.002163924654337,20.002611451343608,20.003081691679636
-0.11399999999999999,20.0,20.0,20.00000000000641,20.000000004492076,20.000000181111428,20.000001934656876,20.000010011697054,20.000033403795317,20.000083728229257,20.0001723862475,20.000308218954185,20.000496369319826,20.000738217660913,20.0010319637861,20.001373465275908,20.00175707875768,20.002176377444922,20.002624702824242,20.003095554810024
-0.11375999999999999,20.0,20.0,20.00000000000711,20.00000000483312,20.00000019124903,20.000002017213493,20.00001034526789,20.000034289881842,20.00008552641417,20.000175427998137,20.00031274541533,20.000502506273115,20.00074597992856,20.001041275856284,20.0013841873084,20.001769031382512,20.002189362293137,20.00263851796753,20.003110005457163
-0.11352,20.0,20.0,20.000000000007887,20.000000005201365,20.000000202047538,20.000002104476515,20.000010696194348,20.00003521922272,20.00008740846595,20.00017860696687,20.000317471061788,20.000508908234064,20.000754072544094,20.001050979739723,20.001395356420442,20.00178147879954,20.002202881515917,20.002652898931622,20.00312504561533
-0.11327999999999999,20.0,20.0,20.000000000008747,20.000000005598753,20.000000213541046,20.000002196627065,20.00001106498609,20.000036192806064,20.000089375900878,20.000181925148066,20.000322398254248,20.00051557779731,20.000762498211536,20.0010610781474,20.001406975253722,20.00179442352943,20.002216937481542,20.002667847916634,20.003140677311894
-0.11303999999999999,20.0,20.0,20.000000000009702,20.00000000602737,20.0000002257657,20.000002293855612,20.00001145217637,20.000037211662036,20.000091430295427,20.000185384610454,20.000327529436255,20.000522517643134,20.000771259718533,20.001071573868302,20.00141904652001,20.001807868153772,20.00223153260963,20.002683367164575,20.003156902607227
-0.11279999999999998,20.0,20.0,20.00000000001076,20.00000000648946,20.000000238759785,20.000002396362294,20.000011858322626,20.000038276863627,20.00009357328707,20.00018898749785,20.000332867134833,20.00052973053792,20.000780359936645,20.001082469769603,20.001431573001263,20.001821815315125,20.002246669371136,20.00269945895934,20.003173723594678
-0.11256,20.0,20.0,20.00000000001193,20.000000006987428,20.000000252563833,20.000002504357234,20.00001228400705,20.000039389527416,20.00009580657507,20.000192736029902,20.000338413961067,20.00053721933462,20.00078980182167,20.00109376879689,20.001444557549735,20.00183626771703,20.00226235028831,20.00271612562663,20.003191142400457
-0.11231999999999999,20.0,20.0,20.000000000013227,20.00000000752385,20.000000267220717,20.000002618060883,20.00001272983723,20.000040550814365,20.00009813192134,20.000196632502846,20.00034417261075,20.000544986973207,20.00079958841396,20.001105473974313,20.001458003088054,20.001851228124046,20.00227857793468,20.002733369533875,20.003209161183563
-0.11207999999999999,20.0,20.0,20.000000000014662,20.000000008101505,20.000000282775765,20.000002737704385,20.000013196446766,20.000041761930653,20.00010055115128,20.00020067929029,20.00035014586498,20.00055303648113,20.000809722838735,20.001117588404796,20.001471912609304,20.001866699361727,20.002295354935,20.002751193090187,20.00322778213569
-0.11184,20.0,20.0,20.00000000001625,20.00000000872335,20.000000299276888,20.00000286352992,20.000013684495936,20.00004302412851,20.000103066154686,20.000204878844002,20.000356336590844,20.00056137097379,20.000820208306354,20.001130115270186,20.001486289177105,20.001882684316655,20.0023126839652,20.00276959874624,20.003247007481107
-0.11159999999999999,20.0,20.0,20.000000000018005,20.000000009392576,20.000000316774685,20.00000299579111,20.000014194672385,20.000044338707102,20.000105678886634,20.000209233694715,20.00036274774201,20.00056999365502,20.000831048112666,20.001143057831435,20.00150113592566,20.00189918593639,20.002330567752313,20.00278858899421,20.003266839476556
-0.11135999999999999,20.0,20.0,20.00000000001995,20.000000010112583,20.00000033532259,20.000003134753413,20.000014727691827,20.00004570701343,20.00010839136841,20.000213746452964,20.000369382359423,20.00057890781752,20.00084224563928,20.001156419428753,20.001516456059832,20.00191620722949,20.00234900907441,20.002808166367625,20.00328728041112
-0.11112,20.0,20.0,20.000000000022094,20.00000001088703,20.000000354976986,20.000003280694536,20.000015284298783,20.000047130443264,20.000111205688476,20.00021841980992,20.00037624357196,20.00058811684336,20.000853804353866,20.00117020348177,20.001532252855164,20.001933751265433,20.00236801076052,20.00282833344129,20.003308332606082
-0.11087999999999999,20.0,20.0,20.000000000024468,20.00000001171983,20.000000375797374,20.000003433904865,20.000015865267333,20.00004861044207,20.000114124003428,20.00022325653824,20.000383334597082,20.000597624204445,20.000865727810464,20.001184413489675,20.001548529657928,20.001951821174618,20.00238757569052,20.002849092831127,20.0033299984148
-0.11063999999999999,20.0,20.0,20.00000000002709,20.000000012615164,20.000000397846488,20.00000359468793,20.000016471401896,20.000050148506034,20.000117148539,20.00022825949297,20.00039065874155,20.00060743346298,20.000878019649747,20.001199053031364,20.00156528988516,20.00197042014828,20.002407706795047,20.00287044719407,20.00335228022254
-0.11039999999999998,20.0,20.0,20.00000000002999,20.000000013577512,20.00000042119048,20.000003763360855,20.000017103538053,20.000051746183022,20.000120281591084,20.000233431612397,20.000398219402086,20.000617548271972,20.00089068359934,20.001214125765564,20.001582537024664,20.001989551438438,20.002428407055366,20.002892399227886,20.003375180446316
-0.11016,20.0,20.0,20.000000000033186,20.000000014611672,20.00000044589908,20.00000394025486,20.000017762543358,20.00005340507365,20.000123525526767,20.00023877591898,20.000406020066087,20.00062797237567,20.000903723474078,20.001229635430967,20.001600274635024,20.002009218357834,20.002449679503254,20.002914951671045,20.00339870153472
-0.10991999999999999,20.0,20.0,20.00000000003672,20.00000001572277,20.00000047204574,20.000004125715755,20.000018449318215,20.00005512683234,20.00012688278541,20.00024429552026,20.000414064312316,20.000638709610094,20.000917143176295,20.00124558584634,20.001618506345604,20.002029424279826,20.002471527220877,20.002938107302537,20.00342284596774
-0.10967999999999999,20.0,20.0,20.000000000040625,20.00000001691629,20.000000499707863,20.00000432010447,20.000019164796765,20.00005691316839,20.00013035587971,20.000249993609806,20.000422355811637,20.000649763903464,20.000930946696105,20.001261980910645,20.001637235856546,20.00205017263832,20.002493953340608,20.002961868941703,20.003447616256576
-0.10944,20.0,20.0,20.00000000004493,20.0000000181981,20.000000528966943,20.00000452379759,20.00001990994778,20.00005876584712,20.000133947396836,20.000255873468152,20.000430898327707,20.00066113927672,20.000945138111657,20.001278824603137,20.001656466938734,20.00207146692764,20.0025169610449,20.00298623944805,20.003473014943424
-0.10919999999999999,20.0,20.0,20.000000000049685,20.00000001957447,20.000000559908788,20.000004737187936,20.00002068577564,20.000060686690993,20.000137659999563,20.000261938463773,20.000439695717727,20.00067283984399,20.00095972158941,20.001296120983458,20.001676203433775,20.00209331070243,20.002540553566114,20.00301122172104,20.003499044601284
-0.10895999999999999,20.0,20.0,20.000000000054932,20.000000021052095,20.000000592623724,20.00000496068513,20.00002149332127,20.000062677580814,20.000141496427414,20.000268192054072,20.00044875193317,20.000684869813067,20.000974701384408,20.001313874191727,20.001696449253956,20.002115707577534,20.002564734186322,20.003036818699893,20.003525707833738
-0.10872,20.0,20.0,20.000000000060716,20.000000022638144,20.000000627206813,20.000005194716213,20.000022333663154,20.00006474045691,20.00014545949784,20.000274637786365,20.000458071020514,20.000697233485894,20.000990081840502,20.001332088448617,20.001717208382196,20.00213866122783,20.002589506237133,20.003063033363382,20.003553007274707
-0.10848,20.0,20.0,20.000000000067097,20.000000024340267,20.000000663758062,20.000005439726273,20.000023207918368,20.00006687732038,20.000149552107448,20.000281279298893,20.000467657121998,20.000709935259056,20.001005867390635,20.001350768055424,20.001738484871982,20.00216217538811,20.002614873099493,20.003089868729575,20.003580945588237
-0.10823999999999999,20.0,20.0,20.000000000074134,20.00000002616663,20.000000702382692,20.00000569617909,20.00002411724363,20.00006909023434,20.000153777233194,20.00028812032186,20.000477514476373,20.000722979624243,20.00102206255707,20.001369917394136,20.001760282847293,20.00218625385292,20.00264083820346,20.003117327855616,20.003609525468224
-0.10799999999999998,20.0,20.0,20.00000000008189,20.000000028125967,20.00000074319135,20.000005964557815,20.00002506283639,20.00007138132523,20.000158137933656,20.00029516467846,20.00048764741966,20.000736371168745,20.00103867195163,20.001389540927473,20.00178260650254,20.002210900476364,20.002667405028003,20.00314541383747,20.00363874963819
-0.10776,20.0,20.0,20.000000000090438,20.000000030227593,20.000000786300394,20.000006245365665,20.000026045935947,20.00007375278413,20.000162637350286,20.000302416285933,20.00049806038593,20.000750114575922,20.00105570027594,20.001409643198944,20.001805460102453,20.002236119171958,20.002694577100737,20.003174129809665,20.003668620850977
-0.10751999999999999,20.0,20.0,20.000000000099856,20.000000032481456,20.000000831832153,20.000006539126638,20.000027067824604,20.00007620686809,20.000167278708723,20.00030987915664,20.000508757908047,20.000764214625683,20.001073152321652,20.001430228832874,20.001828847981976,20.00226191391241,20.002722357997705,20.00320347894503,20.00369914188851
-0.10727999999999999,20.0,20.0,20.000000000110234,20.00000003489818,20.00000087991521,20.00000684638627,20.00002812982885,20.000078745901536,20.000172065320097,20.00031755739913,20.000519744618472,20.000778676194976,20.001091032970663,20.00145130253443,20.00185277454618,20.002288288729435,20.002750751343118,20.00323346445439,20.003730315561484
-0.10704,20.0,20.0,20.000000000121663,20.00000003748909,20.0000009306847,20.00000716771241,20.00002923332056,20.000081372277666,20.000177000582376,20.000325455219247,20.000531025250016,20.000793504258237,20.001109347195325,20.001472869089643,20.00187724427011,20.00231524771353,20.00277976080907,20.003264089586306,20.003762144709075
-0.10679999999999999,20.0,20.0,20.000000000134246,20.000000040266283,20.000000984282615,20.00000750369601,20.000030379718265,20.00008408845989,20.00018208798171,20.000333576921236,20.00054260463666,20.000808703887884,20.001128100058672,20.001494933365404,20.00190226169866,20.002342795013742,20.00280939011528,20.003295357626744,20.003794632198645
-0.10655999999999999,20.0,20.0,20.000000000148102,20.00000004324265,20.000001040858134,20.00000785495195,20.000031570488414,20.0000868969833,20.000187331093844,20.000341926908852,20.000554487714307,20.000824280254772,20.0011472967146,20.00151750030947,20.00192783144644,20.002370934837447,20.002839643028793,20.003327271898787,20.00382778092541
-0.10631999999999998,20.0,20.0,20.00000000016335,20.000000046431953,20.000001100567953,20.000008222119895,20.00003280714669,20.000089800456184,20.0001927335855,20.000350509686506,20.000566679521604,20.00084023862868,20.00116694240807,20.001540574950447,20.001953958197593,20.002399671450082,20.002870523363672,20.003359835762293,20.00386159381213
-0.10608,20.0,20.0,20.000000000180133,20.00000004984886,20.000001163576634,20.00000860586519,20.000034091259373,20.000092801561532,20.000198299215807,20.000359329860398,20.00057918520072,20.000856584378738,20.001187042475298,20.001564162397763,20.001980646705636,20.00242900917489,20.002902034980696,20.00339305261357,20.003896073808768
-0.10583999999999999,20.0,20.0,20.000000000198593,20.000000053509012,20.000001230056984,20.000009006879743,20.000035424444697,20.000095903058618,20.00020403183777,20.00036839213968,20.00059200999816,20.00087332297393,20.00120760234392,20.001588267841637,20.002007901793288,20.002458952392647,20.002934181787033,20.003426925885037,20.003931223892153
-0.10559999999999999,20.0,20.0,20.0000000002189,20.000000057429084,20.000001300190423,20.000009425883004,20.000036808374286,20.000099107784592,20.000209935399717,20.00037770133763,20.000605159265554,20.000890459983516,20.001228627533184,20.001612896553027,20.002035728352258,20.002489505541377,20.002966967735897,20.003461459044853,20.003967047065608
-0.10536,20.0,20.0,20.000000000241233,20.000000061626842,20.000001374167397,20.000009863622903,20.000038244774615,20.0001024186561,20.00021601394681,20.00038726237281,20.00061863846047,20.00090800107751,20.001250123654074,20.00163805388359,20.00206413134305,20.002520673116045,20.003000396826206,20.003496655596557,20.004003546358607
-0.10511999999999999,20.0,20.0,20.000000000265786,20.000000066121228,20.00000145218779,20.00001032087687,20.000039735428476,20.000105838670933,20.000222271622558,20.000397080270293,20.00063245314722,20.000925952027096,20.001272096409505,20.001663745265585,20.002093115794754,20.002552459668255,20.003034473102222,20.003532519078703,20.004040724826396
-0.10487999999999999,20.0,20.0,20.000000000292776,20.00000007093241,20.000001534461344,20.000010798452884,20.000041282176525,20.00010937090974,20.00022871267034,20.000407160162816,20.000646608997663,20.00094431870511,20.00129455159444,20.001689976211832,20.00212268680479,20.002584869805933,20.003069200653176,20.003569053064453,20.004078585549603
-0.10464,20.0,20.0,20.000000000322434,20.000000076081882,20.000001621208146,20.000011297190518,20.00004288691885,20.00011301853772,20.000235341434976,20.00041750729203,20.00066111179202,20.000963107086445,20.001317495096025,20.001716752315588,20.00215284953869,20.002617908192963,20.003104583612885,20.00360626116119,20.00411713163385
-0.10439999999999999,20.0,20.0,20.000000000355023,20.00000008159254,20.000001712659063,20.000011817962058,20.00004455161655,20.000116784806394,20.000242162364305,20.000428127009712,20.000675967419696,20.000982323248493,20.00134093289373,20.00174407925046,20.00218360922983,20.002651579548875,20.003140626159368,20.003644147010107,20.004156366209354
-0.10415999999999999,20.0,20.000000000000004,20.00000000039082,20.000000087488747,20.00000180905626,20.00001236167364,20.000046278293414,20.00012067305537,20.00024918001078,20.000439024778977,20.000691181880054,20.001001973371586,20.00136487105944,20.001771962770295,20.00221497117917,20.002685888648458,20.003177332514422,20.00368271428578,20.00419629243051
-0.10391999999999998,20.0,20.000000000000004,20.000000000430134,20.00000009379646,20.000001910653708,20.000012929266433,20.00004806903756,20.00012468671418,20.000256399033084,20.000450206175547,20.000706761283276,20.001022063739388,20.001389315757578,20.00180040870904,20.002246940754965,20.002720840321405,20.003214706943208,20.003721966695746,20.00423691347547
-0.10368,20.0,20.000000000000004,20.000000000473303,20.000000100543303,20.00000201771771,20.000013521717833,20.0000499260032,20.000128829304114,20.000263824197784,20.00046167688897,20.00072271185113,20.00104260073932,20.001414273245196,20.001829422980613,20.002279523392467,20.00275643945191,20.00325275375383,20.003761907980053,20.00427823254571
-0.10343999999999999,20.0,20.000000000000004,20.00000000052069,20.000000107758673,20.000002130527463,20.000014140042726,20.000051851412366,20.0001331044401,20.000271460380972,20.0004734427239,20.0007390399178,20.001063590862987,20.001439749872045,20.00185901157875,20.002312724593637,20.002792690978282,20.00329147729688,20.003802541910808,20.004320252865593
-0.10319999999999999,20.0,20.000000000000004,20.000000000572697,20.000000115473853,20.000002249375655,20.000014785294773,20.000053847556728,20.000137515832623,20.00027931256996,20.000485509601347,20.0007557519307,20.00108504070653,20.001465752080655,20.001889180576825,20.0023465499268,20.002829599892518,20.003330881964985,20.003843872291714,20.004362977681915
-0.10296,20.0,20.000000000000004,20.00000000062976,20.00000012372213,20.000002374569032,20.000015458567745,20.000055916799436,20.000142067289673,20.000287385864965,20.000497883559955,20.000772854451267,20.001106956971064,20.00149228640641,20.001919936127706,20.00238100502633,20.002867171239895,20.003370972192343,20.003885902957595,20.004406410263442
-0.10271999999999999,20.0,20.000000000000004,20.000000000692367,20.000000132538908,20.00000250642907,20.00001616099687,20.000058061577008,20.000146762718707,20.00029568548085,20.000510570757275,20.000790354155768,20.001129346463028,20.001519359477562,20.001951284463523,20.002416095592285,20.002905410118526,20.00341175245424,20.0039286377739,20.00445055390044
-0.10247999999999999,20.0,20.000000000000007,20.00000000076103,20.00000014196184,20.000002645292597,20.000016893760275,20.000060284401258,20.000151606128675,20.00030421674884,20.00052357747106,20.00080825783611,20.001152216094567,20.0015469780153,20.001983231895494,20.00245182739006,20.00294432167889,20.00345322726656,20.003972080636224,20.004495411904205
-0.10224,20.0,20.000000000000007,20.00000000083632,20.000000152030967,20.000002791512497,20.000017658080402,20.00006258786126,20.00015660163206,20.00031298511828,20.00053691010055,20.00082657240062,20.0011755728839,20.001575148833748,20.00201578481369,20.002488206250007,20.002983911123398,20.00349540118528,20.004016235469777,20.00454098760655
-0.102,20.0,20.000000000000007,20.000000000918863,20.000000162788854,20.00000294545841,20.00001845522553,20.000064974625378,20.000161753446946,20.000321996158426,20.000550575167768,20.00084530487487,20.00119942395567,20.001603878840005,20.0020489496868,20.002525238067037,20.003024183705886,20.003538278805944,20.00406110622889,20.004587284359328
-0.10175999999999999,20.0,20.00000000000001,20.000000001009333,20.000000174280757,20.000003107517465,20.00001928651131,20.000067447443303,20.000167065899127,20.00033125556022,20.000564579318823,20.000864462402426,20.00122377654129,20.001633175034108,20.0020827330619,20.002562928800213,20.003065144731135,20.003581864763152,20.004106696896446,20.004634305533912
-0.10151999999999999,20.0,20.00000000000001,20.000000001108475,20.000000186554757,20.000003278095058,20.000020153302344,20.000070009148182,20.000172543424263,20.000340769138095,20.00057892932522,20.000884052245684,20.00124863797928,20.00166304450904,20.002117141564174,20.002601284472348,20.003106799554374,20.003626163729997,20.004153011483385,20.004682054520668
-0.10128,20.0,20.000000000000014,20.00000000121709,20.00000019966196,20.00000345761565,20.00002105701382,20.000072662658752,20.00017819057003,20.000350542831825,20.000593632085156,20.000904081786597,20.00127401571558,20.0016934944507,20.00215218189664,20.00264031116956,20.003149153580733,20.00367118041753,20.004200054028114,20.004730534728445
-0.10103999999999999,20.0,20.000000000000014,20.00000000133606,20.000000213656655,20.0000036465236,20.000021999113198,20.000075410981538,20.00018401199834,20.00036058270835,20.000608694624862,20.000924558527487,20.001299917303864,20.001724532137832,20.002187860839864,20.00268001504082,20.003192212264736,20.00371691957418,20.004247828595958,20.00477974958402
-0.10079999999999999,20.0,20.000000000000018,20.00000000146634,20.00000022859651,20.000003845284006,20.000022981121923,20.000078257213094,20.000190012487572,20.000370894963638,20.000624124099893,20.0009454900918,20.00132635040585,20.001756164942012,20.00222418525165,20.00272040229749,20.00323598110974,20.00376338598518,20.004296339278582,20.00482970253156
-0.10056,20.0,20.000000000000018,20.000000001608978,20.00000024454276,20.000004054383645,20.00002400461722,20.000081204542298,20.000196196934855,20.000381485924567,20.000639927796453,20.000966884224873,20.001353322791577,20.00178840032753,20.002261162066713,20.002761479212854,20.00328046566737,20.003810584471967,20.0043455901934,20.00488039703205
-0.10031999999999999,20.0,20.00000000000002,20.00000000176511,20.000000261560448,20.00000427433186,20.000025071233914,20.000084256252677,20.000202570358347,20.000392362050807,20.000656113132727,20.000988748794672,20.001380842339675,20.001821245851332,20.002298798296337,20.00280325212161,20.00332567153696,20.00385851989159,20.004395585482985,20.004931836562744
-0.10007999999999999,20.0,20.000000000000025,20.000000001935973,20.000000279718606,20.00000450566157,20.000026182666314,20.000087415724796,20.0002091378996,20.000403529936726,20.00067268766019,20.00101109179255,20.001408917037644,20.001854709162888,20.00233710102804,20.00284572741936,20.00337160436494,20.003907197136087,20.004446329314458,20.004984024616576
-0.09983999999999998,20.0,20.000000000000032,20.000000002122917,20.000000299090516,20.000004748930245,20.000027340670144,20.000090686438693,20.000215904825897,20.000414996313324,20.000689659064935,20.001033921333992,20.00143755498208,20.00188879800411,20.002376077425172,20.002888911562106,20.003418269844243,20.003956621131838,20.00449782587886,20.005036964701574
-0.0996,20.0,20.000000000000036,20.00000000232741,20.000000319753955,20.00000500472098,20.000028547064527,20.000094071976346,20.000222876532675,20.000426768050154,20.000707035169,20.00105724565932,20.001466764378925,20.001923520209168,20.00241573472655,20.002932811065676,20.00346567371369,20.004006796838954,20.00455007939054,20.005090660340265
-0.09935999999999999,20.0,20.000000000000043,20.00000000255105,20.00000034179145,20.00000527364356,20.000029803734048,20.00009757602422,20.000230058545934,20.00043885215727,20.000724823931673,20.001081073134436,20.00149655354367,20.001958883704383,20.00245608024605,20.0029774325052,20.00351382175735,20.004057729250594,20.004603094086484,20.005145115069066
-0.09911999999999999,20.0,20.000000000000046,20.000000002795577,20.000000365290536,20.000005556335594,20.00003111263083,20.00010120237583,20.000237456524726,20.000451255787183,20.00074303345083,20.00110541225151,20.001526930901573,20.001994896508016,20.002497121372166,20.003022782514506,20.003562719803885,20.004109423392304,20.004656874225685,20.00520033243768
-0.09888,20.0,20.000000000000053,20.000000003062883,20.000000390344088,20.0000058534637,20.000032475776703,20.000104954934393,20.000245076263617,20.00046398623686,20.00076167196425,20.001130271629677,20.001557904987838,20.00203156673011,20.002538865567605,20.003068867785558,20.003612373725904,20.00416188432134,20.004711424088466,20.005256316008456
-0.09863999999999999,20.0,20.000000000000064,20.000000003355016,20.000000417050583,20.000006165724702,20.000033895265414,20.00010883771547,20.000252923695232,20.000477050949666,20.000780747850914,20.001155660015744,20.00158948444778,20.002068902572272,20.00258132036879,20.00311569506783,20.003662789439275,20.004215117125973,20.004766747975815,20.00531306935576
-0.09839999999999999,20.0,20.000000000000075,20.00000000367422,20.000000445514445,20.00000649384691,20.00003537326492,20.000112854849736,20.000261004892806,20.0004904575174,20.000800269632347,20.001181586284833,20.001621678037,20.00210691232744,20.00262449338542,20.003163271167693,20.003713972902432,20.00426912692477,20.004822850208694,20.005370596065344
-0.09816,20.0,20.000000000000085,20.000000004022926,20.00000047584637,20.000006838591407,20.000036912019713,20.00011701058574,20.000269326072768,20.000504213682277,20.000820245973888,20.00120805944106,20.0016544946215,20.002145604379667,20.002668392299952,20.00321160294778,20.003765930115673,20.004323918865882,20.004879735127325,20.00542889973367
-0.09792,20.0,20.0000000000001,20.00000000440377,20.0000005081637,20.000007200753426,20.0000385138532,20.00012130929274,20.000277893597357,20.00051832733894,20.000840685686025,20.001235088618166,20.001687943177814,20.002184987203822,20.00271302486711,20.003260697326308,20.003818667120427,20.004379498126315,20.004937407090505,20.005487983967257
-0.09767999999999999,20.0,20.000000000000114,20.00000000481963,20.000000542590783,20.000007581163757,20.000040181170217,20.0001257554636,20.000286713977268,20.000532806536516,20.000861597725674,20.001262683080174,20.0017220327931,20.00222506936534,20.002758398913336,20.003310561276436,20.003872189998535,20.004435869911177,20.00499587047488,20.005547852382023
-0.09743999999999998,20.0,20.00000000000013,20.000000005273613,20.000000579259368,20.000007980690203,20.0000419164595,20.000130353717715,20.000295793874326,20.000547659480603,20.000882991197482,20.00129085222197,20.001756772665235,20.002265859519923,20.002804522336252,20.003361201825562,20.003926504871483,20.00449303945291,20.0050551296742,20.005608508602588
-0.0972,20.0,20.000000000000153,20.000000005769113,20.000000618309027,20.000008400239086,20.00004372229633,20.000135108804002,20.0003051401042,20.000562894535353,20.000904875355094,20.001319605569932,20.00179217210287,20.00230736641318,20.002851403104092,20.0034126260546,20.003981617899633,20.00455101201054,20.005115189098593,20.005669956261578
-0.09695999999999999,20.0,20.000000000000174,20.000000006309804,20.000000659887604,20.000008840756838,20.000045601345153,20.00014002560396,20.000314759639117,20.000578520225496,20.00092725960244,20.0013489527825,20.001828240525473,20.00234959888034,20.002899049255113,20.00346484109728,20.004037535281455,20.004609792868873,20.0051760531738,20.005732198998952
-0.09671999999999999,20.0,20.000000000000203,20.000000006899675,20.00000070415165,20.00000930323161,20.00004755636234,20.00014510913475,20.000324659610648,20.000594545238407,20.000950153495012,20.00137890365075,20.001864987463343,20.002392565845845,20.002947468896988,20.00351785413939,20.004094263252714,20.004669387337692,20.005237726340418,20.005795240461264
-0.09648,20.0,20.000000000000234,20.000000007543058,20.00000075126692,20.00000978869497,20.000049590198966,20.000150364552347,20.00033484731248,20.00061097842615,20.00097356674109,20.00140946809894,20.001902422557638,20.002436276323,20.002996670206176,20.003571672418023,20.004151808085663,20.00472980075097,20.00530021305313,20.005859084300965
-0.09623999999999999,20.0,20.00000000000027,20.000000008244648,20.000000801408895,20.000010298223643,20.000051705803692,20.000155797154758,20.00034533020324,20.000627828807563,20.000997509203028,20.001440656185054,20.001940555560324,20.00248073941354,20.003046661427287,20.003626303220795,20.00421017608822,20.004791038466017,20.005363517779898,20.005923734175663
-0.09599999999999999,20.0,20.00000000000031,20.00000000900954,20.000000854763297,20.000010832941317,20.00005390622571,20.000161412385264,20.000356115909334,20.000645105570307,20.001021990898455,20.00147247810128,20.00197939633415,20.00252596430722,20.003097450872396,20.003681753885054,20.004269373603105,20.004853105862654,20.00542764500119,20.005989193747403
-0.09576,20.0,20.000000000000355,20.000000009843266,20.00000091152666,20.000011394020532,20.00005619461774,20.00016721583574,20.000367212227832,20.000662818072954,20.001047022001515,20.00150494417455,20.00201895485258,20.002571960281376,20.003149046920377,20.003738031797056,20.004329407007003,20.004916008342374,20.005492599209166,20.006055466681907
-0.09552,20.0,20.000000000000412,20.000000010751812,20.000000971906925,20.000011982684605,20.00005857423915,20.000173213250022,20.000378627129344,20.000680975847047,20.001072612844087,20.00153806486697,20.002059241199706,20.002618736700423,20.00320145801618,20.003795144391145,20.004390282709675,20.004979751327454,20.005558384906845,20.006122556647824
-0.09527999999999999,20.0,20.000000000000473,20.000000011741673,20.000001036124065,20.00001260020964,20.000061048459095,20.00017941052733,20.00039036876096,20.00069958859918,20.001098773916958,20.001571850776298,20.002100265570128,20.002666303015385,20.003254692670094,20.003853099148895,20.004452007153073,20.005044340260095,20.005625006607293,20.006190467315978
-0.09503999999999999,20.0,20.000000000000547,20.000000012819886,20.000001104410725,20.00001324792662,20.00006362075977,20.000185813725743,20.000402445449186,20.000718666213086,20.00112551587103,20.00160631263635,20.002142038268836,20.002714668763367,20.003308759457028,20.003911903598244,20.004514586810423,20.005109780601522,20.005692468832766,20.00625920235858
-0.0948,20.0,20.00000000000063,20.000000013994075,20.00000117701292,20.00001392722355,20.000066294739746,20.000192429065716,20.00041486570291,20.000738218751682,20.001152849518462,20.001641461317437,20.00218456971103,20.002763843567017,20.003363667015705,20.003971565312604,20.00457802818532,20.005176077831095,20.00576077611388,20.006328765448465
-0.09455999999999999,20.0,20.00000000000072,20.000000015272498,20.00000125419075,20.00001463954766,20.00006907411734,20.00019926293369,20.000427638216415,20.000758256459168,20.001180785833846,20.001677307826707,20.002227870421944,20.00281383713395,20.003419424047884,20.00403209190996,20.004642337810775,20.00524323744537,20.00582993298874,20.006399160258287
-0.09431999999999999,20.0,20.00000000000083,20.0000000166641,20.000001336219164,20.00001538640776,20.000071962734125,20.00020632188572,20.000440771872366,20.000778789763096,20.001209335955313,20.00171386330853,20.002271951036626,20.002864659256172,20.003476039317547,20.004093491051936,20.00470752224826,20.005311264957193,20.005899944002053,20.00647039045974
-0.09408,20.0,20.000000000000956,20.000000018178557,20.000001423388742,20.000016169376572,20.00007496455848,20.000213612651155,20.000454275744875,20.00079982927642,20.001238511185665,20.001751139044828,20.00231682229972,20.00291631980945,20.00353352165005,20.004155770442853,20.004773588086756,20.005380165894742,20.005970813704266,20.006542459722734
-0.09383999999999999,20.0,20.000000000001098,20.000000019826352,20.000001516006538,20.000016990093208,20.00007808368924,20.00022114213641,20.000468159102546,20.000821385799576,20.001268322993468,20.001789146455362,20.002362495065167,20.002968828752678,20.003591879931268,20.004218937828778,20.00484054194175,20.005449945800574,20.006042546650665,20.006615371714595
-0.09359999999999999,20.0,20.00000000000126,20.00000002161882,20.00000161439695,20.00001785026572,20.000081324359414,20.000228917428768,20.000482431411548,20.000843470322522,20.001298783014118,20.00182789709804,20.002408980295947,20.003022196127205,20.003651123106714,20.004283000996516,20.004908390454233,20.00552061023066,20.00611514740047,20.00668913009924
-0.09336,20.0,20.00000000000145,20.00000002356823,20.00000171890264,20.000018751673732,20.00008469094003,20.000236945800214,20.00049710233873,20.000866094026808,20.001329903050895,20.00186740266915,20.002456289063723,20.003076432056144,20.003711260180637,20.004347967772638,20.0049771402897,20.005592164753413,20.00618862051593,20.00676373853633
-0.09312,20.0,20.000000000001663,20.000000025687847,20.0000018298855,20.000019696171144,20.00008818794401,20.00024523471138,20.000512181754722,20.000889268287608,20.001361695076003,20.00190767500358,20.002504432548523,20.003131546743653,20.003772300215076,20.00441384602244,20.005046798137098,20.005664614948664,20.006262970561366,20.006839200680457
-0.09287999999999999,20.0,20.00000000000191,20.000000027992016,20.000001947727633,20.000020685688956,20.00009182003016,20.00025379181548,20.00052767973708,20.00091300467574,20.001394171231563,20.00194872607503,20.002553422038332,20.003187550474188,20.00383425232893,20.004480643648908,20.005117370707783,20.00573796640669,20.006338202102285,20.00691552018028
-0.09263999999999999,20.0,20.000000000002192,20.00000003049625,20.00000207283246,20.000021722238156,20.000095592007277,20.00026262496236,20.000543606573427,20.000937314959728,20.001427343830606,20.001990567996177,20.002603268928706,20.003244453611725,20.003897125696962,20.004548368591657,20.005188864734453,20.005812224727173,20.006414319704405,20.00699270067767
-0.0924,20.0,20.00000000000251,20.000000033217304,20.00000220562578,20.00002280791273,20.00009950883828,20.00027174220255,20.000559972764616,20.000962211107762,20.001461225358025,20.002033213018777,20.00265398472231,20.00330226659896,20.003960929548818,20.004617028825848,20.005261286970082,20.00588739551817,20.006491327932693,20.00707074580686
-0.09215999999999999,20.0,20.00000000000288,20.00000003617329,20.000002346556965,20.00002394489273,20.00010357564449,20.0002811517914,20.000576789027928,20.00098770528974,20.00149582847151,20.002076673533807,20.00270558102847,20.003360999956485,20.004025673167988,20.0046866323611,20.00533464418679,20.005963484395068,20.00656923135042,20.00714965919356
-0.09191999999999999,20.0,20.000000000003304,20.000000039383778,20.00000249610015,20.00002513544751,20.000107797709987,20.00029086219325,20.00059406630025,20.001013809879243,20.00153116600243,20.002120962071512,20.002758069562642,20.00342066428192,20.004091365890762,20.004757187240354,20.005408943174764,20.006040496979534,20.00664803451818,20.007229444454072
-0.09168,20.0,20.000000000003784,20.000000042869896,20.00000265475553,20.000026381938966,20.000112180486042,20.000300882085682,20.00061181574127,20.001040537455484,20.001567250956747,20.002166091301458,20.0028114621459,20.003481270249033,20.004158017105173,20.004828701538752,20.005484190741104,20.00611843889843,20.00672774199289,20.007310105194428
-0.09144,20.0,20.000000000004334,20.000000046654456,20.00000282305067,20.000027686824982,20.000116729595646,20.00031122036378,20.00063004873672,20.001067900805296,20.001604096515816,20.00221207403251,20.002865770704364,20.003542828606825,20.00422563624988,20.004901183362456,20.00556039370869,20.006197315782735,20.00680835832682,20.007391645009474
-0.09119999999999999,20.0,20.000000000004963,20.000000050762093,20.00000300154193,20.000029052662924,20.00012145083817,20.000321886144484,20.00064877690159,20.001095912925045,20.001641716037227,20.002258923212832,20.00292100726859,20.00360535017858,20.00429423281306,20.00497464084749,20.00563755891502,20.006277133266458,20.00688988806656,20.007474067481976
-0.09095999999999999,20.0,20.00000000000568,20.00000005521938,20.000003190815892,20.00003048211325,20.000126350194066,20.000332888770963,20.00066801208335,20.001124587022556,20.001680123055575,20.00230665192979,20.002977183972938,20.003668845860897,20.004363816331253,20.005049082158514,20.005715693211027,20.00635789698551,20.006972335752025,20.00755737618171
-0.09072,20.0,20.0000000000065,20.000000060055,20.000003391490928,20.000031977943244,20.000131433829708,20.000344237817053,20.000687766365207,20.001153936519017,20.001719331283205,20.002355273409872,20.0030343130549,20.003733326622676,20.004434396388206,20.00512451548764,20.00579480345988,20.006439612576596,20.007055705915427,20.00764157466454
-0.09047999999999999,20.0,20.000000000007436,20.000000065299886,20.00000360421876,20.000033543030874,20.000136708102314,20.000355943091755,20.00070805206935,20.00118397505084,20.001759354610936,20.002404801018532,20.003092406854414,20.00379880350409,20.004505982613658,20.00520094905316,20.005874896535797,20.006522285676088,20.00714000308023,20.007726666471505
-0.09023999999999999,20.0,20.0000000000085,20.000000070987404,20.00000382968617,20.00003518036875,20.00014217956496,20.000368014643747,20.000728881760192,20.001214716471534,20.001800207108726,20.002455248260006,20.00315147781309,20.00386528761551,20.004578584682143,20.0052783910983,20.005955979322795,20.00660592191885,20.007225231760124,20.00781265512788
-0.09,20.0,20.000000000009717,20.00000007715352,20.00000406861672,20.000036893068206,20.000147854971708,20.000380462765985,20.000750268247643,20.001246174853517,20.00184190302632,20.002506628777116,20.003211538473465,20.003932790136428,20.004652212311715,20.005356849889935,20.00603805871346,20.006690526937113,20.007311396457954,20.00789954414223
-0.08975999999999999,20.0,20.000000000011102,20.00000008383701,20.000004321772607,20.00003868436352,20.000153741282812,20.00039329800033,20.000772224590346,20.001278364489924,20.00188445679385,20.00255895635099,20.003272601478173,20.004001322314306,20.004726875262694,20.00543633371729,20.006121141607693,20.006776106359283,20.007398501664667,20.007987337005485
-0.08951999999999999,20.0,20.00000000001268,20.000000091079652,20.00000458995655,20.00004055761625,20.000159845670062,20.000406531142204,20.000794764098945,20.001311299896383,20.001927883022404,20.002612244900764,20.003334679569097,20.004070895463425,20.00480258333637,20.00551685089062,20.006205234911423,20.00686266580876,20.00748655185825,20.00807603718997
-0.08928,20.0,20.000000000014477,20.000000098926467,20.00000487401381,20.00004251631969,20.000166175522185,20.00042017324534,20.000817900339342,20.00134499581277,20.001972196504543,20.00266650848326,20.003397785586483,20.0041415209637,20.004879346373663,20.005598409739857,20.006290345535334,20.006950210902765,20.00757555150262,20.008165648148452
-0.08904,20.0,20.000000000016524,20.000000107425944,20.000005174834264,20.00004456410349,20.000172738450377,20.00043423562653,20.000841647135942,20.001379467204902,20.002017412214784,20.002721761292577,20.003461932468017,20.004213210259437,20.00495717425379,20.005681018613267,20.006376480393545,20.00703874725109,20.00766550504657,20.008256173313175
-0.08879999999999999,20.0,20.000000000018854,20.000000116630293,20.00000549335459,20.000046704738374,20.000179542293928,20.00044872987042,20.000866018574904,20.00141472926625,20.002063545310047,20.002778017659686,20.00352713324785,20.0042859748581,20.005036076892875,20.005764685876045,20.006463646402306,20.00712828045492,20.00775641692265,20.008347616094884
-0.08855999999999999,20.0,20.000000000021505,20.000000126595733,20.000005830560543,20.00004894214102,20.00018659512596,20.0004636678344,20.000891029007377,20.001450797419572,20.002110611130046,20.00283529205195,20.003593401055607,20.004359826329004,20.00511606424255,20.005849419908927,20.006551850478644,20.007218816105585,20.00784829154606,20.008439979881857
-0.08832,20.0,20.000000000024517,20.000000137382766,20.000006187489337,20.000051280379076,20.000193905259245,20.000479061653447,20.000916693052744,20.001487687318527,20.002158625197634,20.002893599072607,20.00366074911533,20.00443477630199,20.005197146288538,20.00593522910676,20.00664109953903,20.007310359783318,20.007941133313544,20.008533268038903
-0.08807999999999999,20.0,20.000000000027946,20.000000149056508,20.00000656523212,20.000053723676313,20.000201481252144,20.00049492374509,20.00094302560183,20.001525414849255,20.00220760321911,20.00295295346021,20.00372919074439,20.004510836466093,20.005279333049177,20.006022121877056,20.00673140049799,20.007402917055998,20.00803494660225,20.008627483906388
-0.08783999999999999,20.0,20.00000000003184,20.00000016168699,20.000006964936567,20.00005627641794,20.000209331914665,20.000511266814364,20.000970041820125,20.001563996131924,20.002257561084487,20.00301337008802,20.00379873935239,20.004588018568114,20.00536263457395,20.00611010663852,20.00682276026674,20.007496493477888,20.00812973576862,20.008722630799227
-0.0876,20.0,20.000000000036266,20.00000017534956,20.000007387809575,20.000058943156056,20.000217466314577,20.000528103858816,20.00099775715097,20.001603447522236,20.00230851486768,20.003074863963356,20.003869408439954,20.004666334411226,20.005447060941968,20.006199191819587,20.006915185751776,20.007591094588367,20.008225505147227,20.008818712005883
-0.08736,20.0,20.000000000041293,20.000000190125217,20.000007835120094,20.00006172861525,20.00022589378369,20.000545448173547,20.00102618731875,20.001643785612853,20.00236048082668,20.003137450226877,20.003941211597557,20.00474579585351,20.005532622260446,20.006289385856885,20.00700868385347,20.007686725910624,20.00832225904964,20.00891573078737
-0.08711999999999999,20.0,20.000000000047,20.000000206101042,20.00000830820205,20.000064637698387,20.000234623924182,20.00056331335628,20.00105534833205,20.001685027234846,20.002413475403646,20.003201144151845,20.004014162504244,20.00482641480645,20.005619328663126,20.00638069719373,20.00710326146463,20.00778339295037,20.00842000176325,20.00901369037621
-0.08688,20.0,20.000000000053475,20.000000223370634,20.000008808457416,20.00006767549251,20.00024366661508,20.000581713312485,20.0010852564868,20.00172718945905,20.002467515224975,20.003265961143306,20.004088274926357,20.00490820323341,20.005707190308694,20.006473134278572,20.007198925469055,20.007881101194524,20.00851873755013,20.00911259397545
-0.08664,20.0,20.000000000060822,20.000000242034545,20.00000933735941,20.000070847274934,20.00025303201881,20.00060066226048,20.00111592836941,20.001770289597385,20.002522617101285,20.003331916737256,20.004163562716183,20.004991173148085,20.005796217379157,20.00656670556342,20.007295682740097,20.007979856109895,20.008618470645846,20.009212444757598
-0.08639999999999999,20.0,20.000000000069154,20.000000262200814,20.0000098964558,20.000074158519507,20.000262730587863,20.000620174736643,20.001147380859837,20.001814345204128,20.00257879802736,20.003399026599713,20.00424003981058,20.005075336612883,20.005886420078205,20.006661419502258,20.00739354013915,20.00807966314184,20.008719205258274,20.009313245863634
-0.08615999999999999,20.0,20.0000000000786,20.000000283985447,20.00001048737241,20.00007761490301,20.00027277307158,20.000640265600552,20.001179631134708,20.001859374077146,20.002636075182057,20.00346730652577,20.004317720229544,20.005160705737303,20.005977808629538,20.006757284549444,20.007492504514204,20.008180527712934,20.008820945566416,20.009415000401937
-0.08592,20.0,20.000000000089305,20.00000030751301,20.000011111816683,20.000081222311763,20.000283170523005,20.000660950040242,20.001212696670315,20.00190539425905,20.00269446592811,20.003536772438594,20.004396618074747,20.005247292676263,20.006070393275156,20.006854309158072,20.007592582698297,20.008282455221607,20.008923695719208,20.009517711447263
-0.08567999999999999,20.0,20.00000000010143,20.000000332917214,20.000011771581477,20.000084986848368,20.000293934305887,20.000682243577426,20.00124659524566,20.00195242403833,20.002753987811914,20.003607440388343,20.004476747528003,20.005335109628394,20.006164184273647,20.006952501778315,20.00769378150802,20.008385451040784,20.009027459834314,20.009621382039697
-0.08543999999999999,20.0,20.000000000115165,20.000000360341556,20.00001246854896,20.000088914838674,20.000305076101753,20.000704162072754,20.001281344945433,20.002000481950386,20.00281465856324,20.003679326551048,20.004558122849733,20.005424168834306,20.006259191898423,20.007051870855772,20.007796107741985,20.00848952051651,20.009132241996916,20.009726015183602
-0.0852,20.0,20.00000000013071,20.000000389939984,20.00001320469469,20.00009301283887,20.000316607917096,20.00072672173109,20.001316964162942,20.002049586778565,20.002876496094864,20.003752447227452,20.004640758377327,20.005514482574796,20.006355426435942,20.00715242482977,20.00789956817927,20.008594668966552,20.009238046258496,20.00983161384657
-0.08496,20.0,20.000000000148304,20.00000042187763,20.000013982091843,20.000097287642806,20.000328542090653,20.00074993910682,20.00135347160305,20.002099757555076,20.002939518502174,20.003826818841752,20.00472466852351,20.005606063169047,20.0064528981839,20.007254172131642,20.00800416957785,20.008700901679035,20.00934487663562,20.00993818095834
-0.08471999999999999,20.0,20.000000000168207,20.00000045633158,20.00001480291564,20.00010174628946,20.0003408913008,20.000773831109147,20.001390886285023,20.00215101356188,20.003003744062674,20.003902457940338,20.004809867774632,20.00569892297278,20.006551617449382,20.007357121183016,20.008109918673032,20.00880822391101,20.00945273710869,20.010045719409764
-0.08448,20.0,20.000000000190713,20.00000049349168,20.000015669447915,20.000106396070628,20.00035366857305,20.0007984150074,20.001429227545362,20.002203374331504,20.003069191235454,20.003979381190423,20.004896370688922,20.00579307437635,20.006651594547026,20.007461280394057,20.00821682217586,20.008916640887048,20.009561631620734,20.010154232051732
-0.08424,20.0,20.000000000216158,20.000000533561415,20.00001658408189,20.00011124453878,20.000366887287626,20.00082370843639,20.0014685150406,20.002256859647794,20.00313587866056,20.004057605378645,20.00498419189468,20.005888529802835,20.0067528397971,20.007566658161696,20.00832488677151,20.009026157797823,20.009671564076143,20.01026372169408
-0.08399999999999999,20.0,20.000000000244906,20.000000576758836,20.000017549327136,20.000116299515113,20.000380561187153,20.000849729401722,20.001508768750014,20.002311489546592,20.003203825158337,20.00413714740959,20.005073346088444,20.005985301706083,20.006855363523606,20.007673262867833,20.008434119117663,20.009136779798673,20.009782538339426,20.010374191104546
-0.08375999999999999,20.0,20.00000000027738,20.00000062331753,20.00001856781471,20.00012156909781,20.000394704384448,20.000876496285144,20.001550008978327,20.002367284316353,20.00327304972865,20.00421802430429,20.005163848033103,20.006083402568688,20.006959176052316,20.007781102877537,20.00854452584289,20.009248512008153,20.009894558233963,20.01048564300767
-0.08352,20.0,20.000000000314056,20.000000673487683,20.00001964230252,20.00012706167049,20.00040933137038,20.00090402784988,20.001592256358336,20.00242426449868,20.003343571550104,20.004300253198604,20.005255712555922,20.006182844899982,20.007064287708808,20.007890186537225,20.008656113544987,20.00936135950659,20.010007627540734,20.010598080083707
-0.08327999999999999,20.0,20.000000000355453,20.000000727537184,20.000020775680863,20.00013278591086,20.00042445702188,20.000932343245967,20.001635531853488,20.0024824508888,20.003415409979098,20.00438385134159,20.00534895454659,20.00628364123394,20.00717070881647,20.008000522172786,20.00876888878933,20.009475327334627,20.01012174999706,20.01071150496757
-0.08303999999999999,20.0,20.000000000402167,20.000000785752803,20.000021970978228,20.000138750799568,20.00044009660996,20.000961462015592,20.0016798567604,20.00254186453595,20.003488584548915,20.00446883609378,20.005443588955146,20.006385804127092,20.00727844969446,20.008112118087745,20.008882858107203,20.009590420491747,20.010236929295335,20.01082592024772
-0.0828,20.0,20.000000000454857,20.00000084844145,20.000023231367265,20.000144965629257,20.00045626580792,20.000991404098404,20.00172525271132,20.002602526743694,20.003563114968642,20.004555224925404,20.005539630789908,20.00648934615635,20.007387520655655,20.00822498256135,20.008998027994092,20.0097066439348,20.01035316908173,20.010941328465066
-0.08256,20.0,20.000000000514273,20.0000009159315,20.000024560171003,20.000151440013855,20.000472980699552,20.00102218983684,20.001771741676514,20.002664459070147,20.003639021122066,20.004643035414567,20.00563709511532,20.006594279916843,20.007497932004572,20.00833912384669,20.009114404908015,20.00982400257651,20.01047047295494,20.011057732111897
-0.08231999999999999,20.0,20.00000000058124,20.00000098857423,20.000025960869323,20.000158183898023,20.000490257787508,20.001053839981413,20.00181934596659,20.00272768332814,20.003716323066485,20.004732285245325,20.005735997049758,20.006700618019686,20.007609694035253,20.008454550168747,20.009231995267797,20.009942501283994,20.010588844464873,20.011175133630775
-0.08207999999999999,20.0,20.000000000656705,20.000001066745277,20.00002743710563,20.000165207566877,20.000508114001693,20.001086375696,20.001868088234783,20.002792221585278,20.003795041031424,20.004822992205717,20.0058363517633,20.006808373089715,20.00772281702913,20.008571269722466,20.00935080545134,20.01006214487725,20.010708287111378,20.01129353541342
-0.08184,20.0,20.0000000007417,20.000001150846273,20.000028992693814,20.000172521655863,20.000526566707794,20.001119818563097,20.0019179914791,20.002858096163934,20.003875195417297,20.00491517418574,20.005938174475418,20.0069175577632,20.00783731125286,20.008689290670794,20.009470841793906,20.010182938127652,20.010828804342925,20.011412939799627
-0.08159999999999999,20.0,20.000000000837403,20.000001241306514,20.000030631625442,20.000180137160903,20.00054563371584,20.00115419058904,20.00196907904446,20.002925329641126,20.003956806793962,20.005008849175237,20.006041480452634,20.00702818468549,20.007953186956136,20.008808621142702,20.009592110586347,20.01030488575644,20.010950399555337,20.011533349076167
-0.08135999999999999,20.0,20.000000000945125,20.00000133858474,20.00003235807722,20.00018806544872,20.00056533328888,20.00118951420924,20.002021374624707,20.002993944848335,20.004039895899204,20.00510403526172,20.006146285006135,20.007140266508657,20.00807045436947,20.008929269231174,20.00971461807337,20.010427992433176,20.011073076090458,20.01165476547566
-0.08112,20.0,20.000000001066326,20.00000144317106,20.000034176418726,20.000196318267406,20.000585684151712,20.00122581229332,20.002074902264575,20.003063964871203,20.004124483637145,20.005200750628156,20.0062526034893,20.007253815889072,20.008189123701946,20.009051242991195,20.009838370451753,20.010552262774237,20.011196837234863,20.011777191175494
-0.08088,20.0,20.00000000120265,20.00000155558894,20.000036091220426,20.00020490775718,20.000606705499703,20.001263108150283,20.00212968636153,20.00313541304917,20.00421059107656,20.005299013550637,20.006360451295226,20.00736884548497,20.008309205138957,20.009174550437734,20.009963373868548,20.01067770134127,20.011321686218533,20.011900628296694
-0.08063999999999999,20.0,20.00000000135592,20.00000167639734,20.00003810726196,20.000213846461417,20.000628417007647,20.001301425533597,20.00218575166757,20.003208312974966,20.004298239449092,20.00539884239601,20.00646984385415,20.007485367953937,20.0084307088399,20.00929919954367,20.010089634419327,20.010804312639628,20.011447626213556,20.012025078902823
-0.0804,20.0,20.00000000152819,20.00000180619297,20.000040229540758,20.00022314733786,20.000650838838745,20.001340788646253,20.002243123290896,20.00328268849406,20.004387450147412,20.00550025561943,20.006580796630853,20.00760339595041,20.008553644935855,20.009425198237732,20.010217158146336,20.010932101116857,20.01157466033279,20.01215054499889
-0.08016,20.0,20.00000000172174,20.000001945612677,20.000042463280902,20.000232823770066,20.000673991653578,20.001381222145756,20.002301826697497,20.003358563703962,20.00447824472326,20.005603271761863,20.006693325122008,20.007722942123102,20.00867802352725,20.009552554402426,20.010345951036705,20.01106107116111,20.01170279162857,20.012277028530193
-0.07991999999999999,20.0,20.00000000193912,20.00000209533598,20.000044813942363,20.000242889579102,20.000697896619208,20.001422751149104,20.00236188771266,20.00343596295345,20.00457064488542,20.005707909447462,20.00680744485346,20.007844019112397,20.00880385468146,20.009681275871902,20.01047601902062,20.011191227099587,20.011832023091344,20.012404531381254
-0.07967999999999999,20.0,20.000000002183178,20.000002256087736,20.0000472872305,20.000253359035423,20.000722575418287,20.001465401237667,20.002423332522334,20.003514910841684,20.004664672497594,20.005814187380945,20.006923171377466,20.00796663954772,20.00893114843044,20.009811370429873,20.010607367969477,20.011322573196985,20.011962357648393,20.012533055374686
-0.07944,20.0,20.000000002457092,20.000002428640972,20.000049889105927,20.000264246871016,20.000748050258238,20.00150919846203,20.00248618767445,20.0035954322172,20.004760349576166,20.005922124344842,20.007040520269864,20.008090816044874,20.009059914768272,20.009942845807444,20.010740003694053,20.0114551136539,20.01209379816246,20.01266260227008
-0.07919999999999999,20.0,20.000000002764395,20.00000261381988,20.000052625794684,20.00027556829176,20.00077434388048,20.001554169346775,20.002550480080075,20.00367755217682,20.004857698287918,20.006031739196704,20.007159507127227,20.008216561203287,20.009190163648736,20.01007570968099,20.01087393194263,20.01158885260527,20.012226347430456,20.01279317376289
-0.07895999999999999,20.0,20.000000003109037,20.000002812502974,20.000055503798773,20.000287338990006,20.0008014795697,20.001600340895155,20.00261623701448,20.00376129606444,20.004956740947613,20.006143050866225,20.007280147563918,20.00834388760331,20.00932190498282,20.01020996966997,20.011009158399148,20.01172379411878,20.012360008182096,20.012924771483334
-0.07872,20.0,20.00000000349542,20.000003025626434,20.000058529907047,20.0002995751574,20.000829481163173,20.001647740593754,20.00268348611811,20.003846689469675,20.00505750001548,20.00625607835229,20.00740245720912,20.008472807803397,20.009455148636228,20.01034563333474,20.01114568868133,20.01185994219328,20.012494783078594,20.013057396995265
-0.07848,20.0,20.00000000392843,20.00000325418764,20.000061711206442,20.00031229349791,20.000858373060094,20.001696396417017,20.002752255397397,20.003933758226456,20.005159998094644,20.00637084071996,20.007526451703814,20.008603334337298,20.00958990442686,20.010482708174386,20.01128352833879,20.011997300757177,20.0126306747113,20.01319105179508
-0.07823999999999999,20.0,20.000000004413536,20.000003499248894,20.00006505509359,20.000325511241112,20.000888180230955,20.00174633683172,20.002822573225494,20.004022528411433,20.00526425792842,20.006487357097363,20.007652146697687,20.00873547971119,20.009726182122254,20.010621201624478,20.01142268285115,20.012135873666864,20.01276768560039,20.013325737310588
-0.078,20.0,20.000000004956792,20.000003761941365,20.000068569286807,20.000339246155686,20.000918928226962,20.001797590801342,20.00289446834284,20.004113026342317,20.005370302397516,20.00660564667254,20.007779557845986,20.00886925640079,20.009863991437026,20.010761121054845,20.011563157626142,20.0122756647051,20.01290581819351,20.01346145489991
-0.07776,20.0,20.000000005564964,20.00000404346924,20.00007226183848,20.000353516563123,20.000950643189444,20.001850187790357,20.002967969857647,20.00420527857607,20.00547815451715,20.006725728690196,20.007908700806347,20.009004676848406,20.010003342030263,20.010902473767356,20.011704957997697,20.012416677579417,20.01304507486444,20.01359820585038
-0.07751999999999999,20.0,20.00000000624555,20.00000434511411,20.000076141147833,20.000368341351702,20.000983351859293,20.0019041577684,20.00304310724619,20.004299311906966,20.00558783743405,20.00684762244836,20.008039591235548,20.00914175345999,20.010144243502918,20.011045266993648,20.011848089224035,20.012558915920497,20.01318545791177,20.013735991377416
-0.07727999999999999,20.0,20.000000007006904,20.0000046682396,20.0000802159741,20.000383739990628,20.00101708158642,20.001959531214364,20.00311991035303,20.004395153364566,20.005699374423372,20.006971347295018,20.0081722447862,20.009280498602106,20.010286705395156,20.011189507892855,20.011992556485733,20.012702383280587,20.013326969557543,20.013874812623445
-0.07704,20.0,20.000000007858297,20.00000501429624,20.00008449545013,20.000399732544466,20.00105186033919,20.00201633912035,20.00319840939105,20.004492830211515,20.005812788885496,20.007096922624623,20.008306677103402,20.009420924598917,20.010430737183704,20.011335203549333,20.01213836488382,20.012847083131863,20.013469611945936,20.014014670656774
-0.0768,20.0,20.00000000881004,20.000005384826594,20.000088989096366,20.000416339687717,20.001087716713897,20.00207461299554,20.003278634941374,20.004592369941243,20.005928104342733,20.007224367874553,20.00844290382135,20.0095630437291,20.010576348279148,20.011482360970355,20.01228551943781,20.012993018864833,20.013613387141902,20.014155566470492
-0.07655999999999999,20.0,20.00000000987357,20.00000578147072,20.000093706835337,20.000433582719694,20.001124679944184,20.002134384869912,20.00336061795311,20.00469380027552,20.00604534443591,20.00735370252149,20.008580940559874,20.00970686822272,20.010723548023243,20.011630987083812,20.012434025083795,20.013140193786707,20.013758297129847,20.01429750098139
-0.07632,20.0,20.000000011061587,20.000006205971832,20.0000986590065,20.00045148357954,20.001162779910487,20.00219568729786,20.003444389742977,20.004797149161874,20.00616453292089,20.0074849460777,20.008720802920916,20.00985241025811,20.010872345686177,20.011781088735887,20.01258388667246,20.013288611119787,20.013904343812296,20.014440475028838
-0.07608,20.0,20.000000012388185,20.000006660182336,20.00010385638159,20.000470064861503,20.00120204714943,20.002258553361663,20.003529981994763,20.0049024447709,20.006285693664925,20.007618118087297,20.008862506484995,20.009999681958668,20.01102275046381,20.011932672688722,20.012735108967167,20.013438273999835,20.014051529008544,20.014584489373725
-0.07583999999999999,20.0,20.00000001386899,20.000007146070164,20.0001093101804,20.000489349830424,20.001242512863207,20.002323016674833,20.00361742675861,20.005009715493387,20.00640885064296,20.00775323812235,20.00900606680758,20.010148695389663,20.011174771474916,20.012085745618073,20.012887696641968,20.013589185474466,20.014199854453338,20.01472954469733
-0.07559999999999999,20.0,20.000000015521326,20.000007665725416,20.000115032087038,20.000509362437406,20.001284208928944,20.002389111385295,20.00370675645017,20.00511898993734,20.006534027933796,20.007890325778977,20.009151499415413,20.01029946255498,20.011328417758392,20.01224031411096,20.013041654279665,20.01374134850152,20.014349321795528,20.014875641600273
-0.07536,20.0,20.0000000173644,20.000008221367388,20.00012103426666,20.000530127335697,20.001327167907974,20.002456872178442,20.003798003849564,20.005230296924857,20.006661249716156,20.008029400673312,20.00929881980282,20.01045199539383,20.01148369827044,20.0123963846633,20.013196986369824,20.013894765947438,20.014499932596756,20.0150227806014
-0.07511999999999999,20.0,20.000000019419478,20.00000881535194,20.000127329382668,20.000551669896794,20.00137142305512,20.002526334280027,20.003891202100203,20.005343665488844,20.00679054026465,20.008170482437453,20.009448043427916,20.010606305777458,20.01164062188173,20.012553963677522,20.01335369730681,20.01404944058564,20.014651688330126,20.015170962136718
-0.07487999999999999,20.0,20.000000021710118,20.000009450179245,20.00013393061441,20.000574016226704,20.001417008327874,20.00259753345889,20.0039863847074,20.005459124869603,20.006921923945605,20.008313590715282,20.009599185708804,20.010762405505773,20.01179919737458,20.012713057460186,20.013511791387813,20.0142053750949,20.01480459037886,20.015320186558327
-0.07464,20.0,20.00000002426239,20.000010128501945,20.000140851675397,20.000597193182433,20.001463958395544,20.002670506029517,20.004083585536847,20.005576704511256,20.007055425212815,20.00845874515823,20.00975226201968,20.010920306303987,20.011959433440037,20.012873672219598,20.01367127281087,20.01436257205773,20.014958640034997,20.015470454133332
-0.0744,20.0,20.000000027105152,20.0000108531337,20.00014810683198,20.00062122838864,20.001512308648316,20.00274528885444,20.004182838812877,20.005696434058052,20.007191068603166,20.008605965420955,20.009907287686943,20.011080019819207,20.01212133867504,20.013035814063386,20.01383214567289,20.014521033958754,20.015113838498074,20.015621765042795
-0.07415999999999999,20.0,20.00000003027031,20.0000116270582,20.000155710922588,20.000646150254465,20.00156209520622,20.002821919346445,20.004284179116574,20.005818343350477,20.007328878732146,20.008755271156968,20.01006427798519,20.01124155761698,20.012284921579486,20.013199488996097,20.01399441396764,20.01468076318309,20.015270186873796,20.015774119380644
-0.07392,20.0,20.000000033793153,20.000012453438607,20.00016367937748,20.000671987990568,20.00161335492805,20.00290043547058,20.004387641383662,20.005942462421263,20.00746888028925,20.008906682014143,20.010223248133215,20.011404931177832,20.01245019055332,20.01336470291679,20.014158081583794,20.014841762014733,20.01542768617273,20.01592751715265
-0.07368,20.0,20.00000003771267,20.000013335627465,20.000172028238982,20.000698771626286,20.001666125420133,20.002980875746,20.004493260902233,20.00606882149119,20.00761109803327,20.009060217630186,20.010384213289935,20.011570151893768,20.01261715389359,20.013531461616566,20.014323152302932,20.015004032634923,20.01558633730901,20.01608195827535
-0.07343999999999999,20.0,20.000000042071946,20.00001427717711,20.00018077418233,20.000726532026995,20.001720445045034,20.003063279247613,20.004601073310273,20.00619745096478,20.007755556787473,20.009215897628003,20.010547188550248,20.01173723106473,20.0127858197915,20.01369977077618,20.014489629797538,20.01516757712056,20.015746141099022,20.01623744257502
-0.07319999999999999,20.0,20.000000046918558,20.000015281850594,20.000189934537,20.0007553009116,20.001776352930126,20.003147685607477,20.004711114592972,20.006328381425813,20.007902281434678,20.00937374161101,20.010712188940897,20.011906179895053,20.012956196329434,20.01386963596357,20.014657517629022,20.015332397442567,20.015907098260104,20.016393969786602
-0.07296,20.0,20.000000052305026,20.000016353633114,20.000199527308624,20.000785110870183,20.001833888976037,20.00323413501604,20.004823421079863,20.006461643632676,20.008051296912182,20.009533769158356,20.010879229416222,20.01207700948986,20.01312829147797,20.014041062631406,20.01482681924573,20.015498495464293,20.016069209409263,20.016551539552715
-0.07271999999999999,20.0,20.000000058289306,20.00001749674404,20.000209571201424,20.000815995381807,20.00189309386497,20.003322668223134,20.00493802944174,20.00659726851356,20.00820262820662,20.009695999820064,20.0110483248539,20.012249730851465,20.01330211309288,20.014214056114646,20.014997537980946,20.0156658729399,20.016232475061877,20.01671015142259
-0.07247999999999999,20.0,20.00000006493533,20.00001871564948,20.00022008564127,20.000847988832408,20.001954009068868,20.00341332653874,20.005054976687358,20.006735287161508,20.00835630034869,20.009860453112108,20.01121949005065,20.01242435487571,20.013477668912135,20.014388621628083,20.015169677050896,20.015834531512763,20.016396895630415,20.016869804851062
-0.07224,20.0,20.000000072313576,20.000020015075464,20.000231090799236,20.000881126532867,20.00201667685743,20.003506151833534,20.005174300159936,20.006875730829286,20.00851233840774,20.010027148511426,20.011392739717845,20.012600892348292,20.013654966552842,20.01456476426385,20.015343239552777,20.016004472713878,20.016562471423164,20.01703049919755
-0.072,20.0,20.000000080501746,20.00002140002173,20.000242607615775,20.000915444737142,20.00208114030598,20.003601186539196,20.005296037533448,20.00701863092409,20.008670767486283,20.01019610545082,20.01156808847713,20.012779353941095,20.013834013508234,20.014742488988983,20.015518228462742,20.016175697960268,20.016729202642956,20.017192233725055
-0.07175999999999999,20.0,20.000000089585427,20.0000228757762,20.000254657825465,20.000950980660537,20.002147443303116,20.003698473648463,20.005420226808685,20.00716401900209,20.008831612714378,20.010367343313828,20.011745550855956,20.01295975020843,20.014014817144606,20.014921800642938,20.015694646633932,20.01634820855338,20.016897089385896,20.01735500759915
-0.07152,20.0,20.000000099658894,20.000024447930084,20.000267263982323,20.000987772498064,20.00221563055823,20.00379805671493,20.00554690630909,20.007311926762803,20.008994899243877,20.01054088142947,20.011925141283086,20.013142091583322,20.014197384698242,20.0151027039351,20.015872496794483,20.01652200567752,20.017066131640124,20.017518819886998
-0.07128,20.0,20.000000110825923,20.00002612239371,20.00028044948572,20.001025859442873,20.002285747608802,20.003899979852605,20.005676114676383,20.00746238604332,20.0091606522426,20.01071673906699,20.012106874084054,20.013326388373706,20.01438172327236,20.015285203442325,20.016051781545542,20.01669709039826,20.01723632928454,20.017683669556355
-0.07103999999999999,20.0,20.000000123200714,20.000027905413063,20.000294238606887,20.00106528170476,20.002357840827475,20.004004287735196,20.005807890865945,20.00761542881232,20.009328896888352,20.010894935430436,20.01229076347659,20.013512650758656,20.01456783983402,20.01546930360645,20.016232503359284,20.016873463660872,20.017407682087583,20.017849555474598
-0.07079999999999999,20.0,20.000000136908895,20.000029803587097,20.000308656515998,20.001106080528753,20.002431957428946,20.00411102559511,20.005942274141983,20.007771087163967,20.009499658362856,20.011075489653255,20.01247682356597,20.013700888784562,20.01475574121101,20.015655008731812,20.01641466457695,20.017051126288766,20.017580189705985,20.018016476407745
-0.07056,20.0,20.000000152088592,20.000031823885802,20.00032372930987,20.001148298213717,20.0025081454766,20.00422023922218,20.006079304072447,20.007929393311596,20.009672961845546,20.011258420792757,20.01266506834037,20.01389111236128,20.01494543408877,20.01584232298276,20.016598267406845,20.017230078981925,20.017753851683533,20.01818443101951
-0.07032,20.0,20.000000168891642,20.000033973669105,20.000339484040254,20.00119197813101,20.002586453888927,20.004331974962138,20.0062190205237,20.008090379581237,20.009848832507277,20.011443747824536,20.012855511666153,20.014083331258277,20.015136925007262,20.016031250381175,20.016783313922414,20.017410322315353,20.017928667449883,20.01835341787034
-0.07007999999999999,20.0,20.000000187484854,20.000036260706594,20.000355948742712,20.001237164743184,20.00266693244565,20.004446279714735,20.006361463654994,20.008254078404974,20.010027295503896,20.0116314896368,20.013048167283102,20.014277555100758,20.015330220357846,20.016221794803997,20.01696980606023,20.01759185673753,20.018104636319308,20.018523435416476
-0.06984,20.0,20.00000020805144,20.000038693198103,20.000373152466118,20.001283903622646,20.002749631793638,20.004563200931603,20.006506673912618,20.00842052231413,20.010208375969697,20.011821665024662,20.013243048799644,20.01447379336575,20.015525326380175,20.01641395998072,20.017157745618075,20.017774682568874,20.01828175748953,20.01869448200901
-0.0696,20.0,20.000000230792523,20.000041279795223,20.000391125302734,20.001332241470365,20.0028346034525,20.00468278661381,20.0066546920239,20.008589743932255,20.010392099010776,20.012014292684317,20.01344016968801,20.014672055378192,20.015722249159033,20.016607749490937,20.017347134252955,20.01795880000022,20.01846003004051,20.018866555892977
-0.06935999999999999,20.0,20.000000255928835,20.000044029623716,20.00040989841891,20.001382226134517,20.00292189981991,20.004805085309084,20.006805558990862,20.008761775967983,20.010578489698283,20.0122093912072,20.013639543279382,20.01487235030699,20.015920994621222,20.01680316676184,20.01753797347919,20.018144209091293,20.01863945293328,20.01903965520642
-0.06911999999999999,20.0,20.000000283702494,20.000046952306896,20.000429504086352,20.001433906629142,20.003011574176632,20.004930146108727,20.006959316083705,20.008936651207666,20.01076757306152,20.012406979074044,20.01384118275897,20.015074687161068,20.016121568532398,20.01700021506575,20.01773026466644,20.018330909769197,20.018820025008747,20.019213777979495
-0.06888,20.0,20.000000314378998,20.000050057990016,20.000449975714023,20.001487333152696,20.003103680691222,20.005058018644196,20.007116004833964,20.00911440250786,20.01095937408098,20.012607074648862,20.01404510116109,20.01527907478539,20.01632397649393,20.017198897517652,20.017924009037802,20.018518901826916,20.01900174498656,20.019388922133583
-0.06863999999999999,20.0,20.000000348249348,20.000053357365665,20.000471347880612,20.001542557106585,20.00319827442441,20.005188753083356,20.007275667027464,20.00929506278762,20.011153917681217,20.01280969617292,20.014251311364173,20.015485521856977,20.016528223939748,20.01739921707271,20.018119207667866,20.01870818492182,20.01918461146394,20.019565085480398
-0.06839999999999999,20.0,20.00000038563239,20.000056861700234,20.000493656367585,20.001599631113585,20.003295411333145,20.00532240012639,20.007438344696983,20.00947866502063,20.01135122872366,20.013014861758567,20.014459826085762,20.015694036880898,20.0167343161332,20.017601176523822,20.018315861480808,20.01889875857418,20.01936862291454,20.019742265721113
-0.06816,20.0,20.00000042687732,20.000060582861465,20.000516938192852,20.001658609036173,20.00339514827428,20.005459011001363,20.007604080114653,20.00966524222715,20.01155133199929,20.01322258938307,20.01467065787747,20.015904628186263,20.016942258163876,20.01780477849914,20.01851397124849,20.019090622165717,20.019553777687324,20.019920460445498
-0.06792,20.0,20.000000472366438,20.000064533347153,20.000541231644984,20.00171954599474,20.003497543007885,20.005598637459432,20.007772915784116,20.009854827465784,20.011754252221174,20.013432896882325,20.01488381911991,20.016117303922194,20.017152054944464,20.01801002545963,20.01871353758855,20.019283774938113,20.019740074005444,20.020099667131078
-0.06767999999999999,20.0,20.0000005225181,20.000068726314968,20.00056657631801,20.001782498385644,20.003602654200215,20.00574133176968,20.007944894432374,20.010047453825063,20.011960014016974,20.013645801944573,20.015099322017566,20.016332072053775,20.01736371120759,20.018216919696616,20.01891456096252,20.019478215991583,20.01992750996514,20.02027988314228
-0.06744,20.0,20.000000577789955,20.00007317561352,20.000593013146798,20.001847523899166,20.003710541426234,20.00588714671361,20.008120059001413,20.010243154414862,20.012168641921267,20.013861322104,20.015317178593694,20.01654894035801,20.017577231502663,20.018425463329354,20.019117041673965,20.019673944283436,20.02011608353463,20.020461105729623
-0.0672,20.0,20.000000638682412,20.000077895814616,20.000620584442956,20.001914681537194,20.00382126517178,20.006036135579247,20.008298452639515,20.01044196235764,20.012380160367794,20.014079474734288,20.01553740068512,20.016767916419763,20.01779262019272,20.01863565830257,20.01932097986659,20.019870958626644,20.020305792553057,20.020643332028886
-0.06695999999999999,20.0,20.000000705742444,20.000082902246824,20.00064933393132,20.001984031630816,20.00393488683528,20.00618835215486,20.008480118692315,20.010643910779486,20.01259459368159,20.01430027704215,20.015759999937075,20.016989007627675,20.018009881451267,20.018847506384077,20.0195263755224,20.02006925768844,20.020496634729394,20.020826559060314
-0.06671999999999999,20.0,20.00000077956765,20.000088211030317,20.000679306786953,20.002055635857594,20.004051468729045,20.006343850722306,20.008665100693587,20.010849032801005,20.01281196607104,20.01452374606074,20.01598498779796,20.01721222117011,20.018229019259138,20.01906100916232,20.01973322845987,20.02026883998892,20.020688607641407,20.02101078372783
-0.06648,20.000000000000004,20.0000008608107,20.00009383911305,20.00071054967268,20.002129557258698,20.00417107408011,20.00650268604997,20.008853442355726,20.01105736152802,20.013032301619777,20.014749898643064,20.01621237551411,20.017437564031045,20.018450037401344,20.019276168044,20.01994153833209,20.020469703899643,20.020881708734603,20.021196002818257
-0.06624,20.000000000000004,20.00000095018412,20.000099804308363,20.00074311077712,20.002205860255685,20.004293767030624,20.006664913385315,20.00904518755997,20.01126893004209,20.01325562427853,20.014978751455306,20.016442174124528,20.017665042985996,20.018672939463936,20.01949298425166,20.02015130462497,20.020671847642287,20.021075935321207,20.021382213000546
-0.06599999999999999,20.000000000000004,20.00000104846545,20.00010612533393,20.00077703985324,20.002284610667058,20.004419612637744,20.006830588447013,20.00924038034635,20.011483771390857,20.013481957856825,20.015210320970116,20.016674394455574,20.01789466459792,20.01889772883086,20.01971145882131,20.020362526655436,20.020875269287274,20.021271284579154,20.021569410825034
-0.06576,20.000000000000004,20.000001156502858,20.000112821852223,20.00081238825739,20.0023658757245,20.00454867687307,20.006999767416694,20.009439064903308,20.011701918578222,20.013711326014633,20.015444623459835,20.01690904711569,20.01812643521312,20.01912440868085,20.019931592600056,20.020575203569624,20.02107996675243,20.021467753551082,20.021757592722707
-0.06552,20.000000000000007,20.000001275221162,20.000119914512428,20.000849208988765,20.00244972408877,20.00468102662154,20.007172506930235,20.00964128555711,20.01192340455434,20.013943752253866,20.01568167498968,20.01714614249003,20.01836036095713,20.019352981984273,20.020153386243738,20.020789334341124,20.021285937801675,20.021665339143357,20.021946755004475
-0.06527999999999999,20.000000000000007,20.000001405628364,20.0001274249939,20.000887556729378,20.002536225865242,20.004816729679835,20.007348864068664,20.009847086760875,20.012148262205436,20.014179259909824,20.015921491410868,20.017385690735136,20.01859644773063,20.019583451500047,20.02037684021458,20.021004917769226,20.021493180043695,20.021864038125095,20.022136893860466
-0.06504,20.000000000000007,20.00000154882267,20.000135376051166,20.000927487884404,20.00262545261908,20.00495585475424,20.007528896348614,20.010056513083406,20.012376524343463,20.014417872142506,20.016164088353715,20.017627701773545,20.018834701205332,20.01981581977252,20.020601954778876,20.021221952477152,20.021701690930666,20.022063847127214,20.022328005359324
-0.0648,20.00000000000001,20.00000170600009,20.00014379156056,20.00096906062298,20.00271747738999,20.005098471457963,20.00771266171235,20.010269609197678,20.012608223695565,20.01465961192786,20.016409481220656,20.017872185288436,20.019075126819892,20.020050089128393,20.020828730004638,20.021440436910364,20.021911467756958,20.022264762641505,20.02252008544754
-0.06455999999999999,20.000000000000014,20.000001878462616,20.000152696568456,20.001012334919363,20.002812374706565,20.005244650307873,20.007900218517342,20.01048641986905,20.012843392893384,20.014904502048925,20.01665768517926,20.018119150718196,20.0193177297758,20.02028626167361,20.021057165759338,20.021660369334832,20.022122507657894,20.0224667810197,20.022713129948787
-0.06431999999999999,20.000000000000018,20.000002067627026,20.000162117341183,20.001057372594452,20.002910220600143,20.005394462720712,20.00809162552543,20.010706989943206,20.01308206446219,20.01515256508685,20.016908715155168,20.01836860725104,20.019562515033282,20.02052433929032,20.02128726170758,20.021881747835348,20.02233480760849,20.022669898472564,20.02290713456326
-0.06408,20.000000000000025,20.000002275034397,20.000172081416675,20.00110423735768,20.003011092618195,20.005547981008647,20.008286941891495,20.01093136433377,20.013324270809854,20.015403823411905,20.017162585825012,20.018620563819567,20.019809487307214,20.020764323633788,20.021519017308865,20.022104570313854,20.022548364422256,20.02287411106903,20.023102094867053
-0.06384,20.00000000000003,20.000002502360307,20.00018261765782,20.001152994849175,20.003115069837204,20.005705278374283,20.008486227151685,20.01115958800967,20.01357004421563,20.01565829917431,20.01741931160929,20.018875029095327,20.020058651063046,20.021006216129383,20.021752431815315,20.0223288344878,20.02276317474996,20.023079414735307,20.02329800631154
-0.06359999999999999,20.00000000000004,20.00000275142583,20.000193756307603,20.00120371268223,20.003222232875007,20.005866428905023,20.008689541211215,20.01139170598217,20.01381941681879,20.01591601429504,20.0176789066652,20.019132011483386,20.020310010512702,20.02125001796952,20.021987504269465,20.022554537888485,20.02297923507846,20.02328580525404,20.023494864222766
-0.06336,20.000000000000046,20.00000302420937,20.00020552904608,20.001256460486047,20.00333266390255,20.0060315075668,20.008896944331664,20.011627763291653,20.01407242060709,20.016176990456536,20.01794138487944,20.019391519116876,20.020563569610534,20.021495730110676,20.022224233502016,20.022781677859463,20.02319654172953,20.023493278263466,20.023692663800873
-0.06312,20.00000000000006,20.00000332285937,20.000217969049164,20.001311309948658,20.003446446655076,20.006200590197167,20.009108497117804,20.011867804994075,20.014329087405052,20.01644124909331,20.018206759860988,20.019653559851537,20.020819332049232,20.021743353270367,20.02246261812967,20.02301025155494,20.023415090858716,20.023701829256602,20.023891400119517
-0.06287999999999999,20.000000000000078,20.000003649707974,20.000231111049285,20.00136833486007,20.00356366644264,20.006373753497734,20.00932426050399,20.01211187614716,20.014589448862132,20.016708811382497,20.018475044933826,20.019918141260263,20.021077301255808,20.021992887924185,20.02270265655295,20.02324025593819,20.0236348784542,20.02391145358046,20.024091068125326
-0.06264,20.000000000000096,20.000004007285675,20.00024499139799,20.001427611155577,20.00368441016003,20.00655107502591,20.00954429574003,20.012360021796265,20.014853536440675,20.016979698234312,20.018746253129656,20.020185270627625,20.02133748038753,20.02224433430284,20.02294434695404,20.023471687780035,20.0238559003357,20.02412214643524,20.024291662637367
-0.0624,20.000000000000124,20.000004398337076,20.00025964813045,20.001489216959154,20.003808766295947,20.006732633185976,20.009768664376608,20.012612286960014,20.01512138140376,20.017253930282454,20.019020397180586,20.020454954944434,20.021599872327908,20.022497692389216,20.023187687294662,20.02370454365727,20.02407815215338,20.0243339028736,20.024493178346606
-0.06215999999999999,20.000000000000156,20.000004825837763,20.000275121031915,20.00155323262698,20.003936824941484,20.00691850721945,20.009997428250188,20.012868716615575,20.015393014802836,20.0175315278744,20.019297489511768,20.020727200902257,20.021864479682687,20.022752961915447,20.023432675313963,20.023938819951194,20.02430162938678,20.02454671779989,20.024695609815442
-0.061919999999999996,20.000000000000195,20.000005293012435,20.000291451706207,20.001619740790954,20.004068677797882,20.007108777194723,20.01023064946747,20.013129355683706,20.01566846746526,20.017812511061674,20.019577542234053,20.021002014887987,20.02213130477585,20.02301014236003,20.023679308526432,20.024174512846106,20.024526327343782,20.024760585969453,20.024898951477194
-0.06167999999999999,20.00000000000025,20.000005803354288,20.000308683646193,20.001688826402276,20.004204418183463,20.007303523996,20.010468390389324,20.013394249013473,20.01594776998166,20.018096899590002,20.019860567136593,20.02127940297835,20.022400349645636,20.02326923294495,20.02392758421985,20.024411618327846,20.024752241159575,20.02497550198791,20.02510319763564
-0.061439999999999995,20.000000000000313,20.00000636064583,20.00032686230629,20.001760576774927,20.004344141039788,20.007502829311456,20.010710713614234,20.0136634413667,20.01623095269314,20.01838471288945,20.02014657567943,20.021559370934504,20.02267161604059,20.023530232632822,20.024177499453252,20.024650132182373,20.02497936579567,20.025191460310484,20.025308342464594
-0.0612,20.00000000000039,20.000006968981122,20.000346035177074,20.0018350816291,20.004487942936937,20.007706775620665,20.010957681961248,20.013936977402146,20.016518045678342,20.01867597006445,20.02043557898608,20.021841924196558,20.022945105415612,20.02379314012407,20.02442905105491,20.02489004999433,20.025207696038912,20.025408455241344,20.025514380007447
-0.06095999999999999,20.000000000000494,20.000007632789618,20.00036625186191,20.00191243313449,20.00463592207796,20.007915446181258,20.011209358452447,20.014214901659376,20.016809078740398,20.0189706898838,20.0207275878361,20.022127067878174,20.023220818928053,20.024057953854133,20.02468223562036,20.025131367145676,20.02543722650054,20.02562648093296,20.025721304176773
-0.060719999999999996,20.000000000000618,20.000008356861645,20.000387564155734,20.001992725953397,20.004788178302356,20.00812892501478,20.011465806294865,20.014497258542345,20.017104081393693,20.019268890770608,20.02102261265762,20.022414806761127,20.02349875743382,20.024324671990676,20.024937049510445,20.025374078814323,20.02566795161524,20.025845531385496,20.02592910875393
-0.06047999999999999,20.000000000000778,20.000009146375632,20.00041002612593,20.002076057283606,20.004944813088667,20.008347296891785,20.011727088861964,20.014784092302747,20.017403082850535,20.01957059079214,20.02132066351991,20.022705145289923,20.02377892148349,20.024593292430865,20.02519348884939,20.025618179972806,20.025899865640255,20.026065600446202,20.026137787388702
-0.060239999999999995,20.000000000000973,20.000010006927237,20.0004336941953,20.00216252690099,20.005105929556063,20.0085706473161,20.011993269674544,20.015075447023044,20.017706112007648,20.019875807649672,20.021621750125895,20.022998087566386,20.024061311318487,20.024863812798635,20.025451549522906,20.02586366538696,20.02613296265451,20.026286681808855,20.026347333598924
-0.06,20.000000000001222,20.000010944560426,20.000458627227232,20.002252237201738,20.005271632464932,20.00879906250827,20.0122644123812,20.01537136659923,20.01801319743258,20.020184558668266,20.021925881804687,20.02329363734431,20.02434592686724,20.025136230442016,20.02571122717632,20.026110529614666,20.02636723655774,20.026508769013194,20.02655774077017
-0.059759999999999994,20.000000000001528,20.000011965800663,20.00048488661296,20.002345293244254,20.00544202821641,20.009032629388205,20.012540580738225,20.01567189472333,20.018324367349955,20.020496860786487,20.022233067504125,20.023591798024086,20.02463276774142,20.025410542430475,20.025972517212736,20.026358767004584,20.02660268106966,20.0267318554444,20.026769002155422
-0.059519999999999997,20.00000000000191,20.000013077690316,20.000512536360983,20.002441802790532,20.005617224850862,20.009271435556947,20.012821838589048,20.015977074865628,20.01863964962759,20.02081273054611,20.02254331578329,20.02389257264738,20.024921833232153,20.02568674555228,20.02623541479124,20.02660837169494,20.026839289729192,20.026955934332587,20.02698111087479
-0.05927999999999999,20.000000000002387,20.000014287826403,20.00054164318867,20.002541876347085,20.00579733204523,20.009515569277607,20.013108249843107,20.01628695025663,20.018959071762545,20.021132184081743,20.022856634805034,20.024195963891835,20.025213122306308,20.025964836311932,20.02649991482511,20.026859337612333,20.02707705589365,20.02718099875232,20.02719405991523
-0.059039999999999995,20.00000000000298,20.00001560440085,20.00057227661594,20.002645627205244,20.005982461109227,20.009765119455437,20.01339987845428,20.01660156386877,20.01928266086699,20.021455237110487,20.023173032328522,20.024501974065764,20.025506633602802,20.026244810927597,20.02676601198009,20.027111658470567,20.02731597273801,20.027407041622165,20.0274078421303
-0.0588,20.000000000003716,20.000017036243324,20.000604509061155,20.00275317148086,20.00617272498039,20.010020175617033,20.013696788398736,20.016920958397822,20.019610443654,20.021781904921472,20.023492515701776,20.024810605102903,20.025802365428923,20.026526665328586,20.02703370067268,20.02736532776953,20.027556033254182,20.027634055704226,20.027622450239907
-0.058559999999999994,20.000000000004633,20.00001859286689,20.000638415939097,20.002864628153297,20.00636823821789,20.010280827888632,20.013999043652337,20.017245176244103,20.019942446423237,20.022112202365427,20.02381509185422,20.025121858557196,20.026100315756718,20.026810395152868,20.02730297506844,20.027620338794094,20.027797230250325,20.027862033603775,20.02783787683012
-0.05832,20.000000000005766,20.000020284516566,20.000674075761072,20.002980119103622,20.00656911699507,20.010547166973552,20.014306708167496,20.0175742594934,20.02027869504652,20.022446143844213,20.024140767289257,20.025435735597576,20.02640048221939,20.027095995744638,20.027573829080392,20.02787668461303,20.02803955635015,20.028090967768822,20.028054114352962
-0.05807999999999999,20.000000000007173,20.000022122220955,20.00071157023713,20.003099769152005,20.006775479090777,20.010819284128704,20.014619845849523,20.017908249897648,20.020619214953303,20.022783743300316,20.02446954807685,20.02575223700281,20.026702862107765,20.02738346215189,20.02784625636739,20.028134358077995,20.028283003992318,20.02832085048979,20.02827115512625
-0.057839999999999996,20.000000000008914,20.000024117847154,20.00075098438034,20.003223706094168,20.006987443879293,20.011097271140205,20.014938520532507,20.018247188855366,20.020964031116026,20.023125014206343,20.02480143984612,20.026071363156376,20.027007452366757,20.02767278912406,20.028120250332552,20.02839335182251,20.028527565429798,20.028551673899152,20.028488991333443
-0.0576,20.00000000001107,20.00002628415906,20.000792406613126,20.00335206073687,20.00720513231897,20.011381220298066,20.01526279595464,20.018591117391864,20.021313168035434,20.02346996955448,20.025136447777957,20.02639311404136,20.027314249591914,20.027963971109703,20.028395804121754,20.028653658260996,20.028773232729304,20.02878342997112,20.02870761502351
-0.057359999999999994,20.00000000001373,20.000028634879314,20.000835928875624,20.00348496693233,20.00742866693945,20.01167122436996,20.015592735733083,20.018940076139188,20.02166664972575,20.023818621845955,20.025474576597706,20.02671748923539,20.027623250025982,20.028257002254175,20.02867291062211,20.028915269587845,20.029019997770728,20.029016110521383,20.028927018110835
-0.05712,20.00000000001702,20.000031184754995,20.000881646736012,20.003622561611515,20.0076581718275,20.01196737657405,20.01592840333829,20.01929410531588,20.022024499699796,20.024170983080488,20.02581583056779,20.027044487905666,20.02793444955553,20.028551876397437,20.02895156246055,20.0291781777765,20.029267852246637,20.02924970720681,20.029147192375124
-0.05687999999999999,20.000000000021075,20.000033949627344,20.00092965950278,20.0037649848162,20.007893772611354,20.012269770550876,20.016269862067887,20.019653244706458,20.02238674095404,20.02452706474574,20.026160213480463,20.027374108803926,20.0282478437076,20.028848587071813,20.02923175200238,20.02944237457861,20.02951678766176,20.029484211525237,20.029368129461357
-0.056639999999999996,20.000000000026073,20.000036946505627,20.00098007033892,20.003912379729766,20.0081355964436,20.012578500334314,20.016617175020013,20.02001753364073,20.022753395953544,20.024886877806765,20.026507728650504,20.02770635026158,20.02856342764643,20.029147127499854,20.029513471349937,20.029707851523177,20.029766795332534,20.02971961481525,20.02958982087973
-0.05639999999999999,20.00000000003223,20.000040193645454,20.001032986377908,20.004064892706584,20.00838377198253,20.012893660321545,20.016970405066182,20.020387010972854,20.02312448661687,20.025250432695444,20.026858378908024,20.028041210184796,20.0288811961702,20.029447490592226,20.029796712341227,20.029974599915768,20.030017866386675,20.029955908256007,20.02981225800566
-0.056159999999999995,20.000000000039805,20.00004371063163,20.00108851884151,20.00422267329996,20.00863842937196,20.013215345242095,20.017329614823684,20.02076171506021,20.023500034300916,20.025617739299953,20.027212166591255,20.028378686049678,20.029201143707848,20.029749668945637,20.03008146654867,20.030242610837757,20.030269991762783,20.030193082867072,20.030035432079778
-0.05592,20.000000000049113,20.00004751846592,20.0011467831593,20.00438587428855,20.00889970021943,20.013543650125907,20.017694866627465,20.021141683742066,20.02388005978569,20.025988806954242,20.027569093539416,20.028718774897495,20.029523264315927,20.030053654840838,20.030367725277827,20.030511875145603,20.030523162209953,20.0304311295083,20.030259334207962
-0.05567999999999999,20.000000000060545,20.000051639659798,20.001207899089795,20.004554651701092,20.009167717572847,20.013878670270433,20.01806622250156,20.02152695431805,20.02426458325903,20.026363644427505,20.02792916108559,20.029061473329953,20.02984755167552,20.030359440240638,20.0306554795662,20.030782383470157,20.030777368287463,20.030670038879723,20.030483955361383
-0.055439999999999996,20.000000000074568,20.00005609833256,20.001271990843193,20.004729164839492,20.00944261589541,20.014220501206783,20.018443744130053,20.021917563526422,20.024653624301294,20.0267422599137,20.02829237004971,20.029406777504526,20.030173999089207,20.030667016788,20.03094472018209,20.03105412621602,20.031032600364455,20.03090980152147,20.030709286376602
-0.05519999999999999,20.00000000009176,20.00006092031492,20.00133918720558,20.00490957630004,20.009724531038916,20.01456923866486,20.01882749282754,20.02231354752218,20.02504720187,20.02712466102107,20.028658720731503,20.029754683129845,20.030502599478087,20.030976375804176,20.031235437623465,20.03132709356093,20.031288848619674,20.03115040781374,20.030935317955635
-0.054959999999999995,20.000000000112813,20.00006613325842,20.001409621664532,20.005096051992737,20.01001360021533,20.014924978537554,20.019217529509184,20.022714941854986,20.025445334284402,20.027510854761715,20.02902821290358,20.03010518546115,20.030833345378863,20.03128750828688,20.031527622116883,20.031601275455188,20.031546103041215,20.031391847976757,20.031162040666107
-0.05472,20.00000000013857,20.000071766750914,20.00148343253603,20.005288761158663,20.010309961966627,20.015287816843966,20.019613914660273,20.023121781446907,20.02584803921011,20.027900847541176,20.029400845804524,20.03045827929579,20.031166228940975,20.03160040490853,20.031821263616497,20.03187666162114,20.03180435342633,20.031634112070805,20.03138944494138
-0.054479999999999994,20.000000000170054,20.000077852438277,20.001560763092538,20.00548787638522,20.010613756132848,20.015657849691596,20.02001670830535,20.023534100570018,20.0262553336436,20.028294645148062,20.029776618132054,20.030813958968817,20.031501241923817,20.031915056014565,20.03211635180305,20.03215324155267,20.032063589381252,20.03187718999624,20.031617521080722
-0.05424,20.000000000208505,20.00008442415278,20.001641761692177,20.00569357361922,20.010925123818403,20.01603517323763,20.02042596997689,20.023951932823845,20.026667233896777,20.028692252743742,20.030155528036264,20.03117221834861,20.031838375693983,20.032231451621755,20.032412876082955,20.032431004514752,20.032323800321063,20.032121071493577,20.031846259249516
-0.05399999999999999,20.000000000255422,20.000091518048254,20.001726581908873,20.00590603217766,20.011244207356505,20.01641988364919,20.020841758683595,20.024375311112642,20.027083755581472,20.029093674852042,20.030537573112912,20.031533050832596,20.032177621222605,20.03254958141663,20.03271082558742,20.03270993954305,20.032584975469575,20.032365746143558,20.032075649479452
-0.053759999999999995,20.000000000312614,20.0000991727424,20.001815382663295,20.006125434756182,20.011571150271784,20.01681207706265,20.021264132878184,20.02480426762257,20.027504913593994,20.029498915349027,20.03092275039679,20.031896449343026,20.032518969082737,20.03286943475394,20.0330101891716,20.032990035443532,20.03284710385928,20.032611203367306,20.0323056816688
-0.05352,20.000000000382265,20.000107429466507,20.001908328354535,20.006351967435002,20.011906097241017,20.01721184954194,20.021693150424834,20.025238833798706,20.027930722099615,20.02990797745283,20.031311056355147,20.032262406322833,20.03286240944682,20.033191000655165,20.033310955413832,20.033271280792153,20.033110174331302,20.03285743242645,20.032536345582642
-0.053279999999999994,20.00000000046702,20.000116332222902,20.002005588992297,20.006585819682304,20.01224919405196,20.01761929703592,20.022128868566206,20.025679040321954,20.028361194517128,20.03032086371352,20.031702486881215,20.03263091373155,20.03320793208421,20.033514267807085,20.033613112614887,20.03355366393457,20.033374175535407,20.03310442242332,20.032767630853193
-0.05304,20.000000000570047,20.000125927950336,20.00210734032952,20.00682718435494,20.012600587560257,20.018034515334747,20.02257134389004,20.02612491708585,20.02879634350338,20.03073757600308,20.032097037287798,20.033001963041322,20.03355552635876,20.03383922456045,20.03391664879729,20.03383717298588,20.03363909593003,20.033352162301163,20.032999526980095
-0.05279999999999999,20.000000000695177,20.00013626669773,20.002213763995197,20.007076257696397,20.012960425644398,20.018457600025307,20.023020632295403,20.026576493173234,20.029236180937833,20.0311581155054,20.032494702300944,20.033375545233003,20.0339051812265,20.034165858928638,20.034221551704697,20.034121795830455,20.03390492378236,20.03360064084436,20.033232023330772
-0.052559999999999996,20.000000000847017,20.000147401806455,20.002325047627313,20.007333239331846,20.013328857158715,20.018888646445685,20.023476788958554,20.027033796832864,20.029680717907162,20.031582482706384,20.032895476053692,20.0337516507923,20.034256885233372,20.034494158586448,20.0345278088013,20.03440752012175,20.03417164716843,20.03384984667872,20.03346510914077
-0.05232,20.000000001031086,20.000159390101555,20.002441385005614,20.00759833226025,20.013706031884393,20.019327749638663,20.023939868298413,20.027496855455926,20.030129964689884,20.03201067738413,20.033299352079943,20.03413026970604,20.03461062651304,20.034824110868907,20.03483540727132,20.0346943332822,20.03443925397329,20.03409976827177,20.033698773514182
-0.052079999999999994,20.00000000125403,20.000172292092138,20.002562976184137,20.007871742843395,20.01409210047845,20.019775004304318,20.024409923941736,20.027965695552457,20.030583930741038,20.032442698599173,20.03370632330837,20.03451139145849,20.034966392784778,20.035155702770158,20.035144334018515,20.03498222250316,20.034707731891146,20.03435039393308,20.03393300542402
-0.05184,20.00000000152381,20.0001861721813,20.002690027623185,20.008153680791736,20.014487214420733,20.020230504751627,20.02488700868788,20.028440342727738,20.03104262467689,20.03287854468483,20.034116382056474,20.0348950050278,20.035324171351434,20.035488920942413,20.035454575665767,20.035271174744874,20.03497706842562,20.03460171181465,20.034167793712697
-0.05159999999999999,20.00000000184996,20.000201098885846,20.002822752320657,20.008444359146985,20.014891525958813,20.02069434484919,20.025371174473296,20.028920821658595,20.03150605425971,20.03331821323766,20.034529520024705,20.035281098882493,20.035683949097475,20.035823751694977,20.03576611855473,20.035561176736493,20.035247250889974,20.034853709911246,20.034403127092457
-0.051359999999999996,20.000000002243894,20.000217145066124,20.00296136994242,20.00874399426129,20.015305188050885,20.021166617975023,20.02586247233567,20.029407156069677,20.03197422638264,20.033761701107967,20.034945728290694,20.035669660978098,20.0360457124871,20.03616018099332,20.03607894874549,20.035852214976135,20.035518266407422,20.03510637606089,20.034638994145876
-0.05112,20.00000000271927,20.0002343881663,20.003106106951567,20.009052805772974,20.015728354306535,20.02164741696542,20.026360952377782,20.029899368709696,20.03244714705457,20.034209004390473,20.03536499730358,20.036060678753824,20.03640944756245,20.036498194458236,20.03639305201634,20.036144275731015,20.03579010191144,20.03535969794526,20.03487538332639
-0.050879999999999995,20.00000000329239,20.000252910465353,20.003257196736303,20.00937101657867,20.01616117892548,20.02213683406295,20.026866663731056,20.030397481327633,20.03292482138514,20.03466011841504,20.03578731687849,20.03645413912936,20.036775139941884,20.03683777736506,20.03670841386357,20.03643734503758,20.036062744146154,20.035613663090196,20.03511228295881
-0.05064,20.000000003982713,20.000272799339065,20.003414879736205,20.00969885280177,20.016603816634145,20.022634960863563,20.027379654518853,20.030901514648942,20.033407253569834,20.035115037737548,20.03621267619104,20.036850028501792,20.03714277481836,20.03717891464296,20.037025019501314,20.036731408701726,20.036336179666726,20.03586825886621,20.03534968123991
-0.05039999999999999,20.000000004813444,20.000294147533367,20.003579403566633,20.010036543757117,20.017056422620204,20.023141888262813,20.027899971819487,20.031411488351754,20.03389444687512,20.03557375613087,20.03664106377206,20.03724833274257,20.037512336957864,20.037521590874285,20.037342853861485,20.037026452299042,20.036610394839805,20.03612347248903,20.03558756623901
-0.050159999999999996,20.000000005812222,20.00031705344926,20.00375102314099,20.01038432191182,20.01751915246496,20.02365770640124,20.02842766162901,20.031927421043065,20.034386403623735,20.036036266575966,20.037072467502334,20.037649037194615,20.03788381069797,20.037865790294006,20.037661901593737,20.03732246117511,20.03688537584401,20.036379291020186,20.03582592589858
-0.04991999999999999,20.00000000701193,20.0003416214396,20.003930000790607,20.01074242284204,20.017992162073615,20.0241825046089,20.028962768823746,20.032449330234986,20.03488312518007,20.036502561253123,20.037506874607548,20.038052126669527,20.038257179946452,20.03821149678921,20.037982147065502,20.037619420445846,20.037161108670453,20.036635701367597,20.0360647480349
-0.049679999999999995,20.00000000845166,20.000367962118077,20.004116606381963,20.011111085185785,20.018475607603424,20.024716371349076,20.029505337122632,20.032977232320984,20.035384611935644,20.036972631533317,20.037944271653288,20.038457585444885,20.038632428179998,20.038558693898676,20.038303574362068,20.0379173149979,20.037437579123278,20.036892690286237,20.036304020338726
-0.04944,20.000000010177843,20.000396192680565,20.004311117430905,20.011490550591475,20.018969645389717,20.025259394161186,20.030055409049346,20.033511142552197,20.035890863294743,20.03744646796971,20.038384644540216,20.038865397261663,20.039009538443022,20.038907364812516,20.038626167286747,20.03821612948909,20.03771477282028,20.03715024437878,20.036543730375975
-0.049199999999999994,20.000000012245554,20.00042643723914,20.004513819213628,20.01188106366226,20.019474431869792,20.025811659602905,20.030613025894258,20.03405107501378,20.03640187766016,20.03792406028929,20.038827978499363,20.03927554532177,20.039388493346554,20.039257492371913,20.038949909361072,20.038515848348883,20.03799267519353,20.03740835009632,20.036783865588447
-0.04896,20.000000014720086,20.000458827168984,20.004725004874082,20.01228287189599,20.019990123504687,20.026373253191487,20.031178227676214,20.034597042601355,20.036917652419096,20.038405397384675,20.039274258087534,20.03968801228568,20.03976927506722,20.039609059068887,20.03927478382507,20.038816455778946,20.038271271490053,20.037666993739105,20.037024413294574
-0.04871999999999999,20.000000017678744,20.00049350146843,20.00494497552751,20.012696225620754,20.02051687669881,20.026944259344393,20.031751053104166,20.035149056997472,20.03743818392918,20.03889046730605,20.03972346718288,20.040102780270185,20.040151865346335,20.0399620470462,20.0396007736376,20.03911793575373,20.038550546772544,20.03792616145729,20.03726536069019
-0.048479999999999995,20.000000021212976,20.000530607132262,20.00517404035974,20.013121377925824,20.021054847717487,20.027524761319132,20.032331539538692,20.03570712864826,20.037963467504678,20.039379257253273,20.040175588980595,20.040519830846275,20.040536245489076,20.040316438097268,20.03992786147672,20.03942027202109,20.03883048592012,20.03818583925175,20.03750669484932
-0.04824,20.00000002543085,20.00057029953855,20.005412516721965,20.013558584588065,20.02160419260235,20.028114841152437,20.03291972295339,20.03627126674009,20.03849349740285,20.03987175356814,20.04063060598875,20.04093914503712,20.04092239636374,20.040672213666216,20.040256029740178,20.039723448102983,20.03911107362911,20.038446012974894,20.03774840272502
-0.047999999999999994,20.000000030459958,20.000612742849132,20.00566073022063,20.014008103993575,20.02216506708466,20.028714579598738,20.033515637896173,20.036841479176417,20.039028266810476,20.040367941726817,20.04108850002428,20.04136070331619,20.041310298401136,20.041029354847964,20.040585260545896,20.0400274472962,20.03939229441389,20.03870666833155,20.037990471150195
-0.04776,20.000000036450786,20.00065811042389,20.005919014802096,20.01447019705456,20.022737626496532,20.029324056067992,20.034119317450518,20.037417772554722,20.039567767830572,20.040867806332457,20.041549252209133,20.04178448560547,20.04169993159403,20.04138784238841,20.040915535732562,20.04033225267315,20.039674132607775,20.03896779087983,20.038232886838518
-0.04751999999999999,20.00000004358064,20.00070658524891,20.006187712831686,20.014945127121358,20.023322025680056,20.029943348562856,20.034730793196623,20.038000152143603,20.040111991469278,20.041371331107978,20.042012842966543,20.04221047127384,20.042091275496734,20.041747656684688,20.041246836860267,20.040637847082674,20.03995657236389,20.039229366032078,20.03847563638529
-0.047279999999999996,20.000000052058237,20.000758360378672,20.0064671751668,20.01543315988949,20.023918418894407,20.030572533615285,20.03535009517258,20.038588621860043,20.04066092762296,20.041878498889034,20.04247925201748,20.042638639135543,20.04248430922474,20.04210877778552,20.04157914521121,20.04094421315097,20.04023959765617,20.039491379055818,20.038718706268376
-0.04704,20.000000062129008,20.000813639392252,20.006757761223714,20.015934563301737,20.024526959720845,20.031211686222523,20.035977251835476,20.03918318424681,20.04121456506551,20.04238929161717,20.042948458377243,20.043068967448797,20.042879011454534,20.04247118539161,20.041912441790462,20.041251333282478,20.04052319228032,20.03975381507475,20.038962082849174
-0.046799999999999994,20.000000074081292,20.000872636863612,20.00705983903762,20.01644960744511,20.025147800965758,20.03186087978255,20.036612290022568,20.039783840450067,20.041772891435855,20.04290369033318,20.04342044035224,20.043501433914535,20.043275360423422,20.042834858856168,20.0422467073268,20.041559189660905,20.04080733985486,20.040016659069764,20.039205752373576
-0.04656,20.00000008825347,20.000935578845947,20.00737378531563,20.016978564442667,20.025781094561644,20.032520186029018,20.037255234912422,20.040390590197184,20.04233589322569,20.043421675170645,20.04389517553689,20.043936015675285,20.04367333392954,20.043199777185485,20.04258192227361,20.04186776425023,20.041092023822205,20.04027989588,20.039449700972977
-0.04631999999999999,20.00000010504229,20.00100270337004,20.007699985482272,20.01752170834014,20.026426991466167,20.03318967496569,20.037906109986167,20.04100343177473,20.04290355576744,20.0439432253497,20.044372640810735,20.044372689314166,20.044072909331916,20.043565919039597,20.04291806680983,20.042177038795817,20.041377227449765,20.040543510203936,20.039693914665296
-0.046079999999999996,20.00000012491244,20.001074260956553,20.0080388337171,20.01807931498729,20.02708564155923,20.033869414800403,20.038564936988752,20.04162236200672,20.043475863222465,20.044468319170974,20.044852812335694,20.04481143085403,20.044474063550656,20.04393326273303,20.043255120840982,20.042486994825527,20.041662933831105,20.0408074866005,20.03993837935605
-0.04584,20.000000148407672,20.001150515142083,20.00839073298402,20.018651661913914,20.02775719353814,20.034559471878627,20.03923173589037,20.042247376233085,20.04405279856949,20.044996934009774,20.045335665553495,20.045252215756726,20.044876773067248,20.044301786235636,20.043593064000273,20.042797613650922,20.041949125887154,20.041071809490226,20.04018308083942
-0.045599999999999995,20.000000176163585,20.00123174301887,20.008756095051936,20.019239028200523,20.02844179481089,20.035259910616624,20.03990652484795,20.042878468288393,20.044634343593316,20.045529046310474,20.0458211751833,20.04569501892254,20.04528101392495,20.044671467173494,20.043931875649736,20.0431088763685,20.042235786367417,20.041336463156437,20.040428004799352
-0.04536,20.000000208922426,20.00131823578788,20.009135340506276,20.01984169434358,20.0291395913876,20.035970793434235,20.0405893201668,20.043515630480837,20.04522047887378,20.046064631581125,20.046309315219474,20.04613981468973,20.045686761729304,20.045042282829925,20.04427153488146,20.043420763860986,20.04252289785126,20.04160143174646,20.040673136810707
-0.04511999999999999,20.00000024755011,20.00141029932503,20.00952889875102,20.02045994211527,20.029850727770107,20.036692180687346,20.041280136262436,20.044158853571503,20.045811183774987,20.046603664388293,20.04680005892957,20.04658657683422,20.046093991648753,20.04541421014657,20.044612020518862,20.043733256798674,20.04281044274924,20.041866699272862,20.040918462340407
-0.044879999999999996,20.000000293055795,20.00150825476018,20.009937208000764,20.02109405441781,20.030575346839818,20.03742413060009,20.041978985622578,20.044808126753946,20.04640643643481,20.047146118352135,20.04729337885248,20.04703527856944,20.046502678415372,20.04578722572455,20.044953311118064,20.04404633564082,20.04309840330443,20.042132249614752,20.041163966748616
-0.04464,20.00000034661443,20.001612439068573,20.01036071526243,20.021744315132207,20.031313589743824,20.038166699196765,20.042685878769344,20.045463437634037,20.047006213754706,20.047691966141695,20.047789246796768,20.047485892546316,20.0469127963257,20.046161305825734,20.04529538496929,20.044359980637093,20.04338676159385,20.042398066519066,20.04140963528996
-0.044399999999999995,20.000000409592605,20.001723205674242,20.010799876306223,20.022411008961505,20.032065595779322,20.038919940233548,20.043400824221738,20.04612477221018,20.047610491389776,20.04824117947047,20.048287633839216,20.04793839085339,20.047324319241703,20.04653642637406,20.04563822009836,20.044674171829058,20.043675499529886,20.042664133601928,20.041655453114743
-0.04416,20.00000048357819,20.00184092506489,20.01125515562534,20.02309442126843,20.032831502276395,20.03968390513007,20.044123828458318,20.04679211485381,20.048219243739187,20.048793729092186,20.048788510323515,20.048392745017086,20.047737220591824,20.046912562956987,20.045981794268247,20.04498888905174,20.043964598861766,20.042930434350016,20.041901405270224
-0.043919999999999994,20.000000570414343,20.001965985417673,20.01172702638407,20.023794837907463,20.03361144447921,20.040458642900788,20.044854895880214,20.047465448290314,20.048832443936867,20.04934958479685,20.049291845859212,20.048848926002155,20.048151473372165,20.04728969082698,20.046326084980684,20.04530411193522,20.044254041177084,20.043196952121967,20.04214747670189
-0.04368,20.000000672238386,20.00209879323527,20.012215970353846,20.02451254505138,20.03440555542569,20.04124420008635,20.045594028774435,20.048144753580225,20.049450063842528,20.049908715407064,20.0497976093208,20.049306904212223,20.048567050147792,20.047667784903133,20.04667106947786,20.045619819906285,20.04454380790336,20.043463670149823,20.042393652254763
-0.04344,20.00000079152623,20.00223977399154,20.0127224778368,20.02524782901212,20.035213965825683,20.04204062068484,20.046341227277498,20.048830010100886,20.050072074033015,20.05047108877455,20.050305768847043,20.04976664949054,20.048983923054113,20.04804681977284,20.04701672474417,20.045935992190124,20.044833880309636,20.043730571540493,20.042639916674744
-0.043199999999999995,20.000000931143145,20.00238937278595,20.013247047576424,20.02600097605614,20.036036803937755,20.042847946083047,20.04709648933943,20.04952119552844,20.05069844379399,20.051036671777005,20.050816291840466,20.050228131120825,20.049402063798425,20.04842676969358,20.04736302750803,20.0462526078121,20.04512423950811,20.043997639277254,20.042886254609968
-0.04296,20.00000109440161,20.002548055005974,20.013790186654926,20.026772272214167,20.03687419544457,20.043666214987777,20.04785981068817,20.050218285820268,20.05132914111197,20.051605430315167,20.05132914496709,20.05069131782833,20.04982144366154,20.04880760859478,20.04770995424377,20.04656964559955,20.045414866455822,20.044264856221293,20.043132650612176
-0.042719999999999994,20.000001285127247,20.00271630699654,20.014352410376837,20.027562003085425,20.037726263327027,20.04449546335723,20.048631184794342,20.050921255197824,20.051964132666694,20.052177329310187,20.051844294156353,20.051156177781007,20.05024203349953,20.04918931007976,20.04805748117358,20.046887084183634,20.045705741956375,20.044532205113246,20.04337908913814
-0.04248,20.000001507733813,20.002894636735455,20.014934242138484,20.028370453636303,20.038593127737123,20.045335724332507,20.049410602836524,20.05163007612993,20.05260338382386,20.052752332701264,20.052361704601218,20.051622678590842,20.05066380374562,20.049571847427774,20.048405584269545,20.04720490200126,20.04599684666168,20.04479966857483,20.043625554551085
-0.04224,20.000001767308447,20.003083574513784,20.01553621328291,20.029197907993556,20.0394749058697,20.046187028169303,20.050198053666936,20.052344719316483,20.05324685862824,20.053330403443564,20.052881340758532,20.05209078731537,20.051086724412155,20.049955193596144,20.04875423925571,20.047523077297033,20.04628816107377,20.045067229110423,20.043872031122152
-0.041999999999999996,20.000002069708422,20.003283673620004,20.016158862939847,20.030044649232057,20.040371711833078,20.047049402169794,20.050993523777628,20.05306515367268,20.053894519797133,20.05391150350642,20.05340316634958,20.052560470459316,20.051510765092715,20.050339321222467,20.04910342161027,20.047841588125284,20.046579665546624,20.045334869108768,20.04411850303187
-0.04176,20.000002421670857,20.003495511026628,20.01680273785035,20.030910959157108,20.04128365651868,20.047922870614826,20.0517969972672,20.053791346313677,20.05454632871425,20.05449559387182,20.053927144360827,20.05303169397642,20.05193589496434,20.05072420262693,20.049453106567753,20.048160412352114,20.046871340288057,20.04560257084462,20.04436495437167
-0.041519999999999994,20.00000283093696,20.00371968807801,20.01746839217573,20.03179711808146,20.04221084746974,20.04880745469638,20.052608455808056,20.05452326253975,20.05520224542393,20.055082634533186,20.05445323704493,20.0535044232714,20.05236208278987,20.051109809814704,20.04980326912134,20.048479527657527,20.04716316536163,20.04587031648048,20.044611369145407
-0.04128,20.000003306392575,20.00395683117784,20.018156387290333,20.032703404596973,20.04315338874913,20.04970317245044,20.053427878614226,20.055260865821992,20.055862228625802,20.055672584494467,20.05498140592191,20.0539786232021,20.052789296920412,20.05149611447841,20.05015388402521,20.048798911537585,20.047455120688607,20.046138088068354,20.044857731270923
-0.04103999999999999,20.00000385822695,20.004207592474856,20.01886729155794,20.033630095341124,20.044111380806445,20.050610038690248,20.054255242409788,20.056004117788486,20.056526235669814,20.056265401769487,20.0555116117806,20.054454258081776,20.05321750529792,20.05188308800072,20.05050492579696,20.04911854130663,20.047747186049943,20.04640586755151,20.045104024581605
-0.040799999999999996,20.000004498111934,20.004472650545083,20.019601680091295,20.034577464758332,20.045084920344376,20.05152806494004,20.055090521397922,20.056752978211044,20.057194222551693,20.05686104338165,20.05604381468025,20.054931291681573,20.05364667545789,20.052270701457,20.050856368720112,20.049438394099553,20.04803934108834,20.04667363676629,20.045350232828
-0.04056,20.000005239403933,20.004752711068953,20.02036013449452,20.035545784856254,20.046074100184498,20.052457259369294,20.055933687230592,20.05750740499248,20.057866143908807,20.057459465363927,20.05657797395244,20.055409687233123,20.0540767745322,20.05265892561806,20.051208186846647,20.04975844687412,20.048331565310296,20.046941377443968,20.045596339679438
-0.040319999999999995,20.000006097371266,20.005048507501446,20.021143242588025,20.036535324957118,20.047079009132553,20.053397626727538,20.05678470897894,20.05826735415447,20.05854195301647,20.05806062275912,20.057114048203125,20.05588940743135,20.05450776925203,20.05304773095301,20.05156035399965,20.050078676413314,20.04862383808822,20.047209071212585,20.04584232872567
-0.04008,20.000007089449824,20.00536080173334,20.021951598115663,20.0375463514442,20.048099731843305,20.054349168279796,20.057643553104345,20.05903277982593,20.059221601784653,20.0586644696205,20.057651995314984,20.056370414437414,20.05493962595094,20.053437087632165,20.051912843775995,20.050399059327788,20.04891613866259,20.047476699598878,20.04608818347853
-0.039839999999999993,20.000008235530146,20.0056903847416,20.022785800433788,20.038579127503564,20.049136348685103,20.055311881742686,20.058510183430254,20.05980363423205,20.059905040755147,20.059270959012736,20.058191772449938,20.056852669881824,20.055372310568046,20.053826965530085,20.052265629549087,20.050719572058313,20.049208446144142,20.04774424403018,20.046333887373653
-0.039599999999999996,20.000009558279466,20.0060380772268,20.02364645418196,20.03963391286117,20.05018893560418,20.056285761221265,20.059384561114733,20.060579867683895,20.060592219099178,20.05988004301311,20.05873333605195,20.057336134867732,20.055805788651334,20.05421733422866,20.052618684471714,20.051040190878304,20.049500739516073,20.04801168583639,20.04657942377215
-0.03936,20.000011083502468,20.006404730235317,20.02453416893502,20.040710963515508,20.05125756398887,20.057270797146632,20.060266644623834,20.061361428568617,20.061283084615443,20.060491672713113,20.05927664185001,20.05782076997437,20.05624002536106,20.054608163020333,20.052971981478905,20.051360891896383,20.049792997636334,20.048279006251946,20.046824775962385
-0.039119999999999995,20.000012840544944,20.00679122576408,20.025449558836325,20.041810531465867,20.05234230053378,20.058266976214398,20.061156389705744,20.062148263340305,20.06197758372863,20.061105798220314,20.059821644861376,20.058306535260666,20.05667498547333,20.05499942091135,20.053325493290906,20.051681651059006,20.050085199239902,20.048546186417855,20.047069927161697
-0.03888,20.000014862744884,20.007198477345465,20.026393242211903,20.042932864436384,20.053443207104078,20.059274281323987,20.062053749365813,20.062940316511487,20.06267566148839,20.061722368660604,20.060368299395055,20.05879339026902,20.05711063338373,20.055391076625163,20.05367919241619,20.052002444153114,20.050377322941138,20.04881320738371,20.047314860518203
-0.038639999999999994,20.000017187935935,20.007627430609823,20.027365841165306,20.044078205596076,20.054560340599924,20.06029269151895,20.06295867384239,20.063737530645266,20.06337726156877,20.06234133218072,20.06091655905549,20.059281294029272,20.057546933111137,20.055783098605872,20.054033051154544,20.05232324680886,20.050669347236138,20.049080050109776,20.04755955911259
-0.0384,20.00001985900861,20.008079063823075,20.02836798115306,20.045246793274952,20.05569375282126,20.061322181928222,20.063871110583612,20.064539846348122,20.06408232626813,20.062962635951145,20.061466376746505,20.05977020506279,20.05798384830162,20.05617545502177,20.05438704160022,20.05264403450237,20.050961250505164,20.049346695469072,20.047804005959932
-0.03816,20.000022924535095,20.00855438839673,20.02940029054046,20.04643886067642,20.05684349033297,20.062362723708453,20.06479100422505,20.06534720226341,20.06479079650954,20.063586226169328,20.06201770467548,20.06026008138677,20.05842134223246,20.056568113768986,20.054741135645134,20.05296478255855,20.05125301101508,20.04961312424951,20.04804818401155
-0.037919999999999995,20.000026439463895,20.009054449367532,20.030463400137666,20.047654635586177,20.058009594330592,20.06341428398746,20.06571829656835,20.066159535065534,20.065502611841644,20.064212048063233,20.062570494357768,20.060750880518682,20.058859377816304,20.056961042475216,20.055095304982174,20.053285466153945,20.051544606921833,20.049879317156034,20.04829207615686
-0.03768,20.00003046589126,20.009580325843963,20.031557942715985,20.048894340077744,20.059192100506657,20.064476825808818,20.066652926560803,20.066976779454823,20.066217710440036,20.064840045895245,20.063124696621333,20.061242559480895,20.059297917605427,20.057354208503504,20.055449521108514,20.053606060319645,20.05183601627296,20.050145254812797,20.048535665225263
-0.037439999999999994,20.00003507391664,20.010133131416563,20.032684552504215,20.050158190214855,20.060391038917796,20.06555030807768,20.067594830275937,20.06779886815312,20.06693602910912,20.06547016296639,20.063680261611637,20.06173507480545,20.05973692379612,20.057747578956167,20.05580375532903,20.053926539944243,20.05212721701017,20.050410917765372,20.048778933988057
-0.0372,20.000040342590154,20.010714014529192,20.033843864665066,20.051446395750958,20.061606433852724,20.066634685507886,20.068543940895104,20.068625731900113,20.06765750328447,20.066102341620944,20.06423713879678,20.06222838253902,20.060176358233196,20.058141120678762,20.056157978759764,20.054246879776816,20.052418186971888,20.050676286482982,20.04902186516035
-0.03696,20.000046360960592,20.011324158808083,20.03503651475163,20.052759159825936,20.06283830370121,20.06772990857039,20.069500188690128,20.069457299450363,20.0683820670357,20.06673652325134,20.06479527697285,20.062722438248027,20.060616182414623,20.05853480026415,20.056512162331455,20.054567054430002,20.052708903895915,20.050941341360748,20.049264441403015
-0.036719999999999996,20.000053229233032,20.01196478334552,20.036263138143894,20.054096678660414,20.064086660824188,20.068835923443068,20.070463501007023,20.07029349757112,20.069109653069823,20.06737264830346,20.065354624269524,20.063217197023942,20.061056357496252,20.05892858405666,20.05686627679313,20.054887038383054,20.05299934542206,20.051206062721977,20.04950664532465
-0.03648,20.00006106004587,20.01263714293502,20.037524369465366,20.055459141247766,20.065351511425103,20.06995267196199,20.071433802250787,20.071134251040885,20.069840192735164,20.068010656282254,20.065915128155932,20.06371261348873,20.061496844296688,20.059322438156304,20.057220292715762,20.055206805985005,20.05328948909483,20.05147043082047,20.04974845948357
-0.036239999999999994,20.000069979877647,20.013342528254658,20.038820841979906,20.05684672904415,20.066632855422615,20.071080091574167,20.072411013871335,20.071979482648693,20.070573616025744,20.068650485757704,20.066476735446717,20.064208641800466,20.061937603302262,20.059716328423136,20.05757418049598,20.05552633145783,20.053579312366175,20.05173442584285,20.04998986638979
-0.036,20.000080130594785,20.01408226599524,20.04015318696883,20.05825961565677,20.067930686324818,20.072218115291882,20.073395054350556,20.07282911319426,20.071309851586207,20.069292074371166,20.067039392308377,20.06470523565914,20.062378594672143,20.06011022048161,20.05792791035984,20.055845588899682,20.053868792598205,20.051998027910926,20.050230848507077
-0.03576,20.00009167115198,20.014857718929985,20.04152203308851,20.05969796653067,20.06924499110507,20.07336667164858,20.07438583919054,20.073683061488836,20.072048826717285,20.06993535884205,20.067603044265816,20.0652023483126,20.062819778243526,20.060504079725106,20.05828145236667,20.056164552288163,20.054157907066013,20.05226121708407,20.05047138825496
-0.035519999999999996,20.00010477945772,20.01567028592227,20.042928005708575,20.0611619386343,20.070575750079595,20.07452568465649,20.075383280903,20.074541244356887,20.07279046738177,20.070580274974834,20.068167636209157,20.065699932562673,20.063261113536985,20.06089787132048,20.05863477641296,20.056483195483615,20.05444663296047,20.05252397336162,20.050711468010803
-0.03528,20.000119654418057,20.016521401867994,20.044371726231045,20.062651680144153,20.07192293678694,20.075695073765903,20.07638728899989,20.075403576638593,20.073534698211013,20.071226757666473,20.068733112400786,20.066197940771456,20.063702559761897,20.061291560212716,20.058987852236303,20.056801492232502,20.05473494739109,20.05278627668531,20.05095107011189
-0.035039999999999995,20.00013651817262,20.017412537569115,20.045853811390515,20.06416733012874,20.07328651786947,20.076874753826267,20.077397769985257,20.076269971193142,20.074281442511985,20.071874740914133,20.069299416482618,20.06669632486775,20.06414407582201,20.061685111129666,20.059340649419426,20.0571194161708,20.05502282738891,20.053048106941734,20.0511901768575
-0.0348,20.00015561853723,20.01834519953488,20.04737487253582,20.065709018232205,20.074666452957,20.078064635049085,20.078414627348366,20.077140338902836,20.07503062227486,20.07252415782328,20.06986649148364,20.06719503635369,20.064585620321115,20.06207848858686,20.059693137394245,20.057436940827422,20.055310249909397,20.053309443964796,20.051428770511023
-0.034559999999999994,20.00017723166853,20.01932092970724,20.048935514893458,20.06727686435791,20.076062694552707,20.079264622972698,20.079437761558072,20.07801458867806,20.075782158181113,20.07317494061615,20.070434279827666,20.067694026311507,20.06502715156882,20.06247165689239,20.060045285445995,20.057754039627714,20.055597191835396,20.053570267538234,20.051666833302097
-0.034319999999999996,20.000201664966454,20.02034130510699,20.05053633681316,20.068870978352262,20.077475187921447,20.080474618429008,20.080467070058493,20.07889262746305,20.076535969612213,20.07382702064053,20.07100272334132,20.068193245410466,20.065468627586462,20.062864580151903,20.06039706271741,20.05807068589697,20.0558836299801,20.053830557398122,20.051904347428742
-0.03408,20.000229260231055,20.02140793739713,20.05217792899603,20.070491459689098,20.07890387098063,20.081694517512183,20.081502447266015,20.079774360242528,20.077291974658813,20.074480328378957,20.07157176326229,20.068692643913977,20.065910006113103,20.063257222273617,20.060748438212965,20.058386852863997,20.056169541090064,20.05409029323542,20.052141295059524
-0.033839999999999995,20.000260397090877,20.02252247236006,20.05386087370571,20.072138397155005,20.080348674193758,20.08292421154939,20.082543784567612,20.080659690049192,20.078050090130507,20.075134793458226,20.0721413402478,20.06919217168683,20.06635124461165,20.063649546973476,20.06109938080316,20.05870251366471,20.056454901848216,20.054349454698528,20.052377658335732
-0.0336,20.000295496720465,20.02368658928514,20.055585743963064,20.073811868535852,20.081809520466795,20.08416358707363,20.083590970320532,20.08154851797204,20.07881023156614,20.075790344659243,20.07271139438329,20.069691778202625,20.066792300275086,20.064041517780346,20.061449859228873,20.05901764134578,20.056739688876934,20.054608021395882,20.052613419373568
-0.033359999999999994,20.000335025865244,20.024902000263292,20.057353102725003,20.075511940304875,20.083286325047457,20.085412525798706,20.084643889853343,20.082440743165566,20.079572313244643,20.076446909927295,20.073281865191394,20.070191412551356,20.0672331300328,20.064433098041285,20.061799842105756,20.059332208868295,20.05702387874112,20.054865972898543,20.052848560266348
-0.03312,20.000379501192274,20.0261704493853,20.059163502047898,20.077238667312724,20.084778995427605,20.086670904596378,20.085702425468366,20.08333626285986,20.080336248196435,20.077104416382614,20.073852691641093,20.070691023447118,20.067673690557037,20.064824250926897,20.062149297928695,20.059646189111504,20.05730744795133,20.055123288742834,20.053083063086742
-0.03288,20.000429493985795,20.027493711840652,20.061017482236352,20.078992092479726,20.08628743124884,20.087938595475734,20.086766456445538,20.084234972371515,20.081101948215387,20.07776279033131,20.074423812157125,20.071190559236015,20.068113938269434,20.065214939436764,20.062498195076298,20.05995955487654,20.057590372966907,20.05537994843298,20.053316909888984
-0.032639999999999995,20.000485635206683,20.028873592913676,20.06291557097793,20.080772246490806,20.087811524211457,20.089215465564894,20.087835859047665,20.085136765115465,20.08186932387131,20.07842195727669,20.074995164629627,20.07168996790419,20.06855382934769,20.065605126404947,20.062846501815468,20.060272278890228,20.05787263019914,20.055635931443753,20.053550082711148
-0.0324,20.000548620934985,20.030311926874017,20.064858282464584,20.082579147493387,20.089351157986847,20.090501377094984,20.08891050652713,20.086041532617696,20.082638284523004,20.07908184193087,20.075566686424004,20.07218919708602,20.068993319732304,20.065994774505544,20.063194186305996,20.060584333808904,20.058154196014467,20.055891217223188,20.05378256357739
-0.032159999999999994,20.00061921821481,20.03181057575843,20.066846116501548,20.084412800798617,20.090906208133557,20.091796187386535,20.08999026913406,20.08694916452883,20.083408738331872,20.079742368226796,20.076138314391017,20.072688194072455,20.069432365133455,20.066383846258347,20.063541216605223,20.060895692222278,20.058435046737706,20.056145785195252,20.05401433450024
-0.03192,20.00069827132048,20.03337142804117,20.068879557604497,20.086273198586362,20.09247654201705,20.093099748838263,20.09107501412593,20.087859548638605,20.08418059227607,20.080403459330576,20.076709984877105,20.07318690581954,20.069870921037953,20.066772304034536,20.063887560672743,20.06120632665732,20.058715158655268,20.056399614762572,20.054245377482896
-0.03168,20.000786708462726,20.0349963971902,20.07095907408581,20.08816031961427,20.094062018733368,20.094411908918357,20.092164605778695,20.08877257089126,20.08495375216521,20.08106503765417,20.077281633734945,20.07368527895702,20.07030894271629,20.067160110062474,20.064233186375144,20.061516209582194,20.058994508018454,20.056652685309178,20.054475674521505
-0.031439999999999996,20.000885548952944,20.03668742010677,20.07308511713088,20.090074128931334,20.09566248903678,20.095732510158207,20.093258905399363,20.089688115401795,20.08572812265561,20.081727024868428,20.07785319633421,20.074183259797152,20.07074638522982,20.067547226433547,20.06457806149082,20.061825313410225,20.059273071046725,20.05690497620324,20.0547052076075
-0.0312,20.000995910843006,20.03844645544603,20.075258119865353,20.09201457759631,20.097277795271555,20.097061390148763,20.09435777134011,20.09060606447316,20.086503607266117,20.082389341916485,20.07842460757255,20.074680794343646,20.071183203438004,20.067933615108068,20.064922153714814,20.062133610503878,20.05955082393103,20.057156466799842,20.05493395872993
-0.030959999999999998,20.00111901905697,20.040275481816433,20.077478496414297,20.093981602401396,20.098907771308014,20.098398381539397,20.095461059013886,20.091526298614298,20.08728010839443,20.083051909027464,20.078995801886826,20.07517782830073,20.07161935200576,20.06831923792128,20.065265430663697,20.062441073178796,20.059827742837133,20.05740713644378,20.05516190987777
-0.030719999999999997,20.001256214029954,20.042176495856005,20.079746640954372,20.095975125601566,20.10055224248294,20.09974331203945,20.096568620911572,20.092448696559135,20.088057527334026,20.08371464573054,20.079566713264516,20.075674307082373,20.072054785410927,20.068704056589368,20.0656078598805,20.062747673707847,20.060103803908977,20.057656964472333,20.05538904304231
-0.030479999999999997,20.00140896086786,20.044151510183745,20.08206292675999,20.09799505464991,20.102211025544502,20.101096004422413,20.09768030662065,20.093373135286445,20.088835764291563,20.084377470869363,20.080137275255357,20.076170175821648,20.07248945795178,20.069088032715587,20.06594940883971,20.063053384325215,20.060378983272056,20.057905930218112,20.055615340219493
-0.030239999999999996,20.001578859039913,20.046202551224614,20.084427705244615,20.100041281939454,20.103883928601807,20.1024562765328,20.09879596284542,20.094299490040616,20.089614718404896,20.08504030261676,20.08070742098321,20.076665379380234,20.07292332375468,20.06947112779642,20.066290044952265,20.06335817723051,20.060653257036822,20.058154013011862,20.055840783412286
-0.03,20.00176765261387,20.048331656906768,20.086841304998405,20.102113684551753,20.105570751079185,20.103823941295776,20.099915433428784,20.09522763435333,20.09039428776157,20.085703058489823,20.081277083158103,20.077159862358034,20.07335633678179,20.0698533032278,20.066629735570622,20.06366202459291,20.0609266013021,20.05840119218531,20.056065354633073
-0.029759999999999998,20.00197724104135,20.050540874230105,20.089304030823254,20.104212124012758,20.107271283675342,20.10519880672952,20.10103855937557,20.09615744006613,20.091174369417885,20.086365655365285,20.081846194088516,20.077653569102964,20.073788450838876,20.0702345203114,20.066968447993865,20.063964898555348,20.06119899215853,20.058647447074044,20.056289035906044
-0.029519999999999998,20.002209690497942,20.05283225670532,20.091816162766616,20.10633644605626,20.108985308327494,20.1065806759604,20.102165178877417,20.097088777353896,20.091954859418497,20.087028009495263,20.08241468569385,20.07814644372083,20.074219619583207,20.07061474026097,20.067306149472824,20.064266771238675,20.061470405692013,20.058892757020352,20.056511809269583
-0.029279999999999997,20.002467245779705,20.05520786166299,20.094377955155256,20.108486480395403,20.110712598180566,20.10796934724098,20.10329512733926,20.098021514749203,20.0927356528165,20.087690036523274,20.08298248951709,20.07863843008536,20.074649796531546,20.070993924208764,20.06764280721527,20.06456761474592,20.061740817987207,20.059137101376127,20.056733656778693
-0.029039999999999996,20.00275234275397,20.057669747432566,20.09698963563033,20.11066204050255,20.11245291756162,20.10936461397083,20.10442823740733,20.098955519167596,20.093516643694105,20.08835165150061,20.0835495367377,20.07912947184837,20.07507893506818,20.071372033211947,20.067978388391122,20.064867401166513,20.062010205130996,20.059380459505746,20.056954560507407
-0.0288,20.00306762135865,20.06021997039142,20.099651404185064,20.11286292339802,20.114206021959557,20.110766264720265,20.105564338998803,20.09989065593372,20.094297725183782,20.089012768903014,20.084115758184673,20.079619512450027,20.075506988453103,20.071749028259138,20.06831286013768,20.06516610258058,20.06227854321601,20.059622810788994,20.057174502551216
-0.02856,20.003415939139774,20.06286058188436,20.102363432206438,20.115088909447984,20.11597165801023,20.112174083256974,20.10670325933296,20.10082678880838,20.09507878948994,20.089673302647657,20.084681084349803,20.080108495129267,20.075933909830205,20.07212487027695,20.068646189564934,20.065463691063208,20.062545808344158,20.059864134623965,20.0573934650295
-0.028319999999999998,20.00380038531221,20.065593625014603,20.105125861522307,20.117339762171977,20.117749563487088,20.11358784857553,20.10784482296396,20.101763780016455,20.095859727911137,20.090333166110444,20.085245445401142,20.080596362934298,20.07635965223558,20.072499520136624,20.068978343760868,20.065760138688795,20.06281197663015,20.060104410429993,20.057611430087963
-0.028079999999999997,20.004224295323418,20.068421131307186,20.107938803455358,20.11961522806039,20.119539467297376,20.1150073349299,20.108988851815177,20.102701490275695,20.096640430862763,20.090992272143605,20.085808771196618,20.08108305873325,20.07678416860592,20.072872938660655,20.069309289796806,20.06605541753537,20.063077024205075,20.060343617650595,20.057828379901107
-0.027839999999999997,20.004691265894333,20.071345117246544,20.11080233788541,20.12191503640232,20.121341089484066,20.116432311868852,20.110135165215134,20.1036397788264,20.09742078790026,20.09165053309359,20.08637099129788,20.081568525224917,20.07720741178693,20.073245086629534,20.069638994732806,20.066349499688975,20.063340927219947,20.06058173575642,20.058044296674645
-0.027599999999999996,20.00520517050545,20.07436758069011,20.113716512321535,20.124238899124183,20.123154141233574,20.117862544274406,20.11128357993498,20.104578503461962,20.0982006877428,20.09230786081926,20.08693203498428,20.08205270494964,20.07762933454187,20.073615924788466,20.069967425623055,20.066642357248018,20.0636036618493,20.060818744248188,20.058259162648003
-0.02736,20.00577017528962,20.077490497160277,20.116681340985533,20.126586510639452,20.12497832488932,20.119297792403213,20.112433910227573,20.105517520560266,20.098980018297507,20.092964166710384,20.08749183126707,20.082535540300267,20.078049889560145,20.0739854138542,20.070294549521332,20.066933962327695,20.06386520429478,20.061054622659686,20.05847296009675
-0.02712,20.0063907552861,20.08071581601745,20.119696803908344,20.128957547709863,20.126813333971263,20.120737811930976,20.1135859678681,20.10645668511595,20.099758666684107,20.093619361706374,20.08805030890373,20.08301697353323,20.078469029465936,20.07435351452185,20.070620333486442,20.06722428706441,20.064125530788758,20.06128935056071,20.058685671335102
-0.026879999999999998,20.007071711003015,20.084045456517362,20.12276284604091,20.131351669318537,20.128658853201472,20.12218235399986,20.114739562196284,20.107395850773514,20.1005365192601,20.094273356315355,20.088607396412485,20.083496946779746,20.078886706826946,20.07472018747178,20.070944744587756,20.06751330362019,20.064384617597938,20.061522907560054,20.05889727871837
-0.026639999999999997,20.00781818522759,20.087481303756203,20.12587937638113,20.133768516555268,20.130514558535765,20.123631165268936,20.115894500160138,20.108334869861263,20.101313461646388,20.09492606063348,20.08916302208702,20.083975402057092,20.079302874163183,20.075085393376533,20.071267749910685,20.067800984187162,20.064642441026997,20.061755273308506,20.05910776464546
-0.026399999999999996,20.008635680015267,20.09102520450753,20.129046267118497,20.13620771251442,20.132380117201564,20.12508398796764,20.117050586361252,20.109273593426085,20.10208937875336,20.09557738436452,20.089717114011293,20.084452281279997,20.07971748395579,20.07544909290779,20.071589316562267,20.068087300992016,20.06489897742222,20.061986427501843,20.059317111561352
-0.02616,20.009530073780365,20.094678962955463,20.1322633527981,20.138668862205733,20.13425518774195,20.12654055995226,20.11820762310166,20.110211871269055,20.102864154807442,20.096227236839724,20.09026960007453,20.084927526272107,20.080130488655964,20.075811246743363,20.07190941167671,20.068372226300475,20.065154203175148,20.06221634988381,20.059525301959585
-0.02592,20.01050763840197,20.09844433632896,20.135530429505497,20.14115155247838,20.136139420066055,20.128000614765483,20.11936541043219,20.11114955198184,20.103637673378127,20.09687552703792,20.090820407986413,20.08540107877758,20.080541840693908,20.076171815574245,20.072228002420992,20.068655732421814,20.06540809472623,20.062445020249147,20.05973231838476
-0.025679999999999998,20.011575056249658,20.102323030442594,20.138847254074324,20.143655351958625,20.138032455505748,20.12946388169891,20.120523746202384,20.112086482983926,20.104409817405386,20.0975221636059,20.091369465292356,20.085872880472728,20.080951492487852,20.07653076011165,20.07254505600047,20.06893779171334,20.065660628568505,20.062672418446592,20.059938143435023
-0.025439999999999997,20.01273943702417,20.106316695149495,20.142213543318064,20.146179811001343,20.13993392687879,20.130930085858648,20.12168242611187,20.11302251056062,20.10518046922757,20.098167054879017,20.091916699388957,20.08634287297778,20.081359396453124,20.076888041094126,20.072860539664514,20.06921837658495,20.065911781251266,20.06289852438189,20.060142759764567
-0.025199999999999997,20.014008334298726,20.11042691971278,20.14562897328784,20.148724461655814,20.14184345855837,20.132398948233906,20.122841243763283,20.11395747990184,20.105949510609697,20.09881010890206,20.09246203753958,20.0868109978687,20.081765505011255,20.0772436192947,20.073174420712153,20.069497459503637,20.066161529383724,20.063123318020818,20.060346150086147
-0.024959999999999996,20.015389761636776,20.1146552281021,20.149093178557788,20.15128881764596,20.14376066654917,20.133870185768586,20.123999990716644,20.114891235141666,20.106716822772203,20.099451233450324,20.09300540689009,20.0872771966891,20.082169770599158,20.077597455528,20.073486666497743,20.069775012998043,20.06640984963872,20.063346779392205,20.06054829717355
-0.02472,20.016892208152452,20.11900307422246,20.152605751539692,20.153872374365417,20.145685158569936,20.135343511435895,20.125158456545194,20.11582361939867,20.107482286420044,20.100090336050933,20.093546734484697,20.087741410962234,20.082572145678323,20.077949510657472,20.07379724443665,20.070051009663015,20.0666567187564,20.063568888590957,20.06074918386414
-0.02448,20.01852465337011,20.123471837082864,20.156166241828604,20.15647460888767,20.14761653414258,20.13681863431594,20.1263164288927,20.11675447481697,20.10824578177225,20.100727324004385,20.09408594728193,20.088203582203047,20.082972582744087,20.078299745602568,20.07410612201095,20.070325422164156,20.066902113547908,20.063789625781077,20.06094879306132
-0.024239999999999998,20.02029658122985,20.128062815912905,20.15977415558102,20.159094979991508,20.149554384687878,20.13829525967628,20.127473693532185,20.11768364260801,20.109007188591836,20.101362104406302,20.094622972170754,20.088663651930318,20.083371034334917,20.078648121345985,20.074413266775124,20.070598223242403,20.067146010899098,20.064008971198703,20.061147107737078
-0.023999999999999997,20.022217993076485,20.132777225235696,20.163428954927323,20.16173292820208,20.151498293627753,20.13977308905544,20.128630034426074,20.11861096309308,20.109766386216094,20.101994584169397,20.095157735986763,20.08912156167884,20.08376745304174,20.07899459894092,20.074718646361802,20.07086938571859,20.067388387774226,20.064226905155135,20.06134411093446
-0.023759999999999996,20.024299419460387,20.137616189906076,20.167130057420124,20.164387875847755,20.15344783649413,20.141251820349375,20.129785233787725,20.11953627574652,20.11052325358729,20.10262467004563,20.09569016552854,20.089577253011697,20.08416179151732,20.07933913951835,20.075022228487484,20.071138882498044,20.067629221219647,20.06444340803987,20.061539785770098
-0.02352,20.026551930569916,20.14258074012351,20.170876835520072,20.167059227133013,20.155402581044424,20.142731147900818,20.13093907214437,20.120459419239626,20.11127766928366,20.103252268648564,20.096220187574062,20.090030667532567,20.084554002485643,20.079681704294313,20.075323980958274,20.07140668657515,20.067868488367548,20.06465846032362,20.06173411543671
-0.02328,20.028987145107063,20.147671806429354,20.174668616120798,20.16974636822763,20.15736208738363,20.144210762591527,20.132091328401344,20.12138023148521,20.112029511550826,20.103877286475935,20.096747728897263,20.090481746898107,20.08494403875136,20.080022254577212,20.07562387167565,20.071672771037953,20.068106166439623,20.06487204256137,20.061927083205607
-0.023039999999999998,20.031617237410483,20.15289021469875,20.178504680114507,20.17244866737224,20.15932590809299,20.14569035193739,20.13324177990773,20.12229854968284,20.112778658333486,20.10449962993234,20.097272716284657,20.090930432830373,20.08533185320924,20.080360751775157,20.0759218686422,20.071937109072756,20.068342232750812,20.065084135395374,20.062118672429186
-0.022799999999999997,20.03445494262327,20.1582366811377,20.182384261999815,20.175165475000544,20.16129358836526,20.14716960018634,20.134390202523228,20.123214210364683,20.113524987307464,20.105119205352167,20.097795076552075,20.09137666712931,20.085717398853664,20.080697157403286,20.076217939967407,20.072199673968694,20.068576664712992,20.065294719558217,20.062308866543464
-0.022559999999999997,20.037513559697164,20.163711807296245,20.186306549533338,20.177896123878305,20.163264666146567,20.148648188419102,20.135536370686356,20.124127049442023,20.11426837591209,20.10573591902263,20.09831473656146,20.09182039168526,20.086100628788117,20.081031433091116,20.076512053873405,20.07246043912233,20.068809439838688,20.06550377587584,20.062497649070547
-0.02232,20.040806952020002,20.16931607510914,20.190270683426494,20.18063992925925,20.165238672284733,20.15012579465266,20.1366800574839,20.12503690225234,20.115008701382834,20.106349677207007,20.09883162323779,20.092261548491535,20.08648149623473,20.081363540589898,20.076804178700744,20.072719378042276,20.06904053574478,20.065711285270552,20.062685003621162
-0.02208,20.04434954544971,20.17504984197569,20.194275757089006,20.183396189057987,20.167215130684205,20.151602093946444,20.137821034721572,20.125943603606988,20.115745840784285,20.106960386167987,20.099345663586025,20.092700079657014,20.08685995454381,20.081693441779983,20.077094282914178,20.07297646435375,20.069269930156214,20.065917228764064,20.062870913897132
-0.02184,20.048156323535693,20.180913335890676,20.198320816420505,20.186164184040138,20.16919355846737,20.15307675851125,20.138959072995885,20.126846987839468,20.11647967104339,20.107567952191204,20.099856784708173,20.09313592741878,20.087235957203436,20.082021098678183,20.077382335108425,20.0732316718032,20.069497600909703,20.066121587480524,20.0630553636939
-0.021599999999999998,20.052242819707836,20.186906650638836,20.202404859651573,20.188943178029657,20.171173466142353,20.154549457820732,20.140093941767194,20.127746888854205,20.117210068982942,20.108172281608848,20.10036491382038,20.093569034154793,20.08760945784899,20.08234647344516,20.077668304013955,20.07348497426287,20.069723525957425,20.066324342649526,20.063238336902995
-0.021359999999999997,20.056625106213815,20.19302974106532,20.206526837235582,20.19173241813349,20.17315435777716,20.156019858725525,20.141225409433893,20.128643140175903,20.11793691135537,20.108773280823463,20.100869978270094,20.09399934239659,20.08798041027278,20.08266952839278,20.07795215850275,20.07373634573541,20.06994768337072,20.06652547560914,20.063419817514564
-0.02112,20.061319779588015,20.19928241843516,20.210685651792588,20.194531134983595,20.175135731180156,20.157487625569896,20.14235324340769,20.129535574999373,20.11866007487671,20.109370856331804,20.101371905553325,20.094426794841983,20.088348768433615,20.082990225991523,20.07823386759408,20.073985760358436,20.070170051343794,20.066724967808916,20.06359978961984
-0.02088,20.066343942439516,20.20566434589472,20.214880158106457,20.197338542996352,20.177117078086773,20.158952420310914,20.14347721018998,20.13042402623988,20.119379436260882,20.109964914748836,20.10187062333187,20.094851334367824,20.08871448646641,20.083308528877822,20.07851340046027,20.074233192409142,20.070390608197396,20.066922800812904,20.06377823741363
-0.02064,20.07171518135283,20.212175034048464,20.219109163176448,20.20015384064939,20.179097884352426,20.16041390264002,20.144597075449273,20.131308326583945,20.1200948722541,20.110555362831835,20.102366059450656,20.095272904042744,20.089077518691795,20.083624399861456,20.07879072643246,20.074478616308834,20.070609332382507,20.067118956302664,20.06395514519682
-0.020399999999999998,20.07745154070333,20.218813836664566,20.223371426324263,20.20297621077581,20.181077630151506,20.16187173010701,20.14571260409958,20.132188308540584,20.120806259669557,20.11114210750455,20.102858141955092,20.09569144713992,20.089437819625708,20.083937801932915,20.07906581500635,20.07472200662753,20.070826202484028,20.067313416080275,20.06413049737886
-0.020159999999999997,20.08357149219986,20.225579946522885,20.227665659357683,20.20580482087579,20.183055790182394,20.163325558246342,20.146823560379843,20.133063804493013,20.121513475422255,20.111725055881465,20.103346799108433,20.096106907149856,20.089795343988996,20.08424869827076,20.079338635847957,20.0749633380885,20.071041197224446,20.06750616207132,20.064304278480225
-0.019919999999999997,20.090093899979497,20.2324723914191,20.23199052679167,20.208638823445494,20.185031833878423,20.164775040705702,20.14792970793425,20.133934646750696,20.122216396564024,20.112304115292165,20.103831959409217,20.09651922779316,20.090150046717017,20.084557052248975,20.079609158799368,20.075202585572843,20.071254295467497,20.06769717632791,20.064476473134924
-0.01968,20.097037981094708,20.2394900303388,20.23634464612786,20.21147735632324,20.187005225624628,20.16621982937678,20.14903080989345,20.13480066760184,20.122914900318715,20.11287919330569,20.104313551608666,20.096928353033313,20.09050188296923,20.084862827444308,20.079877353884434,20.075439724124006,20.071465476221853,20.067886441031654,20.064647066092967
-0.01944,20.10442326125039,20.24663154981532,20.240726588193294,20.214319543052827,20.188975424980264,20.167659574528162,20.15012662895667,20.1356616993662,20.123608864117518,20.113450197755025,20.10479150472816,20.097334227089465,20.09085080813877,20.08516598764362,20.080143191314512,20.075674728952336,20.071674718644747,20.068073938496653,20.064816042222837
-0.0192,20.112269525668268,20.253895460485232,20.24513487753905,20.21716449326392,20.19094188690689,20.169093924940345,20.151216927474593,20.136517574448245,20.124298165634425,20.114017036761577,20.105265748076658,20.097736794449187,20.091196777862006,20.085466496851176,20.080406641494182,20.07590757543961,20.071882002045644,20.068259651172504,20.064983386513983
-0.018959999999999998,20.12059676497842,20.261280093855227,20.249567992899497,20.220011303069292,20.192904062001972,20.170522528042685,20.15230146753308,20.137368125390623,20.124982682821823,20.11457961875973,20.10573621126818,20.09813599988124,20.0915397480281,20.08576431929597,20.08066767502691,20.076138239143553,20.07208730588988,20.068443561647257,20.065149084079277
-0.018719999999999997,20.129425116062453,20.268783599294157,20.254024367712695,20.222859055478885,20.194861396737835,20.17194503005233,20.15338001103757,20.138213184927913,20.12566229394616,20.1151378525214,20.106202824239247,20.098531788448312,20.091879674788554,20.086059419439014,20.080926262720762,20.07636669580233,20.072290609802298,20.068625652650407,20.065313120157494
-0.01848,20.138774797800234,20.27640394126381,20.258502390702475,20.225706820830368,20.19681333370588,20.173361076114965,20.15445231979823,20.139052586040645,20.126336877623732,20.11569164718062,20.106665517266315,20.098924105519746,20.0922165145667,20.086351761980602,20.081182375594057,20.07659292133907,20.07249189357087,20.06880590705587,20.065475480115797
-0.01824,20.148666041701578,20.284138896801874,20.263000406522536,20.22855365723609,20.198759311865846,20.17477031044736,20.15551815561573,20.13988616200956,20.127006312856523,20.116240912258117,20.107124220983213,20.09931289678424,20.092550224067207,20.08664131186756,20.08143598488102,20.07681689186634,20.072691137150333,20.068984307884946,20.06563614945219
-0.018,20.159119017436456,20.291986053270296,20.267516716462897,20.23139861104617,20.20069876680006,20.176172376481606,20.156577280367618,20.140713746470066,20.127670479068104,20.116785557685937,20.107578866398548,20.09969810826253,20.092880760285546,20.08692803430049,20.08168706203742,20.07703858369062,20.0728883206658,20.069160838309294,20.065795113798004
-0.017759999999999998,20.170153753311364,20.29994280638202,20.272049579218898,20.234240717327452,20.202631130972474,20.177566917010953,20.157629456095282,20.1415351734669,20.1283292561396,20.11732549383199,20.108029384913074,20.100079686320026,20.09320808051744,20.087211894740975,20.081935578746204,20.077257973316776,20.073083424416374,20.069335481653898,20.065952358920374
-0.017519999999999997,20.181790051776,20.308006358518806,20.27659721172286,20.237079000358076,20.20455583399234,20.178953574337203,20.158674445091442,20.142350277508925,20.12898252444564,20.117860631524636,20.108475708337046,20.100457577679443,20.09353214236825,20.087492858918758,20.082181506923074,20.07747503745251,20.07327642887874,20.069508221400028,20.06610787072471
-0.017279999999999997,20.194047400082574,20.316173717352406,20.281157790038403,20.239912474137377,20.206472302882357,20.180331990419525,20.15971200998807,20.143158893624083,20.129630164890358,20.118390882077197,20.108917768907514,20.100831729433352,20.093852903762397,20.087770892838922,20.082424818722114,20.077689753012802,20.07346731471078,20.069679041188216,20.066261635257188
-0.01704,20.206944876260263,20.32444169478109,20.285729450317366,20.24274014291075,20.208379962351128,20.181701807024645,20.160741913844763,20.14396085741444,20.130272058943365,20.11891615731246,20.1093554993056,20.101202089056734,20.09417032295267,20.088045962789018,20.08266548654132,20.077902097124362,20.073656062755166,20.06984792482121,20.066413638707225
-0.0168,20.22050105060897,20.33280690619301,20.29031028981903,20.24556100170922,20.21027823506972,20.183062665878285,20.161763920237515,20.144756005111326,20.130908088675724,20.11943636958712,20.10978883267369,20.10156860441947,20.094484358529566,20.08831803534618,20.082903483028186,20.078112047130034,20.07384265404294,20.070014856266944,20.06656386740998
-0.01656,20.234733882959553,20.341265770067373,20.29489836799149,20.24837403690324,20.21216654195221,20.1844142088178,20.162777793347754,20.14554417363049,20.131538136795854,20.119951431816165,20.110217702632593,20.101931223798772,20.09479496943056,20.088587077384222,20.083138781085225,20.078319580593217,20.074027069797115,20.07017981966151,20.066712307848846
-0.016319999999999998,20.249660615991665,20.349814507923988,20.29949170761462,20.25117822677044,20.214044302439937,20.185756077945875,20.16378329805173,20.14632520062733,20.132162086685412,20.12046125749719,20.110642043298633,20.10228989589159,20.09510211494933,20.088853056080676,20.08337135387549,20.078524675302265,20.07420929143625,20.070342799312133,20.06685894665797
-0.016079999999999997,20.26529766494537,20.358449144630974,20.30408829600418,20.25397254207685,20.215910934789335,20.1870879157852,20.164780200010064,20.147098924552072,20.132779822435108,20.12096576073463,20.111061789300674,20.102644569826943,20.095405754744977,20.089115938923847,20.083601174828072,20.078727309274907,20.074389300578048,20.070503779700143,20.067003770624762
-0.01584,20.281660504107684,20.367165509080017,20.308686086276424,20.256755946671163,20.217765856363098,20.18840936543405,20.165768265757528,20.147865184704933,20.133391228880384,20.121464856263927,20.111476875797052,20.10299519517819,20.09570584885116,20.08937569371981,20.083828217643592,20.0789274607626,20.07456707904293,20.070662745483965,20.06714676669244
-0.0156,20.298763550500837,20.375959235237634,20.313282998672403,20.259527398091628,20.219608483924493,20.189720070722636,20.166747262792878,20.14862382129123,20.13399619163706,20.121958459475564,20.111887238492447,20.10334172197525,20.09600235768522,20.08963228859936,20.084052456299666,20.07912510825495,20.074742608857633,20.070819681502126,20.067287921962556
-0.015359999999999999,20.316620045243877,20.384825763580434,20.317876921941213,20.262285848185023,20.221438233934602,20.1910196763701,20.16771695966883,20.14937467547637,20.134594597136793,20.12244648643901,20.11229281365466,20.10368410071678,20.09629524205723,20.089885692025,20.08427386505635,20.07932023048407,20.074915872258803,20.070974572776247,20.067427223697603
-0.015119999999999998,20.3352419331038,20.39376034292136,20.322465714781067,20.26503024373728,20.223254522852258,20.19230782814214,20.168677126081988,20.15011758944073,20.13518633266245,20.12292885392655,20.112693538131296,20.104022282382218,20.096584463179028,20.09013587279782,20.084492418461593,20.079512806428948,20.075086851696586,20.071127404514083,20.067564659323562
-0.014879999999999999,20.354639740795594,20.402758032633272,20.32704720733722,20.267759527115178,20.225056767436456,20.193584173009068,20.16962753296275,20.150852406434378,20.135771286383278,20.12340547943696,20.11308934936636,20.104356218443826,20.096869982673187,20.090382800064397,20.084708091356646,20.079702815319855,20.075255529838252,20.07127816211255,20.067700216432545
-0.014639999999999999,20.374822454632458,20.41181370527525,20.331619202755473,20.270472636918598,20.226844385051006,20.1948483593042,20.170567952565122,20.151578970831626,20.136349347389935,20.123876281219093,20.113480185416716,20.104685860878618,20.097151762581923,20.090626443323657,20.08492085888148,20.079890236642694,20.07542188957181,20.0714268311608,20.067833882785433
-0.0144,20.39579739816723,20.42092204962613,20.336179478789923,20.27316850864274,20.22861679397118,20.19610003688252,20.17149815855636,20.15229712818532,20.136920405729317,20.124341178295236,20.113865984968484,20.105011162180233,20.09742976537599,20.090866772433706,20.085130696480196,20.080075050143392,20.07558591400964,20.071573397443302,20.067965646314544
-0.014159999999999999,20.41757011050351,20.43007757412889,20.34072578946358,20.27584607534973,20.23037341369214,20.197338857279476,20.1724179261064,20.15300672528093,20.137484352439163,20.124800090484396,20.11424668735328,20.105332075370708,20.097703953963485,20.091103757618637,20.08533757990642,20.080257235832295,20.075747586492174,20.071717846942974,20.068095495126364
-0.013919999999999998,20.44014422598959,20.439274610748388,20.34525586678019,20.278504268349,20.232113665238806,20.19856447386973,20.173327031977006,20.15370761019032,20.138041079582454,20.125252938425348,20.11462223256436,20.10564855401219,20.09797429169864,20.0913373694753,20.085541485228678,20.08043677398856,20.075906890591558,20.071860165844335,20.0682234175043
-0.01368,20.463521356039497,20.44850731924415,20.349767422485673,20.281142017885788,20.23383697147704,20.199776542025862,20.17422525461058,20.15439963232522,20.138590480281536,20.125699643599525,20.114992561272622,20.10596055221857,20.09824074239054,20.091567578980094,20.08574238883582,20.080613645164583,20.07606381011538,20.072000340536686,20.0683494019115
-0.013439999999999999,20.48770097385305,20.457769691858573,20.354258149877328,20.28375825383713,20.235542757425723,20.20097471927679,20.175112374218575,20.155082642490335,20.139132448751987,20.126140128353722,20.11535761484249,20.106268024666992,20.0985032703118,20.09179435749567,20.08594026744238,20.080787830190435,20.07621832911041,20.072138357617384,20.068473436993724
-0.013199999999999998,20.512680302830148,20.467055558420057,20.35872572565891,20.286351906414634,20.237230450569605,20.202158665465834,20.175988172869435,20.15575649293608,20.139666880336215,20.12657431592259,20.115717335347654,20.106570926609333,20.098761840207207,20.092017676777676,20.086135098094008,20.080959310178336,20.076370431866422,20.072274203895127,20.068595511582277
-0.01296,20.5384542094932,20.476358591859327,20.363167811839517,20.288921906873345,20.238899481172524,20.203328042908332,20.176852434576,20.156421037410865,20.1401936715367,20.127002130450904,20.11607166558665,20.10686921388354,20.09901641730229,20.092237508981476,20.08632685817287,20.081128066527143,20.076520102919996,20.07240786639333,20.068715614697037
-0.012719999999999999,20.56501510174536,20.48567231413606,20.367582057674188,20.29146718822596,20.240549282590763,20.204482516548556,20.17770494538231,20.157076131212957,20.140712720048967,20.12742349701563,20.116420549098336,20.107162842924932,20.099266967311895,20.092453826668837,20.08651552540309,20.08129408092691,20.076667327058466,20.072539332353568,20.068833735549557
-0.012479999999999998,20.592352833300534,20.494990102571805,20.371966101643867,20.293986685961684,20.242179291586265,20.205621754115935,20.17854549344974,20.157721631241795,20.14122392479415,20.127838341647735,20.11676393017718,20.107451770777374,20.099513456448648,20.092666602814646,20.08670107785621,20.08145733536347,20.076812089323866,20.072668589239097,20.068949863546262
-0.01224,20.62045461512371,20.504305196583875,20.376317573472416,20.296479338768883,20.24378894863933,20.206745426280317,20.179373869142363,20.15835739604881,20.141727185951225,20.128246591353744,20.11710175388839,20.10773595510437,20.099755851431453,20.09287581081361,20.086883493956687,20.081617812123103,20.07695437501701,20.072795624738493,20.069063988291784
-0.011999999999999999,20.6493049347167,20.513610704813797,20.380634096178138,20.298944089260793,20.245377698260576,20.207853206806234,20.180189865111537,20.158983285887626,20.142222404988818,20.128648174137062,20.117433966082917,20.10801535420009,20.09999411949393,20.093081424486975,20.087062752487462,20.08177549379726,20.07709416970163,20.072920426769407,20.069176099592408
-0.01176,20.678885484074577,20.52289961264254,20.384913288157154,20.301379884703444,20.246944989301728,20.208944772705898,20.18099327637954,20.159599162763648,20.142709484696606,20.129043019019,20.117760513412243,20.108289927000296,20.100228228392805,20.093283418089275,20.08723883259553,20.08193036328738,20.07723145920866,20.07304298348242,20.069286187459664
-0.011519999999999999,20.709175097121797,20.532164790083492,20.389152765295957,20.303785677744912,20.24849027526502,20.2100198043909,20.18178390042225,20.160204890482987,20.14318832921628,20.12943105605953,20.11808134334306,20.108559633093165,20.100458146416333,20.09348176631509,20.087411713797643,20.08208240380982,20.077366229640624,20.073163283265085,20.069394242114114
-0.011279999999999998,20.740149697413848,20.5413990000429,20.39335014311021,20.306160427145073,20.25001301461073,20.211077985822335,20.182561537250734,20.160800334700642,20.143658844071997,20.129812216377715,20.11839640417172,20.108824432730085,20.10068384239265,20.093676444305878,20.08758137598605,20.082231598900883,20.07749846737618,20.073281314746136,20.069500253989307
-0.01104,20.771782256860437,20.55059490693613,20.397503038906784,20.308503098504858,20.25151267106257,20.212119004659225,20.183325989491667,20.161385362967916,20.144120936200387,20.13018643217188,20.11870564503854,20.10908428683632,20.100905285698197,20.093867427656836,20.087747799434393,20.082377932422027,20.077628159074845,20.073397066799885,20.06960421373598
-0.010799999999999999,20.80404276618931,20.5597450856468,20.401609073965947,20.31081266499412,20.25298871391052,20.213142552405053,20.184077062466486,20.161959844779,20.144574513979965,20.13055363673939,20.11900901594192,20.109339157021648,20.101122446266068,20.094054692423857,20.08791096480367,20.08252138856519,20.077755291681928,20.07351052855086,20.06970611222649
-0.01056,20.83689821782607,20.568842030814565,20.405665875740382,20.3130881080771,20.254440618310674,20.2141483245522,20.184814564269143,20.16252365161664,20.14501948726001,20.130913764496132,20.119306467752292,20.109589005590884,20.10133529459447,20.09423821513058,20.088070853148402,20.08266195185837,20.07787985243367,20.073621689378708,20.06980594055958
-0.01032,20.870312601814714,20.577878166435873,20.409671080067696,20.315328418234397,20.255867865581703,20.215136020724046,20.185538305842385,20.163076656996886,20.145455767388828,20.13126675099562,20.11959795222585,20.1098337955544,20.101543801755167,20.094417972775545,20.08822744592295,20.082799607171385,20.078001828862693,20.0737305389234,20.06990369006543
-0.010079999999999999,20.904246915346167,20.58684585576075,20.41362233339277,20.317532595680433,20.25726994349746,20.21610534481459,20.18624810105238,20.163618736512742,20.145883267241377,20.131612532947727,20.11988342201812,20.110073490638587,20.10174793940201,20.094593942839506,20.088380724988053,20.082934339721923,20.078121208803726,20.07383706709081,20.069999352311147
-0.00984,20.93865918639822,20.595737411467237,20.417517294996333,20.319699651075204,20.258646346575226,20.217056005125198,20.186943766761598,20.164149767876765,20.146301901246197,20.131951048237017,20.12016283069736,20.110308055296244,20.101947679779542,20.09476610329292,20.088530672617612,20.083066135081925,20.078237980399734,20.07394126405867,20.070092919106667
-0.0096,20.973504511919945,20.60454510609372,20.42135363922576,20.321828606229083,20.259996576359104,20.21798771449834,20.187625122899725,20.164669630962397,20.146711585411587,20.132282235940654,20.120436132757728,20.110537454717008,20.102142995731732,20.09493443260366,20.08867727150581,20.083194979184295,20.078352132108446,20.074043120283044,20.070184382511204
-0.009359999999999999,21.00873511091744,20.61326118270798,20.42512905772406,20.32391849479942,20.261320141697926,20.218900190447922,20.188291992532523,20.165178207844026,20.147112237351028,20.132606036345905,20.1207032836323,20.110761654837752,20.10233386071085,20.09509890974498,20.08882050477452,20.083320858330076,20.078463652709395,20.074142626505306,20.07027373484028
-0.00912,21.04430039271596,20.621877865790275,20.428841261652714,20.325968362977463,20.262616559017072,20.219793155285906,20.18894420192835,20.165675382835598,20.1475037763077,20.13292239096713,20.12096423970589,20.110980622353026,20.102520248786522,20.0952595142038,20.088960355981214,20.083443759196133,20.07857253131154,20.07423977375982,20.070360968673484
-0.008879999999999999,21.080147040586507,20.63038737230633,20.432487983903748,20.32797727016415,20.263885352583504,20.22066633624481,20.189581580622157,20.16616104252767,20.147886123178115,20.133231242562314,20.121218958327702,20.11119432472554,20.10270213465503,20.095416225989368,20.089096809127305,20.08356366884341,20.078678757361555,20.074334553382332,20.070446076863
-0.008639999999999998,21.116219110833367,20.638781922944464,20.436066981296257,20.329944289633033,20.265126054763183,20.221519465595687,20.19020396147669,20.166635075822754,20.148259200534685,20.13353253514904,20.121467397823782,20.11140273019673,20.102879493648906,20.095569025642398,20.089229848667113,20.08368057472592,20.078782320652945,20.074426957019245,20.07052905254315
-0.0084,21.1524581473436,20.64705375348946,20.439576036752015,20.331868509178534,20.266338206270014,20.222352280761005,20.190811180740614,20.16709737396875,20.148622932647246,20.133826214019955,20.121709517509323,20.111605807797492,20.10305230174689,20.095717894244746,20.089359459517546,20.08379446470055,20.078883211336073,20.074516976637977,20.07060988914102
-0.008159999999999999,21.188803311500436,20.655195126303965,20.443012961444655,20.333749031747466,20.26752135640526,20.223164524421907,20.19140307810315,20.167547830590305,20.1489772455033,20.134112225757548,20.12194527770081,20.111803527359047,20.10322053558433,20.09586281342973,20.089485627068594,20.083905327037854,20.078981419929335,20.07460460453848,20.070688580388417
-0.00792,21.225191527260954,20.663198341886304,20.446375596916155,20.335584976051493,20.26867506328626,20.223955944619153,20.191979496744874,20.167986341717754,20.14932206682692,20.134390518248324,20.122174639727998,20.111995859524082,20.103384172464146,20.09600376539329,20.08960833719483,20.08401315043404,20.07907693733163,20.07468983336626,20.0707651203354
-0.007679999999999999,21.261557641094857,20.67105575047133,20.44966181715391,20.33737547715787,20.269798894063054,20.224726294846864,20.192540283384123,20.168412805813475,20.14965732609615,20.13466104069626,20.122397565945786,20.1121827757582,20.10354319036844,20.09614073290608,20.089727576268128,20.084117924024323,20.079169754836418,20.074772656127116,20.07083950336565
-0.0074399999999999996,21.29783459637646,20.678759763638553,20.452869530620752,20.3391196870554,20.27089242512127,20.225475334138164,20.193085288318432,20.168827123795168,20.14998295455867,20.134923743635422,20.122614019745953,20.112364248361782,20.103697567970965,20.096273699326712,20.089843331171817,20.08421963739801,20.079259864147655,20.074853066203897,20.0709117242141
-0.0072,21.333953621716947,20.686302865888877,20.455996682229465,20.340816775191985,20.27195524226935,20.22620282714151,20.193614365460274,20.16922919905571,20.150298885245512,20.135178578941744,20.122823965568834,20.11254025048237,20.10384728465059,20.09640264861645,20.08995558931656,20.084318280615538,20.079347257397995,20.074931057375796,20.070981777987164
-0.006959999999999999,21.369844432619505,20.693677626147814,20.459041255251908,20.342465928979546,20.272986940907668,20.22690854418626,20.194127372366193,20.16961893747899,20.150605052982538,20.135425499843812,20.123027368914915,20.11271075612774,20.103992320506016,20.096527565355604,20.090064338658365,20.084413844228024,20.079431927169725,20.07500662384057,20.071049660186226
-0.006719999999999999,21.405435445736796,20.700876709149046,20.4620012731515,20.344066354261148,20.27398712617678,20.227592261335765,20.19462417025826,20.169996247451124,20.15090139439933,20.135664460932503,20.123224196356443,20.112875740179803,20.10413265637203,20.096648434762,20.090169567719155,20.084506319299727,20.07951386651901,20.07507976024042,20.071115366735004
-0.00648,21.44065400490951,20.707892886646807,20.464874801325607,20.34561727573414,20.274955413081145,20.22825376042573,20.195104624036443,20.170361039866126,20.151187847935027,20.13589541816937,20.123414415549064,20.1130351784096,20.10426827383767,20.09676524271207,20.090271265610497,20.0845956974342,20.07959306900419,20.075150461692278,20.071178894011634
-0.006239999999999999,21.47542661806707,20.714719048399186,20.46765994874174,20.347117937321503,20.275891426583886,20.22889282908514,20.19556860228021,20.17071322812512,20.15146435384055,20.13611832889353,20.123597995243582,20.113189047493638,20.10439915526673,20.09687797576511,20.090369422061194,20.084681970804844,20.07966952871905,20.075218723823493,20.071240238886617
-0.005999999999999999,21.509679203978013,20.72134821285606,20.470354869448084,20.34856760248196,20.27679480166707,20.229509260736272,20.196015977237145,20.171052728127616,20.1517308541765,20.136333151826797,20.1237749052979,20.113337325031978,20.104525283821246,20.096986621191498,20.0904640274497,20.084765132191066,20.079743240332274,20.075284542814277,20.07129939876794
-0.0057599999999999995,21.543337347749052,20.727773537474242,20.47295776393409,20.349965554446545,20.277665183350265,20.230102854569296,20.19644662479578,20.171379458253302,20.15198729280585,20.136539847076726,20.1239451166893,20.11347998956847,20.10464664348868,20.09709116700588,20.090555072842523,20.08484517502126,20.07981419913453,20.07534791544845,20.07135637165519
-0.00552,21.576326563888905,20.733988328567982,20.47546688031075,20.351311096366185,20.27850222665828,20.230673415485814,20.19686042443906,20.17169333933204,20.152233615380183,20.136738376137146,20.124108601527137,20.113617020613855,20.104763219113764,20.097191602006575,20.09064255004021,20.08492209342454,20.079882401095247,20.07540883917477,20.071411156204913
-0.00528,21.608572565676948,20.739986050583127,20.47788051527161,20.352603551350064,20.279305596526022,20.231220754003704,20.197257259173632,20.17199429459926,20.152469769317964,20.136928701885626,20.124265333066248,20.113748398672374,20.104874996436365,20.09728791582297,20.09072645163291,20.08499588229343,20.079947842931624,20.075467312181498,20.07146375181028
-0.005039999999999999,21.640001539507818,20.745760334656218,20.480197014784007,20.35384226236827,20.280074967624678,20.231744686113434,20.197637015428768,20.172282249632886,20.152695703772785,20.137110788577072,20.124415285721216,20.113874105273133,20.104981962137003,20.097380098973044,20.090806771068216,20.085066537360664,20.08001052219327,20.07552333348807,20.071514158699028
-0.0048,21.670540422822544,20.75130498628232,20.482414774443782,20.35502659198332,20.28081002408807,20.23224503307248,20.19799958291642,20.172557132266746,20.15291136958882,20.137284601832526,20.124558435081916,20.113994123007448,20.105084103892338,20.097468142934108,20.09088350273494,20.085134055294237,20.08007043736714,20.07557690305879,20.07156237805503
-0.00456,21.700117184184894,20.75661399186231,20.484532239403816,20.356155921862683,20.281510459110365,20.23272162111981,20.19834485444108,20.172818872473464,20.153116719239762,20.137450108621742,20.124694757930804,20.114108435574238,20.105181410443755,20.097552040230852,20.090956642067706,20.085198433816295,20.080127588008963,20.075628021945338,20.07160841217078
-0.004319999999999999,21.72866110401917,20.761681523824237,20.486547903753916,20.357229652006602,20.282175974375775,20.233174281085546,20.19867272564363,20.173067402207312,20.15331170674604,20.137607277237688,20.124824232262554,20.114217027836066,20.10527387168328,20.09763178454628,20.091026185679166,20.085259671853684,20.080181974909777,20.075676692467518,20.071652264640836
-0.004079999999999999,21.75610305449323,20.766501943902615,20.48846030918173,20.358247199599283,20.28280627926482,20.233602847860972,20.198983094657237,20.173302655193645,20.153496287563165,20.137756077260324,20.124946837306982,20.114319885889532,20.105361478762898,20.097707370863457,20.09109213152927,20.085317769730953,20.080233600309665,20.075722918445273,20.07169394061026
-0.0038399999999999997,21.78237577700837,20.77106980399407,20.490268042673126,20.35920799735292,20.28340108975854,20.234007159679354,20.19927586164387,20.173524566645774,20.153670418430792,20.137896479505912,20.125062553556564,20.114416997155317,20.105444224235722,20.09777879564933,20.0911544791452,20.085372729421312,20.080282468175795,20.075766705500694,20.07173344709805
-0.0036,21.807414155746393,20.775379843757545,20.49196973290257,20.360111491155017,20.283960126926544,20.23438705713557,20.199550928165923,20.17373307288171,20.153834057167703,20.138028455956395,20.125171362800344,20.114508350495573,20.105522102241494,20.097846057096877,20.09121322991149,20.085424554878003,20.08032858456973,20.07580806145706,20.07177079342465
-0.0033599999999999997,21.831155485723954,20.779426983737473,20.493564044796315,20.360957136738396,20.284483114829477,20.234742381837886,20.199808196325463,20.1739281107996,20.153987162390397,20.13815197966075,20.12527324816707,20.114593936369996,20.10559510875473,20.0979091554498,20.091268387459444,20.085473252479346,20.080371958140926,20.075846996875168,20.07180599178652
-0.0031199999999999995,21.85353973381511,20.783206312167575,20.495049671483997,20.36174439494771,20.284969777579008,20.2350729745298,20.20004756756852,20.17410961714958,20.15412969312168,20.13826702459599,20.125368194181664,20.11467374704786,20.105663241923434,20.09796809344645,20.091319958200053,20.085518831638005,20.080412600802525,20.07588352578782,20.07183905804322
-0.0028799999999999997,21.874509791225357,20.786713062593577,20.496425322416034,20.362472724937685,20.28541983515427,20.23537867242916,20.200268940994413,20.174277527504678,20.154261608236688,20.13837356546864,20.12545618684162,20.11474777690296,20.105726502541856,20.098022876940284,20.091367952069177,20.08556130565329,20.080450528676952,20.075917666727765,20.071870012818984
-0.00264,21.89401171593397,20.789942577723224,20.4976897056803,20.36314157423379,20.285832997329535,20.23565930537776,20.20047221091269,20.17443177477419,20.154382865661738,20.138471577425726,20.125537213723696,20.114816022834667,20.105784894727307,20.098073515788876,20.091412383595877,20.085600692933358,20.08048576345203,20.07594944420204,20.071898883082785
-0.0024,21.9119949636662,20.792890251862136,20.49884150124116,20.363750363872636,20.28620895463764,20.235914690123234,20.20065726321849,20.174572286998476,20.15449342118495,20.138561035623663,20.125611264138318,20.11487848488735,20.10583842691759,20.098120025165045,20.091453273478482,20.085637018798593,20.080518334382273,20.075978890867876,20.07192570448045
-0.0021599999999999996,21.928412606012472,20.795551438672554,20.499879319408564,20.364298465525607,20.286547364500723,20.236144621555272,20.200823969840698,20.174698983971595,20.154593226633615,20.138641914565415,20.12567832936189,20.114935167193227,20.105887113391518,20.098162427556613,20.091490650989,20.085670318233223,20.0805482813427,20.07600605085319,20.071950524893598
-0.0019199999999999998,21.943221534378246,20.797921300074634,20.500801634155554,20.364785164957752,20.286847829120557,20.236348858747448,20.20097217990305,20.17481177186461,20.154682226971307,20.13871418704217,20.125738403001783,20.114986079467062,20.10593097668173,20.09820075594077,20.091524557790603,20.08570064025445,20.080575659678132,20.076030985029533,20.071973410091466
-0.0016799999999999999,21.956382648524475,20.799994549538102,20.50160667120843,20.36520960090046,20.28710985853892,20.23652710164991,20.201101704968508,20.17491053424976,20.154760355450215,20.13877782236303,20.12579148160004,20.115031239493756,20.10597005159333,20.098235059072607,20.09155505429831,20.085728055192938,20.08060054828416,20.07605377979933,20.071994453149724
-0.0014399999999999999,21.967861028545016,20.801764992641296,20.50229220920398,20.365570656650114,20.287332805179382,20.236678949802144,20.2012122929043,20.1749951162024,20.154827525022736,20.138832783214617,20.125837565695424,20.115070677525033,20.10600439231029,20.098265410838913,20.091582230930296,20.085752667571725,20.080623063902625,20.076074562641175,20.0720137911133
-0.0012,21.977626089222465,20.803224644100055,20.50285519910669,20.365866752819908,20.28751573875509,20.23680382344734,20.201303577950622,20.17506529392648,20.15488361192946,20.138879019654507,20.125876661842522,20.115104444666525,20.106034085957052,20.098291928111305,20.09160622958418,20.085774640690406,20.08064338841053,20.076093531784988,20.072031636805367
-0.0009599999999999999,21.985651715807627,20.804361856835314,20.50329095954916,20.36609540942514,20.28765718201297,20.236900796905005,20.20137497525577,20.17512071059539,20.154928421027186,20.13891645641283,20.125908786860972,20.1151326305735,20.106059281220297,20.098314808429265,20.091627288970148,20.085794248520173,20.080661826425718,20.07611101885598,20.072048345976327
-0.0007199999999999999,21.991916380379028,20.80515676930275,20.503591220945836,20.366252181782766,20.28775446869443,20.236968193752812,20.201425424653735,20.175160720474455,20.15496160154149,20.138944962020915,20.125933978129986,20.11515540640643,20.10608025784292,20.09833442150297,20.09164585469459,20.0858120017251,20.080678945198184,20.076127641002596,20.072064580373407
-0.00047999999999999996,21.996403238056875,20.805567633100377,20.50373825475002,20.36632746705621,20.28780181685291,20.23700237204928,20.201452621792548,20.17518392114934,20.15498239422449,20.138964256122236,20.125952324413966,20.11517315365155,20.10609763506834,20.098351583690388,20.09166290948441,20.085829025703237,20.080695994264005,20.076144757262817,20.072081796933613
-0.00023999999999999998,21.999100202469627,20.805471531106555,20.503679425096344,20.366292662556624,20.28778197816752,20.23699245928299,20.201449685701558,20.17518612606345,20.15498853537685,20.138973507571947,20.12596409924686,20.11518702218845,20.10611327477244,20.09836874729225,20.091681404069245,20.085848698687006,20.080716723877856,20.076166446091122,20.07210436756572
0.00023999999999999998,21.999100202469627,20.805471531106555,20.503679425096344,20.366292662556624,20.28778197816752,20.23699245928299,20.201449685701558,20.17518612606345,20.15498853537685,20.138973507571947,20.12596409924686,20.11518702218845,20.10611327477244,20.09836874729225,20.091681404069245,20.085848698687006,20.080716723877856,20.076166446091122,20.07210436756572
0.00047999999999999996,21.996403238056875,20.805471531106555,20.503679425096344,20.366292662556624,20.28778197816752,20.23699245928299,20.201449685701558,20.17518612606345,20.15498853537685,20.138973507571947,20.12596409924686,20.11518702218845,20.10611327477244,20.09836874729225,20.091681404069245,20.085848698687006,20.080716723877856,20.076166446091122,20.07210436756572
0.0007199999999999999,21.991916380379028,20.805003088087975,20.50349713995246,20.366196521384424,20.28772274376264,20.23695234488942,20.20142073524424,20.17516425461413,20.154971432278263,20.138959768263508,20.125952821082546,20.115177598761207,20.106105283665133,20.098361885250142,20.091675447768072,20.08584348003933,20.080712113960832,20.07616234437883,20.072100694531038
0.0009599999999999999,21.985651715807627,20.804167191083867,20.50317177980652,20.366024898510098,20.28761699636559,20.236880728051084,20.201369047952596,20.17512520508373,20.154940895679967,20.13893523717883,20.125932684063454,20.115160773194926,20.106091015399947,20.098349632869237,20.091664812553304,20.085834161887654,20.080703882691264,20.07615502050911,20.07209413606975
0.0012,21.977626089222465,20.80299830033046,20.50271660829526,20.365784754819295,20.287469012590094,20.236780499664626,20.201296707516555,20.175070550171906,20.154898154515518,20.138900900981664,20.1259044977333,20.11513722163978,20.10607104316896,20.09833248221879,20.091649925442383,20.08582111828776,20.080692360432497,20.076144768377784,20.072084955323973
0.0014399999999999999,21.967861028545016,20.80151298049023,20.50213787296941,20.365479338265096,20.287280777061362,20.236652996545715,20.20120467508547,20.175001013985508,20.154843773810633,20.138857212798037,20.12586863353465,20.115107254097527,20.106045629601248,20.098310658635086,20.09163098188957,20.085804520381686,20.080677698281075,20.076131722359182,20.072073272572396
0.0016799999999999999,21.956382648524475,20.79972111601593,20.501439172195397,20.36511048765049,20.287053402015655,20.236498962885396,20.20109348318977,20.17491699630413,20.15477806466328,20.138804421571084,20.125825295171545,20.1150710403258,20.106014918333447,20.098284285226946,20.09160808857936,20.08578446150816,20.08065997858451,20.07611595564098,20.072059153288503
0.0019199999999999998,21.943221534378246,20.797629644928733,20.500622909877926,20.36467940024499,20.286787600360203,20.236318870661247,20.200963467004247,20.174818747307192,20.154701220884682,20.13874268183253,20.125774608720448,20.1150286851321,20.10597899786083,20.098253437706344,20.091581311020693,20.085760998903122,20.080639251778095,20.076097513000416,20.072042637491574
0.0021599999999999996,21.928412606012472,20.79524409259713,20.499690893810275,20.36418694765212,20.286483880372035,20.236113051524864,20.200814859547275,20.174706439503552,20.154613375252055,20.13867209889486,20.125716659729108,20.11498025937292,20.105937927825707,20.098218166963196,20.091550693142484,20.085734170868857,20.08061555155165,20.076076424299256,20.072023751831455
0.0024,21.9119949636662,20.79256929500925,20.49864461855649,20.36363382526306,20.286142637854013,20.235881759240087,20.200647836755575,20.17458020179143,20.1545146261468,20.13859275025279,20.125651510785843,20.11492581463475,20.105891751467638,20.098178509756988,20.091516266574438,20.085704004905715,20.080588902032897,20.076052710875437,20.07200251531233
0.00264,21.89401171593397,20.78960977455391,20.497485413129432,20.3630206303939,20.285764204347156,20.235625202359607,20.200462541078732,20.17444013728962,20.154405051501566,20.13850469678926,20.12557921071951,20.114865390921892,20.105840502143334,20.0981344943159,20.091478055507416,20.085670521970766,20.08055932154957,20.07602638889055,20.07197894229045
0.0028799999999999997,21.874509791225357,20.786369949429098,20.496214523986538,20.362347906311975,20.285348874326306,20.235343562668078,20.200259094801,20.17428633340755,20.154284716678053,20.138407989105712,20.12549979979697,20.114799020999968,20.105784207010498,20.0980861435005,20.091436079439802,20.08563373888424,20.080526824755275,20.075997471221477,20.07195304416815
0.0031199999999999995,21.85353973381511,20.782854256344862,20.494833164365424,20.361616168518875,20.28489692146538,20.23503700622333,20.200037608021095,20.17411886787951,20.154153679188717,20.138302671316985,20.125413312839292,20.114726733000378,20.105722889236894,20.098033476701048,20.091390354824636,20.08559366977286,20.080491423904597,20.075965968595003,20.071924830409994
0.0033599999999999997,21.831155485723954,20.779067224869763,20.493342544892222,20.360825921169106,20.284408608827956,20.234705690284507,20.199798183663876,20.173937812556584,20.154011991665122,20.13818878343761,20.12531978118175,20.114648552058664,20.105656569390163,20.09797651103129,20.09134089610605,20.085550326978076,20.08045312965555,20.075931890301923,20.071894309182277
0.0036,21.807414155746393,20.775013523255822,20.49174389318503,20.359977667699063,20.283884195494213,20.234349767827972,20.199540920751538,20.173743235883872,20.153859703798233,20.138066362942357,20.125219233955903,20.114564501386486,20.105585266347365,20.097915262109787,20.09128771639773,20.08550372165068,20.08041195159493,20.07589524466456,20.071861487771784
0.0038399999999999997,21.78237577700837,20.770697986622316,20.490038466686556,20.359071917900287,20.283323941001086,20.233969390583596,20.199265916607466,20.173535204571593,20.153696863648488,20.137935445820535,20.1251116989562,20.114474602996438,20.105508997910086,20.09784974458848,20.091230827941924,20.085453864153166,20.080367898593867,20.075856039353237,20.07182637286926
0.004079999999999999,21.75610305449323,20.766125633768656,20.488227561163814,20.358109192723152,20.282728108388227,20.23356471112832,20.19897326838032,20.173313784752885,20.153523518554582,20.13779606730796,20.124997203242042,20.114378878205855,20.1054277812322,20.097779972520343,20.091170242428827,20.085400764339695,20.08032097905529,20.07581428160653,20.071788970766708
0.004319999999999999,21.72866110401917,20.761301676385397,20.486312516337907,20.35709002758255,20.2820969663253,20.23313588435903,20.198663074120788,20.173079042803938,20.15333971577835,20.137648262407097,20.12487577356595,20.114277347995372,20.10534163312443,20.09770595962128,20.091105971224163,20.085344431755694,20.080271201090365,20.075769978388365,20.071749287498154
0.00456,21.700117184184894,20.75623152301398,20.48429471955375,20.356014974645287,20.281430790616103,20.232683068544972,20.198335433555513,20.172831045935673,20.153145502971192,20.13749206626384,20.12474743668418,20.114170033269254,20.10525057027566,20.097627719460526,20.091038025534694,20.08528487578307,20.080218572646896,20.075723136502386,20.071707328942132
0.0048,21.670540422822544,20.750920779270146,20.482175608073707,20.354884604406706,20.28072986526907,20.23220642608802,20.19799044865085,20.17256986262695,20.152940928516678,20.137327514444962,20.124612219585803,20.114056955047673,20.105154609416548,20.097545265601536,20.09096641653081,20.085222105747782,20.080163101604494,20.075673762676715,20.071663100897673
0.005039999999999999,21.640001539507818,20.745375245336884,20.47995667038036,20.353699506759227,20.2799944832589,20.23170612407528,20.197628224027394,20.17229556294534,20.152726041785456,20.137154643145216,20.12447014966409,20.113938134610795,20.1050537674423,20.09745861170781,20.09089115543864,20.085156131000765,20.080104795846232,20.07562186362783,20.071616609141582
0.00528,21.608572565676948,20.73960091141366,20.477639446749006,20.35246029168963,20.279224947063486,20.231182334681073,20.197248867266477,20.172008218786583,20.15250089332673,20.136973489343543,20.12432125484622,20.113813593608064,20.104948061505958,20.09736777162341,20.090812253610256,20.085086960979638,20.080043663313287,20.075567446109293,20.07156785947218
0.00552,21.576326563888905,20.733603951603175,20.475225529270087,20.351167589699376,20.278421569034226,20.230635235457534,20.196852489136887,20.17170790405416,20.152265535013033,20.136784090921875,20.12416556369231,20.113683354141944,20.10483750909002,20.09727275943491,20.090729722577723,20.085014605256298,20.079979712047134,20.075510516949414,20.071516857743095
0.0057599999999999995,21.543337347749052,20.72739071658185,20.472716561449023,20.349822052014513,20.277584671640476,20.230065009541416,20.196439203761813,20.171394694793936,20.15202002015009,20.136586486756016,20.124003105471587,20.113547438832516,20.10472212806193,20.09717358951946,20.09064357409516,20.08493907357396,20.07991295022246,20.075451083080665,20.07146360988972
0.005999999999999999,21.509679203978013,20.720967725309137,20.47011423747519,20.34842435063269,20.27671458761733,20.229471845796887,20.196009128740144,20.17106866929468,20.151764403560147,20.136380716785258,20.123833910221173,20.113405870867663,20.10460193671726,20.097070276582368,20.090553820171667,20.08486037587628,20.079843386173035,20.075389151562806,20.071408121950004
0.006239999999999999,21.47542661806707,20.714341655968624,20.467420301227442,20.346975178242015,20.275811660037945,20.228855938908527,20.19556238523252,20.17072990816227,20.151498741644858,20.136166822065704,20.123658008791537,20.113258674042118,20.10447695381355,20.09696283568662,20.09046047309729,20.084778522330318,20.07977102841219,20.07532472960127,20.07135040008102
0.00648,21.44065400490951,20.707519336290463,20.464636545066572,20.345475248037435,20.274876242326087,20.228217489435217,20.195099098019693,20.170378494373228,20.151223092432236,20.135944844810858,20.123475432881577,20.113105872787866,20.104347198596848,20.096851282276173,20.09036354546359,20.084693523344818,20.079695885649134,20.07525782456179,20.071290450572175
0.006719999999999999,21.405435445736796,20.700507733373804,20.461764808453072,20.343925293454,20.273908698220595,20.227556703832715,20.19461939553891,20.170014513311987,20.150937515610966,20.1357148284222,20.1232862150655,20.112947492197776,20.104212690822457,20.09673563219428,20.09026305017991,20.08460538958473,20.07961796680198,20.075188443982146,20.071228279855816
0.006959999999999999,21.369844432619505,20.693313943105913,20.458806976419922,20.342326067831728,20.272909401700684,20.226873794450913,20.19412340990257,20.16963805279505,20.15064207255468,20.135476817511726,20.12309038881323,20.112783558043798,20.104073450771192,20.096615901697987,20.090159000486334,20.084514131982814,20.079537281008186,20.07511659558159,20.07116389451582
0.0072,21.333953621716947,20.685945179258407,20.45576497792381,20.34067834402346,20.271878736878904,20.22616897951039,20.19361127690247,20.16924920308452,20.150336826338062,20.13523085791807,20.12288798850551,20.112614096790843,20.103929499261916,20.09649210746944,20.090051409963877,20.084419761748848,20.079453837632904,20.075042287268445,20.07109730129445
0.0074399999999999996,21.29783459637646,20.678408762329017,20.452640784093603,20.33898291395471,20.270817097867067,20.225442483061734,20.193083136002166,20.168848056892926,20.15002184174628,20.13497699671733,20.12267904944479,20.112439135607108,20.10378085766114,20.096364266624708,20.089940292542536,20.084322290376967,20.079367646275657,20.074965527146166,20.071028507097978
0.007679999999999999,21.261557641094857,20.670712108188297,20.449436406391424,20.337240588142606,20.269724888619354,20.22469453493045,20.19253913031941,20.16843470938084,20.149697185278942,20.13471528222958,20.122463607862596,20.112258702371513,20.103627547890184,20.096232396720485,20.089825662507526,20.084221729651425,20.07927871677564,20.074886323518257,20.070957519001144
0.00792,21.225191527260954,20.662862716583746,20.446153894699144,20.33545219517967,20.268602522755913,20.22392537064967,20.19197940660028,20.168009258148416,20.149362925149433,20.134445764021766,20.122241700923986,20.11207282567877,20.103469592430336,20.09609651575913,20.08970753450406,20.084118091651078,20.079187059215908,20.074804684892136,20.07088434425078
0.008159999999999999,21.188803311500436,20.654868159548354,20.442795335340996,20.33361858118715,20.26745042336962,20.223135231382358,20.191404115186163,20.167571803221843,20.14901913128043,20.134168492907595,20.12201336672958,20.111881534842414,20.10330701432633,20.095956642192267,20.089585923540916,20.084011388752806,20.07909268392662,20.074720619982198,20.070808990268652
0.0084,21.1524581473436,20.646736069756372,20.439362849051722,20.331740609241816,20.266269022818232,20.22232436383449,20.190813409974687,20.167122447035396,20.148665875296068,20.13388352094485,20.121778644315548,20.111684859896197,20.10313983718843,20.095812794923198,20.08946084499295,20.083901633634042,20.07899560148752,20.074634137712184,20.070731464653747
0.008639999999999998,21.116219110833367,20.63847412886554,20.435858588898302,20.329819158779536,20.26505876250373,20.221493020160324,20.19020744837535,20.16666129440974,20.148303230511367,20.133590901430527,20.121537573651853,20.111482831594024,20.10296808519333,20.095664993308315,20.08933231460279,20.083788839274575,20.07889582272974,20.074545247216978,20.070651775184
0.008879999999999999,21.080147040586507,20.630090055882015,20.432284738162434,20.327855124978363,20.263820092640323,20.22064145786079,20.189586391260534,20.16618845252695,20.147931271919155,20.133290688894103,20.121290195638977,20.11127548140868,20.102791783084022,20.09551325715764,20.089200348481757,20.083673018957704,20.078793358737077,20.074453957843925,20.070569929817594
0.00912,21.04430039271596,20.621591595581858,20.428643508190294,20.32584941812363,20.26255347201244,20.219769939675654,20.188950402912443,20.165704030902674,20.147550076174895,20.132982939089132,20.121036552103373,20.11106284152951,20.102610956168828,20.095357606734673,20.0890649631102,20.08355418627083,20.07868822084677,20.07436027915369,20.070485936693906
0.009359999999999999,21.00873511091744,20.61298650702077,20.424937136215398,20.32380296295714,20.261259367723728,20.218878733470284,20.188299650966442,20.165208141355734,20.147159721579648,20.13266770898345,20.120776685791782,20.110844944859178,20.10242563031963,20.095198062755546,20.088926175337253,20.083432355105636,20.0785804206499,20.07426422092083,20.070399804134134
0.0096,20.973504511919945,20.604282552161784,20.421167883160003,20.321716698012327,20.259938254938074,20.217968112117465,20.187634306351164,20.164700897975486,20.14676028806135,20.132345056748097,20.120510640364543,20.110621825009623,20.10223583196948,20.095034646387674,20.088784002380155,20.08330753965781,20.078469969991414,20.074165793133982,20.07031154064163
0.00984,20.93865918639822,20.59548748464894,20.417338031420094,20.319591574937157,20.258590616613407,20.217038353374814,20.1869545432257,20.16418241708716,20.14635185715467,20.132015041745106,20.12023846038805,20.11039351629732,20.10204158810961,20.09486737924791,20.08863846182312,20.08317975442644,20.07835688096985,20.074065005995838,20.070221154902022
0.010079999999999999,20.904246915346167,20.586609038753316,20.41344988263863,20.317428557806217,20.257216943229057,20.21608973975822,20.186260538914183,20.163652817215386,20.145934511979462,20.13167772451433,20.11996019132641,20.110160053737918,20.10184292628595,20.09469628340024,20.088489571615906,20.0830490142131,20.078241165936802,20.073961869922865,20.070128655783115
0.01032,20.870312601814714,20.577654918516163,20.40950575547153,20.315228622423486,20.255817732507268,20.215122558411622,20.185552473838015,20.16311221904605,20.1455083372181,20.131333166759322,20.119675879532394,20.109921473040277,20.101639874595147,20.094521381353175,20.088337350072003,20.082915334120656,20.078122837496153,20.073856395544812,20.07003405233462
0.01056,20.83689821782607,20.568632787112612,20.405507983350542,20.312992755617067,20.254393489129534,20.21413710097353,20.18483053144587,20.162560745386667,20.145073419091684,20.130981431332444,20.119385572237785,20.10967781060008,20.101432461680243,20.094342696056714,20.088181815866562,20.082778729551848,20.07800190850306,20.073748593704053,20.06993735378771
0.010799999999999999,20.80404276618931,20.55955025645775,20.401458912247072,20.310721954527114,20.252944724448202,20.213133663440534,20.184094898141762,20.161998521125394,20.144629845335267,20.13062258221919,20.119089317543118,20.10942910349291,20.101220716725923,20.09416025089907,20.088022988034105,20.08263921620762,20.077878392062832,20.073638475454757,20.069838569554438
0.01104,20.771782256860437,20.55041487707564,20.397360898440734,20.308417225888107,20.251471956193907,20.212112546028084,20.183345763211296,20.161425673188745,20.14417770517217,20.130256684521864,20.118787164406925,20.109175389466984,20.10100466945346,20.0939740697031,20.087860885965927,20.082496810085296,20.077752301529532,20.07352605206192,20.069737709227045
0.011279999999999998,20.740149697413848,20.54123412825047,20.393216306296296,20.306079585306577,20.249975708179253,20.211074053028774,20.182583318746207,20.160842330498195,20.14371708928747,20.129883804442635,20.118479162634504,20.108916706935446,20.100784350115358,20.093784176722483,20.087695529407366,20.082351527476547,20.07762365050455,20.07341133500023,20.06963478257713
0.011519999999999999,20.709175097121797,20.532015408477566,20.38902750605257,20.303710056535344,20.248456509999226,20.21001849266836,20.18180775956742,20.160248623925682,20.143248089800725,20.129504009265997,20.11816536286621,20.10865309496838,20.10055978948971,20.093590596637664,20.08752693845485,20.082203384965222,20.07749245283492,20.073294335952905,20.069529799554722
0.01176,20.678885484074577,20.52276602623077,20.384796871626566,20.301309670745184,20.24691489672866,20.208946176959707,20.18101928314665,20.159644686248136,20.14277080023796,20.12911736734072,20.117845816565403,20.108384593284445,20.1003310188743,20.093393354551612,20.08735513355276,20.082052399425024,20.077358722611624,20.073175066810304,20.069422770287286
0.011999999999999999,20.6493049347167,20.513493191061308,20.380526778436185,20.29887946579502,20.245351408617235,20.207857421554884,20.18021808952672,20.15903065210108,20.14228531550302,20.128723948061285,20.117520576005948,20.10811124224226,20.100098070080463,20.09319247598537,20.087180135490154,20.08189858801704,20.077222474167687,20.073053539668543,20.069313705078596
0.01224,20.62045461512371,20.50420400504196,20.37621960124455,20.296420485501425,20.243766590782283,20.20675254559554,20.179404381240683,20.158406657931394,20.14179173184828,20.128323821848905,20.117189694259427,20.107833082831487,20.099860975426758,20.092987986873425,20.087001965397352,20.081741968187178,20.077083722076235,20.072929766827947,20.069202614407576
0.012479999999999998,20.592352833300534,20.494905454569057,20.371877712029022,20.293933778908404,20.24216099289983,20.205631871561778,20.17857836322984,20.157772841949296,20.141290146844813,20.127917060132056,20.11685322518199,20.107550156663674,20.099619767732385,20.09277991355893,20.086820644742353,20.081582557663467,20.076942481148414,20.072803760791487,20.06908950892704
0.012719999999999999,20.56501510174536,20.485604402533475,20.36750347787768,20.2914203995583,20.24053516889418,20.20449572511967,20.177740242760727,20.157129344079557,20.14078065935199,20.127503735326655,20.116511223400916,20.107262505962858,20.099374480310463,20.092568282788744,20.086636195327156,20.081420374453245,20.076798766431263,20.072675534263077,20.068974399462384
0.01296,20.5384542094932,20.476307580870596,20.363099258916133,20.28888140476469,20.23888967662634,20.203344434967555,20.176890229341215,20.156476305912083,20.1402633694866,20.12708392081586,20.116163744300867,20.106970173555933,20.099125146961104,20.092353121708356,20.086448639283933,20.081255436840276,20.07665259320544,20.072545100145835,20.068857297010204
0.013199999999999998,20.512680302830148,20.467021583497875,20.358667406267255,20.28631785488798,20.237225077581638,20.202178332681292,20.176028534635723,20.15581387065183,20.139738378591513,20.12665769092949,20.1158108440099,20.10667320286282,20.09887180196433,20.09213445785667,20.08625799907114,20.08108776338175,20.076503976982952,20.072412471540282,20.068738212736868
0.013439999999999999,20.48770097385305,20.457752859647425,20.354210260046393,20.283730812614643,20.235541936556864,20.200997752558617,20.175155372379695,20.155142183068165,20.139205789203867,20.126225120923152,20.115452579385213,20.10637163788644,20.098614480072808,20.091912319160638,20.08606429746946,20.080917372905212,20.076352933504726,20.072277661742458,20.068617157977016
0.01368,20.463521356039497,20.448507707599795,20.34973014739447,20.281121342240727,20.233840821347147,20.19980303146269,20.174270958293388,20.154461389443675,20.13866570502291,20.125786286957034,20.115089007998648,20.106065523202503,20.098353216504492,20.09168673392981,20.085867557577707,20.080744284505403,20.076199478738193,20.072140684241994,20.068494144232044
0.013919999999999998,20.44014422598959,20.439292268823834,20.345229380551288,20.278490508960473,20.232122302432963,20.198594508665057,20.173375509995008,20.15377163752249,20.1381182308774,20.12534126607443,20.114720188122,20.10575490394912,20.098088046935068,20.091457730850742,20.0856678028086,20.080568517541025,20.076043628874743,20.07200155272013,20.06836918316851
0.014159999999999999,20.41757011050351,20.430112522526443,20.340710254971203,20.275839378160654,20.230386952667445,20.19737252568806,20.17246924691333,20.15307307645814,20.1375634726927,20.12489013617997,20.114346178712072,20.105439825816227,20.097819007490312,20.09122533898133,20.08546505688447,20.080390091631436,20.075885400327167,20.071860281047687,20.068242286616513
0.0144,20.39579739816723,20.42097428061475,20.33617504748326,20.27316901472145,20.22863534696438,20.19613742614689,20.171552390199814,20.152365856761012,20.137001537457536,20.12443297601762,20.113967039395558,20.105120335034897,20.097546134738277,20.090989587745003,20.085259343832874,20.080209026653282,20.075724809727003,20.071716883282953,20.068113466568022
0.014639999999999999,20.374822454632458,20.41188318307219,20.33162601449775,20.270480482324448,20.226868061987055,20.19488955559137,20.170625162640302,20.151650130245415,20.136432533190405,20.12396986514841,20.113582830453737,20.104796478366474,20.097269465681407,20.09075050692485,20.085050687982132,20.080025342737038,20.075561873921863,20.071571373669588,20.067982735175168
0.014879999999999999,20.354639740795594,20.402844693748825,20.327065390261026,20.26777484276844,20.225085675838297,20.193629261347603,20.169687788566357,20.150926049976302,20.135856568905766,20.123500883927978,20.113193612806985,20.104468303091558,20.09698903774852,20.09050812665763,20.084839113956797,20.079839060263534,20.075396609972675,20.071423766634425,20.0678501047485
0.015119999999999998,20.3352419331038,20.393864096565117,20.32249538516034,20.26505315529371,20.22328876775191,20.192356892359612,20.168740493766308,20.150193770215697,20.135273754579934,20.123026113483856,20.112799447999123,20.10413585699888,20.09670488878667,20.09026247742775,20.084624646673035,20.079650199860367,20.0752290351509,20.071274076785265,20.067715587755224
0.015359999999999999,20.316620045243877,20.384946492127444,20.31791818408027,20.262316475915338,20.221477917785805,20.191072799031062,20.16778350539607,20.149453446368845,20.134684201116727,20.122545635692617,20.112400398181588,20.10379918837405,20.09641705705292,20.09001359006107,20.084407311333962,20.07945878239831,20.075059166935702,20.07112231890861,20.06757919681735
0.0156,20.298763550500837,20.376096794752474,20.31333594481228,20.259565856766176,20.21965370651701,20.189777333067216,20.166817051889762,20.148705234930123,20.134088020312934,20.122059533156783,20.1119965260975,20.103458345988155,20.09612558120604,20.08976149571872,20.0841871334249,20.07926482898762,20.074887023011037,20.07096850796738,20.067440944709876
0.01584,20.281660504107684,20.36731972989673,20.30875079651881,20.25680234545005,20.21781671473885,20.188470847317184,20.165841362870236,20.147949293428745,20.133485324823532,20.121567889181613,20.11158789506554,20.10311337908629,20.095830500298053,20.089506225890783,20.08396413870858,20.07906836097432,20.07471262126276,20.070812659098575,20.067300844358908
0.016079999999999997,20.26529766494537,20.35861983198657,20.304164838253104,20.254026984405726,20.215967523160504,20.18715369561663,20.164856669059535,20.14718578037429,20.13287622812678,20.12107078775169,20.111174568963747,20.102764337375948,20.095531853765777,20.08924781238994,20.083738353220273,20.07886939993644,20.074535979775625,20.07065478761092,20.067158908839744
0.016319999999999998,20.249660615991665,20.35000144264305,20.299580137535983,20.251240810282184,20.21410671210917,20.185826232631015,20.163863202189326,20.146414855202114,20.132260844489114,20.120568313507423,20.110756612213148,20.102411271015324,20.095229681422218,20.088986287345026,20.08350980326287,20.078667967680197,20.074357116830313,20.07049490898244,20.067015151374942
0.01656,20.234733882959553,20.341468709295263,20.29499872899062,20.24844485332569,20.21223486123506,20.18448881369947,20.162861194911418,20.14563667821861,20.131639288929918,20.120060551721345,20.110334089761313,20.102054230601524,20.094924023447902,20.088721683194525,20.083278515401936,20.078464086236124,20.074176050900356,20.07033303885807,20.066869585332363
0.0168,20.22050105060897,20.333025584174855,20.290422613036178,20.24564013677919,20.21035254921943,20.183141794679422,20.161850880708364,20.144851410546437,20.13101167718618,20.11954758827435,20.109907067065773,20.10169326715868,20.094614920382163,20.088454032680023,20.083044516460664,20.078257777855168,20.07399280064907,20.070169193047157,20.066722224223174
0.01704,20.206944876260263,20.324675823683844,20.28585375464119,20.24282767629441,20.208460353485876,20.18178553179208,20.1608324938042,20.144059214069646,20.130378125677026,20.11902950963182,20.109475610077375,20.10132843212599,20.094302413114313,20.08818336883958,20.08280783351481,20.07804906500475,20.073807384926447,20.07000338752099,20.066573081699843
0.017279999999999997,20.194047400082574,20.316422988126945,20.281294082137364,20.240008479357193,20.20655884991507,20.180420381468853,20.15980626907545,20.143260251378837,20.1297387514682,20.11850640281959,20.10903978522353,20.100959777345683,20.093986542874788,20.087909725001047,20.0825684938876,20.07783797036477,20.07361982276599,20.06983563841028,20.066422171554102
0.017519999999999997,20.181790051776,20.308270441799145,20.276745486094363,20.237183544726438,20.204648612563158,20.17904670019881,20.15877244196231,20.14245468571631,20.129093672236426,20.11797835539994,20.108599659391356,20.100587355050887,20.093667351226205,20.087633134775356,20.082326525144527,20.0776245168236,20.07343013338156,20.069665962002603,20.066269507714875
0.017759999999999998,20.170153753311364,20.30022135341848,20.272209818256115,20.234353861887044,20.202730213384008,20.17766484437729,20.157731248380216,20.141642680921215,20.128443006233795,20.117445455447402,20.108155299910802,20.100211217853474,20.09334488005439,20.08735363204973,20.082081955088192,20.077408727474015,20.073238336164128,20.069494374739847,20.06611510424621
0.018,20.159119017436456,20.292278696893558,20.267688890538974,20.231520410517223,20.200804221955458,20.176275170155723,20.15668292463174,20.140824401374847,20.127786872252038,20.116907791524575,20.10770677453766,20.099831418731792,20.09301917155929,20.087071250980863,20.081834811753037,20.077190625609102,20.07304445067857,20.069320893215593,20.06595897534517
0.01824,20.148666041701578,20.284445252414677,20.263184474092004,20.22868415997058,20.19887120520979,20.174878033292796,20.155627707318867,20.14000001194595,20.12712538958684,20.11636545265787,20.10725415143653,20.09944801101839,20.09269026824594,20.086786025988047,20.081585123400064,20.07697023471814,20.072848496660384,20.069145534172524,20.065801135339697
0.01848,20.138774797800234,20.27672360785709,20.258698298419574,20.225846068773226,20.196931727168593,20.173473789006994,20.15456583325579,20.139169677936206,20.126458678002145,20.11581852831321,20.106797499163733,20.09906104838764,20.092358212915254,20.086497991746274,20.08133291851153,20.07674757848243,20.072650494012397,20.068968314499756,20.065641598686494
0.018719999999999997,20.129425116062453,20.26911616048442,20.254232050566294,20.223007084136263,20.19498634868215,20.172062791830694,20.15349753938215,20.138333565025853,20.12578685769445,20.11526710837169,20.106336886650208,20.098670584843376,20.092023048654895,20.086207183179276,20.081078225785603,20.07652268077114,20.07245046280146,20.06878925123019,20.06548037996884
0.018959999999999998,20.12059676497842,20.26162511893986,20.249787374364285,20.220168141483935,20.193035627173554,20.170645395465765,20.15242306267687,20.13749183921947,20.125110049257177,20.114711283105255,20.105872383184312,20.09827667470642,20.091684818830004,20.08591363545255,20.08082107413095,20.07629556563707,20.07224842325508,20.06860836153782,20.06531749389442
0.0192,20.112269525668268,20.254252505512554,20.245365869742564,20.217330163997666,20.191080116387642,20.16922195264088,20.15134264007254,20.13664466679198,20.12442837364507,20.11415114315233,20.105404058394644,20.097879372602137,20.091343567073974,20.085617383966333,20.080561492661356,20.07606625731242,20.072044395758084,20.068425662735027,20.065152955293115
0.01944,20.10442326125039,20.247000158666143,20.240969092098418,20.214494062176232,20.18912036614498,20.167792814970554,20.150256508370475,20.13579221423486,20.123741952138648,20.11358677949347,20.104931982232806,20.097478733447897,20.090999337279122,20.085318464348557,20.080299510690278,20.075834780204524,20.071838400849213,20.06824117226987,20.064986779114818
0.01968,20.097037981094708,20.239869735816317,20.236598551730328,20.21166073341231,20.187156922100936,20.16635833281599,20.149164904156436,20.13493464820263,20.123050906308762,20.113018283427,20.10445622495618,20.097074812440564,20.09065217358738,20.08501691244777,20.080035157725366,20.075601158891565,20.071630459217726,20.068054907723322,20.064818980427166
0.019919999999999997,20.090093899979497,20.23286271634394,20.23225571333209,20.20883106158556,20.185190325510074,20.1649188551478,20.148068063717066,20.134072135459576,20.122355357981235,20.112445746544704,20.103976857110663,20.096667665043913,20.090302120380933,20.084712764326017,20.079768463462976,20.07536541811827,20.071420591699948,20.067866886806524,20.064649574413316
0.020159999999999997,20.08357149219986,20.22598040483027,20.227941995547607,20.206005916672428,20.18322111299593,20.16347472941074,20.146966222957097,20.133204842826835,20.1216554292016,20.111869260707522,20.103493949513403,20.09625734697606,20.089949222272836,20.08440605625173,20.07949945778266,20.075127582791563,20.071208819275853,20.067677127358,20.064478576369677
0.020399999999999998,20.07745154070333,20.219223934500494,20.223658770585747,20.203186154372812,20.1812498163263,20.162026301390412,20.14585961731737,20.132332937129746,20.120951242200004,20.111288918021295,20.10300757323555,20.095843914196866,20.089593524097626,20.08409682469255,20.07922817074162,20.07488767797623,20.070995163065582,20.06748564734087,20.06430600170364
0.02064,20.07171518135283,20.212594270862006,20.219407363894582,20.20037261575372,20.179276962194187,20.16057391508212,20.144748481693686,20.131456585145582,20.1202429193562,20.11070481081255,20.102517799585016,20.09542742289532,20.089235070901882,20.08378510630818,20.078954632569147,20.074645728890538,20.070779644325953,20.06729246484004,20.06413186593128
0.02088,20.066343942439516,20.20609221552352,20.21518905389428,20.19756612691002,20.17730307200448,20.159117912561868,20.14363305035654,20.130575953551652,20.119530583164742,20.110117031604364,20.102024700089206,20.095007929476935,20.088873907934808,20.08347093794317,20.078678873661065,20.074401760901857,20.07056228444698,20.06709759805938,20.063956184675067
0.02112,20.061319779588015,20.199718410181347,20.21100507176781,20.194767498642364,20.175328661666484,20.15765863385958,20.142513556871773,20.12969120887379,20.118814356200314,20.109525673092257,20.10152834647784,20.09458549055114,20.088510080638788,20.08315435661971,20.078400924574122,20.07415579952224,20.07034310494835,20.06690106531888,20.06377897366154
0.021359999999999997,20.056625106213815,20.19347334075914,20.206856601308495,20.19197752615235,20.173354241392353,20.15619641683464,20.141390234022197,20.128802517435265,20.11809436108327,20.10893082812021,20.10102881066573,20.094160162918644,20.088143634639916,20.08283539953043,20.078120816020377,20.073907870404028,20.070122127475894,20.066702885051818,20.063600248718995
0.021599999999999998,20.052242819707836,20.187357341687417,20.20274477882355,20.189196988754965,20.17138031550161,20.154731597053754,20.14026331373018,20.127910045306134,20.11737072044534,20.10833258965673,20.100526164735662,20.093732003558852,20.087774615738553,20.082514104031155,20.077838578861606,20.073657999335396,20.069899373798055,20.066503075801876,20.063420025775134
0.02184,20.048156323535693,20.18137060030942,20.198670693092435,20.186426649608308,20.16940738223173,20.153264507671224,20.1391330269813,20.12701395825305,20.11664355689558,20.107731050771022,20.10002048092123,20.09330106961726,20.08740306989986,20.08219050763366,20.077554244103634,20.073406212235916,20.069674865802323,20.06630165622029,20.063238320854722
0.02208,20.04434954544971,20.175513161399934,20.194635385379033,20.183667255460623,20.167435933554877,20.15179547931168,20.137999603748998,20.126114421689543,20.115912992986527,20.107126304609277,20.099511831589787,20.092867418392874,20.08702904324433,20.081864647998422,20.07726784289073,20.07315253515211,20.069448625491685,20.066098645062947,20.063055150077247
0.02232,20.040806952020002,20.169784931783845,20.190639849496385,20.180919536414596,20.165466455000963,20.150324839955335,20.13686327292041,20.125211600626837,20.11517915118059,20.106518444371048,20.099000289225426,20.092431107325652,20.08665258203833,20.08153656292738,20.076979406499927,20.072896994252982,20.069220674981036,20.065894061187507,20.062870529654525
0.022559999999999997,20.037513559697164,20.164185685041545,20.18668503192284,20.178184205708888,20.163499425486933,20.14885291482577,20.135724262223224,20.124305659625147,20.114442153816714,20.10590756328577,20.098485926411996,20.09199219398396,20.086273732684653,20.081206290356665,20.07668896633538,20.072639615825523,20.06899103649361,20.065687923550495,20.06268447588835
0.022799999999999997,20.03445494262327,20.158715066288387,20.182771831968296,20.175461959516834,20.161535317152456,20.14738002628035,20.134582798153772,20.123396762745536,20.113702123077257,20.105293754589383,20.09796881581619,20.09155073605206,20.085892541713065,20.08087386834935,20.076396553922695,20.07238042627026,20.068759732357382,20.065480251204388,20.062497005168098
0.023039999999999998,20.031617237410483,20.153372597015746,20.178901101989243,20.17275347676223,20.159574595202006,20.14590649370326,20.133439105906263,20.122485073502347,20.112959180955208,20.104677111501125,20.09744903017073,20.09110679131764,20.085509055770885,20.0805393350882,20.076102200903275,20.072119452096747,20.068526785001467,20.0652710632947,20.062308133968344
0.02328,20.028987145107063,20.14815767998151,20.175073647651192,20.170059418952142,20.157617717753396,20.144432633401262,20.132293409303227,20.121570754816187,20.112213449221642,20.104057727200438,20.096926642257568,20.090660417659347,20.085123321613555,20.080202728868407,20.07580593902863,20.07185671991908,20.06829221695251,20.06506037905705,20.062117878846454
0.02352,20.026551930569916,20.143069604138095,20.171290228237137,20.16738043002656,20.155665135692804,20.14295875850215,20.131145930727246,20.120653968967524,20.111465049393498,20.103435694804052,20.096401724891226,20.09021167303441,20.084735386095236,20.079864088090368,20.07550780015473,20.0715922564514,20.068056050831096,20.064848217814244,20.061926256440195
0.023759999999999996,20.024299419460387,20.138107549586483,20.16755155700054,20.16471713622484,20.153717292536275,20.141485178855987,20.129996891053885,20.11973487755092,20.110714102701664,20.102811107343218,20.09587435090217,20.089760615466243,20.084345296159448,20.079523451252417,20.075207816236322,20.071326088503387,20.06781830934811,20.06463459897332,20.061733283465315
0.023999999999999997,20.022217993076485,20.13327059254508,20.16385830156139,20.16207014596869,20.151774624297797,20.140012200939125,20.128846509585966,20.11881364142984,20.109960730059388,20.10218405774111,20.095344593120316,20.08930730303216,20.083953098829692,20.07918085694363,20.074906019321276,20.07105824297577,20.067579015301124,20.06441954202263,20.06153897671314
0.024239999999999998,20.02029658122985,20.12855771032255,20.16021108434383,20.159440049761653,20.1498375593639,20.138540127761065,20.12769500398913,20.11789042069217,20.10920505203101,20.101554638790414,20.0948125243586,20.08885179385108,20.083558841200137,20.0788363438366,20.07460244154491,20.07078874685582,20.067338191570798,20.06420306652887,20.06134335304814
0.02448,20.01852465337011,20.123967786284236,20.156610483053743,20.156827420104783,20.147906518374803,20.13706925877416,20.126542590228745,20.116965374606377,20.108447188801065,20.100922943131092,20.094278217396642,20.088394146071344,20.083162570426303,20.078489950680215,20.07429711512436,20.070517627212837,20.067095861117213,20.063985192134137,20.061146429405525
0.02472,20.016892208152452,20.119499614802088,20.153057031194813,20.154232811428397,20.14598191411215,20.13559988978621,20.12538948250818,20.116038661578322,20.10768726014371,20.10028906322834,20.093741744964568,20.087934417858527,20.082764333715794,20.078141716292503,20.07399007235289,20.070244911193683,20.06685204697629,20.063765938552997,20.06094822278879
0.024959999999999996,20.015389761636776,20.115151906178472,20.14955121862138,20.151656760039682,20.144064151393245,20.13413231287594,20.124235893208436,20.115110439108804,20.10692538539253,20.099653091350746,20.09320317972687,20.087472667383363,20.08236417831905,20.077791679553442,20.07368134559428,20.06997062601825,20.06660677225613,20.0635453255695,20.060748750267322
0.025199999999999997,20.014008334298726,20.110923291534665,20.146093492126557,20.14909978408588,20.142153626971904,20.132666816311428,20.123082032829206,20.114180863751805,20.10616168341073,20.09901511954863,20.092662594266425,20.087008952809715,20.08196215152017,20.077439879397822,20.07337096727719,20.069694798974975,20.066360060133405,20.063323373034248,20.060548028973926
0.025439999999999997,20.01273943702417,20.1068123276552,20.142684256063955,20.146562383532878,20.14025072944577,20.131203684471462,20.121928109931332,20.113250091073436,20.10539627256169,20.09837523963265,20.092120061068634,20.0865433322826,20.081558300627705,20.077086354808106,20.073058969889534,20.06941745741637,20.066111933849726,20.063100100861416,20.060346076102423
0.025679999999999998,20.011575056249658,20.102817501779793,20.139323873001324,20.144045040158897,20.138355839170195,20.129743197769866,20.1207743310807,20.112318275611656,20.10462927067994,20.097733543152565,20.091575652505654,20.086075863916303,20.081152672965576,20.076731144807326,20.072745385972862,20.069138628754526,20.065862416708036,20.062875529025813,20.0601429089052
0.02592,20.01050763840197,20.098937236334866,20.13601266440457,20.141548217563056,20.136469328178567,20.128285632582784,20.119620900793592,20.111385570836703,20.103860795042518,20.097090121376283,20.09102944082079,20.085606605782566,20.080745315863958,20.076374288452016,20.072430248116788,20.06885834045662,20.06561153206896,20.062649677559918,20.05993854469076
0.02616,20.009530073780365,20.095169893597248,20.132750911350424,20.1390723611885,20.134591560109104,20.126831261178964,20.118468021483515,20.110452129112307,20.103090962340744,20.09644506526907,20.090481498113014,20.085135615898846,20.080336276650275,20.07601582482514,20.072113588953393,20.068576620040496,20.06535930334722,20.06242256655092,20.059733000821307
0.026399999999999996,20.008635680015267,20.091513780283012,20.129538855266105,20.136617898359816,20.13272289013808,20.125380351653032,20.117315893409494,20.109518101657684,20.10231988865244,20.095798465473077,20.089931896321612,20.084662952216647,20.079925602640188,20.075655793029085,20.071795441151654,20.068293495070144,20.065105754008002,20.062194216137772,20.059526294710295
0.026639999999999997,20.00781818522759,20.087967152054933,20.12637669869437,20.13418523833444,20.130863664919403,20.123933167861768,20.11616471462585,20.108583638510286,20.101547689414538,20.09515041228705,20.089380707210978,20.08418867260996,20.079513341128674,20.07529423217864,20.071475837411917,20.068008993151302,20.064850907563365,20.061964646508226,20.059318443819983
0.026879999999999998,20.007071711003015,20.084528217942392,20.12326460608227,20.131774772367745,20.129014222530532,20.12248996936337,20.115014680933523,20.107648888489372,20.10077447939616,20.094500995646314,20.08882800235555,20.08371283486378,20.07909953938114,20.074931181394057,20.07115481046037,20.067723141927,20.064594787568627,20.061733877895897,20.059109465659002
0.02712,20.0063907552861,20.081195144668104,20.120202704591993,20.129386873791486,20.127174892424673,20.121051011359757,20.113865985832877,20.106713999160373,20.100000372672156,20.09385030510302,20.088273853124928,20.0832354966627,20.07868424462459,20.07456667979412,20.070832393043517,20.067435969073134,20.064337417618784,20.061501930577307,20.058899377779937
0.02736,20.00577017528962,20.077966060876445,20.11719108493209,20.12702189810527,20.12534599538917,20.11961654464184,20.112718820478044,20.105779116800083,20.099225482597024,20.093198429806645,20.087718330669087,20.08275671557961,20.078267504038863,20.07420076648923,20.070508617922712,20.06714750229405,20.06407882134491,20.06126882486895,20.05868819777686
0.027599999999999996,20.00520517050545,20.07483906125856,20.1142298022076,20.124680183080713,20.123527843510097,20.11818681553783,20.111573373632794,20.104844386362643,20.098449921779387,20.092545458484743,20.08716150590381,20.082276549064517,20.077849364747916,20.073833480574578,20.070183517868696,20.06685776931816,20.063819022410602,20.06103458112435,20.05847594328292
0.027839999999999997,20.004691265894333,20.07181221057001,20.111318876787273,20.12236204887797,20.121720740142887,20.116762065864517,20.110429831627975,20.103909951446404,20.097673802056878,20.091891479424014,20.08660344949626,20.08179505443341,20.07742987381118,20.073464861123306,20.069857125656146,20.066566797893543,20.063558044508383,20.060799219731138,20.05826263196792
0.028079999999999997,20.004224295323418,20.068883547536895,20.108458295186505,20.120067798174244,20.11992497988903,20.11534253288157,20.109288378320468,20.102975954261584,20.096897234471506,20.0912365804516,20.08604423185069,20.08131228885728,20.077009078214974,20.073094947179726,20.06952947405828,20.066274615783602,20.06329591135617,20.060562761108116,20.058048281535864
0.028319999999999998,20.00380038531221,20.06605108864717,20.105648010964238,20.117797716303897,20.118140848578683,20.11392844924879,20.10814919505371,20.102042535598805,20.09612032924551,20.09058084891669,20.08548392309439,20.080828309351222,20.076587024863983,20.072723777752618,20.06920059584148,20.065981250762693,20.06303264669372,20.060325225702343,20.057832909722563
0.02856,20.003415939139774,20.06331283182385,20.10288794563237,20.115552071409915,20.116368623259145,20.11252004298635,20.107012460619792,20.101109834798475,20.095343195757728,20.08992437167242,20.084922593063748,20.080343172763644,20.076163760572825,20.0723513918085,20.0688705237599,20.065686730611798,20.062768274279087,20.060086633986227,20.057616534293206
0.0288,20.00306762135865,20.06066675997765,20.100177989576107,20.113331114606186,20.114608572189155,20.111117537438012,20.105878351223105,20.100177989721022,20.094565942520397,20.089267235058045,20.084360311290517,20.079856935765598,20.07573933205766,20.07197782826501,20.068539290550195,20.06539108311423,20.0625028178851,20.05984700645462,20.05739917303995
0.029039999999999996,20.00275234275397,20.058110844436655,20.097518002983758,20.111135080150362,20.112860954838816,20.109721151237235,20.10474704044554,20.099247136718006,20.093788677156518,20.088609524881424,20.083797146988267,20.07936965484022,20.07531378592788,20.0716031259843,20.068206928926173,20.06509433605132,20.062236301295872,20.05960636362192,20.057180843779513
0.029279999999999997,20.002467245779705,20.05564304825126,20.094907816784513,20.108964185626846,20.111126021895192,20.108331098276263,20.103618699213293,20.09831741060411,20.093011506377685,20.087951326401793,20.08323316903901,20.078881386272283,20.074887168677908,20.071227323766482,20.06787347157357,20.064796517198175,20.06196874830328,20.059364726019194,20.05696156435077
0.029519999999999998,20.002209690497942,20.05326132937277,20.09234723359273,20.106818632139547,20.109404015273373,20.106947587678096,20.10249349576517,20.09738894462997,20.092234535962426,20.087292724312867,20.082668445980012,20.07839218613788,20.074459526679007,20.07085046034314,20.0675389511448,20.0644976543194,20.061700182703508,20.059122114191293,20.05674135261238
0.029759999999999998,20.00197724104135,20.050963643704616,20.089836028657317,20.104698604514017,20.107695168132953,20.10557082377133,20.101371595622545,20.09646187045594,20.09145787073508,20.08663380272621,20.082103045990824,20.077902110294207,20.074030906171238,20.07047257437088,20.067203400253767,20.064197775164892,20.06143062829356,20.05887854869399,20.056520226440362
0.03,20.00176765261387,20.04874794802535,20.087373950814847,20.102604271508564,20.105999704899848,20.104201006067882,20.100253161560786,20.095536318126687,20.090681614545158,20.08597464515497,20.08153703688046,20.0774112143695,20.07360135325544,20.070093704424917,20.066866851470706,20.063896907465633,20.06116010886783,20.05863405009113,20.056298203725746
0.030239999999999996,20.001578859039913,20.046612202782974,20.084960723445015,20.100535786034005,20.104317841293277,20.102838329243557,20.099138353582333,20.09461241604671,20.08990587024725,20.08531533449787,20.08097048607481,20.07691955375307,20.073170913885335,20.069713888992762,20.066529337317046,20.063595078929517,20.060888648214647,20.05838863895178,20.05607530237218
0.030479999999999997,20.00140896086786,20.044554374760494,20.08259604542714,20.09849328538157,20.10264978435789,20.101482983121386,20.098027328891252,20.093690290956733,20.089130739681455,20.08465595302358,20.08040346060426,20.076427183585476,20.072739633859687,20.06933316646792,20.066190890260348,20.063292317237188,20.060616270112877,20.058142335847393,20.055851540293578
0.030719999999999997,20.001256214029954,20.042572439612897,20.080279592096442,20.096476891458668,20.10099573250086,20.100135152657796,20.0969202418694,20.092770067910994,20.08835632365432,20.083996582355372,20.079836027091453,20.07593415874884,20.07230755881456,20.068951575143668,20.06585154270922,20.062988650037923,20.060342998328526,20.057895161349002,20.055626935411766
0.030959999999999998,20.00111901905697,20.040664384275992,20.078011016198797,20.09448671103206,20.099355875533842,20.098795017931497,20.09581724405412,20.091851870255407,20.08758272192034,20.083337303456112,20.079268251739347,20.075440533857282,20.07187473421568,20.06856915320688,20.06551132700834,20.062684104945532,20.06006885661134,20.057647136024404,20.055401505654114
0.0312,20.000995910843006,20.038828209247953,20.075789948842846,20.092522835978073,20.097730394719733,20.097462754135105,20.09471848411746,20.090935819606663,20.08681003316397,20.082678196613582,20.0787002003194,20.074946363247484,20.071441205350837,20.068185938731922,20.065170275433484,20.06237870953429,20.059793868691468,20.05739828043536,20.055175268951217
0.031439999999999996,20.000885548952944,20.037061930744525,20.073616000448197,20.09058534353942,20.09611946282404,20.09613853156945,20.09362410784694,20.090022035832174,20.086038354982183,20.082019341426133,20.078131938160023,20.07445170096941,20.071007017322437,20.067801969674605,20.064828420186572,20.062072491334884,20.05951805827611,20.057148615134842,20.054948243234566
0.03168,20.000786708462726,20.03536358272925,20.071488761688666,20.0886742965883,20.094523244170805,20.094822515640537,20.092534258127852,20.08911063703095,20.08526778386756,20.08136081678869,20.0775635301352,20.073956600777155,20.0705722150401,20.06741728386619,20.06448579339082,20.061765477830413,20.059241449046212,20.05689816066423,20.05472044643422
0.03192,20.00069827132048,20.03373121882018,20.06940780442943,20.086789743895363,20.09294189470293,20.09351486685911,20.091449074927052,20.088201739515338,20.084498415191934,20.080702700879048,20.07699504065338,20.07346111611993,20.07013684321338,20.06703191900748,20.064142427085873,20.061457696452408,20.058964064653136,20.056646937550592,20.054491896476506
0.032159999999999994,20.00061921821481,20.03216291407489,20.06737268265707,20.084931720404093,20.091375562046764,20.09221574084283,20.090368695278297,20.08729545779369,20.083730343190577,20.080045071144568,20.076426533646504,20.072965300133188,20.069700946344568,20.066645912662946,20.063798353223024,20.06114917457686,20.058685928715423,20.056394966303944,20.05426261128172
0.0324,20.000548620934985,20.030656766655703,20.065382933401462,20.083100247510348,20.089824385580886,20.09092528832095,20.08929325326902,20.086391904553885,20.082963660946902,20.079388004289164,20.075858072559353,20.07246920562991,20.06926456872159,20.06625930225494,20.06345360366046,20.060839939520335,20.058407064815515,20.056142267414522,20.05403260876184
0.032639999999999995,20.000485635206683,20.029210899377315,20.063438077648634,20.08129533334653,20.0882884965089,20.089643655141533,20.088222880028653,20.085491190647765,20.08219846037776,20.07873157626066,20.075289720339022,20.071972885092038,20.068827754411004,20.065872125057982,20.06310821015855,20.060530018536056,20.058127496496535,20.05588886135009,20.05380190681826
0.03288,20.000429493985795,20.027823461139125,20.06153762124356,20.079516973070152,20.086768017936127,20.0883709822811,20.08715770371837,20.08459342507646,20.081434832219237,20.078075862238496,20.07472153942469,20.071476390662006,20.068390547251113,20.06548441819308,20.062762204375208,20.060219438810066,20.057847247259065,20.05563476855325,20.05357052333953
0.03312,20.000379501192274,20.02649262824479,20.059681055782114,20.07776514915628,20.08526306495012,20.087107405856692,20.086097849522314,20.083698714976556,20.080672866013035,20.077420936621742,20.07415359173757,20.070979774134507,20.067952990845153,20.065096218622163,20.062415617861266,20.059908227457406,20.057566340557997,20.055380009438778,20.053338476199087
0.033359999999999994,20.000335025865244,20.025216605611657,20.057867859491317,20.076039831693627,20.083773744704764,20.08585305714033,20.085043439640277,20.082807165607225,20.079912650093362,20.076766873017522,20.073585938671094,20.070483086948332,20.067515128554607,20.064707563142555,20.06206848205592,20.05959641151834,20.057284799799334,20.05512460439098,20.053105783253052
0.0336,20.000295496720465,20.023993627872827,20.05609749809704,20.074340978683786,20.08230015650795,20.084608062575786,20.083994593281773,20.081918880338133,20.07915427157441,20.07611374422973,20.07301864108136,20.0699863801784,20.067077003492592,20.064318488381538,20.06172082828224,20.059284017954585,20.05700264833709,20.05486857376105,20.05287246233799
0.033839999999999995,20.000260397090877,20.022821960374774,20.05436942567852,20.072668536343375,20.080842391912615,20.083372543797633,20.08295142666157,20.0810339606383,20.078397816338352,20.07546162224814,20.072451759277758,20.069489704527935,20.066638658517395,20.06392903079096,20.061372687742683,20.05897107364563,20.05671990947017,20.054611937864465,20.052638531268705
0.03408,20.000229260231055,20.021699900073553,20.052683085508882,20.071022439408644,20.07940053481101,20.082146617652548,20.08191405299658,20.080152506065797,20.077643369023903,20.074810578237837,20.07188535301386,20.068993110320807,20.06620013622607,20.063539226641957,20.061024091514714,20.058657605385037,20.05643660643931,20.0543547169784,20.052404007836053
0.034319999999999996,20.000201664966454,20.020625776332693,20.051037910881092,20.069402611442214,20.077974661532156,20.08093039622277,20.080882582504174,20.079274614258292,20.076891013015405,20.07416068252901,20.07131948147854,20.068496647494005,20.065761478948172,20.063149112019723,20.060675070546438,20.058343639876814,20.056152762423995,20.05409693133915,20.05216890980476
0.034559999999999994,20.00017723166853,20.019597951625965,20.04943332591869,20.067808965141655,20.076564840942233,20.079723986851725,20.079857122401815,20.07840038092449,20.07614083043249,20.07351200460711,20.070754203287304,20.068000365590287,20.065322728739595,20.06275872281836,20.060325655652306,20.05802920373182,20.055868400539463,20.05383860113958,20.05193325491126
0.0348,20.00015561853723,20.0186148221483,20.047868746370725,20.066241402649496,20.075171134547844,20.078527492171748,20.07883777690808,20.07752989983637,20.075392902120246,20.07286461310334,20.07018957647389,20.067504313750987,20.064883927376496,20.062368094735792,20.059975877508876,20.057714323464204,20.055583543833702,20.053579746526598,20.051697060861546
0.035039999999999995,20.00013651817262,20.017674818338158,20.046343580390364,20.064699815864373,20.073793596602037,20.077341010133804,20.07782464724497,20.076663262822343,20.074647307639957,20.072218575785527,20.06962565848207,20.067008540708965,20.064445116349354,20.061977263268794,20.059625766650612,20.05739902548787,20.055298215284477,20.05332038759863,20.051460345329048
0.03528,20.000119654418057,20.016776405314747,20.04485722929672,20.063184086752965,20.072432274212883,20.076164634039234,20.076817831641563,20.07580055976117,20.073904125260373,20.071573959549305,20.069062506157707,20.06651309478175,20.06400633685714,20.06158626370805,20.059275353465758,20.057083336113024,20.055012437796396,20.053060544403163,20.051223125952497
0.035519999999999996,20.00010477945772,20.01591808323343,20.043409088319418,20.061694087662467,20.071087207454525,20.07499845257342,20.075817425338933,20.07494187857675,20.07316343194951,20.070930830409683,20.06850017574104,20.066018023864796,20.063567629801568,20.06119513113333,20.058924668192244,20.056767281542708,20.054726234198018,20.052800236934246,20.05098542033385
0.03576,20.00009167115198,20.015098387562823,20.04199854732547,20.060229681633153,20.069758429480572,20.073842549841356,20.074823520596357,20.074087305233753,20.072425303366998,20.07028925349298,20.067938722859203,20.065523375424945,20.063129035781504,20.06080390040872,20.058573740913687,20.05645088786942,20.054439627238946,20.052539485130062,20.050747246036185
0.036,20.000080130594785,20.014315889286944,20.04062499152816,20.0587907227109,20.068445966639697,20.072697005405,20.073836206698747,20.073236923734015,20.071689813856946,20.069649293029066,20.06737820251901,20.06502919649403,20.062690595087446,20.060412606177938,20.058222601555407,20.05613418107175,20.054152639587006,20.052278308870513,20.050508620581653
0.036239999999999994,20.000069979877647,20.013569195035902,20.039287802177554,20.057377056259213,20.06714983859326,20.07156189432248,20.07285556996533,20.072390816113774,20.070957036441364,20.069011012343985,20.06681866909992,20.064535533662653,20.062252347696152,20.060021282859744,20.057871279880526,20.055817187011062,20.053865293825417,20.052016727974816,20.050269561449415
0.03648,20.00006106004587,20.01285694714852,20.037986357232377,20.055988519270585,20.065870058434943,20.070437287188962,20.07188169375952,20.071549062441726,20.070227042814082,20.06837447385295,20.066260176347306,20.0640424330741,20.061814333265353,20.059629964643417,20.057519805486127,20.05549993142823,20.05357761245002,20.051754762199124,20.050030086073626
0.036719999999999996,20.000053229233032,20.01217782367036,20.03672003201299,20.054624940676838,20.064606632812126,20.069323250179224,20.070914658499976,20.07071174081781,20.069499903335213,20.06773973905363,20.065702777365917,20.063549940418458,20.0613765911286,20.059238685484324,20.057168207799453,20.055182439940403,20.053289617866515,20.051492431234188,20.04979021184141
0.03696,20.000046360960592,20.011530538290458,20.035488199835235,20.053286141658198,20.063359562048987,20.068219845091832,20.06995454167284,20.069878927372837,20.06877568702614,20.06710686851985,20.065146524613596,20.06305810092688,20.060939160290236,20.05884747909956,20.056816516074193,20.05486473803782,20.05300133238774,20.051229754703012,20.049549956090875
0.0372,20.000040342590154,20.01091384022024,20.034290232625054,20.051971935950846,20.06212884027115,20.067127129394873,20.06900141784506,20.06905069626885,20.068054461564994,20.0664759218956,20.06459146989523,20.06256695936601,20.060502079420445,20.058456378963676,20.056464759386795,20.05454685108069,20.052712778231,20.050966752158576,20.049309336109133
0.037439999999999994,20.00003507391664,20.010326514017823,20.033125501513613,20.05068213015269,20.06091445553175,20.066045156273233,20.068055358678894,20.068227119700275,20.06733629328268,20.065846957889406,20.06403766435695,20.06207656003256,20.06006538685047,20.05806541830451,20.05611296663288,20.054228804296063,20.052423977515403,20.050703443081545,20.049068369130342
0.03768,20.00003046589126,20.00976737936108,20.03199337741292,20.049416524027087,20.05971638993882,20.064973974677283,20.067116432947458,20.06740826789579,20.066621247159382,20.065220034269046,20.063485158480553,20.06158694674811,20.059629120567905,20.057674630099054,20.055761166523684,20.053910622774804,20.05213495225923,20.05043984687802,20.048827072333772
0.037919999999999995,20.000026439463895,20.009235290772615,20.030893231571838,20.04817491080429,20.05853461978386,20.063913629372973,20.066184706551347,20.06659420912097,20.065909386821602,20.064595207856605,20.062934002078176,20.061098162854016,20.059193318212138,20.05728404706948,20.05540938758256,20.053592331468586,20.051845724377376,20.05017598287732,20.048585462841885
0.03816,20.000022924535095,20.008729137299845,20.029824436112435,20.046957077480425,20.057369115671438,20.0628641609933,20.06526024253632,20.06578500968164,20.06520077453967,20.063972534523888,20.0623842442872,20.06061025120649,20.05875801706988,20.056893701679165,20.055057658141592,20.053273955186917,20.051556315678777,20.04991187032977,20.048343557718443
0.0384,20.00001985900861,20.008247842153303,20.02878636454663,20.045762805113704,20.05621984264978,20.061825606091027,20.064343101111973,20.064980733927964,20.06449547122577,20.063352069188156,20.061835933565384,20.060123254171895,20.05832325407085,20.05650362612888,20.054706006338208,20.05295551859425,20.0512667478639,20.049647528404538,20.04810137396662
0.038639999999999994,20.000017187935935,20.007790362306118,20.027778392273262,20.044591869117717,20.055086760342146,20.060797997192648,20.063433339671434,20.064181444259216,20.063793536432456,20.062733865808216,20.061289117686268,20.059637213622143,20.057889065783538,20.056113852353008,20.054354460111885,20.052637046207103,20.050977042522273,20.0493829761875,20.04785892852716
0.03888,20.000014862744884,20.00735568805776,20.026799897055465,20.0434440395516,20.053969823078916,20.059781362853528,20.062531012811984,20.063387201129295,20.063095028351654,20.062117977380836,20.060743843734766,20.059152170930307,20.05745548841113,20.055724412015884,20.054003047200933,20.052318562391246,20.050687221130023,20.049118232679085,20.047616238276525
0.039119999999999995,20.000012840544944,20.006942842564783,20.02585025947859,20.042319081406823,20.05286898003028,20.058775727714167,20.061636172356668,20.062598063052874,20.06240000381412,20.061504455937516,20.060200158103022,20.058668166966385,20.057022557787523,20.055335336508218,20.05365179513932,20.052000091358934,20.050397305047483,20.048853316792233,20.047373320025084
0.03936,20.000011083502468,20.00655088134147,20.02492886338867,20.04121675489051,20.051784175339392,20.05778111255753,20.06074886737678,20.061814086612262,20.061708518289414,20.06089335254156,20.059658106486502,20.058185242093224,20.056590309373465,20.054946656943567,20.053300731253564,20.051681657166185,20.050107315516808,20.048588247350295,20.047130190515333
0.039599999999999996,20.000009558279466,20.00617889173309,20.02403509631158,20.040136815705036,20.050715348255906,20.056797534367394,20.059869144215266,20.061035326464896,20.061020625886325,20.060284717285512,20.059117733880303,20.05770343616261,20.056158778252826,20.054558404154967,20.0529498826597,20.051363283710103,20.04981727365964,20.048323043085013,20.0468868664201
0.039839999999999993,20.000008235530146,20.005825992364272,20.02316834985308,20.039079015323757,20.049662433269766,20.05582500638764,20.058997046510978,20.060261835351515,20.060336379353746,20.059678599288894,20.058579084575715,20.057222788511535,20.055727999128976,20.054170608691567,20.05259927626031,20.051044994726258,20.04952720047482,20.0480577226345,20.046643364340813
0.04008,20.000007089449824,20.00549133256526,20.02232802007987,20.03804310126272,20.048625360245133,20.054863538182456,20.05813261522376,20.05949366410495,20.059655830082033,20.05907504669629,20.058042202156994,20.056743337958633,20.055298006321298,20.053783300815432,20.052248938741602,20.05072681378611,20.04923711683611,20.047792304541275,20.046399700805754
0.040319999999999995,20.000006097371266,20.005174091778237,20.021513507881867,20.03702881734821,20.04760405455439,20.0539131356974,20.05727588866036,20.058730861659534,20.058979028104794,20.058474106675728,20.057507129498372,20.056265122800745,20.05486883376179,20.053396510498366,20.051898896570577,20.050408764294477,20.048947043489974,20.04752680725031,20.04615589226837
0.04056,20.000005239403933,20.00487347894629,20.02072421931597,20.036035903979965,20.046598437212072,20.05297380132125,20.05642690250113,20.057973475061154,20.05830602210115,20.05787582541741,20.05697390876131,20.055788180809714,20.05444051499184,20.053010267418877,20.05154917599225,20.050090869487065,20.048657001053396,20.047261249107095,20.045911955105574
0.040799999999999996,20.000004498111934,20.004588731887143,20.019959565931455,20.035064098389945,20.04560842500863,20.05204553394859,20.055585689827456,20.057221549477855,20.057636859398404,20.057280248132738,20.056442581391952,20.055312549229267,20.05401308315906,20.05262460095919,20.051199803026936,20.049773152428035,20.04836701001172,20.046995648355754,20.04566790561608
0.04103999999999999,20.00000385822695,20.004319116653885,20.019218965077343,20.03411313489653,20.044633930643993,20.051128329043106,20.05475228114995,20.056475128211076,20.05697158597517,20.056687419053667,20.055913188118826,20.054838264772133,20.053586571014286,20.052239540202383,20.050850803467604,20.049455636007625,20.04807709071654,20.046730023137187,20.04542376001878
0.04128,20.000003306392575,20.004063926884744,20.018501840192013,20.033182745154026,20.043674862860705,20.050222178701496,20.053926704437345,20.055734252707428,20.056310246464918,20.05609738143234,20.055385768950767,20.054365363617276,20.053161010908685,20.051855113929573,20.050502202877308,20.04913834293983,20.047787263383636,20.046464391487213,20.04517953445112
0.041519999999999994,20.00000283093696,20.003822483143885,20.017807621075267,20.032272658397375,20.042731126576708,20.049327071717993,20.05310898514605,20.05499896257104,20.05565288415994,20.05551017754109,20.054860363175052,20.0538938814073,20.052736434790965,20.051471350617238,20.05015402658665,20.048821295760117,20.047497548090924,20.0461987713348,20.044935244967483
0.04176,20.000002421670857,20.00359413225516,20.017135744143257,20.031382601681965,20.041802623017517,20.048442993649402,20.05229914625038,20.054269295576464,20.05499954101573,20.054925848672674,20.054337009355773,20.05342385324605,20.052312874204716,20.051088278434573,20.049806299691372,20.048504516823197,20.047207964776472,20.045933180500263,20.044690907537664
0.041999999999999996,20.000002069708422,20.003378246630472,20.016485652666546,20.030512300118456,20.040889249847837,20.047569926880644,20.05149720827339,20.053545287682077,20.054350257655766,20.05434443514085,20.05381574533241,20.05295531369631,20.051890360285896,20.050705925240987,20.049459047049936,20.04818802830086,20.04691853323654,20.04566763669352,20.044446538045282
0.04224,20.000001767308447,20.003174223594637,20.015856796991628,20.02966147710252,20.03999090130243,20.046707850690698,20.05070318931833,20.052826973044045,20.053705073376705,20.05376597628126,20.05329660821864,20.052488296777728,20.051468923760375,20.05032431858366,20.049112293281244,20.04787185217984,20.046629273123642,20.04540215751239,20.044202152286275
0.04248,20.000001507733813,20.002981484708165,20.015248634746264,20.02882985453946,20.039107468316235,20.045856741318975,20.049917105100665,20.052114384030755,20.05306402615395,20.05319051045255,20.052779634401354,20.05202283596486,20.051048594941665,20.049943485695184,20.04876606276237,20.047556010259733,20.046340203944705,20.045136760440908,20.043957765967402
0.042719999999999994,20.000001285127247,20.002799475089578,20.014660631029038,20.028017153063594,20.038238838653577,20.045016572031994,20.049138968980635,20.051407551237766,20.052427152647635,20.05261807503786,20.052264859539882,20.051558964185382,20.050629403728717,20.04956345349131,20.048420379626396,20.047240524151004,20.046051345059198,20.044871462847663,20.04371339470476
0.04296,20.00000109440161,20.002627662738643,20.014092258583403,20.027223092252378,20.03738489703648,20.04418731319037,20.04836879199635,20.050706503503203,20.051794488208934,20.05204870644653,20.05175231856546,20.051096713818463,20.05021137960387,20.04918424856878,20.0480752677603,20.046925415272977,20.04576271567733,20.044606281984176,20.043469054022335
0.043199999999999995,20.000000931143145,20.002465537861887,20.013542997956684,20.02644739083519,20.03654552527192,20.04336893231601,20.04760658289735,20.050011267923658,20.051166066886797,20.05148244011612,20.051242045680855,20.050636116693298,20.04979455163088,20.04880589720323,20.047730750802895,20.046610704851947,20.04547433485832,20.044341234983314,20.043224759350576
0.04344,20.00000079152623,20.00231261220158,20.01301233764438,20.025689766896768,20.035720602378003,20.042561394159552,20.046852348178696,20.049321869870493,20.050541921435027,20.050919310514704,20.050734074360257,20.050177204087785,20.049378948453125,20.048428425347215,20.047386852142875,20.046296413919283,20.045186221508636,20.04407633885773,20.042980526024994
0.04368,20.000000672238386,20.00216841836941,20.012499774220167,20.024949938075206,20.034910004708983,20.041764660767903,20.0461060921154,20.04863833300661,20.049922083319686,20.050359351143435,20.050228437349325,20.049720006727362,20.04896459829185,20.048051858628284,20.047043594916886,20.045982563309643,20.04489839438035,20.043811610498324,20.042736369284782
0.043919999999999994,20.000000570414343,20.002032509185867,20.012004812451973,20.02422762175455,20.03411360607903,20.040978691551917,20.0453678167974,20.047960679303635,20.049306582726892,20.049802594539376,20.04972516666548,20.04926455478402,20.048551528944596,20.04767622234716,20.0467010020077,20.045669173659174,20.044610872069473,20.04354706667275,20.042492304271455
0.04416,20.00000048357819,20.001904457026384,20.011526965404595,20.023522535251892,20.033331277884724,20.040203443354102,20.0446375221648,20.047288929059484,20.04869544857094,20.049249072278602,20.049224293598368,20.048810877875418,20.048139767783706,20.047301541476028,20.046359096042423,20.045356265403825,20.04432367301436,20.043282724023967,20.042248346027538
0.044399999999999995,20.000000409592605,20.001783853175155,20.011065754529188,20.022834395999027,20.0325628892262,20.039438870516374,20.043915206043568,20.046623100916364,20.04808870850272,20.048698814979566,20.04872584871055,20.048359005064196,20.047729341754952,20.04692784065686,20.046017899390794,20.04504385877767,20.044036815494163,20.043018599068766,20.042004509495246
0.04464,20.00000034661443,20.001670307187382,20.010620709740085,20.022162921718593,20.031808307026836,20.038684924947763,20.043200864181532,20.045963211879105,20.047486388918536,20.048151852306706,20.04822986183835,20.047908964857427,20.047320277376283,20.046555144199882,20.045677434163544,20.044731973811302,20.043750317627293,20.042754708196405,20.041760809515214
0.044879999999999996,20.000000293055795,20.00156344626087,20.01019136947937,20.02150783059475,20.031067396151528,20.037941556192045,20.0424944902847,20.045309277333896,20.046888514969154,20.047608212974325,20.047736362092945,20.047460785206194,20.046912600736693,20.046183476082096,20.04533772221081,20.04442063033028,20.04346419736995,20.042491067667214,20.04151726082525
0.04511999999999999,20.00000024755011,20.001462914617516,20.009777280769548,20.02086884143834,20.0303400195234,20.0372087114953,20.041796076053867,20.044661311067344,20.04629511056922,20.047067924750692,20.047245377861614,20.047014493505333,20.046506337495163,20.045812859945887,20.044998785120647,20.044109847953603,20.043178472514672,20.042227693611263,20.04127387805908
0.04536,20.000000208922426,20.001368372895445,20.00937799925484,20.020245673846595,20.02962603823894,20.036486335873274,20.0411056112215,20.04401932528588,20.04570619840695,20.046531014462428,20.04675693680918,20.046570116593344,20.04610151287977,20.04544331909773,20.044660644217554,20.04379964609227,20.042893160688962,20.041964602027054,20.041030675745187
0.045599999999999995,20.000000176163585,20.001279497552268,20.00899308923141,20.019638048357365,20.028925311681537,20.03577437217859,20.040423083588845,20.043383330635486,20.045121799954135,20.045997507999072,20.046271065879665,20.046127680752384,20.045698151686867,20.045074876506966,20.044323320561126,20.043490043947884,20.042608279353896,20.041701808780243,20.040787668305594
0.04584,20.000000148407672,20.001195980280006,20.008622123667006,20.019045686597906,20.02823769763332,20.035072761167722,20.039748479063284,20.042753336221715,20.0445419354764,20.045467430317938,20.045787791298075,20.045687211708476,20.04529627828039,20.044707554804695,20.04398683494472,20.043181060511266,20.04232384580283,20.0414393296024,20.040544870054735
0.046079999999999996,20.00000012491244,20.00111752743213,20.008264684210403,20.018468311428254,20.02756305238529,20.03438144156769,20.039081781695852,20.042129349630038,20.043966624043748,20.044940805449176,20.045307138572444,20.045248734631798,20.044895916591255,20.04434137628271,20.04365120789423,20.042872714561184,20.042039877160104,20.041177180089786,20.040302295198323
0.04631999999999999,20.00000010504229,20.00104385946305,20.00792036119108,20.0179056470792,20.026901230845713,20.03370035014247,20.038422973718948,20.04151137694643,20.043395883541404,20.044417656501043,20.044829132495977,20.044812274137158,20.04449709011691,20.043976362892543,20.043316459666887,20.042565024663094,20.04175639037982,20.04091537570219,20.04005995783225
0.04656,20.00000008825347,20.000974710380454,20.007588753609518,20.017357419284917,20.02625208664669,20.033029421759085,20.037772035584172,20.040899422778246,20.042829730680875,20.043898005665422,20.044353797149427,20.044377854284573,20.044099821920927,20.04361253624459,20.042982610250164,20.042258009167938,20.041473402244634,20.040653931761764,20.039817871941494
0.046799999999999994,20.000000074081292,20.000909827210695,20.007269469118544,20.016823355410278,20.025615472248926,20.032368589453295,20.037128946000333,20.040293490275346,20.04226818101128,20.04338187422354,20.043881155903627,20.043945498580005,20.043704134632755,20.043249917607323,20.042649679360707,20.04195168621099,20.041190929364603,20.040392863451913,20.03957605139911
0.04704,20.000000062129008,20.000848969477506,20.0069621239961,20.01630318457291,20.024991239044624,20.03171778449489,20.036493681971493,20.039693581151454,20.041711248930937,20.042869282551912,20.043411231422176,20.04351522997623,20.043310050447563,20.04288852790656,20.042317686443365,20.041646073710773,20.04090898817607,20.04013218581622,20.03933450996516
0.047279999999999996,20.000000052058237,20.00079190869422,20.00666634310988,20.01579663776001,20.024379237458472,20.031076936452585,20.03586621883515,20.039099695705737,20.041158947699156,20.042360250128446,20.042944045664317,20.043087070873824,20.04291759112618,20.042528387724857,20.041986650670268,20.041341189368005,20.040627594940588,20.039871913757384,20.039093261285743
0.04751999999999999,20.00000004358064,20.000738427869596,20.00638175987418,20.01530344794001,20.023779317046746,20.030445973258388,20.03524653030046,20.038511832844613,20.040611289448282,20.04185479553883,20.042479619887974,20.04266104312231,20.042526777995132,20.042169517300955,20.04165659093996,20.041037050664603,20.040346765743877,20.0396120620362,20.038852318892022
0.04776,20.000000036450786,20.00068832102736,20.006108016199384,20.014823350169152,20.023191326594414,20.02982482127154,20.034634588486465,20.037929990103724,20.040068285195968,20.041352936483023,20.042017974652936,20.042237168021394,20.04213763194682,20.041811936529307,20.04132752587662,20.040733674862736,20.04006651649484,20.039352645270576,20.038611696199265
0.047999999999999994,20.000000030459958,20.00064139273957,20.00584476243446,20.014356081692995,20.022615114210314,20.02921340534186,20.03403036396041,20.037354163670134,20.039529944857605,20.040854689782,20.041559129824225,20.041815466322383,20.041750173439745,20.041455664959695,20.040999473829324,20.040431079003937,20.039786862924593,20.039093677934584,20.038371406505934
0.04824,20.00000002543085,20.00059745767371,20.005591657302826,20.013901382042928,20.022050527420323,20.028611648872594,20.033433825775983,20.03678434840466,20.03899627725903,20.040360071384672,20.0411031045756,20.041395958229675,20.041364422498877,20.04110072179693,20.04067245287138,20.040129279908257,20.03950782058557,20.038835174357523,20.03813146299278
0.048479999999999995,20.000000021212976,20.000556340153608,20.005348367831996,20.01345899312782,20.021497413258494,20.028019473882658,20.032844941511563,20.036220537864384,20.038467290149363,20.039869096374957,20.040649917393218,20.0409786634024,20.040980398716112,20.040747125900612,20.040346480799734,20.03982829417346,20.039229404850627,20.038577148723032,20.037891878721993
0.04871999999999999,20.000000017678744,20.000517873734072,20.00511456927731,20.013028659320774,20.020955618356194,20.02743680106825,20.032263677308425,20.035662724325302,20.037942990214077,20.039381778979063,20.040199586079456,20.04056360095619,20.040598121250806,20.040394895784996,20.040021575134418,20.039528138174294,20.038951630912216,20.038319615068243,20.03765266663634
0.04896,20.000000014720086,20.000481900789172,20.00488994504019,20.012610127541155,20.020424989029177,20.02686354986388,20.031689997908877,20.035110898805105,20.03742338308821,20.03889813257292,20.039752127756866,20.04015078946507,20.040217608830446,20.04004404961891,20.03969775311808,20.03922882806179,20.03867451378159,20.03806258728294,20.037413839558358
0.049199999999999994,20.000000012245554,20.000448272114074,20.004674186581184,20.0122031473319,20.019905371362615,20.026299638502685,20.03112386669431,20.03456505108607,20.03690847336978,20.0384181696898,20.03930755887228,20.03974024696343,20.039838879751372,20.039694605225765,20.03937503171556,20.03893037976261,20.038398068288046,20.037806079108773,20.03717541018956
0.04944,20.000000010177843,20.000416846540304,20.004466993328187,20.011807470932254,20.01939661129404,20.025744984076123,20.03056524572315,20.03402516973808,20.036398264633338,20.037941902028052,20.03886589520106,20.03933199094816,20.039461951879634,20.039346580083638,20.03905342761355,20.03863280897846,20.038122309078208,20.037550104138486,20.036937391109674
0.049679999999999995,20.00000000845166,20.000387490564275,20.004268072580192,20.01142285334595,20.01889855469426,20.0251995025929,20.03001409576869,20.03349124214171,20.03589275944368,20.037469340459065,20.038427151851476,20.038926038380893,20.03908684265192,20.038999991325426,20.038732957220265,20.03833613118553,20.037847250615343,20.037294675815193,20.036699794775902
0.04991999999999999,20.00000000701193,20.000360077988894,20.00407713940683,20.011049052404964,20.01841104744613,20.024663109037242,20.029470376356777,20.032963254511426,20.035391959369726,20.0370004950353,20.03799134326923,20.03852240569033,20.038713569076577,20.038654855739082,20.038413636665258,20.038040361634017,20.037572907178742,20.037039807431686,20.036462633522206
0.050159999999999996,20.000000005812222,20.000334489578098,20.0038939165441,20.01068582882892,20.017933935521288,20.024135717426347,20.02893404580337,20.032441191918814,20.034895864998507,20.03653537499855,20.0375584832421,20.03812110877471,20.038342147734742,20.038311189767924,20.038095481799193,20.037745515347645,20.03729929286309,20.036785512129747,20.036225919558614
0.05039999999999999,20.000000004813444,20.000310612724054,20.003718134286515,20.010332946280226,20.0174670650548,20.023617240867157,20.02840506125189,20.031925038315908,20.03440447594932,20.03607398878827,20.037128584904718,20.037722163004368,20.037972594781532,20.037969009511006,20.037778508193767,20.037451607123277,20.03702642157794,20.036531802899532,20.03598966497057
0.05064,20.000000003982713,20.00028834112685,20.003549530376045,20.009990171415044,20.017010282417683,20.02310759161227,20.027883378710392,20.03141477655855,20.03391779088795,20.035616344050087,20.03670166074348,20.03732558322442,20.03760492594735,20.037628330723575,20.03746273114164,20.037158651530564,20.036754307047165,20.03627869257895,20.035753881718296
0.050879999999999995,20.00000000329239,20.00026757448641,20.003387849888064,20.009657273930156,20.016563434287388,20.022606681115104,20.02736895308857,20.030910388429753,20.033435807541082,20.035162447644424,20.036277722601554,20.036931383757523,20.037239156539265,20.037289168817598,20.037148165656436,20.03686666291163,20.036482962808485,20.0360261938531,20.03551858163617
0.05112,20.00000000271927,20.000248218206373,20.003232845114677,20.00933402660588,20.01612636771616,20.022114420084225,20.026861738234473,20.030411854663146,20.032958522710743,20.03471230565527,20.03585678168405,20.036539578406774,20.036875301442485,20.036951538862358,20.03683482647279,20.03657565538081,20.036212402213025,20.03577431925373,20.035283776432145
0.051359999999999996,20.000000002243894,20.000230183109707,20.003084275445605,20.009020205345067,20.015698930197367,20.021630718536844,20.02636168697105,20.029919154966386,20.032485932288917,20.034265923399023,20.035438848563256,20.036150180458684,20.03651337512191,20.036615455585103,20.036522728046492,20.03628564282443,20.0359426384249,20.03552308115871,20.035049477687206
0.05159999999999999,20.00000000184996,20.000213385165765,20.002941907246967,20.008715589208308,20.015280969729695,20.021155485851484,20.025868751132403,20.029432268044573,20.032018031272198,20.03382330543352,20.03502393318402,20.035763202686258,20.036153391623763,20.036280933371803,20.036211884554636,20.035996638900663,20.035673684420853,20.03527249179158,20.03481569685481
0.05184,20.00000000152381,20.000197745228522,20.002805513738185,20.008419960445426,20.01487233487935,20.02068863081976,20.025382881599793,20.028951171623685,20.03155481377655,20.03338445556711,20.03461204486923,20.035378657352176,20.03579536457733,20.035947986267928,20.03590230989586,20.035708657039372,20.03540555298992,20.03502256322107,20.0345824452604
0.052079999999999994,20.00000000125403,20.000183188785677,20.002674874867246,20.008133104523413,20.014472874840163,20.02023006169731,20.02490402833737,20.028475842473963,20.031096273052153,20.032949376867887,20.0342031923254,20.034996556212064,20.035439307196732,20.035616627979344,20.035594017690627,20.03542171044206,20.03513825673314,20.0347733073607,20.034349734100907
0.05232,20.000000001031086,20.000169645718376,20.002549777184583,20.007854810150807,20.014082439491652,20.01977968625384,20.024432140427592,20.028006256433276,20.030642401498305,20.032518071672982,20.033797383648356,20.034616910517858,20.035085232282828,20.03528687187322,20.035287021281565,20.035135812081823,20.034871808063293,20.034524735968397,20.0341175744443
0.052559999999999996,20.000000000847017,20.000157050071227,20.0024300137158,20.007584869298686,20.013700879455097,20.01933741182227,20.02396716610636,20.02754238843044,20.03019319067839,20.03209054159799,20.033394626329034,20.034239731021263,20.03473315222517,20.034958730979053,20.034981333733867,20.034850974703378,20.03460621920468,20.034276860646113,20.03388597722914
0.05279999999999999,20.000000000695177,20.000145339832326,20.00231538383342,20.007323077218373,20.013328046147546,20.018903145346965,20.02350905279782,20.0270842125085,20.02974863133492,20.03166678754646,20.032994927259356,20.0338650279773,20.034383079004023,20.034632217989724,20.03467696783573,20.034567210823106,20.03434150219294,20.034029692839525,20.033654953264193
0.05304,20.000000000570047,20.000134456723003,20.002205693127948,20.007069232455905,20.01296379183387,20.018476793431077,20.023057747148854,20.026631701847926,20.029308713404586,20.031246809719473,20.032598292738214,20.033492811147926,20.0340350241925,20.034307345262626,20.034373936098856,20.034284532729167,20.034077668874918,20.033783243837725,20.033424513228034
0.053279999999999994,20.00000000046702,20.000124345996987,20.00210075327837,20.006823136863407,20.012607969676797,20.018058262382954,20.022613195063194,20.026184828789756,20.028873426033403,20.03083060762534,20.03220472847754,20.033123089805763,20.033688998958727,20.033984124820854,20.03407225075902,20.034002952481632,20.03381473090853,20.033537524772953,20.033194667668685
0.05352,20.000000000382265,20.000114956248648,20.0020003819223,20.006584595607457,20.012260433785027,20.017647458261603,20.022175341735224,20.02574356485866,20.028442757591858,20.030418180089328,20.03181423960846,20.032755872737884,20.0333450140681,20.03366256835448,20.033771923776655,20.033722481912687,20.033552699762712,20.033292546620363,20.032965427003294
0.053759999999999995,20.000000000312614,20.000106239230124,20.001904402526012,20.006353417174534,20.011921039259352,20.017244286921258,20.02174413168339,20.025307880785896,20.02801669569007,20.030009525263477,20.031426830687526,20.03239116824969,20.033003079885628,20.033342687221843,20.03347296683753,20.033443132626857,20.03329158671736,20.033048320197818,20.032736801517817
0.05399999999999999,20.000000000255422,20.000098149676898,20.001812644254453,20.006129413373657,20.01158964223689,20.01684865405496,20.02131950878325,20.024877746532173,20.027595227193032,20.02960464063651,20.031042505703038,20.032028984168868,20.03266320637832,20.033024492450934,20.033175391353435,20.03316491600128,20.033031402863344,20.0328048561657,20.03250880136673
0.05424,20.000000000208505,20.00009064514166,20.001724941841466,20.005912399336314,20.011266099933383,20.01646046523723,20.020901416300116,20.02445313131043,20.027178338235803,20.029203523043762,20.030661268081452,20.031669327849432,20.032325403117643,20.03270799474084,20.032879208462962,20.032887843186028,20.032772159102535,20.03256216502678,20.032281436572788
0.054479999999999994,20.000000000170054,20.000083685836092,20.001641135460336,20.00570219351377,20.010950270683683,20.01607962596576,20.020489796921343,20.024034003608463,20.026766014238742,20.0288061686772,20.030283120693838,20.031312206175798,20.03198967928207,20.032393204463215,20.0325844290323,20.032611925104458,20.03251386614786,20.032320257126077,20.03205471702677
0.05472,20.00000000013857,20.000077234480276,20.00156107059485,20.00549861767185,20.010642013980277,20.015706041702185,20.020084592788177,20.02362033121144,20.026358239922747,20.0284125730955,20.02990806586241,20.03095762556699,20.031656043659666,20.032080131663854,20.032291063656086,20.03233717245362,20.032256534523423,20.032079142650794,20.031828652487278
0.054959999999999995,20.000000000112813,20.000071256159497,20.001484597910977,20.005301496883327,20.010341190510093,20.015339617911884,20.019685745527212,20.0232120812243,20.025954999324473,20.02802273123414,20.029536105367175,20.03060559198086,20.031324504650748,20.03176878606428,20.031999122658316,20.032063595704688,20.032000174564626,20.03183883163023,20.031603252580542
0.05519999999999999,20.00000000009176,20.000065718188146,20.00141157312935,20.005110659517936,20.010047662189415,20.014980260102814,20.019293196281424,20.022809220093997,20.02555627581156,20.027636637415583,20.029167240452548,20.03025611091841,20.030995070270617,20.03145917706341,20.0317086160933,20.03179120510345,20.03174479641834,20.031599333935752,20.031378526800264
0.055439999999999996,20.000000000074568,20.000060589980404,20.001341856898584,20.0049259372302,20.009761292197066,20.014627873863404,20.018906885740783,20.022411713631577,20.02516205209782,20.02725428535946,20.028801471834143,20.029909187428164,20.03066774815234,20.031151313739276,20.03141955374665,20.031520010670814,20.031490410043116,20.031360659280804,20.031154484507475
0.05567999999999999,20.000000000060545,20.00005584292748,20.00127531466967,20.004747164945098,20.009481945005827,20.014282364899486,20.018526754172406,20.022019527034143,20.02477231025843,20.026875668192826,20.02843879970553,20.029564826110615,20.03034254554958,20.030845204850777,20.031131945136334,20.03125002220338,20.031237025209403,20.031122817220922,20.03093113493042
0.05592,20.000000000049113,20.000051450281155,20.00121181657147,20.004574180841676,20.009209486412125,20.013943639070263,20.01815274145031,20.021632624906612,20.02438703174507,20.026500778460417,20.0280792237451,20.029223031122715,20.030019469339514,20.030540858839515,20.030845799513752,20.03098124927403,20.030984651499843,20.03088581715377,20.030708487164464
0.056159999999999995,20.000000000039805,20.00004738704333,20.001151237287427,20.004406826334723,20.008943783564042,20.013611602423328,20.017784787084686,20.02125097128333,20.024006197401057,20.02612960813496,20.027722743122958,20.028883806182435,20.029698526025786,20.030238283831657,20.03056112586488,20.030713701232568,20.030733298309546,20.030649668319235,20.030486550172014
0.05639999999999999,20.00000000003223,20.000043629861334,20.001093455933628,20.004244946054577,20.008684704987633,20.013286161228727,20.017422830250723,20.0208745296495,20.02362978747641,20.025762148627493,20.02736935650789,20.028547154573378,20.02937972174151,20.029937487639852,20.03027793291145,20.030447387206394,20.03048297484644,20.030414379799534,20.03026533278249
0.056639999999999996,20.000000000026073,20.00004015692879,20.001038355938263,20.00408838782512,20.008432120611634,20.012967222012072,20.017066809816974,20.02050326296243,20.023257781642883,20.02539839079771,20.027019062074338,20.02821307914945,20.029063062252355,20.029638477765207,20.029996229112154,20.030182316101204,20.030233690131624,20.03017996051933,20.030044843692288
0.05687999999999999,20.000000000021075,20.000036947891747,20.000985824922598,20.00393700264015,20.00818590179054,20.012654691586697,20.01671666437329,20.02013713367258,20.022890159008956,20.025038324964317,20.026671857509452,20.02788158233958,20.028748552959637,20.029341261399303,20.02971602266393,20.029918496601756,20.02998545299978,20.029946419245903,20.029825091464783
0.05712,20.00000000001702,20.00003398375988,20.000935754583516,20.00379064463808,20.00794592132613,20.012348477084874,20.016372332258218,20.019776103744427,20.022526898134757,20.024681940915404,20.02632774002017,20.02755266615249,20.028436198903513,20.029045845426253,20.029437321503245,20.02965593717264,20.029738272099596,20.02971376458933,20.029606084530354
0.057359999999999994,20.00000000001373,20.000031246822513,20.000888040577706,20.003649171075164,20.007712053487428,20.012048485988103,20.01603375158598,20.019420134677116,20.022167977046937,20.024329227918816,20.02598670634034,20.027226332181513,20.028126004766186,20.028752236424815,20.029160133307457,20.02939464605911,20.02949215589421,20.029482005002706,20.029387831186412
0.0576,20.00000000001107,20.000028720569247,20.000842582407557,20.003512442297268,20.00748417402916,20.011754626156435,20.015700860272965,20.01906918752491,20.02181337325346,20.023980174732557,20.025648752737872,20.02690258160946,20.02781797487516,20.028460440670553,20.02888446549619,20.02913463128792,20.02924711266172,20.029251148782368,20.02917033959749
0.057839999999999996,20.000000000008914,20.000026389615023,20.000799283308837,20.003380321710278,20.007262160208736,20.011466805856884,20.015373596063714,20.018723222917426,20.02146306375833,20.023634769615146,20.025313875021908,20.02658141521352,20.027512113206576,20.028170464138025,20.028610325232766,20.02887590066823,20.029003150495694,20.02902120406817,20.028953617795317
0.05807999999999999,20.000000000007173,20.000024239629315,20.000758050140174,20.003252675749266,20.007045890801766,20.011184933790926,20.01505189655645,20.018382201079646,20.021117025076265,20.023293000336015,20.02498206855006,20.02626283337022,20.027208423388544,20.027882312503024,20.02833771942566,20.028618461792526,20.028760277305707,20.028792178843762,20.02873767367893
0.05832,20.000000000005766,20.00002225726939,20.000718793274434,20.003129373846413,20.006835246116182,20.010908919121047,20.014735699228094,20.018046081851715,20.02077523324725,20.022954854185855,20.024653328235633,20.02594683606042,20.026906908704554,20.02759599114487,20.02806665473002,20.028362322037577,20.028518500817945,20.02856408093692,20.028522515014807
0.058559999999999994,20.000000000004633,20.000020430117306,20.000681426491962,20.00301028839784,20.00663010800496,20.010638671496412,20.014424941458813,20.01771482470849,20.020437663851034,20.022620317987002,20.024327648554895,20.025633422874314,20.026607572096914,20.02731150514872,20.027797137549175,20.02810748856542,20.0282778285758,20.02833691801988,20.028308149437017
0.0588,20.000000000003716,20.00001874662059,20.00064586687583,20.00289529472939,20.006430359877495,20.010374101077606,20.014119560556058,20.017388388778883,20.02010429202153,20.02228937810376,20.024005023554352,20.02532259301652,20.026310416170222,20.02702885930794,20.027529174036253,20.0278539683244,20.02803826794049,20.028110697609673,20.028094584447402
0.059039999999999995,20.00000000000298,20.000017196036303,20.000612034709025,20.00278427106143,20.006235886709653,20.01011511856049,20.01381949377812,20.01706673286494,20.019775092461114,20.021962020452733,20.02368544685806,20.025014345311156,20.026015443194897,20.026748058126504,20.02726277009575,20.0276017680502,20.027799826091755,20.027885427068572,20.02788182741576
0.05927999999999999,20.000000000002387,20.000015768378407,20.000579853373658,20.002677098472738,20.006046575052572,20.009861635199165,20.01352467835717,20.016749815460688,20.01945003945484,20.021638230513126,20.023368911674936,20.024708678206988,20.025722655110734,20.026469105821423,20.026997931385203,20.02735089426695,20.027562510028513,20.027661113604452,20.027669885580078
0.059519999999999997,20.00000000000191,20.000014454368216,20.000549249252195,20.0025736608636,20.005862313040154,20.00961356282808,20.013235051521836,20.016437594770743,20.01912910688453,20.02131799333701,20.023055410806077,20.02440558978257,20.025432053530473,20.026192006325232,20.02673466331686,20.027101353288327,20.027326326569607,20.02743776427125,20.027458766046752
0.059759999999999994,20.000000000001528,20.000013245387812,20.00052015163076,20.002473844918075,20.005682990395396,20.00937081388321,20.012950550519232,20.016130028728664,20.01881226824279,20.02100129355959,20.022744936652117,20.024105077751436,20.02514363974346,20.02591676328849,20.0264729710594,20.026853151218724,20.02709128235454,20.027215385969427,20.02724847579086
0.06,20.000000000001222,20.000012133436233,20.000492492604465,20.002377540065638,20.00550849843551,20.009133301422455,20.012671112636546,20.015827075015036,20.01849949664688,20.020688115409392,20.022437481220553,20.02380713946731,20.024857414719285,20.025643380082318,20.026212859539665,20.026606293954398,20.026857383844245,20.02699398544644,20.02703902165642
0.060239999999999995,20.000000000000973,20.00001111108832,20.000466206984864,20.002284638442113,20.00533873007589,20.00890093914513,20.012396675222075,20.01552869107533,20.018190764852495,20.020378442718467,20.02213303613311,20.02351177192933,20.024573379111466,20.025371859801,20.025954333444457,20.02636078718471,20.026624637321884,20.026773569297255,20.02683041035672
0.06047999999999999,20.000000000000778,20.00001017145606,20.000441232209425,20.002195034850086,20.005173579832995,20.008673641410617,20.01212717570581,20.01523483413747,20.017886045267428,20.02007225893252,20.02183159263308,20.02321897178733,20.024291533261188,20.02510220526457,20.025697397222338,20.026116636393336,20.02639304889368,20.026554143964884,20.026622648474586
0.060719999999999996,20.000000000000618,20.00000930815232,20.00041750825316,20.002108626718776,20.00501294382608,20.00845132325624,20.01186255161948,20.014945461229164,20.017585309965096,20.019769547120998,20.021533141592684,20.022928735347087,20.024011877201033,20.02483441902145,20.025442055085463,20.025873846859543,20.026162624489753,20.026335715740917,20.026415742462774
0.06095999999999999,20.000000000000494,20.000008515256784,20.000394977542285,20.002025314063467,20.00485671977797,20.008233900414258,20.011602740616134,20.014660529194945,20.017288530697957,20.01947028998716,20.02123767352042,20.022641058575637,20.023734410658783,20.02456850335113,20.02518831101147,20.02563242365947,20.025933369865015,20.026118290766117,20.026209698644287
0.0612,20.00000000000039,20.00000778728407,20.000373584869973,20.001944999444525,20.00470480701473,20.008021289328084,20.011347680489187,20.014379994712964,20.01699567891079,20.019174469878077,20.020945178568397,20.02235593710657,20.023459133061188,20.024304460266876,20.02493616874534,20.025392371667458,20.02570529060004,20.025901875030996,20.026004523212762
0.061439999999999995,20.000000000000313,20.000007119153796,20.000353277314208,20.001867587926085,20.004557106464404,20.007813407167717,20.01109730919103,20.014103814311508,20.016706725753842,20.01888206879458,20.02065564653968,20.022073366245365,20.023186043537812,20.024042291518434,20.024685631801383,20.025153695557393,20.025478392102016,20.02568647437645,20.025800222232874
0.06167999999999999,20.00000000000025,20.00000650616257,20.00033400415769,20.00179298703443,20.004413520654794,20.007610171844345,20.01085156485107,20.01383194438522,20.016421642095864,20.018593068401156,20.020369066895615,20.021793340974728,20.022915140924887,20.0237819985948,20.02443670346512,20.024916399804066,20.025252679605675,20.02547209449438,20.02559680164073
0.061919999999999996,20.000000000000195,20.000005943957756,20.000315716809784,20.001721106716165,20.004273953710292,20.007411502024247,20.010610385793342,20.013564341211097,20.016140398536972,20.018307450035813,20.02008542876314,20.021515855959922,20.02264642376917,20.02352358272699,20.024189386795324,20.024680488684584,20.025028158174262,20.02525874092836,20.025394267244316
0.06215999999999999,20.000000000000156,20.000005428512907,20.000298368730544,20.00165185929614,20.004138311347855,20.007217317141862,20.010373710553605,20.013300960964163,20.015862965421405,20.018025194719847,20.019804720942087,20.021240905554155,20.022379890331848,20.02326704489086,20.02394368462599,20.024445966279774,20.024804832700536,20.02504641907432,20.025192624723942
0.0624,20.000000000000124,20.000004956104824,20.000281915356734,20.001585159435294,20.004006500872112,20.007027537412156,20.010141477895953,20.01304175973287,20.015589312850118,20.017746283167565,20.019526931912463,20.020968483803916,20.02211553859243,20.023012385809913,20.023699599568378,20.024212836475645,20.024582707907783,20.024835134181235,20.024991879632704
0.06264,20.000000000000096,20.000004523292073,20.00026631402987,20.00152092408836,20.00387843116965,20.006842083842255,20.00991362682893,20.012786693534263,20.015319410693234,20.01747069579595,20.019252049841715,20.020698584454365,20.0218533662527,20.022759605958168,20.02345713401307,20.023981102964843,20.02436178835085,20.024624891351852,20.024792037396974
0.06287999999999999,20.000000000000078,20.00000412689492,20.000251523926263,20.00145907246153,20.003754012702508,20.00666087824232,20.00969009662119,20.01253571832879,20.01505322860236,20.017198412734253,20.018980062591964,20.020431200954686,20.021593370740632,20.022508705563023,20.02321629013204,20.023750769248153,20.024142078417203,20.024415695543418,20.024593103316906
0.06312,20.00000000000006,20.000003763976586,20.000237505989,20.001399525970086,20.003633157500893,20.00648384323576,20.009470826816642,20.01228879003492,20.014790736022732,20.016929413833505,20.018710957727247,20.02016632646349,20.021335549214385,20.02225968460816,20.022977069880767,20.023521838636004,20.02392358232801,20.024207551568463,20.024395082566944
0.06336,20.000000000000046,20.000003431825778,20.000224222861902,20.00134220819611,20.003515779155205,20.006310902268712,20.009255757249175,20.012045864543385,20.014531902205245,20.016663678675982,20.01844472252068,20.019903953854158,20.02107989856624,20.022012542836446,20.022739475000343,20.02329431425001,20.02370630413924,20.024000464095543,20.024197980196366
0.06359999999999999,20.00000000000004,20.000003127940346,20.00021163882537,20.0012870448462,20.003401792807303,20.00614197961886,20.009044828056822,20.01180689773121,20.014276696218275,20.01640118658457,20.01818134396165,20.019644075720255,20.020826415426605,20.02176727975287,20.02250350701963,20.023068199024525,20.023490247742778,20.023794437650064,20.02400180112985
0.06384,20.00000000000003,20.000002850012045,20.00019971973414,20.00123396370933,20.003291115141153,20.005977000403572,20.008837979695564,20.011571845475427,20.014025086959396,20.016141916632073,20.017920808762945,20.019386684380855,20.020575096168013,20.0215238946275,20.022269167257424,20.022843495708223,20.02327541686758,20.023589476615076,20.023806550168008
0.06408,20.000000000000025,20.000002595912374,20.000188432956893,20.001182894614825,20.003183664372802,20.005815890587403,20.008635152952564,20.011340663666505,20.01377704316691,20.015885847650427,20.01766310336785,20.019131771885956,20.020325936909124,20.021282386498438,20.022036456824633,20.022620206865696,20.023061815080816,20.023385585232123,20.023612231988015
0.06431999999999999,20.000000000000018,20.00000236367933,20.000177747317714,20.001133769390535,20.00307936023976,20.005658576988914,20.00843628895902,20.0111133082215,20.013532533431228,20.01563295823984,20.01740821395723,20.0188793300218,20.02007893351873,20.021042754174818,20.021805376626478,20.022398334879064,20.022849445789056,20.023182767602076,20.02341885114418
0.06455999999999999,20.000000000000014,20.00000215150508,20.000167633039325,20.001086521821172,20.00297812398976,20.00550498728692,20.00824132920253,20.010889735096928,20.013291526206075,20.01538322677787,20.017156126456566,20.018629350316253,20.019834081619788,20.020804996239793,20.02157592736473,20.022177881949624,20.02263831223946,20.022981027686,20.02322641206857
0.0648,20.00000000000001,20.000001957724532,20.00015806168812,20.00104108760694,20.002879878369015,20.005355050026072,20.008050215538983,20.010669900301338,20.01305398981956,20.015136631428373,20.016906826542968,20.01838182404414,20.019591376593446,20.020569111053547,20.02134810953993,20.021958850099494,20.022428417521013,20.02278036930606,20.023034919071662
0.06504,20.000000000000007,20.000001780804624,20.00014900612093,20.00099740432236,20.00278454760991,20.005208694621874,20.007862890204052,20.010453759907605,20.01281989248506,20.014893150150403,20.016660299652113,20.018136742232578,20.019350813583085,20.02033509675632,20.021121923453652,20.021741241173295,20.02221976456573,20.022580796146375,20.022844376342963
0.06527999999999999,20.000000000000007,20.000001619334427,20.000140440433494,20.000955411375447,20.00269205741819,20.005065851365092,20.007679295824207,20.010241270064952,20.012589202311936,20.014652760707015,20.016416530985182,20.017894095666293,20.01911238749833,20.02010295127146,20.020897369210783,20.021525056839835,20.022012356149922,20.022382311753994,20.022654787951684
0.06552,20.000000000000007,20.000001472015914,20.000132339910603,20.000915049967173,20.002602334959708,20.00492645142561,20.00749937542731,20.01003238701068,20.01236188731611,20.014415440673982,20.016175505515744,20.017653874892947,20.018876093019113,20.019872672308455,20.0206744467218,20.02131029859381,20.021806194895465,20.02218491953978,20.022466157847425
0.06576,20.000000000000004,20.000001337655387,20.00012468097789,20.000876263051268,20.002515308846668,20.004790426855706,20.007323072452763,20.009827067081588,20.012137915430426,20.014181167448392,20.015937207996593,20.017416070228407,20.018641924599716,20.01964425736599,20.02045315570507,20.021096967757543,20.021601283271075,20.021988622779368,20.022278489860863
0.06599999999999999,20.000000000000004,20.00000121515551,20.00011744115522,20.000838995294398,20.0024309091235,20.00465771059279,20.007150330761235,20.00962526672518,20.011917254514895,20.0139499182572,20.01570162296653,20.017180671762038,20.018409876472788,20.019417703735023,20.02023349568918,20.020885065482716,20.021397623593604,20.02179342461415,20.022091787704454
0.06624,20.000000000000004,20.000001103507934,20.00011059901166,20.000803193036738,20.00234906725231,20.004528236461642,20.006981094643987,20.009426942510515,20.011699872366734,20.013721670165644,20.015468734757125,20.016947669361954,20.018179942653408,20.01919300850187,20.02001546601525,20.02067459275212,20.021195218029362,20.021599328052226,20.021906054973147
0.06648,20.000000000000004,20.00000100178642,20.000104134121976,20.00076880425291,20.00226971609795,20.004401939176066,20.00681530883173,20.00923205113882,20.01148573673025,20.01349640008559,20.015238527499395,20.016717052680267,20.017952116943118,20.018970168551267,20.019799065839273,20.020465550381417,20.020994068595446,20.02140633596941,20.021721295145145
0.06671999999999999,20.0,20.000000909140503,20.000098027024638,20.0007357785134,20.002192789912748,20.004278754340113,20.006652918503146,20.009040549453818,20.011274815306546,20.013274084783767,20.01501098513047,20.016488811158297,20.017726392933948,20.01874918056948,20.01958429413449,20.020257939020944,20.020794177161072,20.021214451110236,20.02153751158261
0.06695999999999999,20.0,20.000000824789563,20.00009225918128,20.000704066946376,20.002118224320927,20.004158618448777,20.006493869292925,20.00885239445176,20.011067075763055,20.013054700889903,20.014786091400182,20.016262934031772,20.01750276401246,20.018530041047384,20.019371149693725,20.02005175915749,20.020595545448955,20.021023676088966,20.021354707532467
0.0672,20.0,20.000000748017396,20.000086812937607,20.000673622199983,20.00204595630268,20.0040414688882,20.00633810729947,20.008667543291224,20.010862485742905,20.01283822490478,20.01456382987761,20.016039410336013,20.017281223363767,20.018312746283588,20.01915963113178,20.019847011116116,20.020398175036657,20.02083401339064,20.021172886127143
0.06744,20.0,20.000000678167122,20.00008167148567,20.00064439840511,20.001975924178005,20.003927243935472,20.006185579092158,20.008485953302586,20.010661012874117,20.012624633208162,20.014344183957576,20.015818228911073,20.01706176397556,20.018097292387516,20.018949736887805,20.019643695061966,20.02020206735798,20.02064546537212,20.02099205038537
0.06767999999999999,20.0,20.000000614636523,20.000076818827544,20.000616351138646,20.00190806759026,20.00381588275792,20.006036231718255,20.008307581997244,20.0104626247786,20.01241390206663,20.014127136867064,20.01559937840687,20.0168443786421,20.01788367528253,20.018741465227706,20.019441811002107,20.02000722370438,20.02045803426314,20.020812203212973
0.06792,20.0,20.000000556873687,20.00007223974027,20.000589437387223,20.00184232748948,20.003707325411995,20.005890012709422,20.00813238707659,20.01026728908103,20.012206007641336,20.01391267167163,20.015382847288283,20.016629059968256,20.017671890709032,20.018534814246525,20.01924135878737,20.01981364522634,20.020271722167386,20.020633347403695
0.06816,20.0,20.00000050437301,20.00006791974214,20.000563615511492,20.001778646115497,20.003601512841744,20.005746870087854,20.007960326440678,20.010074973417478,20.0120009259956,20.013700771281695,20.015168623840232,20.016415800373466,20.017461934227587,20.01832978187087,20.019042338114204,20.019621332934836,20.020086531063583,20.020455485639996
0.06839999999999999,20.0,20.000000456671483,20.000063845060204,20.000538845210908,20.00171696698082,20.00349838687685,20.00560675237205,20.00779135819664,20.00988564544394,20.011798633102472,20.013491418458823,20.0149566961727,20.016204592095733,20.017253801222026,20.01812636586132,20.018844748526554,20.019430287702733,20.01990246280658,20.020278620493904
0.06863999999999999,20.0,20.000000413345266,20.000060002599003,20.000515087489056,20.00165723485339,20.003397890230303,20.005469608582235,20.007625440666846,20.009699272844635,20.011599104852124,20.013284595821926,20.01474705222577,20.01599542719561,20.01704748690257,20.017924563814844,20.018648589417715,20.01924051026626,20.019719519128472,20.020102754427853
0.06888,20.0,20.000000374006518,20.00005637991049,20.000492304619506,20.001599395739145,20.00329996649566,20.005335388245403,20.007462532396783,20.009515823340163,20.011402317059176,20.013080285853395,20.014539679774597,20.015788297560146,20.016842986308923,20.017724373167233,20.018453860032228,20.019052001226445,20.019537701639717,20.01992788979554
0.06911999999999999,20.0,20.00000033830048,20.000052965165096,20.000470460112222,20.001543396864452,20.003204560143978,20.005204041400017,20.007302592162684,20.009335264695476,20.011208245469888,20.012878470905193,20.01433456643435,20.015583194906842,20.016640294313405,20.01752579119554,20.018260559467766,20.018864761050583,20.019357011830245,20.01975402884278
0.06935999999999999,20.0,20.000000305902763,20.00004974712392,20.000449518680533,20.00148918665841,20.003111616520336,20.00507551860038,20.0071455789789,20.009157564727673,20.011016865769268,20.01267913320487,20.014131699665146,20.015380110787568,20.016439405624045,20.017328815020488,20.018068686677047,20.018678790073725,20.019177451070636,20.0195811737084
0.0696,20.0,20.000000276516875,20.000046715112,20.00042944620866,20.001436714735068,20.00302108184007,20.00494977092065,20.00699145210501,20.008982691313626,20.01082815358806,20.01248225486151,20.013931066776912,20.015179036592507,20.016240314787687,20.017133441608955,20.01787824046973,20.018494088500148,20.018999020613233,20.01940932642511
0.06984,20.0,20.000000249871917,20.000043858992615,20.000410209719796,20.001385931875546,20.002932903184647,20.004826749958553,20.006840171052676,20.008810612397447,20.010642084509605,20.01228781787163,20.013732654934252,20.014979963554033,20.016043016193095,20.016939667776377,20.017689219514327,20.01831065640485,20.01882172159333,20.0192384889204
0.07007999999999999,20.0,20.00000022572046,20.000041169142644,20.00039177734478,20.001336790010075,20.00284702849723,20.004706407838732,20.00669169559227,20.008641295997748,20.010458634076628,20.012095804125,20.01353645116124,20.01478288275062,20.015847504074042,20.01674749018921,20.017501622340134,20.018128493735073,20.018645555030318,20.019068663017467
0.07032,20.0,20.000000203836613,20.000038636428872,20.00037411829132,20.0012892422,20.002763406577916,20.004588697215816,20.00654598575921,20.008474710214763,20.010277777797885,20.011906195410393,20.01334244234622,20.014587785110677,20.015653772512408,20.016556905367388,20.017315447339165,20.01794760031179,20.018470521828892,20.0188998504361
0.07056,20.0,20.000000184014212,20.00003625218528,20.00035720281381,20.001243242619733,20.00268198707874,20.00447357127716,20.0064030018601,20.008310823237288,20.01009949115471,20.011718973421292,20.013150615246516,20.014394661416443,20.015461815441267,20.016367909686746,20.017130692768063,20.017767975831223,20.018296622780216,20.01873205279361
0.07079999999999999,20.0,20.000000166065167,20.000034008191236,20.00034100218371,20.001198746538684,20.00260272049833,20.004360983745297,20.006262704478587,20.00814960334944,20.00992374960745,20.011534119761492,20.012960956493153,20.014203502307776,20.015271626647944,20.016180499381502,20.01694735675005,20.0175896198664,20.018123858563122,20.018565271605784
0.07103999999999999,20.0,20.00000014981795,20.0000318966506,20.000325488660504,20.001155710303184,20.002525558176323,20.00425088888007,20.006125054480997,20.00799101893726,20.009750528601796,20.01135161595067,20.012773452595503,20.01401429828599,20.01508319977711,20.01599467054667,20.016765437276888,20.01741253186865,20.017952229745326,20.01839950828781
0.07128,20.0,20.000000135116192,20.000029910171683,20.000310635463254,20.0011140913184,20.002450452287537,20.004143241480495,20.00599001302174,20.007835038495138,20.009579803574997,20.01117144342986,20.012588089945908,20.013827039717626,20.014896528333825,20.015810419140553,20.016584932210787,20.01723671116917,20.017781736784634,20.01823476415522
0.07152,20.0,20.00000012181739,20.00002804174804,20.000296416742703,20.001073848030284,20.002377355835876,20.004037996886343,20.005857541548473,20.007681630632074,20.009411549961936,20.01099358356687,20.01240485482427,20.01364171683824,20.014711605686607,20.015627740987146,20.016405839286392,20.017062156980554,20.017612380030165,20.01807104042486
0.07175999999999999,20.0,20.00000010979174,20.00002628474006,20.000282807553987,20.001034939907548,20.002306222648,20.00393511097941,20.005727601807028,20.00753076407778,20.009245743201152,20.010818017661627,20.012223733402564,20.013458319756143,20.014528425070452,20.015446631778616,20.016228156112714,20.016888868398365,20.017444159723567,20.017908338215857
0.072,20.0,20.000000098921028,20.00002463285737,20.00026978382989,20.000997327423658,20.002237007366794,20.003834540184577,20.00560015584612,20.007382407688596,20.0090823587407,20.010644726951448,20.012044711749358,20.01327683845611,20.01434697958989,20.015267087077724,20.016051880175098,20.01671684440267,20.017277076000262,20.017746658550582
0.07224,20.0,20.000000089097657,20.00002308014196,20.00025732235469,20.00096097203891,20.002169665444598,20.00373624147055,20.00547516602183,20.00723653045326,20.008921372043897,20.010473692616237,20.011867775834254,20.0130972628031,20.014167262222003,20.015089102320292,20.01587700883718,20.016546083859613,20.017111128890686,20.01758600235563
0.07247999999999999,20.0,20.000000080223714,20.000021620952026,20.000245400738574,20.000925836182564,20.002104153136248,20.00364017235037,20.005352595001874,20.00709310149849,20.008762758595022,20.010304895783623,20.011692911532297,20.012919582545926,20.01398926581941,20.01491267281761,20.015703539342837,20.016376585522984,20.016946318321537,20.01742637046281
0.07271999999999999,20.0,20.00000007221014,20.00002024994654,20.000233997392634,20.000891883235035,20.002040427491938,20.00354629088168,20.005232405769622,20.00695209009445,20.008606493904804,20.010138317534004,20.011520104628328,20.012743787320897,20.01381298311331,20.014737793758894,20.01553146881816,20.016208348035796,20.016782644117022,20.017267763610153
0.07296,20.0,20.00000006497595,20.000018962070474,20.00022309150438,20.00085907751019,20.00197844634986,20.00345455566673,20.005114561627952,20.00681346566,20.008452553515887,20.009973938905546,20.011349340821326,20.012569866655454,20.01363840671642,20.01456446021371,20.01536079427342,20.01604136993184,20.01662010600011,20.01711018244288
0.07319999999999999,20.0,20.000000058447547,20.000017752540682,20.000212663013865,20.00082738423773,20.001918168328725,20.00336492585215,20.004999026202864,20.006677197767804,20.008300913008124,20.009811740899075,20.01118060572866,20.01239780997176,20.013465529125988,20.014392667134388,20.01519151260501,20.015875649637287,20.01645870359382,20.016953627514447
0.07343999999999999,20.0,20.00000005255805,20.000016616832404,20.000202692590346,20.000796769545698,20.0018595528201,20.00327736112851,20.00488576344687,20.006543256149307,20.0081515480038,20.009651704482927,20.01101388489034,20.012227606590283,20.01329434272672,20.014222409358467,20.015023620597432,20.015711185472256,20.01629843642246,20.016798099287517
0.07368,20.0,20.000000047246715,20.00001555066637,20.000193161609477,20.000767200443043,20.001802559980575,20.003191821729633,20.004774737642226,20.006411610699516,20.008004434172705,20.009493810597696,20.010849163773162,20.01205924573333,20.01312483979375,20.014053681611077,20.01485711492525,20.015547975652407,20.01613930391292,20.016643598135005
0.07392,20.0,20.00000004245839,20.00001454999648,20.00018405213108,20.000738644802393,20.001747150723826,20.0031082684317,20.004665913403915,20.006282231481645,20.007859547237135,20.009338040160944,20.010686427774882,20.01189271652857,20.012957012495548,20.013886478507377,20.014691992155036,20.01538601829052,20.015981305395947,20.0164901243411
0.07415999999999999,20.0,20.00000003814302,20.000013610998057,20.000175346877427,20.000711071342874,20.00169328671251,20.00302666255214,20.004559255682466,20.0061550887316,20.007716862976753,20.009184374071786,20.010525662228275,20.01172800801253,20.012790852896845,20.013720794554924,20.014528248747357,20.01522531139809,20.015824440107416,20.01633767810228
0.0744,20.0,20.000000034255194,20.000012730056604,20.00016702921207,20.000684449613118,20.00164093035007,20.00294696594834,20.004454729766554,20.006030152862305,20.007576357233358,20.009032793215447,20.01036685240518,20.01156510913403,20.01262635296153,20.013556624156095,20.014365881058712,20.015065852886924,20.01566870718963,20.016186259528347
0.07464,20.0,20.000000030753725,20.000011903757112,20.000159083119204,20.000658749974413,20.001590044772403,20.002869141016102,20.004352301285444,20.005907394467897,20.007438005915525,20.008883278467728,20.010209983520493,20.011404008757633,20.012463504555523,20.01339396161046,20.0142048853435,20.014907640570716,20.0155141056926,20.01603586864348
0.07487999999999999,20.0,20.000000027601267,20.000011128873837,20.00015149318353,20.00063394358397,20.001540593839433,20.00279315068798,20.0042519362112,20.005786784327736,20.007301785003154,20.008735810699374,20.010055040736113,20.011244695667052,20.012302299449658,20.013232801117155,20.01404525775596,20.014750672166656,20.01536063457534,20.01588650538726
0.07511999999999999,20.0,20.00000002476398,20.00001040236054,20.00014424457066,20.000610002378394,20.00149254212658,20.002718958431366,20.00415360086075,20.005668293410306,20.0071676705519,20.00859037078041,20.009902009164815,20.01108715856849,20.012142729322505,20.01307313677726,20.013886994352145,20.014594945297024,20.015208292707165,20.015738169615727
0.07536,20.0,20.000000022211207,20.000009721341243,20.00013732300799,20.000586899057286,20.001445854916152,20.002646528246437,20.004057261897763,20.00555189287694,20.007035638697513,20.00844693958437,20.009750873874115,20.01093138609401,20.01198478576321,20.01291496259614,20.013730091091837,20.014440457490775,20.015057078868974,20.015590861102414
0.07559999999999999,20.0,20.000000019915184,20.000009083101325,20.00013071476613,20.00056460706703,20.00140049818865,20.002575824663914,20.003962886334328,20.00543755408541,20.006905665660025,20.008305497992456,20.00960161989004,20.01077736680482,20.011828460274316,20.01275827248582,20.01357454384052,20.014287206185134,20.01490699175458,20.01544457953943
0.07583999999999999,20.0,20.000000017850773,20.000008485079135,20.00012440664077,20.000543100584746,20.001356438613993,20.002506812742645,20.003870441532484,20.005325248593376,20.006777727747885,20.00816602689763,20.009454232200902,20.01062508919456,20.011673744274532,20.01260306026731,20.013420348371294,20.014135188727202,20.014758029971972,20.015299324538482
0.07608,20.0,20.000000015995226,20.000007924857936,20.00011838593507,20.000522354502447,20.001313643542698,20.002439458067055,20.00377989520558,20.005214948161687,20.006651801361947,20.00802850720863,20.009308695760947,20.01047454169253,20.011520629101522,20.012449319672932,20.013267500366837,20.01398440237554,20.01461019204466,20.015155095631965
0.07632,20.0,20.000000014327966,20.000007400158264,20.000112640442506,20.000502344411334,20.00127208099699,20.002373726744402,20.003691215419444,20.005106624757552,20.006527862999377,20.007892919853898,20.009164995494032,20.01032571266693,20.01136910601465,20.012297044348646,20.0131159954213,20.013834844301766,20.014463476412953,20.015011892274007
0.07655999999999999,20.0,20.00000001283038,20.00000690883066,20.0001071584302,20.000483046586336,20.001231719661853,20.002309585401914,20.00360437059343,20.005000250557554,20.006405889257437,20.007759245785454,20.009023116297197,20.010178590428005,20.011219166197723,20.012146227856345,20.012965829042265,20.013686511592134,20.014317881435264,20.01486971384154
0.0768,20.0,20.000000011485653,20.000006448848733,20.0001019286227,20.000464437970802,20.00119252887607,20.002247001183772,20.003519329501255,20.004895797950553,20.006285856837177,20.007627465982672,20.008883043044214,20.01003316323121,20.011070800761683,20.011996863676163,20.012816996652646,20.013539401249137,20.014173405389442,20.01472855963538
0.07704,20.0,20.000000010278576,20.00000601830259,20.000096940186232,20.00044649616141,20.001154478623185,20.002185941747936,20.00343606127174,20.004793239540444,20.006167742547017,20.007497561456002,20.008744760589067,20.00988941928031,20.01092400074731,20.01184894520876,20.012669493592597,20.013393510193094,20.01403004647405,20.014588428881268
0.07727999999999999,20.0,20.00000000919542,20.000005615392546,20.000092182713374,20.000429199393256,20.00111753952248,20.002126375262883,20.00335453538935,20.004692548148757,20.00605152330622,20.007369513250605,20.00860825376939,20.009747346730453,20.01077875712789,20.011702465777574,20.012523315121435,20.01324883526373,20.0138878028097,20.01444932073097
0.07751999999999999,20.0,20.000000008223783,20.0000052384232,20.000087646208183,20.000412526525185,20.001081682819876,20.002068270404155,20.003274721694606,20.004593696817178,20.00593717614828,20.00724330244991,20.00847350740985,20.009606933691238,20.01063506081187,20.0115574186311,20.01237845641953,20.013105373221755,20.013746672440327,20.014311234263346
0.07776,20.0,20.000000007352472,20.000004885797754,20.000083321071756,20.00039645702527,20.00104688037889,20.002011596350858,20.003196590384352,20.004496658809895,20.0058246782242,20.007118910179116,20.008340506325485,20.009468168229684,20.010492902645467,20.011413796945117,20.012234912590195,20.01296312075046,20.013606653334545,20.014174168485415
0.078,20.0,20.000000006571383,20.000004556012655,20.000079198088198,20.000380970956552,20.001013104671504,20.001956322781968,20.003120112011896,20.00440140761584,20.00571400680566,20.006996317608593,20.008209235324983,20.009331038373233,20.010352273415286,20.011271593824944,20.012092678661574,20.012822074457265,20.013467743386904,20.01403812233344
0.07823999999999999,20.0,20.000000005871403,20.000004247652463,20.00007526841101,20.000366048962967,20.000980328769092,20.001902419872586,20.00304525748697,20.004307916950804,20.005605139288097,20.006875505957236,20.008079679213907,20.00919553211267,20.010213163850885,20.011130802307623,20.011951749588523,20.01268223087532,20.01332994041924,20.013903094674003
0.07848,20.0,20.00000000524432,20.000003959385037,20.000071523549884,20.000351672255466,20.000948526333303,20.001849858290058,20.002971998075605,20.00421616075942,20.00549805319368,20.006756456495726,20.00795182279787,20.009061637405043,20.01007556462736,20.01099141536416,20.011812120254476,20.012543586465068,20.013193242181945,20.01376908430509
0.07872,20.0,20.00000000468272,20.0000036899569,20.0000679553579,20.0003378225984,20.000917671606985,20.001798609190004,20.00290030539984,20.004126113217037,20.0053927261742,20.006639150549724,20.00782565088567,20.008929342176508,20.009939466367847,20.010853425901683,20.01167378547331,20.012406137615788,20.013057646355293,20.013636089957156
0.07895999999999999,20.0,20.00000000417994,20.000003438188887,20.000064556019083,20.00032448229606,20.000887739405105,20.00174864421223,20.002830151437337,20.00403774873146,20.00528913601385,20.006523569502992,20.00770114829236,20.00879863432517,20.009804859646053,20.010716826765634,20.011536739991193,20.012269880647192,20.012923150550744,20.013504110294225
0.07919999999999999,20.0,20.00000000372996,20.000003202972014,20.000061318036376,20.000311634179486,20.00085870510567,20.001699935476594,20.002761508520823,20.0039510419446,20.005187260631903,20.006409694800457,20.007578299842248,20.008669501723894,20.00967173498874,20.010581610741927,20.011400978488435,20.012134811810956,20.012789752312234,20.013373143914947
0.07944,20.0,20.000000003327365,20.000002983263524,20.000058234219964,20.000299261593437,20.000830544640724,20.001652455578725,20.002694349337474,20.00386596773397,20.005087078085328,20.006297507951164,20.0074570903719,20.00854193222303,20.009540082878186,20.01044777055908,20.01126649558131,20.012000927292267,20.012657449117473,20.013243189353698
0.07967999999999999,20.0,20.000000002967287,20.00000277808318,20.00005529767596,20.000287348383637,20.000803234487293,20.001606177585714,20.00262864692813,20.003782501214108,20.00498856657126,20.0061869905312,20.00733750473303,20.008415913653163,20.00940989375462,20.010315298890358,20.011133285823895,20.011868223211394,20.01252623837926,20.013114245081645
0.07991999999999999,20.0,20.00000000264534,20.000002586509716,20.000052501795444,20.000275878884203,20.00077675165844,20.0015610750317,20.002564374686422,20.003700617737863,20.004891704429433,20.006078124186534,20.007219527795378,20.00829143382779,20.00928115801864,20.010184188355876,20.011001343709882,20.011736695625206,20.012396117446755,20.012986309507838
0.08016,20.0,20.00000000235758,20.000002407677524,20.00004984024388,20.000264837905288,20.0007510736943,20.001517121913384,20.002501506357778,20.003620292897576,20.004796470144488,20.00597089063575,20.007103144449506,20.008168480545972,20.009153866033607,20.010054431524697,20.01087066367438,20.011606340528722,20.012267083606794,20.012859380980267
0.0804,20.0,20.00000000210046,20.00000224077344,20.000047306950812,20.00025421072097,20.000726178653178,20.001474292685486,20.002440016038342,20.00354150252617,20.004702842348188,20.005865271672775,20.006988339609578,20.00804704159494,20.00902800812799,20.00992602091691,20.0107412400957,20.011477153856625,20.012139134085153,20.01273345778697
0.08063999999999999,20.0,20.000000001870795,20.000002085033785,20.000044896099947,20.000243983057338,20.000702045102706,20.001432562256138,20.002379878173755,20.003464222698106,20.00461079982157,20.005761249169485,20.00687509821606,20.00792710475267,20.00890357459773,20.00979894900571,20.01061306729718,20.0113491314848,20.012012266047858,20.012608538157085
0.08088,20.0,20.000000001665715,20.00000193974149,20.000042602119525,20.00023414108078,20.000678652110995,20.0013919059822,20.00232106755787,20.003388429730283,20.004520321496983,20.00565880507826,20.00676340523838,20.007808657790445,20.00878055570854,20.009673208219404,20.0104861395489,20.01122226923184,20.011886476602445,20.012484620261926
0.08112,20.0,20.00000000148265,20.00000180422343,20.000040419673024,20.00022467138654,20.000655979237912,20.001352299664536,20.002263559331343,20.003314100182767,20.00443138646005,20.00555792143447,20.00665324567752,20.00769168847532,20.008658941698187,20.009548790943484,20.01036045106949,20.011096562860562,20.011761762799257,20.012361702216072
0.08135999999999999,20.0,20.00000000131929,20.00000167784786,20.000038343650147,20.00021556098744,20.000634006526344,20.00131371954325,20.002207328980155,20.003241210859507,20.004343973951542,20.005458580358894,20.006544604568592,20.007576184572617,20.008538722778763,20.009425689522608,20.010235996027873,20.010972008079502,20.011638121632704,20.01223978207842
0.08159999999999999,20.0,20.00000000117356,20.000001560022024,20.000036369158142,20.00020679730283,20.000612714493574,20.00127614229284,20.002152352334026,20.00316973880888,20.00425806336917,20.00536076406008,20.00643746698333,20.00746213384834,20.008419889138917,20.00930389626261,20.010112768544978,20.010848600544424,20.01151555004255,20.012118857853277
0.08184,20.0,20.000000001043603,20.000001450189874,20.000034491513375,20.00019836814779,20.00059208412268,20.00123954501735,20.00209860556473,20.00309966132418,20.004173634269304,20.005264454836595,20.00633181803253,20.007349524071568,20.008302430946067,20.009183403432473,20.009990762695505,20.010726335859786,20.011394044915168,20.011998927491405
0.08207999999999999,20.0,20.00000000092775,20.000001347829905,20.00003270623321,20.000190261722473,20.000572096854015,20.001203905245443,20.002046065184366,20.003030955944013,20.004090666368565,20.005169635079273,20.006227642868474,20.00723834301681,20.00818633834858,20.009064203266266,20.009869972509623,20.01060520958025,20.011273603084796,20.01187998889109
0.08231999999999999,20.0,20.000000000824492,20.000001252453135,20.000031009028167,20.00018246660174,20.000552734576758,20.001169200925478,20.001994708043505,20.002963600452592,20.004009139545396,20.005076287273354,20.006124926687278,20.00712857846631,20.00807160147793,20.00894628796512,20.009750391974674,20.01048521721212,20.01115422133481,20.011762039899214
0.08256,20.0,20.000000000732502,20.000001163601183,20.00002939579433,20.000174971724952,20.000533979620535,20.001135410420513,20.001944511329274,20.00289757287994,20.00392903384152,20.00498439400056,20.00602365473117,20.007020218212357,20.007958210450827,20.00882964969912,20.009632015036857,20.010366354214852,20.011035896398973,20.011645078312323
0.0828,20.0,20.000000000650573,20.00000108084444,20.000027862606018,20.000167766385985,20.0005158147471,20.00110251250333,20.00189545256338,20.002832851502028,20.003850329463305,20.00489393794112,20.00592381229076,20.006913250059487,20.007846155371325,20.008714280609215,20.00951483560293,20.01024861600246,20.010918624962667,20.011529101877656
0.08303999999999999,20.0,20.00000000057763,20.000001003780373,20.00002640570874,20.00016084022346,20.00049822314211,20.001070486351377,20.001847509600044,20.0027694148408,20.003773006783103,20.004804901875726,20.005825384707244,20.006807661826716,20.00773542633289,20.00860017280911,20.009398847541853,20.010131997944995,20.01080240366415,20.011414108294222
0.08327999999999999,20.0,20.000000000512703,20.000000932031885,20.000025021512354,20.00015418321118,20.000481188406948,20.00103931154174,20.001800660623843,20.00270724166413,20.003697046340452,20.00471726868743,20.00572835737454,20.006703441349696,20.007626013420452,20.00848731838711,20.009284044686453,20.010016495369985,20.010687229095797,20.011300095213844
0.08352,20.0,20.000000000454932,20.00000086524581,20.000023706584493,20.00014778564876,20.00046469455068,20.00100896804605,20.001754884147545,20.002646310985714,20.003622428843244,20.004631021363455,20.0056327157414,20.006600576482857,20.00751790671244,20.008375709407996,20.00917042083506,20.009902103563846,20.010573097805313,20.011187060242204
0.08375999999999999,20.0,20.000000000403546,20.000000803091442,20.000022457644214,20.000141638152456,20.000448725982025,20.000979436225446,20.001710159009836,20.002586602064863,20.003549135168793,20.004546142996983,20.005538445313455,20.006499055101486,20.007411096282766,20.008265337914814,20.00905796975313,20.00978881777332,20.010460006296963,20.011075000939886
0.08399999999999999,20.0,20.000000000357854,20.000000745259214,20.000021271555873,20.00013573164623,20.000433267501467,20.00095069682542,20.00166646437297,20.002528094406212,20.003477146364876,20.004462616788846,20.00544553165523,20.006398865103794,20.00730557220279,20.008156195930717,20.00894668517487,20.009676633206887,20.01034795103281,20.010963914823428
0.08424,20.0,20.000000000317236,20.000000691459373,20.00002014532323,20.000130057352955,20.00041830429343,20.00092273097076,20.00162377972043,20.002470767759387,20.003406443650622,20.004380426049178,20.0053539603921,20.006299994412934,20.00720132454327,20.008048275460727,20.008836560804824,20.009565545036157,20.010236928433894,20.010853799366345
0.08448,20.0,20.00000000028114,20.000000641420808,20.000019076083746,20.000124606785878,20.000403821918518,20.000895520160416,20.001582084854437,20.002414602118566,20.00333700841743,20.004299554198994,20.005263717212184,20.006202430978995,20.00709834337628,20.007941568493518,20.00872759031946,20.009455548397273,20.010126934881473,20.01074465200016
0.08471999999999999,20.0,20.000000000249077,20.00000059488988,20.00001806110311,20.000119371740222,20.00038980630589,20.0008690462624,20.00154135989351,20.002359577722004,20.00326882222972,20.004219984771716,20.00517478786822,20.006106162780927,20.006996618777084,20.00783606700315,20.00861976736875,20.009346638392284,20.0100179667182,20.010636470115447
0.08496,20.0,20.000000000220602,20.000000551629366,20.00001709776994,20.00011434428502,20.000376243745688,20.000843291508666,20.001501585269867,20.00230567505144,20.00320186682571,20.004141701414653,20.00508715817937,20.00601117782847,20.00689614082601,20.007731762950808,20.008513085577718,20.00923881009054,20.009910020249315,20.010529251062838
0.0852,20.0,20.00000000019532,20.000000511417447,20.00001618359072,20.000109516755117,20.000363120881573,20.00081823848998,20.00146274172689,20.002252874831502,20.003136124118036,20.004064687890388,20.005000814033,20.005917464164025,20.006796899610276,20.00762864828651,20.00840753854799,20.00913205853002,20.00980309174385,20.010422992154048
0.08543999999999999,20.0,20.000000000172886,20.000000474046743,20.000015316184864,20.000104881743358,20.000350424703356,20.000793870150858,20.001424810316436,20.002201158028985,20.00307157619438,20.003988928078144,20.004915741386373,20.005825009864488,20.006698885225788,20.00752671495078,20.008303119859306,20.00902637871873,20.009697177435793,20.010317690662895
0.08567999999999999,20.0,20.00000000015298,20.00000043932343,20.000014493280034,20.00010043209298,20.000338142539704,20.000770169784413,20.00138777239619,20.002150505852114,20.003008205318,20.003914405975078,20.004831926268356,20.00573380304306,20.00660208777893,20.007425954876336,20.008199823071063,20.008921765636,20.00959227352526,20.010213343826297
0.08592,20.0,20.000000000135323,20.000000407066377,20.000013712707563,20.00009616089016,20.000326262050965,20.00074712102731,20.001351609626923,20.00210089974971,20.002945993928197,20.003841105697514,20.004749354781016,20.005643831851,20.00650649738831,20.00732635998972,20.00809764172378,20.008818214233848,20.00948837617966,20.010109948845287
0.08615999999999999,20.0,20.000000000119666,20.000000377106375,20.000012972398107,20.000092061456755,20.000314771222072,20.000724707854662,20.001316303969748,20.00205232141033,20.00288492464073,20.003769011482138,20.00466801310123,20.005555084479365,20.006412104186484,20.007227922212927,20.0079965693406,20.008715719438285,20.009385481534856,20.010007502886005
0.08639999999999999,20.0,20.000000000105793,20.000000349285372,20.00001227037743,20.000088127343226,20.000303658355556,20.000702914574966,20.001281837683308,20.002004752761316,20.00282498024816,20.003698107687114,20.004587887482206,20.00546754916071,20.00631889832165,20.007130633465028,20.007896599428758,20.00861427615064,20.009283585696306,20.009906003080694
0.08664,20.0,20.000000000093497,20.000000323455772,20.000011604762364,20.000084352321718,20.000292912064634,20.00068172582507,20.00124819332096,20.001958175967815,20.002766143720162,20.003628378793184,20.00450896425498,20.00538121417073,20.00622686995931,20.00703448566373,20.007797725481026,20.00851387924884,20.009182684740214,20.009805446528688
0.08688,20.0,20.000000000082604,20.00000029947978,20.00001097375691,20.000080730379317,20.000282521266428,20.000661126565138,20.0012153537279,20.001912573431742,20.002708398203737,20.003559809404667,20.004431229829862,20.005296067829903,20.006136009283935,20.00693947072696,20.007699940977165,20.008414523588716,20.009082774714653,20.009705830297396
0.08711999999999999,20.0,20.00000000007296,20.000000277228768,20.000010375648518,20.0000772557115,20.000272475175255,20.00064110207363,20.001183302038275,20.001867927790673,20.002651727023405,20.00349238425045,20.004354670697854,20.005212098505066,20.006046306500547,20.006845580574392,20.007603239385325,20.00831620400526,20.008983851640696,20.009607151423268
0.08736,20.0,20.000000000064418,20.000000256582712,20.000009808804457,20.000073922715696,20.000262763296018,20.000621637942338,20.001152021672272,20.00182422191671,20.002596113681324,20.00342608818491,20.004279273431994,20.005129294610978,20.00595775183633,20.006752807129004,20.00750761416348,20.00821891531392,20.008885911513527,20.009509406912784
0.0876,20.0,20.00000000005686,20.000000237429617,20.000009271668393,20.00007072598508,20.000253375417714,20.000602720071402,20.00112149633317,20.001781438915277,20.002541541857365,20.003360906188767,20.004205024688694,20.005047644611835,20.005870335542184,20.00666114231853,20.00741305876079,20.008122652311812,20.008788950303558,20.009412593743395
0.08783999999999999,20.0,20.00000000005018,20.000000219665026,20.00000876275705,20.000067660302456,20.000244301607026,20.000584334664392,20.001091710004363,20.001739562123895,20.002487995409112,20.00329682336994,20.004131911208997,20.004967137022753,20.005784047894252,20.006570578076996,20.007319566619,20.008027409779007,20.00869296395751,20.009316708864514
0.08807999999999999,20.0,20.000000000044263,20.00000020319151,20.000008280657045,20.000064720634356,20.00023553220201,20.000566468223386,20.001062646946387,20.00169857511089,20.002435458371856,20.003233824964287,20.004059919819834,20.004887760411233,20.005698879195435,20.006481106346133,20.007227131173792,20.007933182479732,20.008597948399526,20.009221749198424
0.08832,20.0,20.000000000039037,20.00000018791824,20.000007824021782,20.00006190212526,20.0002270578059,20.000549107544103,20.001034291693905,20.001658461674058,20.002383914958486,20.003171896336355,20.003989037435204,20.00480950339856,20.00561481977686,20.006392719076853,20.00713574585612,20.00783996516359,20.008503899532236,20.00912771164127
0.08855999999999999,20.0,20.000000000034415,20.000000173760537,20.00000739156856,20.000059200091982,20.000218869280996,20.000532239711056,20.00100662905268,20.00161920583932,20.002333349559372,20.00311102298005,20.003919251057326,20.00473235466119,20.00553185999934,20.006305408230656,20.00704540409356,20.007747752566782,20.008410813237838,20.009034593063955
0.08879999999999999,20.0,20.000000000030333,20.00000016063949,20.000006982075714,20.000056610018195,20.00021095774265,20.00051585209272,20.00097964409654,20.001580791859283,20.002283746742172,20.003051190519276,20.003850547777763,20.004656302932126,20.00544999025481,20.006219165781022,20.006956099311594,20.00765653941329,20.008318685379162,20.00894239031311
0.08904,20.0,20.000000000026724,20.00000014848157,20.000006594379936,20.000054127549106,20.000203314553378,20.00049993233678,20.000953322164325,20.001543204211814,20.002235091251624,20.002992384708516,20.003782914778494,20.0045813370022,20.005369200967706,20.0061339837148,20.006867824934933,20.007566320416057,20.008227511800715,20.00885110021199
0.08928,20.0,20.00000000002354,20.000000137218272,20.000006227373653,20.000051748486285,20.000195931317027,20.00048446836536,20.000927648856827,20.001506427598557,20.00218736800925,20.002934591433387,20.003716339332932,20.00450744572138,20.00528948259635,20.00604985403357,20.006780574388774,20.007477090278165,20.008137288329742,20.00876071956142
0.08951999999999999,20.0,20.000000000020727,20.000000126785803,20.00000588000254,20.000049468782624,20.00018879987308,20.000469448370335,20.000902610033698,20.001470446943404,20.002140562113063,20.00287779671113,20.00365080880695,20.00443461800002,20.005210825634293,20.005966768754956,20.00669434110009,20.007388843693988,20.008048010777248,20.008671245140672
0.08975999999999999,20.0,20.000000000018247,20.000000117124756,20.000005551263133,20.000047284537427,20.000181912291044,20.000454860808645,20.000878191810386,20.00143524739095,20.00209465883719,20.002821986691075,20.003586310659802,20.00436284281007,20.005133220611647,20.005884719913972,20.00660911849885,20.007301575350343,20.00795967493904,20.008582673708407
0.09,20.0,20.00000000001606,20.000000108179826,20.00000524020053,20.000045191991656,20.00017526086492,20.000440694397668,20.00085438055504,20.00140081430491,20.00204964363149,20.00276714765506,20.00352283244507,20.00429210918628,20.00505665809636,20.005803699564296,20.006524900019283,20.007215279927607,20.007872276596725,20.00849500200355
0.09023999999999999,20.0,20.000000000014126,20.000000099899538,20.000004945906202,20.000043187523293,20.00016883810781,20.000426938110635,20.000831162885405,20.00136713326649,20.002005502121097,20.0027132660178,20.003460361811538,20.00422240622734,20.004981128695505,20.005723699779562,20.006441679101055,20.00712995210086,20.00778581151873,20.00840822674618
0.09047999999999999,20.0,20.000000000012424,20.00000009223599,20.000004667515878,20.000041267642825,20.000162636746584,20.000413581172072,20.000808525665732,20.00133419007278,20.00196222010594,20.002660328327213,20.00339888650403,20.004153723097016,20.004906623056502,20.005644712654586,20.006359449190498,20.007045586540972,20.007700275461296,20.008322344638426
0.09072,20.0,20.000000000010925,20.000000085144613,20.00000440420752,20.000039428988888,20.000156649716658,20.000400613053298,20.000786456003684,20.00130197073503,20.001919783560247,20.00260832126473,20.003338394364224,20.00408604902524,20.004833131868352,20.005566730306633,20.006278203741783,20.00696217791571,20.00761566416947,20.008237352365324
0.09095999999999999,20.0,20.000000000009603,20.00000007858396,20.000004155199406,20.000037668324,20.000150870156858,20.000388023467956,20.000764941247223,20.00127046147701,20.00187817863195,20.002557231645543,20.00327887333142,20.004019373309173,20.00476064586282,20.005489744876602,20.006197936218083,20.006879720890808,20.007531973378075,20.008153246595704
0.09119999999999999,20.0,20.000000000008438,20.00000007251548,20.000003919748266,20.000035982530434,20.000145291404422,20.000375802367596,20.00074396898152,20.001239648733232,20.00183739164214,20.00250704641883,20.003220311443297,20.00395368531423,20.004689155815598,20.005413748530234,20.006118640092726,20.00679821013105,20.00744919881268,20.008070023983027
0.09144,20.0,20.00000000000741,20.000000066903326,20.000003697147502,20.0000343686062,20.00013990699002,20.000363939937294,20.000723527025844,20.00120951914726,20.001797409084396,20.002457752667915,20.003162696836586,20.003888974475096,20.004618652547457,20.005338733459276,20.006040308850327,20.006717640301307,20.007367336190562,20.007987681166256
0.09168,20.0,20.00000000000651,20.000000061714186,20.000003486725497,20.00003282366117,20.000134710632945,20.000352426591327,20.00070360343049,20.00118005956989,20.001758217624158,20.00240933761044,20.003106017747754,20.003825230296687,20.004549126925344,20.00526469188263,20.005962935987903,20.006638006067597,20.00728638122164,20.007906214770692
0.09191999999999999,20.0,20.000000000005713,20.000000056917095,20.000003287843995,20.000031344913264,20.000129696236343,20.000341252968884,20.00068418647367,20.001151257057405,20.001719804098016,20.002361788598453,20.003050262513643,20.003762442355093,20.004480569863496,20.00519161604748,20.005886515015973,20.006559302098104,20.007206329609424,20.007825621408802
0.09215999999999999,20.0,20.000000000005016,20.00000005248328,20.000003099896524,20.000029929684803,20.000124857882565,20.000330409929838,20.000665264658434,20.00112309886974,20.00168215551299,20.002315093118487,20.002995419572066,20.003700600298497,20.004412972324477,20.00511949823042,20.00581103945965,20.006481523064192,20.00712717705195,20.00774589768106
0.0924,20.0,20.000000000004402,20.000000048386017,20.000002922306933,20.000028575398943,20.000120189828607,20.000319888550546,20.000646826709612,20.00109557246867,20.001645259045784,20.002269238791605,20.00294147746238,20.003639693848058,20.004346325320252,20.00504833073852,20.005736502859698,20.00640466364142,20.007048919242656,20.007667040176752
0.09263999999999999,20.0,20.00000000000386,20.000000044600483,20.000002754527944,20.000027279576212,20.000115686501623,20.000309680119717,20.000628861570725,20.001068665515966,20.00160910204199,20.002224213373406,20.00288842482601,20.003579712798757,20.00428061991317,20.00497810591041,20.00566289877358,20.006328718510513,20.00697155187134,20.007589045474806
0.09287999999999999,20.0,20.000000000003386,20.000000041103625,20.0000025960398,20.000026039831155,20.00011134249455,20.000299776134305,20.000611358400946,20.00104236587153,20.001573672015276,20.002180004753992,20.002836250406972,20.003520647020228,20.00421584721698,20.004908816117315,20.0055902207765,20.00625368235836,20.006895070625017,20.007511910144565
0.09312,20.0,20.000000000002967,20.00000003787405,20.00000244634895,20.0000248538691,20.000107152561807,20.000290168295493,20.00059430657204,20.00101666159153,20.001538956646552,20.002136600957908,20.00278494305234,20.003462486457572,20.004151998397788,20.004840453764096,20.00551846246243,20.006179549878947,20.00681947118881,20.007435630746617
0.09336,20.0,20.0000000000026,20.000000034891883,20.00000230498684,20.00002371948298,20.00010311161509,20.00028084850467,20.00057769566535,20.000991540926517,20.00150494378311,20.002093990144076,20.002734491712687,20.003405221132102,20.004089064675004,20.004773011290254,20.00544761744508,20.006106315774346,20.00674474924683,20.007360203833546
0.09359999999999999,20.0,20.000000000002277,20.000000032138704,20.00000217150866,20.000022634550298,20.00009921471926,20.000271808859505,20.000561515468753,20.000966992319515,20.00147162143772,20.002052160605643,20.0026848854425,20.003348841142113,20.004027037322263,20.00470648117092,20.005377679358904,20.00603397475561,20.00667090048304,20.00728562595073
0.09383999999999999,20.0,20.000000000001997,20.00000002959741,20.00000204549227,20.000021597030152,20.000095457088293,20.000263041650044,20.000545755973683,20.00094300440413,20.001438977787714,20.002011100769867,20.002636113400573,20.003293336663578,20.003965907668324,20.004640855917813,20.005308641860083,20.005962521543722,20.006597920582102,20.007211893637102
0.09408,20.0,20.000000000001748,20.000000027252135,20.00000192653706,20.000020604960365,20.000091834081346,20.000254539354884,20.000530407372114,20.000919566002622,20.001407001174062,20.00197079919792,20.00258816485036,20.003238697950856,20.00390566709794,20.004576128080213,20.00524049862744,20.005891950870502,20.006525805230208,20.007139003425923
0.09431999999999999,20.0,20.000000000001528,20.000000025088166,20.000001814262948,20.000019656454704,20.00008834119888,20.000246294637364,20.000515460053606,20.00089666612398,20.001375680100402,20.001931244584696,20.002541029160287,20.003184915337346,20.00384630705271,20.00451229024587,20.00517324336341,20.005822257479494,20.006454550115933,20.007066951845506
0.09455999999999999,20.0,20.00000000000134,20.000000023091868,20.00000170830937,20.00001874970019,20.00008497407889,20.000238300341824,20.00050090460233,20.000874293961996,20.001345003232057,20.001892425758566,20.002494695804096,20.00313197923614,20.003787819031917,20.004449335041915,20.005106869794933,20.005753436126852,20.006384150931034,20.006995735419984
0.0948,20.0,20.000000000001172,20.000000021250596,20.00000160833433,20.00001788295448,20.000081728493207,20.000230549489938,20.000486731794147,20.000852438893308,20.00131495939504,20.001854331681145,20.002449154361056,20.00307988014061,20.00373019459332,20.004387255135764,20.00504137167438,20.005685481582216,20.006314603371273,20.006925350670038
0.09503999999999999,20.0,20.000000000001023,20.000000019552626,20.0000015140135,20.000017054543342,20.00007860034386,20.000223035277052,20.000472932593674,20.000831090475476,20.001285537575022,20.001816951446983,20.00240439451627,20.003028608625034,20.00367342535394,20.004326043235984,20.004976742780425,20.005618388629557,20.006245903137202,20.00685579411361
0.09527999999999999,20.0,20.000000000000895,20.0000000179871,20.000001425039372,20.000016262858207,20.000075585659562,20.00021575106861,20.000459498151383,20.00081023844501,20.001256726916306,20.001780274283284,20.002360406060852,20.00297815534512,20.003617502990835,20.004265692093135,20.00491297691892,20.00555215206803,20.006178045934956,20.00678706226663
0.09552,20.0,20.00000000000078,20.00000001654396,20.000001341120402,20.0000155063538,20.00007268059224,20.000208690396615,20.000446419800728,20.000789872715433,20.00122851672075,20.00174428954955,20.00231717889215,20.002928511038572,20.003562419241813,20.004206194500615,20.004850067923748,20.005486766712792,20.006111027477026,20.006719151643715
0.09576,20.0,20.000000000000682,20.000000015213885,20.00000126198024,20.000014783545854,20.000069881413648,20.000201846956152,20.000433689055274,20.00076998337532,20.00120089644671,20.001708986737246,20.002274703013885,20.002879666525594,20.00350816590617,20.004147543295463,20.004788009657656,20.00542222739582,20.00604484348302,20.006652058758878
0.09599999999999999,20.0,20.000000000000597,20.000000013988245,20.000001187356997,20.000014093008875,20.000067184512073,20.000195214601945,20.00042129760587,20.000750560686324,20.001173855707943,20.00167435546941,20.002232968536333,20.002831612709386,20.003454734845377,20.00408973135917,20.004726796013085,20.005358528966713,20.005979489680424,20.0065857801262
0.09623999999999999,20.0,20.000000000000522,20.000000012859054,20.00000111700249,20.000013433374015,20.00006458638909,20.000188787344996,20.00040923731782,20.00073159508125,20.00114738427249,20.001640385500266,20.002191965676413,20.002784340576596,20.003402117983754,20.00403275161843,20.004666420912972,20.005295666293488,20.005914961805328,20.006520312260523
0.09648,20.0,20.000000000000455,20.000000011818912,20.0000010506816,20.000012803326975,20.00006208365643,20.000182559349234,20.0003975002281,20.00071307716205,20.001121472061573,20.001607066714783,20.002151684757806,20.00273784119779,20.00335030730912,20.003976597045916,20.00460687831154,20.00523363426333,20.00585125560316,20.0064556516781
0.09671999999999999,20.0,20.000000000000398,20.000000010860976,20.00000098817159,20.00001220160602,20.000059673032872,20.000176524928264,20.000386078542576,20.000694997697913,20.00109610914846,20.001574389128255,20.00211211621101,20.002692105727842,20.003299294873425,20.00392126066102,20.004548162195064,20.005172427783382,20.005788366829425,20.006391794897283
0.09695999999999999,20.0,20.000000000000348,20.00000000997891,20.000000929261503,20.000011627000013,20.00005735134125,20.00017067854212,20.000374964633263,20.000677347623274,20.001071285757302,20.00154234288583,20.00207325057341,20.002647125406362,20.00324907279337,20.003866735530554,20.004490266582636,20.00511204178147,20.005726291250376,20.006328738439148
0.0972,20.0,20.000000000000302,20.000000009166857,20.00000087375157,20.000011078346557,20.000055115505507,20.0001650147941,20.000364151035615,20.000660118035878,20.001046992262,20.00151091826203,20.002035078489293,20.002602891558052,20.00319963325098,20.00381301476947,20.004433185526906,20.00505247120684,20.00566502464374,20.006266478828152
0.09743999999999998,20.0,20.000000000000263,20.0000000084194,20.00000082145264,20.000010554530167,20.00005296254783,20.00015952842765,20.00035363044581,20.000643300194813,20.001023219185015,20.001480105660253,20.00199759070986,20.00255939559307,20.00315096849418,20.003760091541533,20.0043769131148,20.004993711030895,20.005604562799384,20.006205012592755
0.09767999999999999,20.0,20.00000000000023,20.000000007731526,20.000000772185636,20.00001005448053,20.000050889585843,20.000154214323278,20.000343395718087,20.00062688551858,20.0009999571962,20.001449895612257,20.001960778093213,20.002516629007367,20.003103070837355,20.003707959059984,20.00432144346824,20.004935756247864,20.005544901519997,20.006144336266054
0.09792,20.0,20.0000000000002,20.0000000070986,20.00000072578107,20.000009577170797,20.000048893829884,20.000149067495556,20.000333439862104,20.000610865583152,20.000977197111617,20.001420278777626,20.001924631604332,20.002474583382984,20.00305593266186,20.0036566105882,20.004266770744824,20.00487860187554,20.005486036621747,20.006084446386378
0.09816,20.0,20.000000000000174,20.00000000651634,20.00000068207853,20.00000912161595,20.000046972580325,20.000144083090117,20.000323756040313,20.000595232120016,20.00095492989233,20.00139124594321,20.001889142314994,20.002433250388357,20.003009546416546,20.00360603944031,20.00421288913852,20.004822242955917,20.005427963934935,20.006025339497914
0.09839999999999999,20.0,20.000000000000153,20.00000000598079,20.000000640926224,20.000008686871222,20.00004512322498,20.000139256380773,20.000314337565378,20.000579977014272,20.000933146643206,20.001362788022586,20.00185430140372,20.002392621778593,20.002963904618248,20.003556238981812,20.00415979288031,20.004766674555892,20.005370679304622,20.005967012151274
0.09863999999999999,20.0,20.00000000000013,20.000000005488292,20.00000060218055,20.000008272030573,20.00004334323657,20.00013458276661,20.0003051778976,20.000565092302683,20.000911838611703,20.001334896055436,20.00182010015569,20.00235268939571,20.002918999852245,20.00350720263017,20.004107476238854,20.004711891767887,20.00531417859127,20.00590946090411
0.09888,20.0,20.000000000000114,20.00000000503547,20.00000056570566,20.000007876225215,20.000041630170234,20.00013005776919,20.000296270642394,20.000550570171786,20.000890997186648,20.001307561206985,20.001786529962605,20.002313445168866,20.00287482477272,20.00345892385538,20.004055933521116,20.004657889710508,20.00525845767136,20.005852682321667
0.09911999999999999,20.0,20.0000000000001,20.000000004619203,20.000000531373068,20.000007498622182,20.000039981661136,20.000125677029786,20.00028760954776,20.000536402955966,20.000870613897032,20.00128077476738,20.001753582322582,20.002274881114595,20.00283137210321,20.00341139618055,20.004005159072978,20.00460466352916,20.00520351243798,20.00579667297735
0.09935999999999999,20.0,20.00000000000009,20.000000004236608,20.00000049906128,20.00000713842295,20.000038395422102,20.000121436306635,20.000279188501835,20.000522583135574,20.000850680410753,20.001254528151062,20.001721248840006,20.002236989336982,20.00278863463699,20.003364613182416,20.003955147279846,20.004552208396674,20.005149338801434,20.005741429453295
0.0996,20.0,20.000000000000075,20.000000003885024,20.000000468655408,20.00000679486214,20.000036869241324,20.000117331472286,20.00027100153041,20.000509103335023,20.000831188533407,20.00122881289613,20.001689521225348,20.00219976202784,20.002746605237494,20.003318568491906,20.003905892567232,20.00450051951389,20.005095932689823,20.00568694834091
0.09983999999999998,20.0,20.000000000000068,20.000000003562,20.000000440046843,20.0000064672062,20.000035400980135,20.000113358510976,20.000263042794526,20.000495956320922,20.00081213020705,20.00120362066371,20.00165839129501,20.002163191466877,20.0027052768387,20.003273255794607,20.003857389401333,20.00444959211026,20.00504329004961,20.005633226241393
0.10007999999999999,20.0,20.000000000000057,20.000000003265267,20.00000041313293,20.000006154752203,20.00003398857083,20.000109513516044,20.000255306588077,20.000483135000202,20.00079349750894,20.001178943237264,20.00162785097111,20.002127270021834,20.002664642445463,20.00322866883129,20.003809632289578,20.004399421444393,20.00499140684618,20.005580259766298
0.10031999999999999,20.0,20.00000000000005,20.000000002992735,20.00000038781665,20.000005856826636,20.000032630014548,20.00010579268741,20.000247787335443,20.00047063241827,20.000775282650316,20.001154772521943,20.001597892281282,20.002091990148603,20.00262469513389,20.003184801398366,20.00376261578117,20.00435000280466,20.004940279064392,20.00552804553801
0.10056,20.0,20.000000000000043,20.000000002742475,20.000000364006322,20.000005572784254,20.000031323379194,20.000102192329095,20.000240479589163,20.000458441757154,20.00075747797514,20.0011311005439,20.00156850735844,20.002057344391332,20.002585428051646,20.003141647348357,20.003716334467622,20.004301331509698,20.004889902709117,20.00547658019029
0.10079999999999999,20.0,20.00000000000004,20.00000000251271,20.000000341615326,20.00000530200698,20.000030066797446,20.000098708846778,20.00023337802762,20.000446556333667,20.000740075958863,20.001107919449588,20.001539688440538,20.002023325382513,20.002546834418272,20.003099200590338,20.003670782983257,20.00425340290896,20.004840273805755,20.00542586036875
0.10103999999999999,20.0,20.000000000000032,20.0000000023018,20.000000320561842,20.000005043902835,20.000028858464788,20.00009533874542,20.00022647745277,20.0004349695976,20.000723069207165,20.001085221505065,20.001511427870316,20.001989925843063,20.002508907525478,20.003057455090353,20.00362595600571,20.00420621238324,20.004791388400754,20.00537588273134
0.10128,20.0,20.00000000000003,20.000000002108226,20.000000300768583,20.000004797904907,20.000027696637602,20.00009207862692,20.000219772787908,20.000423675129905,20.00070645045472,20.00106299909529,20.001483718095027,20.00195713858236,20.002471640737415,20.003016404871843,20.00358184825641,20.004159755345178,20.00474324256212,20.005326643948848
0.10151999999999999,20.0,20.000000000000025,20.000000001930605,20.000000282162567,20.000004563470355,20.00002657963132,20.000088925187814,20.000213259075434,20.000412666640916,20.000690212563956,20.00104124472339,20.001456551666152,20.0019249564983,20.002435027490943,20.002976044016027,20.003538454501047,20.004114027239744,20.00469583237989,20.00527814070535
0.10175999999999999,20.0,20.00000000000002,20.000000001767642,20.000000264674885,20.000004340079467,20.000025505818613,20.000085875217028,20.000206931474683,20.000401937968547,20.000674348523784,20.00101995100994,20.001429921239108,20.001893372577317,20.002399061295858,20.002936366662293,20.00349576955002,20.00406902354473,20.004649153966632,20.005230369698673
0.102,20.0,20.000000000000018,20.00000000161816,20.000000248240468,20.000004127234718,20.000024473627633,20.000082925593674,20.00020078525977,20.000391483076545,20.00065885144838,20.00099911069223,20.001403819572925,20.001862379894387,20.00236373573514,20.002897367008554,20.003453788258884,20.004024739771218,20.004603203457894,20.005183327640854
0.10224,20.0,20.000000000000018,20.000000001481066,20.000000232797913,20.0000039244599,20.000023481540314,20.000080073284884,20.000194815817455,20.00038129605274,20.00064371457594,20.000978716623518,20.001378239529934,20.00183197161302,20.002329044465153,20.002859039311595,20.003412505528768,20.003981171464034,20.004557977012674,20.00513701125856
0.10247999999999999,20.0,20.000000000000014,20.000000001355357,20.00000021828925,20.000003731299262,20.000022528090696,20.000077315343702,20.000189018645067,20.0003713711073,20.000628931267425,20.000958761772285,20.001353174075437,20.001802140985237,20.002294981215833,20.002821377887415,20.003371916306783,20.003938314202184,20.004513470813865,20.00509141729355
0.10271999999999999,20.0,20.00000000000001,20.000000001240107,20.00000020465979,20.00000354731669,20.00002161186332,20.000074648906995,20.000183389348425,20.00036170257102,20.00061449500534,20.00093923922148,20.001328616277345,20.001772881351553,20.002261539790887,20.002784377111546,20.00333201558643,20.003896163599293,20.004469681068688,20.005046542503056
0.10296,20.0,20.00000000000001,20.000000001134463,20.000000191857925,20.00000337209491,20.000020731491656,20.000072071193433,20.000177923639818,20.000352284893616,20.000600399392496,20.000920142167764,20.00130455930583,20.001744186140904,20.00222871406795,20.00274803141934,20.00329279840797,20.00385471530402,20.004426604009108,20.005002383660234
0.10319999999999999,20.0,20.00000000000001,20.000000001037645,20.000000179834974,20.000003205234723,20.00001988565657,20.000069579501496,20.000172617335995,20.000343112642035,20.000586638150782,20.00090146392074,20.001280996432964,20.0017160488706,20.002196497998735,20.002712335306285,20.00325425985879,20.00381396500046,20.00438423589226,20.004958937554527
0.10343999999999999,20.0,20.000000000000007,20.000000000948926,20.00000016854501,20.00000304635428,20.00001907308484,20.000067171207526,20.0001674663562,20.000334180498793,20.000573205119938,20.000883197902183,20.001257921032323,20.00168846314623,20.002164885609165,20.00267728332825,20.00321639507377,20.003773908408547,20.004342573000844,20.004916200992085
0.10368,20.0,20.000000000000007,20.00000000086765,20.00000015794473,20.000002895088375,20.000018292547715,20.000064843763827,20.000162466720234,20.000325483260315,20.00056009425634,20.00086533764527,20.001235326578623,20.0016614226616,20.002133870999508,20.00264287010177,20.00317919923562,20.00373454128441,20.00430161164351,20.00487417079614
0.10391999999999998,20.0,20.000000000000007,20.0000000007932,20.000000147993298,20.000002751087756,20.000017542859517,20.000062594696786,20.000157614546534,20.000317015835304,20.00054729963178,20.000847876793806,20.001213206647304,20.001634921198608,20.00210344834448,20.002609090304283,20.003142667575204,20.003695859420773,20.004261348155246,20.00483284380737
0.10415999999999999,20.0,20.000000000000004,20.000000000725016,20.00000013865221,20.000002614018477,20.000016822876276,20.00006042160507,20.00015290605031,20.000308773243113,20.00053481543227,20.000830809101437,20.001191554914133,20.00160895262714,20.002073611893337,20.00257593867436,20.003106795371856,20.00365785864729,20.004221778897758,20.00479221688429
0.10439999999999999,20.0,20.000000000000004,20.000000000662585,20.000000129885176,20.00000248356127,20.000016131494405,20.00005832215782,20.00014833754168,20.000300750612155,20.00052263595682,20.000814128430882,20.001170365154785,20.001583510904954,20.002044355969964,20.00254341001194,20.003071577953694,20.003620534830905,20.004182900259803,20.004752286903564
0.10464,20.0,20.000000000000004,20.000000000605425,20.00000012165798,20.00000235941095,20.00001546764942,20.000056294092918,20.000143905423865,20.00029294317832,20.000510755616258,20.000797828753125,20.001149631244434,20.001558590077522,20.002015674972938,20.00251149917851,20.00303701069789,20.00358388387617,20.004144708657563,20.004713050760397
0.10487999999999999,20.0,20.000000000000004,20.000000000553104,20.00000011393839,20.000002241275805,20.000014830314687,20.00005433521528,20.000139606191393,20.0002853462834,20.00049916893204,20.00078190414665,20.001129347157303,20.001534184277894,20.001987563375582,20.002480201097327,20.00300308903097,20.003547901725586,20.004107200534975,20.004674505368843
0.10511999999999999,20.0,20.000000000000004,20.000000000505224,20.00000010669603,20.000002128877064,20.000014218500223,20.000052443395184,20.00013543642835,20.000277955373544,20.000487870535057,20.00076634879664,20.001109506966237,20.00151028772654,20.001960015726024,20.002449510753568,20.002969808429047,20.003512584359875,20.004070372364044,20.00463664766214
0.10536,20.0,20.000000000000004,20.00000000046141,20.00000009990228,20.000002021948355,20.000013631251512,20.000050616566636,20.00013139280664,20.000270765997755,20.000476855164468,20.000751156994188,20.00109010484226,20.001486894731162,20.00193302664719,20.00241942319452,20.002937164418103,20.003477927798322,20.004034220645178,20.00459947459302
0.10559999999999999,20.0,20.000000000000004,20.000000000421323,20.000000093530186,20.000001920235178,20.000013067648368,20.000048852725786,20.000127472084298,20.00026377380634,20.000466117666534,20.000736323135506,20.0010711350541,20.001463999686532,20.001906590836864,20.002389933529717,20.002905152574197,20.003443928099024,20.003998741907484,20.004562983134033
0.10583999999999999,20.0,20.000000000000004,20.00000000038466,20.00000008755435,20.00000182349442,20.000012526803822,20.00004714992937,20.00012367110381,20.000256974549448,20.00045565299345,20.000721841721134,20.001052591967763,20.001441597074283,20.001880703067652,20.002361036931074,20.00287376852371,20.003410581359184,20.003963932709063,20.004527170277825
0.10608,20.0,20.0,20.000000000351125,20.000000081950876,20.000001731493867,20.00001200786307,20.000045506293176,20.0001199867905,20.00025036407559,20.0004454562022,20.00070770735515,20.00103447004603,20.001419681462718,20.001855358187004,20.00233272863304,20.00284300794355,20.003377883715352,20.003929789637287,20.004492033037444
0.10631999999999998,20.0,20.0,20.000000000320462,20.00000007669724,20.000001644011764,20.000011510002405,20.000043919990578,20.000116416150888,20.00024393833019,20.000435522453422,20.000693914744367,20.00101676384801,20.00139824750658,20.00183055111717,20.00230500393267,20.00281286656134,20.00334583134369,20.00389630930908,20.0044575684466
0.10655999999999999,20.0,20.0,20.00000000029243,20.00000007177226,20.000001560836353,20.000011032428233,20.000042389251078,20.00011295627113,20.000237693354144,20.00042584701026,20.00068045869755,20.000999468028656,20.001377289946834,20.001806276855188,20.002277858189768,20.002783340155627,20.003314420460207,20.003863488371188,20.004423773559957
0.10679999999999999,20.0,20.0,20.000000000266805,20.000000067155984,20.000001481765473,20.000010574376073,20.000040912358887,20.00010960431547,20.000231625282417,20.00041642523724,20.000667334124614,20.000982577338263,20.00135680361046,20.001782530472827,20.002251286826944,20.002754424556034,20.003283647320977,20.00383132350041,20.004390645453377
0.10704,20.0,20.0,20.000000000243386,20.00000006282964,20.00000140660613,20.000010135109637,20.00003948765156,20.00010635752471,20.00022573034264,20.000407252599175,20.000654536035857,20.000966086622007,20.00133678341016,20.001759307116533,20.002225285329704,20.00272611564344,20.00325350822236,20.003799811403855,20.004358181224177
0.10727999999999999,20.0,20.0,20.000000000221988,20.000000058775555,20.000001335174137,20.000009713919884,20.00003811351862,20.000103213214732,20.00022000485374,20.000398324660036,20.000642059541136,20.000949990819425,20.001317224344156,20.001736602007362,20.002199849246512,20.002698409350124,20.003223999501202,20.003768948819168,20.00432637799138
0.10751999999999999,20.0,20.0,20.000000000202437,20.00000005497712,20.00000126729372,20.000009310124142,20.00003678840028,20.00010016877501,20.000214445224593,20.000389637081874,20.000629899849102,20.000934284963932,20.0012981214959,20.001714410440915,20.002174974188843,20.00267130165989,20.00319511753503,20.003738732514748,20.004295232895924
0.10776,20.0,20.0,20.000000000184578,20.0000000514187,20.00000120279716,20.00000892306525,20.000035510786134,20.000097221667207,20.000209047952676,20.00038118562372,20.00061805226641,20.000918964182308,20.001279470033815,20.001692727787223,20.002150655831223,20.00264478860822,20.00316685874222,20.00370915928997,20.004264743100915
0.10799999999999998,20.0,20.0,20.000000000168267,20.00000004808558,20.000001141524464,20.00000855211072,20.000034279213924,20.00009436942375,20.000203809622754,20.00037296614053,20.00060651219694,20.000904023694186,20.001261265211014,20.001671549490673,20.002126889911246,20.002618866282358,20.003139219582184,20.003680225975366,20.004234905791815
0.10823999999999999,20.0,20.0,20.000000000153374,20.000000044963944,20.00000108332302,20.000008196651937,20.000033092268318,20.000091609646446,20.0001987269056,20.0003649745821,20.000595275140984,20.00088945881156,20.00124350236503,20.001650871069888,20.00210367222961,20.00259353082145,20.003112196555524,20.003651929432834,20.004205718176674
0.10848,20.0,20.0,20.000000000139774,20.00000004204078,20.000001028047297,20.00000785610335,20.000031948579714,20.00008894000516,20.00019379655671,20.000357206992028,20.00058433669452,20.00087526493825,20.001226176917495,20.001630688117604,20.002080998650104,20.002568778416595,20.003085786204164,20.003624266555804,20.004177177486298
0.10872,20.0,20.0,20.000000000127365,20.000000039303874,20.00000097555852,20.000007529901755,20.000030846823105,20.000086358236466,20.000189015415042,20.00034965950666,20.000573692548386,20.000861437569387,20.001209284373868,20.00161099630055,20.002058865099627,20.002544605310963,20.003059985111502,20.003597234269417,20.00414928097446
0.10895999999999999,20.0,20.0,20.000000000116035,20.000000036741735,20.000000925724404,20.00000721750553,20.00002978571694,20.000083862142368,20.00018438040179,20.00034232835408,20.000563338487538,20.000847972290895,20.001192820323116,20.001591791359292,20.002037267568145,20.00252100779983,20.003034789902532,20.003570829530684,20.004122025918072
0.10919999999999999,20.0,20.0,20.000000000105697,20.00000003434356,20.000000878418856,20.00000691839395,20.000028764022026,20.000081449589025,20.000179888519174,20.000335209853063,20.000553270390263,20.00083486477897,20.00117678043739,20.001573069108098,20.002016202108674,20.002497982230672,20.003010197243963,20.00354504932863,20.00409540961735
0.10944,20.0,20.0,20.000000000096264,20.000000032099212,20.000000833521728,20.000006632066487,20.00002778054047,20.00007911850552,20.000175536849245,20.000328300412086,20.000543484227425,20.000822110799543,20.00116116047172,20.001554825434784,20.001995664837253,20.002475525003184,20.002986203844316,20.00351989068444,20.004069429395983
0.10967999999999999,20.0,20.0,20.000000000087663,20.00000002999916,20.000000790918534,20.000006358042157,20.000026834114646,20.000076866882644,20.000171322552696,20.00032159652833,20.0005339760617,20.000809706207757,20.001145956263684,20.00153705630052,20.00197565193288,20.002453632569328,20.00296280645402,20.0034953506516,20.004044082601286
0.10991999999999999,20.0,20.0,20.000000000079815,20.00000002803445,20.00000075050024,20.00000609585887,20.00002592362617,20.00007469277171,20.000167242867732,20.000315094786696,20.000524742046807,20.00079764694743,20.001131163733056,20.001519757739686,20.001956159637466,20.002432301433362,20.002940001865504,20.003471426316,20.00401936660434
0.11016,20.0,20.0,20.00000000007266,20.000000026196673,20.000000712163008,20.000005845072828,20.00002504799492,20.0000725942834,20.000163295108923,20.000308791858817,20.000515778426774,20.000785929050533,20.00111677888149,20.001502925859658,20.001937184255752,20.00241152815185,20.00291778691326,20.003448114796054,20.003995278800122
0.11039999999999998,20.0,20.0,20.000000000066137,20.00000002447794,20.000000675807964,20.000005605257922,20.000024206178114,20.000070569586615,20.000159476666088,20.000302684502124,20.00050708153516,20.000774548636635,20.001102797792147,20.00148655684063,20.001918722155235,20.002391309333667,20.002896158473916,20.003425413242812,20.00397181660765
0.11063999999999999,20.0,20.0,20.00000000006019,20.000000022870847,20.00000064134101,20.00000537600515,20.000023397169336,20.00006861690739,20.000155785003216,20.00029676955888,20.000498647794352,20.000763501912385,20.001089216629364,20.001470646935395,20.001900769766095,20.002371641639996,20.00287511346628,20.003403318840032,20.00394897747008
0.11087999999999999,20.0,20.0,20.00000000005477,20.000000021368432,20.000000608672604,20.000005156922057,20.000022619997665,20.00006673452781,20.00015221765738,20.000291043955244,20.00049047371477,20.000752785170956,20.001076031638284,20.00145519246915,20.001883323581062,20.00235252178431,20.00285464885139,20.003381828804287,20.003926758854842
0.11112,20.0,20.0,20.00000000004983,20.000000019964173,20.000000577717557,20.000004947632224,20.000021873726794,20.000064920784936,20.00014877223769,20.000285504700365,20.00048255589418,20.00074239479152,20.00106323914449,20.00144018983927,20.001866380155338,20.002333946532342,20.00283476163253,20.00336094038501,20.003905158253705
0.11135999999999999,20.0,20.0,20.000000000045333,20.000000018651953,20.000000548394866,20.00000474777472,20.00002115745418,20.0000631740698,20.00014544642426,20.000280148885444,20.00047489101694,20.00073232723869,20.00105083555363,20.00142563551506,20.00184993610646,20.002315912702063,20.002815448855294,20.0033406508646,20.003884173182907
0.11159999999999999,20.0,20.0,20.000000000041233,20.00000001742603,20.00000052062751,20.000004557003624,20.00002047031023,20.00006149282639,20.0001422379672,20.00027497368286,20.000467475853274,20.000722579062,20.001038817351063,20.001411526037536,20.001833988114175,20.002298417163605,20.002796707607544,20.00332095755843,20.00386380118321
0.11184,20.0,20.0,20.000000000037502,20.000000016281017,20.000000494342302,20.000004374987533,20.000019811457474,20.00005987555066,20.00013914468561,20.000269976345276,20.000460307258557,20.00071314689534,20.001027181101446,20.00139785801919,20.00181853292031,20.00228145683924,20.002778535019456,20.003301857814925,20.003844039820006
0.11207999999999999,20.0,20.0,20.000000000034102,20.00000001521188,20.00000046946971,20.0000042014091,20.000019180089826,20.0000583207896,20.000136164466614,20.000265154204758,20.000453382172605,20.000704027456425,20.00101592344838,20.001384628143708,20.001803567328615,20.00226502870329,20.00276092826349,20.0032833490156,20.003824886683347
0.11231999999999999,20.0,20.0,20.000000000031008,20.000000014213885,20.000000445943716,20.0000040359646,20.000018575431806,20.000056827140277,20.000133295264426,20.000260504671925,20.00044669761896,20.000695217546255,20.001005041114,20.001371833165734,20.001789088204607,20.00224912978206,20.0027438845544,20.003265428575062,20.003806339388042
0.11256,20.0,20.0,20.000000000028194,20.000000013282605,20.00000042370164,20.00000387836348,20.000017996737835,20.000055393248957,20.000130535099377,20.0002560252351,20.00044025070418,20.00068671404855,20.000994530898573,20.001359469910586,20.001775092475405,20.002233757153757,20.00272740114917,20.003248093941057,20.00378839557369
0.11279999999999998,20.0,20.0,20.000000000025633,20.000000012413896,20.00000040268403,20.000003728327957,20.000017443291508,20.0000540178102,20.00012788205704,20.000251713459473,20.00043403861716,20.00067851392923,20.000984389680127,20.00134753527399,20.001761577129574,20.00221890794837,20.002711475347013,20.00323134259447,20.00377105290472
0.11303999999999999,20.0,20.0,20.000000000023302,20.000000011603873,20.00000038283451,20.00000358559264,20.00001691440493,20.000052699566012,20.000125334287304,20.000247566986285,20.000428058628426,20.000670614235865,20.000974614414023,20.0013360262218,20.001748539216905,20.00220457934761,20.002696104489317,20.003215172049327,20.003754309070448
0.11327999999999999,20.0,20.0,20.000000000021185,20.00000001084891,20.00000036409966,20.000003449904106,20.000016409418055,20.000051437305014,20.000122890003528,20.000243583532,20.000422308089448,20.00066301209712,20.00096520213255,20.001324939789697,20.001735975848263,20.002190768584747,20.002681285959586,20.003199579852787,20.003738161785073
0.11352,20.0,20.0,20.000000000019256,20.000000010145612,20.00000034642887,20.00000332102057,20.00001592769804,20.000050229861614,20.000120547481668,20.000239760887546,20.000416784431977,20.000655704722224,20.00095614994453,20.0013142730829,20.001723884195357,20.002177472944524,20.002667017183388,20.003184563585123,20.00372260878773
0.11375999999999999,20.0,20.0,20.000000000017508,20.000000009490797,20.00000032977426,20.00000319871152,20.000015468638633,20.000049076115236,20.000118305059438,20.00023609691749,20.00041148516736,20.000648689400418,20.00094745503487,20.00130402327587,20.00171226149056,20.002164689763024,20.002653295628274,20.00317012085972,20.003707647842486
0.11399999999999999,20.0,20.0,20.000000000015916,20.00000000888151,20.000000314090535,20.00000308275738,20.000015031659593,20.000047974989545,20.000116161135516,20.000232589559307,20.000406407885876,20.000641963500435,20.000939114664195,20.001294187612,20.001701105026672,20.002152416427517,20.002640118803736,20.003156249323037,20.003693276738368
0.11424,20.0,20.0,20.00000000001447,20.000000008314974,20.000000299334904,20.000002972949183,20.00001461620609,20.00004692545171,20.000114114168717,20.000229236822605,20.000401550256086,20.000635524469942,20.00093112616839,20.00128476340331,20.001690412156734,20.002140650376344,20.002627484261083,20.003142946654577,20.00367949328935
0.11447999999999998,20.0,20.0,20.00000000001316,20.000000007788614,20.000000285466967,20.00000286908827,20.000014221748184,20.000045926511667,20.00011216267725,20.000226036788387,20.000396910024186,20.00062936983501,20.00092348695819,20.001275748030118,20.00168018029377,20.002129389098737,20.002615389593394,20.003130210566844,20.003666295334373
0.11471999999999999,20.0,20.0,20.000000000011973,20.00000000730002,20.000000272448617,20.00000277098599,20.00001384778027,20.00004497722145,20.000110305237925,20.00022298760833,20.000392485013343,20.000623497199584,20.000916194518766,20.001267138940733,20.001670406910574,20.002118630134692,20.002603832435387,20.003118038805297,20.003653680737315
0.11495999999999999,20.0,20.0,20.000000000010893,20.00000000684695,20.00000026024396,20.00000267846341,20.000013493820564,20.000044076674477,20.00010854048543,20.000220087504047,20.00038827312308,20.00061790424494,20.00090924640927,20.001258933651105,20.001661089539457,20.002108371074772,20.002592810463323,20.003106429148293,20.003641647386985
0.1152,20.0,20.0,20.000000000009916,20.00000000642732,20.000000248819234,20.00000259135106,20.00001315941063,20.000043224004916,20.00010686711162,20.00021733476641,20.000384272328617,20.000612588729144,20.000902640262428,20.001251129744514,20.00165222577199,20.00209860955994,20.002582321394897,20.003095379407014,20.003630193197086
0.11543999999999999,20.0,20.0,20.000000000009035,20.000000006039198,20.000000238142697,20.000002509488652,20.00001284411489,20.000042418387054,20.000105283864773,20.000214727754848,20.000380480680285,20.000607548486535,20.00089637378409,20.001243724871205,20.001643813258774,20.002089343281376,20.002572362989095,20.003084887425405,20.0036193161062
0.11567999999999999,20.0,20.0,20.000000000008235,20.000000005680775,20.000000228184597,20.000002432724862,20.00001254752018,20.00004165903466,20.00010378954896,20.00021226489665,20.00037689630286,20.000602781427173,20.00089044475279,20.001236716748043,20.001635849709135,20.002080569980286,20.002562933046093,20.003074951080073,20.003609014077725
0.11592,20.0,20.0,20.000000000007514,20.000000005350394,20.000000218917062,20.000002360917073,20.000012269235288,20.000040945200418,20.00010238302333,20.00020994468634,20.000373517394994,20.000598285536327,20.00088485101932,20.001230103158175,20.001628332890885,20.002072287447685,20.002554029407076,20.003065568280224,20.003599285099856
0.11615999999999999,20.0,20.0,20.000000000006864,20.00000000504651,20.00000021031405,20.000002293931157,20.00001200889057,20.00004027617533,20.000101063201477,20.000207765684983,20.000370342228585,20.000594058873926,20.000879590506255,20.001223881950658,20.001621260630017,20.00206449352421,20.00254564995412,20.003056736967544,20.003590127185504
0.11639999999999999,20.0,20.0,20.000000000006278,20.000000004767703,20.000000202351277,20.00000223164127,20.00001176613754,20.000039651288184,20.000099829050825,20.000205726519578,20.000367369148183,20.000590099574048,20.000874661207543,20.001218051040095,20.001614630810437,20.00205718609988,20.002537792610017,20.0030484551161,20.003581538372252
0.11664,20.0,20.0,20.000000000005752,20.000000004512664,20.000000195006173,20.000002173929648,20.000011540648465,20.000039069905004,20.000098679591986,20.000203825882405,20.0003645965704,20.000586405844373,20.000870061188028,20.001212608406266,20.00160844137366,20.002050363113884,20.002530455338135,20.003040720732233,20.003573516722284
0.11687999999999998,20.0,20.0,20.00000000000528,20.000000004280192,20.0000001882578,20.00000212068642,20.000011332116028,20.00003853142855,20.00009761389818,20.000202062530423,20.000362022983325,20.000582975965685,20.000865788583006,20.00120755209376,20.001602690318506,20.002044022554355,20.00252363614221,20.003033531854438,20.003566060322303
0.11711999999999999,20.0,20.0,20.00000000000486,20.000000004069186,20.000000182086826,20.000002071809423,20.00001114025296,20.000038035297813,20.000096631094653,20.000200435284675,20.000359646945956,20.000579808291317,20.00086184159778,20.001202880211572,20.001597375700804,20.0020381624581,20.002517333066194,20.00302688655323,20.00355916728346
0.11735999999999999,20.0,20.0,20.000000000004487,20.00000000387864,20.00000017647545,20.000002027204037,20.00001096479172,20.00003758098755,20.000095730358108,20.000198943029673,20.000357467087603,20.000576901246646,20.000858218507176,20.001198590932756,20.001592495633066,20.002032780910387,20.002511544194064,20.00302078293101,20.003552835741253
0.1176,20.0,20.0,20.000000000004157,20.00000000370765,20.00000017140738,20.000001986783026,20.00001080548418,20.000037168007815,20.000094910916175,20.000197584712847,20.000355482107352,20.00057425332858,20.00085491765512,20.00119468249399,20.001588048284166,20.002027876044675,20.002506267649608,20.003015219121934,20.003547063855446
0.11783999999999999,20.0,20.0,20.000000000003865,20.000000003555392,20.000000166867782,20.000001950466388,20.00001066210132,20.00003679590354,20.00009417204686,20.000196359343963,20.000353690773483,20.000571863105016,20.000851937454144,20.00119115319521,20.00158403187902,20.002023446042337,20.002501501596246,20.003010193291754,20.00354184980996
0.11807999999999999,20.0,20.0,20.000000000003613,20.000000003421135,20.000000162843232,20.00000191818122,20.00001053443295,20.00003646425411,20.000093513078063,20.000195265994577,20.000352091922945,20.000569729214337,20.000849276384947,20.001188001399214,20.001580444698245,20.002019489132422,20.00249724423681,20.003005703637665,20.00353719181276
0.11832,20.0,20.0,20.000000000003396,20.00000000330422,20.000000159321697,20.000001889861583,20.000010422287435,20.00003617267295,20.00009293338705,20.00019430379749,20.000350684460777,20.000567850364906,20.000846932995913,20.001185225531227,20.001577285077833,20.00201600359135,20.002493493813322,20.00300174838815,20.003533088095757
0.11855999999999998,20.0,20.0,20.00000000000321,20.000000003204075,20.000000156292487,20.000001865448382,20.00001032549146,20.00003592080716,20.000092432400006,20.00019347194621,20.000349467359605,20.00056622533453,20.00084490590265,20.001182824078512,20.001574551408773,20.002012987742635,20.00249024860678,20.002998325802796,20.003529536914666
0.11879999999999999,20.0,20.0,20.000000000003055,20.000000003120203,20.000000153746228,20.000001844889262,20.000010243889776,20.000035708337148,20.00009200959154,20.000192769694454,20.00034843965908,20.00056485296996,20.000843193787503,20.001180795589946,20.001572242136717,20.002010439956592,20.002487506936905,20.00299543417211,20.003526536548872
0.11903999999999999,20.0,20.0,20.000000000002935,20.000000003052183,20.00000015167485,20.000001828138497,20.000010177344997,20.000035534976263,20.00009166448426,20.00019219635561,20.000347600465364,20.000563732186347,20.00084179539909,20.00117913867558,20.00157035576159,20.00200835865001,20.002485267161884,20.002993071817315,20.003524085301283
0.11927999999999998,20.0,20.0,20.00000000000284,20.000000002999663,20.00000015007155,20.000001815156903,20.00001012573737,20.00003540047049,20.000091396648322,20.000191751302264,20.00034694895059,20.000562861966767,20.000840709551795,20.00117785200622,20.001568890837223,20.002006742285843,20.00248352767812,20.002991237090153,20.00352218149817
0.11951999999999999,20.0,20.0,20.00000000000277,20.00000000296236,20.00000014893076,20.000001805911747,20.000010088964604,20.00003530459813,20.000091205701032,20.000191433965686,20.000346484352356,20.000562241361674,20.000839935125313,20.001176934312962,20.00156784597096,20.002005589372885,20.002482286919957,20.00298992837267,20.003520823489
0.11975999999999999,20.0,20.0,20.000000000002732,20.000000002940062,20.000000148248155,20.00000180037668,20.000010066941687,20.000035247169485,20.000091091306427,20.000191243835385,20.00034620597322,20.0005618694884,20.000839471064133,20.001176384386774,20.00156721982328,20.002004898465426,20.002481543359416,20.00298914407699,20.003520009646284
0.12,20.0,20.0,20.000000000002718,20.00000000293263,20.000000148020618,20.000001798531656,20.000010059600715,20.0000352280266,20.00009105317489,20.000191180458618,20.00034611318017,20.000561745530643,20.000839316377075,20.001176201078046,20.001567011107383,20.002004668162943,20.002481295505902,20.002988882645095,20.003519738365377
