Position_m,Temperature_t=0.00000000s,Temperature_t=1.66666667s,Temperature_t=3.33333333s,Temperature_t=5.00000000s,Temperature_t=6.66666667s,Temperature_t=8.33333333s,Temperature_t=10.00000000s,Temperature_t=11.66666667s,Temperature_t=13.33333333s,Temperature_t=15.00000000s,Temperature_t=16.66666667s,Temperature_t=18.33333333s
-0.12,40.0,40.0,40.0000000000153,40.00000001380995,40.00000059946972,40.0000064806661,40.000033098825526,40.00010785689488,40.00026301872693,40.00052644151069,40.000915708862095,40.00143670773509
-0.11975999999999999,40.0,40.0,40.000000000015376,40.00000001384564,40.00000060039989,40.000006487329046,40.00003312290136,40.00010791505885,40.000263127633964,40.00052661350655,40.00091595012252,40.00143701847214
-0.11951999999999999,40.0,40.0,40.00000000001561,40.000000013952715,40.00000060319042,40.00000650731786,40.00003319512885,40.000108089550736,40.00026345435506,40.00052712949416,40.00091667390378,40.0014379506833
-0.11927999999999998,40.0,40.0,40.000000000016,40.0000000141318,40.00000060785235,40.00000654069248,40.000033315685336,40.000108380740876,40.00026399951256,40.000527990379624,40.00091788140053,40.00143950583536
-0.11903999999999999,40.0,40.0,40.000000000016556,40.00000001438384,40.00000061440164,40.00000658753517,40.000033484802664,40.000108789092266,40.00026476385471,40.000529197216366,40.00091957396282,40.00144168554711
-0.11879999999999999,40.0,40.0,40.00000000001727,40.00000001471015,40.00000062285924,40.000006647950734,40.00003370276752,40.00010931516106,40.000265748256155,40.00053075120574,40.000921753096726,40.001444491589936
-0.11855999999999998,40.0,40.0,40.00000000001817,40.000000015112356,40.00000063325112,40.00000672206671,40.000033969921745,40.00010995959708,40.00026695371862,40.0005326536977,40.00092442046506,40.001447925888414
-0.11832,40.0,40.0,40.00000000001925,40.00000001559242,40.000000645608345,40.00000681003352,40.00003428666281,40.00011072314438,40.00026838137158,40.00053490619149,40.00092757788798,40.001451990520955
-0.11807999999999999,40.0,40.0,40.00000000002051,40.000000016152676,40.000000659967164,40.00000691202479,40.000034653444196,40.000111606641845,40.00027003247292,40.00053751033636,40.00093122734371,40.001456687720406
-0.11783999999999999,40.0,40.0,40.00000000002199,40.00000001679582,40.00000067636907,40.00000702823757,40.0000350707759,40.00011261102384,40.000271908409644,40.00054046793227,40.000935370969195,40.00146201987462
-0.1176,40.0,40.0,40.00000000002368,40.000000017524926,40.00000069486093,40.00000715889265,40.00003553922498,40.00011373732091,40.000274010698675,40.00054378093068,40.000940011060784,40.00146798952711
-0.11735999999999999,40.0,40.0,40.000000000025615,40.00000001834344,40.00000071549508,40.00000730423489,40.0000360594161,40.0001149866605,40.00027634098764,40.000547451435246,40.00094515007492,40.00147459937757
-0.11711999999999999,40.0,40.0,40.000000000027796,40.00000001925524,40.00000073832944,40.000007464533574,40.00003663203215,40.00011636026773,40.00027890105566,40.00055148170268,40.00095079062885,40.001481852282545
-0.11687999999999998,40.0,40.0,40.00000000003025,40.000000020264594,40.000000763427686,40.00000764008281,40.000037257814924,40.00011785946624,40.00028169281424,40.00055587414351,40.00095693550132,40.00148975125593
-0.11664,40.0,40.0,40.000000000033005,40.00000002137621,40.00000079085933,40.000007831201934,40.00003793756577,40.00011948567902,40.00028471830815,40.000560631322905,40.00096358763327,40.001498299469596
-0.11639999999999999,40.0,40.0,40.000000000036074,40.00000002259526,40.000000820699945,40.00000803823597,40.0000386721464,40.00012124042935,40.00028797971637,40.000565755961546,40.000970750128566,40.00150750025397
-0.11615999999999999,40.0,40.0,40.0000000000395,40.0000000239274,40.00000085303131,40.00000826155609,40.00003946247961,40.00012312534172,40.00029147935302,40.00057125093648,40.00097842625471,40.00151735709855
-0.11592,40.0,40.0,40.0000000000433,40.00000002537875,40.00000088794156,40.00000850156017,40.00004030955017,40.00012514214286,40.000295219668374,40.00057711928198,40.00098661944358,40.00152787365253
-0.11567999999999999,40.0,40.0,40.00000000004752,40.000000026955995,40.00000092552544,40.00000875867329,40.00004121440567,40.00012729266277,40.00029920324992,40.00058336419049,40.00099533329212,40.00153905372529
-0.11543999999999999,40.0,40.0,40.0000000000522,40.00000002866634,40.00000096588448,40.00000903334834,40.00004217815742,40.0001295788358,40.00030343282335,40.00058998901351,40.001004571563115,40.001550901287004
-0.1152,40.0,40.0,40.00000000005737,40.000000030517576,40.00000100912724,40.00000932606662,40.000043201981505,40.00013200270179,40.000307911253735,40.00059699726257,40.00101433818594,40.00156342046915
-0.11495999999999999,40.0,40.0,40.00000000006309,40.0000000325181,40.00000105536951,40.000009637338465,40.000044287119685,40.00013456640726,40.00031264154663,40.00060439261017,40.00102463725725,40.00157661556503
-0.11471999999999999,40.0,40.0,40.0000000000694,40.00000003467696,40.0000011047346,40.00000996770397,40.00004543488056,40.00013727220663,40.00031762684921,40.000612178890776,40.00103547304181,40.00159049103036
-0.11447999999999998,40.0,40.0,40.00000000007636,40.00000003700386,40.0000011573536,40.00001031773364,40.00004664664061,40.000140122463456,40.000322870451534,40.000620360101806,40.00104684997317,40.00160505148374
-0.11424,40.0,40.0,40.000000000084036,40.00000003950923,40.00000121336565,40.00001068802919,40.00004792384539,40.000143119651796,40.00032837578774,40.00062894040466,40.00105877265449,40.0016203017072
-0.11399999999999999,40.0,40.0,40.0000000000925,40.00000004220426,40.00000127291825,40.000011079224315,40.00004926801071,40.00014626635755,40.00033414643731,40.00063792412576,40.001071245859244,40.001636246646676
-0.11375999999999999,40.0,40.0,40.000000000101814,40.00000004510093,40.000001336167564,40.00001149198548,40.00005068072391,40.00014956527986,40.000340186126415,40.00064731575759,40.001084274532055,40.00165289141258
-0.11352,40.0,40.0,40.000000000112074,40.00000004821206,40.000001403278766,40.00001192701283,40.00005216364514,40.0001530192326,40.000346498729215,40.0006571199598,40.00109786378942,40.00167024128022
-0.11327999999999999,40.0,40.0,40.00000000012336,40.00000005155136,40.00000147442637,40.00001238504103,40.000053718508724,40.00015663114583,40.00035308826924,40.00066734156025,40.00111201892049,40.00168830169034
-0.11303999999999999,40.0,40.0,40.00000000013577,40.00000005513349,40.00000154979462,40.000012866840244,40.00005534712457,40.000160404067366,40.00035995892083,40.000677985556194,40.00112674538788,40.00170707824959
-0.11279999999999998,40.0,40.0,40.00000000014942,40.0000000589741,40.00000162957785,40.00001337321708,40.00005705137961,40.00016434116441,40.00036711501053,40.000689057115345,40.001142048828406,40.00172657673099
-0.11256,40.0,40.0,40.00000000016442,40.000000063089914,40.000001713980915,40.0000139050156,40.00005883323931,40.00016844572513,40.000374561018596,40.00070056157703,40.00115793505392,40.00174680307438
-0.11231999999999999,40.0,40.0,40.000000000180904,40.000000067498746,40.000001803219575,40.000014463118404,40.0000606947492,40.00017272116041,40.00038230158048,40.00071250445338,40.00117441005204,40.001767763386944
-0.11207999999999999,40.0,40.0,40.000000000199016,40.00000007221961,40.00000189752099,40.00001504844769,40.00006263803652,40.00017717100554,40.00039034148841,40.000724891430515,40.001191479986986,40.001789463943574
-0.11184,40.0,40.0,40.000000000218904,40.00000007727279,40.000001997124144,40.00001566196643,40.00006466531185,40.00018179892203,40.000398685692915,40.00073772836968,40.001209151200364,40.00181191118734
-0.11159999999999999,40.0,40.0,40.000000000240746,40.00000008267987,40.00000210228034,40.000016304679484,40.00006677887083,40.000186608699444,40.00040733930447,40.000751021308524,40.001227430211934,40.00183511172995
-0.11135999999999999,40.0,40.0,40.00000000026471,40.00000008846387,40.00000221325373,40.00001697763491,40.000068981095936,40.00019160425727,40.00041630759514,40.000764776462304,40.00124632372044,40.00185907235214
-0.11112,40.0,40.0,40.00000000029102,40.00000009464927,40.000002330321806,40.00001768192516,40.00007127445827,40.00019678964684,40.0004255960002,40.000779000225116,40.001265838604354,40.001883800004066
-0.11087999999999999,40.0,40.0,40.00000000031988,40.000000101262174,40.000002453776,40.00001841868845,40.00007366151947,40.00020216905333,40.00043521011992,40.00079369917118,40.00128598192273,40.00190930180574
-0.11063999999999999,40.0,40.0,40.000000000351534,40.00000010833031,40.000002583922225,40.00001918911009,40.000076144933615,40.00020774679776,40.00044515572122,40.00080888005609,40.00130676091596,40.0019355850474
-0.11039999999999998,40.0,40.0,40.00000000038625,40.00000011588321,40.00000272108152,40.00001999442389,40.00007872744921,40.000213527339085,40.00045543873954,40.000824549818105,40.00132818300657,40.00196265718989
-0.11016,40.0,40.0,40.000000000424315,40.00000012395228,40.00000286559064,40.000020835913645,40.00008141191124,40.000219515276314,40.00046606528053,40.00084071557947,40.00135025580005,40.00199052586503
-0.10991999999999999,40.0,40.0,40.00000000046604,40.000000132570904,40.000003017802726,40.00002171491462,40.00008420126325,40.000225715350645,40.00047704162194,40.00085738464772,40.00137298708558,40.00201919887597
-0.10967999999999999,40.0,40.0,40.000000000511754,40.00000014177458,40.00000317808802,40.0000226328151,40.000087098549514,40.00023213244774,40.000488374215514,40.00087456451699,40.00139638483689,40.002048684197526
-0.10944,40.0,40.0,40.000000000561855,40.00000015160103,40.00000334683455,40.00002359105806,40.00009010691725,40.00023877159993,40.00050006968881,40.00089226286938,40.00142045721301,40.002078989976496
-0.10919999999999999,40.0,40.0,40.00000000061673,40.00000016209033,40.000003524448886,40.00002459114274,40.00009322961886,40.00024563798856,40.00051213484718,40.000910487576306,40.00144521255905,40.00211012453203
-0.10895999999999999,40.0,40.0,40.00000000067683,40.00000017328508,40.000003711356904,40.00002563462641,40.00009647001432,40.00025273694636,40.00052457667568,40.00092924669984,40.00147065940701,40.00214209635587
-0.10872,40.0,40.0,40.00000000074263,40.00000018523049,40.00000390800461,40.00002672312616,40.00009983157349,40.000260073959794,40.00053740234111,40.00094854849413,40.00149680647654,40.00217491411268
-0.10848,40.0,40.0,40.00000000081467,40.00000019797459,40.00000411485898,40.000027858320685,40.000103317878626,40.00026765467159,40.00055061919396,40.00096840140672,40.00152366267572,40.00220858664031
-0.10823999999999999,40.0,40.0,40.000000000893515,40.000000211568384,40.000004332408835,40.000029041952175,40.00010693262687,40.0002754848832,40.0005642347705,40.00098881408002,40.00155123710183,40.00224312295005
-0.10799999999999998,40.0,40.0,40.00000000097979,40.00000022606597,40.00000456116573,40.000030275828294,40.00011067963281,40.000283570557336,40.00057825679481,40.001009795352644,40.001579539042105,40.00227853222689
-0.10776,40.0,40.00000000000001,40.00000000107417,40.0000002415248,40.000004801664936,40.00003156182413,40.00011456283112,40.00029191782064,40.00059269318091,40.00103135426085,40.0016085779745,40.00231482382976
-0.10751999999999999,40.0,40.00000000000001,40.000000001177405,40.00000025800581,40.0000050544664,40.00003290188431,40.000118586279264,40.00030053296623,40.00060755203486,40.001053500039994,40.00163836356846,40.00235200729171
-0.10727999999999999,40.0,40.00000000000001,40.00000000129029,40.000000275573655,40.00000532015577,40.00003429802508,40.00012275416024,40.00030942245647,40.0006228416569,40.00107624212589,40.001668905685634,40.00239009232014
-0.10704,40.0,40.00000000000001,40.00000000141372,40.00000029429691,40.000005599345485,40.00003575233651,40.00012707078539,40.00031859292568,40.00063857054365,40.001099590156294,40.001700214380634,40.00242908879697
-0.10679999999999999,40.0,40.00000000000001,40.00000000154863,40.0000003142483,40.00000589267584,40.00003726698474,40.00013154059732,40.00032805118293,40.0006547473903,40.001123553972334,40.00173229990175,40.002469006778824
-0.10655999999999999,40.0,40.00000000000001,40.00000000169606,40.00000033550492,40.000006200816145,40.0000388442143,40.00013616817283,40.00033780421487,40.000671381092815,40.00114814361994,40.00176517269168,40.002509856497134
-0.10631999999999998,40.0,40.00000000000001,40.00000000185715,40.00000035814851,40.00000652446596,40.00004048635052,40.00014095822589,40.00034785918861,40.000688480750206,40.001173369351335,40.00179884338825,40.00255164835832
-0.10608,40.0,40.000000000000014,40.000000002033126,40.0000003822657,40.00000686435627,40.00004219580191,40.000145915610794,40.00035822345463,40.0007060556668,40.00119924162642,40.0018333228251,40.00259439294386
-0.10583999999999999,40.0,40.000000000000014,40.00000000222531,40.000000407948306,40.00000722125082,40.000043975062745,40.000151045325225,40.0003689045498,40.00072411535451,40.00122577111432,40.00186862203237,40.002638101010426
-0.10559999999999999,40.0,40.000000000000014,40.000000002435165,40.00000043529358,40.0000075959474,40.00004582671565,40.00015635251353,40.00037991020035,40.00074266953519,40.001252968694764,40.0019047522374,40.00268278348991
-0.10536,40.0,40.000000000000014,40.00000000266425,40.000000464404565,40.00000798927929,40.00004775343421,40.00016184246996,40.00039124832496,40.00076172814295,40.00128084545959,40.00194172486538,40.00272845148948
-0.10511999999999999,40.0,40.00000000000002,40.0000000029143,40.0000004953904,40.00000840211663,40.000049757985785,40.000167520642,40.000402927037854,40.0007813013265,40.00130941271421,40.00197955154,40.002775116291666
-0.10487999999999999,40.0,40.00000000000002,40.000000003187154,40.00000052836666,40.000008835367964,40.00005184323425,40.00017339263385,40.00041495465195,40.00080139945156,40.001338681979036,40.00201824408412,40.002822789354305
-0.10464,40.0,40.00000000000003,40.00000000348483,40.00000056345569,40.00000928998175,40.00005401214294,40.00017946420981,40.00042733968209,40.00082203310323,40.00136866499098,40.002057814520356,40.002871482310546
-0.10439999999999999,40.0,40.00000000000003,40.000000003809525,40.00000060078705,40.00000976694797,40.000056267777545,40.000185741297905,40.00044009084824,40.00084321308844,40.001399373704906,40.00209827507172,40.002921206968836
-0.10415999999999999,40.0,40.000000000000036,40.00000000416362,40.00000064049781,40.0000102672998,40.00005861330923,40.000192229993466,40.00045321707879,40.00086495043832,40.00143082029506,40.00213963816219,40.00297197531285
-0.10391999999999998,40.0,40.00000000000004,40.00000000454968,40.00000068273308,40.000010792115326,40.000061052017706,40.000198936562825,40.00046672751391,40.00088725641074,40.001463017156574,40.00218191641735,40.00302379950142
-0.10368,40.0,40.00000000000005,40.00000000497052,40.00000072764635,40.0000113425193,40.000063587294456,40.00020586744704,40.00048063150888,40.0009101424927,40.00149597690685,40.00222512266485,40.003076691868394
-0.10343999999999999,40.0,40.00000000000006,40.000000005429165,40.000000775400025,40.00001191968503,40.000066222646026,40.0002130292658,40.0004949386375,40.00093362040283,40.00152971238707,40.00226926993507,40.003130664922544
-0.10319999999999999,40.0,40.000000000000064,40.00000000592891,40.00000082616585,40.000012524836244,40.00006896169738,40.000220428821216,40.0005096586956,40.00095770209391,40.00156423666357,40.002314371461516,40.00318573134742
-0.10296,40.0,40.00000000000007,40.000000006473314,40.000000880125484,40.00001315924912,40.000071808195365,40.000228073101866,40.000524801704465,40.00098239975535,40.00159956302933,40.00236044068146,40.00324190400112
-0.10271999999999999,40.0,40.000000000000085,40.00000000706625,40.00000093747096,40.0000138242543,40.000074766012276,40.0002359692868,40.00054037791442,40.00100772581571,40.00163570500537,40.0024074912363,40.00329919591614
-0.10247999999999999,40.0,40.0000000000001,40.000000007711904,40.00000099840531,40.00001452123903,40.00007783914947,40.00024412474964,40.00055639780839,40.00103369294526,40.00167267634214,40.00245553697213,40.0033576202991
-0.10224,40.0,40.000000000000114,40.000000008414816,40.00000106314314,40.000015251649344,40.00008103174109,40.0002525470628,40.000572872105494,40.00106031405849,40.001710491020965,40.00250459194012,40.0034171905305
-0.102,40.0,40.00000000000013,40.0000000091799,40.00000113191121,40.00001601699234,40.0000843480579,40.00026124400167,40.000589811764726,40.00108760231666,40.001749163255404,40.002554670396925,40.00347792016443
-0.10175999999999999,40.0,40.00000000000015,40.000000010012485,40.000001204949164,40.000016818838546,40.000087792511174,40.000270223549,40.000607227988645,40.00111557113038,40.00178870749266,40.002605786805155,40.00353982292826
-0.10151999999999999,40.0,40.00000000000017,40.00000001091832,40.00000128251013,40.00001765882433,40.00009136965673,40.00027949389926,40.000625132227064,40.00114423416214,40.001829138414905,40.00265795583367,40.00360291272228
-0.10128,40.0,40.0000000000002,40.00000001190366,40.000001364861475,40.00001853865446,40.000095084199,40.00028906346311,40.00064353618085,40.00117360532893,40.00187047094067,40.00271119235795,40.003667203619315
-0.10103999999999999,40.0,40.00000000000023,40.00000001297524,40.00000145228559,40.00001946010462,40.000098940995244,40.00029894087195,40.00066245180574,40.001203698804765,40.001912720226166,40.00276551146043,40.00373270986435
-0.10079999999999999,40.0,40.00000000000026,40.00000001414037,40.00000154508061,40.000020425024196,40.00010294505985,40.000309134982516,40.000681891316084,40.00123452902329,40.0019559016666,40.002820928430786,40.00379944587407
-0.10056,40.0,40.0000000000003,40.00000001540695,40.00000164356131,40.000021435338994,40.00010710156873,40.000319654881565,40.00070186718883,40.001266110680355,40.00200003089746,40.002877458766186,40.0038674262364
-0.10031999999999999,40.0,40.00000000000035,40.0000000167835,40.00000174805992,40.00002249305413,40.00011141586382,40.00033050989063,40.000722392167326,40.001298458736585,40.00204512379585,40.00293511817154,40.00393666570996
-0.10007999999999999,40.0,40.0000000000004,40.00000001827928,40.00000185892708,40.00002360025702,40.00011589345769,40.000341709570854,40.0007434792653,40.00133158841997,40.002091196481715,40.0029939225597,40.0040071792236
-0.09983999999999998,40.0,40.000000000000455,40.000000019904256,40.00000197653275,40.0000247591204,40.00012054003823,40.00035326372787,40.00076514177081,40.00136551522846,40.002138265319054,40.00305388805164,40.0040789818758
-0.0996,40.0,40.000000000000526,40.00000002166922,40.00000210126725,40.000025971905536,40.00012536147351,40.00036518241677,40.00078739325023,40.00140025493249,40.00218634691721,40.00311503097658,40.00415208893404
-0.09935999999999999,40.0,40.000000000000604,40.00000002358582,40.000002233542276,40.000027240965466,40.00013036381666,40.000377475947175,40.00081024755225,40.00143582357762,40.00223545813201,40.003177367872134,40.0042265158342
-0.09911999999999999,40.0,40.000000000000696,40.00000002566664,40.00000237379204,40.0000285687484,40.000135553310926,40.00039015488832,40.000833718811975,40.00147223748704,40.002285616066956,40.00324091548435,40.00430227817987
-0.09888,40.0,40.000000000000796,40.000000027925275,40.00000252247437,40.000029957801196,40.000140936394814,40.00040323007423,40.00085782145493,40.00150951326417,40.00233683807435,40.00330569076777,40.004379391741644
-0.09863999999999999,40.0,40.00000000000092,40.00000003037639,40.00000268007194,40.00003141077294,40.000146519707336,40.000416712609,40.00088257020121,40.001547667795165,40.00238914175645,40.00337171088544,40.00445787245637
-0.09839999999999999,40.0,40.00000000000105,40.000000033035846,40.00000284709354,40.0000329304187,40.00015231009337,40.00043061387211,40.00090798006956,40.00158671825153,40.00244254496653,40.003438993208874,40.004537736426364
-0.09816,40.0,40.0000000000012,40.00000003592072,40.000003024075376,40.00003451960331,40.000158314609166,40.00044494552382,40.00093406638156,40.00162668209256,40.00249706580992,40.003507555317995,40.004618999918605
-0.09792,40.0,40.00000000000138,40.00000003904946,40.00000321158246,40.000036181305354,40.00016454052794,40.000459719510616,40.00096084476573,40.00166757706791,40.00255272264508,40.003577415001025,40.004701679363855
-0.09767999999999999,40.0,40.00000000000158,40.00000004244196,40.000003410210056,40.000037918621224,40.00017099534556,40.00047494807076,40.00098833116177,40.00170942122009,40.00260953408454,40.003648590254336,40.004785791355765
-0.09743999999999998,40.0,40.00000000000181,40.00000004611968,40.00000362058519,40.00003973476932,40.000177686786444,40.000490643739916,40.00101654182474,40.001752232886936,40.00266751899593,40.003721099282274,40.00487135264994
-0.0972,40.0,40.000000000002075,40.00000005010574,40.00000384336823,40.0000416330944,40.00018462280943,40.00050681935677,40.00104549332925,40.001796030704085,40.00272669650281,40.00379496049693,40.00495838016297
-0.09695999999999999,40.0,40.00000000000237,40.00000005442508,40.000004079254545,40.00004361707201,40.00019181161394,40.000523488068815,40.001075202573745,40.00184083360741,40.002787085985666,40.00387019251789,40.00504689097137
-0.09671999999999999,40.0,40.000000000002714,40.00000005910457,40.000004328976225,40.00004569031312,40.000199261646095,40.0005406633381,40.0011056867847,40.00188666083548,40.00284870708267,40.003946814171876,40.00513690231056
-0.09648,40.0,40.000000000003105,40.00000006417317,40.00000459330388,40.00004785656885,40.0002069816051,40.000558358947174,40.00113696352093,40.00193353193192,40.00291157969053,40.00402484449244,40.005228431573734
-0.09623999999999999,40.0,40.00000000000355,40.000000069662065,40.00000487304856,40.00005011973533,40.00021498044967,40.00057658900496,40.001169050677795,40.00198146674783,40.00297572396527,40.00410430271957,40.005321496310714
-0.09599999999999999,40.0,40.00000000000406,40.00000007560483,40.0000051690637,40.00005248385876,40.00022326740458,40.00059536795277,40.00120196649155,40.002030485444095,40.00304116032293,40.00418520829918,40.00541611422678
-0.09576,40.0,40.00000000000464,40.000000082037644,40.00000548224717,40.00005495314057,40.000231851967364,40.00061471057039,40.00123572954357,40.002080608493756,40.003107909440274,40.00426758088267,40.005512303181405
-0.09552,40.0,40.0000000000053,40.00000008899943,40.00000581354345,40.000057531942765,40.00024074391518,40.00063463198218,40.00127035876467,40.002131856684294,40.00317599225541,40.00435144032639,40.00561008118698
-0.09527999999999999,40.0,40.000000000006054,40.000000096532084,40.00000616394589,40.00006022479338,40.000249953311716,40.00065514766329,40.00130587343939,40.00218425111985,40.0032454299684,40.00443680669102,40.005709466407495
-0.09503999999999999,40.0,40.000000000006914,40.00000010468069,40.000006534499015,40.00006303639216,40.000259490514296,40.000676273445855,40.001342293210286,40.00223781322353,40.00331624404179,40.00452370024092,40.005810477157155
-0.0948,40.0,40.00000000000789,40.00000011349372,40.00000692630099,40.00006597161636,40.00026936618108,40.00069802552536,40.00137963808222,40.00229256473953,40.003388456201115,40.00461214144348,40.005913131898986
-0.09455999999999999,40.0,40.000000000008995,40.00000012302335,40.00000734050618,40.00006903552668,40.00027959127841,40.00072042046696,40.00141792842667,40.00234852773535,40.003462088435334,40.004702150968356,40.00601744924333
-0.09431999999999999,40.0,40.00000000001026,40.000000133325635,40.00000777832781,40.00007223337348,40.000290177088274,40.00074347521193,40.001457184985995,40.00240572460388,40.003537162997226,40.00479374968665,40.00612344794635
-0.09408,40.0,40.0000000000117,40.00000014446086,40.00000824104077,40.000075570603045,40.00030113521594,40.00076720708411,40.00149742887773,40.00246417806548,40.00361370240375,40.00488695867008,40.00623114690847
-0.09383999999999999,40.0,40.00000000001334,40.00000015649381,40.00000872998443,40.00007905286411,40.00031247759767,40.00079163379647,40.001538681598824,40.002523911170044,40.00369172943626,40.004981799190084,40.00634056517274
-0.09359999999999999,40.0,40.00000000001519,40.000000169494086,40.00000924656578,40.0000826860145,40.00032421650858,40.00081677345764,40.00158096502995,40.002584947298956,40.00377126714083,40.00507829271683,40.006451721923206
-0.09336,40.0,40.0000000000173,40.000000183536464,40.00000979226248,40.00008647612804,40.00033636457067,40.0008426445786,40.00162430143973,40.002647310167035,40.003852338828324,40.005176460918214,40.00656463648317
-0.09312,40.0,40.0000000000197,40.00000019870125,40.0000103686262,40.00009042950157,40.000348934760964,40.0008692660793,40.00166871348894,40.002711023824475,40.003934968074574,40.00527632565877,40.00667932831344
-0.09287999999999999,40.0,40.000000000022425,40.00000021507467,40.000010977286,40.00009455266218,40.00036194041976,40.00089665729543,40.001714224234746,40.00277611265862,40.0040191787204,40.00537790899854,40.00679581701049
-0.09263999999999999,40.0,40.000000000025516,40.000000232749294,40.00001161995195,40.00009885237469,40.00037539525903,40.00092483798517,40.0017608571349,40.00284260139581,40.00410499487156,40.00548123319188,40.00691412230464
-0.0924,40.0,40.00000000002902,40.00000025182445,40.00001229841875,40.00010333564922,40.000389313371016,40.00095382833598,40.00180863605189,40.002910515103096,40.004192440898734,40.00558632068618,40.00703426405808
-0.09215999999999999,40.0,40.000000000033,40.00000027240675,40.000013014569696,40.000108009749084,40.000403709236856,40.00098364897152,40.00185758525712,40.002979879189894,40.00428154143732,40.00569319412056,40.00715626226294
-0.09191999999999999,40.0,40.00000000003751,40.00000029461054,40.00001377038061,40.0001128821988,40.0004185977354,40.001014320958475,40.00190772943498,40.003050719409636,40.00437232138726,40.00580187632449,40.007280137039224
-0.09168,40.0,40.00000000004262,40.00000031855845,40.0000145679241,40.00011796079235,40.00043399415217,40.001045865813516,40.001959093686956,40.003123061861324,40.004464805912704,40.00591239031633,40.007405908632784
-0.09144,40.0,40.00000000004841,40.00000034438198,40.00001540937383,40.000123253601664,40.000449914188444,40.00107830551025,40.002011703535686,40.00319693299098,40.00455902044171,40.006024759301816,40.007533597413115
-0.09119999999999999,40.0,40.00000000005497,40.0000003722221,40.000016297009154,40.00012876898528,40.00046637397045,40.00111166248623,40.00206558492896,40.00327235959314,40.00465499066579,40.00613900667248,40.007663223871226
-0.09095999999999999,40.0,40.00000000006239,40.00000040222988,40.00001723321974,40.000134515597246,40.000483390058726,40.00114595964997,40.00212076424371,40.00334936881214,40.004752742539395,40.006255156004,40.007794808617355
-0.09072,40.0,40.0000000000708,40.000000434567205,40.000018220510505,40.00014050239628,40.00050097945759,40.00118122038798,40.00217726828995,40.00342798814343,40.00485230227935,40.00637323105451,40.00792837237867
-0.09047999999999999,40.0,40.00000000008031,40.0000004694075,40.000019261506715,40.00014673865509,40.00051915962478,40.00121746857188,40.00223512431464,40.00350824543482,40.00495369636423,40.00649325576279,40.00806393599693
-0.09023999999999999,40.0,40.00000000009107,40.000000506936495,40.00002035895926,40.00015323396999,40.000537948481146,40.001254728565456,40.002294360005564,40.003590168887555,40.00505695153356,40.00661525424642,40.008201520426034
-0.09,40.0,40.000000000103235,40.00000054735305,40.00002151575018,40.0001599982707,40.00055736442057,40.0012930252318,40.00235500349512,40.00367378705741,40.00516209478706,40.00673925079984,40.0083411467296
-0.08975999999999999,40.0,40.00000000011699,40.00000059087006,40.00002273489832,40.00016704183044,40.00057742631997,40.00133238394042,40.00241708336401,40.00375912885568,40.00526915338373,40.00686526989239,40.00848283607836
-0.08951999999999999,40.0,40.00000000013253,40.000000637715374,40.00002401956537,40.000174375276174,40.0005981535494,40.0013728305744,40.00248062864501,40.003846223550035,40.00537815484086,40.0069933361662,40.00862660974763
-0.08928,40.0,40.00000000015008,40.00000068813278,40.00002537306192,40.00018200959923,40.00061956598232,40.00141439153754,40.00254566882652,40.00393510076536,40.005489126933,40.007123474434096,40.008772489114634
-0.08904,40.0,40.0000000001699,40.000000742383094,40.00002679885394,40.00018995616605,40.000641684006006,40.00145709376151,40.002612233856155,40.0040257904845,40.005602097690755,40.00725570967734,40.00892049565581
-0.08879999999999999,40.0,40.000000000192266,40.00000080074524,40.00002830056936,40.000198226729225,40.00066452853205,40.00150096471303,40.00268035414426,40.00411832304882,40.00571709539961,40.007390067043346,40.009070650944
-0.08855999999999999,40.0,40.00000000021751,40.00000086351747,40.000029882005016,40.00020683343887,40.00068812100697,40.00154603240102,40.00275006056729,40.004212729158844,40.00583414859857,40.007526571843336,40.00922297664567
-0.08832,40.0,40.00000000024598,40.00000093101861,40.000031547133766,40.00021578885409,40.00071248342298,40.00159232538373,40.0028213844712,40.00430903987462,40.00595328607872,40.00766524954988,40.009377494518006
-0.08807999999999999,40.0,40.00000000027809,40.00000100358942,40.00003330011193,40.00022510595489,40.0007376383289,40.00163987277593,40.00289435767471,40.004407286616114,40.00607453688177,40.00780612579437,40.009534226405954
-0.08783999999999999,40.0,40.00000000031428,40.00000108159397,40.000035145286944,40.000234798154196,40.00076360884108,40.001688704256004,40.00296901247252,40.00450750116345,40.00619793029841,40.00794922636442,40.009693194239205
-0.0876,40.0,40.00000000035506,40.00000116542122,40.00003708720539,40.000244879310245,40.00079041865456,40.0017388500731,40.00304538163839,40.00460971565706,40.006323495866624,40.00809457720119,40.00985442002914
-0.08736,40.0,40.000000000401,40.00000125548656,40.00003913062122,40.00025536373919,40.000818092054246,40.00179034105421,40.0031234984282,40.00471396259772,40.00645126336988,40.00824220439663,40.01001792586568
-0.08711999999999999,40.0,40.00000000045273,40.00000135223352,40.00004128050432,40.00026626622802,40.00084665392628,40.00184320861126,40.00320339658289,40.0048202748465,40.00658126283524,40.008392134190636,40.0101837339141
-0.08688,40.0,40.00000000051096,40.00000145613558,40.0000435420494,40.00027760204768,40.00087612976945,40.00189748474816,40.00328511033127,40.00492868562459,40.00671352453137,40.00854439296812,40.01035186641176
-0.08664,40.0,40.00000000057648,40.00000156769806,40.00004592068518,40.000289386966585,40.00090654570674,40.001953202067796,40.003368674392824,40.005039228513,40.00684807896644,40.008699007256006,40.01052234566479
-0.08639999999999999,40.0,40.00000000065019,40.00000168746013,40.000048422083914,40.0003016372643,40.00093792849697,40.00201039377903,40.003454123980305,40.005151937452176,40.00698495688592,40.00885600372014,40.010695194044715
-0.08615999999999999,40.0,40.00000000073307,40.00000181599695,40.00005105217121,40.00031436974557,40.00097030554652,40.002069093703646,40.003541494802306,40.005266846741485,40.00712418927027,40.009015409162146,40.01087043398498
-0.08592,40.0,40.00000000082624,40.00000195392193,40.000053817136255,40.00032760175459,40.001003704921196,40.00212933628322,40.0036308230657,40.00538399103858,40.00726580733254,40.00917725051613,40.011048087977464
-0.08567999999999999,40.0,40.00000000093093,40.00000210188911,40.00005672344238,40.000341351189626,40.001038155358145,40.00219115658597,40.00372214547792,40.00550340535862,40.00740984251583,40.00934155484534,40.0112281785689
-0.08543999999999999,40.0,40.00000000104854,40.0000022605957,40.00005977783792,40.000355636517845,40.00107368627784,40.00225459031357,40.00381549924923,40.005625125073415,40.007556326490686,40.00950834933878,40.011410728357234
-0.0852,40.0,40.00000000118061,40.00000243078474,40.000062987367556,40.00037047679049,40.00111032779622,40.00231967380783,40.00391092209476,40.005749185910425,40.00770529115236,40.00967766130765,40.01159575998793
-0.08496,40.0,40.000000001328864,40.00000261324792,40.00006635938398,40.00038589165833,40.00114811073686,40.0023864440574,40.00400845223648,40.00587562395158,40.007856768617934,40.00984951818177,40.011783296150185
-0.08471999999999999,40.0,40.00000000149523,40.0000028088286,40.000069901559904,40.00040190138737,40.001187066643176,40.002454938704325,40.004108128405036,40.006004475632054,40.008010791223384,40.010023947505864,40.011973359573126
-0.08448,40.0,40.00000000168186,40.00000301842493,40.000073621900626,40.00041852687493,40.001227227790835,40.002525196050605,40.00420998984148,40.00613577773882,40.008167391520495,40.010200976935835,40.0121659730219
-0.08424,40.0,40.00000000189114,40.000003242993195,40.00007752875682,40.00043578966592,40.00126862720005,40.00259725506459,40.00431407629876,40.006269567409134,40.00832660227368,40.010380634234835,40.012361159293725
-0.08399999999999999,40.0,40.000000002125745,40.00000348355136,40.0000816308379,40.00045371196952,40.001311298648105,40.002671155387354,40.004420428043254,40.00640588212887,40.008488456456625,40.010562947269364,40.01255894121386
-0.08375999999999999,40.0,40.00000000238865,40.00000374118274,40.00008593722574,40.00047231667604,40.001355276681814,40.00274693733893,40.00452908585595,40.00654475973063,40.00865298724894,40.01074794400518,40.01275934163153
-0.08352,40.0,40.000000002683166,40.00000401703998,40.000090457388886,40.000491627374146,40.00140059663011,40.00282464192449,40.00464009103363,40.00668623839185,40.008820228032526,40.010935652503214,40.012962383415754
-0.08327999999999999,40.0,40.00000000301298,40.00000431234915,40.00009520119716,40.000511668368404,40.00144729461663,40.002904310840414,40.004753485389855,40.00683035663264,40.00899021238797,40.01112610091528,40.013168089451156
-0.08303999999999999,40.0,40.00000000338219,40.000004628414146,40.000100178936805,40.00053246469703,40.00149540757237,40.00298598648018,40.004869311255774,40.006977153313535,40.00916297409074,40.01131931747981,40.01337648263367
-0.0828,40.0,40.000000003795364,40.00000496662128,40.00010540132605,40.00055404215001,40.00154497324833,40.003069711940256,40.00498761148078,40.00712666763306,40.00933854710726,40.01151533051745,40.013587585866205
-0.08256,40.0,40.00000000425757,40.000005328444146,40.00011087953121,40.000576427287484,40.001596030228264,40.003155531025776,40.00510842943304,40.00727893912519,40.00951696559087,40.0117141684265,40.013801422054236
-0.08231999999999999,40.0,40.00000000477446,40.000005715448744,40.00011662518326,40.000599647458436,40.001648617941356,40.00324348825615,40.00523180899977,40.0074340076566,40.00969826387769,40.011915859678396,40.01401801410132
-0.08207999999999999,40.0,40.0000000053523,40.00000612929885,40.00012265039488,40.00062373081967,40.00170277667502,40.00333362887047,40.005357794587454,40.00759191342377,40.0098824764823,40.01212043281297,40.01423738490459
-0.08184,40.0,40.00000000599805,40.000006571761745,40.00012896777811,40.00064870635504,40.001758547587556,40.003425998832874,40.005486431121774,40.00775269694994,40.01006963809335,40.01232791643369,40.01445955735013
-0.08159999999999999,40.0,40.00000000671943,40.00000704471415,40.000135590462484,40.00067460389504,40.001815972721,40.00352064483765,40.00561776404743,40.00791639908194,40.01025978356902,40.01253833920281,40.01468455430832
-0.08135999999999999,40.0,40.000000007525045,40.00000755014858,40.00014253211369,40.000701454136625,40.001875095013766,40.003617614314294,40.005751839327736,40.00808306098675,40.01045294793231,40.012751729836374,40.01491239862911
-0.08112,40.0,40.0000000084244,40.000008090179925,40.00014980695283,40.00072928866334,40.001935958313446,40.00371695543232,40.00588870344404,40.008252724147965,40.01064916636627,40.01296811709918,40.015143113137235
-0.08088,40.0,40.000000009428064,40.00000866705248,40.0001574297762,40.000758139965676,40.00199860738947,40.00381871710597,40.006028403394964,40.008425430362124,40.010848474209055,40.013187529799616,40.015376720627366
-0.08063999999999999,40.0,40.000000010547744,40.000009283147236,40.0001654159757,40.000788041461824,40.00206308794577,40.00392294899872,40.00617098669539,40.00860122173474,40.01105090694885,40.013409996784425,40.01561324385919
-0.0804,40.0,40.000000011796416,40.00000994098964,40.00017378155978,40.000819027518546,40.00212944663348,40.00402970152758,40.0063165013753,40.00878014067633,40.01125650021869,40.01363554693337,40.01585270555245
-0.08016,40.0,40.00000001318847,40.00001064325771,40.000182543174994,40.00085113347244,40.002197731063426,40.004139025867275,40.006464995978426,40.00896222989806,40.01146528979109,40.0138642091538,40.01609512838185
-0.07991999999999999,40.0,40.00000001473981,40.00001139279051,40.00019171812819,40.00088439565142,40.002267989818726,40.00425097395415,40.00661651956057,40.00914753240743,40.01167731157261,40.014096012375106,40.016340534972045
-0.07967999999999999,40.0,40.00000001646809,40.000012192597204,40.00020132440931,40.00091885139643,40.00234027246724,40.00436559848994,40.006771121687855,40.00933609150359,40.01189260159824,40.014330985543126,40.0165889478924
-0.07944,40.0,40.00000001839282,40.000013045866375,40.0002113807148,40.00095453908349,40.00241462957393,40.00448295294532,40.00692885243465,40.009527950772586,40.01211119602564,40.01456915761443,40.01684038965181
-0.07919999999999999,40.0,40.000000020535566,40.00001395597597,40.00022190647165,40.0009914981459,40.002491112713216,40.004603091563155,40.0070897623813,40.00972315408238,40.01233313112932,40.0148105575505,40.01709488269342
-0.07895999999999999,40.0,40.00000002292022,40.000014926503674,40.00023292186216,40.00102976909677,40.00256977448116,40.00472606936168,40.00725390261167,40.00992174557768,40.01255844329452,40.01505521431182,40.01735244938924
-0.07872,40.0,40.00000002557316,40.00001596123776,40.000244447849255,40.00106939355171,40.00265066850758,40.00485194213731,40.007421324710386,40.01012376967461,40.01278716901118,40.01530315685194,40.0176131120348
-0.07848,40.0,40.00000002852356,40.00001706418853,40.00025650620258,40.001110414251826,40.002733849468044,40.00498076646727,40.00759208075986,40.01032927105512,40.01301934486757,40.01555441411131,40.01787689284366
-0.07823999999999999,40.0,40.00000003180362,40.000018239600315,40.000269119525186,40.001152875086895,40.00281937309576,40.00511259971198,40.00776622333712,40.01053829466131,40.013255007543876,40.01580901501114,40.018143813941876
-0.078,40.0,40.00000003544893,40.00001949196402,40.000282311280955,40.00119682111875,40.00290729619331,40.00524750001719,40.00794380551031,40.01075088568944,40.013494193805634,40.01606698844716,40.01841389736244
-0.07776,40.0,40.00000003949874,40.00002082603026,40.00029610582273,40.00124229860488,40.00299767664422,40.005385526315806,40.008124880835,40.010967089583836,40.01373694049702,40.016328363283165,40.01868716503968
-0.07751999999999999,40.0,40.00000004399638,40.0000222468232,40.0003105284211,40.00128935502229,40.00309057342442,40.005526738329515,40.00830950335024,40.01118695203055,40.013983284534014,40.01659316834467,40.01896363880348
-0.07727999999999999,40.0,40.000000048989655,40.000023759654994,40.00032560529397,40.00133803909142,40.003186046613514,40.005671196570084,40.00849772757433,40.01141051895082,40.01423326289738,40.016861432412256,40.019243340373635
-0.07704,40.0,40.00000005453125,40.00002537014089,40.0003413636368,40.00138840080038,40.00328415740586,40.005818962340385,40.0086896085003,40.01163783649436,40.014486912625564,40.017133184215005,40.01952629135397
-0.0768,40.0,40.00000006067925,40.000027084215084,40.00035783165359,40.00144049142925,40.003384968121445,40.00597009773512,40.00888520159121,40.011868951032405,40.01474427080741,40.017408452423744,40.019812513226526
-0.07655999999999999,40.0,40.00000006749764,40.00002890814731,40.00037503858863,40.00149436357462,40.00348854221662,40.006124665641295,40.009084562775094,40.01210390915058,40.01500537457475,40.01768726564421,40.02010202734564
-0.07632,40.0,40.0000000750569,40.000030848560144,40.000393014758984,40.001550071174215,40.003594944294555,40.006282729738274,40.00928774843967,40.01234275764156,40.01527026109483,40.01796965241015,40.02039485493197
-0.07608,40.0,40.000000083434635,40.0000329124472,40.000411791587695,40.00160766953169,40.00370424011546,40.00644435449765,40.009494815426756,40.01258554349748,40.015538967562655,40.01825564117634,40.0206910170665
-0.07583999999999999,40.0,40.00000009271623,40.00003510719203,40.000431401637776,40.001667215341534,40.003816496606646,40.00660960518269,40.0097058210264,40.01283231390222,40.01581153119312,40.018545260311456,40.02099053468444
-0.07559999999999999,40.0,40.00000010299565,40.00003744058799,40.00045187864699,40.00172876671412,40.00393178187222,40.00677854784747,40.00992082297077,40.013083116223406,40.01608798921307,40.018838538090925,40.02129342856914
-0.07536,40.0,40.000000114376206,40.000039920858896,40.00047325756337,40.001792383200794,40.0040501652026,40.006951249335714,40.01013987942763,40.0133379980042,40.016368378853116,40.01913550268967,40.0215997193459
-0.07511999999999999,40.0,40.00000012697148,40.000042556680725,40.00049557458149,40.00185812581907,40.00417171708371,40.007127777279216,40.01036304899372,40.01359700695493,40.01665273733945,40.019436182174736,40.021909427475784
-0.07487999999999999,40.0,40.0000001409063,40.000045357204144,40.00051886717958,40.00192605707792,40.004296509205865,40.00730820009595,40.01059039068759,40.01386019094449,40.0169411018854,40.019740604497855,40.02222257324931
-0.07464,40.0,40.00000015631777,40.0000483320781,40.00054317415735,40.001996241003106,40.00442461447239,40.00749258698779,40.010821963942384,40.01412759799146,40.01723350968292,40.02004879748795,40.022539176780164
-0.0744,40.0,40.000000173356455,40.00005149147445,40.000568535674674,40.00206874316251,40.00455610700789,40.00768100793787,40.01105782859811,40.01439927625511,40.017529997893874,40.02036078884352,40.02285925799885
-0.07415999999999999,40.0,40.00000019218762,40.0000548461136,40.000594993290974,40.002143630691556,40.00469106216617,40.007873533707546,40.01129804489375,40.01467527402612,40.01783060364127,40.020676606124916,40.023182836646285
-0.07392,40.0,40.00000021299262,40.00005840729124,40.00062259000548,40.002220972318554,40.0048295565378,40.00807023583299,40.01154267345893,40.01495563971708,40.01813536400026,40.02099627674664,40.023509932267324
-0.07368,40.0,40.000000235970354,40.00006218690633,40.0006513702982,40.00230083839011,40.00497166795738,40.00827118662136,40.01179177530544,40.015240421852845,40.01844431598906,40.02131982796942,40.023840564204306
-0.07343999999999999,40.0,40.00000026133891,40.00006619749008,40.000681380171734,40.002383300896454,40.00511747551032,40.00847645914657,40.01204541181821,40.01552966906056,40.01875749655972,40.02164728689236,40.024174751590515
-0.07319999999999999,40.0,40.00000028933734,40.000070452236315,40.00071266719385,40.002468433496716,40.00526705953931,40.008686127244665,40.0123036447462,40.01582343005959,40.01907494258877,40.02197868044486,40.0245125133436
-0.07296,40.0,40.00000032022752,40.00007496503299,40.00074528054084,40.00255631154418,40.00542050165029,40.00890026550873,40.01256653619278,40.0161217536511,40.01939669086768,40.02231403537857,40.024853868158964
-0.07271999999999999,40.0,40.00000035429629,40.00007975049502,40.000779271041644,40.00264701211139,40.005577884718136,40.009118949283426,40.01283414860591,40.016424688707524,40.01972277809325,40.0226533782592,40.025198834503136
-0.07247999999999999,40.0,40.00000039185766,40.0000848239985,40.000814691222814,40.00274061401518,40.00573929289169,40.00934225465903,40.01310654476791,40.016732284161776,40.02005324085781,40.0229967354583,40.025547430607055
-0.07224,40.0,40.00000043325528,40.00009020171622,40.00085159535416,40.00283719784156,40.00590481159855,40.009570258465075,40.01338378778489,40.01704458899621,40.020388115639356,40.02334413314497,40.02589967445939
-0.072,40.0,40.000000478865104,40.0000959006547,40.00089003949525,40.00293684597045,40.0060745275492,40.00980303826348,40.013665941075956,40.017361652231386,40.020727438791454,40.0236955972774,40.02625558379974
-0.07175999999999999,40.0,40.000000529098244,40.00010193869259,40.00093008154256,40.00303964260023,40.00624852874083,40.01004067234129,40.013953068361914,40.017683522914666,40.021071246533104,40.024051153594506,40.02661517611187
-0.07152,40.0,40.00000058440412,40.00010833462066,40.00097178127753,40.00314567377211,40.006426904460426,40.01028323970287,40.01424523365377,40.018010250108475,40.02141957493844,40.02441082760735,40.02697846861691
-0.07128,40.0,40.0000006452738,40.00011510818334,40.00101520041517,40.00325502739424,40.00660974528758,40.0105308200617,40.0145425012408,40.01834188287844,40.02177245992629,40.024774644590536,40.027345478266476
-0.07103999999999999,40.0,40.00000071224372,40.00012228012178,40.00106040265358,40.0033677932656,40.00679714309654,40.010783493831596,40.01484493567834,40.01867847028129,40.02212993724959,40.02514262957359,40.027716221735794
-0.07079999999999999,40.0,40.00000078589959,40.000129872218665,40.00110745372406,40.00348406309963,40.00698919105788,40.011041342117515,40.01515260177515,40.01902006135248,40.022492042484764,40.025514807332215,40.02809071541682
-0.07056,40.0,40.000000866880704,40.00013790734465,40.001156421441976,40.003603930547484,40.00718598363945,40.011304446705815,40.01546556458052,40.0193667050937,40.02285881102087,40.02589120237949,40.02846897541129
-0.07032,40.0,40.0000009558846,40.000146409506584,40.00120737575831,40.003727491221056,40.007387616606856,40.01157289005404,40.01578388937095,40.019718450460076,40.02323027804866,40.02627183895703,40.02885101752376
-0.07007999999999999,40.0,40.00000105367204,40.00015540389745,40.001260388811914,40.003854842715576,40.00759418702322,40.011846755280146,40.01610764163651,40.02007534634717,40.02360647854957,40.02665674102609,40.029236857254645
-0.06984,40.0,40.00000116107242,40.00016491694824,40.00131553498233,40.003986084631855,40.007805793248444,40.01212612615125,40.01643688706682,40.02043744157781,40.02398744728451,40.02704593225855,40.02962650979321
-0.0696,40.0,40.00000127898968,40.000174976381615,40.00137289094338,40.004121318598116,40.008022534937695,40.01241108707184,40.01677169153675,40.02080478488866,40.02437321878259,40.02743943602794,40.03001999001056
-0.06935999999999999,40.0,40.00000140840856,40.000185611267554,40.00143253571726,40.004260648291385,40.00824451303933,40.012701723071416,40.01711212109166,40.021177424916594,40.02476382732971,40.02783727540033,40.03041731245258
-0.06911999999999999,40.0,40.00000155040143,40.00019685208096,40.00149455072929,40.004404179458405,40.008471829792114,40.01299811979165,40.01745824193232,40.02155541018486,40.02515930695702,40.0282394731252,40.03081849133293
-0.06888,40.0,40.00000170613567,40.00020873076129,40.001559019863244,40.00455201993604,40.00870458872175,40.013300363472936,40.017810120399524,40.02193878908901,40.025559691429336,40.02864605162625,40.03122354052592
-0.06863999999999999,40.0,40.00000187688158,40.000221280774255,40.00162602951718,40.00470427967119,40.00894289463666,40.01360854094043,40.018167822958276,40.022327609882666,40.02596501423332,40.02905703299218,40.031632473559476
-0.06839999999999999,40.0,40.00000206402094,40.00023453717565,40.00169566865985,40.00486107074007,40.00918685362312,40.01392273958951,40.01853141618164,40.02272192066301,40.02637530856572,40.0294724389674,40.03204530360803
-0.06816,40.0,40.000002269056175,40.000248536677354,40.001768028887554,40.005022507366974,40.00943657303956,40.01424304737069,40.0189009667342,40.02312176935615,40.02679060732131,40.02989229094272,40.03246204348541
-0.06792,40.0,40.00000249362031,40.0002633177155,40.001843204481496,40.005188705942345,40.00969216151017,40.01456955277391,40.019276541355254,40.023527203702194,40.02721094308092,40.030316609945935,40.03288270563775
-0.06767999999999999,40.0,40.000002739487634,40.000278920521,40.00192129246555,40.0053597850402,40.00995372891773,40.014902344812306,40.01965820684151,40.0239382712402,40.027636348099215,40.030745416632485,40.03330730213638
-0.06744,40.0,40.00000300858517,40.00029538719223,40.00200239266445,40.005535865434894,40.01022138639556,40.01524151300541,40.02004603002954,40.024355019292855,40.02806685429245,40.03117873127595,40.03373584467068
-0.0672,40.0,40.000003303005,40.00031276177026,40.00208660776231,40.0057170701171,40.010495246318754,40.01558714736166,40.0204400777778,40.024777494951046,40.02850249322611,40.0316165737586,40.034168344540994
-0.06695999999999999,40.0,40.00000362501757,40.00033109031627,40.002174043361464,40.00590352430906,40.01077542229457,40.01593933836044,40.0208404169483,40.025205745058095,40.02894329610247,40.032058963561866,40.03460481265148
-0.06671999999999999,40.0,40.00000397708591,40.00035042099158,40.002264808041694,40.00609535547902,40.011062029151915,40.01629817693345,40.02124711438798,40.025639816193966,40.02938929374803,40.0325059197568,40.03504525950301
-0.06648,40.00000000000001,40.00000436188097,40.00037080414003,40.00235901341954,40.00629269335479,40.01135518293005,40.01666375444548,40.021660236909604,40.02607975465913,40.0298405166009,40.03295746099449,40.03548969518605
-0.06624,40.00000000000001,40.00000478229801,40.00039229237302,40.002456774207964,40.006495669936534,40.01165500086633,40.01703616267463,40.02207985127241,40.02652560645837,40.03029699469807,40.033413605496456,40.03593812937356
-0.06599999999999999,40.00000000000001,40.00000524147427,40.000414940656945,40.00255820827608,40.00670441950852,40.011961601383135,40.01741549379182,40.02250602416236,40.02697741728429,40.03075875766262,40.03387437104504,40.03639057131389
-0.06576,40.00000000000001,40.000005742807865,40.000438806403395,40.002663436709035,40.00691907865003,40.01227510407384,40.01780184033982,40.02293882217201,40.027435232500714,40.03122583469083,40.03433977497373,40.036847029823655
-0.06552,40.000000000000014,40.00000628997804,40.00046394956189,40.00277258386793,40.00713978624517,40.01259562968786,40.01819529521152,40.023378311780064,40.02789909712586,40.03169825453924,40.034809834157535,40.03730751328071
-0.06527999999999999,40.000000000000014,40.00000688696688,40.000490432715324,40.002885777449805,40.00736668349177,40.01292330011479,40.01859595162769,40.02382455933056,40.02836905581539,40.03217604551161,40.035284565003245,40.03777202961705
-0.06504,40.000000000000014,40.00000753808258,40.00051832117813,40.00300314854748,40.00759991390914,40.013258238367534,40.019003903114076,40.024277631011714,40.02884515284522,40.0326592354458,40.03576398343979,40.03824058631178
-0.0648,40.00000000000002,40.00000824798433,40.000547683097146,40.00312483170942,40.00783962334475,40.01360056856452,40.01941924347785,40.024737592834384,40.029327432094234,40.03314785170063,40.036248104908495,40.03871319038404
-0.06455999999999999,40.00000000000003,40.00000902170896,40.00057858955531,40.00325096499936,40.00808595997978,40.013950415910855,40.01984206678346,40.02520451061026,40.02981593702673,40.03364192114267,40.03673694435339,40.039189848386044
-0.06431999999999999,40.000000000000036,40.00000986469939,40.000611114678065,40.00338169005574,40.00833907433343,40.01430790667858,40.020272467327864,40.0256784499296,40.03031071067484,40.03414147013287,40.037230516211466,40.03967056639606
-0.06408,40.00000000000005,40.00001078283513,40.00064533574269,40.00351715215088,40.00859911926608,40.014673168185794,40.02071053961508,40.02615947613876,40.03081179562063,40.0346465245133,40.03772883440296,40.04015535001147
-0.06384,40.00000000000006,40.00001178246476,40.000681333290366,40.00365750024977,40.008866249981125,40.01504632877484,40.02115637833014,40.02664765431727,40.03131923397822,40.03515710959369,40.03823191232165,40.04064420434179
-0.06359999999999999,40.00000000000008,40.000012870440706,40.0007191912412,40.00380288706854,40.00914062402557,40.015427517789384,40.02161007831242,40.027143049254654,40.0318330673756,40.03567325013801,40.03873976282512,40.04113713400178
-0.06336,40.00000000000009,40.00001405415633,40.00075899701204,40.00395346913232,40.00942240128918,40.01581686555049,40.0220717345283,40.027645725426865,40.03235333693637,40.036194970350955,40.03925239822503,40.041634143104595
-0.06312,40.00000000000012,40.00001534158548,40.00080084163724,40.00410940683272,40.00971174400235,40.016214503331575,40.02254144204321,40.028155746972445,40.032880083261354,40.03672229386443,40.03976983027746,40.04213523525489
-0.06287999999999999,40.000000000000156,40.0000167413247,40.00084481989229,40.00427086448452,40.0100088167325,40.01662056333231,40.023019295993045,40.028673177668324,40.03341334641004,40.03725524372394,40.04029207017316,40.042640413542024
-0.06264,40.00000000000019,40.000018262638214,40.00089103042035,40.004438010381804,40.01031378637896,40.017035178651426,40.02350539155493,40.0291980809053,40.033953165881904,40.037793842375,40.04081912852792,40.04314968053331
-0.0624,40.00000000000025,40.00001991550583,40.0009395758617,40.004611016853254,40.01062682216643,40.01745848325837,40.02399982391735,40.02973051966327,40.034499580597576,40.038338111649516,40.041351015372896,40.043663038267255
-0.06215999999999999,40.00000000000031,40.00002171067401,40.00099056298609,40.0047900603166,40.01094809563682,40.01789061196394,40.0245026882497,40.03027055648604,40.035052628879924,40.03888807275205,40.04188774014497,40.04418048824687
-0.061919999999999996,40.00000000000039,40.00002365971013,40.001044102827954,40.00497532133214,40.01127778063952,40.018331700389666,40.025014079671074,40.03081825345591,40.03561234843503,40.03944374624622,40.04242931167715,40.044702031433054
-0.06167999999999999,40.0000000000005,40.00002577506033,40.00110031082455,40.005166984655254,40.01161605332005,40.01878188493614,40.025534093218596,40.03137367216801,40.03617877633296,40.04000515204091,40.04297573818895,40.045227668237935
-0.061439999999999995,40.000000000000625,40.00002807011092,40.00115930695689,40.00536523928781,40.011963092106996,40.019241302750146,40.02606282381499,40.031936873704154,40.03675194898856,40.04057230937662,40.04352702727691,40.04575739851839
-0.0612,40.00000000000078,40.00003055925369,40.001221215893615,40.00557027852837,40.0123190776973,40.0197100916907,40.02660036623556,40.03250791860663,40.03733190214203,40.04114523681168,40.04408318590501,40.0462912215695
-0.06095999999999999,40.00000000000099,40.00003325795529,40.00128616713756,40.0057823000211,40.01268419303967,40.02018839029381,40.02714681507461,40.03308686685157,40.03791867083947,40.04172395220855,40.04464422039521,40.046829136118106
-0.060719999999999996,40.000000000001236,40.000036182830904,40.0013542951752,40.006001505803376,40.01305862331635,40.02067633773618,40.02770226471111,40.03367377782206,40.03851228941331,40.04230847272007,40.045210136418035,40.04737114031646
-0.06047999999999999,40.000000000001556,40.00003935172238,40.00142573962879,40.006228102351805,40.01344255592291,40.0211740737976,40.02826680927394,40.03426871028105,40.03911279146268,40.04289881477576,40.04578093898314,40.04791723173584
-0.060239999999999995,40.00000000000195,40.00004278378118,40.00150064541121,40.006462300626794,40.01383618044624,40.021681738822316,40.02884054260631,40.034871722343894,40.039720209833625,40.04349499406805,40.046356632430005,40.04846740736032
-0.06,40.000000000002444,40.00004649955626,40.00157916288343,40.00670431611536,40.01423968864059,40.022199473678995,40.02942355822975,40.03548287145073,40.04033457659937,40.044097025538605,40.04693722041859,40.04902166358056
-0.059759999999999994,40.000000000003055,40.0000505210872,40.0016614480146,40.00695436887226,40.014653274401695,40.02272741971967,40.030015949307405,40.036102214338584,40.040955923040414,40.044704923364634,40.047522705920144,40.049579996187646
-0.059519999999999997,40.00000000000382,40.00005487200288,40.001747662544645,40.00721268355917,40.01507713373881,40.02326571873735,40.030617808606756,40.036729807013174,40.04158427962458,40.045318700945224,40.04811309120799,40.05014240036706
-0.05927999999999999,40.000000000004775,40.000059577625855,40.00183797414929,40.007479489481945,40.01551146474481,40.0238145129225,40.031229228461754,40.03736570472057,40.04221967598706,40.04593837088769,40.048708377848406,40.05070887069262
-0.059039999999999995,40.00000000000596,40.00006466508286,40.00193255660749,40.00775502062581,40.0159564675642,40.024373944818215,40.031850300734376,40.03800996191857,40.04286214091037,40.04656394499399,40.049308566691565,40.05127940112061
-0.0588,40.00000000000743,40.000070163421604,40.002031589971146,40.008039515688274,40.01641234435894,40.0249441572743,40.03248111677563,40.03866263224787,40.04351170230426,40.04719543424714,40.04991365786258,40.0518539849839
-0.058559999999999994,40.000000000009265,40.000076103734244,40.00213526073693,40.008333218109875,40.0168792992722,40.025525293399966,40.0331217673859,40.03932376850304,40.04416838718561,40.0478328487977,40.05052365075253,40.052432614986174
-0.05832,40.00000000001153,40.00008251928777,40.00224376202034,40.00863637610241,40.01735753838988,40.026117496515454,40.03377234277487,40.03999342260329,40.04483222165828,40.048476197950286,40.05113854400966,40.05301528319625
-0.05807999999999999,40.000000000014346,40.00008944566175,40.002357293731606,40.00894924267468,40.01784726969999,40.02672091010232,40.034432932520765,40.04067164556301,40.045503230893004,40.04912549015017,40.05175833553061,40.05360198104247
-0.057839999999999996,40.00000000001783,40.00009692089353,40.00247606275351,40.00927207565564,40.01834870304967,40.02733567775255,40.03510362552914,40.04135848746219,40.04618143910713,40.04978073296989,40.052383022451714,40.05419269930713
-0.0576,40.00000000002214,40.000104985631545,40.00260028312095,40.009605137714686,40.018862050099976,40.027961943116466,40.03578450999109,40.04205399741663,40.046866869544495,40.05044193309597,40.053012601140445,40.054787428121124
-0.057359999999999994,40.00000000002746,40.00011368329676,40.002730176202036,40.00994869637922,40.019387524278386,40.02859984984932,40.03647567334094,40.04275822354797,40.04755954445525,40.05110909631566,40.05364706718688,40.055386156958534
-0.05712,40.00000000003404,40.00012306025284,40.00286597088074,40.01030302404908,40.019925340728875,40.02924954155679,40.037177202213456,40.04347121295361,40.04825948507563,40.051782227503814,40.05428641539529,40.055988874631396
-0.05687999999999999,40.00000000004215,40.00013316598531,40.00300790374071,40.01066839800798,40.02047571625967,40.02991116173914,40.03788918240049,40.04419301167645,40.04896671160789,40.052461330609766,40.05493063977584,40.056595569284546
-0.056639999999999996,40.00000000005215,40.00014405329005,40.00315621925033,40.011045100431616,40.02103886928855,40.03058485373427,40.038611698807216,40.04492366467448,40.049681243200105,40.05314640864438,40.05557973353637,40.05720622839055
-0.05639999999999999,40.00000000006446,40.000155778471594,40.003311169948645,40.01143341839254,40.02161501978576,40.031270760659446,40.039344835407796,40.04566321579033,40.05040309792609,40.0538374636671,40.05623368907428,40.05782083874476
-0.056159999999999995,40.00000000007961,40.00016840155153,40.00347301663213,40.011833643861436,40.02220438921437,40.031969025351955,40.040088675200636,40.04641170772059,40.051132292765345,40.054534496773186,40.05689249796856,40.05843938646042
-0.05592,40.000000000098225,40.000181986487455,40.003642028541954,40.01224607370488,40.02280720046824,40.03267979030844,40.04084330016322,40.04716918198513,40.05186884358304,40.05523750808096,40.05755615097184,40.05906185696396
-0.05567999999999999,40.00000000012109,40.000196601402884,40.00381848355172,40.012671009679366,40.0234236778074,40.03340319762313,40.04160879120638,40.047935678896266,40.052612765110055,40.05594649671923,40.058224638002685,40.0596882349903
-0.055439999999999996,40.000000000149136,40.000212318828446,40.00400266835522,40.013108758421474,40.024054046790916,40.034139388924864,40.04238522812828,40.04871123752787,40.053364070923095,40.056661460814816,40.05889794813788,40.060318504578355
-0.05519999999999999,40.00000000018352,40.00022921595493,40.004194878654275,40.013559631434084,40.02469853420716,40.03488850531293,40.043172689567896,40.049495895684416,40.054122773424865,40.05738239748012,40.05957606960495,40.06095264906658
-0.054959999999999995,40.000000000225626,40.000247374898414,40.00439541934613,40.01402394506846,40.02535736800155,40.03565068729176,40.04397125295813,40.05028968986995,40.054888883824326,40.058109302800936,40.06025898977472,40.06159065108867
-0.05472,40.00000000027714,40.000266882978025,40.00460460471039,40.014502020502185,40.02603077720165,40.0364260747045,40.044780994478515,40.05109265525705,40.055662412117044,40.058842171824296,40.06094669515403,40.06223249256937
-0.054479999999999994,40.00000000034011,40.00028783300675,40.004822758595054,40.01499418371267,40.02671899183962,40.037214806665396,40.04560198900761,40.05190482565571,40.05644336706565,40.0595809985465,40.06163917137864,40.0628781547204
-0.05424,40.00000000041701,40.00031032359567,40.00505021460158,40.01550076544628,40.027422242872134,40.03801702149108,40.04643431007497,40.05272623348227,40.057231756180364,40.060325775901255,40.06233640320618,40.06352761803649
-0.05399999999999999,40.000000000510845,40.00033445947203,40.00528731626845,40.01602210118282,40.02814076209749,40.03883285663078,40.04727802981283,40.05355690972823,40.05802758569968,40.06107649574797,40.063038374509304,40.064180862291536
-0.053759999999999995,40.00000000062523,40.00036035181169,40.00553441725319,40.01655853109528,40.028874782070226,40.039662448595415,40.048133218907466,40.05439688392921,40.05883086057118,40.06183314886024,40.063745068268965,40.06483786653496
-0.05352,40.00000000076453,40.000388118586244,40.005791881512344,40.017110400004825,40.02962453601292,40.04050593288559,40.04899994655023,40.05524618413383,40.059641584432384,40.06259572491441,40.064456466567854,40.06549860908805
-0.053279999999999994,40.00000000093404,40.00041788492533,40.00606008347924,40.017678057330755,40.03039025772541,40.04136344391856,40.04987828038833,40.05610483687264,40.06045975959189,40.063364212478376,40.065172550583966,40.06616306754058
-0.05304,40.000000001140094,40.00044978349449,40.00633940823909,40.01826185703544,40.031172181491264,40.04223511495424,40.050768286475325,40.05697286712714,40.06128538701056,40.06413859900051,40.065893300584335,40.06683121874746
-0.05279999999999999,40.000000001390354,40.00048395488905,40.006630251701196,40.018862157563994,40.0319705419816,40.04312107801998,40.05167002922143,40.05785029829881,40.06211846628285,40.06491887079878,40.06661869591895,40.06750303882558
-0.052559999999999996,40.00000000169403,40.00052054804437,40.00693302076784,40.019479321778704,40.03278557415616,40.04402146383463,40.05258357134349,40.05873715217821,40.06295899561842,40.06570501305004,40.06734871501479,40.068178503150754
-0.05232,40.00000000206217,40.00055972066292,40.007248133499516,40.02011371688797,40.033617513161744,40.044936401731384,40.05350897381487,40.059633448914255,40.06380697182383,40.06649700977952,40.06808333537004,40.06885758635483
-0.052079999999999994,40.00000000250806,40.00060163965855,40.00757601927619,40.020765714369745,40.0344665942279,40.04586601957984,40.0544462958151,40.06053920698348,40.06466239028439,40.067294843850455,40.068822533548534,40.06954026232293
-0.05184,40.00000000304762,40.00064648161829,40.00791711895409,40.021435689889266,40.03533305255998,40.04681044370705,40.055395594679304,40.06145444315948,40.065525244946336,40.06809849695402,40.06956628517426,40.07022650419084
-0.05159999999999999,40.00000000369992,40.000694433282156,40.00827188501772,40.022124023211084,40.03621712322944,40.047769798817704,40.05635692584764,40.06237917248248,40.06639552829909,40.06890794959936,40.07031456492612,40.07091628434252
-0.051359999999999996,40.00000000448779,40.000745692041214,40.0086407817267,40.02283109810512,40.03711904106153,40.04874420791343,40.05733034281446,40.06331340822906,40.067273231357795,40.06972318110384,40.07106734653289,40.07160957440781
-0.05112,40.00000000543854,40.0008004664542,40.00902428525695,40.02355730224687,40.03803904052028,40.049733792211285,40.05831589707746,40.06425716188199,40.06815834364604,40.07054416958361,40.07182460276829,40.072306345260245
-0.050879999999999995,40.00000000658478,40.00085897678322,40.009422883835875,40.0243030271114,40.03897735559089,40.05073867106136,40.05931363808676,40.0652104431003,40.06905085317885,40.07137089194428,40.07258630544626,40.07300656701503
-0.05064,40.000000007965426,40.000921455548486,40.00983707787101,40.02506866786122,40.03993421965935,40.05175896186369,40.06032361319389,40.06617325968953,40.0699507464459,40.072203323871825,40.073352425416495,40.07371020902719
-0.05039999999999999,40.00000000962689,40.00098814810272,40.010267380071824,40.02585462322789,40.04090986538966,40.052794779984346,40.061345867600735,40.06714561757214,40.07085800839497,40.07304143982383,40.074122932560094,40.07441723988986
-0.050159999999999996,40.000000011624444,40.00105931322511,40.010714315564044,40.02666129538724,40.041904524598216,40.053846238670815,40.06238044430861,40.0681275207582,40.07177262241571,40.073885213020844,40.074897795785446,40.07512762743273
-0.04991999999999999,40.00000001402386,40.001135223735375,40.01117842199627,40.02748908982809,40.04291842812582,40.054913448966744,40.06342738406715,40.069118971316314,40.07269457032357,40.07473461543804,40.07567698302427,40.07584133872065
-0.049679999999999995,40.00000001690332,40.001216167127744,40.01166024963813,40.02833841521449,40.043951805707025,40.05599651962596,40.06448672532342,40.07011996934471,40.073623832344154,40.07558961779711,40.07646046122796,40.07655834005242
-0.04944,40.000000020355685,40.00130244622535,40.012160361469796,40.029209683241305,40.04500488583698,40.05709555702594,40.065558504171044,40.07113051294275,40.07456038709775,40.07645018955844,40.077248196364,40.077278596959694
-0.049199999999999994,40.00000002449111,40.001394379854844,40.012679333262035,40.030103308483085,40.046077895635875,40.058210665080644,40.06664275429935,40.07215059818259,40.07550421158418,40.0773162989135,40.07804015341271,40.07800207420612
-0.04896,40.00000002944017,40.0014923035415,40.013217753646686,40.03101970823618,40.047171060710795,40.05934194515286,40.067739506942786,40.073180219081195,40.07645528116803,40.07818791277751,40.07883629636414,40.07872873578657
-0.04871999999999999,40.00000003535749,40.00159657022467,40.01377622417666,40.03195930235398,40.048284605015276,40.06048949596602,40.06884879083037,40.07421936757269,40.07741356956406,40.079064996782414,40.07963658821517,40.079458544926624
-0.048479999999999995,40.00000004242595,40.001707550993686,40.014355359375294,40.03292251307534,40.04941875070641,40.06165341351555,40.06997063213536,40.075268033480995,40.07837904882311,40.079947515270064,40.08044099096691,40.080191464082134
-0.04824,40.0000000508617,40.00182563584401,40.014955786774294,40.03390976484591,40.0505737179997,40.062833790979816,40.07110505442514,40.076326204492865,40.079351689318166,40.080835431285756,40.08124946562222,40.08092745493903
-0.047999999999999994,40.000000060919916,40.001951234453564,40.0155781469399,40.03492148413256,40.051749725021516,40.06403071863069,40.07225207861129,40.07739386613123,40.08033145973094,40.081728706571994,40.08206197218351,40.08166647841326
-0.04776,40.00000007290157,40.002084776979075,40.016223093486666,40.035958099230704,40.05294698765943,40.06524428374379,40.07341172290001,40.07847100172901,40.08131832703867,40.082627301562574,40.08287846965079,40.08240849465095
-0.04751999999999999,40.00000008716128,40.002226714872045,40.016891293078366,40.03702004006455,40.05416571941028,40.06647457050839,40.074584002742704,40.079557592403184,40.08231225650134,40.08353117537696,40.08369891601987,40.08315346302867
-0.047279999999999996,40.000000104116474,40.00237752171417,40.01758342541548,40.03810773798016,40.05540613122614,40.06772165993715,40.075768930786964,40.08065361702945,40.0833132116493,40.08444028581496,40.08452326828091,40.08390134215397
-0.04704,40.000000124258015,40.00253769407177,40.01830018320868,40.039221625531454,40.056668431358226,40.06898562977562,40.07696651682792,40.081759052217166,40.08432115427119,40.0853545893517,40.08535148241709,40.08465208986602
-0.046799999999999994,40.000000148162584,40.00270775236868,40.01904227213787,40.04036213625891,40.057952825198726,40.070266554411546,40.07817676775989,40.082873872284814,40.085336044402354,40.086274041132924,40.08618351340359,40.085405663236436
-0.04656,40.00000017650694,40.002888241777235,40.01981041079615,40.0415297044612,40.059259515120786,40.071564504784206,40.07939968752845,40.08399804923592,40.086357840313575,40.08719859497061,40.087019315206796,40.08616201857037
-0.04631999999999999,40.00000021008458,40.003079733126604,40.020605330618196,40.04272476495948,40.0605887003165,40.072879548293535,40.080635277083005,40.08513155273544,40.087386498500244,40.08812820333887,40.08785884078375,40.08692111140769
-0.046079999999999996,40.00000024982488,40.00328282382782,40.02142777579258,40.04394775285464,40.06194057663317,40.074211748709374,40.08188353432971,40.08627435008663,40.088421973671956,40.08906281737025,40.088702042081856,40.08768289652438
-0.04584,40.000000296815344,40.00349813881467,40.02227850315734,40.04519910327724,40.063315336407754,40.07556116608071,40.08314445408502,40.087426406208465,40.08946421874252,40.0900023868523,40.08954887003879,40.08844732793415
-0.045599999999999995,40.00000035232717,40.00372633149974,40.02315828207843,40.04647925113029,40.06471316829972,40.076927856645035,40.08441802802961,40.08858768361356,40.090513184820445,40.090946860224484,40.09039927458272,40.08921435889019
-0.04536,40.00000041784485,40.00396808474441,40.02406789431041,40.047788630824954,40.06613425712225,40.07831187273788,40.08570424466295,40.08975814238665,40.091568821199765,40.091896184575454,40.091253204632785,40.08998394188718
-0.04511999999999999,40.00000049510022,40.00422411184192,40.02500813383892,40.049127676009014,40.067578783671976,40.07971326270252,40.08700308925847,40.090937740163604,40.09263107535147,40.09285030564065,40.092110608099745,40.0907560286634
-0.044879999999999996,40.00000058611159,40.0044951575123,40.0259798067043,40.05049681928833,40.06904692455728,40.0811320708,40.08831454381922,40.092126432111066,40.09369989291525,40.09380916780028,40.09297143188699,40.09153057020308
-0.04464,40.00000069322886,40.00478199890784,40.02698373080603,40.051896491941235,40.07053885202523,40.08256833711944,40.08963858703437,40.093324170906634,40.09477521769182,40.09477271407759,40.093835621891756,40.09230751673901
-0.044399999999999995,40.00000081918521,40.00508544662781,40.02802073568728,40.053327123625984,40.07205473378735,40.08402209748871,40.090975194236165,40.09453090671969,40.09585699163565,40.09574088613756,40.09470312300662,40.093086817755186
-0.04416,40.00000096715638,40.00540634574093,40.02909166229917,40.05478914208122,40.07359473284416,40.08549338338563,40.09232433735774,40.095746587192856,40.09694515484822,40.096713624285925,40.09557387912124,40.093868421989775
-0.043919999999999994,40.00000114082869,40.00574557681397,40.03019736274434,40.05628297281965,40.07515900730869,40.086982221849524,40.09368598489163,40.09697115742404,40.09803964557177,40.09769086746854,40.09644783312441,40.09465227743827
-0.04368,40.00000134447677,40.00610405694478,40.03133869999908,40.05780903881497,40.07674771022907,40.088488635393475,40.095060101849,40.09820455994922,40.09914040018351,40.09867255327121,40.09732492690632,40.09543833135676
-0.04344,40.00000158305246,40.00648274079797,40.032516547613895,40.059367760182084,40.078360989410214,40.09001264191707,40.096446649719766,40.09944673472581,40.1002473531904,40.09965861791972,40.09820510136112,40.09622653026549
-0.043199999999999995,40.00000186228629,40.00688262164129,40.03373178939177,40.060959553850765,40.07999898723478,40.09155425461993,40.097845586433436,40.100697619116815,40.10136043722439,40.100648996280476,40.09908829638978,40.09701681995252
-0.04296,40.00000218880322,40.00730473238056,40.03498531904388,40.06258483323292,40.08166184048351,40.09311348191584,40.09925686632089,40.10195714787559,40.10247958303825,40.101643621861264,40.09997445090317,40.09780914547771
-0.042719999999999994,40.000002570254495,40.007750146591114,40.03627803982219,40.06424400788344,40.08334968015503,40.094690327347855,40.10068044007704,40.103225253131406,40.10360471950186,40.10264242681262,40.10086350282547,40.09860345117676
-0.04248,40.00000301546763,40.00821997954328,40.037610864128666,40.0659374831549,40.085062631285204,40.09628478950405,40.10211625472437,40.10450186437568,40.104735773599074,40.10364534192947,40.10175538909779,40.099399680665556
-0.04224,40.000003534616894,40.00871538921959,40.03898471310058,40.067665659846185,40.08680081276623,40.09789686193438,40.103564253577474,40.10578690844899,40.105872670425164,40.10465229665316,40.102650045682154,40.10019777684468
-0.041999999999999996,40.000004139416845,40.00923757732113,40.040400516171694,40.069428933845174,40.08856433716554,40.09952653306843,40.105024376208554,40.107080309528875,40.10701533318476,40.1056632190739,40.103547407565685,40.10099768190408
-0.04176,40.00000484334171,40.009787790260226,40.04185921060876,40.071227695765735,40.09035331054465,40.10117378613418,40.10649655841392,40.10838198911834,40.10816368319039,40.10667803593366,40.10444740876511,40.101799337328046
-0.041519999999999994,40.00000566187392,40.01036732013676,40.043361741023325,40.07306233057908,40.092167832278044,40.10283859907801,40.107980732181595,40.109691866035256,40.109317639861544,40.10769667262936,40.10534998233156,40.10260268390023
-0.04128,40.00000661278515,40.01097750569517,40.04490905885817,40.07493321723973,40.094007994872285,40.10452094448569,40.10947682565991,40.11100985640244,40.11047712072437,40.108719053216525,40.106255060355586,40.10340766170902
-0.04103999999999999,40.0000077164539,40.01161973325894,40.04650212184844,40.0768407283063,40.09587388378544,40.1062207895048,40.110984763127256,40.112335873638706,40.11164204141192,40.10974510041334,40.107162573972566,40.10421421015302
-0.040799999999999996,40.00000899622387,40.01229543763947,40.04814189345702,40.07878522955724,40.097765577246946,40.10793809576832,40.112504464962974,40.11366982845061,40.11281231566496,40.110774735605126,40.108072453368266,40.10502226794677
-0.04056,40.000010478807866,40.013006103015954,40.049829342284,40.08076707960178,40.099683146078064,40.10967281931961,40.11403584761938,40.115011628825144,40.113987855333406,40.11180787884917,40.10898462778481,40.105831773126646
-0.040319999999999995,40.00001219474253,40.01375326378279,40.05156544145001,40.08278662948632,40.10162665351305,40.111424910538915,40.115578823594994,40.116361180023226,40.11516857037836,40.11284444888001,40.10989902552686,40.10664266305695
-0.04008,40.00001417889965,40.014538505360996,40.05335116795333,40.08484422229647,40.103596155021215,40.11319431407121,40.11713330140901,40.11771838457409,40.11635436887468,40.11388436311517,40.11081557396809,40.10745487443628
-0.039839999999999993,40.00001647106029,40.015363464969816,40.05518750200057,40.08694019275495,40.10559169812993,40.114980968755745,40.11869918557703,40.1190831422706,40.1175451570143,40.1149275376612,40.111734199557986,40.108268343303955
-0.039599999999999996,40.00001911655893,40.01622983235483,40.05707542631088,40.089074866815686,40.1076133222488,40.11678480755714,40.12027637658798,40.120455350165365,40.118740839109975,40.11597388732026,40.11265482782888,40.109083005046784
-0.03936,40.000022167004936,40.01713935046852,40.05901592539356,40.091248561254304,40.109661058495156,40.118605757498194,40.121864770882496,40.12183490256788,40.119941317599825,40.11702332559703,40.11357738340332,40.10989879440596
-0.039119999999999995,40.00002568108989,40.01809381609929,40.06100998479915,40.093461583255284,40.1117349295209,40.120443739594464,40.12346426083249,40.1232216910425,40.12114649305237,40.118075764706084,40.11450179000167,40.110715645484156
-0.03888,40.00002972548977,40.019095080444785,40.06305859034392,40.09571422999612,40.113834949341005,40.12229866879063,40.12507473472221,40.12461560440739,40.12235626417228,40.11913111557969,40.115427970450085,40.111533491752844
-0.038639999999999994,40.00003437587187,40.020145049625306,40.06516272730782,40.098006788228716,40.11596112316367,40.12417045389877,40.12669607673059,40.12601652873443,40.12357052780668,40.12018928787601,40.11635584668867,40.11235226605978
-0.0384,40.00003971801722,40.02124568513283,40.06732337960605,40.10033953385834,40.1181134472224,40.12605899753861,40.12832816691507,40.127424347350036,40.12478917895215,40.12125018998772,40.11728533978001,40.11317190063671
-0.03816,40.00004584907019,40.022399004211394,40.06954152893428,40.102712731520484,40.12029190861009,40.1279641960797,40.129970881196876,40.128838940837,40.12601211076235,40.12231372905111,40.11821636991793,40.11399232710729
-0.037919999999999995,40.00005287892779,40.02360708016418,40.07181815388777,40.105126634155894,40.1224964851153,40.12988593958582,40.13162409134771,40.130260187037244,40.127239214556276,40.12337981095554,40.11914885643658,40.11481347649515
-0.03768,40.00006093178252,40.0248720425828,40.07415422905457,40.107581482584145,40.12472714506084,40.13182411176131,40.13328766497802,40.13168796105561,40.12847037982715,40.124448340353354,40.12008271781979,40.11563527923218
-0.037439999999999994,40.00007014783328,40.02619607749405,40.076550724083056,40.11007750507609,40.12698384714485,40.13377858989986,40.1349614655267,40.13312213526465,40.129705494251986,40.12551922067025,40.12101787171071,40.11645766516705
-0.0372,40.00008068518031,40.02758142741955,40.079008602724116,40.11261491692552,40.12926654028457,40.135749244835324,40.136645352252394,40.134562579310355,40.13094444370181,40.12659235411599,40.12195423492173,40.11728056357382
-0.03696,40.000092721921185,40.02903039134339,40.0815288218483,40.115193920020424,40.13157516346282,40.13773594089504,40.13833918022636,40.136009160118995,40.132187112252495,40.12766764169569,40.1228917234447,40.11810390316088
-0.036719999999999996,40.000106458466064,40.030545324583066,40.08411233043844,40.11781470241417,40.13390964557749,40.13973853585544,40.14004280032693,40.137461741904886,40.133433382196294,40.128744983221324,40.123830252461424,40.11892761207996
-0.03648,40.00012212009174,40.03212863855886,40.086760068557965,40.1204774378971,40.136269905294164,40.141756880900175,40.141756059235554,40.13892018617924,40.13468313405401,40.12982427732387,40.12476973635443,40.119751617935385
-0.036239999999999994,40.000139959755295,40.033782800456876,40.08947296629571,40.12318228556869,40.13865585090196,40.143790820580655,40.1434787994345,40.14038435176006,40.13593624658784,40.13090542146575,40.12571008871804,40.12057584779354
-0.036,40.00016026118957,40.035510332780866,40.09225194268741,40.12592938941098,40.14106738017283,40.145840192779275,40.145210859206244,40.141854094783035,40.137192596814835,40.13198831195373,40.126651222369674,40.121400228192435
-0.03576,40.00018334230396,40.03731381278805,40.0950979046148,40.12871887786339,40.14350438022445,40.147904828675195,40.14695207263446,40.14332926871351,40.138452060021116,40.133072843952235,40.12759304936152,40.12222468515159
-0.035519999999999996,40.00020955891544,40.039195871804104,40.098011745682726,40.13155086339956,40.14596672738683,40.1499845527128,40.14870226960682,40.14480972435952,40.139714509776645,40.13415891149716,40.12853548099238,40.123049144181984
-0.03528,40.000239308836115,40.04115919441261,40.100994345075016,40.13442544210643,40.14845428707285,40.15207918257293,40.15046127581939,40.14629530988587,40.140979817950736,40.13524640750998,40.12947842781987,40.12387353029623
-0.035039999999999995,40.00027303634524,40.04320651751425,40.104046566390004,40.13734269326613,40.150966913652866,40.15418852914693,40.152228912782824,40.1477858708293,40.14224785472818,40.13633522381237,40.13042179967284,40.12469776801895
-0.0348,40.00031123707446,40.0453406292511,40.107169256456224,40.14030267894106,40.15350445033348,40.15631239651343,40.15400499783037,40.14928125011467,40.143518488626114,40.13742525114124,40.13136550566409,40.12552178139732
-0.034559999999999994,40.00035446333706,40.04756436779142,40.11036324412941,40.14330544356261,40.156066729040724,40.158450581918196,40.1557893441275,40.1507812880723,40.14479158651142,40.13851637916416,40.132309454203394,40.126345494011765
-0.034319999999999996,40.00040332993291,40.04988061997067,40.113629339071466,40.14635101352388,40.158653570307784,40.16060287575683,40.15758176068346,40.15228582245634,40.14606701361891,40.139608496495214,40.133253553010704,40.12716882898688
-0.03408,40.00045852046211,40.052292319784144,40.116968330512535,40.14943939677701,40.16126478316737,40.16276906156046,40.15938205236459,40.15379468846421,40.14734463357017,40.14070149071127,40.134197709129694,40.12799170900247
-0.033839999999999995,40.00052079418175,40.05480244672727,40.12038098599706,40.15257058243541,40.16390016504893,40.16494891598457,40.16119001990939,40.15530771875715,40.14862430839294,40.141795248368695,40.13514182894155,40.12881405630483
-0.0336,40.00059099344093,40.057414023979405,40.12386805011493,40.15574454038142,40.16655950168086,40.16714220880084,40.163005459945516,40.15682474348188,40.149905898541284,40.14288965502037,40.136085818179005,40.12963579271811
-0.033359999999999994,40.00067005173049,40.060130116427196,40.12743024321887,40.15896122087993,40.16924256699785,40.16934870289224,40.16482816500854,40.15834559029327,40.1511892629164,40.143984595233306,40.13702958194065,40.13045683965592
-0.03312,40.00075900238455,40.06295382852397,40.13106826012909,40.16222055419825,40.17194912305354,40.171568154251204,40.16665792356263,40.15987008437822,40.152474258888,40.145079952606444,40.137973024705516,40.131277118133085
-0.03288,40.00085898797159,40.06588830198149,40.134782768826675,40.16552245023288,40.174678919938515,40.17380031198112,40.16849452002305,40.16139804848048,40.15376074231646,40.146175609789054,40.13891605034786,40.13209654877754
-0.032639999999999995,40.000971270413366,40.06893671329087,40.138574409136616,40.16886679814353,40.177431695704016,40.17604491830109,40.17033773478055,40.16292930292671,40.15504856757552,40.14727144849939,40.13985856215224,40.13291505184242
-0.0324,40.00109724186997,40.07210227106966,40.14244379140217,40.17225346599495,40.180207176291255,40.17830170855397,40.172187344227645,40.16446366565353,40.15633758757573,40.14836734954382,40.14080046282886,40.13373254721825
-0.032159999999999994,40.00123843642962,40.07538821323235,40.14639149515166,40.17568230040696,40.18300507546666,40.180570411217836,40.17404312078677,40.16600095223569,40.157627653788424,40.14946319283633,40.14174165452911,40.134548954445414
-0.03192,40.00139654264096,40.07879780398164,40.150418067759205,40.17915312621323,40.18582509476309,40.1828507479208,40.17590483294037,40.16754097591535,40.158918616270455,40.1505588574184,40.142682038861395,40.13536419272662
-0.03168,40.00157341692545,40.082334330618515,40.15452402310091,40.18266574612926,40.18866692342717,40.18514243345926,40.177772245262865,40.16908354763239,40.1602103236895,40.151654221479326,40.14362151690715,40.13617818093964
-0.031439999999999996,40.00177109790589,40.08600110016913,40.15870984020797,40.186219940430014,40.191530238372955,40.18744517581963,40.17964511845454,40.170628476055875,40.16150262334998,40.1527491623768,40.14455998923715,40.13699083765014
-0.0312,40.00199182168601,40.08980143582696,40.162975961918164,40.18981546663775,40.1944147041419,40.18975867620359,40.18152320937734,40.172175567616556,40.16279536121971,40.15384355665802,40.14549735592803,40.137802081124704
-0.030959999999999998,40.00223803811394,40.09373867320917,40.167322793527596,40.19345205922044,40.19731997286944,40.1920826290568,40.1834062710926,40.17372462654042,40.16408838195702,40.15493728008108,40.146433516578995,40.13861182934394
-0.030719999999999997,40.00251242805991,40.097816156426205,40.171750701444,40.19712942930135,40.200245684258164,40.194416722101224,40.18529405290069,40.1752754548834,40.16538152893865,40.15603020763672,40.147368370328856,40.139420000015754
-0.030479999999999997,40.00281792173572,40.10203723396444,40.176260011843596,40.20084726438016,40.20319146555777,40.196760636371046,40.18718630038257,40.17682785256703,40.16667464428815,40.15712221357052,40.14830181587317,40.14022651058882
-0.030239999999999996,40.00315771807983,40.106405254381706,40.18085100933303,40.20460522806616,40.20615693155192,40.19911404625213,40.18908275544328,40.17838161741532,40.167967568904935,40.15821317140536,40.14923375148165,40.14103127826607
-0.03,40.00353530522774,40.110923561816215,40.18552393561833,40.208402959823964,40.20914168455203,40.20147661952516,40.19098315635734,40.1799365451925,40.16926014249393,40.15930295396431,40.150164075015866,40.14183422001844
-0.029759999999999998,40.0039544820827,40.115595491309804,40.19027898818245,40.21224007473222,40.21214531439827,40.2038480174124,40.192887237816095,40.18149242964198,40.170552203595854,40.16039143339382,40.15109268394699,40.142635252598645
-0.029519999999999998,40.004419380995884,40.12042436394677,40.19511631897362,40.21611616325579,40.21516739846764,40.20622789462814,40.19479473097691,40.18304906252623,40.17184358961797,40.16147848118729,40.15201947537392,40.143434292555156
-0.029279999999999997,40.00493449155941,40.12541348181021,40.20003603310596,40.22003079103175,40.21820750168949,40.20861589943279,40.19670536351438,40.18460623366779,40.173134136865585,40.16256396820893,40.152944346041465,40.144231256246236
-0.029039999999999996,40.00550468550794,40.130566122758175,40.20503818757459,40.22398349866986,40.221265176568316,40.21101167369069,40.19861885967333,40.18616373099123,40.17442368057398,40.163647764718014,40.15386719235885,40.14502605985417
-0.0288,40.0061352427173,40.13588553502241,40.21012278998705,40.227973801567735,40.22433996321414,40.21341485293161,40.2005349403238,40.187721340566156,40.175712054941016,40.16472974039344,40.15478791041832,40.145818619399535
-0.02856,40.00683187827955,40.1413749316332,40.21528979731297,40.2320011897413,40.22743138938044,40.21582506641596,40.202453323017835,40.18927884665125,40.1769990931602,40.16580976435856,40.155706396013976,40.146608850755634
-0.028319999999999998,40.00760077062442,40.147037484674065,40.22053911465405,40.23606512767088,40.23053897050973,40.21824193720374,40.20437372204829,40.19083603173924,40.17828462745439,40.166887705206406,40.15662254466079,40.14739666966303
-0.028079999999999997,40.008448590646836,40.15287631937087,40.22587059403636,40.24016505416338,40.2336622097869,40.22066508222716,40.20629584850933,40.192392676602935,40.17956848910999,40.16796343102516,40.15753625161383,40.148181991744195
-0.027839999999999997,40.00938253178867,40.15889450802034,40.2312840332269,40.24430038223098,40.236800598200354,40.22309411236701,40.208219410358936,40.19394856034217,40.18085050851168,40.169036809423964,40.158447411887565,40.14896473251823
-0.027599999999999996,40.0104103410109,40.165095063763516,40.23677917457664,40.24847049898666,40.239953614611004,40.22552863253277,40.21014411248319,40.19550346043178,40.182130515177725,40.17010770755904,40.15935592027549,40.149744807415715
-0.02736,40.01154035057924,40.17148093421038,40.24235570389194,40.252674765557096,40.24312072582926,40.2279682417464,40.21206965676239,40.19705715277043,40.18340833779569,40.17117599216001,40.16026167136976,40.15052213179366
-0.02712,40.0127815105722,40.178054994922384,40.2480132493365,40.25691251701312,40.24630138669992,40.23041253322982,40.213995742138984,40.19860941173048,40.1846838042588,40.172241529556615,40.161164559581096,40.15129662095052
-0.026879999999999998,40.01414342200603,40.184820042760236,40.25375138036598,40.261183062318324,40.249495040195185,40.232861094496144,40.215922064687355,40.200160010208734,40.185956741702675,40.17330418570562,40.16206447915881,40.15206819014133
-0.026639999999999997,40.01563637045518,40.19177878910479,40.259569606697234,40.26548568429598,40.252701117515706,40.235313507444566,40.2178483176853,40.201708719678074,40.187226976542604,40.17436382621804,40.16296132421095,40.152836754592904
-0.026399999999999996,40.017271360030534,40.19893385295973,40.26546737731438,40.26981963961472,40.255919038199764,40.23776934845891,40.219774191687364,40.20325531024004,40.18849433451132,40.17542031638659,40.163854988724644,40.15360222951913
-0.02616,40.01906014756073,40.20628775394512,40.27144407951373,40.274184158793275,40.25914821024058,40.24022818850986,40.22169937459985,40.204799550678246,40.18975864069716,40.1764735212134,40.16474536658655,40.154364530136334
-0.02592,40.02101527680394,40.213842905191406,40.2774990379897,40.27857844622463,40.26238803021186,40.2426895932608,40.2236235517576,40.20634120851268,40.19101971958274,40.177523305437994,40.165632351603456,40.15512357167872
-0.025679999999999998,40.023150112499316,40.22160160614454,40.28363151396369,40.283001680219826,40.26563788340143,40.24515312317729,40.22554640600243,40.207880050054875,40.19227739508407,40.178569533565444,40.16651583752297,40.15587926941389
-0.025439999999999997,40.02547887404834,40.22956603529277,40.289840704358134,40.28745301307175,40.268897143953204,40.247618333640105,40.22746761776332,40.20941584046385,40.19353149059007,40.179612069894844,40.16739571805442,40.1566315386584
-0.025199999999999997,40.02801666859745,40.237738242826914,40.296125741017626,40.291931571139145,40.272165175017236,40.25008477506185,40.22938686513816,40.21094834380292,40.194781829002494,40.180650778547914,40.16827188688974,40.15738029479343
-0.024959999999999996,40.03077952327355,40.24612014324606,40.302485689979214,40.29643645495121,40.27544132890808,40.252551993007096,40.231303823977214,40.21247732309729,40.19602823277632,40.18168552349788,40.169144237724616,40.158125453280455
-0.02472,40.033784416304904,40.25471350792133,40.30891955079385,40.30096673933281,40.278724947271286,40.25501952831602,40.233218167968126,40.21400254039239,40.197270523960455,40.18271616859853,40.17001266427962,40.15886692967702
-0.02448,40.03704930674022,40.2635199576311,40.31542625590104,40.30552147355068,40.28201536125811,40.257486917231496,40.23512956872252,40.215523756813035,40.19850852423887,40.18374257761344,40.170877060321494,40.159604639652514
-0.024239999999999998,40.0405931624597,40.272540955081205,40.32200467005844,40.31009968148087,40.28531189170839,40.25995369152961,40.23703769586416,40.21704073262324,40.19974205497208,40.184764614245424,40.171737319684524,40.16033849900407
-0.023999999999999997,40.04443598615297,40.281777797424695,40.328653589828576,40.314700361797435,40.28861384934154,40.262419378653554,40.23894221711857,40.218553227286804,40.20097093723899,40.18578214216617,40.17259333629202,40.16106842367239
-0.023759999999999996,40.048598838920775,40.29123160879567,40.33537174312431,40.31932248818263,40.29192053495566,40.264883501850846,40.24084279840423,40.22006099952861,40.20219499187909,40.186795025045996,40.173445004177815,40.16179432975772
-0.02352,40.05310386113983,40.30090333287276,40.34215778881503,40.3239650095588,40.2952312396347,40.26734558031388,40.24273910392512,40.22156380739655,40.203414039534906,40.187803126583795,40.17429221750792,40.162516133535775
-0.02328,40.057974290214126,40.31079372548781,40.34901031639529,40.328626850342026,40.29854524496363,40.26980512932363,40.24463079626472,40.22306140832409,40.204627900694874,40.18880631053712,40.17513487060218,40.163233751473776
-0.023039999999999998,40.063234474820966,40.320903347296166,40.35592784571763,40.3333069107176,40.30186182325151,40.27226166039664,40.246517536481456,40.22455355919358,40.2058363957364,40.189804440752404,40.17597285795603,40.16394710024642
-0.022799999999999997,40.06890988524654,40.33123255652502,40.362908826791234,40.33800406693751,40.30518023776254,40.274714681435064,40.248398984205345,40.226040016400006,40.20703934496929,40.19079738119536,40.17680607426234,40.16465609675191
-0.022559999999999997,40.07502711939433,40.34178150181701,40.3699516396481,40.34271717163987,40.30849974295487,40.27716369687984,40.25027479773609,40.22752053591547,40.20823656867938,40.19178499598138,40.17763441443317,40.16536065812807
-0.02232,40.081613904040005,40.35255011518637,40.37705459427815,40.34744505419049,40.31181958472709,40.279608207866836,40.25214463414238,40.22899487335415,40.209427887172495,40.1927671494062,40.17845777362178,40.16606070176833
-0.02208,40.08869909089942,40.36353810510539,40.38421593063495,40.352186521046384,40.315139000672474,40.28204771238594,40.25400814936239,40.23046278403781,40.210613120818515,40.19374370597654,40.179276047244485,40.16675614533782
-0.02184,40.096312647071386,40.37474494973919,40.39143381871324,40.35694035614147,40.31845722034066,40.284481705443085,40.25586499830555,40.231924023061865,40.21179209009583,40.19471453044089,40.18008913100263,40.16744690678945
-0.021599999999999998,40.10448563941567,40.38616989034704,40.39870635869978,40.36170532129417,40.321773465506915,40.28690967922505,40.25771483495536,40.233378345361864,40.21296461563584,40.19567948782038,40.18089692090464,40.16813290437998
-0.021359999999999997,40.11325021242763,40.39781192486886,40.40603158119871,40.366480156637024,40.32508695044857,40.289331123266955,40.259557312473426,40.234825505780464,40.214130518267794,40.19663844343969,40.1816993132879,40.16881405668606
-0.02112,40.12263955917603,40.40966980171536,40.41340744753258,40.37126358106821,40.32839688222886,40.29174552462257,40.26139208330444,40.236265259134875,40.215289619063654,40.19759126295805,40.18249620484091,40.1694902826203
-0.02088,40.13268788487903,40.421742013780836,40.420831850120166,40.37605429272482,40.3317024609877,40.29415236803706,40.26321879928228,40.237697360284635,40.21644173938322,40.19853781240028,40.18328749262519,40.17016150144729
-0.02064,40.14343036270566,40.434026792697374,40.428302612932114,40.380850969477756,40.33500288023955,40.29655113612233,40.26503711173696,40.23912156419984,40.21758670091935,40.199477958187835,40.184073074097334,40.170827632799615
-0.020399999999999998,40.15490308140666,40.44652210334947,40.43581749202525,40.385652269448194,40.33829732717806,40.298941309534776,40.26684667160264,40.24053762602967,40.21872432574333,40.20041156716992,40.18485284713102,40.171488596693855
-0.020159999999999997,40.16714298439972,40.459225638668045,40.44337417615639,40.3904568315453,40.34158498298738,40.3013223671554,40.268647129526435,40.24194530117127,40.21985443635031,40.20133850665464,40.18562671003896,40.17214431354653
-0.019919999999999997,40.18018779995899,40.47213481472262,40.45097028747643,40.3952632760251,40.344865023160025,40.30369378627216,40.27043813597799,40.24334434533893,40.220976855704855,40.20225864444006,40.18639456159489,40.17279470419001
-0.01968,40.194075962189416,40.485246766130615,40.45860338230522,40.4000702050702,40.348136617821126,40.30605504276452,40.272219341359985,40.244734514633485,40.22209140728658,40.20317184884536,40.18715630105546,40.17343968988843
-0.01944,40.20884652250078,40.49855834180223,40.46627095198783,40.40487620339018,40.35139893205883,40.30840561129005,40.273990396119224,40.24611556561202,40.22319791513577,40.20407798874194,40.187911828182145,40.17407919235351
-0.0192,40.224539051336535,40.51206610103946,40.4739704238325,40.40967983884227,40.354651126260755,40.31074496547303,40.27575095085845,40.24748725535773,40.224296203899144,40.20497693358447,40.18866104326306,40.174713133760335
-0.018959999999999998,40.24119352995684,40.52576631000733,40.48169916213066,40.41447966307215,40.357892356456304,40.31307257809491,40.277500656448815,40.24884934154998,40.225386098875525,40.205868553441924,40.18940384713476,40.17534143676311
-0.018719999999999997,40.25885023212491,40.53965493859522,40.48945446925913,40.419274212174344,40.36112177466458,40.31538792128664,40.27923916414283,40.25020158253447,40.22646742606156,40.20675271902858,40.19014014120393,40.175964024510826
-0.01848,40.27754959560047,40.553727657685734,40.4972335868645,40.42406200737207,40.36433852924778,40.317690466722574,40.28096612568792,40.2515437373936,40.22754001219744,40.20762930173491,40.19086982746908,40.17658082066289
-0.01824,40.297332083403155,40.56797983684812,40.5050336971298,40.42884155571599,40.36754176526985,40.319979685816,40.28268119344035,40.25287556601682,40.228603684812505,40.20849817365845,40.191592808542055,40.17719174940463
-0.018,40.31823803487291,40.58240654247273,40.51285192412298,40.43361135080151,40.370730624860165,40.3222550499162,40.2843840204796,40.25419682917107,40.22965827227088,40.20935920763452,40.19230898766959,40.17779673546281
-0.017759999999999998,40.34030750662273,40.59700253636269,40.52068533522721,40.43836987350423,40.373904247582,40.3245160305068,40.28607426072307,40.25550728857129,40.23070360381698,40.210212277266926,40.193018268754656,40.178395704121
-0.017519999999999997,40.363580103552,40.61176227479778,40.52853094265231,40.44311559273298,40.37706177080561,40.32676209940538,40.28775156904104,40.256806706950776,40.23173950962086,40.21105725695846,40.19372055637776,40.17898858123489
-0.017279999999999997,40.38809480016515,40.626679908085634,40.536385705026774,40.447846966200075,40.38020233008572,40.32899272896427,40.289415601371886,40.258094848131634,40.2327658208236,40.21189402194133,40.19441575581818,40.1795752932475
-0.01704,40.413889752520525,40.64174928061385,40.544246529069845,40.45256244120819,40.38332505954302,40.33120739227233,40.29106601483742,40.25937147709506,40.23378236958238,40.21272244830748,40.19510377307494,40.180155767204326
-0.0168,40.44100210121794,40.65696393141641,40.5521102713426,40.45726045545329,40.38642909224961,40.33340556335762,40.292702467858334,40.260636360051514,40.234788989115515,40.213542413038674,40.19578451488785,40.18072993076835
-0.01656,40.469467765919106,40.6723170952666,40.559973740077155,40.461939437843185,40.38951356061804,40.33558671739089,40.29432462026969,40.26188926451075,40.23578551374722,40.21435379403648,40.19645788875826,40.18129771223498
-0.016319999999999998,40.49932123198333,40.68780170430787,40.56783369708298,40.466597809330956,40.39257759679373,40.337750330889676,40.29593213343638,40.26312995935166,40.23677177895223,40.21515647015208,40.19712380296975,40.18185904054682
-0.016079999999999997,40.53059532989074,40.703410390233095,40.57568685972888,40.4712339837627,40.395620333050374,40.339895881923,40.29752467036844,40.26435821489183,40.2377476214002,40.215950321215885,40.19778216660865,40.18241384530844
-0.01584,40.56332100821537,40.71913548702154,40.58352990299947,40.47584636873897,40.398640902188305,40.34202285031634,40.29910189583622,40.26557380295692,40.238712878999785,40.21673522806688,40.198432889584375,40.18296205680088
-0.0156,40.597527101001674,40.73496903424199,40.591359461624485,40.48043336648924,40.40163843793524,40.34413071785703,40.30066347648539,40.266776496949674,40.239667390942486,40.21751107258186,40.19907588264968,40.183503605996165
-0.015359999999999999,40.63324009048775,40.75090278092914,40.599172132279314,40.48499337475861,40.40461207534937,40.346218968499606,40.30220908095149,40.26796607191854,40.24061099774626,40.21827773770435,40.1997110574206,40.18403842457157
-0.015119999999999998,40.6704838662076,40.766928190039266,40.60696447585506,40.48952478770618,40.407560951224276,40.348287088571304,40.30373837997421,40.26914230462604,40.2415435412987,40.21903510747331,40.20033832639633,40.184566444923824
-0.014879999999999999,40.70927948159119,40.783036443489976,40.614733019795956,40.494025996814194,40.41048420449562,40.350334566977295,40.30525104651122,40.27030497361655,40.24246486489993,40.21978306705159,40.20095760297883,40.185087600183174
-0.014639999999999999,40.749644909264916,40.79921844778743,40.62247426050237,40.498495391807246,40.413380976648966,40.35236089540566,40.30674675585137,40.2714538592837,40.24337481330513,40.22052150275403,40.201568801492286,40.18560182422723
-0.0144,40.79159479633446,40.8154648402433,40.63018466579693,40.50293136158082,40.41625041212879,40.35436556853191,40.30822518572738,40.27258874393727,40.244273232766645,40.221250302075404,40.20217183720228,40.18610905169471
-0.014159999999999999,40.83514022100702,40.83176599578205,40.63786067745153,40.507332295138156,40.41909165874798,40.35634808422288,40.30968601642777,40.2737094118694,40.24515997107566,40.22196935371787,40.20276662633478,40.18660921799904
-0.013919999999999998,40.88028845197918,40.848112034338016,40.645498713772746,40.511696582534775,40.42190386809778,40.35830794373989,40.311128930908076,40.27481564942032,40.24603487760343,40.22267854761823,40.2033530860949,40.18710225934172
-0.01368,40.92704271207899,40.864492828840056,40.65309517224298,40.516022615829655,40.4246861959576,40.36024465194095,40.312553614901134,40.275907245043356,40.246897803342016,40.2233777749748,40.20393113468538,40.18758811272555
-0.013439999999999999,40.9754019477061,40.88089801378018,40.66064643221452,40.520308790042236,40.42743780270455,40.36215771748187,40.313959757026424,40.27698398936919,40.2477486009445,40.224066928273835,40.20450069132479,40.188066715967686
-0.013199999999999998,41.025360605660296,40.89731699436097,40.66814885765372,40.52455350411418,40.430157853722086,40.36404665301606,40.31534704889844,40.2780456752694,40.24858712476463,40.224745901315686,40.205061676265515,40.18853800771248
-0.01296,41.0769084189864,40.91373895621495,40.67559879993207,40.52875516187511,40.43284551980758,40.36591097539293,40.31671518523374,40.2790920979191,40.249413230895925,40.22541458924041,40.205614010811395,40.18900192744413
-0.012719999999999999,41.13003020349072,40.93015287568776,40.68299260066114,40.53291217301113,40.435499977578324,40.36775020585457,40.318063863956944,40.28012305485874,40.25022677721004,40.226072888553034,40.20615761733505,40.189458415499104
-0.012479999999999998,41.18470566660107,40.94654753067493,40.69032659456786,40.53702295403518,40.43812040987553,40.369563870230614,40.31939278630519,40.28113834605493,40.251027623394585,40.22672069714829,40.20669241929494,40.18990741307839
-0.01224,41.24090923024742,40.96291151200073,40.69759711240675,40.5410859292582,40.44070600616597,40.371351499130995,40.320701656931185,40.282137773960194,40.25181563099013,40.22735791433489,40.20721834125201,40.190348862259455
-0.011999999999999999,41.2986098694334,40.979233235325836,40.704800483905444,40.54509953175983,40.443255962940725,40.37311262813643,40.321990184004626,40.28312114357163,40.252590663426474,40.227984440859245,40.207735308886065,40.19078270600802
-0.01176,41.357770968149154,40.99550095356862,40.71193304073958,40.54906220435763,40.44576948411062,40.37484679798634,40.32325807931187,40.28408826248835,40.25335258605809,40.228600178928616,40.20824324901164,40.191208888189564
-0.011519999999999999,41.418350194243594,41.01170276982358,40.71899111953326,40.55297240057354,40.44824578139779,40.37655355476402,40.32450505835366,40.28503894096771,40.25410126619872,40.2292050322337,40.20874208959359,40.191627353580536
-0.011279999999999998,41.480299394827696,41.02782665075817,40.72597106488076,40.556828585596314,40.450684074722886,40.37823245007866,40.32573084044085,40.28597299197998,40.2548365731549,40.22979890597052,40.20923175976216,40.19203804787934
-0.01104,41.543564513720874,41.04386044046811,40.732869232385305,40.5606292372386,40.45308359258739,40.37988304124407,40.32693514878783,40.286890231261694,40.25555837825863,40.23038170686165,40.20971218982761,40.192440917716986
-0.010799999999999999,41.60808553237862,41.05979187476886,40.739681991710256,40.564372846887295,40.455443572450264,40.38150489145367,40.32811771060355,40.28779047736724,40.256266554898836,40.2309533431767,40.210183311294415,40.19283591066744
-0.01056,41.67379643565214,41.075608595899794,40.74640572963813,40.568057920445625,40.45776326109848,40.38309756995143,40.329278257179865,40.288673551718695,40.25696097855164,40.23151372475199,40.210645056874796,40.19322297525765
-0.01032,41.74062520362943,41.091298167615115,40.75303685313234,40.57168297926541,40.46004191501058,40.38466065219834,40.33041652397698,40.28953927865382,40.25764152680936,40.23206276300932,40.211097360501824,40.193602060977206
-0.010079999999999999,41.808493830692335,41.10684809063431,40.75957179239662,40.57524656106788,40.462278800712554,40.386193720034036,40.33153225070573,40.2903874854718,40.258308079408074,40.23260037097385,40.211540157341815,40.19397311828761
-0.00984,41.87731837279644,41.122245818422584,40.76600700392643,40.57874722085102,40.46447319512508,40.38769636183296,40.332625181406364,40.29121800247677,40.25896051825366,40.23312646329089,40.21197338380608,40.194336098631176
-0.0096,41.94700902383989,41.13747877327005,40.77233897354673,40.58218353178175,40.466624385901284,40.38916817265463,40.33369506452348,40.29203066301881,40.25959872744605,40.23364095624155,40.21239697756192,40.19469095443943
-0.009359999999999999,42.01747022183488,41.152534362636196,40.77856421942978,40.58555408607048,40.46873167175383,40.39060875438732,40.334741652976746,40.29282530353199,40.26022259330167,40.23414376775718,40.212810877542815,40.19503763914108
-0.00912,42.08860078543192,41.16739999572421,40.784679295086434,40.58885749582583,40.470794362770214,40.3920177158844,40.335764704226825,40.29360176356944,40.260832004373746,40.23463481743235,40.21321502395774,40.19537610716938
-0.008879999999999999,42.160294081173014,41.18206310024738,40.79068079232365,40.59209239388678,40.47281178071476,40.39339467309251,40.33676398033607,40.29435988583476,40.26142685147022,40.235114026536266,40.2136093582994,40.19570631396903
-0.008639999999999998,42.23243822166673,41.196511139347436,40.796565344160626,40.59525743462925,40.47478325931583,40.3947392491706,40.33773924802334,40.2950995162096,40.26200702766905,40.23558131802248,40.21399382335149,40.196028216002325
-0.0084,42.3049162946872,41.21073162862188,40.80232962769486,40.59835129474364,40.47670814453631,40.39605107459866,40.33869027871199,40.29582050377671,40.2625724283305,40.23603661653655,40.21436836319451,40.19634177075458
-0.008159999999999999,42.37760662300087,41.22471215321472,40.80797036690882,40.60137267397954,40.478585794825214,40.39732978727478,40.33961684857041,40.29652270083791,40.26312295110603,40.23647984842147,40.2147329232103,40.19664693673882
-0.00792,42.45038305452191,41.23844038492128,40.81348433540662,40.60432029585288,40.48041558134782,40.398575032598856,40.34051873854378,40.29720596292628,40.26365849594318,40.23691094172047,40.21508745008485,40.19694367349951
-0.007679999999999999,42.523115282189714,41.2519040992543,40.818868359068816,40.60719290831037,40.482196888191325,40.399786463541076,40.341395734375865,40.29787014881157,40.26417896508605,40.237329826176875,40.21543189180925,40.19723194161517
-0.0074399999999999996,42.59566919275292,41.26509119241358,40.82411931861154,40.609989284344756,40.483929112542235,40.40096374069276,40.34224762661919,40.29851512049786,40.2646842630704,40.237736433230374,40.21576619767845,40.19751170269989
-0.0072,42.667907243433895,41.27798969809637,40.829234152034246,40.61270822255347,40.48561166483112,40.402106532296614,40.34307421063167,40.29914074321202,40.26517429671259,40.238130696009314,40.21609031828745,40.19778291940332
-0.006959999999999999,42.73968886523901,41.29058780407857,40.83420985693725,40.61534854763142,40.487243968839174,40.40321451425296,40.34387528655728,40.29974688538142,40.26564897509125,40.238512549318045,40.21640420552448,40.1980455554091
-0.006719999999999999,42.81087089147359,41.30287386848884,40.83904349268696,40.61790911078685,40.488825461759944,40.4042873700974,40.34465065928782,40.30033341859874,40.266108209520254,40.2388819296186,40.21670781256058,40.19829957543125
-0.00648,42.88130800981902,41.31483643568692,40.84373218240191,40.6203887900664,40.490355594207706,40.40532479094454,40.34540013840197,40.30090021757145,40.266551913511144,40.239238775005404,40.21700109383487,40.198544945208305
-0.006239999999999999,42.95085323613414,41.32646425164407,40.84827311472665,40.622786490572224,40.49183383016207,40.40632647539076,40.34612353807696,40.30144716005261,40.26698000272303,40.23958302517163,40.217284005034585,40.19878163149457
-0.005999999999999999,43.01935840795603,41.337746278705715,40.85266354535293,40.62510114454936,40.493259646835305,40.40729212936723,40.34682067696693,40.30197412674888,40.26739239489694,40.23991462136534,40.21755650306885,40.199009602047994
-0.0057599999999999995,43.086674695498104,41.348671709593404,40.85690079823661,40.62733171131582,40.494632534445344,40.4082214659319,40.34749137804013,40.30248100120053,40.26778900977112,40.24023350633289,40.217818546034444,40.199228825613815
-0.00552,43.15265312777781,41.3592299804718,40.86098226644507,40.629477176999494,40.495951995872325,40.40911420498581,40.348135468365186,40.30296766962653,40.26816976897256,40.240539624246814,40.21807009317194,40.199439271903
-0.00528,43.217145131353895,41.369410782864435,40.86490541255049,40.631536554035534,40.4972175461695,40.40997007289451,40.348752778833145,40.30343402072564,40.26853459587861,40.24083292061364,40.2183111048095,40.1996409115641
-0.005039999999999999,43.280003079015636,41.379204074144226,40.86866776845805,40.63350888036248,40.498428711890305,40.41078880198918,40.349343143798144,40.30387994542177,40.26888341544053,40.24111334215673,40.21854154229108,40.19983371614683
-0.0048,43.34108084564509,41.38860008624418,40.872266934521534,40.635393218234995,40.49958503018006,40.411570129913436,40.34990640061341,40.30430533653741,40.26921615395808,40.241380836666565,40.218761367884454,40.20001765805488
-0.00456,43.40023436836979,41.39758933212016,40.87570057774696,40.63718865254157,40.500686047562475,40.41231379876949,40.35044238903097,40.304710088373554,40.26953273879026,40.241635352808785,40.21897054466317,40.20019271048492
-0.004319999999999999,43.45732220803834,41.406162609334835,40.878966428810976,40.63889428847362,40.50173131832472,40.413019553999874,40.350950950421655,40.305094096165995,40.2698330979818,40.24187683987642,40.219169036353804,40.20035884734708
-0.004079999999999999,43.51220610898646,41.41431099989396,40.88206227751215,40.64050924833106,40.50272040236644,40.41368714291551,40.35143192675447,40.30545725537619,40.270117159776625,40.242105247467286,40.21935680713693,40.20051604316099
-0.0038399999999999997,43.56475155401674,41.42202586511276,40.884985966113085,40.642032667158624,40.503652862320884,40.41431631274286,40.3518851592484,40.30579946075682,40.27038485197758,40.24232052505947,40.21953382138499,40.20066427291824
-0.0036,43.614828311492786,41.4292988337539,40.88773537978728,40.64346368676917,40.50452825966972,40.41490680800563,40.35231048657093,40.3061206051053,40.27063610109313,40.24252262144572,40.21970004331271,40.20080351189855
-0.0033599999999999997,43.66231097144791,41.436121780844594,40.890308433006204,40.644801447495965,40.5053461494389,40.41545836696714,40.35270774239625,40.30642057757655,40.270870831183004,40.242711483968414,40.21985543650406,40.20093373542042
-0.0031199999999999995,43.70707946763022,41.44248679325275,40.89270305009946,40.64604507667504,40.50610607284849,40.41597071671765,40.353076752039485,40.30669926135963,40.27108896226943,40.24288705746657,40.21999996326088,40.20105491849728
-0.0028799999999999997,43.749019582450714,41.448386115921195,40.894917137231594,40.64719367229886,40.506807546938376,40.41644356625789,40.35341732772425,40.306956530413174,40.27129040810556,40.24304928279704,40.220133583687755,40.201167035353784
-0.00264,43.78802343186794,41.45381206896061,40.89694854136163,40.64824627933373,40.507450049596144,40.41687659653475,40.35372926177117,40.30719224476903,40.27147507296577,40.2431980947075,40.22025625437542,40.201270058729314
-0.0024,43.8239899273324,41.45875691928067,40.898794988794805,40.64920185452072,40.508032997363635,40.41726944568945,40.354012316519956,40.30740624358619,40.27164284689934,40.243333418691066,40.220367926453484,40.201363958847054
-0.0021599999999999996,43.856825212024944,41.46321267842238,40.900453990488494,40.6500592123984,40.508555711464915,40.417621686495146,40.35426620892247,40.30759833453412,40.271793598476485,40.24345516617922,40.22046854261379,40.20144870183734
-0.0019199999999999998,43.88644306875649,41.467170774918415,40.90192269069701,40.65081693930338,40.50901736374412,40.41793279047148,40.35449058604483,40.30776827691413,40.2719271632567,40.24356322689966,40.220558032377745,40.201524247229855
-0.0016799999999999999,43.91276529704895,41.47062150126588,40.90319761367688,40.65147324973822,40.50941688644119,40.418202068016306,40.35468498420458,40.307915753508226,40.27204332455614,40.243657456130414,40.22063630420204,40.201590543769086
-0.0014399999999999999,43.93572205709003,41.47355302794706,40.90427421439291,40.65202573190784,40.50975281242086,40.41842856241258,40.35484875663346,40.30804032074737,40.27214177940343,40.24373765213743,40.22070323150321,40.20164752200464
-0.0012,43.95525217844493,41.47594951263981,40.90514601941216,40.65247086149822,40.510022969970294,40.41861084738108,40.35498093532225,40.30814131354174,40.27222207352159,40.243803513083414,40.22075862596448,40.201695080135764
-0.0009599999999999999,43.971303431615254,41.47778709845,40.90580281147761,40.652802974620776,40.51022383821462,40.41874659954608,40.355079939271285,40.308217644308975,40.27228346402777,40.243854546028814,40.22080218116219,40.20173305411133
-0.0007199999999999999,43.983832760758055,41.479024181809805,40.90622621797843,40.65301177257868,40.51034898123727,40.41883155987795,40.35514286579415,40.30826731479188,40.272324585913836,40.243889845879316,40.22083333561751,40.201761144984204
-0.00047999999999999996,43.99280647611375,41.47957219363422,40.90637647129044,40.65307483417432,40.51038434943524,40.418856417435734,40.35516336405642,40.30828595125939,40.27234245130974,40.24390743209733,40.22085086185285,40.20177870089851
-0.00023999999999999998,43.998200404939254,41.47916892711743,40.906135022143076,40.65292516286451,40.510287915500285,40.418793303672246,40.35512241917713,40.308260456202,40.27232811235779,40.24390137400981,40.220851085302996,40.20178377211073
0.00023999999999999998,43.998200404939254,41.47916892711743,40.906135022143076,40.65292516286451,40.510287915500285,40.418793303672246,40.35512241917713,40.308260456202,40.27232811235779,40.24390137400981,40.220851085302996,40.20178377211073
0.00047999999999999996,43.99280647611375,41.47916892711743,40.906135022143076,40.65292516286451,40.510287915500285,40.418793303672246,40.35512241917713,40.308260456202,40.27232811235779,40.24390137400981,40.220851085302996,40.20178377211073
0.0007199999999999999,43.983832760758055,41.478379282368444,40.90584006216653,40.652772386821596,40.51019474045412,40.41873061297344,40.35507737841016,40.3082265404402,40.27230165691652,40.243880163218776,40.2208337012396,40.20176926542326
0.0009599999999999999,43.971303431615254,41.47697017557786,40.905313577006694,40.65249966070478,40.510028399882295,40.41861869006252,40.3549969640378,40.30816598707287,40.27225442250737,40.24384229231412,40.2208026624745,40.20174336392033
0.0012,43.95525217844493,41.4749995831676,40.90457699931114,40.6521180350485,40.509795616001846,40.41846205039982,40.35488441653364,40.308081234132175,40.27218830965425,40.24378928427579,40.22075921670575,40.20170710842849
0.0014399999999999999,43.93572205709003,41.47249526409421,40.90364039408835,40.65163265419521,40.50949950271383,40.418262778983916,40.35474122883977,40.30797340301414,40.27210419141672,40.24372183802766,40.220703936060126,40.201660975893454
0.0016799999999999999,43.91276529704895,41.46947366867865,40.90250952583384,40.65104641758926,40.50914179882854,40.41802203304183,40.35456822604642,40.30784311150993,40.272002547600366,40.243640336930575,40.22063713385436,40.20160522716513
0.0019199999999999998,43.88644306875649,41.46594623457483,40.901188212954274,40.650361199778935,40.50872361228256,40.417740542824646,40.354365925225636,40.30769074477835,40.27188367613451,40.24354501826189,40.22055900350233,40.201540022915914
0.0021599999999999996,43.856825212024944,41.46192197385129,40.89967929633215,40.64957835248539,40.50824572645926,40.41741881775516,40.354134683562116,40.307516566900155,40.271747780095104,40.243436042990645,40.22046967570446,40.201465471366056
0.0024,43.8239899273324,41.457408693718875,40.89798509737387,40.648698942200895,40.50770874519567,40.417057244030886,40.35387476849465,40.30732077370382,40.27159500891576,40.24331352882186,40.220369245532396,40.201381650886695
0.00264,43.78802343186794,41.4524136315158,40.89610765726721,40.64772387445009,40.507113168660474,40.41665613571152,40.35358639443599,40.30710352042354,40.27142547996631,40.24317756749992,40.220257786612265,40.2012886218366
0.0028799999999999997,43.749019582450714,41.44694380931017,40.894048871578335,40.64665396384435,40.50645943617076,40.416215763560814,40.353269743509316,40.30686493732115,40.27123929074253,40.243028234584116,40.22013535913804,40.2011864332502
0.0031199999999999995,43.70707946763022,41.44100624243681,40.8918105703942,40.645489975942326,40.505747951815444,40.41573637232029,40.35292497797324,40.306605139049424,40.27103652617366,40.242865595309816,40.22000201467676,40.20107512684833
0.0033599999999999997,43.66231097144791,41.434608066623426,40.88939456817809,40.64423265343897,40.50497910052432,40.41521819155529,40.35255224802907,40.3063242305381,40.27081726321771,40.24268970827498,40.21985779919125,40.200954739561595
0.0036,43.614828311492786,41.42775661714442,40.8868026958363,40.64288273315917,40.50415325853305,40.41466144273185,40.35215169692047,40.30602231084143,40.270581573866515,40.242500627851825,40.219702755018155,40.20082530518182
0.0038399999999999997,43.56475155401674,41.4204594783426,40.884036821848404,40.641440957406694,40.50327080041061,40.41406634398208,40.35172346437299,40.30569947573569,40.270329527176095,40.24229840581696,40.21953692220538,40.20068685547912
0.004079999999999999,43.51220610898646,41.41272451408468,40.88109886640627,40.639908081712456,40.50233210389569,40.41343311339725,40.35126768897644,40.30535581952119,40.27006119067638,40.24208309248411,40.21936033944191,40.20053942097868
0.004319999999999999,43.45732220803834,41.40455988549858,40.87799081092905,40.63828488020844,40.50133755329057,40.41276197135191,40.350784509872,40.304991436300824,40.269776631373006,40.241854737509804,40.219173044719696,40.20038303151409
0.00456,43.40023436836979,41.39597405994849,40.874714704426246,40.63657214938957,40.50028754187717,40.41205314217216,40.35027406796866,40.30460642090479,40.269475916473176,40.241613390477944,40.21897507581429,40.20021771662945
0.0048,43.34108084564509,41.386975813793825,40.87127266765298,40.634770710752214,40.4991824736534,40.41130685534838,40.34973650683336,40.30420086956984,40.26915911392027,40.241359101331156,40.218766470640055,40.20004350587677
0.005039999999999999,43.280003079015636,41.37757423061952,40.86766689568029,40.6328814126313,40.498022764586175,40.41052334642469,40.34917197334959,40.30377488044462,40.26882629279298,40.24109192069363,40.21854726751646,40.199860429039305
0.00528,43.217145131353895,41.36777869608667,40.86389965930098,40.63090513145327,40.49680884351343,40.409702857654175,40.34858061820847,40.30332855396924,40.268477523606585,40.24081190011559,40.218317505370216,40.199668516301344
0.00552,43.15265312777781,41.357598890205786,40.859973305562065,40.62884277255468,40.49554115278637,40.408845638481175,40.3479625962765,40.30286199316232,40.26811287854222,40.240519092260186,40.21807722389027,40.199467798378755
0.0057599999999999995,43.086674695498104,41.347044777606826,40.85589025762866,40.626695270671824,40.494220148716174,40.40795194589383,40.347318066870756,40.3023753038388,40.267732431622335,40.24021355104735,40.21782646364766,40.199258306620145
0.005999999999999999,43.01935840795603,41.336126596226585,40.851653014126896,40.624463590176845,40.49284630187084,40.40702204467767,40.34664719396384,40.30186859477522,40.267336258845404,40.239895331765055,40.217565266188664,40.199040073085875
0.006239999999999999,42.95085323613414,41.32485484472903,40.8472641480737,40.62214872511515,40.49142009725563,40.406056207592535,40.34595014633452,40.30134197783441,40.266924438289195,40.239564491155534,40.2172936741075,40.19881313061006
0.00648,42.88130800981902,41.31324026890091,40.84272630547387,40.61975169908482,40.48994203440157,40.40505471548945,40.345227097675995,40.3007955680587,40.26649705018961,40.239221087482015,40.21701173110318,40.198577512849276
0.006719999999999999,42.81087089147359,41.30129384721293,40.83804220364518,40.61727356498839,40.48841262738043,40.4040178573796,40.34447822667037,40.30022948373811,40.26605417700028,40.23886518058011,40.216719482023755,40.19833325432094
0.006959999999999999,42.73968886523901,41.289026775699796,40.833214629318505,40.61471540468015,40.486832404760015,40.4029459304648,40.34370371703637,40.29964384645858,40.26559590343676,40.23849683189702,40.21641697290078,40.19808039043346
0.0072,42.667907243433895,41.276450452284934,40.8282464365494,40.6120783285269,40.485201909510565,40.401839240136574,40.342903757555014,40.29903878113414,40.265122316508375,40.23811610452086,40.21610425097561,40.19781895750965
0.0074399999999999996,42.59566919275292,41.26357646065587,40.82314054447053,40.609363474895936,40.48352169887037,40.40069809994925,40.342078542077445,40.29841441602587,40.26463350553992,40.23772306320211,40.21578136471941,40.19754899280493
0.007679999999999999,42.523115282189714,41.250416553780966,40.81789993490823,40.6065720095815,40.481792344177194,40.39952283157154,40.341228269517806,40.29777088274994,40.26412956218513,40.237317774368385,40.215448363847706,40.19727053452108
0.00792,42.45038305452191,41.23698263714677,40.81252764988278,40.60370512517828,40.480014430670664,40.39831376471977,40.34035314383373,40.29710831627668,40.263610580433216,40.2369003061339,40.21510529933065,40.19698362181634
0.008159999999999999,42.37760662300087,41.223286751786524,40.80702678900833,40.60076404040935,40.478188557269654,40.39707123707572,40.33945337399622,40.296426854921975,40.26307665660961,40.23647072830435,40.21475222339963,40.19668829481256
0.0084,42.3049162946872,41.20934105716315,40.80140050680644,40.59774999941433,40.47631533632808,40.39579559419105,40.338529173950555,40.29572664033218,40.26252788937191,40.23602911237797,40.214389189550744,40.19638459459986
0.008639999999999998,42.23243822166673,41.1951578139646,40.79565200994477,40.59466427100264,40.47439539337184,40.394487189380165,40.337580762569424,40.29500781746347,40.26196437970151,40.23557553154338,40.2140162525458,40.196072563239085
0.008879999999999999,42.160294081173014,41.18074936686484,40.789784554411476,40.59150814787609,40.47242936681919,40.393146383602954,40.33660836359935,40.29427053455643,40.26138623089183,40.23511006067465,40.213633468410954,40.19575224376245
0.00912,42.08860078543192,41.166128127300055,40.78380144263436,40.588282945824226,40.470417907686276,40.391773545338665,40.33561220560114,40.29351494310644,40.26079354853327,40.23463277632389,40.213240894433575,40.19542368017275
0.009359999999999999,42.01747022183488,41.15130655630619,40.777706020553055,40.58499000289557,40.468361679279724,40.390369050451774,40.33459252188516,40.29274119783038,40.26018644049556,40.23414375671191,40.21283858915735,40.19508691744106
0.0096,41.94700902383989,41.136297147461335,40.77150167465171,40.581630678547434,40.466261356877396,40.38893328205085,40.333549550441994,40.29194945663012,40.25956501690765,40.233643081716856,40.21242661237599,40.19474200150339
0.00984,41.87731837279644,41.121112409973854,40.76519182895911,40.578206352776526,40.464117627398636,40.38746663034101,40.33248353386888,40.29113988055309,40.258929390135556,40.23313083286142,40.21200502512569,40.19438897925626
0.010079999999999999,41.808493830692335,41.105764851954895,40.75877994202262,40.574718425232774,40.461931189064956,40.38596949247069,40.3313947192925,40.29031263375027,40.258279674758256,40.23260709329847,40.21157388967641,40.194027898551376
0.01032,41.74062520362943,41.09026696391182,40.752269503861854,40.57116831431795,40.45970275105215,40.38444227237316,40.33028335828826,40.289467883431826,40.257615987541875,40.232071947795475,40.21113326952221,40.19365880818952
0.01056,41.67379643565214,41.07463120249705,40.74566403290784,40.567557456271174,40.45743303313462,40.38288538060331,40.32914970679669,40.288605799820665,40.25693844741243,40.231525482717764,40.210683229370645,40.1932817579137
0.010799999999999999,41.60808553237862,41.05886997454498,40.7389670729329,40.563887304242655,40.45512276532261,40.381299234170164,40.3279940250368,40.28772655610404,40.25624717542708,40.23096778601073,40.21022383513137,40.19289679840172
0.01104,41.543564513720874,41.04299562142776,40.73218218997641,40.56015932735743,40.45277268749309,40.37968425636534,40.32681657741704,40.286830328383346,40.25554229474415,40.23039894718107,40.20975515390404,40.192503981258064
0.011279999999999998,41.480299394827696,41.02702040375893,40.725312969271236,40.556375009770385,40.45038354901475,40.37804087658796,40.32561763244384,40.28591729562238,40.254823930592025,40.229819057277226,40.20927725396547,40.19210335900533
0.011519999999999999,41.418350194243594,41.01095648647222,40.71836301217558,40.55253584971387,40.447956108367954,40.376369530166194,40.324397462627914,40.284987639594036,40.25409221023691,40.22922820886893,40.20879020475627,40.191694985075195
0.01176,41.357770968149154,40.994815924300916,40.71133593311465,40.548643358539394,40.445491132759805,40.374670658175766,40.32315634438863,40.284041544825634,40.25334726294963,40.228626496026095,40.208294076866856,40.191278913798854
0.011999999999999999,41.2986098694334,40.97861064768171,40.704235356536465,40.544699059754414,40.44298939773516,40.372944707255655,40.32189455795646,40.283079198542964,40.252589219971526,40.228014014296996,40.20778894202297,40.19085520039715
0.01224,41.24090923024742,40.962352449105076,40.69706491388603,40.54070448805544,40.44045168678381,40.371192129421196,40.320612387273734,40.28210079061316,40.25181821447947,40.227390860685816,40.20727487307073,40.19042390097028
0.012479999999999998,41.18470566660107,40.94605296993256,40.689828240601756,40.53666118835872,40.43787879094444,40.36941338187488,40.31931011989376,40.281106513486414,40.2510343815501,40.226757133629626,40.20675194396118,40.189985072487126
0.012719999999999999,41.13003020349072,40.929723687699735,40.682528973138076,40.532570714829426,40.43527150840567,40.367608926814995,40.31798804687848,40.28009656213674,40.25023785812331,40.22611293297477,40.20622022973449,40.18953877277431
0.01296,41.0769084189864,40.913375903921896,40.67517074601798,40.52843462991047,40.43263064410471,40.365779231242286,40.316646462694806,40.27907113400164,40.24942878296507,40.22545835995281,40.205679806503746,40.18908506050495
0.013199999999999998,41.025360605660296,40.897020732417815,40.667757188919026,40.52425450335202,40.429957009323836,40.3639247667649,40.31528566510957,40.27803042892103,40.248607296629515,40.22479351715591,40.205130751438325,40.188623995187086
0.013439999999999999,40.9754019477061,40.88066908816535,40.66029192379626,40.52003191124258,40.42725142128529,40.36204600940174,40.31390595508342,40.27697464907518,40.24777354142054,40.22411850851183,40.204573142747,40.18815563715185
0.01368,40.92704271207899,40.864331676700964,40.652778562045484,40.515768435042816,40.424514702744766,40.36014343938434,40.31250763666356,40.275903998921954,40.246927661352736,40.223433439258436,40.20400705966068,40.18768004754143
0.013919999999999998,40.88028845197918,40.84801898407373,40.64522070170992,40.51146566062277,40.42174768158401,40.35821754095759,40.31109101687553,40.27481868513332,40.2460698021118,40.22273841591788,40.20343258241483,40.18719728829674
0.014159999999999999,40.83514022100702,40.83174126736261,40.63762192473343,40.507125177303685,40.4189511904027,40.356268802179294,40.30965640561409,40.273718916531124,40.24520011101447,40.22203354627035,40.202849792231646,40.1867074221449
0.0144,40.79159479633446,40.8155085457644,40.629985794263256,40.502748576905134,40.41612606611015,40.35429771471882,40.308204115533265,40.27260490402228,40.24431873696797,40.221318939327446,40.202258771301935,40.1862105125865
0.014639999999999999,40.749644909264916,40.79933059225809,40.622315852004945,40.498337452798346,40.41327314951697,40.35230477365496,40.30673446193562,40.271476860533376,40.24342583042903,40.22059470530528,40.201659602766725,40.18570662388262
0.014879999999999999,40.70927948159119,40.783216925849906,40.61461561563234,40.49389339896665,40.41039328492713,40.35029047727317,40.305247762660926,40.27033500094469,40.242521543362436,40.21986095559723,40.20105237069865,40.18519582104176
0.015119999999999998,40.6704838662076,40.76717680440176,40.60688857625498,40.48941800907377,40.407487319730706,40.348255326862244,40.30374433797417,40.26917954202376,40.241606029199254,40.21911780274636,40.200437160083084,40.18467816980646
0.015359999999999999,40.63324009048775,40.751219218044504,40.599138195945486,40.4849128755409,40.4045561039976,40.34619982651073,40.302224510453115,40.26801070235846,40.24067944279465,40.21836536041765,40.1998140567991,40.18415373663986
0.0156,40.597527101001674,40.73535288317581,40.59136790532909,40.480379588633056,40.40160049007255,40.34412448290301,40.300688604875276,40.26682870228972,40.239741940385414,40.217603743369835,40.199183147600145,40.18362258871201
0.01584,40.56332100821537,40.719586237041234,40.58358110123756,40.47581973555586,40.39862133217176,40.3420298051154,40.29913694810468,40.265633763843766,40.2387936795471,40.2168330674271,40.1985445200946,40.18308479388612
0.016079999999999997,40.53059532989074,40.70392743289569,40.575781144429484,40.47123489956309,40.395619485981285,40.33991630441221,40.29756986897819,40.2644261106641,40.237834819150976,40.21605344945052,40.19789826272611,40.182540420704534
0.016319999999999998,40.49932123198333,40.68838433574122,40.56797135737877,40.46662665907601,40.392595808257745,40.33778449404202,40.29598769819158,40.26320596794317,40.23686551932059,40.215265007309206,40.197244464753744,40.181989538374715
0.01656,40.469467765919106,40.67296451863571,40.56015502213319,40.461996586814934,40.38955115643129,40.33563488903421,40.29439076818554,40.26197356235374,40.23588594138819,40.21446785985137,40.19658321623198,40.181432216754956
0.0168,40.44100210121794,40.657675259566076,40.55233537824455,40.457346248943814,40.38648638821138,40.33346800599597,40.2927794130314,40.26072912198005,40.234896247850884,40.21366212687508,40.19591460799057,40.18086852634006
0.01704,40.413889752520525,40.642523538878244,40.54451562077194,40.452677204228515,40.38340236119547,40.331284362909784,40.29115396831687,40.259472876248786,40.23389660232655,40.212847929098935,40.195238731614225,40.18029853824687
0.017279999999999997,40.38809480016515,40.627516037255184,40.536698898359454,40.44799100320923,40.38029993248091,40.32908447893164,40.28951477103184,40.258205055859875,40.23288716950967,40.212025388132524,40.19455567942217,40.17972232419968
0.017519999999999997,40.363580103552,40.61265913423325,40.52888831138961,40.4432891873878,40.37717995828035,40.32686887418996,40.28786215945412,40.25692589271717,40.23186811512689,40.21119462644672,40.19386554444758,40.179139956515534
0.017759999999999998,40.34030750662273,40.597958907245975,40.52108691021354,40.43857328843038,40.37404329354082,40.32463806958547,40.28619647303539,40.255635619859014,40.23083960589254,40.21035576734389,40.193168420416896,40.17855150808944
0.018,40.31823803487291,40.583421131183854,40.51329769345889,40.43384482738609,40.370890791566765,40.322392586592024,40.28451805228728,40.254334471388766,40.22980180946393,40.20950893492795,40.192464401729005,40.177957052379504
0.01824,40.297332083403155,40.56905127845734,40.505523606416325,40.42910531392205,40.36772330364726,40.320132947058596,40.28282723866774,40.253022682405316,40.22875489439664,40.2086542540743,40.19175358343434,40.177356663391926
0.01848,40.27754959560047,40.55485451954987,40.497767539505254,40.42435624557543,40.364541678687665,40.317859673012485,40.28112437446763,40.251700488933544,40.22769903009965,40.20779185039966,40.1910360612139,40.17675041566596
0.018719999999999997,40.25885023212491,40.54083572404684,40.490032326819446,40.41959910702286,40.36134676284588,40.31557328646382,40.27940980269772,40.25036812785488,40.2266343867905,40.20692185023185,40.19031193135814,40.17613838425875
0.018959999999999998,40.24119352995684,40.52699946212565,40.48232074475288,40.4148353693677,40.35813939917342,40.313274309211515,40.277683866976076,40.24902583683786,40.22556113545028,40.20604438057946,40.18958129074581,40.17552064473018
0.0192,40.224539051336535,40.513350006491514,40.47463551070628,40.4100664894456,40.35492042726156,40.310963262650816,40.27594691141589,40.24767385426887,40.22447944777869,40.20515956910146,40.18884423682272,40.17489727312751
0.01944,40.20884652250078,40.49989133474302,40.46697928187441,40.405293909148696,40.351690682892766,40.308640667582395,40.27419928051385,40.24631241918294,40.22338949614906,40.204267544076764,40.18810086758044,40.17426834597014
0.01968,40.194075962189416,40.48662713215096,40.45935465411433,40.40051905476884,40.34845099769745,40.30630704402323,40.27244131903901,40.2449417711947,40.2222914535634,40.20336843437374,40.18735128153494,40.17363394023411
0.019919999999999997,40.18018779995899,40.47356079483346,40.45176416089452,40.39574333636026,40.345202198816494,40.30396291101933,40.270673371922406,40.24356215042959,40.22118549360741,40.202462369419735,40.18659557770517,40.17299413333673
0.020159999999999997,40.16714298439972,40.46069543331015,40.44421027232471,40.39096814712179,40.341945108569476,40.30160878646037,40.26889578414717,40.24217379745517,40.22007179040561,40.20154947917048,40.185833855591646,40.17234900312106
0.020399999999999998,40.15490308140666,40.44803387641757,40.436695394266216,40.3861948627992,40.33868054412889,40.29924518689629,40.267108900639464,40.24077695321281,40.21895051857654,40.20062989407964,40.18506621515492,40.171698627840385
0.02064,40.14343036270566,40.43557867556793,40.42922186752239,40.38142484110773,40.33540931720055,40.29687262735611,40.26531306616018,40.23937185894951,40.217821853187935,40.19970374506818,40.1842927567941,40.17104308614261
0.02088,40.13268788487903,40.423332109333046,40.421791967108675,40.37665942117511,40.33213223371027,40.2944916211688,40.26350862519741,40.23795875615016,40.2166859697121,40.19877116349392,40.183513581325315,40.17038245705471
0.02112,40.12263955917603,40.41129618833492,40.414407901601734,40.371899923005294,40.32885009349695,40.29210267978656,40.26169592185978,40.23653788646999,40.21554304398137,40.197832281121,40.18272878996017,40.16971681996704
0.021359999999999997,40.11325021242763,40.39947266042468,40.40707181256697,40.36714764696314,40.32556369001237,40.28970631261034,40.25987529977072,40.23510949166748,40.214393252143665,40.19688723008942,40.18193848428421,40.16904625461777
0.021599999999999998,40.10448563941567,40.38786301613107,40.39978577406362,40.362403873280094,40.32227381002762,40.28730302681788,40.258047101963626,40.23367381353761,40.21323677061825,40.195936142884605,40.18114276623532,40.168370841077106
0.02184,40.096312647071386,40.376468494360076,40.39255179222663,40.357669861581165,40.31898123334641,40.2848933271942,40.25621167077808,40.23223109384547,40.21207377605158,40.19497915230706,40.18034173808226,40.16769065973169
0.02208,40.08869909089942,40.365290088326944,40.385371804924205,40.35294685043322,40.31568673252544,40.2824777159647,40.254369347757084,40.23078157426039,40.2109044452734,40.19401639144208,40.1795355024031,40.16700579126889
0.02232,40.081613904040005,40.354328551702196,40.37824768149024,40.34823605691468,40.31239107260178,40.280056692630936,40.25252047354532,40.22932549629047,40.20972895525297,40.193047993629456,40.17872416206368,40.16631631666109
0.022559999999999997,40.07502711939433,40.34358440495309,40.371181222530154,40.343538676206805,40.30909501082752,40.27763075380909,40.25066538778861,40.22786310121757,40.20854748305556,40.19207409243344,40.17790782019621,40.16562231715001
0.022799999999999997,40.06890988524654,40.33305794186244,40.36417415979927,40.33885588120648,40.30579929641176,40.27520039307125,40.24880442903447,40.226394630032885,40.20736020579911,40.19109482161258,40.17708658017777,40.16492387423102
0.023039999999999998,40.063234474820966,40.32274923620657,40.35722815615218,40.3341888221606,40.302504670269926,40.272766100789546,40.24693793463391,40.22492032337295,40.20616730061117,40.19011031508989,40.176260545608926,40.16422106963747
0.02328,40.057974290214126,40.312658148574656,40.350344805561875,40.32953862632212,40.299211864780645,40.27032836398318,40.245066240644434,40.223440421456274,40.20496894458607,40.18912070692293,40.175429820292365,40.163513985325
0.02352,40.05310386113983,40.302784333311884,40.34352563320716,40.32490639762761,40.29592160355023,40.267887666168484,40.243189681734314,40.22195516402052,40.20376531474236,40.18812613127415,40.17459450821161,40.162802703455924
0.023759999999999996,40.048598838920775,40.293127245569146,40.33677209562688,40.320293216396365,40.29263460118471,40.26544448721197,40.24130859108819,40.22046479026027,40.20255658798055,40.187126722381315,40.173754713509766,40.16208730638362
0.023999999999999997,40.04443598615297,40.28368614844237,40.330085580939375,40.31570013905106,40.289351563069715,40.262999303186476,40.23942330031402,40.21896953876544,40.20134294104111,40.18612261452803,40.17291054046835,40.16136787663689
0.024239999999999998,40.0405931624597,40.274460120184905,40.32346740912559,40.31112819785973,40.28607318515802,40.260552586230425,40.23753413935135,40.217469647460284,40.20012455046282,40.185113942014524,40.172062093486176,40.16064449690445
0.02448,40.03704930674022,40.26544806147682,40.316918832374085,40.30657840069911,40.282800153764974,40.25810480441036,40.235641436381066,40.21596535354311,40.19890159254138,40.18410083912847,40.17120947705834,40.15991725001937
0.02472,40.033784416304904,40.25664870273537,40.310441035486335,40.3020517308391,40.27953314537184,40.255656421586586,40.23374551773655,40.21445689342667,40.19767424328845,40.18308344011607,40.17035279575528,40.15918621894361
0.024959999999999996,40.03077952327355,40.248060611451315,40.304035136340445,40.297549146748366,40.276272826436966,40.253207897282195,40.23184670781628,40.21294450267922,40.196442678390966,40.18206187915327,40.16949215420192,40.15845148675257
0.025199999999999997,40.02801666859745,40.239682199536325,40.2977021864116,40.293071581920685,40.273019853214954,40.250759686555334,40.229945328997985,40.21142841596631,40.195207073170785,40.18103629031714,40.168627657056895,40.1577131366197
0.025439999999999997,40.02547887404834,40.23151173066709,40.29144317134723,40.2886199447221,40.26977487158382,40.24831223987488,40.2280417015543,40.20990886699336,40.19396760254484,40.18000680755754,40.167759408991934,40.15697125180116
0.025679999999999998,40.023150112499316,40.223547327612245,40.28525901159522,40.28419511825856,40.266538516880104,40.24586600299945,40.226136143569924,40.20838608844891,40.19272444098552,40.17897356466886,40.16688751467129,40.156225915620524
0.02592,40.02101527680394,40.215786979529,40.27915056308302,40.27979796026379,40.263311413741974,40.2434214168599,40.224228970860494,40.20686031194873,40.19147776248158,40.177936695262076,40.16601207873129,40.155477211453594
0.02616,40.01906014756073,40.20822854921644,40.27311861794593,40.27542930300731,40.26009417596038,40.24097891744522,40.22232049689291,40.20533176798066,40.19022774049937,40.176896332736966,40.16513320576007,40.154725222713196
0.026399999999999996,40.017271360030534,40.20086978031351,40.26716390530244,40.27108995322218,40.256887406338194,40.238538935691935,40.22041103270738,40.20380068585029,40.18897454794451,40.175852610254594,40.16425100027732,40.15397003283411
0.026639999999999997,40.01563637045518,40.19370830442989,40.26128709207472,40.26678069205236,40.25369169655731,40.23610189737698,40.2185008868411,40.202267293627465,40.18771835712404,40.174805660709964,40.16336556671426,40.15321172525806
0.026879999999999998,40.01414342200603,40.18674164819867,40.25548878385223,40.26250227501929,40.25050762705379,40.233668223014185,40.216590365253566,40.200731818093594,40.186459339708954,40.173755616705,40.16247700939371,40.152450383418746
0.02712,40.0127815105722,40.179967240240416,40.24976952579648,40.25825543200749,40.247335766900946,40.23123832775418,40.21467977125366,40.19919448468989,40.18519766669721,40.172702610521696,40.16158543251028,40.15168609072701
0.02736,40.01154035057924,40.17338241802854,40.24412980358484,40.254040867268785,40.24417667370034,40.22881262128798,40.21276940542835,40.1976555174664,40.18393350837722,40.17164677409557,40.16069094011074,40.150918930556024
0.027599999999999996,40.0104103410109,40.166984434646736,40.23857004439143,40.249859259444904,40.24103089348069,40.226391507754094,40.2108595655732,40.19611513903197,40.18266703429179,40.170588238989374,40.15979363607454,40.150148986226604
0.027839999999999997,40.00938253178867,40.160770465429614,40.233090617903066,40.245711261608115,40.23789896060471,40.22397538564921,40.20895054662458,40.194573570505085,40.181398413202544,40.16952713636706,40.15889362409442,40.14937634099263
0.028079999999999997,40.008448590646836,40.15473761447845,40.22769183736817,40.24159750131944,40.234781397683676,40.221564647742525,40.207042640593635,40.19303103146563,40.180127813054874,40.16846359696802,40.15799100765729,40.14860107802651
0.028319999999999998,40.00760077062442,40.14888292104431,40.22237396067667,40.23751858070431,40.23167871549982,40.21915968099365,40.20513613650206,40.19148773990758,40.178855400943334,40.16739775108162,40.157085890025165,40.147823280404744
0.02856,40.00683187827955,40.14320336577169,40.217137191468915,40.23347507654505,40.228591412936446,40.21676086647414,40.20323132031966,40.18994391219259,40.17758134307761,40.166329728522065,40.15617837421635,40.147043031093666
0.0288,40.0061352427173,40.137695876795966,40.21198168027142,40.229467540389955,40.225519976915685,40.214368579292646,40.20132847490365,40.18839976300459,40.17630580474898,40.16525965860344,40.155268562986755,40.1462604129352
0.029039999999999996,40.00550468550794,40.13235733568908,40.20690752565767,40.22549649867861,40.22246488234386,40.211983188523654,40.19942787993986,40.186855505305275,40.175028950297246,40.164187670115204,40.15435655881138,40.14547550863275
0.029279999999999997,40.00493449155941,40.127184583247846,40.20191477543179,40.22156245288289,40.21942659206435,40.20960505713987,40.19752981188572,40.18531135029062,40.17375094307834,40.16311389129787,40.15344246386602,40.14468840073721
0.029519999999999998,40.004419380995884,40.12217442512023,40.197003427833316,40.21766587966337,40.21640555681796,40.207234541948175,40.19563454391504,40.18376750734829,40.17247194543231,40.162038449819065,40.15252638000916,40.14389917163312
0.029759999999999998,40.0039544820827,40.1173236372654,40.192173432760946,40.2138072310407,40.213402215210564,40.20487199352924,40.19374234586468,40.182224184016164,40.171192118651994,40.16096147274991,40.15160840876396,40.14310790352485
0.03,40.00353530522774,40.11262897124372,40.187424693013455,40.20998693458151,40.210416993688135,40.202517756180654,40.19185348418304,40.18068158594168,40.16991162295218,40.15988308654167,40.15068865130062,40.14231467842299
0.030239999999999996,40.00315771807983,40.10808715933361,40.182757065545836,40.2062053935984,40.2074503065189,40.20017216786371,40.18996822188042,40.17913991684236,40.16863061743931,40.158803417002794,40.149767208418744,40.14151957813082
0.030479999999999997,40.00281792173572,40.10369491947249,40.17817036273884,40.202462987363646,40.20450255578261,40.197835560153706,40.18808681848121,40.17759937846721,40.16734926008186,40.15772258927629,40.148844180530055,40.140722684230916
0.030719999999999997,40.00251242805991,40.099448960019735,40.17366435368001,40.19876007133606,40.20157413136687,40.19550825819378,40.18620952997795,40.176060170559204,40.166067707681165,40.15664072781735,40.14791966764124,40.13992407807188
0.030959999999999998,40.00223803811394,40.09534598433978,40.16923876545449,40.19509697740075,40.19866541097024,40.19319058065236,40.18433660878727,40.17452249081877,40.16478611584293,40.15555795637147,40.14699376933703,40.1391238407552
0.0312,40.00199182168601,40.09138269520422,40.16489328444376,40.19147401412111,40.195776760112324,40.19088283968404,40.18246830370764,40.1729865348683,40.16350463894928,40.15447439795278,40.14606658476348,40.13832205312225
0.031439999999999996,40.00177109790589,40.087555799012115,40.1606275576306,40.18789146700277,40.19290853215033,40.188585340893994,40.18060485987903,40.17145249621769,40.162223430131405,40.153390174822825,40.14513821261151,40.137518795741464
0.03168,40.00157341692545,40.083862009828,40.156441193908556,40.18434959876893,40.190061068302384,40.186298383305825,40.17874651874444,40.16992056623094,40.16094264124285,40.15230540846964,40.14420875110059,40.13671414889552
0.03192,40.00139654264096,40.0802980532378,40.15233376539436,40.18084864964673,40.18723469767722,40.1840222593329,40.17689351801322,40.168390934093765,40.15966242283335,40.15122021958721,40.14327829796273,40.135908192568856
0.032159999999999994,40.00123843642962,40.07686067002291,40.148304808741436,40.17738883766404,40.1844297373102,40.18175725475306,40.175046091626335,40.16686378678226,40.1583829241233,40.15013472805535,40.142346950426635,40.13510100643516
0.0324,40.00109724186997,40.07354661965339,40.14435382645324,40.173970358956424,40.18164649220556,40.17950364868668,40.1732044697234,40.16533930903262,40.15710429297885,40.14904905291984,40.141414805202125,40.13429266984511
0.032639999999999995,40.000971270413366,40.070352683601385,40.14048028819463,40.170593388083596,40.17888525538481,40.17726171357822,40.17136887861164,40.16381768331191,40.15582667588759,40.147963312373065,40.14048195846478,40.13348326181421
0.03288,40.00085898797159,40.06727566847625,40.136683632099924,40.16725807835503,40.176146307940996,40.17503171518087,40.16953954073662,40.16229908978989,40.15455021793489,40.14687762373491,40.139548505840835,40.13267286101083
0.03312,40.00075900238455,40.06431240898326,40.13296326607615,40.16396456216432,40.17342991909883,40.17281391254472,40.16771667465486,40.160783706311854,40.15327506278082,40.14579210343414,40.13861454239226,40.131861545744336
0.033359999999999994,40.00067005173049,40.061459770708076,40.12931856910012,40.160712951331575,40.17073634628057,40.17060855800798,40.16590049500827,40.15927170837256,40.15200135263774,40.14470686699009,40.137680162602166,40.13104939395342
0.0336,40.00059099344093,40.05871465272922,40.125748892507936,40.15750333745378,40.168065835177394,40.16841589719153,40.16409121250038,40.157763269091234,40.150729228248494,40.1436220289948,40.13674546036037,40.130236483194565
0.033839999999999995,40.00052079418175,40.05607399006156,40.12225356127566,40.15433579226229,40.16541861982621,40.166236168996605,40.1622890338744,40.156258559187584,40.14945882886522,40.142537703095456,40.1358105289493,40.129422890630714
0.03408,40.00045852046211,40.05353475593338,40.11883187528992,40.151210367987176,40.16279492269181,40.16406960560555,40.16049416189306,40.15475774695886,40.14819029222885,40.14145400197736,40.13487546103004,40.12860869302002
0.034319999999999996,40.00040332993291,40.05109396390053,40.11548311060717,40.148127097728036,40.16019495475407,40.16191643248576,40.15870679532029,40.15326099825802,40.14692375454918,40.140371037347116,40.13394034862871,40.12779396670485
0.034559999999999994,40.00035446333706,40.04874866980084,40.11220652070053,40.14508599583069,40.157618915600224,40.1597768683966,40.1569271289046,40.1517684764729,40.145659350485616,40.139288919916396,40.13300528312309,40.126978787600876
0.0348,40.00031123707446,40.04649597355245,40.10900133769306,40.142087058269325,40.155066993522,40.1576511253993,40.15515535336425,40.15028034250647,40.144397213128556,40.13820775938596,40.132070355229445,40.12616323118642
0.035039999999999995,40.00027303634524,40.04433302079987,40.10586677357639,40.13913026303376,40.15253936561737,40.155539408869856,40.15339165537423,40.14879675475805,40.1431374739814,40.13712766443016,40.131135654989684,40.12534737249186
0.03528,40.000239308836115,40.0422570044115,40.10280202141383,40.13621557052127,40.15003619789699,40.1534419175148,40.15163621755488,40.14731786910571,40.14188026294319,40.13604874268181,40.130201271758715,40.12453128608931
0.035519999999999996,40.00020955891544,40.040265165832984,40.099806256526804,40.1333429239326,40.14755764539494,40.15135884338981,40.14988921846228,40.145843838889576,40.140625708291914,40.13497110071747,40.12926729419209,40.12371504608242
0.03576,40.00018334230396,40.03835479630024,40.09687863766389,40.130512249671746,40.14510385228384,40.149290371921154,40.14815083258034,40.14437481489623,40.139373936668456,40.133894844043176,40.12833381023393,40.12289872609634
0.036,40.00016026118957,40.03652323791676,40.094018308151526,40.12772345774902,40.14267495199394,40.14723668192983,40.14642123031459,40.14291094534414,40.13812507306113,40.13282007708047,40.12740090710507,40.12208239926792
0.036239999999999994,40.000139959755295,40.03476788459939,40.09122439702559,40.124976442187084,40.140271067336315,40.14519794565848,40.14470057798755,40.141452375870124,40.13687924079093,40.131746903152944,40.126468671291505,40.121266138235995
0.03648,40.00012212009174,40.033086182897094,40.08849602014309,40.12227108142943,40.13789231062979,40.14317432880087,40.14298903783593,40.13999924951678,40.13563656149737,40.13067542447319,40.125537188533094,40.12045001513195
0.036719999999999996,40.000106458466064,40.03147563268737,40.085832281273355,40.119607238751016,40.135538783831535,40.14116599053399,40.14128676800925,40.138551706720996,40.134397155124965,40.12960574213004,40.124606543812526,40.119634101570384
0.03696,40.000092721921185,40.02993378775467,40.083232273167894,40.11698476267055,40.133210578671196,40.13917308355273,40.139593922570235,40.137109885303445,40.13316113991037,40.12853795607637,40.12367682134458,40.11881846863999
0.0372,40.00008068518031,40.028458256255746,40.080695078608535,40.11440348736412,40.13090777678835,40.13719575410694,40.1379106514967,40.13567392045905,40.131928632370126,40.127472165117226,40.12274810456561,40.11800318689462
0.037439999999999994,40.00007014783328,40.02704670107622,40.07821977143309,40.11186323307978,40.1286304498732,40.13523414204099,40.13623710068511,40.13424394474846,40.13069974728908,40.12640846689836,40.12182047612335,40.11718832634454
0.03768,40.00006093178252,40.02569684008343,40.075805417538184,40.10936380655266,40.12637865981031,40.13328838083569,40.13457341195552,40.13282008809058,40.1294745977094,40.12534695789523,40.12089401786694,40.116373956447816
0.037919999999999995,40.00005287892779,40.0244064462798,40.07345107585874,40.10690500142024,40.12415245882523,40.13135859765244,40.132919723058265,40.13140247775594,40.12825329492021,40.12428773340235,40.11996881083732,40.115560146101984
0.03816,40.00004584907019,40.02317334786177,40.071155799323606,40.10448659863757,40.1219518896339,40.12944491337972,40.13127616768195,40.129991238361185,40.12703594844792,40.12323088752308,40.119044935257755,40.11474696363579
0.0384,40.00003971801722,40.021995428188575,40.06891863578716,40.10210836689188,40.119776985594655,40.12754744268173,40.129642875463084,40.1285864918644,40.125822666047085,40.12217651315985,40.118122470524774,40.1139344768012
0.038639999999999994,40.00003437587187,40.02087062566569,40.06673862893638,40.09977006301638,40.11762777086265,40.12566629404912,40.12801997199701,40.12718835756149,40.124613553691965,40.12112470200474,40.11720149519929,40.113122752765584
0.03888,40.00002972548977,40.01979693354733,40.06461481917316,40.09747143240285,40.11550426054664,40.12380156985184,40.12640757885046,40.12579695208341,40.12340871556866,40.12007554453052,40.11628208699804,40.11231185810406
0.039119999999999995,40.00002568108989,40.01877239966266,40.06254624447168,40.09521220941278,40.113406460867914,40.121953366394,40.12480581357532,40.12441238939445,40.122208254067864,40.119029129982046,40.11536432278528,40.11150185879204
0.03936,40.000022167004936,40.01779512606991,40.06053194121058,40.09299211778662,40.11133436932119,40.1201217739706,40.12321478972397,40.123034780791286,40.121012269778255,40.11798554636812,40.114448278564794,40.11069282019799
0.039599999999999996,40.00001911655893,40.016863268643,40.05857094497972,40.09081087105098,40.10928797483744,40.11830687692625,40.1216346168658,40.12166423490308,40.11982086148047,40.11694488045373,40.1135340294721,40.10988480707633
0.039839999999999993,40.00001647106029,40.01597503659478,40.05666229136161,40.08866817292333,40.10726725794842,40.11650875371563,40.120065400605235,40.12030085769243,40.11863412614165,40.11590721775268,40.11262164976703,40.10907788356058
0.04008,40.00001417889965,40.01512869194117,40.0548050166872,40.086563717714085,40.10527219095276,40.11472747696575,40.118507242600934,40.1189447524572,40.117452158910694,40.11487264252063,40.11171121282649,40.108272113156666
0.040319999999999995,40.00001219474253,40.014322548910286,40.052998158766044,40.08449719072564,40.103302738083514,40.1129631135399,40.11696024058633,40.11759601983328,40.11627505311397,40.11384123774859,40.1108027911376,40.107467558736396
0.04056,40.000010478807866,40.01355497330054,40.05124075759104,40.082468268648185,40.10135885567705,40.11121572460324,40.11542448839142,40.11625475779812,40.115102900251685,40.1128130851567,40.10989645629099,40.106664282531185
0.040799999999999996,40.00000899622387,40.01282438179172,40.04953185601742,40.08047661995204,40.09944049234301,40.109485365689956,40.11390007596578,40.114921061675254,40.11393578999488,40.111788265188565,40.10899227897447,40.105862346125946
0.04103999999999999,40.0000077164539,40.01212924121267,40.04787050041634,40.07852190527618,40.0975475891354,40.107772086771945,40.11238708940276,40.11359502413956,40.11277381018294,40.11076685700583,40.10809032896692,40.10506181045311
0.04128,40.00000661278515,40.01146806776958,40.04625574130306,40.07660377781288,40.09568007972453,40.10607593232893,40.110885610964864,40.11227673522341,40.11161704682165,40.10974893848325,40.107190675132465,40.104262735786975
0.041519999999999994,40.00000566187392,40.010839426238086,40.04468663393978,40.07472188368799,40.09383789056969,40.104396941419964,40.109395719110324,40.1109662823236,40.11046558408192,40.10873458620412,40.10629338541495,40.10346518173809
0.04176,40.00000484334171,40.010241929123005,40.04316223891344,40.07287586233696,40.09202094109251,40.10273514775632,40.10791748852066,40.109663750209165,40.10931950429903,40.10772387545612,40.105398526832644,40.102669207247956
0.041999999999999996,40.000004139416845,40.009674235788864,40.04168162268845,40.07106534687604,40.09022914385079,40.10109057977556,40.1064509901295,40.108369221029875,40.10817888797238,40.106716880227474,40.10450616547322,40.10187487058386
0.04224,40.000003534616894,40.00913505156449,40.04024385813484,40.06928996446883,40.088462404712764,40.09946326071684,40.10499629115229,40.107082774325626,40.107043813765856,40.1057136732036,40.10361636648906,40.101082229333905
0.04248,40.00000301546763,40.008623126824844,40.03884802503178,40.06754933668765,40.08672062303151,40.0978532086974,40.103553455117144,40.105804487036536,40.10591435850871,40.104714325764064,40.10272919409275,40.10029134040222
0.042719999999999994,40.000002570254495,40.008137256053004,40.03749321054695,40.065843079869786,40.08500369181963,40.09626043679008,40.10212254189668,40.104534433513805,40.10479059719704,40.10371890797994,40.101844711552914,40.099502260004414
0.04296,40.00000218880322,40.00767627688526,40.03617850969192,40.064170805468365,40.083311497923845,40.0946849531019,40.10070360774077,40.10327268553131,40.10367260299565,40.10272748861155,40.10096298119026,40.09871504366315
0.043199999999999995,40.00000186228629,40.00723906914198,40.034903025753934,40.062532120397634,40.081643922199525,40.09312676085353,40.09929670531031,40.10201931229796,40.10256044724066,40.10174013510657,40.10008406437391,40.09792974620396
0.04344,40.00000158305246,40.00682455384694,40.033665870704354,40.06092662737266,40.080000839685034,40.09158585845979,40.097901883711835,40.10077438047077,40.101454199442415,40.10075691359851,40.09920802151803,40.097146421751226
0.04368,40.00000134447677,40.0064316922376,40.03246616558414,40.0593539252431,40.07838211977567,40.09006223961085,40.09651918853307,40.09953795416852,40.100353927289056,40.09977788890557,40.09833491207867,40.096365123724375
0.043919999999999994,40.00000114082869,40.00605948476869,40.03130304086678,40.057813609321116,40.07678762639727,40.088555893354325,40.09514866187931,40.09831009498628,40.099259696650535,40.098803124529844,40.09746479455089,40.0955859048342
0.04416,40.00000096715638,40.005706970111376,40.030175636799,40.05630527170314,40.075217218179205,40.08706680417801,40.09379034241059,40.09709086201048,40.09817157158312,40.09783268265688,40.096597726466115,40.094808817079475
0.044399999999999995,40.00000081918521,40.00537322415017,40.02908310371963,40.0548285015855,40.073670748626725,40.08559495209334,40.09244426537977,40.09588031183464,40.097089614334465,40.09686662415563,40.095733764389855,40.094033911743644
0.04464,40.00000069322886,40.00505735897955,40.028024602357156,40.05338288557374,40.07214806629262,40.08414031271947,40.09111046267123,40.0946784985758,40.09601388534902,40.095905008578725,40.0948729639195,40.093261239391765
0.044879999999999996,40.00000058611159,40.00475852190226,40.02699930410626,40.05196800798555,40.07064901494798,40.08270285736783,40.08978896284042,40.09348547389153,40.09494444327408,40.09494789416311,40.09401537968255,40.09249084986763
0.04511999999999999,40.00000049510022,40.00447589443105,40.02600639128391,40.05058345114723,40.06917343375202,40.08128255312725,40.088479791154064,40.09230128699758,40.093881344966206,40.09399533783101,40.093161065335,40.09172279229107
0.04536,40.00000041784485,40.00420869129549,40.025045057365304,40.049228795683646,40.06772115742091,40.079879362949534,40.08718296963102,40.09112598468609,40.09282464549812,40.09304739519127,40.09231007355996,40.09095711505541
0.045599999999999995,40.00000035232717,40.0039561594555,40.02411450720033,40.04790362080147,40.06629201639545,40.07849324573534,40.085898517083905,40.08995961134439,40.09177439816605,40.09210412054098,40.0914624560666,40.09019386582516
0.04584,40.000000296815344,40.003717577123034,40.02321395721082,40.046607504565884,40.064885837007516,40.07712415642049,40.08462644916117,40.08880220897442,40.09073065449758,40.091165566867524,40.090618263589306,40.08943309153384
0.046079999999999996,40.00000024982488,40.00349225279323,40.022342635569245,40.04534002417043,40.063502441645284,40.0757720460625,40.08336677838989,40.08765381721261,40.08969346425982,40.090231785850825,40.089777545887024,40.08867483838203
0.04631999999999999,40.00000021008458,40.00327952428636,40.02149978235919,40.044100756200166,40.06214164891697,40.07443686192735,40.082119514219094,40.08651447335037,40.08866287546811,40.08930282786607,40.088940351742956,40.087919151835585
0.04656,40.00000017650694,40.00307875780164,40.020684649718284,40.042889276888005,40.06080327381326,40.07311854757648,40.08088466306358,40.085384212355045,40.08763893439513,40.08837874198661,40.088106728964405,40.08716607662398
0.046799999999999994,40.000000148162584,40.002889346984006,40.01989650196386,40.04170516236417,40.05948712786802,40.07181704295378,40.0796622283483,40.0842630668914,40.086621685580354,40.087459575987296,40.08727672438292,40.08641565673891
0.04704,40.000000124258015,40.00271071200489,40.019134615702114,40.04054798889885,40.058193019317585,40.070532284472854,40.078452210553145,40.08315106734361,40.08561117183997,40.08654537634805,40.08645038385458,40.085667935433044
0.047279999999999996,40.000000104116474,40.00254229865774,40.01839827992099,40.03941733313799,40.05692075325828,40.06926420510413,40.077254607258276,40.08204824183767,40.08460743427719,40.08563618825777,40.0856277522607,40.0849229552189
0.04751999999999999,40.00000008716128,40.00238357746914,40.017686796067565,40.03831277233212,40.05567013180218,40.068012734462044,40.07606941318977,40.08095461626432,40.083610512292914,40.08473205561856,40.08480887350851,40.08418075786797
0.04776,40.00000007290157,40.00223404282629,40.016999478110286,40.03723388455842,40.05444095423113,40.066777798892126,40.07489662026575,40.07987021430238,40.082620443596824,40.08383302105018,40.08399379053228,40.08344138440997
0.047999999999999994,40.000000060919916,40.00209321212138,40.01633565258657,40.03618024893583,40.053233017148855,40.06555932155799,40.07373621764279,40.078795057442505,40.08163726421879,40.08293912589494,40.08318254529461,40.0827048751323
0.04824,40.0000000508617,40.00196062491346,40.015694658636406,40.035151445833364,40.05204611463113,40.06435722252817,40.072588191762755,40.07772916501137,40.080661008520686,40.08205041022268,40.08237517878783,40.08197126957959
0.048479999999999995,40.00000004242595,40.00183584210827,40.0150758480223,40.034147057071564,40.05088003837403,40.063171418862694,40.07145252639987,40.07667255419623,40.07969170920852,40.081166912836224,40.0815717310358,40.08124060655354
0.04871999999999999,40.00000003535749,40.00171844515647,40.01447858513624,40.03316666611712,40.04973457784006,40.062001824699465,40.070329202708095,40.07562524006989,40.07872939734493,40.080288671277,40.080772241095794,40.08051292411283
0.04896,40.00000002944017,40.00160803527057,40.01390224699408,40.03220985827076,40.04860952040227,40.060848351340375,40.069218199268796,40.074587235616015,40.077774102362035,40.07941572183097,40.07997674706066,40.079788259573206
0.049199999999999994,40.00000002449111,40.00150423266087,40.01334622321784,40.03127622084839,40.047504651486186,40.059710907337,40.06811949213859,40.073558551754765,40.076825852074556,40.07854809953483,40.07918528606119,40.07906664950781
0.04944,40.000000020355685,40.0014066757906,40.012809916006546,40.0303653433555,40.046419754709596,40.05858939857601,40.06703305489743,40.07253919736885,40.0758846726933,40.07768583818244,40.07839789426864,40.07834812974753
0.049679999999999995,40.00000001690332,40.00131502065047,40.012292740095944,40.029476817654974,40.04535461202008,40.057483728364105,40.06595885869684,40.07152917932977,40.074950588838945,40.0768289703316,40.077614606897555,40.07763273538167
0.04991999999999999,40.00000001402386,40.00122894005274,40.011794122707705,40.028610238128294,40.0443090038303,40.056393797512555,40.06489687230834,40.07052850252451,40.07402362355612,40.075977527310975,40.0768354582087,40.07692050075865
0.050159999999999996,40.000000011624444,40.00114812294476,40.01131350348852,40.02776520183019,40.04328270915102,40.05531950442119,40.06384706217197,40.069537169882395,40.07310379832777,40.07513153922732,40.07606048151228,40.076211459486956
0.05039999999999999,40.00000000962689,40.00107227374219,40.010850334439695,40.02694130863682,40.042275505721726,40.05426074516195,40.062809392444954,40.068555182402264,40.0721911330898,40.07429103497299,40.075289709171265,40.075505644436134
0.05064,40.000000007965426,40.00100111168169,40.01040407983746,40.02613816138758,40.04128717013891,40.05321741356176,40.061783825050355,40.067582539179966,40.07128564624602,40.07345604223357,40.07452317260499,40.0748030877381
0.050879999999999995,40.00000000658478,40.00093437019314,40.009974216144826,40.02535536602054,40.04031747798199,40.05218940128495,40.060770319725926,40.066619237435965,40.07038735468332,40.0726265874959,40.07376090229291,40.07410382078844
0.05112,40.00000000543854,40.00087179629118,40.009560231915124,40.02459253170167,40.03936620393681,40.051176597914896,40.05976883407285,40.06566527254331,40.06949627378714,40.071802696056146,40.073002927778525,40.07340787424795
0.051359999999999996,40.00000000448779,40.000813149986,40.009161627687824,40.023849270947835,40.0384331219166,40.05017889103517,40.058779323604604,40.06472063805572,40.06861241745713,40.070984392028265,40.07224927767353,40.07271527804432
0.05159999999999999,40.00000000369992,40.000758203713175,40.00877791587709,40.02312519974376,40.037518005180615,40.04919616630985,40.05780174179572,40.06378532573591,40.06773579812312,40.07017169835259,40.07149997966211,40.072026061373926
0.05184,40.00000000304762,40.00070674178235,40.008408620653434,40.02241993765293,40.03662062645019,40.04822830756318,40.056836040130584,40.06285932558412,40.06686642676123,40.0693646368046,40.070755060505455,40.0713402527038
0.052079999999999994,40.00000000250806,40.00065855984452,40.00805327781899,40.02173310792263,40.035740758022285,40.04727519685848,40.055882168152095,40.06194262586677,40.066004312910295,40.06856322800403,40.07001454604641,40.07065787977371
0.05232,40.00000000206217,40.00061346437764,40.007711434676665,40.02106433758312,40.03487817188063,40.04633671457629,40.05494007351036,40.06103521314532,40.065149464688446,40.06776749142402,40.0692784612143,40.06997896959845
0.052559999999999996,40.00000000169403,40.0005712721904,40.00738264989381,40.020413257541115,40.03403263980416,40.04541273949166,40.054009702011136,40.06013707230519,40.064301888809894,40.06697744540057,40.06854683002999,40.06930354847016
0.05279999999999999,40.000000001390354,40.00053180994363,40.00706649336056,40.019779502667625,40.03320393347311,40.044503148850644,40.053090997664306,40.05924818658494,40.06346159060193,40.06619310714216,40.06781967561097,40.068631641960884
0.05304,40.000000001140094,40.00049491368929,40.006762546043376,40.019162711880256,40.032391824572386,40.043607818445956,40.0521839027321,40.05836853760544,40.0626285740221,40.06541449273953,40.067097020176774,40.067963274925205
0.053279999999999994,40.00000000093404,40.00046042842646,40.00647039983418,40.018562528220116,40.03159608489249,40.04272662269172,40.0512883577772,40.05749810539922,40.061802841675544,40.06464161717566,40.06637888505442,40.067298471503015
0.05352,40.00000000076453,40.00042820767418,40.00618965739536,40.0179785989234,40.030816486427895,40.0418594346973,40.050404301710685,40.05663686843986,40.06098439483252,40.06387449433594,40.06566529068408,40.066637255122465
0.053759999999999995,40.00000000062523,40.000398113060655,40.005919932001035,40.01741057548774,40.03005280147276,40.041006126340285,40.049531671839695,40.05578480367148,40.060173233446115,40.06311313701848,40.06495625662488,40.065979648502974
0.05399999999999999,40.000000000510845,40.00037001392848,40.005660847375,40.01685811373346,40.02930480271423,40.040166568338414,40.04867040391498,40.05494188653831,40.05936935617002,40.06235755694458,40.06425180156084,40.06532567365841
0.05424,40.00000000041701,40.00034378695552,40.005412037525524,40.01632087385991,40.02857226332307,40.03934063032066,40.047820432178156,40.05410809101425,40.058572760376556,40.0616077647694,40.063551943307,40.06467535190036
0.054479999999999994,40.00000000034011,40.000319315791074,40.005173146577555,40.0157985204968,40.027854957041804,40.03852818089724,40.046981689408675,40.05328338963254,40.057783442174745,40.06086377009274,40.06285669881558,40.06402870384159
0.05472,40.00000000027714,40.00029649070685,40.004943828602386,40.015290722750876,40.02715265827027,40.037729087728664,40.0461541069706,40.052467753515394,40.05700139642857,40.06012558147,40.06216608418245,40.06338574939954
0.054959999999999995,40.000000000225626,40.00027520826243,40.004723747445325,40.01479715424788,40.02646514214872,40.03694321759379,40.04533761485904,40.05166115240368,40.05622661677531,40.05939320642324,40.06148011465359,40.062746507799964
0.05519999999999999,40.00000000018352,40.00025537098482,40.004512576551505,40.01431749317001,40.02579218463829,40.03617043645677,40.04453214174628,40.0508635546866,40.055459095644025,40.058666651452434,40.06079880463173,40.062110997580746
0.055439999999999996,40.000000000149136,40.00023688706156,40.00430999879015,40.01385142228897,40.02513356259904,40.03541060953306,40.04373761502764,40.05007492743131,40.05469882427409,40.05794592204682,40.06012216768313,40.06147923659574
0.05567999999999999,40.00000000012109,40.00021967004724,40.00411570627764,40.01339862899466,40.02448905386543,40.034663601354275,40.042953960866896,40.0492952364126,40.05394579273387,40.05723102269637,40.05945021654449,40.06085124201876
0.05592,40.000000000098225,40.00020363858265,40.00392940019955,40.01295880531973,40.023858437319376,40.033929275831994,40.04218110424148,40.04852444614244,40.05319998993948,40.056521956903396,40.058782963129936,40.060227030347704
0.056159999999999995,40.00000000007961,40.00018871612658,40.00375079063196,40.012531647960046,40.02324149296075,40.03320749632055,40.041418968987216,40.04776251989959,40.05246140367356,40.055818727194286,40.05812041853818,40.05960661740873
0.05639999999999999,40.00000000006446,40.00017483069949,40.003579596362236,40.012116858291236,40.022638001975544,40.032498125678615,40.0406674778427,40.04700941975905,40.05173002060421,40.055121335131304,40.05746259305976,40.0589900183606
0.056639999999999996,40.00000000005215,40.000161914638916,40.0034155447096,40.01171414238133,40.02204774680147,40.031801026329745,40.03992655249334,40.04626510662149,40.05100582630393,40.054429781324565,40.05680949618439,40.05837724769906
0.05687999999999999,40.00000000004215,40.00014990436604,40.00325837134558,40.01132321099974,40.02147051119124,40.03111606032183,40.03919611361489,40.0455295402426,40.050288805268615,40.053744065444036,40.056161136608466,40.05776831926135
0.05712,40.00000000003404,40.00013874016321,40.0031078201147,40.01094377962265,40.02090608027343,40.030443089385365,40.03847608091666,40.04480267926233,40.04957894093663,40.0530641862317,40.05551752224258,40.05716324623085
0.057359999999999994,40.00000000002746,40.000128365961814,40.002963642855455,40.01057556843484,40.020354240610956,40.02978197499063,40.03776637318424,40.04408448123409,40.048876215707885,40.05239014151375,40.05487866021925,40.056562041141746
0.0576,40.00000000002214,40.000118729140304,40.00282559922191,40.01021830232823,40.01981478025725,40.0291325784037,40.037066908321826,40.04337490265371,40.04818061096298,40.051721928212906,40.05424455690066,40.055964715883846
0.057839999999999996,40.00000000001783,40.00010978033193,40.002693456505945,40.00987171089714,40.01928748881006,40.028494760741395,40.03637760339402,40.042673898988454,40.047492107082356,40.05105954236081,40.05361521788654,40.055371281707465
0.05807999999999999,40.000000000014346,40.00010147324178,40.00256698946054,40.00953552843036,40.01877215746299,40.027868383024966,40.03569837466726,40.04198142470573,40.04681068346543,40.05040297911049,40.052990648022096,40.054781749228404
0.05832,40.00000000001153,40.00009376447284,40.002445980123994,40.00920949390031,40.01826857905481,40.027253306232744,40.03502913765068,40.0412974333018,40.04613631854984,40.04975223274886,40.05237085140609,40.054196128433
0.058559999999999994,40.000000000009265,40.000086613360665,40.002330217645415,40.008893350949116,40.01777654811645,40.02664939135154,40.034369807136564,40.04062187733027,40.045468989830574,40.04910729670937,40.05175583139894,40.0536144286833
0.0588,40.00000000000743,40.00007998181634,40.00221949811165,40.00858684787209,40.01729586091587,40.02605649942698,40.03372029724026,40.0399547084304,40.044808673879174,40.04846816358462,40.05114559063095,40.05303665872224
0.059039999999999995,40.00000000000596,40.00007383417742,40.00211362437557,40.00828973759832,40.016826315500694,40.02547449161262,40.0330805214396,40.03929587735535,40.04415534636289,40.047834825139105,40.05054013101058,40.052462826679026
0.05927999999999999,40.000000000004775,40.000068137066414,40.00201240588614,40.00800177766884,40.016367711738724,40.024903229217934,40.032450392613846,40.03864533400013,40.04350898206388,40.04720727232195,40.0499394537328,40.05189294007444
0.059519999999999997,40.00000000000382,40.000062859256666,40.00191565852014,40.0077227302122,40.01591985135636,40.024342573755135,40.03182982308202,40.03800302742945,40.04286955489828,40.04658549527973,40.04934355928752,40.05132700582636
0.059759999999999994,40.000000000003055,40.000057971545175,40.00182320441575,40.00745236191779,40.01548253797489,40.02379238698485,40.03121872464084,40.037368905905325,40.04223703793536,40.04596948336935,40.04875244746814,40.050765030255256
0.06,40.000000000002444,40.000053446632094,40.001734871808196,40.007190444006774,40.0150555771448,40.02325253096064,40.03061700860199,40.03674291691454,40.041611403416546,40.045359225170884,40.04816611738002,40.05020701908982
0.060239999999999995,40.00000000000195,40.00004925900667,40.0016504948673,40.00693675220098,40.01463877637802,40.022722868072336,40.03002458582898,40.03612500719586,40.040992622774496,40.04475470850055,40.04758456744917,40.049652977472604
0.06047999999999999,40.000000000001556,40.000045384839254,40.00156991353732,40.006691066689655,40.0142319451782,40.0222032610883,40.02944136677332,40.03551512276702,40.04038066665203,40.04415592042359,40.04700779543093,40.04910290996579
0.060719999999999996,40.000000000001236,40.000041801879156,40.00149297337896,40.006453172094346,40.013834895069074,40.02169357319647,40.02886726151024,40.03491320895157,40.03977550492105,40.04356284726732,40.04643579841865,40.04855682055697
0.06095999999999999,40.00000000000099,40.00003848935806,40.00141952541366,40.006222857431815,40.01344743962087,40.0211936680443,40.02830217977383,40.03431921040537,40.039177106701466,40.04297547463405,40.04586857285254,40.048014712665015
0.0612,40.00000000000078,40.0000354278988,40.001349425970304,40.00599991607531,40.013069394474904,40.020703409777525,40.02774603099159,40.03373307114296,40.03858544037991,40.04239378741412,40.045306114528465,40.04747658914599
0.061439999999999995,40.000000000000625,40.00003259942913,40.001282536534326,40.00578414571412,40.01270057736631,40.020222663077874,40.02719872431844,40.033154734563624,40.03800047362852,40.041817769798925,40.04474841860684,40.046942452299135
0.06167999999999999,40.0000000000005,40.000029987100326,40.00121872359934,40.00557534831152,40.01234080814496,40.01975129319958,40.026660168670126,40.032584143477244,40.03742217342355,40.04124740529391,40.044195479621536,40.0464123038729
0.061919999999999996,40.00000000000039,40.00002757521043,40.00115785852124,40.00537333006134,40.01198990879466,40.019289166004825,40.02613027275609,40.03202124012988,40.03685050606397,40.0406826767316,40.04364729148885,40.04588614507102
0.06215999999999999,40.00000000000031,40.00002534913179,40.00109981737495,40.005177901343075,40.01164770345059,40.018836147998,40.02560894511173,40.031465966229085,40.0362854371899,40.0401235662846,40.04310384751653,40.04536397655867
0.0624,40.00000000000025,40.000023295242784,40.001044480813746,40.004988876675704,40.0113140184151,40.01839210635899,40.025096094130056,40.03091826296896,40.03572693180105,40.03957005547865,40.04256514041271,40.044845798468614
0.06264,40.00000000000019,40.00002140086351,40.00099173393124,40.00480607467033,40.0109886821718,40.01795690897522,40.02459162809284,40.03037807105498,40.03517495427496,40.03902212520558,40.0420311622951,40.044331610407475
0.06287999999999999,40.000000000000156,40.00001965419516,40.000941466126,40.00462931798163,40.01067152539812,40.017530424472724,40.02409545520106,40.02984533072846,40.034629468385184,40.03847975573631,40.041501904699956,40.04382141146197
0.06312,40.00000000000012,40.00001804426299,40.00089357096895,40.004458433258364,40.01036238097626,40.01711252224609,40.023607483604884,40.02931998179083,40.03409043731943,40.03794292673384,40.04097735859124,40.04331520020525
0.06336,40.00000000000009,40.00001656086266,40.00084794607337,40.004293251092776,40.01006108400256,40.01670307248733,40.02312762143292,40.028801963627515,40.03355782369742,40.03741161726615,40.04045751436976,40.04281297470324
0.06359999999999999,40.00000000000008,40.000015194509785,40.00080449296772,40.00413360596926,40.00976747179548,40.01630194621373,40.02265577682101,40.028291215231704,40.03303158958884,40.03688580581915,40.039942361882275,40.04231473252103
0.06384,40.00000000000006,40.00001393639243,40.00076311697111,40.0039793362121,40.00948138390205,40.0159090152946,40.022191857940335,40.027787675227614,40.03251169653098,40.036365470309555,40.03943189043069,40.04182047072932
0.06408,40.00000000000005,40.00001277832657,40.00072372707158,40.003830283932515,40.00920266210294,40.01552415247707,40.02173577302495,40.0272912818936,40.03199810554641,40.03585058809774,40.03892608878122,40.04133018591086
0.06431999999999999,40.000000000000036,40.000011712714254,40.00068623580708,40.00368629497506,40.008931150416146,40.01514723141075,40.02128743039875,40.02680197318493,40.03149077716038,40.035341136000554,40.03842494517358,40.04084387416694
0.06455999999999999,40.00000000000003,40.00001073250423,40.00065055914915,40.003547218863396,40.008666695099315,40.01477812667148,40.02084673850179,40.02631968675621,40.030989671418205,40.0348370903041,40.03792844733016,40.04036153112392
0.0648,40.00000000000002,40.00000983115515,40.00061661638939,40.003412908745545,40.008409144650805,40.01441671378403,40.02041360591605,40.025844359983566,40.030494747902445,40.03433842677648,40.03743658246523,40.03988315193977
0.06504,40.000000000000014,40.000009002600926,40.00058433002861,40.003283221338705,40.00815834980946,40.01406286924381,40.0199879413906,40.02537592998647,40.03000596574995,40.03384512068044,40.03694933729415,40.03940873131065
0.06527999999999999,40.000000000000014,40.00000824121835,40.000553625668665,40.00315801687362,40.00791416355318,40.01371647053762,40.019569653866164,40.02491433364926,40.02952328366879,40.03335714678604,40.036466698042545,40.038938263477505
0.06552,40.000000000000014,40.000007541796734,40.00052443190702,40.00303715903868,40.00767644109628,40.013377396163435,40.01915865249907,40.02445950764236,40.029046659955,40.0328744793832,40.03598865045548,40.03847174223265
0.06576,40.00000000000001,40.00000689950941,40.0004966802339,40.00292051492368,40.007445039885695,40.01304552564923,40.018754846684644,40.024011388443164,40.028576052509216,40.032397092294275,40.03551517980669,40.03800916092645
0.06599999999999999,40.00000000000001,40.000006309887134,40.00047030493223,40.002807954963416,40.007219819596145,40.01272073957089,40.018358146080004,40.02356991235657,40.02811141885308,40.03192495888644,40.03504627090771,40.037550512473956
0.06624,40.00000000000001,40.000005768793166,40.00044524297998,40.00269935288106,40.00700064212412,40.01240291956914,40.01796846062626,40.02313501553527,40.027652716145575,40.03145805208415,40.03458190811709,40.037095789361544
0.06648,40.00000000000001,40.000005272399974,40.00042143395532,40.0025945856315,40.0067873715809,40.012091948365686,40.01758570057011,40.022706633999604,40.02719990119913,40.030996344381435,40.03412207534949,40.03664498365364
0.06671999999999999,40.0,40.000004817167415,40.00039881994418,40.00249353334455,40.006579874284554,40.01178770977832,40.017209776484925,40.0222847036572,40.026752930495626,40.030539807854176,40.033666756084834,40.03619808699938
0.06695999999999999,40.0,40.000004399822394,40.00037734545045,40.002396079268216,40.00637801875096,40.01149008873523,40.01684059929117,40.02186916032216,40.02631176020212,40.03008841417229,40.033215933377456,40.03575509063932
0.0672,40.0,40.000004017339855,40.0003569573086,40.00230210971194,40.00618167568391,40.01119897128845,40.01647808027628,40.02145993973405,40.02587634618655,40.02964213461185,40.03276958986515,40.03531598541214
0.06744,40.0,40.000003666925004,40.0003376045988,40.00221151399,40.00599071796433,40.01091424462642,40.01612213111399,40.02105697757643,40.02544664403314,40.029200940067106,40.032327707778244,40.034880761761386
0.06767999999999999,40.0,40.00000334599675,40.00031923856451,40.002124184364966,40.00580502063861,40.01063579708572,40.015772663883055,40.02066020949514,40.025022609057686,40.02876480106245,40.03189026894868,40.034449409742145
0.06792,40.0,40.00000305217226,40.000301812532406,40.002040015991405,40.00562446090612,40.010363518162,40.01542959108546,40.02026957111621,40.02460419632266,40.028333687764295,40.03145725481901,40.034021919027786
0.06816,40.0,40.00000278325251,40.00028528183468,40.00195890685975,40.00544891810595,40.010097298520115,40.01509282566397,40.01988499806341,40.02419136065213,40.027907569992855,40.031028646451375,40.0335982789167
0.06839999999999999,40.0,40.00000253720892,40.00026960373367,40.0018807577404,40.0052782737029,40.009837030003425,40.01476228101925,40.019506425975564,40.02378405664649,40.02748641723383,40.03060442453646,40.033178478338975
0.06863999999999999,40.0,40.00000231217075,40.0002547373488,40.00180547212821,40.005112411272684,40.009582605642365,40.014437871026324,40.01913379052338,40.02338223869699,40.02707019865006,40.03018456940245,40.032762505863175
0.06888,40.0,40.00000210641354,40.00024064358564,40.00173295618717,40.00495121648652,40.00933391966225,40.014119510050556,40.018767027426065,40.02298586100013,40.02665888309299,40.02976906102385,40.03235034970298
0.06911999999999999,40.0,40.0000019183482,40.00022728506734,40.001663118695554,40.00479457709499,40.00909086749027,40.01380711296305,40.01840607246756,40.02259487757183,40.02625243911413,40.02935787903039,40.03194199772396
0.06935999999999999,40.0,40.00000174651094,40.00021462606802,40.00159587099138,40.004642382911356,40.008853345761935,40.01350059515552,40.018050861512435,40.02220924226136,40.02585083497635,40.02895100271582,40.03153743745022
0.0696,40.0,40.000001589553904,40.00020263244846,40.001531126918344,40.004494525794165,40.00862125232654,40.01319987255466,40.017701330521405,40.02182890876523,40.02545403866516,40.02854841104664,40.03113665607112
0.06984,40.0,40.0000014462364,40.0001912715937,40.001468802772145,40.00435089962939,40.008394486252215,40.01290486163591,40.017357415566615,40.02145383064068,40.025062017899764,40.02815008267086,40.03073964044795
0.07007999999999999,40.0,40.00000131541687,40.00018051235277,40.00140881724736,40.00421140031197,40.00817294783007,40.0126154794368,40.0170190528465,40.02108396131916,40.02467474014415,40.027755995926654,40.03034637712057
0.07032,40.0,40.00000119604527,40.00017032498033,40.001351091384734,40.0040759257269,40.007956538577815,40.01233164356971,40.016686178700326,40.02071925411947,40.02429217261796,40.02736612885098,40.0299568523141
0.07056,40.0,40.00000108715614,40.00016068108031,40.00129554851904,40.00394437572975,40.00774516124268,40.012053272234105,40.01635872962242,40.020359662260844,40.02391428230735,40.02698045918818,40.02957105194551
0.07079999999999999,40.0,40.00000098786212,40.00015155355136,40.00124211422749,40.00381665212682,40.007538719803705,40.011780284228344,40.01603664227606,40.02000513887569,40.02354103597566,40.02659896439848,40.02918896163027
0.07103999999999999,40.0,40.000000897347896,40.00014291653424,40.001190716278664,40.00369265865487,40.0073371194734,40.01151259896091,40.01571985350703,40.019655637022225,40.023172400174005,40.026221621666494,40.028810566688946
0.07128,40.0,40.00000081486465,40.00013474536092,40.00114128458209,40.00357230096034,40.00714026669883,40.01125013646123,40.015408300356796,40.01931110969689,40.0228083412518,40.0258484079096,40.028435852153756
0.07152,40.0,40.000000739724875,40.000127016505516,40.001093751138384,40.003455486578396,40.00694806916213,40.010992817389884,40.01510192007545,40.01897150984655,40.0224488253671,40.02547929978633,40.02806480277515
0.07175999999999999,40.0,40.00000067129759,40.0001197075369,40.00104804998998,40.00334212491142,40.00676043578037,40.01074056304849,40.01480065013427,40.0186367903805,40.02209381849686,40.025114273704695,40.027697403028334
0.072,40.0,40.00000060900391,40.00011279707299,40.001004117172585,40.003232127207355,40.00657727670497,40.01049329538901,40.014504428237906,40.01830690418224,40.021743286447084,40.02475330583038,40.02733363711979
0.07224,40.0,40.00000055231292,40.00010626473662,40.000961890667185,40.00312540653763,40.00639850332046,40.0102509370226,40.01421319233635,40.017981804121135,40.02139719486285,40.024396372094955,40.026973488993725
0.07247999999999999,40.0,40.0000005007379,40.00010009111314,40.00092131035278,40.00302187777491,40.00622402824288,40.01001341122804,40.01392688063648,40.01766144306374,40.02105550923822,40.024043448204026,40.026616942338585
0.07271999999999999,40.0,40.00000045383278,40.000094257709335,40.000882317959764,40.002921457570565,40.006053765317475,40.00978064195971,40.01364543161336,40.01734577388504,40.020718194926005,40.02369450964523,40.026263980593434
0.07296,40.0,40.00000041118892,40.00008874691406,40.00084485702398,40.00282406433187,40.005887629616026,40.00955255385508,40.01336878402117,40.01703474947942,40.02038521714748,40.02334953169631,40.02591458695438
0.07319999999999999,40.0,40.00000037243209,40.00008354196016,40.00080887284149,40.002729618199076,40.00572553743371,40.0093290722418,40.01309687690382,40.01672832277145,40.020056541001885,40.02300848943297,40.02556874438093
0.07343999999999999,40.0,40.0000003372197,40.000078626887955,40.00077431242403,40.00263804102228,40.005567406285394,40.00911012314432,40.01282964960532,40.016426446726435,40.01973213147586,40.02267135773677,40.02522643560233
0.07368,40.0,40.00000030523824,40.00007398650996,40.000741124455196,40.00254925633811,40.00541315490159,40.00889563329014,40.012567041779725,40.01612907436083,40.019411953452774,40.02233811130295,40.024887643123876
0.07392,40.0,40.00000027620091,40.00006960637704,40.000709259247294,40.0024631893463,40.005262703223906,40.0086855301156,40.01230899340088,40.01583615875241,40.019095971721846,40.022008724648096,40.02455234923319
0.07415999999999999,40.0,40.00000024984544,40.000065472745796,40.00067866869899,40.002379766886165,40.00511597240011,40.00847974177129,40.01205544477175,40.01554765305018,40.01878415098725,40.02168317211783,40.024220536006425
0.0744,40.0,40.00000022593209,40.00006157254727,40.000649306253585,40.00229891741291,40.004972884778795,40.00827819712702,40.01180633653356,40.01526351048419,40.018476455877014,40.02136142789439,40.02389218531448
0.07464,40.0,40.000000204241786,40.000057893356775,40.000621126858114,40.002220570973954,40.00483336390361,40.008080825776425,40.011561609674565,40.01498368437509,40.01817285095182,40.02104346600413,40.023567278829184
0.07487999999999999,40.0,40.00000018457439,40.00005442336503,40.00059408692312,40.00214465918511,40.00469733450716,40.00788755804119,40.01132120553849,40.01470812814345,40.01787330071368,40.020729260324956,40.02324579802937
0.07511999999999999,40.0,40.00000016674717,40.000051151350284,40.00056814428317,40.002071115206796,40.00456472250455,40.00769832497487,40.01108506583279,40.01443679531893,40.01757776961447,40.020418784593694,40.022927724206994
0.07536,40.0,40.00000015059331,40.00004806665169,40.000543258158096,40.00199987372014,40.0044354549865,40.00751305836635,40.01085313263645,40.01416963954926,40.01728622206438,40.02011201241338,40.02261303847317
0.07559999999999999,40.0,40.0000001359606,40.000045159143646,40.00051938911499,40.001930870903145,40.00430946021225,40.00733169074293,40.010625348407686,40.013906614608935,40.016998622440134,40.019808917260434,40.022301721764144
0.07583999999999999,40.0,40.0000001227102,40.00004241921122,40.00049649903095,40.001864044406844,40.00418666760203,40.00715415537307,40.010401655991195,40.0136476744078,40.01671493509323,40.019509472491855,40.021993754847294
0.07608,40.0,40.000000110715504,40.00003983772656,40.00047455105647,40.00179933333143,40.00406700772928,40.00698038626879,40.01018199862523,40.0133927729994,40.01643512435791,40.0192136513522,40.021689118327025
0.07632,40.0,40.00000009986112,40.00003740602629,40.00045350957968,40.0017366782025,40.0039504123126,40.00681031818768,40.0099663199483,40.01314186458911,40.016159154559084,40.01892142698063,40.02138779265063
0.07655999999999999,40.0,40.000000090041894,40.000035115889766,40.000433340191215,40.0016760209473,40.0038368142073,40.006643886634635,40.009754564005725,40.01289490354208,40.01588699002008,40.01863277241775,40.02108975811413
0.0768,40.0,40.00000008116205,40.00003295951838,40.000414009649866,40.00161730487104,40.00372614739683,40.00648102786321,40.00954667525576,40.01265184439106,40.015618595070315,40.018347660612456,40.02079499486805
0.07704,40.0,40.00000007313438,40.00003092951556,40.00039548584893,40.0015604746333,40.00361834698387,40.00632167887671,40.009342598575586,40.01241264184384,40.01535393405276,40.018066064428645,40.02050348292314
0.07727999999999999,40.0,40.00000006587951,40.00002901886774,40.00037773778327,40.00150547622452,40.00351334918116,40.00616577742891,40.00914227926694,40.01217725079072,40.01509297133138,40.017787956651894,40.020215202156095
0.07751999999999999,40.0,40.000000059325224,40.00002722092608,40.00036073551712,40.00145225694261,40.00341109130217,40.006013262024524,40.008945663061525,40.01194562631165,40.01483567129831,40.017513309996005,40.019930132315146
0.07776,40.0,40.00000005340583,40.000025529388964,40.00034445015255,40.00140076536964,40.00331151175145,40.00586407191931,40.00875269612617,40.01171772368318,40.014581998381026,40.017242097109516,40.019648253025686
0.078,40.0,40.00000004806159,40.000023938285295,40.00032885379866,40.001350951348655,40.00321455001487,40.00571814711998,40.008563325067705,40.01149349838527,40.01433191704931,40.016974290582084,40.019369543795804
0.07823999999999999,40.0,40.00000004323822,40.000022441958485,40.00031391954149,40.00130276596073,40.0031201466496,40.00557542838369,40.00837749693759,40.011272906107905,40.01408539182212,40.016709862950826,40.01909398402176
0.07848,40.0,40.00000003888639,40.0000210350511,40.000299621414555,40.001256161502,40.003028243273924,40.005435857217435,40.00819515923632,40.01105590275746,40.01384238727431,40.01644878670654,40.01882155299342
0.07872,40.0,40.00000003496132,40.00001971249027,40.00028593437012,40.00121109146098,40.00293878255686,40.00529937587697,40.00801625991754,40.01084244446299,40.01360286804322,40.01619103429987,40.018552229899676
0.07895999999999999,40.0,40.00000003142231,40.00001846947367,40.000272834251156,40.001167510496025,40.002851708207665,40.00516592736567,40.00784074739197,40.01063248758217,40.013366798835165,40.01593657814737,40.01828599383376
0.07919999999999999,40.0,40.000000028232456,40.00001730145618,40.00026029776389,40.0011253744129,40.0027669649651,40.005035455432946,40.007668570531045,40.01042598870727,40.01313414443176,40.01568539063748,40.018022823798496
0.07944,40.0,40.00000002535826,40.00001620413706,40.000248302451084,40.00108464014262,40.002684498586646,40.0049079045726,40.00749967867039,40.01022290467071,40.01290486969612,40.015437444136445,40.0177626987116
0.07967999999999999,40.0,40.00000002276935,40.00001517344779,40.000236826665976,40.00104526571945,40.002604255837525,40.004783220020784,40.00733402161297,40.01002319255065,40.01267893957898,40.01519271099411,40.0175055974108
0.07991999999999999,40.0,40.000000020438165,40.00001420554043,40.000225849546766,40.001007210259026,40.00252618447961,40.00466134775382,40.00717154963207,40.00982680967622,40.01245631912462,40.01495116354964,40.01725149865899
0.08016,40.0,40.00000001833975,40.00001329677647,40.00021535099186,40.00097043393685,40.00245023326023,40.00454223448575,40.00701221347408,40.00963371363272,40.01223697347666,40.01471277413719,40.01700038114925
0.0804,40.0,40.00000001645149,40.00001244371627,40.00020531163566,40.00093489796683,40.00237635190085,40.00442582766569,40.006855964361016,40.00944386226653,40.012020867883855,40.014477515091436,40.01675222350994
0.08063999999999999,40.0,40.00000001475289,40.00001164310891,40.000195712824976,40.000900564580135,40.00230449108572,40.00431207547498,40.00670275399282,40.009257213689935,40.01180796770556,40.01424535875306,40.01650700430956
0.08088,40.0,40.00000001322542,40.00001089188255,40.00018653659609,40.00086739700422,40.0022346024503,40.00420092682406,40.0065525345495,40.00907372628573,40.01159823841726,40.01401627747412,40.016264702061754
0.08112,40.0,40.00000001185228,40.00001018713526,40.00017776565239,40.000835359442156,40.002166638569804,40.00409233134927,40.006405258693015,40.00889335871163,40.01139164561583,40.013790243623355,40.01602529523006
0.08135999999999999,40.0,40.000000010618294,40.0000095261262,40.00016938334256,40.00080441705208,40.00210055294747,40.00398623940933,40.00626087956899,40.008716069904615,40.0111881550248,40.013567229591395,40.01578876223276
0.08159999999999999,40.0,40.00000000950972,40.00000890626733,40.000161373639415,40.000774535927015,40.00203630000293,40.003882602081724,40.00611935080822,40.00854181908497,40.01098773249934,40.01334720779588,40.015555081447616
0.08184,40.0,40.00000000851414,40.00000832511543,40.000153721119254,40.00074568307481,40.001973835060426,40.00378137115887,40.00598062652795,40.00837056576027,40.01079034403129,40.01313015068652,40.01532423121649
0.08207999999999999,40.0,40.000000007620336,40.000007780364506,40.00014641094181,40.00071782639844,40.00191311433704,40.00368249914411,40.00584466133304,40.008202269729175,40.01059595575397,40.012916030750006,40.01509618985002
0.08231999999999999,40.0,40.000000006818176,40.000007269838605,40.0001394288307,40.00069093467647,40.001854094930884,40.00358593924757,40.00571141031689,40.00803689108503,40.01040453394683,40.01270482051493,40.014870935632146
0.08256,40.0,40.00000000609849,40.00000679148496,40.000132761054466,40.0006649775438,40.00179673480918,40.003491645381814,40.005580829062154,40.00787439021933,40.01021604504014,40.012496492556515,40.014648446824644
0.0828,40.0,40.00000000545301,40.00000634336741,40.00012639440813,40.000639925472704,40.00174099279645,40.00339957215736,40.00545287364134,40.00771472782505,40.01003045561932,40.01229101950135,40.014428701671534
0.08303999999999999,40.0,40.00000000487428,40.00000592366027,40.000120316195236,40.00061574975408,40.00168682856258,40.00330967487811,40.00532750061722,40.007557864899795,40.009847732429435,40.01208837403196,40.014211678403484
0.08327999999999999,40.0,40.00000000435558,40.00000553064234,40.000114514210466,40.000592422479,40.00163420261096,40.0032219095365,40.005204667043024,40.00740376274881,40.0096678423793,40.01188852889139,40.013997355242154
0.08352,40.0,40.00000000389081,40.00000516269136,40.00010897672268,40.00056991652049,40.00158307626651,40.003136232808686,40.00508433046254,40.00725238298782,40.009490752545666,40.01169145688757,40.01378571040444
0.08375999999999999,40.0,40.000000003474526,40.00000481827862,40.0001036924585,40.00054820551559,40.001533411663864,40.00305260204946,40.00496644890997,40.00710368754576,40.00931643017718,40.01149713089773,40.013576722106706
0.08399999999999999,40.0,40.00000000310178,40.00000449596393,40.00009865058638,40.000527263847715,40.00148517173544,40.0029709752871,40.004850980909694,40.00695763866731,40.00914484269828,40.01130552387264,40.013370368568914
0.08424,40.0,40.00000000276813,40.00000419439078,40.000093840701076,40.00050706662924,40.00143832019957,40.00289131121813,40.00473788547587,40.006814198915364,40.00897595771294,40.011116608840815,40.013166628018745
0.08448,40.0,40.00000000246958,40.000003912281784,40.00008925280866,40.000487589684354,40.00139282154866,40.00281356920192,40.00462712211182,40.006673331173246,40.00880974300837,40.01093035891259,40.01296547869561
0.08471999999999999,40.0,40.00000000220252,40.00000364843431,40.00008487731192,40.000468809532244,40.00134864103739,40.00273770925518,40.00451865080936,40.00653499864692,40.00864616655849,40.010746747284166,40.01276689885466
0.08496,40.0,40.000000001963706,40.000003401716405,40.00008070499625,40.00045070337049,40.00130574467091,40.0026636920464,40.004412432047914,40.00639916486693,40.00848519652743,40.01056574724152,40.012570866770645
0.0852,40.0,40.00000000175022,40.00000317106284,40.000076727015916,40.00043324905874,40.0012640991931,40.00259147889013,40.00430842679353,40.006265793690304,40.00832680127279,40.0103873321643,40.01237736074184
0.08543999999999999,40.0,40.00000000155944,40.00000295547143,40.00007293488079,40.00041642510269,40.001223672074886,40.00252103174124,40.00420659649774,40.00613484930232,40.008170949348866,40.01021147552955,40.012186359093796
0.08567999999999999,40.0,40.00000000138901,40.00000275399949,40.00006932044347,40.000400210638325,40.00118443150257,40.00245231318902,40.0041069030963,40.00600629621805,40.0080176095098,40.01003815091542,40.01199784018311
0.08592,40.0,40.00000000123681,40.000002565760546,40.000065875886804,40.000384585416384,40.001146346366276,40.00238528645125,40.00400930900779,40.00588009928389,40.00786675071251,40.00986733200478,40.0118117824011
0.08615999999999999,40.0,40.000000001100936,40.000002389921114,40.000062593711796,40.00036952978717,40.00110938624835,40.00231991536821,40.003913777132105,40.00575622367892,40.00771834211961,40.00969899258874,40.01162816417741
0.08639999999999999,40.0,40.00000000097967,40.00000222569776,40.00005946672592,40.00035502468561,40.001073521411946,40.00225616439653,40.0038202708488,40.00563463491609,40.00757235310223,40.00953310657008,40.011446963983595
0.08664,40.0,40.00000000087148,40.000002072354235,40.000056488031795,40.00034105161651,40.001038722789595,40.00219399860309,40.00372875401533,40.0055152988434,40.00742875324265,40.009369647966665,40.011268160336634
0.08688,40.0,40.00000000077499,40.00000192919878,40.00005365101618,40.0003275926402,40.00100496197186,40.002133383658766,40.0036391909652,40.005398181644836,40.007287512336895,40.00920859091468,40.01109173180237
0.08711999999999999,40.0,40.000000000688964,40.0000017955816,40.0000509493394,40.00031463035837,40.00097221119611,40.00207428583219,40.00355154650597,40.00528324984129,40.00714860039725,40.00904990967186,40.01091765699886
0.08736,40.0,40.00000000061229,40.000001670892466,40.00004837692508,40.000302147900165,40.000940443335296,40.00201667198336,40.003465785917165,40.00517047029131,40.00701198765462,40.008893578620636,40.010745914599795
0.0876,40.0,40.00000000054397,40.000001554558395,40.00004592795016,40.0002901289086,40.0009096318869,40.00196050955738,40.003381874948076,40.00505981019175,40.00687764456082,40.00873957227117,40.01057648333771
0.08783999999999999,40.0,40.00000000048312,40.00000144604153,40.00004359683537,40.00027855752719,40.000879750961865,40.0019057665779,40.003299779815485,40.00495123707834,40.00674554179076,40.00858786526434,40.010409342007186
0.08807999999999999,40.0,40.00000000042893,40.000001344837095,40.00004137823586,40.00026741838686,40.00085077527372,40.00185241164078,40.00321946720126,40.00484471882607,40.00661565024454,40.00843843237463,40.01024446946808
0.08832,40.0,40.00000000038071,40.00000125047146,40.00003926703232,40.000256696593105,40.00082268012772,40.00180041390753,40.00314090424989,40.0047402236496,40.00648794104949,40.00829124851299,40.01008184464855
0.08855999999999999,40.0,40.00000000033779,40.00000116250031,40.0000372583222,40.000246377713424,40.00079544141009,40.001749743098806,40.003064058565904,40.004637720103425,40.00636238556203,40.00814628872953,40.00992144654818
0.08879999999999999,40.0,40.00000000029962,40.00000108050694,40.00003534741142,40.000236447765005,40.000769035577434,40.00170036948785,40.0029888982112,40.004537177082064,40.00623895536949,40.00800352821624,40.009763254240866
0.08904,40.0,40.00000000026568,40.000001004100625,40.0000335298062,40.00022689320262,40.00074343964613,40.00165226389395,40.00291539170233,40.00443856382004,40.0061176222919,40.0078629423096,40.009607246877856
0.08928,40.0,40.0000000002355,40.00000093291507,40.00003180120533,40.00021770090687,40.00071863118192,40.001605397675796,40.002843508007665,40.004341849891844,40.00599835838355,40.00772450649306,40.00945340369055
0.08951999999999999,40.0,40.000000000208686,40.00000086660695,40.000030157492525,40.00020885817255,40.00069458828956,40.00155974272489,40.0027732165445,40.004247005211816,40.0058811359346,40.00758819639956,40.00930170399335
0.08975999999999999,40.0,40.00000000018487,40.000000804854594,40.00002859472922,40.00020035269736,40.000671289602614,40.00151527145895,40.00270448717608,40.004154000033814,40.005765927472524,40.00745398781386,40.00915212718643
0.09,40.0,40.00000000016371,40.00000074735661,40.00002710914749,40.00019217257083,40.000648714273275,40.00147195681523,40.00263729020857,40.00406280495098,40.00565270576351,40.0073218566749,40.009004652758414
0.09023999999999999,40.0,40.00000000014493,40.00000069383072,40.00002569714329,40.00018430626344,40.0006268419624,40.0014297722439,40.002571596387924,40.00397339089524,40.005541443813726,40.00719177907802,40.00885926028907
0.09047999999999999,40.0,40.00000000012826,40.00000064401261,40.00002435526991,40.00017674261608,40.00060565282957,40.00138869170142,40.00250737689674,40.00388572913684,40.0054321148706,40.00706373127717,40.00871592945188
0.09072,40.0,40.000000000113474,40.0000005976548,40.000023080231635,40.000169470829604,40.00058512752332,40.0013486896439,40.002444603350995,40.003799791283754,40.005324692423905,40.006937689686964,40.00857464001659
0.09095999999999999,40.0,40.000000000100364,40.000000554525656,40.000021868877724,40.000162480454755,40.000565247171465,40.00130974102041,40.002383247796786,40.003715549281,40.00521915020684,40.00681363088477,40.00843537185172
0.09119999999999999,40.0,40.00000000008873,40.00000051440843,40.00002071819646,40.00015576138222,40.0005459933715,40.00127182126642,40.002323282706946,40.003632975409914,40.00511546219703,40.00669153161268,40.008298104926965
0.09144,40.0,40.00000000007843,40.000000477100315,40.00001962530958,40.00014930383296,40.00052734818122,40.00123490629714,40.002264680977675,40.00355204228734,40.0050136026174,40.0065713687794,40.00816281931562
0.09168,40.0,40.0000000000693,40.000000442411626,40.000018587466755,40.00014309834875,40.000509294109335,40.001198972500916,40.00220741592506,40.00347272286469,40.00491354593705,40.0064531194621,40.008029495196894
0.09191999999999999,40.0,40.000000000061206,40.00000041016496,40.0000176020404,40.000137135782936,40.00049181410627,40.00116399673262,40.002151461281585,40.00339499042704,40.00481526687199,40.006336760908205,40.00789811285817
0.09215999999999999,40.0,40.00000000005405,40.00000038019445,40.00001666652059,40.000131407291406,40.00047489155511,40.00112995630712,40.00209679119261,40.003318818592035,40.004718740385805,40.0062222705371,40.00776865269727
0.0924,40.0,40.00000000004771,40.00000035234507,40.00001577851018,40.00012590432377,40.000458510262604,40.00109682899265,40.002043380212776,40.00324418130884,40.00462394169036,40.0061096259418,40.0076410952246
0.09263999999999999,40.0,40.0000000000421,40.000000326471906,40.00001493572015,40.00012061861479,40.000442654450325,40.00106459300436,40.00199120330233,40.00317105285693,40.004530846246254,40.0059988048905,40.007515421065285
0.09287999999999999,40.0,40.00000000003714,40.000000302439574,40.000014135965095,40.00011554217595,40.00042730874595,40.001033226997734,40.00194023582356,40.0030994078449,40.00443942976336,40.00588978532819,40.00739161096124
0.09312,40.0,40.00000000003275,40.00000028012162,40.000013377158844,40.00011066728728,40.000412458174644,40.001002710062146,40.001890453537,40.00302922120915,40.00434966820122,40.00578254537804,40.00726964577323
0.09336,40.0,40.00000000002888,40.00000025939992,40.00001265731032,40.00010598648938,40.0003980881506,40.000973021714394,40.0018418325978,40.002960468212535,40.00426153776943,40.005677063342844,40.007149506482754
0.09359999999999999,40.0,40.000000000025445,40.000000240164184,40.00001197451953,40.00010149257558,40.00038418446866,40.00094414189228,40.001794349551865,40.00289312444296,40.004175014927874,40.00557331770639,40.007031174194076
0.09383999999999999,40.0,40.00000000002242,40.00000022231145,40.000011326973656,40.00009717858439,40.00037073329609,40.00091605094824,40.00174798133217,40.00282716581195,40.00409007638701,40.00547128713476,40.00691463013604
0.09408,40.0,40.000000000019746,40.000000205745636,40.000010712943386,40.00009303779208,40.00035772116448,40.00088872964295,40.00170270525491,40.00276256855307,40.004006699108004,40.00537095047753,40.006799855663886
0.09431999999999999,40.0,40.00000000001739,40.00000019037706,40.00001013077932,40.00008906370541,40.00034513496173,40.000862159139054,40.00165849901564,40.00269930922041,40.00392486030285,40.005272286768985,40.006686832261096
0.09455999999999999,40.0,40.0000000000153,40.00000017612207,40.00000957890856,40.00008525005466,40.00033296192421,40.000836320994864,40.00161534068549,40.002637364686976,40.00384453743442,40.005175275229256,40.00657554154105
0.0948,40.0,40.000000000013465,40.00000016290266,40.00000905583137,40.00008159078673,40.000321189629005,40.00081119715812,40.00157320870724,40.00257671214299,40.00376570821646,40.005079895265375,40.00646596524875
0.09503999999999999,40.0,40.000000000011845,40.000000150646045,40.00000856011805,40.00007808005846,40.00030980598632,40.00078676995983,40.001532081891476,40.0025173290942,40.00368835061354,40.00498612647232,40.00635808526246
0.09527999999999999,40.0,40.00000000001042,40.0000001392844,40.00000809040586,40.000074712230145,40.00029879923192,40.000763022108096,40.001491939412674,40.002459193360146,40.00361244284091,40.00489394863396,40.00625188359532
0.09552,40.0,40.00000000000915,40.0000001287545,40.00000764539614,40.00007148185918,40.000288157919854,40.00073993668201,40.0014527608053,40.002402283072335,40.00353796336439,40.004803341724,40.00614734239681
0.09576,40.0,40.00000000000804,40.00000011899743,40.00000722385143,40.00006838369389,40.0002778709151,40.00071749712561,40.00141452595989,40.00234657667244,40.00346489090009,40.00471428590683,40.00604444395436
0.09599999999999999,40.0,40.00000000000706,40.000000109958265,40.00000682459288,40.000065412667546,40.00026792738651,40.000695687241894,40.001377215119106,40.00229205291039,40.003393204414216,40.00462676153836,40.00594317069474
0.09623999999999999,40.0,40.0000000000062,40.00000010158589,40.00000644649755,40.00006256389247,40.00025831679977,40.00067449118681,40.00134080887385,40.00223869084252,40.003322883122685,40.00454074916679,40.0058435051855
0.09648,40.0,40.00000000000545,40.000000093832675,40.00000608849602,40.000059832654436,40.00024902891052,40.0006538934634,40.001305288159294,40.00218646982957,40.00325390649082,40.00445622953334,40.005745430136336
0.09671999999999999,40.0,40.00000000000478,40.00000008665427,40.000005749569965,40.00005721440705,40.00024005375756,40.00063387891594,40.00127063425095,40.00213536953475,40.00318625423292,40.004373183572895,40.005648928400404
0.09695999999999999,40.0,40.00000000000419,40.0000000800094,40.00000542874989,40.00005470476643,40.000231381656235,40.00061443272415,40.00123682876074,40.0020853699217,40.003119906311824,40.004291592414674,40.00555398297565
0.0972,40.0,40.00000000000368,40.00000007385965,40.000005125112914,40.000052299505924,40.00022300319189,40.0005955403974,40.00120385363306,40.002036451252515,40.003054842938404,40.00421143738281,40.005460577006005
0.09743999999999998,40.0,40.000000000003226,40.00000006816928,40.0000048377807,40.000049994551084,40.00021490921344,40.000577187769096,40.00117169114083,40.001988594085596,40.002991044571054,40.00413269999686,40.00536869378262
0.09767999999999999,40.0,40.00000000000283,40.000000062905016,40.00000456591744,40.00004778597467,40.0002070908271,40.000559360991005,40.00114032388162,40.001941779273636,40.00292849191509,40.004055361972355,40.00527831674502
0.09792,40.0,40.00000000000248,40.000000058035944,40.000004308727924,40.00004566999188,40.000199539390174,40.000542046527684,40.00110973477367,40.00189598796146,40.002867165922176,40.00397940522122,40.00518942948223
0.09816,40.0,40.00000000000217,40.0000000535333,40.00000406545566,40.000043642955625,40.00019224650502,40.000525231151,40.00107990705201,40.001851201583925,40.00280704778962,40.00390481185221,40.00510201573385
0.09839999999999999,40.0,40.0000000000019,40.00000004937034,40.000003835381165,40.000041701352075,40.00018520401308,40.00050890193464,40.00105082426455,40.00180740186371,40.00274811895974,40.00383156417126,40.00501605939111
0.09863999999999999,40.0,40.00000000000166,40.00000004552222,40.0000036178202,40.00003984179619,40.00017840398903,40.000493046248714,40.00102247026821,40.00176457080918,40.002690361119114,40.00375964468184,40.00493154449788
0.09888,40.0,40.00000000000146,40.00000004196583,40.00000341212221,40.00003806102745,40.00017183873509,40.00047765175447,40.000994829225,40.001722690712185,40.00263375619785,40.00368903608527,40.004848455251626
0.09911999999999999,40.0,40.00000000000127,40.00000003867974,40.00000321766874,40.000036355905735,40.000165500775374,40.00046270639898,40.00096788559819,40.001681744145834,40.002578286368774,40.00361972128092,40.00476677600435
0.09935999999999999,40.0,40.000000000001116,40.000000035643986,40.000003033871934,40.00003472340723,40.00015938285039,40.000448198409934,40.000941624148474,40.00164171396225,40.002523934046614,40.003551683366496,40.00468649126349
0.0996,40.0,40.00000000000097,40.000000032840084,40.000002860173126,40.00003316062057,40.000153477911674,40.000434116290506,40.00091602993008,40.00160258329036,40.002470681887154,40.003484905638196,40.00460758569275
0.09983999999999998,40.0,40.00000000000085,40.00000003025083,40.000002696041484,40.000031664743005,40.00014777911646,40.000420448814275,40.00089108828704,40.001564335533615,40.00241851278636,40.00341937159084,40.004530044112975
0.10007999999999999,40.0,40.000000000000746,40.00000002786029,40.0000025409727,40.00003023307673,40.000142279822526,40.0004071850202,40.00086678484932,40.001526954367726,40.00236740987949,40.00335506491803,40.00445385150289
0.10031999999999999,40.0,40.00000000000065,40.00000002565364,40.00000239448773,40.000028863025285,40.00013697358312,40.000394314207654,40.000843105529086,40.001490423738396,40.00231735654011,40.00329196951221,40.00437899299986
0.10056,40.0,40.00000000000057,40.000000023617154,40.000002256131616,40.00002755209012,40.000131854141955,40.000381825931555,40.00082003651694,40.00145472785902,40.002268336379196,40.00323006946469,40.004305453900656
0.10079999999999999,40.0,40.0000000000005,40.00000002173809,40.000002125472335,40.0000262978672,40.0001269154284,40.000369709997514,40.00079756427822,40.00141985120839,40.002220333244104,40.00316934906572,40.004233219662076
0.10103999999999999,40.0,40.00000000000043,40.00000002000461,40.000002002099734,40.000025098043764,40.000122151552674,40.0003579564571,40.00077567554925,40.00138577852841,40.002173331217584,40.003109792804416,40.004162275901656
0.10128,40.0,40.00000000000038,40.00000001840578,40.00000188562445,40.00002395039517,40.00011755680117,40.00034655560314,40.00075435733368,40.001352494821774,40.00212731461676,40.00305138536876,40.00409260839823
0.10151999999999999,40.0,40.00000000000033,40.000000016931416,40.000001775676935,40.000022852781775,40.000113125631934,40.00033549796507,40.00073359689886,40.00131998534967,40.002082267992044,40.00299411164549,40.004024203092584
0.10175999999999999,40.0,40.000000000000284,40.00000001557212,40.00000167190651,40.00002180314606,40.00010885267017,40.000324774304396,40.00071338177216,40.001288235629445,40.00203817612611,40.002937956720054,40.00395704608797
0.102,40.0,40.00000000000025,40.00000001431914,40.00000157398044,40.00002079950967,40.00010473270387,40.00031437561018,40.00069369973741,40.00125723143234,40.00199502403279,40.00288290587641,40.00389112365065
0.10224,40.0,40.00000000000022,40.00000001316442,40.00000148158309,40.00001983997067,40.00010076067956,40.000304293094615,40.00067453883133,40.00122695878112,40.00195279695591,40.00282894459691,40.00382642221037
0.10247999999999999,40.0,40.00000000000019,40.00000001210044,40.000001394415065,40.00001892270082,40.00009693169809,40.00029451818867,40.00065588733998,40.0011974039478,40.00191148036828,40.0027760585621,40.0037629283609
0.10271999999999999,40.0,40.00000000000016,40.00000001112029,40.00000131219244,40.00001804594299,40.000093241010596,40.000285042537755,40.00063773379524,40.00116855345132,40.00187105997044,40.00272423365054,40.00370062886036
0.10296,40.0,40.00000000000014,40.00000001021753,40.000001234646,40.00001720800861,40.000089684014455,40.00027585799754,40.00062006697136,40.00114039405525,40.00183152168957,40.00267345593853,40.00363951063171
0.10319999999999999,40.0,40.00000000000013,40.000000009386234,40.00000116152052,40.00001640727523,40.000086256249425,40.000266956629744,40.000602875881484,40.00111291276548,40.001792851678296,40.00262371169987,40.00357956076313
0.10343999999999999,40.0,40.00000000000011,40.00000000862088,40.00000109257408,40.000015642184145,40.0000829533938,40.00025833069807,40.00058614977427,40.00108609682792,40.00175503631351,40.00257498740559,40.00352076650833
0.10368,40.0,40.00000000000009,40.000000007916384,40.0000010275774,40.00001491123811,40.00007977126072,40.00024997266413,40.00056987813049,40.00105993372621,40.00171806219519,40.002527269723615,40.00346311528693
0.10391999999999998,40.0,40.000000000000085,40.00000000726804,40.0000009663132,40.0000142129991,40.0000767057945,40.000241875183505,40.0005540506597,40.001034411179454,40.001681916145166,40.00248054551847,40.0034065946847
0.10415999999999999,40.0,40.00000000000007,40.00000000667149,40.00000090857567,40.00001354608617,40.0000737530671,40.00023403110186,40.00053865729692,40.00100951713991,40.00164658520591,40.002434801850946,40.00335119245389
0.10439999999999999,40.0,40.000000000000064,40.00000000612271,40.00000085416982,40.00001290917343,40.00007090927464,40.000226433451054,40.00052368819936,40.00098523979078,40.001612056639345,40.00239002597767,40.003296896513476
0.10464,40.0,40.00000000000006,40.00000000561797,40.00000080291097,40.00001230098795,40.00006817073404,40.00021907544542,40.00050913374319,40.00096156754388,40.00157831792555,40.00234620535077,40.00324369494933
0.10487999999999999,40.0,40.00000000000005,40.00000000515384,40.00000075462425,40.00001172030788,40.0000655338797,40.00021195047803,40.00049498452037,40.000938489037466,40.00154535676156,40.00230332761747,40.003191576014494
0.10511999999999999,40.0,40.00000000000004,40.00000000472712,40.00000070914409,40.00001116596057,40.00006299526028,40.00020505211707,40.00048123133543,40.00091599313396,40.00151316106012,40.00226138061964,40.003140528129286
0.10536,40.0,40.000000000000036,40.00000000433489,40.00000066631374,40.00001063682073,40.00006055153554,40.00019837410225,40.000467865202374,40.000894068917724,40.0014817189484,40.002220352393394,40.00309053988152
0.10559999999999999,40.0,40.00000000000003,40.00000000397443,40.00000062598485,40.00001013180872,40.00005819947333,40.00019191034131,40.00045487734164,40.000872705692906,40.00145101876675,40.002180231168566,40.003041600026584
0.10583999999999999,40.0,40.00000000000003,40.00000000364323,40.00000058801704,40.00000964988882,40.00005593594653,40.00018565490656,40.00044225917697,40.00085189298119,40.00142104906744,40.00214100536831,40.00299369748757
0.10608,40.0,40.00000000000002,40.000000003338975,40.00000055227746,40.0000091900676,40.00005375793018,40.000179602031515,40.00043000233247,40.000831620519634,40.0013917986134,40.00210266360856,40.002946821355366
0.10631999999999998,40.0,40.00000000000002,40.00000000305954,40.00000051864045,40.00000875139239,40.000051662498656,40.00017374610756,40.00041809862964,40.00081187825854,40.0013632563769,40.00206519469756,40.002900960888695
0.10655999999999999,40.0,40.000000000000014,40.000000002802935,40.00000048698715,40.0000083329497,40.00004964682284,40.000168081680705,40.00040654008439,40.00079265635925,40.001335411538356,40.0020285876353,40.0028561055142
0.10679999999999999,40.0,40.000000000000014,40.000000002567354,40.00000045720514,40.00000793386376,40.00004770816749,40.00016260344838,40.00039531890424,40.0007739451921,40.001308253484986,40.001992831613045,40.0028122448264
0.10704,40.0,40.000000000000014,40.00000000235112,40.00000042918814,40.00000755329516,40.000045843888586,40.000157306256334,40.00038442748542,40.00075573533423,40.00128177180957,40.001957916012735,40.002769368587785
0.10727999999999999,40.0,40.000000000000014,40.000000002152674,40.000000402835674,40.0000071904394,40.00004405143079,40.000152185095544,40.000373858410086,40.00073801756754,40.001255956309166,40.001923830406454,40.00272746672869
0.10751999999999999,40.0,40.00000000000001,40.0000000019706,40.00000037805276,40.0000068445256,40.00004232832493,40.000147235099234,40.00036360444355,40.00072078287662,40.00123079698385,40.00189056455586,40.00268652934737
0.10776,40.0,40.00000000000001,40.00000000180357,40.000000354749645,40.000006514815276,40.00004067218561,40.000142451539915,40.0003536585316,40.00070402244666,40.001206284035405,40.00185810841158,40.00264654670985
0.10799999999999998,40.0,40.00000000000001,40.00000000165038,40.00000033284151,40.00000620060103,40.00003908070885,40.0001378298265,40.00034401379777,40.00068772766148,40.0011824078661,40.00182645211267,40.0026075092499
0.10823999999999999,40.0,40.00000000000001,40.00000000150991,40.00000031224824,40.00000590120542,40.00003755166979,40.00013336550152,40.00033466354076,40.00067189010146,40.001159159077396,40.001795585985946,40.00256940756894
0.10848,40.0,40.00000000000001,40.000000001381125,40.00000029289416,40.00000561597982,40.00003608292046,40.00012905423832,40.00032560123181,40.000656501541584,40.00113652846869,40.00176550054544,40.002532232435925
0.10872,40.0,40.00000000000001,40.00000000126308,40.000000274707794,40.00000534430331,40.00003467238762,40.00012489183841,40.000316820512175,40.00064155394949,40.00111450703606,40.001736186491726,40.00249597478722
0.10895999999999999,40.0,40.00000000000001,40.00000000115491,40.000000257621664,40.0000050855816,40.00003331807067,40.00012087422878,40.00030831519061,40.00062703948349,40.001093085970965,40.00170763471133,40.00246062572644
0.10919999999999999,40.0,40.0,40.0000000010558,40.00000024157208,40.00000483924603,40.00003201803959,40.000116997459344,40.00030007924093,40.00061295049068,40.00107225665908,40.00167983627606,40.00242617652434
0.10944,40.0,40.0,40.00000000096501,40.00000022649892,40.00000460475261,40.00003077043295,40.00011325770043,40.00029210679958,40.00059927950502,40.00105201067899,40.0016527824424,40.00239261861855
0.10967999999999999,40.0,40.0,40.00000000088186,40.00000021234544,40.00000438158104,40.00002957345601,40.00010965124031,40.000284392163266,40.00058601924549,40.00103233980096,40.00162646465082,40.0023599436135
0.10991999999999999,40.0,40.0,40.00000000080573,40.00000019905814,40.00000416923382,40.00002842537884,40.00010617448278,40.00027692978663,40.00057316261424,40.001013235985724,40.001600874525145,40.00232814328011
0.11016,40.0,40.0,40.00000000073603,40.000000186586526,40.00000396723536,40.000027324534486,40.00010282394485,40.00026971427998,40.00056070269475,40.00099469138326,40.00157600387188,40.00229720955564
0.11039999999999998,40.0,40.0,40.00000000067224,40.00000017488299,40.00000377513116,40.000026269317246,40.00009959625442,40.00026274040703,40.00054863275003,40.00097669833155,40.001551844679554,40.002267134543416
0.11063999999999999,40.0,40.0,40.000000000613866,40.00000016390266,40.000003592487005,40.00002525818094,40.00009648814807,40.000256003082725,40.000536946220905,40.000959249355404,40.00152838911803,40.002237910512584
0.11087999999999999,40.0,40.0,40.00000000056046,40.00000015360324,40.00000341888816,40.00002428963726,40.00009349646888,40.00024949737108,40.000525636724205,40.00094233716525,40.00150562953783,40.002209529897875
0.11112,40.0,40.0,40.00000000051162,40.00000014394486,40.000003253938665,40.00002336225419,40.00009061816431,40.000243218483085,40.000514698051084,40.00092595465594,40.00148355846946,40.00218198529929
0.11135999999999999,40.0,40.0,40.00000000046695,40.000000134889966,40.00000309726057,40.00002247465443,40.00008785028414,40.00023716177464,40.000504124165325,40.000910094905585,40.001462168622716,40.002155269481825
0.11159999999999999,40.0,40.0,40.00000000042611,40.0000001264032,40.00000294849328,40.00002162551392,40.000085189978456,40.00023132274455,40.000493909201694,40.00089475117438,40.001441452885985,40.002129375375205
0.11184,40.0,40.0,40.00000000038879,40.00000011845127,40.00000280729292,40.000020813560376,40.00008263449571,40.00022569703252,40.00048404746427,40.00087991690344,40.00142140432558,40.002104296073504
0.11207999999999999,40.0,40.0,40.00000000035468,40.000000111002834,40.000002673331636,40.000020037571886,40.000080181180785,40.000220280417274,40.00047453342487,40.00086558571368,40.001402016185025,40.002080024834854
0.11231999999999999,40.0,40.0,40.000000000323524,40.00000010402841,40.000002546297054,40.00001929637557,40.00007782747319,40.00021506881466,40.000465361721474,40.00085175140464,40.001383281884344,40.00205655508112
0.11256,40.0,40.0,40.00000000029507,40.000000097500276,40.00000242589165,40.00001858884627,40.000075570905246,40.0002100582758,40.00045652715664,40.000838407953395,40.001365195019375,40.00203388039751
0.11279999999999998,40.0,40.0,40.00000000026908,40.00000009139236,40.000002311832226,40.00001791390525,40.00007340910033,40.0002052449853,40.00044802469605,40.00082554951343,40.001347749361074,40.00201199453226
0.11303999999999999,40.0,40.0,40.000000000245365,40.000000085680156,40.00000220384936,40.00001727051906,40.000071339771225,40.00020062525954,40.00043984946692,40.00081317041356,40.001330938854814,40.001990891396204
0.11327999999999999,40.0,40.0,40.00000000022373,40.000000080340676,40.00000210168693,40.00001665769826,40.000069360718456,40.00019619554489,40.00043199675666,40.000801265156795,40.001314757619646,40.00197056506246
0.11352,40.0,40.0,40.00000000020399,40.00000007535232,40.000002005101564,40.00001607449638,40.0000674698287,40.000191952416145,40.00042446201133,40.00078982841935,40.00129919994764,40.00195100976597
0.11375999999999999,40.0,40.0,40.000000000186,40.00000007069481,40.000001913862235,40.00001552000878,40.000065665073265,40.000187892574864,40.000417240834324,40.00077885504949,40.00128426030315,40.00193221990314
0.11399999999999999,40.0,40.0,40.00000000016959,40.000000066349166,40.0000018277498,40.000014993371614,40.00006394450661,40.0001840128478,40.00041032898494,40.00076834006657,40.001269933322135,40.001914190031414
0.11424,40.0,40.0,40.00000000015466,40.00000006229757,40.000001746556556,40.000014493760844,40.000062306264894,40.00018031018537,40.000403722377065,40.00075827865995,40.0012562138114,40.00189691486883
0.11447999999999998,40.0,40.0,40.00000000014105,40.00000005852338,40.00000167008587,40.00001402039125,40.00006074856461,40.000176781660215,40.000397417077856,40.00074866618799,40.001243096747956,40.001880389293625
0.11471999999999999,40.0,40.0,40.00000000012868,40.000000055011,40.00000159815177,40.00001357251553,40.000059269701225,40.000173424465714,40.00039140930646,40.00073949817706,40.001230577278285,40.001864608343766
0.11495999999999999,40.0,40.0,40.000000000117424,40.000000051745864,40.0000015305786,40.00001314942338,40.00005786804791,40.00017023591461,40.000385695432755,40.000730770320544,40.00121865071762,40.00184956721649
0.1152,40.0,40.0,40.0000000001072,40.000000048714384,40.000001467200654,40.00001275044069,40.00005654205431,40.00016721343768,40.00038027197614,40.00072247847786,40.001207312549276,40.00183526126787
0.11543999999999999,40.0,40.0,40.00000000009792,40.000000045903896,40.000001407861866,40.00001237492871,40.000055290245335,40.000164354582395,40.000375135604344,40.000714618673506,40.00119655842394,40.00182168601234
0.11567999999999999,40.0,40.0,40.000000000089514,40.00000004330259,40.00000135241549,40.00001202228327,40.000054111220024,40.000161657011695,40.00037028313225,40.00070718709612,40.00118638415894,40.0018088371222
0.11592,40.0,40.0,40.0000000000819,40.00000004089952,40.000001300723795,40.00001169193407,40.00005300365045,40.000159118502744,40.000365711520786,40.000700180097546,40.0011767857376,40.001796710427136
0.11615999999999999,40.0,40.0,40.00000000007501,40.000000038684526,40.00000125265783,40.00001138334395,40.000051966280665,40.00015673694576,40.00036141787581,40.00069359419193,40.001167759308494,40.00178530191374
0.11639999999999999,40.0,40.0,40.0000000000688,40.00000003664819,40.0000012080971,40.00001109600827,40.00005099792571,40.000154510342895,40.000357399447054,40.00068742605482,40.00115930118479,40.001774607725004
0.11664,40.0,40.0,40.00000000006321,40.00000003478183,40.00000116692939,40.00001082945423,40.00005009747064,40.00015243680715,40.000353653627094,40.00068167252226,40.00115140784354,40.00176462415979
0.11687999999999998,40.0,40.0,40.000000000058186,40.00000003307746,40.00000112905045,40.00001058324032,40.000049263869634,40.00015051456129,40.0003501779503,40.00067633058998,40.00114407592499,40.00175534767233
0.11711999999999999,40.0,40.0,40.0000000000537,40.000000031527755,40.00000109436389,40.000010356955706,40.0000484961451,40.000148741936904,40.00034697009193,40.00067139741249,40.00113730223189,40.001746774871705
0.11735999999999999,40.0,40.0,40.0000000000497,40.00000003012601,40.00000106278085,40.00001015021979,40.000047793386884,40.00014711737339,40.00034402786712,40.00066687030227,40.00113108372884,40.00173890252131
0.1176,40.0,40.0,40.00000000004616,40.00000002886615,40.00000103421994,40.00000996268162,40.00004715475147,40.00014563941706,40.00034134923001,40.00066274672895,40.00112541754156,40.00173172753829
0.11783999999999999,40.0,40.0,40.00000000004304,40.00000002774267,40.000001008606986,40.0000097940195,40.00004657946127,40.00014430672029,40.00033893227284,40.000659024318516,40.001120300956245,40.00172524699303
0.11807999999999999,40.0,40.0,40.00000000004032,40.00000002675064,40.00000098587489,40.00000964394053,40.00004606680389,40.0001431180406,40.000336775225115,40.00065570085251,40.00111573141889,40.00171945810858
0.11832,40.0,40.0,40.00000000003798,40.00000002588568,40.00000096596351,40.00000951218021,40.000045616131544,40.000142072239974,40.00033487645277,40.00065277426727,40.00111170653459,40.00171435826009
0.11855999999999998,40.0,40.0,40.00000000003598,40.00000002514394,40.00000094881949,40.00000939850211,40.00004522686041,40.00014116828403,40.00033323445736,40.00065024265319,40.0011082240669,40.00170994497426
0.11879999999999999,40.0,40.0,40.000000000034326,40.00000002452208,40.000000934396176,40.00000930269747,40.00004489847008,40.00014040524134,40.000331847875344,40.00064810425391,40.001105281937136,40.00170621592875
0.11903999999999999,40.0,40.0,40.00000000003299,40.00000002401726,40.00000092265349,40.00000922458497,40.00004463050305,40.00013978228275,40.000330715477325,40.000646357465726,40.00110287822377,40.0017031689516
0.11927999999999998,40.0,40.0,40.00000000003197,40.00000002362715,40.000000913557855,40.000009164010415,40.00004442256423,40.000139298680764,40.000329836167325,40.00064500083675,40.00110101116168,40.00170080202066
0.11951999999999999,40.0,40.0,40.00000000003124,40.00000002334988,40.00000090708209,40.00000912084651,40.00004427432054,40.000138953808964,40.000329208982166,40.00064403306631,40.00109967914159,40.001699113262966
0.11975999999999999,40.0,40.0,40.00000000003081,40.000000023184064,40.000000903205354,40.00000909499262,40.00004418550047,40.00013874714142,40.0003288330908,40.00064345300424,40.00109888070933,40.001698100954165
0.12,40.0,40.0,40.00000000003067,40.0000000231288,40.00000090191311,40.00000908637466,40.00004415589378,40.00013867825224,40.00032870779367,40.00064325965021,40.001098614565244,40.0016977635179
